00000000
00000000
00000000
00000000
00000000
00000000
0001ffff
0000ffff
0000ffff
ffffffff
ffffffff
ffffffff
fffe0000
fffe0001
fffe0002
ffff0003
00000004
00020004
00030003
00050002
00060000
0006fffd
0005fffb
0003fff9
0000fff7
fffcfff7
fff9fff9
fff6fffc
fff40000
fff40005
fff70009
fffa000e
00000010
0006000f
000c000c
00110007
00140000
0013fff8
0010fff0
0009ffeb
0000ffe8
fff6ffe9
ffedffed
ffe6fff5
ffe30000
ffe4000c
ffe90017
fff3001f
00000022
000e0021
001b001b
0024000f
00290000
0027fff0
001fffe1
0011ffd6
0000ffd1
ffedffd3
ffdcffdc
ffd0ffec
ffca0000
ffcc0015
ffd70029
ffe90037
0000003e
0018003a
002f002f
003e001a
00460000
0042ffe5
0034ffcc
001dffba
0000ffb2
ffe1ffb6
ffc6ffc6
ffb2ffe0
ffa90000
ffae0022
ffbf0041
ffdc0056
00000060
0025005b
00480048
00600027
006a0000
0064ffd7
004fffb1
002bff97
0000ff8c
ffd3ff93
ffa9ffa9
ff8effd1
ff810000
ff890031
ffa2005e
ffcc007d
0000008a
00360082
00670067
00880038
00960000
008dffc6
006fff91
003dff6d
0000ff5d
ffc1ff68
ff88ff88
ff62ffbf
ff510000
ff5c0044
ff7f0081
ffba00aa
000000bc
004900b1
008b008b
00b7004b
00ca0000
00bdffb2
0095ff6b
0051ff3c
0000ff28
ffadff36
ff61ff61
ff2fffaa
ff190000
ff280059
ff5700a9
ffa400df
000000f6
005f00e6
00b400b4
00ed0062
01060000
00f4ff9b
00bfff41
0068ff04
0000feeb
ff95fefd
ff35ff35
fef5ff92
feda0000
feed0071
ff2900d7
ff8b011a
00000137
00780122
00e300e3
012a007b
01480000
0132ff82
00f0ff10
0082fec5
0000fea6
ff7bfebd
ff04ff04
feb5ff77
fe930000
feac008c
fef6010a
ff70015d
00000180
00940165
01170117
016e0097
01930000
0177ff65
0125fedb
009ffe7f
0000fe59
ff5efe77
fecdfecd
fe6dff5a
fe450000
fe6300aa
febe0142
ff5201a6
000001cf
00b201af
01510151
01b900b6
01e50000
01c3ff46
0160fea0
00befe33
0000fe06
ff3efe29
fe91fe91
fe1fff39
fdef0000
fe1400cb
fe81017f
ff3101f6
00000227
00d40200
018f018f
020b00d8
023e0000
0215ff24
01a0fe60
00e1fde0
0000fdaa
ff1bfdd4
fe4ffe4f
fdcaff16
fd920000
fdbf00ee
fe3e01c2
ff0d024d
00000286
00f80258
01d401d4
026400fd
029f0000
026ffeff
01e5fe1b
0106fd85
0000fd48
fef5fd7a
fe08fe08
fd6efef0
fd2e0000
fd610115
fdf6020a
fee602aa
000002ec
011f02b6
021d021d
02c30124
03070000
02cffed7
0230fdd0
012efd24
0000fcde
fecdfd18
fdbdfdbd
fd0bfec7
fcc20000
fcfe013e
fda90257
febd030f
0000035a
0149031c
026b026b
0329014e
03760000
0336feac
0280fd80
0159fcbd
0000fc6d
fea1fcaf
fd6cfd6c
fca1fe9c
fc4f0000
fc95016a
fd5702a9
fe90037a
000003ce
01750387
02be02be
0395017b
03ed0000
03a4fe7f
02d4fd2c
0186fc4f
0000fbf5
fe74fc40
fd16fd16
fc32fe6e
fbd60000
fc240198
fd000300
fe6203eb
0000044a
01a403fa
03170317
040801aa
046a0000
0417fe4f
032efcd2
01b7fbda
0000fb75
fe43fbcb
fcbbfcbb
fbbbfe3d
fb550000
fbac01c9
fca3035d
fe300463
000004cd
01d60473
03750375
048201dc
04ef0000
0491fe1d
038dfc73
01eafb5f
0000faef
fe10fb4f
fc5bfc5b
fb3ffe09
facd0000
fb2f01fd
fc4203be
fdfc04e1
00000556
020b04f2
03d703d7
05020211
057a0000
0512fde8
03f0fc10
021ffadd
0000fa62
fddafacc
fbf6fbf6
fabcfdd3
fa3e0000
faab0234
fbdc0424
fdc50566
000005e8
02420577
043e043e
05880249
060c0000
0599fdb0
0459fba7
0257fa56
0000f9ce
fda1fa44
fb8cfb8c
fa32fd9a
f9a80000
fa21026d
fb71048f
fd8c05f1
0000067f
027c0603
04aa04aa
06150283
06a60000
0627fd76
04c6fb3a
0292f9c7
0000f933
fd67f9b5
fb1efb1e
f9a3fd5f
f90b0000
f99102a8
fb0104ff
fd500682
0000071d
02b80695
051b051b
06a702c0
07460000
06bafd39
0538fac8
02cff933
0000f892
fd29f920
faaafaaa
f90dfd21
f8680000
f8fa02e7
fa8d0573
fd110719
000007c2
02f7072c
05910591
074002ff
07ec0000
0754fcf9
05affa51
030ff899
0000f7e9
fce9f885
fa33fa33
f871fce1
f7be0000
f85e0327
fa1405ec
fcd007b6
0000086d
033807cb
060b060b
07df0340
08990000
07f3fcb8
062bf9d5
0351f7f8
0000f73b
fca7f7e4
f9b6f9b6
f7cffc9e
f70e0000
f7bb036a
f996066a
fc8d085a
0000091f
037c086e
068a068a
08830384
094c0000
0898fc73
06aaf956
0396f752
0000f686
fc62f73d
f935f935
f728fc59
f6570000
f71303b0
f91406ec
fc470902
000009d7
03c20918
070d070d
092e03ca
0a060000
0943fc2d
072ff8d1
03ddf6a7
0000f5cb
fc1af691
f8aff8af
f67bfc11
f59b0000
f66503f8
f88e0772
fbff09b1
00000a95
040a09c7
07950795
09de0413
0ac60000
09f4fbe4
07b7f849
0426f5f5
0000f50a
fbd1f5df
f826f826
f5c8fbc7
f4d90000
f5b10442
f80307fd
fbb50a66
00000b59
04550a7d
08210821
0a94045e
0b8b0000
0aabfb98
0844f7bc
0471f53e
0000f443
fb85f527
f798f798
f510fb7b
f4100000
f4f8048e
f774088c
fb680b1f
00000c24
04a20b37
08b108b1
0b4e04ac
0c570000
0b66fb4b
08d5f72b
04bff481
0000f375
fb37f46a
f705f705
f452fb2d
f3410000
f43a04dd
f6e00920
fb190bde
00000cf4
04f10bf7
09450945
0c0f04fb
0d290000
0c27fafb
096bf695
050ff3c0
0000f2a2
fae7f3a8
f670f670
f38efadc
f26c0000
f376052e
f64909b7
fac80ca3
00000dca
05420cbc
09dd09dd
0cd5054d
0e000000
0ceefaa9
0a04f5fc
0562f2f9
0000f1ca
fa94f2e0
f5d5f5d5
f2c7fa8a
f1920000
f2ad0581
f5ae0a52
fa750d6c
00000ea5
05960d86
0a790a79
0d9f05a0
0edd0000
0db9fa55
0aa1f55f
05b6f22d
0000f0eb
fa3ff213
f537f537
f1f9fa35
f0b30000
f1df05d6
f50f0af1
fa1f0e3b
00000f86
05ec0e55
0b1a0b1a
0e6f05f6
0fbf0000
0e8af9ff
0b42f4be
060cf15c
0000f008
f9e9f142
f495f495
f127f9de
efce0000
f10d062d
f46c0b94
f9c80f0f
0000106c
06430f29
0bbd0bbd
0f44064e
10a70000
0f5ff9a7
0be7f419
0664f086
0000ef1f
f990f06b
f3eff3ef
f050f985
eee40000
f0350686
f3c50c3b
f96f0fe6
00001157
069c1002
0c650c65
101e06a8
11930000
1039f94d
0c90f370
06bfefac
0000ee31
f936ef90
f346f346
ef74f92b
edf40000
ef5806e1
f31b0ce5
f91310c4
00001248
06f810e0
0d100d10
10fb0704
12850000
1118f8f1
0d3bf2c5
071beecc
0000ed3e
f8d9eeb0
f299f299
ee94f8ce
ed010000
ee77073e
f26d0d93
f8b611a5
0000133d
075511c1
0dbf0dbf
11de0761
137b0000
11faf893
0debf215
0779ede9
0000ec47
f87bedcc
f1e9f1e9
edb0f86f
ec080000
ed92079d
f1bc0e44
f857128b
00001437
07b412a7
0e700e70
12c507c1
14760000
12e2f834
0e9ef162
07d9ed01
0000eb4a
f81bece3
f135f135
ecc7f80f
eb0a0000
eca907fd
f1080ef8
f7f71374
00001536
08161392
0f260f26
13b00822
15760000
13cdf7d2
0f54f0ac
083aec15
0000ea49
f7b9ebf7
f07ef07e
ebdaf7ad
ea090000
ebbb085f
f0500fb0
f7941463
00001639
08781480
0fde0fde
149f0884
167a0000
14bdf76f
100deff3
089deb25
0000e944
f756eb07
efc4efc4
eae8f74a
e9020000
eaca08c3
ef96106a
f7311554
00001740
08dc1573
10991099
159108e9
17830000
15b0f70b
10c9ef37
0902ea31
0000e83b
f6f1ea12
ef08ef08
e9f4f6e5
e7f80000
e9d50928
eed81128
f6cb164a
0000184c
0942166a
11581158
1689094f
188f0000
16a8f6a5
1188ee78
0968e939
0000e72d
f68be91a
ee48ee48
e8fbf67e
e6e90000
e8db098f
ee1811e8
f6641744
0000195b
09a91763
12191219
178309b6
199f0000
17a2f63d
124aedb6
09d0e83e
0000e61c
f623e81e
ed86ed86
e7fff616
e5d70000
e7df09f7
ed5512ab
f5fc1841
00001a6e
0a121861
12dd12dd
18810a1f
1ab30000
18a1f5d4
130eecf2
0a39e73f
0000e507
f5b9e71f
ecc1ecc1
e6fff5ac
e4c10000
e6df0a61
ec8f1371
f5921941
00001b85
0a7c1962
13a313a3
19820a89
1bcc0000
19a2f56a
13d5ec2b
0aa4e63d
0000e3ee
f54fe61d
ebf9ebf9
e5fcf541
e3a80000
e5dc0acc
ebc71439
f5261a45
00001c9f
0ae71a66
146b146b
1a860af5
1ce60000
1aa7f4fe
149eeb62
0b10e539
0000e2d2
f4e3e517
eb2feb2f
e4f6f4d5
e28b0000
e4d50b39
eafc1504
f4ba1b4c
00001dbd
0b541b6d
15371537
1b8e0b62
1e050000
1baff491
156aea96
0b7de430
0000e1b3
f475e40f
ea63ea63
e3eef468
e16b0000
e3cc0ba6
ea2f15d1
f44c1c55
00001ede
0bc11c76
16041604
1c980bcf
1f260000
1cb9f423
1638e9c8
0bebe325
0000e091
f407e304
e995e995
e2e3f3f9
e0480000
e2c10c15
e961169f
f3dd1d61
00002001
0c301d83
16d316d3
1da50c3e
204a0000
1dc6f3b4
1707e8f9
0c5ae218
0000df6b
f398e1f6
e8c4e8c4
e1d4f38a
df220000
e1b30c84
e8901770
f36e1e70
00002128
0ca01e92
17a517a5
1eb40cae
21720000
1ed6f343
17d9e827
0ccbe108
0000de44
f327e0e6
e7f2e7f2
e0c4f319
ddfa0000
e0a10cf5
e7bd1843
f2fd1f81
00002251
0d111fa4
18781878
1fc50d1f
229b0000
1fe8f2d2
18ade753
0d3cdff6
0000dd1a
f2b6dfd3
e71ee71e
dfb1f2a8
dccf0000
df8e0d67
e6e91917
f28b2094
0000237c
0d8320b7
194d194d
20d90d91
23c70000
20fcf260
1982e67e
0daedee1
0000dbed
f244debe
e648e648
de9cf235
dba20000
de790dd9
e61319ed
f21821aa
000024aa
0df621cc
1a231a23
21f00e04
24f60000
2212f1ed
1a59e5a7
0e21ddcb
0000dabe
f1d0dda8
e571e571
dd85f1c2
da720000
dd620e4c
e53b1ac5
f1a522c1
000025da
0e6922e4
1afb1afb
23070e78
26260000
232af17a
1b31e4cf
0e95dcb2
0000d98e
f15ddc8f
e499e499
dc6cf14e
d9410000
dc490ec1
e4631b9d
f13123da
0000270b
0ede23fe
1bd41bd4
24210eec
27580000
2444f105
1c0be3f5
0f09db99
0000d85b
f0e8db75
e3bfe3bf
db52f0da
d80e0000
db2e0f35
e3891c77
f0bc24f5
0000283f
0f522518
1cae1cae
253c0f61
288c0000
255ff090
1ce5e31b
0f7eda7d
0000d727
f073da5a
e2e4e2e4
da36f064
d6da0000
da120faa
e2ad1d53
f0472611
00002974
0fc82635
1d8a1d8a
26580fd6
29c10000
267cf01b
1dc1e23f
0ff4d961
0000d5f2
effdd93d
e208e208
d919efee
d5a30000
d8f61020
e1d11e2f
efd1272e
00002aaa
103e2752
1e661e66
2776104d
2af70000
2799efa5
1e9de163
106ad843
0000d4bb
ef87d81f
e12be12b
d7fbef78
d46d0000
d7d71097
e0f41f0c
ef5b284c
00002be1
10b42870
1f431f43
289410c3
2c2f0000
28b8ef2e
1f7be085
10e0d724
0000d383
ef11d700
e04ee04e
d6dcef02
d3350000
d6b8110d
e0171fe9
eee4296c
00002d19
112b2990
20212021
29b41139
2d670000
29d8eeb8
2058dfa8
1157d605
0000d24a
ee9ad5e1
df70df70
d5bdee8b
d1fc0000
d5981184
df3820c8
ee6d2a8c
00002e53
11a22ab0
20ff20ff
2ad411b1
2ea10000
2af8ee41
2137dec9
11ced4e4
0000d111
ee23d4c0
de92de92
d49cee14
d0c20000
d47811fb
de5a21a6
edf62bac
00002f8c
12192bd0
21de21de
2bf41228
2fda0000
2c19edc9
2216ddea
1246d3c3
0000cfd7
edacd39f
ddb3ddb3
d37bed9d
cf890000
d3571272
dd7b2285
ed7f2ccd
000030c6
12902cf1
22bd22bd
2d15129f
31140000
2d3aed52
22f5dd0b
12bdd2a2
0000ce9d
ed34d27e
dcd4dcd4
d25bed25
ce4f0000
d23612ea
dc9c2364
ed072dee
00003200
13072e12
239c239c
2e361316
324f0000
2e5becdb
23d4dc2c
1334d181
0000cd63
ecbdd15e
dbf5dbf5
d13aecae
cd140000
d1151361
dbbd2443
ec902f0f
0000333a
137f2f33
247b247b
2f57138e
33890000
2f7cec63
24b3db4d
13acd061
0000cc29
ec46d03d
db16db16
d019ec37
cbda0000
cff413d8
dade2522
ec193030
00003474
13f63054
255a255a
30781405
34c20000
309cebec
2592da6e
1423cf40
0000caef
ebcecf1c
da37da37
cef8ebbf
caa10000
ced4144f
d9ff2601
eba23150
000035ad
146d3174
26382638
3198147c
35fc0000
31bdeb75
2670d990
149ace1f
0000c9b6
eb57cdfb
d958d958
cdd8eb48
c9670000
cdb414c7
d92126df
eb2b3270
000036e7
14e43294
27172717
32b814f3
37350000
32dceafe
274ed8b2
1511cd00
0000c87d
eae0ccdc
d87ad87a
ccb8ead2
c82f0000
cc94153d
d84327bd
eab43390
0000381f
155b33b4
27f427f4
33d7156a
386d0000
33fbea88
282bd7d5
1587cbe1
0000c745
ea6acbbd
d79dd79d
cb99ea5b
c6f70000
cb7615b3
d766289a
ea3e34ae
00003956
15d134d2
28d128d1
34f615e0
39a30000
3519ea11
2908d6f8
15fdcac3
0000c60e
e9f4ca9f
d6c1d6c1
ca7ce9e5
c5c10000
ca58162a
d6892977
e9c835cb
00003a8c
164735ef
29ad29ad
36121656
3ada0000
3636e99c
29e4d61c
1673c9a6
0000c4d9
e97ec982
d5e5d5e5
c95fe970
c48c0000
c93c169f
d5ae2a52
e95236e8
00003bc1
16bc370b
2a892a89
372e16cb
3c0e0000
3752e926
2abfd541
16e8c88b
0000c3a5
e909c867
d50bd50b
c844e8fb
c3580000
c8211714
d4d42b2c
e8de3802
00003cf5
17313826
2b632b63
3849173f
3d410000
386ce8b2
2b99d467
175dc771
0000c272
e895c74e
d431d431
c72ae886
c2260000
c7071788
d3fb2c05
e869391c
00003e26
17a5393f
2c3b2c3b
396217b4
3e720000
3985e83e
2c71d38f
17d0c658
0000c141
e821c635
d359d359
c612e813
c0f60000
c5f017fc
d3232cdd
e7f63a34
00003f56
18183a56
2d132d13
3a791827
3fa20000
3a9ce7cb
2d48d2b8
1844c542
0000c013
e7aec51f
d282d282
c4fce7a0
bfc70000
c4d9186f
d24d2db3
e7833b49
00004084
188b3b6c
2de92de9
3b8e1899
40cf0000
3bb1e758
2e1ed1e2
18b6c42d
0000bee6
e73cc40a
d1add1ad
c3e8e72e
be9b0000
c3c518e1
d1782e88
e7113c5c
000041af
18fd3c7f
2ebd2ebd
3ca1190b
41fa0000
3cc4e6e7
2ef2d10e
1927c31a
0000bdbc
e6cbc2f8
d0d9d0d9
c2d6e6bd
bd720000
c2b41952
d0a52f5b
e6a03d6e
000042d9
196e3d90
2f902f90
3db3197c
43220000
3dd4e676
2fc4d03c
1998c20a
0000bc95
e65ac1e8
d007d007
c1c6e64c
bc4a0000
c1a519c2
cfd3302d
e6303e7d
000043ff
19de3e9f
30613061
3ec119eb
44480000
3ee3e607
3095cf6b
1a07c0fc
0000bb6f
e5ebc0db
cf38cf38
c0b9e5dd
bb260000
c0981a31
cf0430fc
e5c13f8a
00004522
1a4c3fab
312f312f
3fcc1a5a
456b0000
3feee598
3163ce9d
1a76bff1
0000ba4d
e57dbfd0
ce6ace6a
bfafe56f
ba050000
bf8e1a9e
ce3731c9
e5544093
00004643
1aba40b4
31fc31fc
40d51ac7
468b0000
40f6e52b
322fcdd1
1ae3bee8
0000b92e
e510bec7
cd9ecd9e
bea7e502
b8e60000
be861b0b
cd6b3295
e4e7419a
00004761
1b2641bb
32c732c7
41dc1b34
47a80000
41fce4bf
32f9cd07
1b4fbde3
0000b812
e4a4bdc3
ccd5ccd5
bda2e496
b7cc0000
bd821b77
cca3335d
e47c429f
0000487b
1b9242bf
338f338f
42df1b9f
48c10000
42ffe454
33c1cc3f
1bb9bce1
0000b6f9
e439bcc0
cc0ecc0e
bca1e42c
b6b30000
bc811be1
cbdd3423
e412439f
00004992
1bfc43bf
34553455
43df1c09
49d70000
43ffe3ea
3486cb7a
1c23bbe2
0000b5e4
e3d0bbc2
cb4acb4a
bba2e3c3
b59f0000
bb831c4a
cb1934e7
e3a9449d
00004aa5
1c6444bc
35183518
44db1c71
4ae90000
44fbe382
3548cab8
1c8bbae6
0000b4d3
e368bac6
ca88ca88
baa8e35b
b48f0000
ba891cb1
ca5835a8
e3424596
00004bb4
1ccb45b6
35d835d8
45d51cd8
4bf80000
45f4e31b
3608c9f8
1cf1b9ee
0000b3c5
e302b9cf
c9c9c9c9
b9b0e2f5
b3830000
b9911d17
c9993667
e2dc468d
00004cc0
1d3146ac
36963696
46ca1d3d
4d020000
46e8e2b6
36c4c93c
1d56b8f9
0000b2bc
e29db8db
c90dc90d
b8bde291
b27a0000
b89e1d7c
c8de3722
e2784780
00004dc7
1d94479d
37503750
47bb1da1
4e090000
47dae253
377ec882
1dbab809
0000b1b7
e23ab7eb
c854c854
b7cde22e
b1760000
b7b01dde
c82637da
e216486e
00004eca
1df7488c
38083808
48a91e03
4f0a0000
48c7e1f1
3835c7cb
1e1bb71d
0000b0b6
e1d9b6ff
c79ec79e
b6e2e1cc
b0760000
b6c51e3f
c7703890
e1b44959
00004fc9
1e574975
38bc38bc
49921e63
50080000
49b0e191
38e9c717
1e7bb634
0000afb9
e179b617
c6ebc6eb
b5fae16d
af7b0000
b5de1e9f
c6bf3941
e1554a3f
000050c3
1eb64a5b
396d396d
4a771ec2
51010000
4a94e132
3999c667
1ed9b550
0000aec2
e11bb534
c63bc63b
b518e10f
ae850000
b4fb1efd
c61039f0
e0f84b20
000051b8
1f134b3c
3a1b3a1b
4b581f1f
51f40000
4b74e0d5
3a46c5ba
1f36b470
0000adcf
e0bfb454
c590c590
b439e0b3
ad930000
b41e1f58
c5653a9b
e09c4bfe
000052a9
1f6f4c1a
3ac53ac5
4c351f7a
52e40000
4c50e07b
3aefc511
1f90b395
0000ace1
e064b37a
c4e7c4e7
b35fe059
aca60000
b3441fb2
c4bd3b43
e0434cd7
00005394
1fc84cf1
3b6c3b6c
4d0d1fd3
53ce0000
4d27e022
3b95c46b
1fe9b2be
0000abf8
e00cb2a4
c442c442
b28ae001
abbf0000
b26f200a
c41a3be6
dfec4dab
0000547a
201f4dc5
3c0f3c0f
4ddf202a
54b30000
4df9dfcb
3c37c3c9
2040b1ed
0000ab15
dfb6b1d3
c3a1c3a1
b1b9dfab
aadd0000
b19f2060
c3793c87
df964e7a
0000555b
20754e94
3cae3cae
4ead207f
55920000
4ec7df76
3cd5c32b
2094b120
0000aa36
df61b107
c304c304
b0eedf57
aa000000
b0d520b3
c2dd3d23
df424f44
00005636
20c84f5d
3d493d49
4f7620d2
566c0000
4f8fdf24
3d70c290
20e7b058
0000a95e
df0fb040
c26bc26b
b027df05
a9290000
b00f2105
c2453dbb
def15009
0000570c
21195022
3de03de0
503a2123
57410000
5052ded3
3e05c1fb
2137af96
0000a88b
debfaf7f
c1d5c1d5
af66deb5
a8570000
af4e2154
c1b13e4f
dea250c9
000057dc
216850e1
3e743e74
50f82172
58100000
5110de85
3e98c168
2185aed9
0000a7bd
de71aec2
c144c144
aeabde68
a78b0000
ae9421a2
c1213edf
de555183
000058a7
21b5519a
3f033f03
51b121be
58d90000
51c8de39
3f26c0da
21d1ae21
0000a6f6
de26ae0b
c0b7c0b7
adf4de1c
a6c60000
adde21ed
c0953f6b
de0a5239
0000596b
21ff524f
3f8e3f8e
52652208
599b0000
527bddef
3fafc051
221bad6f
0000a635
ddddad59
c02fc02f
ad43ddd3
a6060000
ad2e2236
c00d3ff3
ddc252e8
00005a29
224752fe
40144014
53132250
5a570000
5328dda7
4035bfcb
2262acc2
0000a57a
dd96acae
bfaabfaa
ac98dd8d
a54c0000
ac83227c
bf8a4076
dd7c5392
00005ae1
228d53a6
40964096
53bb2296
5b0e0000
53cfdd62
40b6bf4a
22a7ac1c
0000a4c5
dd51ac08
bf2bbf2b
abf3dd48
a4990000
abdf22c0
bf0b40f5
dd385435
00005b93
22d0544a
41144114
545e22d9
5bbe0000
5471dd1f
4133becd
22e9ab7b
0000a417
dd0fab67
beafbeaf
ab54dd07
a3ec0000
ab402301
be91416f
dcf754d4
00005c3e
231254e7
418d418d
54fa2319
5c680000
550ddcdf
41aabe56
2329aae0
0000a36e
dccfaacd
be38be38
aabadcc7
a3460000
aaa72340
be1b41e5
dcb8556b
00005ce3
2350557e
42014201
55912358
5d0b0000
55a3dca1
421ebde2
2367aa4b
0000a2cd
dc92aa39
bdc6bdc6
aa27dc8a
a2a60000
aa15237d
bdaa4256
dc7c55fd
00005d82
238c560f
42714271
56212393
5da80000
5632dc66
428cbd74
23a1a9bc
0000a232
dc57a9aa
bd59bd59
a999dc50
a20c0000
a98823b7
bd3e42c2
dc425689
00005e18
23c5569a
42dc42dc
56ab23cc
5e3e0000
56bcdc2d
42f6bd0a
23daa934
0000a19e
dc1fa923
bcf0bcf0
a912dc18
a17a0000
a90223ef
bcd74329
dc0b570e
00005eaa
23fc571f
43424342
572f2403
5ecd0000
573fdbf7
435bbca5
2410a8b1
0000a111
dbeaa8a1
bc8dbc8d
a891dbe3
a0ee0000
a8822424
bc75438b
dbd6578e
00005f33
2430579d
43a343a3
57ac2437
5f550000
57bcdbc3
43bbbc45
2443a835
0000a08a
dbb7a826
bc2ebc2e
a817dbb1
a06a0000
a8082456
bc1743e9
dba45806
00005fb6
24625815
44004400
58242468
5fd60000
5832db92
4416bbea
2474a7c0
0000a00b
db86a7b1
bbd4bbd4
a7a3db81
9fed0000
a7952485
bbbe4442
db755879
00006032
24905886
44574457
58952496
604f0000
58a2db64
446cbb94
24a1a751
00009f93
db59a743
bb80bb80
a736db54
9f760000
a72924b2
bb6b4495
db4958e4
000060a6
24bd58f1
44a944a9
58fe24c2
60c20000
590bdb39
44bdbb43
24cda6e8
00009f22
db2ea6dc
bb30bb30
a6cfdb29
9f070000
a6c324dc
bb1d44e3
db1f594a
00006114
24e65956
44f644f6
596124eb
612e0000
596edb10
4508baf8
24f5a686
00009eb8
db06a67b
bae5bae5
a66fdb01
9e9f0000
a6642503
bad4452c
daf859a8
0000617a
250d59b3
453e453e
59bf2512
61920000
59cadaea
454fbab1
251ba62c
00009e56
dae1a620
baa0baa0
a615dadc
9e3e0000
a60b2528
ba8f4571
dad45a00
000061d9
25315a0a
45814581
5a142535
61ef0000
5a1fdac7
4591ba6f
253ea5d7
00009dfa
dabea5cd
ba60ba60
a5c3daba
9de50000
a5b9254a
ba5145af
dab25a51
00006231
25525a5a
45be45be
5a632556
62450000
5a6edaa6
45cdba33
255ea589
00009da7
da9fa581
ba25ba25
a577da9b
9d930000
a56e2569
ba1745e9
da945a9b
00006280
25705aa3
45f645f6
5aac2574
62930000
5ab5da89
4604b9fc
257ba543
00009d5a
da82a53b
b9f0b9f0
a532da7e
9d480000
a52a2585
b9e3461d
da785ade
000062c9
258b5ae6
46294629
5aed258f
62da0000
5af5da6e
4635b9cb
2595a503
00009d15
da68a4fc
b9bfb9bf
a4f4da65
9d060000
a4ed259e
b9b4464c
da5f5b1a
0000630a
25a45b21
46574657
5b2825a7
63190000
5b2fda56
4661b99f
25ada4ca
00009cd8
da51a4c3
b995b995
a4bdda4e
9cca0000
a4b725b5
b98b4675
da495b4f
00006344
25ba5b56
467f467f
5b5c25bc
63510000
5b62da41
4688b978
25c1a498
00009ca2
da3da493
b96fb96f
a48dda3a
9c960000
a48825c8
b9674699
da365b7e
00006376
25cc5b83
46a246a2
5b8925cf
63810000
5b8eda2f
46a9b957
25d3a46d
00009c74
da2ba469
b94fb94f
a464da29
9c6a0000
a46025d9
b94846b8
da255ba5
000063a0
25dc5baa
46bf46bf
5bae25de
63a90000
5bb2da20
46c6b93a
25e1a44a
00009c4e
da1da446
b934b934
a442da1b
9c460000
a43e25e6
b92f46d1
da185bc6
000063c2
25e95bc9
46d746d7
5bcc25eb
63ca0000
5bd0da14
46dcb924
25eda42d
00009c2f
da11a42a
b91fb91f
a427da10
9c290000
a42425f1
b91b46e5
da0e5bdf
000063de
25f35be1
46e946e9
5be425f4
63e30000
5be6da0b
46edb913
25f7a417
00009c18
da09a415
b910b910
a413da08
9c140000
a41125f9
b90c46f4
da065bf1
000063f0
25fa5bf2
46f746f7
5bf525fb
63f40000
5bf6da04
46f9b907
25fca409
00009c09
da03a407
b905b905
a406da03
9c060000
a40525fe
b90346fd
da025bfc
000063fc
25ff5bfd
46fe46fe
5bfe25ff
63fe0000
5bffda01
46ffb901
25ffa401
00009c01
da00a401
b901b901
a400da00
9c000000
a4002600
b9004700
da005c00
00006400
26005c00
47004700
5c002600
64000000
5c00da00
46ffb901
2600a401
00009c01
da01a401
b901b901
a401da01
9c020000
a40225ff
b90246fe
da015bfd
000063fc
25fe5bfc
46fd46fd
5bfb25fe
63fa0000
5bfada03
46fbb905
25fda407
00009c09
da04a409
b907b907
a40ada04
9c0c0000
a40b25fb
b90946f7
da065bf2
000063f0
25fa5bf1
46f446f4
5bef25f9
63ec0000
5bedda08
46f0b910
25f7a415
00009c18
da09a417
b913b913
a41ada0b
9c1d0000
a41c25f4
b91746e9
da0d5be1
000063de
25f25bdf
46e546e5
5bdc25f1
63d70000
5bd9da10
46e1b91f
25efa42a
00009c2f
da13a42d
b924b924
a430da14
9c360000
a43425eb
b92946d7
da175bc9
000063c2
25e85bc6
46d146d1
5bc225e6
63ba0000
5bbeda1b
46ccb934
25e3a446
00009c4e
da1fa44a
b93ab93a
a44eda20
9c570000
a45225de
b94146bf
da245baa
000063a0
25db5ba5
46b846b8
5ba025d9
63960000
5b9cda29
46b1b94f
25d5a469
00009c74
da2da46d
b957b957
a472da2f
9c7f0000
a47725cf
b95e46a2
da345b83
00006376
25ca5b7e
46994699
5b7825c8
636a0000
5b73da3a
4691b96f
25c3a493
00009ca2
da3fa498
b978b978
a49eda41
9caf0000
a4a425bc
b981467f
da465b56
00006344
25b75b4f
46754675
5b4925b5
63360000
5b43da4e
466bb995
25afa4c3
00009cd8
da53a4ca
b99fb99f
a4d1da56
9ce70000
a4d825a7
b9a94657
da5c5b21
0000630a
25a15b1a
464c464c
5b13259e
62fa0000
5b0cda65
4641b9bf
2598a4fc
00009d15
da6ba503
b9cbb9cb
a50bda6e
9d260000
a513258f
b9d74629
da755ae6
000062c9
25885ade
461d461d
5ad62585
62b80000
5aceda7e
4610b9f0
257ea53b
00009d5a
da85a543
b9fcb9fc
a54bda89
9d6d0000
a5542574
ba0a45f6
da905aa3
00006280
256c5a9b
45e945e9
5a922569
626d0000
5a89da9b
45dbba25
2561a581
00009da7
daa2a589
ba33ba33
a592daa6
9dbb0000
a59d2556
ba4245be
daae5a5a
00006231
254e5a51
45af45af
5a47254a
621b0000
5a3ddaba
45a0ba60
2542a5cd
00009dfa
dac2a5d7
ba6fba6f
a5e1dac7
9e110000
a5ec2535
ba7f4581
dacf5a0a
000061d9
252c5a00
45714571
59f52528
61c20000
59ebdadc
4560baa0
251fa620
00009e56
dae5a62c
bab1bab1
a636daea
9e6e0000
a6412512
bac2453e
daf359b3
0000617a
250859a8
452c452c
599c2503
61610000
5991db01
451bbae5
24faa67b
00009eb8
db0ba686
baf8baf8
a692db10
9ed20000
a69f24eb
bb0a44f6
db1a5956
00006114
24e1594a
44e344e3
593d24dc
60f90000
5931db29
44d0bb30
24d2a6dc
00009f22
db33a6e8
bb43bb43
a6f5db39
9f3e0000
a70224c2
bb5744a9
db4358f1
000060a6
24b758e4
44954495
58d724b2
608a0000
58cadb54
4480bb80
24a7a743
00009f93
db5fa751
bb94bb94
a75edb64
9fb10000
a76b2496
bba94457
db705886
00006032
248b5879
44424442
586b2485
60130000
585ddb81
442cbbd4
247aa7b1
0000a00b
db8ca7c0
bbeabbea
a7cedb92
a02a0000
a7dc2468
bc004400
db9e5815
00005fb6
245c5806
43e943e9
57f82456
5f960000
57e9dbb1
43d2bc2e
2449a826
0000a08a
dbbda835
bc45bc45
a844dbc3
a0ab0000
a8542437
bc5d43a3
dbd0579d
00005f33
242a578e
438b438b
577e2424
5f120000
576fdbe3
4373bc8d
2416a8a1
0000a111
dbf0a8b1
bca5bca5
a8c1dbf7
a1330000
a8d12403
bcbe4342
dc04571f
00005eaa
23f5570e
43294329
56fe23ef
5e860000
56eedc18
4310bcf0
23e1a923
0000a19e
dc26a934
bd0abd0a
a944dc2d
a1c20000
a95523cc
bd2442dc
dc3b569a
00005e18
23be5689
42c242c2
567823b7
5df40000
5667dc50
42a7bd59
23a9a9aa
0000a232
dc5fa9bc
bd74bd74
a9cedc66
a2580000
a9df2393
bd8f4271
dc74560f
00005d82
238455fd
42564256
55eb237d
5d5a0000
55d9dc8a
423abdc6
236eaa39
0000a2cd
dc99aa4b
bde2bde2
aa5ddca1
a2f50000
aa6f2358
bdff4201
dcb0557e
00005ce3
2348556b
41e541e5
55592340
5cba0000
5546dcc7
41c8be38
2331aacd
0000a36e
dcd7aae0
be56be56
aaf3dcdf
a3980000
ab062319
be73418d
dcee54e7
00005c3e
230954d4
416f416f
54c02301
5c140000
54acdd07
4151beaf
22f1ab67
0000a417
dd17ab7b
becdbecd
ab8fdd1f
a4420000
aba222d9
beec4114
dd30544a
00005b93
22c85435
40f540f5
542122c0
5b670000
540ddd48
40d5bf2b
22afac08
0000a4c5
dd59ac1c
bf4abf4a
ac31dd62
a4f20000
ac452296
bf6a4096
dd7353a6
00005ae1
22845392
40764076
537d227c
5ab40000
5368dd8d
4056bfaa
226aacae
0000a57a
dd9eacc2
bfcbbfcb
acd8dda7
a5a90000
aced2250
bfec4014
ddb952fe
00005a29
223e52e8
3ff33ff3
52d22236
59fa0000
52bdddd3
3fd1c02f
2223ad59
0000a635
dde5ad6f
c051c051
ad85ddef
a6650000
ad9b2208
c0723f8e
de01524f
0000596b
21f65239
3f6b3f6b
522221ed
593a0000
520cde1c
3f49c0b7
21daae0b
0000a6f6
de2fae21
c0dac0da
ae38de39
a7270000
ae4f21be
c0fd3f03
de4b519a
000058a7
21ab5183
3edf3edf
516c21a2
58750000
5155de68
3ebcc144
218faec2
0000a7bd
de7baed9
c168c168
aef0de85
a7f00000
af082172
c18c3e74
de9850e1
000057dc
215e50c9
3e4f3e4f
50b22154
57a90000
509adeb5
3e2bc1d5
2141af7f
0000a88b
dec9af96
c1fbc1fb
afaeded3
a8bf0000
afc62123
c2203de0
dee75022
0000570c
210f5009
3dbb3dbb
4ff12105
56d70000
4fd9df05
3d95c26b
20f1b040
0000a95e
df19b058
c290c290
b071df24
a9940000
b08a20d2
c2b73d49
df384f5d
00005636
20be4f44
3d233d23
4f2b20b3
56000000
4f12df57
3cfcc304
209fb107
0000aa36
df6cb120
c32bc32b
b139df76
aa6e0000
b153207f
c3523cae
df8b4e94
0000555b
206a4e7a
3c873c87
4e612060
55230000
4e47dfab
3c5fc3a1
204ab1d3
0000ab15
dfc0b1ed
c3c9c3c9
b207dfcb
ab4d0000
b221202a
c3f13c0f
dfe14dc5
0000547a
20144dab
3be63be6
4d91200a
54410000
4d76e001
3bbec442
1ff4b2a4
0000abf8
e017b2be
c46bc46b
b2d9e022
ac320000
b2f31fd3
c4943b6c
e0384cf1
00005394
1fbd4cd7
3b433b43
4cbc1fb2
535a0000
4ca1e059
3b19c4e7
1f9cb37a
0000ace1
e070b395
c511c511
b3b0e07b
ad1c0000
b3cb1f7a
c53b3ac5
e0914c1a
000052a9
1f644bfe
3a9b3a9b
4be21f58
526d0000
4bc7e0b3
3a70c590
1f41b454
0000adcf
e0cab470
c5bac5ba
b48ce0d5
ae0c0000
b4a81f1f
c5e53a1b
e0ed4b3c
000051b8
1f084b20
39f039f0
4b051efd
517b0000
4ae8e10f
39c5c63b
1ee5b534
0000aec2
e127b550
c667c667
b56ce132
aeff0000
b5891ec2
c693396d
e14a4a5b
000050c3
1eab4a3f
39413941
4a221e9f
50850000
4a06e16d
3915c6eb
1e87b617
0000afb9
e185b634
c717c717
b650e191
aff80000
b66e1e63
c74438bc
e1a94975
00004fc9
1e4c4959
38903890
493b1e3f
4f8a0000
491ee1cc
3862c79e
1e27b6ff
0000b0b6
e1e5b71d
c7cbc7cb
b739e1f1
b0f60000
b7571e03
c7f83808
e209488c
00004eca
1dea486e
37da37da
48501dde
4e8a0000
4833e22e
37acc854
1dc6b7eb
0000b1b7
e246b809
c882c882
b826e253
b1f70000
b8451da1
c8b03750
e26c479d
00004dc7
1d884780
37223722
47621d7c
4d860000
4743e291
36f3c90d
1d63b8db
0000b2bc
e2aab8f9
c93cc93c
b918e2b6
b2fe0000
b9361d3d
c96a3696
e2cf46ac
00004cc0
1d24468d
36673667
466f1d17
4c7d0000
4650e2f5
3637c9c9
1cfeb9cf
0000b3c5
e30fb9ee
c9f8c9f8
ba0ce31b
b4080000
ba2b1cd8
ca2835d8
e33545b6
00004bb4
1cbe4596
35a835a8
45771cb1
4b710000
4558e35b
3578ca88
1c98bac6
0000b4d3
e375bae6
cab8cab8
bb05e382
b5170000
bb251c71
cae83518
e39c44bc
00004aa5
1c57449d
34e734e7
447d1c4a
4a610000
445ee3c3
34b6cb4a
1c30bbc2
0000b5e4
e3ddbbe2
cb7acb7a
bc01e3ea
b6290000
bc211c09
cbab3455
e40443bf
00004992
1bee439f
34233423
437f1be1
494d0000
435fe42c
33f2cc0e
1bc7bcc0
0000b6f9
e447bce1
cc3fcc3f
bd01e454
b73f0000
bd211b9f
cc71338f
e46e42bf
0000487b
1b84429f
335d335d
427e1b77
48340000
425ee496
332bccd5
1b5cbdc3
0000b812
e4b1bde3
cd07cd07
be04e4bf
b8580000
be241b34
cd3932c7
e4da41bb
00004761
1b19419a
32953295
417a1b0b
471a0000
4159e502
3262cd9e
1af0bec7
0000b92e
e51dbee8
cdd1cdd1
bf0ae52b
b9750000
bf2b1ac7
ce0431fc
e54640b4
00004643
1aac4093
31c931c9
40721a9e
45fb0000
4051e56f
3196ce6a
1a83bfd0
0000ba4d
e58abff1
ce9dce9d
c012e598
ba950000
c0341a5a
ced1312f
e5b43fab
00004522
1a3f3f8a
30fc30fc
3f681a31
44da0000
3f47e5dd
30c8cf38
1a15c0db
0000bb6f
e5f9c0fc
cf6bcf6b
c11de607
bbb80000
c13f19eb
cf9f3061
e6223e9f
000043ff
19d03e7d
302d302d
3e5b19c2
43b60000
3e3ae64c
2ff9d007
19a6c1e8
0000bc95
e668c20a
d03cd03c
c22ce676
bcde0000
c24d197c
d0702f90
e6923d90
000042d9
19603d6e
2f5b2f5b
3d4c1952
428e0000
3d2ae6bd
2f27d0d9
1935c2f8
0000bdbc
e6d9c31a
d10ed10e
c33ce6e7
be060000
c35f190b
d1432ebd
e7033c7f
000041af
18ef3c5c
2e882e88
3c3b18e1
41650000
3c18e72e
2e53d1ad
18c4c40a
0000bee6
e74ac42d
d1e2d1e2
c44fe758
bf310000
c4721899
d2172de9
e7753b6c
00004084
187d3b49
2db32db3
3b27186f
40390000
3b04e7a0
2d7ed282
1852c51f
0000c013
e7bcc542
d2b8d2b8
c564e7cb
c05e0000
c5871827
d2ed2d13
e7e83a56
00003f56
180a3a34
2cdd2cdd
3a1017fc
3f0a0000
39eee813
2ca7d359
17dfc635
0000c141
e830c658
d38fd38f
c67be83e
c18e0000
c69e17b4
d3c52c3b
e85b393f
00003e26
1797391c
2c052c05
38f91788
3dda0000
38d6e886
2bcfd431
176bc74e
0000c272
e8a3c771
d467d467
c794e8b2
c2bf0000
c7b7173f
d49d2b63
e8cf3826
00003cf5
17223802
2b2c2b2c
37df1714
3ca80000
37bce8fb
2af5d50b
16f7c867
0000c3a5
e918c88b
d541d541
c8aee926
c3f20000
c8d216cb
d5772a89
e944370b
00003bc1
16ae36e8
2a522a52
36c4169f
3b740000
36a1e970
2a1bd5e5
1682c982
0000c4d9
e98dc9a6
d61cd61c
c9cae99c
c5260000
c9ee1656
d65329ad
e9b935ef
00003a8c
163835cb
29772977
35a8162a
3a3f0000
3584e9e5
293fd6c1
160cca9f
0000c60e
ea03cac3
d6f8d6f8
cae7ea11
c65d0000
cb0a15e0
d72f28d1
ea2f34d2
00003956
15c234ae
289a289a
348a15b3
39090000
3467ea5b
2863d79d
1596cbbd
0000c745
ea79cbe1
d7d5d7d5
cc05ea88
c7930000
cc29156a
d80c27f4
eaa533b4
0000381f
154c3390
27bd27bd
336c153d
37d10000
3348ead2
2786d87a
1520ccdc
0000c87d
eaefcd00
d8b2d8b2
cd24eafe
c8cb0000
cd4814f3
d8e92717
eb1c3294
000036e7
14d53270
26df26df
324c14c7
36990000
3228eb48
26a8d958
14a9cdfb
0000c9b6
eb66ce1f
d990d990
ce43eb75
ca040000
ce68147c
d9c82638
eb933174
000035ad
145e3150
26012601
312c144f
355f0000
3108ebbf
25c9da37
1432cf1c
0000caef
ebddcf40
da6eda6e
cf64ebec
cb3e0000
cf881405
daa6255a
ec0a3054
00003474
13e73030
25222522
300c13d8
34260000
2fe7ec37
24eadb16
13bad03d
0000cc29
ec54d061
db4ddb4d
d084ec63
cc770000
d0a9138e
db85247b
ec812f33
0000333a
13702f0f
24432443
2eeb1361
32ec0000
2ec6ecae
240bdbf5
1343d15e
0000cd63
ecccd181
dc2cdc2c
d1a5ecdb
cdb10000
d1ca1316
dc64239c
ecf92e12
00003200
12f92dee
23642364
2dca12ea
31b10000
2da5ed25
232cdcd4
12ccd27e
0000ce9d
ed43d2a2
dd0bdd0b
d2c6ed52
ceec0000
d2eb129f
dd4322bd
ed702cf1
000030c6
12812ccd
22852285
2ca91272
30770000
2c85ed9d
224dddb3
1254d39f
0000cfd7
edbad3c3
ddeaddea
d3e7edc9
d0260000
d40c1228
de2221de
ede72bd0
00002f8c
120a2bac
21a621a6
2b8811fb
2f3e0000
2b64ee14
216ede92
11ddd4c0
0000d111
ee32d4e4
dec9dec9
d508ee41
d15f0000
d52c11b1
df0120ff
ee5e2ab0
00002e53
11932a8c
20c820c8
2a681184
2e040000
2a43ee8b
2090df70
1166d5e1
0000d24a
eea9d605
dfa8dfa8
d628eeb8
d2990000
d64c1139
dfdf2021
eed52990
00002d19
111c296c
1fe91fe9
2948110d
2ccb0000
2924ef02
1fb2e04e
10efd700
0000d383
ef20d724
e085e085
d748ef2e
d3d10000
d76c10c3
e0bd1f43
ef4c2870
00002be1
10a5284c
1f0c1f0c
28291097
2b930000
2805ef78
1ed5e12b
1079d81f
0000d4bb
ef96d843
e163e163
d867efa5
d5090000
d88a104d
e19a1e66
efc22752
00002aaa
102f272e
1e2f1e2f
270a1020
2a5d0000
26e7efee
1df8e208
1003d93d
0000d5f2
f00cd961
e23fe23f
d984f01b
d63f0000
d9a80fd6
e2761d8a
f0382635
00002974
0fb92611
1d531d53
25ee0faa
29260000
25caf064
1d1ce2e4
0f8dda5a
0000d727
f082da7d
e31be31b
daa1f090
d7740000
dac40f61
e3521cae
f0ae2518
0000283f
0f4424f5
1c771c77
24d20f35
27f20000
24aef0da
1c41e3bf
0f18db75
0000d85b
f0f7db99
e3f5e3f5
dbbcf105
d8a80000
dbdf0eec
e42c1bd4
f12223fe
0000270b
0ecf23da
1b9d1b9d
23b70ec1
26bf0000
2394f14e
1b67e499
0ea3dc8f
0000d98e
f16bdcb2
e4cfe4cf
dcd6f17a
d9da0000
dcf90e78
e5051afb
f19722e4
000025da
0e5b22c1
1ac51ac5
229e0e4c
258e0000
227bf1c2
1a8fe571
0e30dda8
0000dabe
f1dfddcb
e5a7e5a7
ddeef1ed
db0a0000
de100e04
e5dd1a23
f20a21cc
000024aa
0de821aa
19ed19ed
21870dd9
245e0000
2164f235
19b8e648
0dbcdebe
0000dbed
f252dee1
e67ee67e
df04f260
dc390000
df270d91
e6b3194d
f27d20b7
0000237c
0d752094
19171917
20720d67
23310000
204ff2a8
18e2e71e
0d4adfd3
0000dd1a
f2c4dff6
e753e753
e018f2d2
dd650000
e03b0d1f
e7881878
f2ef1fa4
00002251
0d031f81
18431843
1f5f0cf5
22060000
1f3cf319
180ee7f2
0cd9e0e6
0000de44
f335e108
e827e827
e12af343
de8e0000
e14c0cae
e85b17a5
f3601e92
00002128
0c921e70
17701770
1e4d0c84
20de0000
1e2cf38a
173ce8c4
0c68e1f6
0000df6b
f3a6e218
e8f9e8f9
e23af3b4
dfb60000
e25b0c3e
e92d16d3
f3d01d83
00002001
0c231d61
169f169f
1d3f0c15
1fb80000
1d1df3f9
166be995
0bf9e304
0000e091
f415e325
e9c8e9c8
e347f423
e0da0000
e3680bcf
e9fc1604
f43f1c76
00001ede
0bb41c55
15d115d1
1c340ba6
1e950000
1c12f468
159dea63
0b8be40f
0000e1b3
f483e430
ea96ea96
e451f491
e1fb0000
e4720b62
eac91537
f4ac1b6d
00001dbd
0b461b4c
15041504
1b2b0b39
1d750000
1b0af4d5
14d1eb2f
0b1de517
0000e2d2
f4f0e539
eb62eb62
e559f4fe
e31a0000
e57a0af5
eb95146b
f5191a66
00001c9f
0ada1a45
14391439
1a240acc
1c580000
1a04f541
1407ebf9
0ab1e61d
0000e3ee
f55ce63d
ec2bec2b
e65ef56a
e4340000
e67e0a89
ec5d13a3
f5841962
00001b85
0a6e1941
13711371
19210a61
1b3f0000
1901f5ac
133fecc1
0a47e71f
0000e507
f5c7e73f
ecf2ecf2
e75ff5d4
e54d0000
e77f0a1f
ed2312dd
f5ee1861
00001a6e
0a041841
12ab12ab
182109f7
1a290000
1801f616
127aed86
09dde81e
0000e61c
f630e83e
edb6edb6
e85ef63d
e6610000
e87d09b6
ede71219
f6571763
0000195b
099c1744
11e811e8
1725098f
19170000
1705f67e
11b8ee48
0975e91a
0000e72d
f698e939
ee78ee78
e958f6a5
e7710000
e977094f
eea81158
f6be166a
0000184c
0935164a
11281128
162b0928
18080000
160cf6e5
10f8ef08
090fea12
0000e83b
f6feea31
ef37ef37
ea50f70b
e87d0000
ea6f08e9
ef671099
f7241573
00001740
08cf1554
106a106a
153608c3
16fe0000
1518f74a
103cefc4
08aaeb07
0000e944
f763eb25
eff3eff3
eb43f76f
e9860000
eb610884
f0220fde
f7881480
00001639
086c1463
0fb00fb0
1445085f
15f70000
1426f7ad
0f82f07e
0847ebf7
0000ea49
f7c6ec15
f0acf0ac
ec33f7d2
ea8a0000
ec500822
f0da0f26
f7ea1392
00001536
08091374
0ef80ef8
135707fd
14f60000
1339f80f
0ecbf135
07e5ece3
0000eb4a
f827ed01
f162f162
ed1ef834
eb8a0000
ed3b07c1
f1900e70
f84c12a7
00001437
07a9128b
0e440e44
126e079d
13f80000
1250f86f
0e17f1e9
0785edcc
0000ec47
f887ede9
f215f215
ee06f893
ec850000
ee220761
f2410dbf
f8ab11c1
0000133d
074a11a5
0d930d93
1189073e
12ff0000
116cf8ce
0d67f299
0727eeb0
0000ed3e
f8e5eecc
f2c5f2c5
eee8f8f1
ed7b0000
ef050704
f2f00d10
f90810e0
00001248
06ed10c4
0ce50ce5
10a806e1
120c0000
108cf92b
0cbaf346
06caef90
0000ee31
f941efac
f370f370
efc7f94d
ee6d0000
efe206a8
f39b0c65
f9641002
00001157
06910fe6
0c3b0c3b
0fcb0686
111c0000
0fb0f985
0c11f3ef
0670f06b
0000ef1f
f99cf086
f419f419
f0a1f9a7
ef590000
f0bc064e
f4430bbd
f9bd0f29
0000106c
06380f0f
0b940b94
0ef3062d
10320000
0ed9f9de
0b6bf495
0617f142
0000f008
f9f4f15c
f4bef4be
f176f9ff
f0410000
f19105f6
f4e60b1a
fa140e55
00000f86
05e10e3b
0af10af1
0e2105d6
0f4d0000
0e07fa35
0ac9f537
05c1f213
0000f0eb
fa4af22d
f55ff55f
f247fa55
f1230000
f26105a0
f5870a79
fa6a0d86
00000ea5
058b0d6c
0a520a52
0d530581
0e6e0000
0d39fa8a
0a2bf5d5
056cf2e0
0000f1ca
fa9ef2f9
f5fcf5fc
f312faa9
f2000000
f32b054d
f62309dd
fabe0cbc
00000dca
05380ca3
09b709b7
0c8a052e
0d940000
0c72fadc
0990f670
0519f3a8
0000f2a2
faf1f3c0
f695f695
f3d9fafb
f2d70000
f3f104fb
f6bb0945
fb0f0bf7
00000cf4
04e70bde
09200920
0bc604dd
0cbf0000
0baefb2d
08fbf705
04c9f46a
0000f375
fb41f481
f72bf72b
f49afb4b
f3a90000
f4b204ac
f74f08b1
fb5e0b37
00000c24
04980b1f
088c088c
0b08048e
0bf00000
0af0fb7b
0868f798
047bf527
0000f443
fb8ff53e
f7bcf7bc
f555fb98
f4750000
f56c045e
f7df0821
fbab0a7d
00000b59
044b0a66
07fd07fd
0a4f0442
0b270000
0a38fbc7
07daf826
042ff5df
0000f50a
fbdaf5f5
f849f849
f60cfbe4
f53a0000
f6220413
f86b0795
fbf609c7
00000a95
040109b1
07720772
099b03f8
0a650000
0985fc11
0751f8af
03e6f691
0000f5cb
fc23f6a7
f8d1f8d1
f6bdfc2d
f5fa0000
f6d203ca
f8f3070d
fc3e0918
000009d7
03b90902
06ec06ec
08ed03b0
09a90000
08d8fc59
06cbf935
039ef73d
0000f686
fc6af752
f956f956
f768fc73
f6b40000
f77d0384
f976068a
fc84086e
0000091f
0373085a
066a066a
0845036a
08f20000
0831fc9e
064af9b6
0359f7e4
0000f73b
fcaff7f8
f9d5f9d5
f80dfcb8
f7670000
f8210340
f9f5060b
fcc807cb
0000086d
033007b6
05ec05ec
07a20327
08420000
078ffce1
05cdfa33
0317f885
0000f7e9
fcf1f899
fa51fa51
f8acfcf9
f8140000
f8c002ff
fa6f0591
fd09072c
000007c2
02ef0719
05730573
070602e7
07980000
06f3fd21
0556faaa
02d7f920
0000f892
fd31f933
fac8fac8
f946fd39
f8ba0000
f95902c0
fae5051b
fd480695
0000071d
02b00682
04ff04ff
066f02a8
06f50000
065dfd5f
04e2fb1e
0299f9b5
0000f933
fd6ef9c7
fb3afb3a
f9d9fd76
f95a0000
f9eb0283
fb5604aa
fd840603
0000067f
027405f1
048f048f
05df026d
06580000
05cefd9a
0474fb8c
025ffa44
0000f9ce
fda9fa56
fba7fba7
fa67fdb0
f9f40000
fa780249
fbc2043e
fdbe0577
000005e8
023b0566
04240424
05550234
05c20000
0544fdd3
040afbf6
0226facc
0000fa62
fde1fadd
fc10fc10
faeefde8
fa860000
fafe0211
fc2903d7
fdf504f2
00000556
020404e1
03be03be
04d101fd
05330000
04c1fe09
03a5fc5b
01f0fb4f
0000faef
fe16fb5f
fc73fc73
fb6ffe1d
fb110000
fb7e01dc
fc8b0375
fe2a0473
000004cd
01d00463
035d035d
045401c9
04ab0000
0445fe3d
0345fcbb
01bdfbcb
0000fb75
fe49fbda
fcd2fcd2
fbe9fe4f
fb960000
fbf801aa
fce90317
fe5c03fa
0000044a
019e03eb
03000300
03dc0198
042a0000
03cefe6e
02eafd16
018cfc40
0000fbf5
fe7afc4f
fd2cfd2c
fc5cfe7f
fc130000
fc6b017b
fd4202be
fe8b0387
000003ce
0170037a
02a902a9
036b016a
03b10000
035ffe9c
0294fd6c
015ffcaf
0000fc6d
fea7fcbd
fd80fd80
fccafeac
fc8a0000
fcd7014e
fd95026b
feb7031c
0000035a
0143030f
02570257
0302013e
033e0000
02f5fec7
0243fdbd
0133fd18
0000fcde
fed2fd24
fdd0fdd0
fd31fed7
fcf90000
fd3d0124
fde3021d
fee102b6
000002ec
011a02aa
020a020a
029f0115
02d20000
0292fef0
01f8fe08
010bfd7a
0000fd48
fefafd85
fe1bfe1b
fd91feff
fd610000
fd9c00fd
fe2c01d4
ff080258
00000286
00f3024d
01c201c2
024100ee
026e0000
0236ff16
01b1fe4f
00e5fdd4
0000fdaa
ff1ffde0
fe60fe60
fdebff24
fdc20000
fdf500d8
fe71018f
ff2c0200
00000227
00cf01f6
017f017f
01ec00cb
02110000
01e1ff39
016ffe91
00c2fe29
0000fe06
ff42fe33
fea0fea0
fe3dff46
fe1b0000
fe4700b6
feaf0151
ff4e01af
000001cf
00ae01a6
01420142
019d00aa
01bb0000
0193ff5a
0133fecd
00a2fe77
0000fe59
ff61fe7f
fedbfedb
fe89ff65
fe6d0000
fe920097
fee90117
ff6c0165
00000180
0090015d
010a010a
0154008c
016d0000
014bff77
00fcff04
0085febd
0000fea6
ff7efec5
ff10ff10
feceff82
feb80000
fed6007b
ff1d00e3
ff880122
00000137
0075011a
00d700d7
01130071
01260000
010bff92
00cbff35
006bfefd
0000feeb
ff98ff04
ff41ff41
ff0cff9b
fefa0000
ff130062
ff4c00b4
ffa100e6
000000f6
005c00df
00a900a9
00d80059
00e70000
00d1ffaa
009fff61
0053ff36
0000ff28
ffafff3c
ff6bff6b
ff43ffb2
ff360000
ff49004b
ff75008b
ffb700b1
000000bc
004600aa
00810081
00a40044
00af0000
009effbf
0078ff88
003fff68
0000ff5d
ffc3ff6d
ff91ff91
ff73ffc6
ff6a0000
ff780038
ff990067
ffca0082
0000008a
0034007d
005e005e
00770031
007f0000
0072ffd1
0057ffa9
002dff93
0000ff8c
ffd5ff97
ffb1ffb1
ff9cffd7
ff960000
ffa00027
ffb80048
ffdb005b
00000060
00240056
00410041
00520022
00570000
004effe0
003affc6
001fffb6
0000ffb2
ffe3ffba
ffccffcc
ffbeffe5
ffba0000
ffc2001a
ffd1002f
ffe8003a
0000003e
00170037
00290029
00340015
00360000
0030ffec
0024ffdc
0013ffd3
0000ffd1
ffefffd6
ffe1ffe1
ffd9fff0
ffd70000
ffdc000f
ffe5001b
fff20021
00000022
000d001f
00170017
001c000c
001d0000
001afff5
0013ffed
000affe9
0000ffe8
fff7ffeb
fff0fff0
ffedfff8
ffec0000
ffef0007
fff4000c
fffa000f
00000010
0006000e
00090009
000c0005
000c0000
000afffc
0007fff9
0004fff7
0000fff7
fffdfff9
fffbfffb
fffafffd
fffa0000
fffb0002
fffd0003
fffe0004
00000004
00010003
00020002
00020001
00020000
0001ffff
0001ffff
0001ffff
0000ffff
0000ffff
ffffffff
00000000
00000000
00000000
00000000
00000000
00000000
00000000
00000000
00000000
00000000
00000000
0001ffff
0000ffff
0000ffff
ffffffff
ffffffff
ffffffff
fffe0000
fffe0001
fffe0002
ffff0003
00000004
00020004
00030003
00050002
00060000
0006fffd
0005fffb
0003fff9
0000fff7
fffcfff7
fff9fff9
fff6fffc
fff40000
fff40005
fff70009
fffa000e
00000010
0006000f
000c000c
00110007
00140000
0013fff8
0010fff0
0009ffeb
0000ffe8
fff6ffe9
ffedffed
ffe6fff5
ffe30000
ffe4000c
ffe90017
fff3001f
00000022
000e0021
001b001b
0024000f
00290000
0027fff0
001fffe1
0011ffd6
0000ffd1
ffedffd3
ffdcffdc
ffd0ffec
ffca0000
ffcc0015
ffd70029
ffe90037
0000003e
0018003a
002f002f
003e001a
00460000
0042ffe5
0034ffcc
001dffba
0000ffb2
ffe1ffb6
ffc6ffc6
ffb2ffe0
ffa90000
ffae0022
ffbf0041
ffdc0056
00000060
0025005b
00480048
00600027
006a0000
0064ffd7
004fffb1
002bff97
0000ff8c
ffd3ff93
ffa9ffa9
ff8effd1
ff810000
ff890031
ffa2005e
ffcc007d
0000008a
00360082
00670067
00880038
00960000
008dffc6
006fff91
003dff6d
0000ff5d
ffc1ff68
ff88ff88
ff62ffbf
ff510000
ff5c0044
ff7f0081
ffba00aa
000000bc
004900b1
008b008b
00b7004b
00ca0000
00bdffb2
0095ff6b
0051ff3c
0000ff28
ffadff36
ff61ff61
ff2fffaa
ff190000
ff280059
ff5700a9
ffa400df
000000f6
005f00e6
00b400b4
00ed0062
01060000
00f4ff9b
00bfff41
0068ff04
0000feeb
ff95fefd
ff35ff35
fef5ff92
feda0000
feed0071
ff2900d7
ff8b011a
00000137
00780122
00e300e3
012a007b
01480000
0132ff82
00f0ff10
0082fec5
0000fea6
ff7bfebd
ff04ff04
feb5ff77
fe930000
feac008c
fef6010a
ff70015d
00000180
00940165
01170117
016e0097
01930000
0177ff65
0125fedb
009ffe7f
0000fe59
ff5efe77
fecdfecd
fe6dff5a
fe450000
fe6300aa
febe0142
ff5201a6
000001cf
00b201af
01510151
01b900b6
01e50000
01c3ff46
0160fea0
00befe33
0000fe06
ff3efe29
fe91fe91
fe1fff39
fdef0000
fe1400cb
fe81017f
ff3101f6
00000227
00d40200
018f018f
020b00d8
023e0000
0215ff24
01a0fe60
00e1fde0
0000fdaa
ff1bfdd4
fe4ffe4f
fdcaff16
fd920000
fdbf00ee
fe3e01c2
ff0d024d
00000286
00f80258
01d401d4
026400fd
029f0000
026ffeff
01e5fe1b
0106fd85
0000fd48
fef5fd7a
fe08fe08
fd6efef0
fd2e0000
fd610115
fdf6020a
fee602aa
000002ec
011f02b6
021d021d
02c30124
03070000
02cffed7
0230fdd0
012efd24
0000fcde
fecdfd18
fdbdfdbd
fd0bfec7
fcc20000
fcfe013e
fda90257
febd030f
0000035a
0149031c
026b026b
0329014e
03760000
0336feac
0280fd80
0159fcbd
0000fc6d
fea1fcaf
fd6cfd6c
fca1fe9c
fc4f0000
fc95016a
fd5702a9
fe90037a
000003ce
01750387
02be02be
0395017b
03ed0000
03a4fe7f
02d4fd2c
0186fc4f
0000fbf5
fe74fc40
fd16fd16
fc32fe6e
fbd60000
fc240198
fd000300
fe6203eb
0000044a
01a403fa
03170317
040801aa
046a0000
0417fe4f
032efcd2
01b7fbda
0000fb75
fe43fbcb
fcbbfcbb
fbbbfe3d
fb550000
fbac01c9
fca3035d
fe300463
000004cd
01d60473
03750375
048201dc
04ef0000
0491fe1d
038dfc73
01eafb5f
0000faef
fe10fb4f
fc5bfc5b
fb3ffe09
facd0000
fb2f01fd
fc4203be
fdfc04e1
00000556
020b04f2
03d703d7
05020211
057a0000
0512fde8
03f0fc10
021ffadd
0000fa62
fddafacc
fbf6fbf6
fabcfdd3
fa3e0000
faab0234
fbdc0424
fdc50566
000005e8
02420577
043e043e
05880249
060c0000
0599fdb0
0459fba7
0257fa56
0000f9ce
fda1fa44
fb8cfb8c
fa32fd9a
f9a80000
fa21026d
fb71048f
fd8c05f1
0000067f
027c0603
04aa04aa
06150283
06a60000
0627fd76
04c6fb3a
0292f9c7
0000f933
fd67f9b5
fb1efb1e
f9a3fd5f
f90b0000
f99102a8
fb0104ff
fd500682
0000071d
02b80695
051b051b
06a702c0
07460000
06bafd39
0538fac8
02cff933
0000f892
fd29f920
faaafaaa
f90dfd21
f8680000
f8fa02e7
fa8d0573
fd110719
000007c2
02f7072c
05910591
074002ff
07ec0000
0754fcf9
05affa51
030ff899
0000f7e9
fce9f885
fa33fa33
f871fce1
f7be0000
f85e0327
fa1405ec
fcd007b6
0000086d
033807cb
060b060b
07df0340
08990000
07f3fcb8
062bf9d5
0351f7f8
0000f73b
fca7f7e4
f9b6f9b6
f7cffc9e
f70e0000
f7bb036a
f996066a
fc8d085a
0000091f
037c086e
068a068a
08830384
094c0000
0898fc73
06aaf956
0396f752
0000f686
fc62f73d
f935f935
f728fc59
f6570000
f71303b0
f91406ec
fc470902
000009d7
03c20918
070d070d
092e03ca
0a060000
0943fc2d
072ff8d1
03ddf6a7
0000f5cb
fc1af691
f8aff8af
f67bfc11
f59b0000
f66503f8
f88e0772
fbff09b1
00000a95
040a09c7
07950795
09de0413
0ac60000
09f4fbe4
07b7f849
0426f5f5
0000f50a
fbd1f5df
f826f826
f5c8fbc7
f4d90000
f5b10442
f80307fd
fbb50a66
00000b59
04550a7d
08210821
0a94045e
0b8b0000
0aabfb98
0844f7bc
0471f53e
0000f443
fb85f527
f798f798
f510fb7b
f4100000
f4f8048e
f774088c
fb680b1f
00000c24
04a20b37
08b108b1
0b4e04ac
0c570000
0b66fb4b
08d5f72b
04bff481
0000f375
fb37f46a
f705f705
f452fb2d
f3410000
f43a04dd
f6e00920
fb190bde
00000cf4
04f10bf7
09450945
0c0f04fb
0d290000
0c27fafb
096bf695
050ff3c0
0000f2a2
fae7f3a8
f670f670
f38efadc
f26c0000
f376052e
f64909b7
fac80ca3
00000dca
05420cbc
09dd09dd
0cd5054d
0e000000
0ceefaa9
0a04f5fc
0562f2f9
0000f1ca
fa94f2e0
f5d5f5d5
f2c7fa8a
f1920000
f2ad0581
f5ae0a52
fa750d6c
00000ea5
05960d86
0a790a79
0d9f05a0
0edd0000
0db9fa55
0aa1f55f
05b6f22d
0000f0eb
fa3ff213
f537f537
f1f9fa35
f0b30000
f1df05d6
f50f0af1
fa1f0e3b
00000f86
05ec0e55
0b1a0b1a
0e6f05f6
0fbf0000
0e8af9ff
0b42f4be
060cf15c
0000f008
f9e9f142
f495f495
f127f9de
efce0000
f10d062d
f46c0b94
f9c80f0f
0000106c
06430f29
0bbd0bbd
0f44064e
10a70000
0f5ff9a7
0be7f419
0664f086
0000ef1f
f990f06b
f3eff3ef
f050f985
eee40000
f0350686
f3c50c3b
f96f0fe6
00001157
069c1002
0c650c65
101e06a8
11930000
1039f94d
0c90f370
06bfefac
0000ee31
f936ef90
f346f346
ef74f92b
edf40000
ef5806e1
f31b0ce5
f91310c4
00001248
06f810e0
0d100d10
10fb0704
12850000
1118f8f1
0d3bf2c5
071beecc
0000ed3e
f8d9eeb0
f299f299
ee94f8ce
ed010000
ee77073e
f26d0d93
f8b611a5
0000133d
075511c1
0dbf0dbf
11de0761
137b0000
11faf893
0debf215
0779ede9
0000ec47
f87bedcc
f1e9f1e9
edb0f86f
ec080000
ed92079d
f1bc0e44
f857128b
00001437
07b412a7
0e700e70
12c507c1
14760000
12e2f834
0e9ef162
07d9ed01
0000eb4a
f81bece3
f135f135
ecc7f80f
eb0a0000
eca907fd
f1080ef8
f7f71374
00001536
08161392
0f260f26
13b00822
15760000
13cdf7d2
0f54f0ac
083aec15
0000ea49
f7b9ebf7
f07ef07e
ebdaf7ad
ea090000
ebbb085f
f0500fb0
f7941463
00001639
08781480
0fde0fde
149f0884
167a0000
14bdf76f
100deff3
089deb25
0000e944
f756eb07
efc4efc4
eae8f74a
e9020000
eaca08c3
ef96106a
f7311554
00001740
08dc1573
10991099
159108e9
17830000
15b0f70b
10c9ef37
0902ea31
0000e83b
f6f1ea12
ef08ef08
e9f4f6e5
e7f80000
e9d50928
eed81128
f6cb164a
0000184c
0942166a
11581158
1689094f
188f0000
16a8f6a5
1188ee78
0968e939
0000e72d
f68be91a
ee48ee48
e8fbf67e
e6e90000
e8db098f
ee1811e8
f6641744
0000195b
09a91763
12191219
178309b6
199f0000
17a2f63d
124aedb6
09d0e83e
0000e61c
f623e81e
ed86ed86
e7fff616
e5d70000
e7df09f7
ed5512ab
f5fc1841
00001a6e
0a121861
12dd12dd
18810a1f
1ab30000
18a1f5d4
130eecf2
0a39e73f
0000e507
f5b9e71f
ecc1ecc1
e6fff5ac
e4c10000
e6df0a61
ec8f1371
f5921941
00001b85
0a7c1962
13a313a3
19820a89
1bcc0000
19a2f56a
13d5ec2b
0aa4e63d
0000e3ee
f54fe61d
ebf9ebf9
e5fcf541
e3a80000
e5dc0acc
ebc71439
f5261a45
00001c9f
0ae71a66
146b146b
1a860af5
1ce60000
1aa7f4fe
149eeb62
0b10e539
0000e2d2
f4e3e517
eb2feb2f
e4f6f4d5
e28b0000
e4d50b39
eafc1504
f4ba1b4c
00001dbd
0b541b6d
15371537
1b8e0b62
1e050000
1baff491
156aea96
0b7de430
0000e1b3
f475e40f
ea63ea63
e3eef468
e16b0000
e3cc0ba6
ea2f15d1
f44c1c55
00001ede
0bc11c76
16041604
1c980bcf
1f260000
1cb9f423
1638e9c8
0bebe325
0000e091
f407e304
e995e995
e2e3f3f9
e0480000
e2c10c15
e961169f
f3dd1d61
00002001
0c301d83
16d316d3
1da50c3e
204a0000
1dc6f3b4
1707e8f9
0c5ae218
0000df6b
f398e1f6
e8c4e8c4
e1d4f38a
df220000
e1b30c84
e8901770
f36e1e70
00002128
0ca01e92
17a517a5
1eb40cae
21720000
1ed6f343
17d9e827
0ccbe108
0000de44
f327e0e6
e7f2e7f2
e0c4f319
ddfa0000
e0a10cf5
e7bd1843
f2fd1f81
00002251
0d111fa4
18781878
1fc50d1f
229b0000
1fe8f2d2
18ade753
0d3cdff6
0000dd1a
f2b6dfd3
e71ee71e
dfb1f2a8
dccf0000
df8e0d67
e6e91917
f28b2094
0000237c
0d8320b7
194d194d
20d90d91
23c70000
20fcf260
1982e67e
0daedee1
0000dbed
f244debe
e648e648
de9cf235
dba20000
de790dd9
e61319ed
f21821aa
000024aa
0df621cc
1a231a23
21f00e04
24f60000
2212f1ed
1a59e5a7
0e21ddcb
0000dabe
f1d0dda8
e571e571
dd85f1c2
da720000
dd620e4c
e53b1ac5
f1a522c1
000025da
0e6922e4
1afb1afb
23070e78
26260000
232af17a
1b31e4cf
0e95dcb2
0000d98e
f15ddc8f
e499e499
dc6cf14e
d9410000
dc490ec1
e4631b9d
f13123da
0000270b
0ede23fe
1bd41bd4
24210eec
27580000
2444f105
1c0be3f5
0f09db99
0000d85b
f0e8db75
e3bfe3bf
db52f0da
d80e0000
db2e0f35
e3891c77
f0bc24f5
0000283f
0f522518
1cae1cae
253c0f61
288c0000
255ff090
1ce5e31b
0f7eda7d
0000d727
f073da5a
e2e4e2e4
da36f064
d6da0000
da120faa
e2ad1d53
f0472611
00002974
0fc82635
1d8a1d8a
26580fd6
29c10000
267cf01b
1dc1e23f
0ff4d961
0000d5f2
effdd93d
e208e208
d919efee
d5a30000
d8f61020
e1d11e2f
efd1272e
00002aaa
103e2752
1e661e66
2776104d
2af70000
2799efa5
1e9de163
106ad843
0000d4bb
ef87d81f
e12be12b
d7fbef78
d46d0000
d7d71097
e0f41f0c
ef5b284c
00002be1
10b42870
1f431f43
289410c3
2c2f0000
28b8ef2e
1f7be085
10e0d724
0000d383
ef11d700
e04ee04e
d6dcef02
d3350000
d6b8110d
e0171fe9
eee4296c
00002d19
112b2990
20212021
29b41139
2d670000
29d8eeb8
2058dfa8
1157d605
0000d24a
ee9ad5e1
df70df70
d5bdee8b
d1fc0000
d5981184
df3820c8
ee6d2a8c
00002e53
11a22ab0
20ff20ff
2ad411b1
2ea10000
2af8ee41
2137dec9
11ced4e4
0000d111
ee23d4c0
de92de92
d49cee14
d0c20000
d47811fb
de5a21a6
edf62bac
00002f8c
12192bd0
21de21de
2bf41228
2fda0000
2c19edc9
2216ddea
1246d3c3
0000cfd7
edacd39f
ddb3ddb3
d37bed9d
cf890000
d3571272
dd7b2285
ed7f2ccd
000030c6
12902cf1
22bd22bd
2d15129f
31140000
2d3aed52
22f5dd0b
12bdd2a2
0000ce9d
ed34d27e
dcd4dcd4
d25bed25
ce4f0000
d23612ea
dc9c2364
ed072dee
00003200
13072e12
239c239c
2e361316
324f0000
2e5becdb
23d4dc2c
1334d181
0000cd63
ecbdd15e
dbf5dbf5
d13aecae
cd140000
d1151361
dbbd2443
ec902f0f
0000333a
137f2f33
247b247b
2f57138e
33890000
2f7cec63
24b3db4d
13acd061
0000cc29
ec46d03d
db16db16
d019ec37
cbda0000
cff413d8
dade2522
ec193030
00003474
13f63054
255a255a
30781405
34c20000
309cebec
2592da6e
1423cf40
0000caef
ebcecf1c
da37da37
cef8ebbf
caa10000
ced4144f
d9ff2601
eba23150
000035ad
146d3174
26382638
3198147c
35fc0000
31bdeb75
2670d990
149ace1f
0000c9b6
eb57cdfb
d958d958
cdd8eb48
c9670000
cdb414c7
d92126df
eb2b3270
000036e7
14e43294
27172717
32b814f3
37350000
32dceafe
274ed8b2
1511cd00
0000c87d
eae0ccdc
d87ad87a
ccb8ead2
c82f0000
cc94153d
d84327bd
eab43390
0000381f
155b33b4
27f427f4
33d7156a
386d0000
33fbea88
282bd7d5
1587cbe1
0000c745
ea6acbbd
d79dd79d
cb99ea5b
c6f70000
cb7615b3
d766289a
ea3e34ae
00003956
15d134d2
28d128d1
34f615e0
39a30000
3519ea11
2908d6f8
15fdcac3
0000c60e
e9f4ca9f
d6c1d6c1
ca7ce9e5
c5c10000
ca58162a
d6892977
e9c835cb
00003a8c
164735ef
29ad29ad
36121656
3ada0000
3636e99c
29e4d61c
1673c9a6
0000c4d9
e97ec982
d5e5d5e5
c95fe970
c48c0000
c93c169f
d5ae2a52
e95236e8
00003bc1
16bc370b
2a892a89
372e16cb
3c0e0000
3752e926
2abfd541
16e8c88b
0000c3a5
e909c867
d50bd50b
c844e8fb
c3580000
c8211714
d4d42b2c
e8de3802
00003cf5
17313826
2b632b63
3849173f
3d410000
386ce8b2
2b99d467
175dc771
0000c272
e895c74e
d431d431
c72ae886
c2260000
c7071788
d3fb2c05
e869391c
00003e26
17a5393f
2c3b2c3b
396217b4
3e720000
3985e83e
2c71d38f
17d0c658
0000c141
e821c635
d359d359
c612e813
c0f60000
c5f017fc
d3232cdd
e7f63a34
00003f56
18183a56
2d132d13
3a791827
3fa20000
3a9ce7cb
2d48d2b8
1844c542
0000c013
e7aec51f
d282d282
c4fce7a0
bfc70000
c4d9186f
d24d2db3
e7833b49
00004084
188b3b6c
2de92de9
3b8e1899
40cf0000
3bb1e758
2e1ed1e2
18b6c42d
0000bee6
e73cc40a
d1add1ad
c3e8e72e
be9b0000
c3c518e1
d1782e88
e7113c5c
000041af
18fd3c7f
2ebd2ebd
3ca1190b
41fa0000
3cc4e6e7
2ef2d10e
1927c31a
0000bdbc
e6cbc2f8
d0d9d0d9
c2d6e6bd
bd720000
c2b41952
d0a52f5b
e6a03d6e
000042d9
196e3d90
2f902f90
3db3197c
43220000
3dd4e676
2fc4d03c
1998c20a
0000bc95
e65ac1e8
d007d007
c1c6e64c
bc4a0000
c1a519c2
cfd3302d
e6303e7d
000043ff
19de3e9f
30613061
3ec119eb
44480000
3ee3e607
3095cf6b
1a07c0fc
0000bb6f
e5ebc0db
cf38cf38
c0b9e5dd
bb260000
c0981a31
cf0430fc
e5c13f8a
00004522
1a4c3fab
312f312f
3fcc1a5a
456b0000
3feee598
3163ce9d
1a76bff1
0000ba4d
e57dbfd0
ce6ace6a
bfafe56f
ba050000
bf8e1a9e
ce3731c9
e5544093
00004643
1aba40b4
31fc31fc
40d51ac7
468b0000
40f6e52b
322fcdd1
1ae3bee8
0000b92e
e510bec7
cd9ecd9e
bea7e502
b8e60000
be861b0b
cd6b3295
e4e7419a
00004761
1b2641bb
32c732c7
41dc1b34
47a80000
41fce4bf
32f9cd07
1b4fbde3
0000b812
e4a4bdc3
ccd5ccd5
bda2e496
b7cc0000
bd821b77
cca3335d
e47c429f
0000487b
1b9242bf
338f338f
42df1b9f
48c10000
42ffe454
33c1cc3f
1bb9bce1
0000b6f9
e439bcc0
cc0ecc0e
bca1e42c
b6b30000
bc811be1
cbdd3423
e412439f
00004992
1bfc43bf
34553455
43df1c09
49d70000
43ffe3ea
3486cb7a
1c23bbe2
0000b5e4
e3d0bbc2
cb4acb4a
bba2e3c3
b59f0000
bb831c4a
cb1934e7
e3a9449d
00004aa5
1c6444bc
35183518
44db1c71
4ae90000
44fbe382
3548cab8
1c8bbae6
0000b4d3
e368bac6
ca88ca88
baa8e35b
b48f0000
ba891cb1
ca5835a8
e3424596
00004bb4
1ccb45b6
35d835d8
45d51cd8
4bf80000
45f4e31b
3608c9f8
1cf1b9ee
0000b3c5
e302b9cf
c9c9c9c9
b9b0e2f5
b3830000
b9911d17
c9993667
e2dc468d
00004cc0
1d3146ac
36963696
46ca1d3d
4d020000
46e8e2b6
36c4c93c
1d56b8f9
0000b2bc
e29db8db
c90dc90d
b8bde291
b27a0000
b89e1d7c
c8de3722
e2784780
00004dc7
1d94479d
37503750
47bb1da1
4e090000
47dae253
377ec882
1dbab809
0000b1b7
e23ab7eb
c854c854
b7cde22e
b1760000
b7b01dde
c82637da
e216486e
00004eca
1df7488c
38083808
48a91e03
4f0a0000
48c7e1f1
3835c7cb
1e1bb71d
0000b0b6
e1d9b6ff
c79ec79e
b6e2e1cc
b0760000
b6c51e3f
c7703890
e1b44959
00004fc9
1e574975
38bc38bc
49921e63
50080000
49b0e191
38e9c717
1e7bb634
0000afb9
e179b617
c6ebc6eb
b5fae16d
af7b0000
b5de1e9f
c6bf3941
e1554a3f
000050c3
1eb64a5b
396d396d
4a771ec2
51010000
4a94e132
3999c667
1ed9b550
0000aec2
e11bb534
c63bc63b
b518e10f
ae850000
b4fb1efd
c61039f0
e0f84b20
000051b8
1f134b3c
3a1b3a1b
4b581f1f
51f40000
4b74e0d5
3a46c5ba
1f36b470
0000adcf
e0bfb454
c590c590
b439e0b3
ad930000
b41e1f58
c5653a9b
e09c4bfe
000052a9
1f6f4c1a
3ac53ac5
4c351f7a
52e40000
4c50e07b
3aefc511
1f90b395
0000ace1
e064b37a
c4e7c4e7
b35fe059
aca60000
b3441fb2
c4bd3b43
e0434cd7
00005394
1fc84cf1
3b6c3b6c
4d0d1fd3
53ce0000
4d27e022
3b95c46b
1fe9b2be
0000abf8
e00cb2a4
c442c442
b28ae001
abbf0000
b26f200a
c41a3be6
dfec4dab
0000547a
201f4dc5
3c0f3c0f
4ddf202a
54b30000
4df9dfcb
3c37c3c9
2040b1ed
0000ab15
dfb6b1d3
c3a1c3a1
b1b9dfab
aadd0000
b19f2060
c3793c87
df964e7a
0000555b
20754e94
3cae3cae
4ead207f
55920000
4ec7df76
3cd5c32b
2094b120
0000aa36
df61b107
c304c304
b0eedf57
aa000000
b0d520b3
c2dd3d23
df424f44
00005636
20c84f5d
3d493d49
4f7620d2
566c0000
4f8fdf24
3d70c290
20e7b058
0000a95e
df0fb040
c26bc26b
b027df05
a9290000
b00f2105
c2453dbb
def15009
0000570c
21195022
3de03de0
503a2123
57410000
5052ded3
3e05c1fb
2137af96
0000a88b
debfaf7f
c1d5c1d5
af66deb5
a8570000
af4e2154
c1b13e4f
dea250c9
000057dc
216850e1
3e743e74
50f82172
58100000
5110de85
3e98c168
2185aed9
0000a7bd
de71aec2
c144c144
aeabde68
a78b0000
ae9421a2
c1213edf
de555183
000058a7
21b5519a
3f033f03
51b121be
58d90000
51c8de39
3f26c0da
21d1ae21
0000a6f6
de26ae0b
c0b7c0b7
adf4de1c
a6c60000
adde21ed
c0953f6b
de0a5239
0000596b
21ff524f
3f8e3f8e
52652208
599b0000
527bddef
3fafc051
221bad6f
0000a635
ddddad59
c02fc02f
ad43ddd3
a6060000
ad2e2236
c00d3ff3
ddc252e8
00005a29
224752fe
40144014
53132250
5a570000
5328dda7
4035bfcb
2262acc2
0000a57a
dd96acae
bfaabfaa
ac98dd8d
a54c0000
ac83227c
bf8a4076
dd7c5392
00005ae1
228d53a6
40964096
53bb2296
5b0e0000
53cfdd62
40b6bf4a
22a7ac1c
0000a4c5
dd51ac08
bf2bbf2b
abf3dd48
a4990000
abdf22c0
bf0b40f5
dd385435
00005b93
22d0544a
41144114
545e22d9
5bbe0000
5471dd1f
4133becd
22e9ab7b
0000a417
dd0fab67
beafbeaf
ab54dd07
a3ec0000
ab402301
be91416f
dcf754d4
00005c3e
231254e7
418d418d
54fa2319
5c680000
550ddcdf
41aabe56
2329aae0
0000a36e
dccfaacd
be38be38
aabadcc7
a3460000
aaa72340
be1b41e5
dcb8556b
00005ce3
2350557e
42014201
55912358
5d0b0000
55a3dca1
421ebde2
2367aa4b
0000a2cd
dc92aa39
bdc6bdc6
aa27dc8a
a2a60000
aa15237d
bdaa4256
dc7c55fd
00005d82
238c560f
42714271
56212393
5da80000
5632dc66
428cbd74
23a1a9bc
0000a232
dc57a9aa
bd59bd59
a999dc50
a20c0000
a98823b7
bd3e42c2
dc425689
00005e18
23c5569a
42dc42dc
56ab23cc
5e3e0000
56bcdc2d
42f6bd0a
23daa934
0000a19e
dc1fa923
bcf0bcf0
a912dc18
a17a0000
a90223ef
bcd74329
dc0b570e
00005eaa
23fc571f
43424342
572f2403
5ecd0000
573fdbf7
435bbca5
2410a8b1
0000a111
dbeaa8a1
bc8dbc8d
a891dbe3
a0ee0000
a8822424
bc75438b
dbd6578e
00005f33
2430579d
43a343a3
57ac2437
5f550000
57bcdbc3
43bbbc45
2443a835
0000a08a
dbb7a826
bc2ebc2e
a817dbb1
a06a0000
a8082456
bc1743e9
dba45806
00005fb6
24625815
44004400
58242468
5fd60000
5832db92
4416bbea
2474a7c0
0000a00b
db86a7b1
bbd4bbd4
a7a3db81
9fed0000
a7952485
bbbe4442
db755879
00006032
24905886
44574457
58952496
604f0000
58a2db64
446cbb94
24a1a751
00009f93
db59a743
bb80bb80
a736db54
9f760000
a72924b2
bb6b4495
db4958e4
000060a6
24bd58f1
44a944a9
58fe24c2
60c20000
590bdb39
44bdbb43
24cda6e8
00009f22
db2ea6dc
bb30bb30
a6cfdb29
9f070000
a6c324dc
bb1d44e3
db1f594a
00006114
24e65956
44f644f6
596124eb
612e0000
596edb10
4508baf8
24f5a686
00009eb8
db06a67b
bae5bae5
a66fdb01
9e9f0000
a6642503
bad4452c
daf859a8
0000617a
250d59b3
453e453e
59bf2512
61920000
59cadaea
454fbab1
251ba62c
00009e56
dae1a620
baa0baa0
a615dadc
9e3e0000
a60b2528
ba8f4571
dad45a00
000061d9
25315a0a
45814581
5a142535
61ef0000
5a1fdac7
4591ba6f
253ea5d7
00009dfa
dabea5cd
ba60ba60
a5c3daba
9de50000
a5b9254a
ba5145af
dab25a51
00006231
25525a5a
45be45be
5a632556
62450000
5a6edaa6
45cdba33
255ea589
00009da7
da9fa581
ba25ba25
a577da9b
9d930000
a56e2569
ba1745e9
da945a9b
00006280
25705aa3
45f645f6
5aac2574
62930000
5ab5da89
4604b9fc
257ba543
00009d5a
da82a53b
b9f0b9f0
a532da7e
9d480000
a52a2585
b9e3461d
da785ade
000062c9
258b5ae6
46294629
5aed258f
62da0000
5af5da6e
4635b9cb
2595a503
00009d15
da68a4fc
b9bfb9bf
a4f4da65
9d060000
a4ed259e
b9b4464c
da5f5b1a
0000630a
25a45b21
46574657
5b2825a7
63190000
5b2fda56
4661b99f
25ada4ca
00009cd8
da51a4c3
b995b995
a4bdda4e
9cca0000
a4b725b5
b98b4675
da495b4f
00006344
25ba5b56
467f467f
5b5c25bc
63510000
5b62da41
4688b978
25c1a498
00009ca2
da3da493
b96fb96f
a48dda3a
9c960000
a48825c8
b9674699
da365b7e
00006376
25cc5b83
46a246a2
5b8925cf
63810000
5b8eda2f
46a9b957
25d3a46d
00009c74
da2ba469
b94fb94f
a464da29
9c6a0000
a46025d9
b94846b8
da255ba5
000063a0
25dc5baa
46bf46bf
5bae25de
63a90000
5bb2da20
46c6b93a
25e1a44a
00009c4e
da1da446
b934b934
a442da1b
9c460000
a43e25e6
b92f46d1
da185bc6
000063c2
25e95bc9
46d746d7
5bcc25eb
63ca0000
5bd0da14
46dcb924
25eda42d
00009c2f
da11a42a
b91fb91f
a427da10
9c290000
a42425f1
b91b46e5
da0e5bdf
000063de
25f35be1
46e946e9
5be425f4
63e30000
5be6da0b
46edb913
25f7a417
00009c18
da09a415
b910b910
a413da08
9c140000
a41125f9
b90c46f4
da065bf1
000063f0
25fa5bf2
46f746f7
5bf525fb
63f40000
5bf6da04
46f9b907
25fca409
00009c09
da03a407
b905b905
a406da03
9c060000
a40525fe
b90346fd
da025bfc
000063fc
25ff5bfd
46fe46fe
5bfe25ff
63fe0000
5bffda01
46ffb901
25ffa401
00009c01
da00a401
b901b901
a400da00
9c000000
a4002600
b9004700
da005c00
00006400
26005c00
47004700
5c002600
64000000
5c00da00
46ffb901
2600a401
00009c01
da01a401
b901b901
a401da01
9c020000
a40225ff
b90246fe
da015bfd
000063fc
25fe5bfc
46fd46fd
5bfb25fe
63fa0000
5bfada03
46fbb905
25fda407
00009c09
da04a409
b907b907
a40ada04
9c0c0000
a40b25fb
b90946f7
da065bf2
000063f0
25fa5bf1
46f446f4
5bef25f9
63ec0000
5bedda08
46f0b910
25f7a415
00009c18
da09a417
b913b913
a41ada0b
9c1d0000
a41c25f4
b91746e9
da0d5be1
000063de
25f25bdf
46e546e5
5bdc25f1
63d70000
5bd9da10
46e1b91f
25efa42a
00009c2f
da13a42d
b924b924
a430da14
9c360000
a43425eb
b92946d7
da175bc9
000063c2
25e85bc6
46d146d1
5bc225e6
63ba0000
5bbeda1b
46ccb934
25e3a446
00009c4e
da1fa44a
b93ab93a
a44eda20
9c570000
a45225de
b94146bf
da245baa
000063a0
25db5ba5
46b846b8
5ba025d9
63960000
5b9cda29
46b1b94f
25d5a469
00009c74
da2da46d
b957b957
a472da2f
9c7f0000
a47725cf
b95e46a2
da345b83
00006376
25ca5b7e
46994699
5b7825c8
636a0000
5b73da3a
4691b96f
25c3a493
00009ca2
da3fa498
b978b978
a49eda41
9caf0000
a4a425bc
b981467f
da465b56
00006344
25b75b4f
46754675
5b4925b5
63360000
5b43da4e
466bb995
25afa4c3
00009cd8
da53a4ca
b99fb99f
a4d1da56
9ce70000
a4d825a7
b9a94657
da5c5b21
0000630a
25a15b1a
464c464c
5b13259e
62fa0000
5b0cda65
4641b9bf
2598a4fc
00009d15
da6ba503
b9cbb9cb
a50bda6e
9d260000
a513258f
b9d74629
da755ae6
000062c9
25885ade
461d461d
5ad62585
62b80000
5aceda7e
4610b9f0
257ea53b
00009d5a
da85a543
b9fcb9fc
a54bda89
9d6d0000
a5542574
ba0a45f6
da905aa3
00006280
256c5a9b
45e945e9
5a922569
626d0000
5a89da9b
45dbba25
2561a581
00009da7
daa2a589
ba33ba33
a592daa6
9dbb0000
a59d2556
ba4245be
daae5a5a
00006231
254e5a51
45af45af
5a47254a
621b0000
5a3ddaba
45a0ba60
2542a5cd
00009dfa
dac2a5d7
ba6fba6f
a5e1dac7
9e110000
a5ec2535
ba7f4581
dacf5a0a
000061d9
252c5a00
45714571
59f52528
61c20000
59ebdadc
4560baa0
251fa620
00009e56
dae5a62c
bab1bab1
a636daea
9e6e0000
a6412512
bac2453e
daf359b3
0000617a
250859a8
452c452c
599c2503
61610000
5991db01
451bbae5
24faa67b
00009eb8
db0ba686
baf8baf8
a692db10
9ed20000
a69f24eb
bb0a44f6
db1a5956
00006114
24e1594a
44e344e3
593d24dc
60f90000
5931db29
44d0bb30
24d2a6dc
00009f22
db33a6e8
bb43bb43
a6f5db39
9f3e0000
a70224c2
bb5744a9
db4358f1
000060a6
24b758e4
44954495
58d724b2
608a0000
58cadb54
4480bb80
24a7a743
00009f93
db5fa751
bb94bb94
a75edb64
9fb10000
a76b2496
bba94457
db705886
00006032
248b5879
44424442
586b2485
60130000
585ddb81
442cbbd4
247aa7b1
0000a00b
db8ca7c0
bbeabbea
a7cedb92
a02a0000
a7dc2468
bc004400
db9e5815
00005fb6
245c5806
43e943e9
57f82456
5f960000
57e9dbb1
43d2bc2e
2449a826
0000a08a
dbbda835
bc45bc45
a844dbc3
a0ab0000
a8542437
bc5d43a3
dbd0579d
00005f33
242a578e
438b438b
577e2424
5f120000
576fdbe3
4373bc8d
2416a8a1
0000a111
dbf0a8b1
bca5bca5
a8c1dbf7
a1330000
a8d12403
bcbe4342
dc04571f
00005eaa
23f5570e
43294329
56fe23ef
5e860000
56eedc18
4310bcf0
23e1a923
0000a19e
dc26a934
bd0abd0a
a944dc2d
a1c20000
a95523cc
bd2442dc
dc3b569a
00005e18
23be5689
42c242c2
567823b7
5df40000
5667dc50
42a7bd59
23a9a9aa
0000a232
dc5fa9bc
bd74bd74
a9cedc66
a2580000
a9df2393
bd8f4271
dc74560f
00005d82
238455fd
42564256
55eb237d
5d5a0000
55d9dc8a
423abdc6
236eaa39
0000a2cd
dc99aa4b
bde2bde2
aa5ddca1
a2f50000
aa6f2358
bdff4201
dcb0557e
00005ce3
2348556b
41e541e5
55592340
5cba0000
5546dcc7
41c8be38
2331aacd
0000a36e
dcd7aae0
be56be56
aaf3dcdf
a3980000
ab062319
be73418d
dcee54e7
00005c3e
230954d4
416f416f
54c02301
5c140000
54acdd07
4151beaf
22f1ab67
0000a417
dd17ab7b
becdbecd
ab8fdd1f
a4420000
aba222d9
beec4114
dd30544a
00005b93
22c85435
40f540f5
542122c0
5b670000
540ddd48
40d5bf2b
22afac08
0000a4c5
dd59ac1c
bf4abf4a
ac31dd62
a4f20000
ac452296
bf6a4096
dd7353a6
00005ae1
22845392
40764076
537d227c
5ab40000
5368dd8d
4056bfaa
226aacae
0000a57a
dd9eacc2
bfcbbfcb
acd8dda7
a5a90000
aced2250
bfec4014
ddb952fe
00005a29
223e52e8
3ff33ff3
52d22236
59fa0000
52bdddd3
3fd1c02f
2223ad59
0000a635
dde5ad6f
c051c051
ad85ddef
a6650000
ad9b2208
c0723f8e
de01524f
0000596b
21f65239
3f6b3f6b
522221ed
593a0000
520cde1c
3f49c0b7
21daae0b
0000a6f6
de2fae21
c0dac0da
ae38de39
a7270000
ae4f21be
c0fd3f03
de4b519a
000058a7
21ab5183
3edf3edf
516c21a2
58750000
5155de68
3ebcc144
218faec2
0000a7bd
de7baed9
c168c168
aef0de85
a7f00000
af082172
c18c3e74
de9850e1
000057dc
215e50c9
3e4f3e4f
50b22154
57a90000
509adeb5
3e2bc1d5
2141af7f
0000a88b
dec9af96
c1fbc1fb
afaeded3
a8bf0000
afc62123
c2203de0
dee75022
0000570c
210f5009
3dbb3dbb
4ff12105
56d70000
4fd9df05
3d95c26b
20f1b040
0000a95e
df19b058
c290c290
b071df24
a9940000
b08a20d2
c2b73d49
df384f5d
00005636
20be4f44
3d233d23
4f2b20b3
56000000
4f12df57
3cfcc304
209fb107
0000aa36
df6cb120
c32bc32b
b139df76
aa6e0000
b153207f
c3523cae
df8b4e94
0000555b
206a4e7a
3c873c87
4e612060
55230000
4e47dfab
3c5fc3a1
204ab1d3
0000ab15
dfc0b1ed
c3c9c3c9
b207dfcb
ab4d0000
b221202a
c3f13c0f
dfe14dc5
0000547a
20144dab
3be63be6
4d91200a
54410000
4d76e001
3bbec442
1ff4b2a4
0000abf8
e017b2be
c46bc46b
b2d9e022
ac320000
b2f31fd3
c4943b6c
e0384cf1
00005394
1fbd4cd7
3b433b43
4cbc1fb2
535a0000
4ca1e059
3b19c4e7
1f9cb37a
0000ace1
e070b395
c511c511
b3b0e07b
ad1c0000
b3cb1f7a
c53b3ac5
e0914c1a
000052a9
1f644bfe
3a9b3a9b
4be21f58
526d0000
4bc7e0b3
3a70c590
1f41b454
0000adcf
e0cab470
c5bac5ba
b48ce0d5
ae0c0000
b4a81f1f
c5e53a1b
e0ed4b3c
000051b8
1f084b20
39f039f0
4b051efd
517b0000
4ae8e10f
39c5c63b
1ee5b534
0000aec2
e127b550
c667c667
b56ce132
aeff0000
b5891ec2
c693396d
e14a4a5b
000050c3
1eab4a3f
39413941
4a221e9f
50850000
4a06e16d
3915c6eb
1e87b617
0000afb9
e185b634
c717c717
b650e191
aff80000
b66e1e63
c74438bc
e1a94975
00004fc9
1e4c4959
38903890
493b1e3f
4f8a0000
491ee1cc
3862c79e
1e27b6ff
0000b0b6
e1e5b71d
c7cbc7cb
b739e1f1
b0f60000
b7571e03
c7f83808
e209488c
00004eca
1dea486e
37da37da
48501dde
4e8a0000
4833e22e
37acc854
1dc6b7eb
0000b1b7
e246b809
c882c882
b826e253
b1f70000
b8451da1
c8b03750
e26c479d
00004dc7
1d884780
37223722
47621d7c
4d860000
4743e291
36f3c90d
1d63b8db
0000b2bc
e2aab8f9
c93cc93c
b918e2b6
b2fe0000
b9361d3d
c96a3696
e2cf46ac
00004cc0
1d24468d
36673667
466f1d17
4c7d0000
4650e2f5
3637c9c9
1cfeb9cf
0000b3c5
e30fb9ee
c9f8c9f8
ba0ce31b
b4080000
ba2b1cd8
ca2835d8
e33545b6
00004bb4
1cbe4596
35a835a8
45771cb1
4b710000
4558e35b
3578ca88
1c98bac6
0000b4d3
e375bae6
cab8cab8
bb05e382
b5170000
bb251c71
cae83518
e39c44bc
00004aa5
1c57449d
34e734e7
447d1c4a
4a610000
445ee3c3
34b6cb4a
1c30bbc2
0000b5e4
e3ddbbe2
cb7acb7a
bc01e3ea
b6290000
bc211c09
cbab3455
e40443bf
00004992
1bee439f
34233423
437f1be1
494d0000
435fe42c
33f2cc0e
1bc7bcc0
0000b6f9
e447bce1
cc3fcc3f
bd01e454
b73f0000
bd211b9f
cc71338f
e46e42bf
0000487b
1b84429f
335d335d
427e1b77
48340000
425ee496
332bccd5
1b5cbdc3
0000b812
e4b1bde3
cd07cd07
be04e4bf
b8580000
be241b34
cd3932c7
e4da41bb
00004761
1b19419a
32953295
417a1b0b
471a0000
4159e502
3262cd9e
1af0bec7
0000b92e
e51dbee8
cdd1cdd1
bf0ae52b
b9750000
bf2b1ac7
ce0431fc
e54640b4
00004643
1aac4093
31c931c9
40721a9e
45fb0000
4051e56f
3196ce6a
1a83bfd0
0000ba4d
e58abff1
ce9dce9d
c012e598
ba950000
c0341a5a
ced1312f
e5b43fab
00004522
1a3f3f8a
30fc30fc
3f681a31
44da0000
3f47e5dd
30c8cf38
1a15c0db
0000bb6f
e5f9c0fc
cf6bcf6b
c11de607
bbb80000
c13f19eb
cf9f3061
e6223e9f
000043ff
19d03e7d
302d302d
3e5b19c2
43b60000
3e3ae64c
2ff9d007
19a6c1e8
0000bc95
e668c20a
d03cd03c
c22ce676
bcde0000
c24d197c
d0702f90
e6923d90
000042d9
19603d6e
2f5b2f5b
3d4c1952
428e0000
3d2ae6bd
2f27d0d9
1935c2f8
0000bdbc
e6d9c31a
d10ed10e
c33ce6e7
be060000
c35f190b
d1432ebd
e7033c7f
000041af
18ef3c5c
2e882e88
3c3b18e1
41650000
3c18e72e
2e53d1ad
18c4c40a
0000bee6
e74ac42d
d1e2d1e2
c44fe758
bf310000
c4721899
d2172de9
e7753b6c
00004084
187d3b49
2db32db3
3b27186f
40390000
3b04e7a0
2d7ed282
1852c51f
0000c013
e7bcc542
d2b8d2b8
c564e7cb
c05e0000
c5871827
d2ed2d13
e7e83a56
00003f56
180a3a34
2cdd2cdd
3a1017fc
3f0a0000
39eee813
2ca7d359
17dfc635
0000c141
e830c658
d38fd38f
c67be83e
c18e0000
c69e17b4
d3c52c3b
e85b393f
00003e26
1797391c
2c052c05
38f91788
3dda0000
38d6e886
2bcfd431
176bc74e
0000c272
e8a3c771
d467d467
c794e8b2
c2bf0000
c7b7173f
d49d2b63
e8cf3826
00003cf5
17223802
2b2c2b2c
37df1714
3ca80000
37bce8fb
2af5d50b
16f7c867
0000c3a5
e918c88b
d541d541
c8aee926
c3f20000
c8d216cb
d5772a89
e944370b
00003bc1
16ae36e8
2a522a52
36c4169f
3b740000
36a1e970
2a1bd5e5
1682c982
0000c4d9
e98dc9a6
d61cd61c
c9cae99c
c5260000
c9ee1656
d65329ad
e9b935ef
00003a8c
163835cb
29772977
35a8162a
3a3f0000
3584e9e5
293fd6c1
160cca9f
0000c60e
ea03cac3
d6f8d6f8
cae7ea11
c65d0000
cb0a15e0
d72f28d1
ea2f34d2
00003956
15c234ae
289a289a
348a15b3
39090000
3467ea5b
2863d79d
1596cbbd
0000c745
ea79cbe1
d7d5d7d5
cc05ea88
c7930000
cc29156a
d80c27f4
eaa533b4
0000381f
154c3390
27bd27bd
336c153d
37d10000
3348ead2
2786d87a
1520ccdc
0000c87d
eaefcd00
d8b2d8b2
cd24eafe
c8cb0000
cd4814f3
d8e92717
eb1c3294
000036e7
14d53270
26df26df
324c14c7
36990000
3228eb48
26a8d958
14a9cdfb
0000c9b6
eb66ce1f
d990d990
ce43eb75
ca040000
ce68147c
d9c82638
eb933174
000035ad
145e3150
26012601
312c144f
355f0000
3108ebbf
25c9da37
1432cf1c
0000caef
ebddcf40
da6eda6e
cf64ebec
cb3e0000
cf881405
daa6255a
ec0a3054
00003474
13e73030
25222522
300c13d8
34260000
2fe7ec37
24eadb16
13bad03d
0000cc29
ec54d061
db4ddb4d
d084ec63
cc770000
d0a9138e
db85247b
ec812f33
0000333a
13702f0f
24432443
2eeb1361
32ec0000
2ec6ecae
240bdbf5
1343d15e
0000cd63
ecccd181
dc2cdc2c
d1a5ecdb
cdb10000
d1ca1316
dc64239c
ecf92e12
00003200
12f92dee
23642364
2dca12ea
31b10000
2da5ed25
232cdcd4
12ccd27e
0000ce9d
ed43d2a2
dd0bdd0b
d2c6ed52
ceec0000
d2eb129f
dd4322bd
ed702cf1
000030c6
12812ccd
22852285
2ca91272
30770000
2c85ed9d
224dddb3
1254d39f
0000cfd7
edbad3c3
ddeaddea
d3e7edc9
d0260000
d40c1228
de2221de
ede72bd0
00002f8c
120a2bac
21a621a6
2b8811fb
2f3e0000
2b64ee14
216ede92
11ddd4c0
0000d111
ee32d4e4
dec9dec9
d508ee41
d15f0000
d52c11b1
df0120ff
ee5e2ab0
00002e53
11932a8c
20c820c8
2a681184
2e040000
2a43ee8b
2090df70
1166d5e1
0000d24a
eea9d605
dfa8dfa8
d628eeb8
d2990000
d64c1139
dfdf2021
eed52990
00002d19
111c296c
1fe91fe9
2948110d
2ccb0000
2924ef02
1fb2e04e
10efd700
0000d383
ef20d724
e085e085
d748ef2e
d3d10000
d76c10c3
e0bd1f43
ef4c2870
00002be1
10a5284c
1f0c1f0c
28291097
2b930000
2805ef78
1ed5e12b
1079d81f
0000d4bb
ef96d843
e163e163
d867efa5
d5090000
d88a104d
e19a1e66
efc22752
00002aaa
102f272e
1e2f1e2f
270a1020
2a5d0000
26e7efee
1df8e208
1003d93d
0000d5f2
f00cd961
e23fe23f
d984f01b
d63f0000
d9a80fd6
e2761d8a
f0382635
00002974
0fb92611
1d531d53
25ee0faa
29260000
25caf064
1d1ce2e4
0f8dda5a
0000d727
f082da7d
e31be31b
daa1f090
d7740000
dac40f61
e3521cae
f0ae2518
0000283f
0f4424f5
1c771c77
24d20f35
27f20000
24aef0da
1c41e3bf
0f18db75
0000d85b
f0f7db99
e3f5e3f5
dbbcf105
d8a80000
dbdf0eec
e42c1bd4
f12223fe
0000270b
0ecf23da
1b9d1b9d
23b70ec1
26bf0000
2394f14e
1b67e499
0ea3dc8f
0000d98e
f16bdcb2
e4cfe4cf
dcd6f17a
d9da0000
dcf90e78
e5051afb
f19722e4
000025da
0e5b22c1
1ac51ac5
229e0e4c
258e0000
227bf1c2
1a8fe571
0e30dda8
0000dabe
f1dfddcb
e5a7e5a7
ddeef1ed
db0a0000
de100e04
e5dd1a23
f20a21cc
000024aa
0de821aa
19ed19ed
21870dd9
245e0000
2164f235
19b8e648
0dbcdebe
0000dbed
f252dee1
e67ee67e
df04f260
dc390000
df270d91
e6b3194d
f27d20b7
0000237c
0d752094
19171917
20720d67
23310000
204ff2a8
18e2e71e
0d4adfd3
0000dd1a
f2c4dff6
e753e753
e018f2d2
dd650000
e03b0d1f
e7881878
f2ef1fa4
00002251
0d031f81
18431843
1f5f0cf5
22060000
1f3cf319
180ee7f2
0cd9e0e6
0000de44
f335e108
e827e827
e12af343
de8e0000
e14c0cae
e85b17a5
f3601e92
00002128
0c921e70
17701770
1e4d0c84
20de0000
1e2cf38a
173ce8c4
0c68e1f6
0000df6b
f3a6e218
e8f9e8f9
e23af3b4
dfb60000
e25b0c3e
e92d16d3
f3d01d83
00002001
0c231d61
169f169f
1d3f0c15
1fb80000
1d1df3f9
166be995
0bf9e304
0000e091
f415e325
e9c8e9c8
e347f423
e0da0000
e3680bcf
e9fc1604
f43f1c76
00001ede
0bb41c55
15d115d1
1c340ba6
1e950000
1c12f468
159dea63
0b8be40f
0000e1b3
f483e430
ea96ea96
e451f491
e1fb0000
e4720b62
eac91537
f4ac1b6d
00001dbd
0b461b4c
15041504
1b2b0b39
1d750000
1b0af4d5
14d1eb2f
0b1de517
0000e2d2
f4f0e539
eb62eb62
e559f4fe
e31a0000
e57a0af5
eb95146b
f5191a66
00001c9f
0ada1a45
14391439
1a240acc
1c580000
1a04f541
1407ebf9
0ab1e61d
0000e3ee
f55ce63d
ec2bec2b
e65ef56a
e4340000
e67e0a89
ec5d13a3
f5841962
00001b85
0a6e1941
13711371
19210a61
1b3f0000
1901f5ac
133fecc1
0a47e71f
0000e507
f5c7e73f
ecf2ecf2
e75ff5d4
e54d0000
e77f0a1f
ed2312dd
f5ee1861
00001a6e
0a041841
12ab12ab
182109f7
1a290000
1801f616
127aed86
09dde81e
0000e61c
f630e83e
edb6edb6
e85ef63d
e6610000
e87d09b6
ede71219
f6571763
0000195b
099c1744
11e811e8
1725098f
19170000
1705f67e
11b8ee48
0975e91a
0000e72d
f698e939
ee78ee78
e958f6a5
e7710000
e977094f
eea81158
f6be166a
0000184c
0935164a
11281128
162b0928
18080000
160cf6e5
10f8ef08
090fea12
0000e83b
f6feea31
ef37ef37
ea50f70b
e87d0000
ea6f08e9
ef671099
f7241573
00001740
08cf1554
106a106a
153608c3
16fe0000
1518f74a
103cefc4
08aaeb07
0000e944
f763eb25
eff3eff3
eb43f76f
e9860000
eb610884
f0220fde
f7881480
00001639
086c1463
0fb00fb0
1445085f
15f70000
1426f7ad
0f82f07e
0847ebf7
0000ea49
f7c6ec15
f0acf0ac
ec33f7d2
ea8a0000
ec500822
f0da0f26
f7ea1392
00001536
08091374
0ef80ef8
135707fd
14f60000
1339f80f
0ecbf135
07e5ece3
0000eb4a
f827ed01
f162f162
ed1ef834
eb8a0000
ed3b07c1
f1900e70
f84c12a7
00001437
07a9128b
0e440e44
126e079d
13f80000
1250f86f
0e17f1e9
0785edcc
0000ec47
f887ede9
f215f215
ee06f893
ec850000
ee220761
f2410dbf
f8ab11c1
0000133d
074a11a5
0d930d93
1189073e
12ff0000
116cf8ce
0d67f299
0727eeb0
0000ed3e
f8e5eecc
f2c5f2c5
eee8f8f1
ed7b0000
ef050704
f2f00d10
f90810e0
00001248
06ed10c4
0ce50ce5
10a806e1
120c0000
108cf92b
0cbaf346
06caef90
0000ee31
f941efac
f370f370
efc7f94d
ee6d0000
efe206a8
f39b0c65
f9641002
00001157
06910fe6
0c3b0c3b
0fcb0686
111c0000
0fb0f985
0c11f3ef
0670f06b
0000ef1f
f99cf086
f419f419
f0a1f9a7
ef590000
f0bc064e
f4430bbd
f9bd0f29
0000106c
06380f0f
0b940b94
0ef3062d
10320000
0ed9f9de
0b6bf495
0617f142
0000f008
f9f4f15c
f4bef4be
f176f9ff
f0410000
f19105f6
f4e60b1a
fa140e55
00000f86
05e10e3b
0af10af1
0e2105d6
0f4d0000
0e07fa35
0ac9f537
05c1f213
0000f0eb
fa4af22d
f55ff55f
f247fa55
f1230000
f26105a0
f5870a79
fa6a0d86
00000ea5
058b0d6c
0a520a52
0d530581
0e6e0000
0d39fa8a
0a2bf5d5
056cf2e0
0000f1ca
fa9ef2f9
f5fcf5fc
f312faa9
f2000000
f32b054d
f62309dd
fabe0cbc
00000dca
05380ca3
09b709b7
0c8a052e
0d940000
0c72fadc
0990f670
0519f3a8
0000f2a2
faf1f3c0
f695f695
f3d9fafb
f2d70000
f3f104fb
f6bb0945
fb0f0bf7
00000cf4
04e70bde
09200920
0bc604dd
0cbf0000
0baefb2d
08fbf705
04c9f46a
0000f375
fb41f481
f72bf72b
f49afb4b
f3a90000
f4b204ac
f74f08b1
fb5e0b37
00000c24
04980b1f
088c088c
0b08048e
0bf00000
0af0fb7b
0868f798
047bf527
0000f443
fb8ff53e
f7bcf7bc
f555fb98
f4750000
f56c045e
f7df0821
fbab0a7d
00000b59
044b0a66
07fd07fd
0a4f0442
0b270000
0a38fbc7
07daf826
042ff5df
0000f50a
fbdaf5f5
f849f849
f60cfbe4
f53a0000
f6220413
f86b0795
fbf609c7
00000a95
040109b1
07720772
099b03f8
0a650000
0985fc11
0751f8af
03e6f691
0000f5cb
fc23f6a7
f8d1f8d1
f6bdfc2d
f5fa0000
f6d203ca
f8f3070d
fc3e0918
000009d7
03b90902
06ec06ec
08ed03b0
09a90000
08d8fc59
06cbf935
039ef73d
0000f686
fc6af752
f956f956
f768fc73
f6b40000
f77d0384
f976068a
fc84086e
0000091f
0373085a
066a066a
0845036a
08f20000
0831fc9e
064af9b6
0359f7e4
0000f73b
fcaff7f8
f9d5f9d5
f80dfcb8
f7670000
f8210340
f9f5060b
fcc807cb
0000086d
033007b6
05ec05ec
07a20327
08420000
078ffce1
05cdfa33
0317f885
0000f7e9
fcf1f899
fa51fa51
f8acfcf9
f8140000
f8c002ff
fa6f0591
fd09072c
000007c2
02ef0719
05730573
070602e7
07980000
06f3fd21
0556faaa
02d7f920
0000f892
fd31f933
fac8fac8
f946fd39
f8ba0000
f95902c0
fae5051b
fd480695
0000071d
02b00682
04ff04ff
066f02a8
06f50000
065dfd5f
04e2fb1e
0299f9b5
0000f933
fd6ef9c7
fb3afb3a
f9d9fd76
f95a0000
f9eb0283
fb5604aa
fd840603
0000067f
027405f1
048f048f
05df026d
06580000
05cefd9a
0474fb8c
025ffa44
0000f9ce
fda9fa56
fba7fba7
fa67fdb0
f9f40000
fa780249
fbc2043e
fdbe0577
000005e8
023b0566
04240424
05550234
05c20000
0544fdd3
040afbf6
0226facc
0000fa62
fde1fadd
fc10fc10
faeefde8
fa860000
fafe0211
fc2903d7
fdf504f2
00000556
020404e1
03be03be
04d101fd
05330000
04c1fe09
03a5fc5b
01f0fb4f
0000faef
fe16fb5f
fc73fc73
fb6ffe1d
fb110000
fb7e01dc
fc8b0375
fe2a0473
000004cd
01d00463
035d035d
045401c9
04ab0000
0445fe3d
0345fcbb
01bdfbcb
0000fb75
fe49fbda
fcd2fcd2
fbe9fe4f
fb960000
fbf801aa
fce90317
fe5c03fa
0000044a
019e03eb
03000300
03dc0198
042a0000
03cefe6e
02eafd16
018cfc40
0000fbf5
fe7afc4f
fd2cfd2c
fc5cfe7f
fc130000
fc6b017b
fd4202be
fe8b0387
000003ce
0170037a
02a902a9
036b016a
03b10000
035ffe9c
0294fd6c
015ffcaf
0000fc6d
fea7fcbd
fd80fd80
fccafeac
fc8a0000
fcd7014e
fd95026b
feb7031c
0000035a
0143030f
02570257
0302013e
033e0000
02f5fec7
0243fdbd
0133fd18
0000fcde
fed2fd24
fdd0fdd0
fd31fed7
fcf90000
fd3d0124
fde3021d
fee102b6
000002ec
011a02aa
020a020a
029f0115
02d20000
0292fef0
01f8fe08
010bfd7a
0000fd48
fefafd85
fe1bfe1b
fd91feff
fd610000
fd9c00fd
fe2c01d4
ff080258
00000286
00f3024d
01c201c2
024100ee
026e0000
0236ff16
01b1fe4f
00e5fdd4
0000fdaa
ff1ffde0
fe60fe60
fdebff24
fdc20000
fdf500d8
fe71018f
ff2c0200
00000227
00cf01f6
017f017f
01ec00cb
02110000
01e1ff39
016ffe91
00c2fe29
0000fe06
ff42fe33
fea0fea0
fe3dff46
fe1b0000
fe4700b6
feaf0151
ff4e01af
000001cf
00ae01a6
01420142
019d00aa
01bb0000
0193ff5a
0133fecd
00a2fe77
0000fe59
ff61fe7f
fedbfedb
fe89ff65
fe6d0000
fe920097
fee90117
ff6c0165
00000180
0090015d
010a010a
0154008c
016d0000
014bff77
00fcff04
0085febd
0000fea6
ff7efec5
ff10ff10
feceff82
feb80000
fed6007b
ff1d00e3
ff880122
00000137
0075011a
00d700d7
01130071
01260000
010bff92
00cbff35
006bfefd
0000feeb
ff98ff04
ff41ff41
ff0cff9b
fefa0000
ff130062
ff4c00b4
ffa100e6
000000f6
005c00df
00a900a9
00d80059
00e70000
00d1ffaa
009fff61
0053ff36
0000ff28
ffafff3c
ff6bff6b
ff43ffb2
ff360000
ff49004b
ff75008b
ffb700b1
000000bc
004600aa
00810081
00a40044
00af0000
009effbf
0078ff88
003fff68
0000ff5d
ffc3ff6d
ff91ff91
ff73ffc6
ff6a0000
ff780038
ff990067
ffca0082
0000008a
0034007d
005e005e
00770031
007f0000
0072ffd1
0057ffa9
002dff93
0000ff8c
ffd5ff97
ffb1ffb1
ff9cffd7
ff960000
ffa00027
ffb80048
ffdb005b
00000060
00240056
00410041
00520022
00570000
004effe0
003affc6
001fffb6
0000ffb2
ffe3ffba
ffccffcc
ffbeffe5
ffba0000
ffc2001a
ffd1002f
ffe8003a
0000003e
00170037
00290029
00340015
00360000
0030ffec
0024ffdc
0013ffd3
0000ffd1
ffefffd6
ffe1ffe1
ffd9fff0
ffd70000
ffdc000f
ffe5001b
fff20021
00000022
000d001f
00170017
001c000c
001d0000
001afff5
0013ffed
000affe9
0000ffe8
fff7ffeb
fff0fff0
ffedfff8
ffec0000
ffef0007
fff4000c
fffa000f
00000010
0006000e
00090009
000c0005
000c0000
000afffc
0007fff9
0004fff7
0000fff7
fffdfff9
fffbfffb
fffafffd
fffa0000
fffb0002
fffd0003
fffe0004
00000004
00010003
00020002
00020001
00020000
0001ffff
0001ffff
0001ffff
0000ffff
0000ffff
ffffffff
00000000
00000000
00000000
00000000
00000000
00000000
00000000
00000000
00000000
00000000
00000000
0001ffff
0000ffff
0000ffff
ffffffff
ffffffff
ffffffff
fffe0000
fffe0001
fffe0002
ffff0003
00000004
00020004
00030003
00050002
00060000
0006fffd
0005fffb
0003fff9
0000fff7
fffcfff7
fff9fff9
fff6fffc
fff40000
fff40005
fff70009
fffa000e
00000010
0006000f
000c000c
00110007
00140000
0013fff8
0010fff0
0009ffeb
0000ffe8
fff6ffe9
ffedffed
ffe6fff5
ffe30000
ffe4000c
ffe90017
fff3001f
00000022
000e0021
001b001b
0024000f
00290000
0027fff0
001fffe1
0011ffd6
0000ffd1
ffedffd3
ffdcffdc
ffd0ffec
ffca0000
ffcc0015
ffd70029
ffe90037
0000003e
0018003a
002f002f
003e001a
00460000
0042ffe5
0034ffcc
001dffba
0000ffb2
ffe1ffb6
ffc6ffc6
ffb2ffe0
ffa90000
ffae0022
ffbf0041
ffdc0056
00000060
0025005b
00480048
00600027
006a0000
0064ffd7
004fffb1
002bff97
0000ff8c
ffd3ff93
ffa9ffa9
ff8effd1
ff810000
ff890031
ffa2005e
ffcc007d
0000008a
00360082
00670067
00880038
00960000
008dffc6
006fff91
003dff6d
0000ff5d
ffc1ff68
ff88ff88
ff62ffbf
ff510000
ff5c0044
ff7f0081
ffba00aa
000000bc
004900b1
008b008b
00b7004b
00ca0000
00bdffb2
0095ff6b
0051ff3c
0000ff28
ffadff36
ff61ff61
ff2fffaa
ff190000
ff280059
ff5700a9
ffa400df
000000f6
005f00e6
00b400b4
00ed0062
01060000
00f4ff9b
00bfff41
0068ff04
0000feeb
ff95fefd
ff35ff35
fef5ff92
feda0000
feed0071
ff2900d7
ff8b011a
00000137
00780122
00e300e3
012a007b
01480000
0132ff82
00f0ff10
0082fec5
0000fea6
ff7bfebd
ff04ff04
feb5ff77
fe930000
feac008c
fef6010a
ff70015d
00000180
00940165
01170117
016e0097
01930000
0177ff65
0125fedb
009ffe7f
0000fe59
ff5efe77
fecdfecd
fe6dff5a
fe450000
fe6300aa
febe0142
ff5201a6
000001cf
00b201af
01510151
01b900b6
01e50000
01c3ff46
0160fea0
00befe33
0000fe06
ff3efe29
fe91fe91
fe1fff39
fdef0000
fe1400cb
fe81017f
ff3101f6
00000227
00d40200
018f018f
020b00d8
023e0000
0215ff24
01a0fe60
00e1fde0
0000fdaa
ff1bfdd4
fe4ffe4f
fdcaff16
fd920000
fdbf00ee
fe3e01c2
ff0d024d
00000286
00f80258
01d401d4
026400fd
029f0000
026ffeff
01e5fe1b
0106fd85
0000fd48
fef5fd7a
fe08fe08
fd6efef0
fd2e0000
fd610115
fdf6020a
fee602aa
000002ec
011f02b6
021d021d
02c30124
03070000
02cffed7
0230fdd0
012efd24
0000fcde
fecdfd18
fdbdfdbd
fd0bfec7
fcc20000
fcfe013e
fda90257
febd030f
0000035a
0149031c
026b026b
0329014e
03760000
0336feac
0280fd80
0159fcbd
0000fc6d
fea1fcaf
fd6cfd6c
fca1fe9c
fc4f0000
fc95016a
fd5702a9
fe90037a
000003ce
01750387
02be02be
0395017b
03ed0000
03a4fe7f
02d4fd2c
0186fc4f
0000fbf5
fe74fc40
fd16fd16
fc32fe6e
fbd60000
fc240198
fd000300
fe6203eb
0000044a
01a403fa
03170317
040801aa
046a0000
0417fe4f
032efcd2
01b7fbda
0000fb75
fe43fbcb
fcbbfcbb
fbbbfe3d
fb550000
fbac01c9
fca3035d
fe300463
000004cd
01d60473
03750375
048201dc
04ef0000
0491fe1d
038dfc73
01eafb5f
0000faef
fe10fb4f
fc5bfc5b
fb3ffe09
facd0000
fb2f01fd
fc4203be
fdfc04e1
00000556
020b04f2
03d703d7
05020211
057a0000
0512fde8
03f0fc10
021ffadd
0000fa62
fddafacc
fbf6fbf6
fabcfdd3
fa3e0000
faab0234
fbdc0424
fdc50566
000005e8
02420577
043e043e
05880249
060c0000
0599fdb0
0459fba7
0257fa56
0000f9ce
fda1fa44
fb8cfb8c
fa32fd9a
f9a80000
fa21026d
fb71048f
fd8c05f1
0000067f
027c0603
04aa04aa
06150283
06a60000
0627fd76
04c6fb3a
0292f9c7
0000f933
fd67f9b5
fb1efb1e
f9a3fd5f
f90b0000
f99102a8
fb0104ff
fd500682
0000071d
02b80695
051b051b
06a702c0
07460000
06bafd39
0538fac8
02cff933
0000f892
fd29f920
faaafaaa
f90dfd21
f8680000
f8fa02e7
fa8d0573
fd110719
000007c2
02f7072c
05910591
074002ff
07ec0000
0754fcf9
05affa51
030ff899
0000f7e9
fce9f885
fa33fa33
f871fce1
f7be0000
f85e0327
fa1405ec
fcd007b6
0000086d
033807cb
060b060b
07df0340
08990000
07f3fcb8
062bf9d5
0351f7f8
0000f73b
fca7f7e4
f9b6f9b6
f7cffc9e
f70e0000
f7bb036a
f996066a
fc8d085a
0000091f
037c086e
068a068a
08830384
094c0000
0898fc73
06aaf956
0396f752
0000f686
fc62f73d
f935f935
f728fc59
f6570000
f71303b0
f91406ec
fc470902
000009d7
03c20918
070d070d
092e03ca
0a060000
0943fc2d
072ff8d1
03ddf6a7
0000f5cb
fc1af691
f8aff8af
f67bfc11
f59b0000
f66503f8
f88e0772
fbff09b1
00000a95
040a09c7
07950795
09de0413
0ac60000
09f4fbe4
07b7f849
0426f5f5
0000f50a
fbd1f5df
f826f826
f5c8fbc7
f4d90000
f5b10442
f80307fd
fbb50a66
00000b59
04550a7d
08210821
0a94045e
0b8b0000
0aabfb98
0844f7bc
0471f53e
0000f443
fb85f527
f798f798
f510fb7b
f4100000
f4f8048e
f774088c
fb680b1f
00000c24
04a20b37
08b108b1
0b4e04ac
0c570000
0b66fb4b
08d5f72b
04bff481
0000f375
fb37f46a
f705f705
f452fb2d
f3410000
f43a04dd
f6e00920
fb190bde
00000cf4
04f10bf7
09450945
0c0f04fb
0d290000
0c27fafb
096bf695
050ff3c0
0000f2a2
fae7f3a8
f670f670
f38efadc
f26c0000
f376052e
f64909b7
fac80ca3
00000dca
05420cbc
09dd09dd
0cd5054d
0e000000
0ceefaa9
0a04f5fc
0562f2f9
0000f1ca
fa94f2e0
f5d5f5d5
f2c7fa8a
f1920000
f2ad0581
f5ae0a52
fa750d6c
00000ea5
05960d86
0a790a79
0d9f05a0
0edd0000
0db9fa55
0aa1f55f
05b6f22d
0000f0eb
fa3ff213
f537f537
f1f9fa35
f0b30000
f1df05d6
f50f0af1
fa1f0e3b
00000f86
05ec0e55
0b1a0b1a
0e6f05f6
0fbf0000
0e8af9ff
0b42f4be
060cf15c
0000f008
f9e9f142
f495f495
f127f9de
efce0000
f10d062d
f46c0b94
f9c80f0f
0000106c
06430f29
0bbd0bbd
0f44064e
10a70000
0f5ff9a7
0be7f419
0664f086
0000ef1f
f990f06b
f3eff3ef
f050f985
eee40000
f0350686
f3c50c3b
f96f0fe6
00001157
069c1002
0c650c65
101e06a8
11930000
1039f94d
0c90f370
06bfefac
0000ee31
f936ef90
f346f346
ef74f92b
edf40000
ef5806e1
f31b0ce5
f91310c4
00001248
06f810e0
0d100d10
10fb0704
12850000
1118f8f1
0d3bf2c5
071beecc
0000ed3e
f8d9eeb0
f299f299
ee94f8ce
ed010000
ee77073e
f26d0d93
f8b611a5
0000133d
075511c1
0dbf0dbf
11de0761
137b0000
11faf893
0debf215
0779ede9
0000ec47
f87bedcc
f1e9f1e9
edb0f86f
ec080000
ed92079d
f1bc0e44
f857128b
00001437
07b412a7
0e700e70
12c507c1
14760000
12e2f834
0e9ef162
07d9ed01
0000eb4a
f81bece3
f135f135
ecc7f80f
eb0a0000
eca907fd
f1080ef8
f7f71374
00001536
08161392
0f260f26
13b00822
15760000
13cdf7d2
0f54f0ac
083aec15
0000ea49
f7b9ebf7
f07ef07e
ebdaf7ad
ea090000
ebbb085f
f0500fb0
f7941463
00001639
08781480
0fde0fde
149f0884
167a0000
14bdf76f
100deff3
089deb25
0000e944
f756eb07
efc4efc4
eae8f74a
e9020000
eaca08c3
ef96106a
f7311554
00001740
08dc1573
10991099
159108e9
17830000
15b0f70b
10c9ef37
0902ea31
0000e83b
f6f1ea12
ef08ef08
e9f4f6e5
e7f80000
e9d50928
eed81128
f6cb164a
0000184c
0942166a
11581158
1689094f
188f0000
16a8f6a5
1188ee78
0968e939
0000e72d
f68be91a
ee48ee48
e8fbf67e
e6e90000
e8db098f
ee1811e8
f6641744
0000195b
09a91763
12191219
178309b6
199f0000
17a2f63d
124aedb6
09d0e83e
0000e61c
f623e81e
ed86ed86
e7fff616
e5d70000
e7df09f7
ed5512ab
f5fc1841
00001a6e
0a121861
12dd12dd
18810a1f
1ab30000
18a1f5d4
130eecf2
0a39e73f
0000e507
f5b9e71f
ecc1ecc1
e6fff5ac
e4c10000
e6df0a61
ec8f1371
f5921941
00001b85
0a7c1962
13a313a3
19820a89
1bcc0000
19a2f56a
13d5ec2b
0aa4e63d
0000e3ee
f54fe61d
ebf9ebf9
e5fcf541
e3a80000
e5dc0acc
ebc71439
f5261a45
00001c9f
0ae71a66
146b146b
1a860af5
1ce60000
1aa7f4fe
149eeb62
0b10e539
0000e2d2
f4e3e517
eb2feb2f
e4f6f4d5
e28b0000
e4d50b39
eafc1504
f4ba1b4c
00001dbd
0b541b6d
15371537
1b8e0b62
1e050000
1baff491
156aea96
0b7de430
0000e1b3
f475e40f
ea63ea63
e3eef468
e16b0000
e3cc0ba6
ea2f15d1
f44c1c55
00001ede
0bc11c76
16041604
1c980bcf
1f260000
1cb9f423
1638e9c8
0bebe325
0000e091
f407e304
e995e995
e2e3f3f9
e0480000
e2c10c15
e961169f
f3dd1d61
00002001
0c301d83
16d316d3
1da50c3e
204a0000
1dc6f3b4
1707e8f9
0c5ae218
0000df6b
f398e1f6
e8c4e8c4
e1d4f38a
df220000
e1b30c84
e8901770
f36e1e70
00002128
0ca01e92
17a517a5
1eb40cae
21720000
1ed6f343
17d9e827
0ccbe108
0000de44
f327e0e6
e7f2e7f2
e0c4f319
ddfa0000
e0a10cf5
e7bd1843
f2fd1f81
00002251
0d111fa4
18781878
1fc50d1f
229b0000
1fe8f2d2
18ade753
0d3cdff6
0000dd1a
f2b6dfd3
e71ee71e
dfb1f2a8
dccf0000
df8e0d67
e6e91917
f28b2094
0000237c
0d8320b7
194d194d
20d90d91
23c70000
20fcf260
1982e67e
0daedee1
0000dbed
f244debe
e648e648
de9cf235
dba20000
de790dd9
e61319ed
f21821aa
000024aa
0df621cc
1a231a23
21f00e04
24f60000
2212f1ed
1a59e5a7
0e21ddcb
0000dabe
f1d0dda8
e571e571
dd85f1c2
da720000
dd620e4c
e53b1ac5
f1a522c1
000025da
0e6922e4
1afb1afb
23070e78
26260000
232af17a
1b31e4cf
0e95dcb2
0000d98e
f15ddc8f
e499e499
dc6cf14e
d9410000
dc490ec1
e4631b9d
f13123da
0000270b
0ede23fe
1bd41bd4
24210eec
27580000
2444f105
1c0be3f5
0f09db99
0000d85b
f0e8db75
e3bfe3bf
db52f0da
d80e0000
db2e0f35
e3891c77
f0bc24f5
0000283f
0f522518
1cae1cae
253c0f61
288c0000
255ff090
1ce5e31b
0f7eda7d
0000d727
f073da5a
e2e4e2e4
da36f064
d6da0000
da120faa
e2ad1d53
f0472611
00002974
0fc82635
1d8a1d8a
26580fd6
29c10000
267cf01b
1dc1e23f
0ff4d961
0000d5f2
effdd93d
e208e208
d919efee
d5a30000
d8f61020
e1d11e2f
efd1272e
00002aaa
103e2752
1e661e66
2776104d
2af70000
2799efa5
1e9de163
106ad843
0000d4bb
ef87d81f
e12be12b
d7fbef78
d46d0000
d7d71097
e0f41f0c
ef5b284c
00002be1
10b42870
1f431f43
289410c3
2c2f0000
28b8ef2e
1f7be085
10e0d724
0000d383
ef11d700
e04ee04e
d6dcef02
d3350000
d6b8110d
e0171fe9
eee4296c
00002d19
112b2990
20212021
29b41139
2d670000
29d8eeb8
2058dfa8
1157d605
0000d24a
ee9ad5e1
df70df70
d5bdee8b
d1fc0000
d5981184
df3820c8
ee6d2a8c
00002e53
11a22ab0
20ff20ff
2ad411b1
2ea10000
2af8ee41
2137dec9
11ced4e4
0000d111
ee23d4c0
de92de92
d49cee14
d0c20000
d47811fb
de5a21a6
edf62bac
00002f8c
12192bd0
21de21de
2bf41228
2fda0000
2c19edc9
2216ddea
1246d3c3
0000cfd7
edacd39f
ddb3ddb3
d37bed9d
cf890000
d3571272
dd7b2285
ed7f2ccd
000030c6
12902cf1
22bd22bd
2d15129f
31140000
2d3aed52
22f5dd0b
12bdd2a2
0000ce9d
ed34d27e
dcd4dcd4
d25bed25
ce4f0000
d23612ea
dc9c2364
ed072dee
00003200
13072e12
239c239c
2e361316
324f0000
2e5becdb
23d4dc2c
1334d181
0000cd63
ecbdd15e
dbf5dbf5
d13aecae
cd140000
d1151361
dbbd2443
ec902f0f
0000333a
137f2f33
247b247b
2f57138e
33890000
2f7cec63
24b3db4d
13acd061
0000cc29
ec46d03d
db16db16
d019ec37
cbda0000
cff413d8
dade2522
ec193030
00003474
13f63054
255a255a
30781405
34c20000
309cebec
2592da6e
1423cf40
0000caef
ebcecf1c
da37da37
cef8ebbf
caa10000
ced4144f
d9ff2601
eba23150
000035ad
146d3174
26382638
3198147c
35fc0000
31bdeb75
2670d990
149ace1f
0000c9b6
eb57cdfb
d958d958
cdd8eb48
c9670000
cdb414c7
d92126df
eb2b3270
000036e7
14e43294
27172717
32b814f3
37350000
32dceafe
274ed8b2
1511cd00
0000c87d
eae0ccdc
d87ad87a
ccb8ead2
c82f0000
cc94153d
d84327bd
eab43390
0000381f
155b33b4
27f427f4
33d7156a
386d0000
33fbea88
282bd7d5
1587cbe1
0000c745
ea6acbbd
d79dd79d
cb99ea5b
c6f70000
cb7615b3
d766289a
ea3e34ae
00003956
15d134d2
28d128d1
34f615e0
39a30000
3519ea11
2908d6f8
15fdcac3
0000c60e
e9f4ca9f
d6c1d6c1
ca7ce9e5
c5c10000
ca58162a
d6892977
e9c835cb
00003a8c
164735ef
29ad29ad
36121656
3ada0000
3636e99c
29e4d61c
1673c9a6
0000c4d9
e97ec982
d5e5d5e5
c95fe970
c48c0000
c93c169f
d5ae2a52
e95236e8
00003bc1
16bc370b
2a892a89
372e16cb
3c0e0000
3752e926
2abfd541
16e8c88b
0000c3a5
e909c867
d50bd50b
c844e8fb
c3580000
c8211714
d4d42b2c
e8de3802
00003cf5
17313826
2b632b63
3849173f
3d410000
386ce8b2
2b99d467
175dc771
0000c272
e895c74e
d431d431
c72ae886
c2260000
c7071788
d3fb2c05
e869391c
00003e26
17a5393f
2c3b2c3b
396217b4
3e720000
3985e83e
2c71d38f
17d0c658
0000c141
e821c635
d359d359
c612e813
c0f60000
c5f017fc
d3232cdd
e7f63a34
00003f56
18183a56
2d132d13
3a791827
3fa20000
3a9ce7cb
2d48d2b8
1844c542
0000c013
e7aec51f
d282d282
c4fce7a0
bfc70000
c4d9186f
d24d2db3
e7833b49
00004084
188b3b6c
2de92de9
3b8e1899
40cf0000
3bb1e758
2e1ed1e2
18b6c42d
0000bee6
e73cc40a
d1add1ad
c3e8e72e
be9b0000
c3c518e1
d1782e88
e7113c5c
000041af
18fd3c7f
2ebd2ebd
3ca1190b
41fa0000
3cc4e6e7
2ef2d10e
1927c31a
0000bdbc
e6cbc2f8
d0d9d0d9
c2d6e6bd
bd720000
c2b41952
d0a52f5b
e6a03d6e
000042d9
196e3d90
2f902f90
3db3197c
43220000
3dd4e676
2fc4d03c
1998c20a
0000bc95
e65ac1e8
d007d007
c1c6e64c
bc4a0000
c1a519c2
cfd3302d
e6303e7d
000043ff
19de3e9f
30613061
3ec119eb
44480000
3ee3e607
3095cf6b
1a07c0fc
0000bb6f
e5ebc0db
cf38cf38
c0b9e5dd
bb260000
c0981a31
cf0430fc
e5c13f8a
00004522
1a4c3fab
312f312f
3fcc1a5a
456b0000
3feee598
3163ce9d
1a76bff1
0000ba4d
e57dbfd0
ce6ace6a
bfafe56f
ba050000
bf8e1a9e
ce3731c9
e5544093
00004643
1aba40b4
31fc31fc
40d51ac7
468b0000
40f6e52b
322fcdd1
1ae3bee8
0000b92e
e510bec7
cd9ecd9e
bea7e502
b8e60000
be861b0b
cd6b3295
e4e7419a
00004761
1b2641bb
32c732c7
41dc1b34
47a80000
41fce4bf
32f9cd07
1b4fbde3
0000b812
e4a4bdc3
ccd5ccd5
bda2e496
b7cc0000
bd821b77
cca3335d
e47c429f
0000487b
1b9242bf
338f338f
42df1b9f
48c10000
42ffe454
33c1cc3f
1bb9bce1
0000b6f9
e439bcc0
cc0ecc0e
bca1e42c
b6b30000
bc811be1
cbdd3423
e412439f
00004992
1bfc43bf
34553455
43df1c09
49d70000
43ffe3ea
3486cb7a
1c23bbe2
0000b5e4
e3d0bbc2
cb4acb4a
bba2e3c3
b59f0000
bb831c4a
cb1934e7
e3a9449d
00004aa5
1c6444bc
35183518
44db1c71
4ae90000
44fbe382
3548cab8
1c8bbae6
0000b4d3
e368bac6
ca88ca88
baa8e35b
b48f0000
ba891cb1
ca5835a8
e3424596
00004bb4
1ccb45b6
35d835d8
45d51cd8
4bf80000
45f4e31b
3608c9f8
1cf1b9ee
0000b3c5
e302b9cf
c9c9c9c9
b9b0e2f5
b3830000
b9911d17
c9993667
e2dc468d
00004cc0
1d3146ac
36963696
46ca1d3d
4d020000
46e8e2b6
36c4c93c
1d56b8f9
0000b2bc
e29db8db
c90dc90d
b8bde291
b27a0000
b89e1d7c
c8de3722
e2784780
00004dc7
1d94479d
37503750
47bb1da1
4e090000
47dae253
377ec882
1dbab809
0000b1b7
e23ab7eb
c854c854
b7cde22e
b1760000
b7b01dde
c82637da
e216486e
00004eca
1df7488c
38083808
48a91e03
4f0a0000
48c7e1f1
3835c7cb
1e1bb71d
0000b0b6
e1d9b6ff
c79ec79e
b6e2e1cc
b0760000
b6c51e3f
c7703890
e1b44959
00004fc9
1e574975
38bc38bc
49921e63
50080000
49b0e191
38e9c717
1e7bb634
0000afb9
e179b617
c6ebc6eb
b5fae16d
af7b0000
b5de1e9f
c6bf3941
e1554a3f
000050c3
1eb64a5b
396d396d
4a771ec2
51010000
4a94e132
3999c667
1ed9b550
0000aec2
e11bb534
c63bc63b
b518e10f
ae850000
b4fb1efd
c61039f0
e0f84b20
000051b8
1f134b3c
3a1b3a1b
4b581f1f
51f40000
4b74e0d5
3a46c5ba
1f36b470
0000adcf
e0bfb454
c590c590
b439e0b3
ad930000
b41e1f58
c5653a9b
e09c4bfe
000052a9
1f6f4c1a
3ac53ac5
4c351f7a
52e40000
4c50e07b
3aefc511
1f90b395
0000ace1
e064b37a
c4e7c4e7
b35fe059
aca60000
b3441fb2
c4bd3b43
e0434cd7
00005394
1fc84cf1
3b6c3b6c
4d0d1fd3
53ce0000
4d27e022
3b95c46b
1fe9b2be
0000abf8
e00cb2a4
c442c442
b28ae001
abbf0000
b26f200a
c41a3be6
dfec4dab
0000547a
201f4dc5
3c0f3c0f
4ddf202a
54b30000
4df9dfcb
3c37c3c9
2040b1ed
0000ab15
dfb6b1d3
c3a1c3a1
b1b9dfab
aadd0000
b19f2060
c3793c87
df964e7a
0000555b
20754e94
3cae3cae
4ead207f
55920000
4ec7df76
3cd5c32b
2094b120
0000aa36
df61b107
c304c304
b0eedf57
aa000000
b0d520b3
c2dd3d23
df424f44
00005636
20c84f5d
3d493d49
4f7620d2
566c0000
4f8fdf24
3d70c290
20e7b058
0000a95e
df0fb040
c26bc26b
b027df05
a9290000
b00f2105
c2453dbb
def15009
0000570c
21195022
3de03de0
503a2123
57410000
5052ded3
3e05c1fb
2137af96
0000a88b
debfaf7f
c1d5c1d5
af66deb5
a8570000
af4e2154
c1b13e4f
dea250c9
000057dc
216850e1
3e743e74
50f82172
58100000
5110de85
3e98c168
2185aed9
0000a7bd
de71aec2
c144c144
aeabde68
a78b0000
ae9421a2
c1213edf
de555183
000058a7
21b5519a
3f033f03
51b121be
58d90000
51c8de39
3f26c0da
21d1ae21
0000a6f6
de26ae0b
c0b7c0b7
adf4de1c
a6c60000
adde21ed
c0953f6b
de0a5239
0000596b
21ff524f
3f8e3f8e
52652208
599b0000
527bddef
3fafc051
221bad6f
0000a635
ddddad59
c02fc02f
ad43ddd3
a6060000
ad2e2236
c00d3ff3
ddc252e8
00005a29
224752fe
40144014
53132250
5a570000
5328dda7
4035bfcb
2262acc2
0000a57a
dd96acae
bfaabfaa
ac98dd8d
a54c0000
ac83227c
bf8a4076
dd7c5392
00005ae1
228d53a6
40964096
53bb2296
5b0e0000
53cfdd62
40b6bf4a
22a7ac1c
0000a4c5
dd51ac08
bf2bbf2b
abf3dd48
a4990000
abdf22c0
bf0b40f5
dd385435
00005b93
22d0544a
41144114
545e22d9
5bbe0000
5471dd1f
4133becd
22e9ab7b
0000a417
dd0fab67
beafbeaf
ab54dd07
a3ec0000
ab402301
be91416f
dcf754d4
00005c3e
231254e7
418d418d
54fa2319
5c680000
550ddcdf
41aabe56
2329aae0
0000a36e
dccfaacd
be38be38
aabadcc7
a3460000
aaa72340
be1b41e5
dcb8556b
00005ce3
2350557e
42014201
55912358
5d0b0000
55a3dca1
421ebde2
2367aa4b
0000a2cd
dc92aa39
bdc6bdc6
aa27dc8a
a2a60000
aa15237d
bdaa4256
dc7c55fd
00005d82
238c560f
42714271
56212393
5da80000
5632dc66
428cbd74
23a1a9bc
0000a232
dc57a9aa
bd59bd59
a999dc50
a20c0000
a98823b7
bd3e42c2
dc425689
00005e18
23c5569a
42dc42dc
56ab23cc
5e3e0000
56bcdc2d
42f6bd0a
23daa934
0000a19e
dc1fa923
bcf0bcf0
a912dc18
a17a0000
a90223ef
bcd74329
dc0b570e
00005eaa
23fc571f
43424342
572f2403
5ecd0000
573fdbf7
435bbca5
2410a8b1
0000a111
dbeaa8a1
bc8dbc8d
a891dbe3
a0ee0000
a8822424
bc75438b
dbd6578e
00005f33
2430579d
43a343a3
57ac2437
5f550000
57bcdbc3
43bbbc45
2443a835
0000a08a
dbb7a826
bc2ebc2e
a817dbb1
a06a0000
a8082456
bc1743e9
dba45806
00005fb6
24625815
44004400
58242468
5fd60000
5832db92
4416bbea
2474a7c0
0000a00b
db86a7b1
bbd4bbd4
a7a3db81
9fed0000
a7952485
bbbe4442
db755879
00006032
24905886
44574457
58952496
604f0000
58a2db64
446cbb94
24a1a751
00009f93
db59a743
bb80bb80
a736db54
9f760000
a72924b2
bb6b4495
db4958e4
000060a6
24bd58f1
44a944a9
58fe24c2
60c20000
590bdb39
44bdbb43
24cda6e8
00009f22
db2ea6dc
bb30bb30
a6cfdb29
9f070000
a6c324dc
bb1d44e3
db1f594a
00006114
24e65956
44f644f6
596124eb
612e0000
596edb10
4508baf8
24f5a686
00009eb8
db06a67b
bae5bae5
a66fdb01
9e9f0000
a6642503
bad4452c
daf859a8
0000617a
250d59b3
453e453e
59bf2512
61920000
59cadaea
454fbab1
251ba62c
00009e56
dae1a620
baa0baa0
a615dadc
9e3e0000
a60b2528
ba8f4571
dad45a00
000061d9
25315a0a
45814581
5a142535
61ef0000
5a1fdac7
4591ba6f
253ea5d7
00009dfa
dabea5cd
ba60ba60
a5c3daba
9de50000
a5b9254a
ba5145af
dab25a51
00006231
25525a5a
45be45be
5a632556
62450000
5a6edaa6
45cdba33
255ea589
00009da7
da9fa581
ba25ba25
a577da9b
9d930000
a56e2569
ba1745e9
da945a9b
00006280
25705aa3
45f645f6
5aac2574
62930000
5ab5da89
4604b9fc
257ba543
00009d5a
da82a53b
b9f0b9f0
a532da7e
9d480000
a52a2585
b9e3461d
da785ade
000062c9
258b5ae6
46294629
5aed258f
62da0000
5af5da6e
4635b9cb
2595a503
00009d15
da68a4fc
b9bfb9bf
a4f4da65
9d060000
a4ed259e
b9b4464c
da5f5b1a
0000630a
25a45b21
46574657
5b2825a7
63190000
5b2fda56
4661b99f
25ada4ca
00009cd8
da51a4c3
b995b995
a4bdda4e
9cca0000
a4b725b5
b98b4675
da495b4f
00006344
25ba5b56
467f467f
5b5c25bc
63510000
5b62da41
4688b978
25c1a498
00009ca2
da3da493
b96fb96f
a48dda3a
9c960000
a48825c8
b9674699
da365b7e
00006376
25cc5b83
46a246a2
5b8925cf
63810000
5b8eda2f
46a9b957
25d3a46d
00009c74
da2ba469
b94fb94f
a464da29
9c6a0000
a46025d9
b94846b8
da255ba5
000063a0
25dc5baa
46bf46bf
5bae25de
63a90000
5bb2da20
46c6b93a
25e1a44a
00009c4e
da1da446
b934b934
a442da1b
9c460000
a43e25e6
b92f46d1
da185bc6
000063c2
25e95bc9
46d746d7
5bcc25eb
63ca0000
5bd0da14
46dcb924
25eda42d
00009c2f
da11a42a
b91fb91f
a427da10
9c290000
a42425f1
b91b46e5
da0e5bdf
000063de
25f35be1
46e946e9
5be425f4
63e30000
5be6da0b
46edb913
25f7a417
00009c18
da09a415
b910b910
a413da08
9c140000
a41125f9
b90c46f4
da065bf1
000063f0
25fa5bf2
46f746f7
5bf525fb
63f40000
5bf6da04
46f9b907
25fca409
00009c09
da03a407
b905b905
a406da03
9c060000
a40525fe
b90346fd
da025bfc
000063fc
25ff5bfd
46fe46fe
5bfe25ff
63fe0000
5bffda01
46ffb901
25ffa401
00009c01
da00a401
b901b901
a400da00
9c000000
a4002600
b9004700
da005c00
00006400
26005c00
47004700
5c002600
64000000
5c00da00
46ffb901
2600a401
00009c01
da01a401
b901b901
a401da01
9c020000
a40225ff
b90246fe
da015bfd
000063fc
25fe5bfc
46fd46fd
5bfb25fe
63fa0000
5bfada03
46fbb905
25fda407
00009c09
da04a409
b907b907
a40ada04
9c0c0000
a40b25fb
b90946f7
da065bf2
000063f0
25fa5bf1
46f446f4
5bef25f9
63ec0000
5bedda08
46f0b910
25f7a415
00009c18
da09a417
b913b913
a41ada0b
9c1d0000
a41c25f4
b91746e9
da0d5be1
000063de
25f25bdf
46e546e5
5bdc25f1
63d70000
5bd9da10
46e1b91f
25efa42a
00009c2f
da13a42d
b924b924
a430da14
9c360000
a43425eb
b92946d7
da175bc9
000063c2
25e85bc6
46d146d1
5bc225e6
63ba0000
5bbeda1b
46ccb934
25e3a446
00009c4e
da1fa44a
b93ab93a
a44eda20
9c570000
a45225de
b94146bf
da245baa
000063a0
25db5ba5
46b846b8
5ba025d9
63960000
5b9cda29
46b1b94f
25d5a469
00009c74
da2da46d
b957b957
a472da2f
9c7f0000
a47725cf
b95e46a2
da345b83
00006376
25ca5b7e
46994699
5b7825c8
636a0000
5b73da3a
4691b96f
25c3a493
00009ca2
da3fa498
b978b978
a49eda41
9caf0000
a4a425bc
b981467f
da465b56
00006344
25b75b4f
46754675
5b4925b5
63360000
5b43da4e
466bb995
25afa4c3
00009cd8
da53a4ca
b99fb99f
a4d1da56
9ce70000
a4d825a7
b9a94657
da5c5b21
0000630a
25a15b1a
464c464c
5b13259e
62fa0000
5b0cda65
4641b9bf
2598a4fc
00009d15
da6ba503
b9cbb9cb
a50bda6e
9d260000
a513258f
b9d74629
da755ae6
000062c9
25885ade
461d461d
5ad62585
62b80000
5aceda7e
4610b9f0
257ea53b
00009d5a
da85a543
b9fcb9fc
a54bda89
9d6d0000
a5542574
ba0a45f6
da905aa3
00006280
256c5a9b
45e945e9
5a922569
626d0000
5a89da9b
45dbba25
2561a581
00009da7
daa2a589
ba33ba33
a592daa6
9dbb0000
a59d2556
ba4245be
daae5a5a
00006231
254e5a51
45af45af
5a47254a
621b0000
5a3ddaba
45a0ba60
2542a5cd
00009dfa
dac2a5d7
ba6fba6f
a5e1dac7
9e110000
a5ec2535
ba7f4581
dacf5a0a
000061d9
252c5a00
45714571
59f52528
61c20000
59ebdadc
4560baa0
251fa620
00009e56
dae5a62c
bab1bab1
a636daea
9e6e0000
a6412512
bac2453e
daf359b3
0000617a
250859a8
452c452c
599c2503
61610000
5991db01
451bbae5
24faa67b
00009eb8
db0ba686
baf8baf8
a692db10
9ed20000
a69f24eb
bb0a44f6
db1a5956
00006114
24e1594a
44e344e3
593d24dc
60f90000
5931db29
44d0bb30
24d2a6dc
00009f22
db33a6e8
bb43bb43
a6f5db39
9f3e0000
a70224c2
bb5744a9
db4358f1
000060a6
24b758e4
44954495
58d724b2
608a0000
58cadb54
4480bb80
24a7a743
00009f93
db5fa751
bb94bb94
a75edb64
9fb10000
a76b2496
bba94457
db705886
00006032
248b5879
44424442
586b2485
60130000
585ddb81
442cbbd4
247aa7b1
0000a00b
db8ca7c0
bbeabbea
a7cedb92
a02a0000
a7dc2468
bc004400
db9e5815
00005fb6
245c5806
43e943e9
57f82456
5f960000
57e9dbb1
43d2bc2e
2449a826
0000a08a
dbbda835
bc45bc45
a844dbc3
a0ab0000
a8542437
bc5d43a3
dbd0579d
00005f33
242a578e
438b438b
577e2424
5f120000
576fdbe3
4373bc8d
2416a8a1
0000a111
dbf0a8b1
bca5bca5
a8c1dbf7
a1330000
a8d12403
bcbe4342
dc04571f
00005eaa
23f5570e
43294329
56fe23ef
5e860000
56eedc18
4310bcf0
23e1a923
0000a19e
dc26a934
bd0abd0a
a944dc2d
a1c20000
a95523cc
bd2442dc
dc3b569a
00005e18
23be5689
42c242c2
567823b7
5df40000
5667dc50
42a7bd59
23a9a9aa
0000a232
dc5fa9bc
bd74bd74
a9cedc66
a2580000
a9df2393
bd8f4271
dc74560f
00005d82
238455fd
42564256
55eb237d
5d5a0000
55d9dc8a
423abdc6
236eaa39
0000a2cd
dc99aa4b
bde2bde2
aa5ddca1
a2f50000
aa6f2358
bdff4201
dcb0557e
00005ce3
2348556b
41e541e5
55592340
5cba0000
5546dcc7
41c8be38
2331aacd
0000a36e
dcd7aae0
be56be56
aaf3dcdf
a3980000
ab062319
be73418d
dcee54e7
00005c3e
230954d4
416f416f
54c02301
5c140000
54acdd07
4151beaf
22f1ab67
0000a417
dd17ab7b
becdbecd
ab8fdd1f
a4420000
aba222d9
beec4114
dd30544a
00005b93
22c85435
40f540f5
542122c0
5b670000
540ddd48
40d5bf2b
22afac08
0000a4c5
dd59ac1c
bf4abf4a
ac31dd62
a4f20000
ac452296
bf6a4096
dd7353a6
00005ae1
22845392
40764076
537d227c
5ab40000
5368dd8d
4056bfaa
226aacae
0000a57a
dd9eacc2
bfcbbfcb
acd8dda7
a5a90000
aced2250
bfec4014
ddb952fe
00005a29
223e52e8
3ff33ff3
52d22236
59fa0000
52bdddd3
3fd1c02f
2223ad59
0000a635
dde5ad6f
c051c051
ad85ddef
a6650000
ad9b2208
c0723f8e
de01524f
0000596b
21f65239
3f6b3f6b
522221ed
593a0000
520cde1c
3f49c0b7
21daae0b
0000a6f6
de2fae21
c0dac0da
ae38de39
a7270000
ae4f21be
c0fd3f03
de4b519a
000058a7
21ab5183
3edf3edf
516c21a2
58750000
5155de68
3ebcc144
218faec2
0000a7bd
de7baed9
c168c168
aef0de85
a7f00000
af082172
c18c3e74
de9850e1
000057dc
215e50c9
3e4f3e4f
50b22154
57a90000
509adeb5
3e2bc1d5
2141af7f
0000a88b
dec9af96
c1fbc1fb
afaeded3
a8bf0000
afc62123
c2203de0
dee75022
0000570c
210f5009
3dbb3dbb
4ff12105
56d70000
4fd9df05
3d95c26b
20f1b040
0000a95e
df19b058
c290c290
b071df24
a9940000
b08a20d2
c2b73d49
df384f5d
00005636
20be4f44
3d233d23
4f2b20b3
56000000
4f12df57
3cfcc304
209fb107
0000aa36
df6cb120
c32bc32b
b139df76
aa6e0000
b153207f
c3523cae
df8b4e94
0000555b
206a4e7a
3c873c87
4e612060
55230000
4e47dfab
3c5fc3a1
204ab1d3
0000ab15
dfc0b1ed
c3c9c3c9
b207dfcb
ab4d0000
b221202a
c3f13c0f
dfe14dc5
0000547a
20144dab
3be63be6
4d91200a
54410000
4d76e001
3bbec442
1ff4b2a4
0000abf8
e017b2be
c46bc46b
b2d9e022
ac320000
b2f31fd3
c4943b6c
e0384cf1
00005394
1fbd4cd7
3b433b43
4cbc1fb2
535a0000
4ca1e059
3b19c4e7
1f9cb37a
0000ace1
e070b395
c511c511
b3b0e07b
ad1c0000
b3cb1f7a
c53b3ac5
e0914c1a
000052a9
1f644bfe
3a9b3a9b
4be21f58
526d0000
4bc7e0b3
3a70c590
1f41b454
0000adcf
e0cab470
c5bac5ba
b48ce0d5
ae0c0000
b4a81f1f
c5e53a1b
e0ed4b3c
000051b8
1f084b20
39f039f0
4b051efd
517b0000
4ae8e10f
39c5c63b
1ee5b534
0000aec2
e127b550
c667c667
b56ce132
aeff0000
b5891ec2
c693396d
e14a4a5b
000050c3
1eab4a3f
39413941
4a221e9f
50850000
4a06e16d
3915c6eb
1e87b617
0000afb9
e185b634
c717c717
b650e191
aff80000
b66e1e63
c74438bc
e1a94975
00004fc9
1e4c4959
38903890
493b1e3f
4f8a0000
491ee1cc
3862c79e
1e27b6ff
0000b0b6
e1e5b71d
c7cbc7cb
b739e1f1
b0f60000
b7571e03
c7f83808
e209488c
00004eca
1dea486e
37da37da
48501dde
4e8a0000
4833e22e
37acc854
1dc6b7eb
0000b1b7
e246b809
c882c882
b826e253
b1f70000
b8451da1
c8b03750
e26c479d
00004dc7
1d884780
37223722
47621d7c
4d860000
4743e291
36f3c90d
1d63b8db
0000b2bc
e2aab8f9
c93cc93c
b918e2b6
b2fe0000
b9361d3d
c96a3696
e2cf46ac
00004cc0
1d24468d
36673667
466f1d17
4c7d0000
4650e2f5
3637c9c9
1cfeb9cf
0000b3c5
e30fb9ee
c9f8c9f8
ba0ce31b
b4080000
ba2b1cd8
ca2835d8
e33545b6
00004bb4
1cbe4596
35a835a8
45771cb1
4b710000
4558e35b
3578ca88
1c98bac6
0000b4d3
e375bae6
cab8cab8
bb05e382
b5170000
bb251c71
cae83518
e39c44bc
00004aa5
1c57449d
34e734e7
447d1c4a
4a610000
445ee3c3
34b6cb4a
1c30bbc2
0000b5e4
e3ddbbe2
cb7acb7a
bc01e3ea
b6290000
bc211c09
cbab3455
e40443bf
00004992
1bee439f
34233423
437f1be1
494d0000
435fe42c
33f2cc0e
1bc7bcc0
0000b6f9
e447bce1
cc3fcc3f
bd01e454
b73f0000
bd211b9f
cc71338f
e46e42bf
0000487b
1b84429f
335d335d
427e1b77
48340000
425ee496
332bccd5
1b5cbdc3
0000b812
e4b1bde3
cd07cd07
be04e4bf
b8580000
be241b34
cd3932c7
e4da41bb
00004761
1b19419a
32953295
417a1b0b
471a0000
4159e502
3262cd9e
1af0bec7
0000b92e
e51dbee8
cdd1cdd1
bf0ae52b
b9750000
bf2b1ac7
ce0431fc
e54640b4
00004643
1aac4093
31c931c9
40721a9e
45fb0000
4051e56f
3196ce6a
1a83bfd0
0000ba4d
e58abff1
ce9dce9d
c012e598
ba950000
c0341a5a
ced1312f
e5b43fab
00004522
1a3f3f8a
30fc30fc
3f681a31
44da0000
3f47e5dd
30c8cf38
1a15c0db
0000bb6f
e5f9c0fc
cf6bcf6b
c11de607
bbb80000
c13f19eb
cf9f3061
e6223e9f
000043ff
19d03e7d
302d302d
3e5b19c2
43b60000
3e3ae64c
2ff9d007
19a6c1e8
0000bc95
e668c20a
d03cd03c
c22ce676
bcde0000
c24d197c
d0702f90
e6923d90
000042d9
19603d6e
2f5b2f5b
3d4c1952
428e0000
3d2ae6bd
2f27d0d9
1935c2f8
0000bdbc
e6d9c31a
d10ed10e
c33ce6e7
be060000
c35f190b
d1432ebd
e7033c7f
000041af
18ef3c5c
2e882e88
3c3b18e1
41650000
3c18e72e
2e53d1ad
18c4c40a
0000bee6
e74ac42d
d1e2d1e2
c44fe758
bf310000
c4721899
d2172de9
e7753b6c
00004084
187d3b49
2db32db3
3b27186f
40390000
3b04e7a0
2d7ed282
1852c51f
0000c013
e7bcc542
d2b8d2b8
c564e7cb
c05e0000
c5871827
d2ed2d13
e7e83a56
00003f56
180a3a34
2cdd2cdd
3a1017fc
3f0a0000
39eee813
2ca7d359
17dfc635
0000c141
e830c658
d38fd38f
c67be83e
c18e0000
c69e17b4
d3c52c3b
e85b393f
00003e26
1797391c
2c052c05
38f91788
3dda0000
38d6e886
2bcfd431
176bc74e
0000c272
e8a3c771
d467d467
c794e8b2
c2bf0000
c7b7173f
d49d2b63
e8cf3826
00003cf5
17223802
2b2c2b2c
37df1714
3ca80000
37bce8fb
2af5d50b
16f7c867
0000c3a5
e918c88b
d541d541
c8aee926
c3f20000
c8d216cb
d5772a89
e944370b
00003bc1
16ae36e8
2a522a52
36c4169f
3b740000
36a1e970
2a1bd5e5
1682c982
0000c4d9
e98dc9a6
d61cd61c
c9cae99c
c5260000
c9ee1656
d65329ad
e9b935ef
00003a8c
163835cb
29772977
35a8162a
3a3f0000
3584e9e5
293fd6c1
160cca9f
0000c60e
ea03cac3
d6f8d6f8
cae7ea11
c65d0000
cb0a15e0
d72f28d1
ea2f34d2
00003956
15c234ae
289a289a
348a15b3
39090000
3467ea5b
2863d79d
1596cbbd
0000c745
ea79cbe1
d7d5d7d5
cc05ea88
c7930000
cc29156a
d80c27f4
eaa533b4
0000381f
154c3390
27bd27bd
336c153d
37d10000
3348ead2
2786d87a
1520ccdc
0000c87d
eaefcd00
d8b2d8b2
cd24eafe
c8cb0000
cd4814f3
d8e92717
eb1c3294
000036e7
14d53270
26df26df
324c14c7
36990000
3228eb48
26a8d958
14a9cdfb
0000c9b6
eb66ce1f
d990d990
ce43eb75
ca040000
ce68147c
d9c82638
eb933174
000035ad
145e3150
26012601
312c144f
355f0000
3108ebbf
25c9da37
1432cf1c
0000caef
ebddcf40
da6eda6e
cf64ebec
cb3e0000
cf881405
daa6255a
ec0a3054
00003474
13e73030
25222522
300c13d8
34260000
2fe7ec37
24eadb16
13bad03d
0000cc29
ec54d061
db4ddb4d
d084ec63
cc770000
d0a9138e
db85247b
ec812f33
0000333a
13702f0f
24432443
2eeb1361
32ec0000
2ec6ecae
240bdbf5
1343d15e
0000cd63
ecccd181
dc2cdc2c
d1a5ecdb
cdb10000
d1ca1316
dc64239c
ecf92e12
00003200
12f92dee
23642364
2dca12ea
31b10000
2da5ed25
232cdcd4
12ccd27e
0000ce9d
ed43d2a2
dd0bdd0b
d2c6ed52
ceec0000
d2eb129f
dd4322bd
ed702cf1
000030c6
12812ccd
22852285
2ca91272
30770000
2c85ed9d
224dddb3
1254d39f
0000cfd7
edbad3c3
ddeaddea
d3e7edc9
d0260000
d40c1228
de2221de
ede72bd0
00002f8c
120a2bac
21a621a6
2b8811fb
2f3e0000
2b64ee14
216ede92
11ddd4c0
0000d111
ee32d4e4
dec9dec9
d508ee41
d15f0000
d52c11b1
df0120ff
ee5e2ab0
00002e53
11932a8c
20c820c8
2a681184
2e040000
2a43ee8b
2090df70
1166d5e1
0000d24a
eea9d605
dfa8dfa8
d628eeb8
d2990000
d64c1139
dfdf2021
eed52990
00002d19
111c296c
1fe91fe9
2948110d
2ccb0000
2924ef02
1fb2e04e
10efd700
0000d383
ef20d724
e085e085
d748ef2e
d3d10000
d76c10c3
e0bd1f43
ef4c2870
00002be1
10a5284c
1f0c1f0c
28291097
2b930000
2805ef78
1ed5e12b
1079d81f
0000d4bb
ef96d843
e163e163
d867efa5
d5090000
d88a104d
e19a1e66
efc22752
00002aaa
102f272e
1e2f1e2f
270a1020
2a5d0000
26e7efee
1df8e208
1003d93d
0000d5f2
f00cd961
e23fe23f
d984f01b
d63f0000
d9a80fd6
e2761d8a
f0382635
00002974
0fb92611
1d531d53
25ee0faa
29260000
25caf064
1d1ce2e4
0f8dda5a
0000d727
f082da7d
e31be31b
daa1f090
d7740000
dac40f61
e3521cae
f0ae2518
0000283f
0f4424f5
1c771c77
24d20f35
27f20000
24aef0da
1c41e3bf
0f18db75
0000d85b
f0f7db99
e3f5e3f5
dbbcf105
d8a80000
dbdf0eec
e42c1bd4
f12223fe
0000270b
0ecf23da
1b9d1b9d
23b70ec1
26bf0000
2394f14e
1b67e499
0ea3dc8f
0000d98e
f16bdcb2
e4cfe4cf
dcd6f17a
d9da0000
dcf90e78
e5051afb
f19722e4
000025da
0e5b22c1
1ac51ac5
229e0e4c
258e0000
227bf1c2
1a8fe571
0e30dda8
0000dabe
f1dfddcb
e5a7e5a7
ddeef1ed
db0a0000
de100e04
e5dd1a23
f20a21cc
000024aa
0de821aa
19ed19ed
21870dd9
245e0000
2164f235
19b8e648
0dbcdebe
0000dbed
f252dee1
e67ee67e
df04f260
dc390000
df270d91
e6b3194d
f27d20b7
0000237c
0d752094
19171917
20720d67
23310000
204ff2a8
18e2e71e
0d4adfd3
0000dd1a
f2c4dff6
e753e753
e018f2d2
dd650000
e03b0d1f
e7881878
f2ef1fa4
00002251
0d031f81
18431843
1f5f0cf5
22060000
1f3cf319
180ee7f2
0cd9e0e6
0000de44
f335e108
e827e827
e12af343
de8e0000
e14c0cae
e85b17a5
f3601e92
00002128
0c921e70
17701770
1e4d0c84
20de0000
1e2cf38a
173ce8c4
0c68e1f6
0000df6b
f3a6e218
e8f9e8f9
e23af3b4
dfb60000
e25b0c3e
e92d16d3
f3d01d83
00002001
0c231d61
169f169f
1d3f0c15
1fb80000
1d1df3f9
166be995
0bf9e304
0000e091
f415e325
e9c8e9c8
e347f423
e0da0000
e3680bcf
e9fc1604
f43f1c76
00001ede
0bb41c55
15d115d1
1c340ba6
1e950000
1c12f468
159dea63
0b8be40f
0000e1b3
f483e430
ea96ea96
e451f491
e1fb0000
e4720b62
eac91537
f4ac1b6d
00001dbd
0b461b4c
15041504
1b2b0b39
1d750000
1b0af4d5
14d1eb2f
0b1de517
0000e2d2
f4f0e539
eb62eb62
e559f4fe
e31a0000
e57a0af5
eb95146b
f5191a66
00001c9f
0ada1a45
14391439
1a240acc
1c580000
1a04f541
1407ebf9
0ab1e61d
0000e3ee
f55ce63d
ec2bec2b
e65ef56a
e4340000
e67e0a89
ec5d13a3
f5841962
00001b85
0a6e1941
13711371
19210a61
1b3f0000
1901f5ac
133fecc1
0a47e71f
0000e507
f5c7e73f
ecf2ecf2
e75ff5d4
e54d0000
e77f0a1f
ed2312dd
f5ee1861
00001a6e
0a041841
12ab12ab
182109f7
1a290000
1801f616
127aed86
09dde81e
0000e61c
f630e83e
edb6edb6
e85ef63d
e6610000
e87d09b6
ede71219
f6571763
0000195b
099c1744
11e811e8
1725098f
19170000
1705f67e
11b8ee48
0975e91a
0000e72d
f698e939
ee78ee78
e958f6a5
e7710000
e977094f
eea81158
f6be166a
0000184c
0935164a
11281128
162b0928
18080000
160cf6e5
10f8ef08
090fea12
0000e83b
f6feea31
ef37ef37
ea50f70b
e87d0000
ea6f08e9
ef671099
f7241573
00001740
08cf1554
106a106a
153608c3
16fe0000
1518f74a
103cefc4
08aaeb07
0000e944
f763eb25
eff3eff3
eb43f76f
e9860000
eb610884
f0220fde
f7881480
00001639
086c1463
0fb00fb0
1445085f
15f70000
1426f7ad
0f82f07e
0847ebf7
0000ea49
f7c6ec15
f0acf0ac
ec33f7d2
ea8a0000
ec500822
f0da0f26
f7ea1392
00001536
08091374
0ef80ef8
135707fd
14f60000
1339f80f
0ecbf135
07e5ece3
0000eb4a
f827ed01
f162f162
ed1ef834
eb8a0000
ed3b07c1
f1900e70
f84c12a7
00001437
07a9128b
0e440e44
126e079d
13f80000
1250f86f
0e17f1e9
0785edcc
0000ec47
f887ede9
f215f215
ee06f893
ec850000
ee220761
f2410dbf
f8ab11c1
0000133d
074a11a5
0d930d93
1189073e
12ff0000
116cf8ce
0d67f299
0727eeb0
0000ed3e
f8e5eecc
f2c5f2c5
eee8f8f1
ed7b0000
ef050704
f2f00d10
f90810e0
00001248
06ed10c4
0ce50ce5
10a806e1
120c0000
108cf92b
0cbaf346
06caef90
0000ee31
f941efac
f370f370
efc7f94d
ee6d0000
efe206a8
f39b0c65
f9641002
00001157
06910fe6
0c3b0c3b
0fcb0686
111c0000
0fb0f985
0c11f3ef
0670f06b
0000ef1f
f99cf086
f419f419
f0a1f9a7
ef590000
f0bc064e
f4430bbd
f9bd0f29
0000106c
06380f0f
0b940b94
0ef3062d
10320000
0ed9f9de
0b6bf495
0617f142
0000f008
f9f4f15c
f4bef4be
f176f9ff
f0410000
f19105f6
f4e60b1a
fa140e55
00000f86
05e10e3b
0af10af1
0e2105d6
0f4d0000
0e07fa35
0ac9f537
05c1f213
0000f0eb
fa4af22d
f55ff55f
f247fa55
f1230000
f26105a0
f5870a79
fa6a0d86
00000ea5
058b0d6c
0a520a52
0d530581
0e6e0000
0d39fa8a
0a2bf5d5
056cf2e0
0000f1ca
fa9ef2f9
f5fcf5fc
f312faa9
f2000000
f32b054d
f62309dd
fabe0cbc
00000dca
05380ca3
09b709b7
0c8a052e
0d940000
0c72fadc
0990f670
0519f3a8
0000f2a2
faf1f3c0
f695f695
f3d9fafb
f2d70000
f3f104fb
f6bb0945
fb0f0bf7
00000cf4
04e70bde
09200920
0bc604dd
0cbf0000
0baefb2d
08fbf705
04c9f46a
0000f375
fb41f481
f72bf72b
f49afb4b
f3a90000
f4b204ac
f74f08b1
fb5e0b37
00000c24
04980b1f
088c088c
0b08048e
0bf00000
0af0fb7b
0868f798
047bf527
0000f443
fb8ff53e
f7bcf7bc
f555fb98
f4750000
f56c045e
f7df0821
fbab0a7d
00000b59
044b0a66
07fd07fd
0a4f0442
0b270000
0a38fbc7
07daf826
042ff5df
0000f50a
fbdaf5f5
f849f849
f60cfbe4
f53a0000
f6220413
f86b0795
fbf609c7
00000a95
040109b1
07720772
099b03f8
0a650000
0985fc11
0751f8af
03e6f691
0000f5cb
fc23f6a7
f8d1f8d1
f6bdfc2d
f5fa0000
f6d203ca
f8f3070d
fc3e0918
000009d7
03b90902
06ec06ec
08ed03b0
09a90000
08d8fc59
06cbf935
039ef73d
0000f686
fc6af752
f956f956
f768fc73
f6b40000
f77d0384
f976068a
fc84086e
0000091f
0373085a
066a066a
0845036a
08f20000
0831fc9e
064af9b6
0359f7e4
0000f73b
fcaff7f8
f9d5f9d5
f80dfcb8
f7670000
f8210340
f9f5060b
fcc807cb
0000086d
033007b6
05ec05ec
07a20327
08420000
078ffce1
05cdfa33
0317f885
0000f7e9
fcf1f899
fa51fa51
f8acfcf9
f8140000
f8c002ff
fa6f0591
fd09072c
000007c2
02ef0719
05730573
070602e7
07980000
06f3fd21
0556faaa
02d7f920
0000f892
fd31f933
fac8fac8
f946fd39
f8ba0000
f95902c0
fae5051b
fd480695
0000071d
02b00682
04ff04ff
066f02a8
06f50000
065dfd5f
04e2fb1e
0299f9b5
0000f933
fd6ef9c7
fb3afb3a
f9d9fd76
f95a0000
f9eb0283
fb5604aa
fd840603
0000067f
027405f1
048f048f
05df026d
06580000
05cefd9a
0474fb8c
025ffa44
0000f9ce
fda9fa56
fba7fba7
fa67fdb0
f9f40000
fa780249
fbc2043e
fdbe0577
000005e8
023b0566
04240424
05550234
05c20000
0544fdd3
040afbf6
0226facc
0000fa62
fde1fadd
fc10fc10
faeefde8
fa860000
fafe0211
fc2903d7
fdf504f2
00000556
020404e1
03be03be
04d101fd
05330000
04c1fe09
03a5fc5b
01f0fb4f
0000faef
fe16fb5f
fc73fc73
fb6ffe1d
fb110000
fb7e01dc
fc8b0375
fe2a0473
000004cd
01d00463
035d035d
045401c9
04ab0000
0445fe3d
0345fcbb
01bdfbcb
0000fb75
fe49fbda
fcd2fcd2
fbe9fe4f
fb960000
fbf801aa
fce90317
fe5c03fa
0000044a
019e03eb
03000300
03dc0198
042a0000
03cefe6e
02eafd16
018cfc40
0000fbf5
fe7afc4f
fd2cfd2c
fc5cfe7f
fc130000
fc6b017b
fd4202be
fe8b0387
000003ce
0170037a
02a902a9
036b016a
03b10000
035ffe9c
0294fd6c
015ffcaf
0000fc6d
fea7fcbd
fd80fd80
fccafeac
fc8a0000
fcd7014e
fd95026b
feb7031c
0000035a
0143030f
02570257
0302013e
033e0000
02f5fec7
0243fdbd
0133fd18
0000fcde
fed2fd24
fdd0fdd0
fd31fed7
fcf90000
fd3d0124
fde3021d
fee102b6
000002ec
011a02aa
020a020a
029f0115
02d20000
0292fef0
01f8fe08
010bfd7a
0000fd48
fefafd85
fe1bfe1b
fd91feff
fd610000
fd9c00fd
fe2c01d4
ff080258
00000286
00f3024d
01c201c2
024100ee
026e0000
0236ff16
01b1fe4f
00e5fdd4
0000fdaa
ff1ffde0
fe60fe60
fdebff24
fdc20000
fdf500d8
fe71018f
ff2c0200
00000227
00cf01f6
017f017f
01ec00cb
02110000
01e1ff39
016ffe91
00c2fe29
0000fe06
ff42fe33
fea0fea0
fe3dff46
fe1b0000
fe4700b6
feaf0151
ff4e01af
000001cf
00ae01a6
01420142
019d00aa
01bb0000
0193ff5a
0133fecd
00a2fe77
0000fe59
ff61fe7f
fedbfedb
fe89ff65
fe6d0000
fe920097
fee90117
ff6c0165
00000180
0090015d
010a010a
0154008c
016d0000
014bff77
00fcff04
0085febd
0000fea6
ff7efec5
ff10ff10
feceff82
feb80000
fed6007b
ff1d00e3
ff880122
00000137
0075011a
00d700d7
01130071
01260000
010bff92
00cbff35
006bfefd
0000feeb
ff98ff04
ff41ff41
ff0cff9b
fefa0000
ff130062
ff4c00b4
ffa100e6
000000f6
005c00df
00a900a9
00d80059
00e70000
00d1ffaa
009fff61
0053ff36
0000ff28
ffafff3c
ff6bff6b
ff43ffb2
ff360000
ff49004b
ff75008b
ffb700b1
000000bc
004600aa
00810081
00a40044
00af0000
009effbf
0078ff88
003fff68
0000ff5d
ffc3ff6d
ff91ff91
ff73ffc6
ff6a0000
ff780038
ff990067
ffca0082
0000008a
0034007d
005e005e
00770031
007f0000
0072ffd1
0057ffa9
002dff93
0000ff8c
ffd5ff97
ffb1ffb1
ff9cffd7
ff960000
ffa00027
ffb80048
ffdb005b
00000060
00240056
00410041
00520022
00570000
004effe0
003affc6
001fffb6
0000ffb2
ffe3ffba
ffccffcc
ffbeffe5
ffba0000
ffc2001a
ffd1002f
ffe8003a
0000003e
00170037
00290029
00340015
00360000
0030ffec
0024ffdc
0013ffd3
0000ffd1
ffefffd6
ffe1ffe1
ffd9fff0
ffd70000
ffdc000f
ffe5001b
fff20021
00000022
000d001f
00170017
001c000c
001d0000
001afff5
0013ffed
000affe9
0000ffe8
fff7ffeb
fff0fff0
ffedfff8
ffec0000
ffef0007
fff4000c
fffa000f
00000010
0006000e
00090009
000c0005
000c0000
000afffc
0007fff9
0004fff7
0000fff7
fffdfff9
fffbfffb
fffafffd
fffa0000
fffb0002
fffd0003
fffe0004
00000004
00010003
00020002
00020001
00020000
0001ffff
0001ffff
0001ffff
0000ffff
0000ffff
ffffffff
00000000
00000000
00000000
00000000
00000000
00000000
00000000
00000000
00000000
00000000
00000000
0001ffff
0000ffff
0000ffff
ffffffff
ffffffff
ffffffff
fffe0000
fffe0001
fffe0002
ffff0003
00000004
00020004
00030003
00050002
00060000
0006fffd
0005fffb
0003fff9
0000fff7
fffcfff7
fff9fff9
fff6fffc
fff40000
fff40005
fff70009
fffa000e
00000010
0006000f
000c000c
00110007
00140000
0013fff8
0010fff0
0009ffeb
0000ffe8
fff6ffe9
ffedffed
ffe6fff5
ffe30000
ffe4000c
ffe90017
fff3001f
00000022
000e0021
001b001b
0024000f
00290000
0027fff0
001fffe1
0011ffd6
0000ffd1
ffedffd3
ffdcffdc
ffd0ffec
ffca0000
ffcc0015
ffd70029
ffe90037
0000003e
0018003a
002f002f
003e001a
00460000
0042ffe5
0034ffcc
001dffba
0000ffb2
ffe1ffb6
ffc6ffc6
ffb2ffe0
ffa90000
ffae0022
ffbf0041
ffdc0056
00000060
0025005b
00480048
00600027
006a0000
0064ffd7
004fffb1
002bff97
0000ff8c
ffd3ff93
ffa9ffa9
ff8effd1
ff810000
ff890031
ffa2005e
ffcc007d
0000008a
00360082
00670067
00880038
00960000
008dffc6
006fff91
003dff6d
0000ff5d
ffc1ff68
ff88ff88
ff62ffbf
ff510000
ff5c0044
ff7f0081
ffba00aa
000000bc
004900b1
008b008b
00b7004b
00ca0000
00bdffb2
0095ff6b
0051ff3c
0000ff28
ffadff36
ff61ff61
ff2fffaa
ff190000
ff280059
ff5700a9
ffa400df
000000f6
005f00e6
00b400b4
00ed0062
01060000
00f4ff9b
00bfff41
0068ff04
0000feeb
ff95fefd
ff35ff35
fef5ff92
feda0000
feed0071
ff2900d7
ff8b011a
00000137
00780122
00e300e3
012a007b
01480000
0132ff82
00f0ff10
0082fec5
0000fea6
ff7bfebd
ff04ff04
feb5ff77
fe930000
feac008c
fef6010a
ff70015d
00000180
00940165
01170117
016e0097
01930000
0177ff65
0125fedb
009ffe7f
0000fe59
ff5efe77
fecdfecd
fe6dff5a
fe450000
fe6300aa
febe0142
ff5201a6
000001cf
00b201af
01510151
01b900b6
01e50000
01c3ff46
0160fea0
00befe33
0000fe06
ff3efe29
fe91fe91
fe1fff39
fdef0000
fe1400cb
fe81017f
ff3101f6
00000227
00d40200
018f018f
020b00d8
023e0000
0215ff24
01a0fe60
00e1fde0
0000fdaa
ff1bfdd4
fe4ffe4f
fdcaff16
fd920000
fdbf00ee
fe3e01c2
ff0d024d
00000286
00f80258
01d401d4
026400fd
029f0000
026ffeff
01e5fe1b
0106fd85
0000fd48
fef5fd7a
fe08fe08
fd6efef0
fd2e0000
fd610115
fdf6020a
fee602aa
000002ec
011f02b6
021d021d
02c30124
03070000
02cffed7
0230fdd0
012efd24
0000fcde
fecdfd18
fdbdfdbd
fd0bfec7
fcc20000
fcfe013e
fda90257
febd030f
0000035a
0149031c
026b026b
0329014e
03760000
0336feac
0280fd80
0159fcbd
0000fc6d
fea1fcaf
fd6cfd6c
fca1fe9c
fc4f0000
fc95016a
fd5702a9
fe90037a
000003ce
01750387
02be02be
0395017b
03ed0000
03a4fe7f
02d4fd2c
0186fc4f
0000fbf5
fe74fc40
fd16fd16
fc32fe6e
fbd60000
fc240198
fd000300
fe6203eb
0000044a
01a403fa
03170317
040801aa
046a0000
0417fe4f
032efcd2
01b7fbda
0000fb75
fe43fbcb
fcbbfcbb
fbbbfe3d
fb550000
fbac01c9
fca3035d
fe300463
000004cd
01d60473
03750375
048201dc
04ef0000
0491fe1d
038dfc73
01eafb5f
0000faef
fe10fb4f
fc5bfc5b
fb3ffe09
facd0000
fb2f01fd
fc4203be
fdfc04e1
00000556
020b04f2
03d703d7
05020211
057a0000
0512fde8
03f0fc10
021ffadd
0000fa62
fddafacc
fbf6fbf6
fabcfdd3
fa3e0000
faab0234
fbdc0424
fdc50566
000005e8
02420577
043e043e
05880249
060c0000
0599fdb0
0459fba7
0257fa56
0000f9ce
fda1fa44
fb8cfb8c
fa32fd9a
f9a80000
fa21026d
fb71048f
fd8c05f1
0000067f
027c0603
04aa04aa
06150283
06a60000
0627fd76
04c6fb3a
0292f9c7
0000f933
fd67f9b5
fb1efb1e
f9a3fd5f
f90b0000
f99102a8
fb0104ff
fd500682
0000071d
02b80695
051b051b
06a702c0
07460000
06bafd39
0538fac8
02cff933
0000f892
fd29f920
faaafaaa
f90dfd21
f8680000
f8fa02e7
fa8d0573
fd110719
000007c2
02f7072c
05910591
074002ff
07ec0000
0754fcf9
05affa51
030ff899
0000f7e9
fce9f885
fa33fa33
f871fce1
f7be0000
f85e0327
fa1405ec
fcd007b6
0000086d
033807cb
060b060b
07df0340
08990000
07f3fcb8
062bf9d5
0351f7f8
0000f73b
fca7f7e4
f9b6f9b6
f7cffc9e
f70e0000
f7bb036a
f996066a
fc8d085a
0000091f
037c086e
068a068a
08830384
094c0000
0898fc73
06aaf956
0396f752
0000f686
fc62f73d
f935f935
f728fc59
f6570000
f71303b0
f91406ec
fc470902
000009d7
03c20918
070d070d
092e03ca
0a060000
0943fc2d
072ff8d1
03ddf6a7
0000f5cb
fc1af691
f8aff8af
f67bfc11
f59b0000
f66503f8
f88e0772
fbff09b1
00000a95
040a09c7
07950795
09de0413
0ac60000
09f4fbe4
07b7f849
0426f5f5
0000f50a
fbd1f5df
f826f826
f5c8fbc7
f4d90000
f5b10442
f80307fd
fbb50a66
00000b59
04550a7d
08210821
0a94045e
0b8b0000
0aabfb98
0844f7bc
0471f53e
0000f443
fb85f527
f798f798
f510fb7b
f4100000
f4f8048e
f774088c
fb680b1f
00000c24
04a20b37
08b108b1
0b4e04ac
0c570000
0b66fb4b
08d5f72b
04bff481
0000f375
fb37f46a
f705f705
f452fb2d
f3410000
f43a04dd
f6e00920
fb190bde
00000cf4
04f10bf7
09450945
0c0f04fb
0d290000
0c27fafb
096bf695
050ff3c0
0000f2a2
fae7f3a8
f670f670
f38efadc
f26c0000
f376052e
f64909b7
fac80ca3
00000dca
05420cbc
09dd09dd
0cd5054d
0e000000
0ceefaa9
0a04f5fc
0562f2f9
0000f1ca
fa94f2e0
f5d5f5d5
f2c7fa8a
f1920000
f2ad0581
f5ae0a52
fa750d6c
00000ea5
05960d86
0a790a79
0d9f05a0
0edd0000
0db9fa55
0aa1f55f
05b6f22d
0000f0eb
fa3ff213
f537f537
f1f9fa35
f0b30000
f1df05d6
f50f0af1
fa1f0e3b
00000f86
05ec0e55
0b1a0b1a
0e6f05f6
0fbf0000
0e8af9ff
0b42f4be
060cf15c
0000f008
f9e9f142
f495f495
f127f9de
efce0000
f10d062d
f46c0b94
f9c80f0f
0000106c
06430f29
0bbd0bbd
0f44064e
10a70000
0f5ff9a7
0be7f419
0664f086
0000ef1f
f990f06b
f3eff3ef
f050f985
eee40000
f0350686
f3c50c3b
f96f0fe6
00001157
069c1002
0c650c65
101e06a8
11930000
1039f94d
0c90f370
06bfefac
0000ee31
f936ef90
f346f346
ef74f92b
edf40000
ef5806e1
f31b0ce5
f91310c4
00001248
06f810e0
0d100d10
10fb0704
12850000
1118f8f1
0d3bf2c5
071beecc
0000ed3e
f8d9eeb0
f299f299
ee94f8ce
ed010000
ee77073e
f26d0d93
f8b611a5
0000133d
075511c1
0dbf0dbf
11de0761
137b0000
11faf893
0debf215
0779ede9
0000ec47
f87bedcc
f1e9f1e9
edb0f86f
ec080000
ed92079d
f1bc0e44
f857128b
00001437
07b412a7
0e700e70
12c507c1
14760000
12e2f834
0e9ef162
07d9ed01
0000eb4a
f81bece3
f135f135
ecc7f80f
eb0a0000
eca907fd
f1080ef8
f7f71374
00001536
08161392
0f260f26
13b00822
15760000
13cdf7d2
0f54f0ac
083aec15
0000ea49
f7b9ebf7
f07ef07e
ebdaf7ad
ea090000
ebbb085f
f0500fb0
f7941463
00001639
08781480
0fde0fde
149f0884
167a0000
14bdf76f
100deff3
089deb25
0000e944
f756eb07
efc4efc4
eae8f74a
e9020000
eaca08c3
ef96106a
f7311554
00001740
08dc1573
10991099
159108e9
17830000
15b0f70b
10c9ef37
0902ea31
0000e83b
f6f1ea12
ef08ef08
e9f4f6e5
e7f80000
e9d50928
eed81128
f6cb164a
0000184c
0942166a
11581158
1689094f
188f0000
16a8f6a5
1188ee78
0968e939
0000e72d
f68be91a
ee48ee48
e8fbf67e
e6e90000
e8db098f
ee1811e8
f6641744
0000195b
09a91763
12191219
178309b6
199f0000
17a2f63d
124aedb6
09d0e83e
0000e61c
f623e81e
ed86ed86
e7fff616
e5d70000
e7df09f7
ed5512ab
f5fc1841
00001a6e
0a121861
12dd12dd
18810a1f
1ab30000
18a1f5d4
130eecf2
0a39e73f
0000e507
f5b9e71f
ecc1ecc1
e6fff5ac
e4c10000
e6df0a61
ec8f1371
f5921941
00001b85
0a7c1962
13a313a3
19820a89
1bcc0000
19a2f56a
13d5ec2b
0aa4e63d
0000e3ee
f54fe61d
ebf9ebf9
e5fcf541
e3a80000
e5dc0acc
ebc71439
f5261a45
00001c9f
0ae71a66
146b146b
1a860af5
1ce60000
1aa7f4fe
149eeb62
0b10e539
0000e2d2
f4e3e517
eb2feb2f
e4f6f4d5
e28b0000
e4d50b39
eafc1504
f4ba1b4c
00001dbd
0b541b6d
15371537
1b8e0b62
1e050000
1baff491
156aea96
0b7de430
0000e1b3
f475e40f
ea63ea63
e3eef468
e16b0000
e3cc0ba6
ea2f15d1
f44c1c55
00001ede
0bc11c76
16041604
1c980bcf
1f260000
1cb9f423
1638e9c8
0bebe325
0000e091
f407e304
e995e995
e2e3f3f9
e0480000
e2c10c15
e961169f
f3dd1d61
00002001
0c301d83
16d316d3
1da50c3e
204a0000
1dc6f3b4
1707e8f9
0c5ae218
0000df6b
f398e1f6
e8c4e8c4
e1d4f38a
df220000
e1b30c84
e8901770
f36e1e70
00002128
0ca01e92
17a517a5
1eb40cae
21720000
1ed6f343
17d9e827
0ccbe108
0000de44
f327e0e6
e7f2e7f2
e0c4f319
ddfa0000
e0a10cf5
e7bd1843
f2fd1f81
00002251
0d111fa4
18781878
1fc50d1f
229b0000
1fe8f2d2
18ade753
0d3cdff6
0000dd1a
f2b6dfd3
e71ee71e
dfb1f2a8
dccf0000
df8e0d67
e6e91917
f28b2094
0000237c
0d8320b7
194d194d
20d90d91
23c70000
20fcf260
1982e67e
0daedee1
0000dbed
f244debe
e648e648
de9cf235
dba20000
de790dd9
e61319ed
f21821aa
000024aa
0df621cc
1a231a23
21f00e04
24f60000
2212f1ed
1a59e5a7
0e21ddcb
0000dabe
f1d0dda8
e571e571
dd85f1c2
da720000
dd620e4c
e53b1ac5
f1a522c1
000025da
0e6922e4
1afb1afb
23070e78
26260000
232af17a
1b31e4cf
0e95dcb2
0000d98e
f15ddc8f
e499e499
dc6cf14e
d9410000
dc490ec1
e4631b9d
f13123da
0000270b
0ede23fe
1bd41bd4
24210eec
27580000
2444f105
1c0be3f5
0f09db99
0000d85b
f0e8db75
e3bfe3bf
db52f0da
d80e0000
db2e0f35
e3891c77
f0bc24f5
0000283f
0f522518
1cae1cae
253c0f61
288c0000
255ff090
1ce5e31b
0f7eda7d
0000d727
f073da5a
e2e4e2e4
da36f064
d6da0000
da120faa
e2ad1d53
f0472611
00002974
0fc82635
1d8a1d8a
26580fd6
29c10000
267cf01b
1dc1e23f
0ff4d961
0000d5f2
effdd93d
e208e208
d919efee
d5a30000
d8f61020
e1d11e2f
efd1272e
00002aaa
103e2752
1e661e66
2776104d
2af70000
2799efa5
1e9de163
106ad843
0000d4bb
ef87d81f
e12be12b
d7fbef78
d46d0000
d7d71097
e0f41f0c
ef5b284c
00002be1
10b42870
1f431f43
289410c3
2c2f0000
28b8ef2e
1f7be085
10e0d724
0000d383
ef11d700
e04ee04e
d6dcef02
d3350000
d6b8110d
e0171fe9
eee4296c
00002d19
112b2990
20212021
29b41139
2d670000
29d8eeb8
2058dfa8
1157d605
0000d24a
ee9ad5e1
df70df70
d5bdee8b
d1fc0000
d5981184
df3820c8
ee6d2a8c
00002e53
11a22ab0
20ff20ff
2ad411b1
2ea10000
2af8ee41
2137dec9
11ced4e4
0000d111
ee23d4c0
de92de92
d49cee14
d0c20000
d47811fb
de5a21a6
edf62bac
00002f8c
12192bd0
21de21de
2bf41228
2fda0000
2c19edc9
2216ddea
1246d3c3
0000cfd7
edacd39f
ddb3ddb3
d37bed9d
cf890000
d3571272
dd7b2285
ed7f2ccd
000030c6
12902cf1
22bd22bd
2d15129f
31140000
2d3aed52
22f5dd0b
12bdd2a2
0000ce9d
ed34d27e
dcd4dcd4
d25bed25
ce4f0000
d23612ea
dc9c2364
ed072dee
00003200
13072e12
239c239c
2e361316
324f0000
2e5becdb
23d4dc2c
1334d181
0000cd63
ecbdd15e
dbf5dbf5
d13aecae
cd140000
d1151361
dbbd2443
ec902f0f
0000333a
137f2f33
247b247b
2f57138e
33890000
2f7cec63
24b3db4d
13acd061
0000cc29
ec46d03d
db16db16
d019ec37
cbda0000
cff413d8
dade2522
ec193030
00003474
13f63054
255a255a
30781405
34c20000
309cebec
2592da6e
1423cf40
0000caef
ebcecf1c
da37da37
cef8ebbf
caa10000
ced4144f
d9ff2601
eba23150
000035ad
146d3174
26382638
3198147c
35fc0000
31bdeb75
2670d990
149ace1f
0000c9b6
eb57cdfb
d958d958
cdd8eb48
c9670000
cdb414c7
d92126df
eb2b3270
000036e7
14e43294
27172717
32b814f3
37350000
32dceafe
274ed8b2
1511cd00
0000c87d
eae0ccdc
d87ad87a
ccb8ead2
c82f0000
cc94153d
d84327bd
eab43390
0000381f
155b33b4
27f427f4
33d7156a
386d0000
33fbea88
282bd7d5
1587cbe1
0000c745
ea6acbbd
d79dd79d
cb99ea5b
c6f70000
cb7615b3
d766289a
ea3e34ae
00003956
15d134d2
28d128d1
34f615e0
39a30000
3519ea11
2908d6f8
15fdcac3
0000c60e
e9f4ca9f
d6c1d6c1
ca7ce9e5
c5c10000
ca58162a
d6892977
e9c835cb
00003a8c
164735ef
29ad29ad
36121656
3ada0000
3636e99c
29e4d61c
1673c9a6
0000c4d9
e97ec982
d5e5d5e5
c95fe970
c48c0000
c93c169f
d5ae2a52
e95236e8
00003bc1
16bc370b
2a892a89
372e16cb
3c0e0000
3752e926
2abfd541
16e8c88b
0000c3a5
e909c867
d50bd50b
c844e8fb
c3580000
c8211714
d4d42b2c
e8de3802
00003cf5
17313826
2b632b63
3849173f
3d410000
386ce8b2
2b99d467
175dc771
0000c272
e895c74e
d431d431
c72ae886
c2260000
c7071788
d3fb2c05
e869391c
00003e26
17a5393f
2c3b2c3b
396217b4
3e720000
3985e83e
2c71d38f
17d0c658
0000c141
e821c635
d359d359
c612e813
c0f60000
c5f017fc
d3232cdd
e7f63a34
00003f56
18183a56
2d132d13
3a791827
3fa20000
3a9ce7cb
2d48d2b8
1844c542
0000c013
e7aec51f
d282d282
c4fce7a0
bfc70000
c4d9186f
d24d2db3
e7833b49
00004084
188b3b6c
2de92de9
3b8e1899
40cf0000
3bb1e758
2e1ed1e2
18b6c42d
0000bee6
e73cc40a
d1add1ad
c3e8e72e
be9b0000
c3c518e1
d1782e88
e7113c5c
000041af
18fd3c7f
2ebd2ebd
3ca1190b
41fa0000
3cc4e6e7
2ef2d10e
1927c31a
0000bdbc
e6cbc2f8
d0d9d0d9
c2d6e6bd
bd720000
c2b41952
d0a52f5b
e6a03d6e
000042d9
196e3d90
2f902f90
3db3197c
43220000
3dd4e676
2fc4d03c
1998c20a
0000bc95
e65ac1e8
d007d007
c1c6e64c
bc4a0000
c1a519c2
cfd3302d
e6303e7d
000043ff
19de3e9f
30613061
3ec119eb
44480000
3ee3e607
3095cf6b
1a07c0fc
0000bb6f
e5ebc0db
cf38cf38
c0b9e5dd
bb260000
c0981a31
cf0430fc
e5c13f8a
00004522
1a4c3fab
312f312f
3fcc1a5a
456b0000
3feee598
3163ce9d
1a76bff1
0000ba4d
e57dbfd0
ce6ace6a
bfafe56f
ba050000
bf8e1a9e
ce3731c9
e5544093
00004643
1aba40b4
31fc31fc
40d51ac7
468b0000
40f6e52b
322fcdd1
1ae3bee8
0000b92e
e510bec7
cd9ecd9e
bea7e502
b8e60000
be861b0b
cd6b3295
e4e7419a
00004761
1b2641bb
32c732c7
41dc1b34
47a80000
41fce4bf
32f9cd07
1b4fbde3
0000b812
e4a4bdc3
ccd5ccd5
bda2e496
b7cc0000
bd821b77
cca3335d
e47c429f
0000487b
1b9242bf
338f338f
42df1b9f
48c10000
42ffe454
33c1cc3f
1bb9bce1
0000b6f9
e439bcc0
cc0ecc0e
bca1e42c
b6b30000
bc811be1
cbdd3423
e412439f
00004992
1bfc43bf
34553455
43df1c09
49d70000
43ffe3ea
3486cb7a
1c23bbe2
0000b5e4
e3d0bbc2
cb4acb4a
bba2e3c3
b59f0000
bb831c4a
cb1934e7
e3a9449d
00004aa5
1c6444bc
35183518
44db1c71
4ae90000
44fbe382
3548cab8
1c8bbae6
0000b4d3
e368bac6
ca88ca88
baa8e35b
b48f0000
ba891cb1
ca5835a8
e3424596
00004bb4
1ccb45b6
35d835d8
45d51cd8
4bf80000
45f4e31b
3608c9f8
1cf1b9ee
0000b3c5
e302b9cf
c9c9c9c9
b9b0e2f5
b3830000
b9911d17
c9993667
e2dc468d
00004cc0
1d3146ac
36963696
46ca1d3d
4d020000
46e8e2b6
36c4c93c
1d56b8f9
0000b2bc
e29db8db
c90dc90d
b8bde291
b27a0000
b89e1d7c
c8de3722
e2784780
00004dc7
1d94479d
37503750
47bb1da1
4e090000
47dae253
377ec882
1dbab809
0000b1b7
e23ab7eb
c854c854
b7cde22e
b1760000
b7b01dde
c82637da
e216486e
00004eca
1df7488c
38083808
48a91e03
4f0a0000
48c7e1f1
3835c7cb
1e1bb71d
0000b0b6
e1d9b6ff
c79ec79e
b6e2e1cc
b0760000
b6c51e3f
c7703890
e1b44959
00004fc9
1e574975
38bc38bc
49921e63
50080000
49b0e191
38e9c717
1e7bb634
0000afb9
e179b617
c6ebc6eb
b5fae16d
af7b0000
b5de1e9f
c6bf3941
e1554a3f
000050c3
1eb64a5b
396d396d
4a771ec2
51010000
4a94e132
3999c667
1ed9b550
0000aec2
e11bb534
c63bc63b
b518e10f
ae850000
b4fb1efd
c61039f0
e0f84b20
000051b8
1f134b3c
3a1b3a1b
4b581f1f
51f40000
4b74e0d5
3a46c5ba
1f36b470
0000adcf
e0bfb454
c590c590
b439e0b3
ad930000
b41e1f58
c5653a9b
e09c4bfe
000052a9
1f6f4c1a
3ac53ac5
4c351f7a
52e40000
4c50e07b
3aefc511
1f90b395
0000ace1
e064b37a
c4e7c4e7
b35fe059
aca60000
b3441fb2
c4bd3b43
e0434cd7
00005394
1fc84cf1
3b6c3b6c
4d0d1fd3
53ce0000
4d27e022
3b95c46b
1fe9b2be
0000abf8
e00cb2a4
c442c442
b28ae001
abbf0000
b26f200a
c41a3be6
dfec4dab
0000547a
201f4dc5
3c0f3c0f
4ddf202a
54b30000
4df9dfcb
3c37c3c9
2040b1ed
0000ab15
dfb6b1d3
c3a1c3a1
b1b9dfab
aadd0000
b19f2060
c3793c87
df964e7a
0000555b
20754e94
3cae3cae
4ead207f
55920000
4ec7df76
3cd5c32b
2094b120
0000aa36
df61b107
c304c304
b0eedf57
aa000000
b0d520b3
c2dd3d23
df424f44
00005636
20c84f5d
3d493d49
4f7620d2
566c0000
4f8fdf24
3d70c290
20e7b058
0000a95e
df0fb040
c26bc26b
b027df05
a9290000
b00f2105
c2453dbb
def15009
0000570c
21195022
3de03de0
503a2123
57410000
5052ded3
3e05c1fb
2137af96
0000a88b
debfaf7f
c1d5c1d5
af66deb5
a8570000
af4e2154
c1b13e4f
dea250c9
000057dc
216850e1
3e743e74
50f82172
58100000
5110de85
3e98c168
2185aed9
0000a7bd
de71aec2
c144c144
aeabde68
a78b0000
ae9421a2
c1213edf
de555183
000058a7
21b5519a
3f033f03
51b121be
58d90000
51c8de39
3f26c0da
21d1ae21
0000a6f6
de26ae0b
c0b7c0b7
adf4de1c
a6c60000
adde21ed
c0953f6b
de0a5239
0000596b
21ff524f
3f8e3f8e
52652208
599b0000
527bddef
3fafc051
221bad6f
0000a635
ddddad59
c02fc02f
ad43ddd3
a6060000
ad2e2236
c00d3ff3
ddc252e8
00005a29
224752fe
40144014
53132250
5a570000
5328dda7
4035bfcb
2262acc2
0000a57a
dd96acae
bfaabfaa
ac98dd8d
a54c0000
ac83227c
bf8a4076
dd7c5392
00005ae1
228d53a6
40964096
53bb2296
5b0e0000
53cfdd62
40b6bf4a
22a7ac1c
0000a4c5
dd51ac08
bf2bbf2b
abf3dd48
a4990000
abdf22c0
bf0b40f5
dd385435
00005b93
22d0544a
41144114
545e22d9
5bbe0000
5471dd1f
4133becd
22e9ab7b
0000a417
dd0fab67
beafbeaf
ab54dd07
a3ec0000
ab402301
be91416f
dcf754d4
00005c3e
231254e7
418d418d
54fa2319
5c680000
550ddcdf
41aabe56
2329aae0
0000a36e
dccfaacd
be38be38
aabadcc7
a3460000
aaa72340
be1b41e5
dcb8556b
00005ce3
2350557e
42014201
55912358
5d0b0000
55a3dca1
421ebde2
2367aa4b
0000a2cd
dc92aa39
bdc6bdc6
aa27dc8a
a2a60000
aa15237d
bdaa4256
dc7c55fd
00005d82
238c560f
42714271
56212393
5da80000
5632dc66
428cbd74
23a1a9bc
0000a232
dc57a9aa
bd59bd59
a999dc50
a20c0000
a98823b7
bd3e42c2
dc425689
00005e18
23c5569a
42dc42dc
56ab23cc
5e3e0000
56bcdc2d
42f6bd0a
23daa934
0000a19e
dc1fa923
bcf0bcf0
a912dc18
a17a0000
a90223ef
bcd74329
dc0b570e
00005eaa
23fc571f
43424342
572f2403
5ecd0000
573fdbf7
435bbca5
2410a8b1
0000a111
dbeaa8a1
bc8dbc8d
a891dbe3
a0ee0000
a8822424
bc75438b
dbd6578e
00005f33
2430579d
43a343a3
57ac2437
5f550000
57bcdbc3
43bbbc45
2443a835
0000a08a
dbb7a826
bc2ebc2e
a817dbb1
a06a0000
a8082456
bc1743e9
dba45806
00005fb6
24625815
44004400
58242468
5fd60000
5832db92
4416bbea
2474a7c0
0000a00b
db86a7b1
bbd4bbd4
a7a3db81
9fed0000
a7952485
bbbe4442
db755879
00006032
24905886
44574457
58952496
604f0000
58a2db64
446cbb94
24a1a751
00009f93
db59a743
bb80bb80
a736db54
9f760000
a72924b2
bb6b4495
db4958e4
000060a6
24bd58f1
44a944a9
58fe24c2
60c20000
590bdb39
44bdbb43
24cda6e8
00009f22
db2ea6dc
bb30bb30
a6cfdb29
9f070000
a6c324dc
bb1d44e3
db1f594a
00006114
24e65956
44f644f6
596124eb
612e0000
596edb10
4508baf8
24f5a686
00009eb8
db06a67b
bae5bae5
a66fdb01
9e9f0000
a6642503
bad4452c
daf859a8
0000617a
250d59b3
453e453e
59bf2512
61920000
59cadaea
454fbab1
251ba62c
00009e56
dae1a620
baa0baa0
a615dadc
9e3e0000
a60b2528
ba8f4571
dad45a00
000061d9
25315a0a
45814581
5a142535
61ef0000
5a1fdac7
4591ba6f
253ea5d7
00009dfa
dabea5cd
ba60ba60
a5c3daba
9de50000
a5b9254a
ba5145af
dab25a51
00006231
25525a5a
45be45be
5a632556
62450000
5a6edaa6
45cdba33
255ea589
00009da7
da9fa581
ba25ba25
a577da9b
9d930000
a56e2569
ba1745e9
da945a9b
00006280
25705aa3
45f645f6
5aac2574
62930000
5ab5da89
4604b9fc
257ba543
00009d5a
da82a53b
b9f0b9f0
a532da7e
9d480000
a52a2585
b9e3461d
da785ade
000062c9
258b5ae6
46294629
5aed258f
62da0000
5af5da6e
4635b9cb
2595a503
00009d15
da68a4fc
b9bfb9bf
a4f4da65
9d060000
a4ed259e
b9b4464c
da5f5b1a
0000630a
25a45b21
46574657
5b2825a7
63190000
5b2fda56
4661b99f
25ada4ca
00009cd8
da51a4c3
b995b995
a4bdda4e
9cca0000
a4b725b5
b98b4675
da495b4f
00006344
25ba5b56
467f467f
5b5c25bc
63510000
5b62da41
4688b978
25c1a498
00009ca2
da3da493
b96fb96f
a48dda3a
9c960000
a48825c8
b9674699
da365b7e
00006376
25cc5b83
46a246a2
5b8925cf
63810000
5b8eda2f
46a9b957
25d3a46d
00009c74
da2ba469
b94fb94f
a464da29
9c6a0000
a46025d9
b94846b8
da255ba5
000063a0
25dc5baa
46bf46bf
5bae25de
63a90000
5bb2da20
46c6b93a
25e1a44a
00009c4e
da1da446
b934b934
a442da1b
9c460000
a43e25e6
b92f46d1
da185bc6
000063c2
25e95bc9
46d746d7
5bcc25eb
63ca0000
5bd0da14
46dcb924
25eda42d
00009c2f
da11a42a
b91fb91f
a427da10
9c290000
a42425f1
b91b46e5
da0e5bdf
000063de
25f35be1
46e946e9
5be425f4
63e30000
5be6da0b
46edb913
25f7a417
00009c18
da09a415
b910b910
a413da08
9c140000
a41125f9
b90c46f4
da065bf1
000063f0
25fa5bf2
46f746f7
5bf525fb
63f40000
5bf6da04
46f9b907
25fca409
00009c09
da03a407
b905b905
a406da03
9c060000
a40525fe
b90346fd
da025bfc
000063fc
25ff5bfd
46fe46fe
5bfe25ff
63fe0000
5bffda01
46ffb901
25ffa401
00009c01
da00a401
b901b901
a400da00
9c000000
a4002600
b9004700
da005c00
00006400
26005c00
47004700
5c002600
64000000
5c00da00
46ffb901
2600a401
00009c01
da01a401
b901b901
a401da01
9c020000
a40225ff
b90246fe
da015bfd
000063fc
25fe5bfc
46fd46fd
5bfb25fe
63fa0000
5bfada03
46fbb905
25fda407
00009c09
da04a409
b907b907
a40ada04
9c0c0000
a40b25fb
b90946f7
da065bf2
000063f0
25fa5bf1
46f446f4
5bef25f9
63ec0000
5bedda08
46f0b910
25f7a415
00009c18
da09a417
b913b913
a41ada0b
9c1d0000
a41c25f4
b91746e9
da0d5be1
000063de
25f25bdf
46e546e5
5bdc25f1
63d70000
5bd9da10
46e1b91f
25efa42a
00009c2f
da13a42d
b924b924
a430da14
9c360000
a43425eb
b92946d7
da175bc9
000063c2
25e85bc6
46d146d1
5bc225e6
63ba0000
5bbeda1b
46ccb934
25e3a446
00009c4e
da1fa44a
b93ab93a
a44eda20
9c570000
a45225de
b94146bf
da245baa
000063a0
25db5ba5
46b846b8
5ba025d9
63960000
5b9cda29
46b1b94f
25d5a469
00009c74
da2da46d
b957b957
a472da2f
9c7f0000
a47725cf
b95e46a2
da345b83
00006376
25ca5b7e
46994699
5b7825c8
636a0000
5b73da3a
4691b96f
25c3a493
00009ca2
da3fa498
b978b978
a49eda41
9caf0000
a4a425bc
b981467f
da465b56
00006344
25b75b4f
46754675
5b4925b5
63360000
5b43da4e
466bb995
25afa4c3
00009cd8
da53a4ca
b99fb99f
a4d1da56
9ce70000
a4d825a7
b9a94657
da5c5b21
0000630a
25a15b1a
464c464c
5b13259e
62fa0000
5b0cda65
4641b9bf
2598a4fc
00009d15
da6ba503
b9cbb9cb
a50bda6e
9d260000
a513258f
b9d74629
da755ae6
000062c9
25885ade
461d461d
5ad62585
62b80000
5aceda7e
4610b9f0
257ea53b
00009d5a
da85a543
b9fcb9fc
a54bda89
9d6d0000
a5542574
ba0a45f6
da905aa3
00006280
256c5a9b
45e945e9
5a922569
626d0000
5a89da9b
45dbba25
2561a581
00009da7
daa2a589
ba33ba33
a592daa6
9dbb0000
a59d2556
ba4245be
daae5a5a
00006231
254e5a51
45af45af
5a47254a
621b0000
5a3ddaba
45a0ba60
2542a5cd
00009dfa
dac2a5d7
ba6fba6f
a5e1dac7
9e110000
a5ec2535
ba7f4581
dacf5a0a
000061d9
252c5a00
45714571
59f52528
61c20000
59ebdadc
4560baa0
251fa620
00009e56
dae5a62c
bab1bab1
a636daea
9e6e0000
a6412512
bac2453e
daf359b3
0000617a
250859a8
452c452c
599c2503
61610000
5991db01
451bbae5
24faa67b
00009eb8
db0ba686
baf8baf8
a692db10
9ed20000
a69f24eb
bb0a44f6
db1a5956
00006114
24e1594a
44e344e3
593d24dc
60f90000
5931db29
44d0bb30
24d2a6dc
00009f22
db33a6e8
bb43bb43
a6f5db39
9f3e0000
a70224c2
bb5744a9
db4358f1
000060a6
24b758e4
44954495
58d724b2
608a0000
58cadb54
4480bb80
24a7a743
00009f93
db5fa751
bb94bb94
a75edb64
9fb10000
a76b2496
bba94457
db705886
00006032
248b5879
44424442
586b2485
60130000
585ddb81
442cbbd4
247aa7b1
0000a00b
db8ca7c0
bbeabbea
a7cedb92
a02a0000
a7dc2468
bc004400
db9e5815
00005fb6
245c5806
43e943e9
57f82456
5f960000
57e9dbb1
43d2bc2e
2449a826
0000a08a
dbbda835
bc45bc45
a844dbc3
a0ab0000
a8542437
bc5d43a3
dbd0579d
00005f33
242a578e
438b438b
577e2424
5f120000
576fdbe3
4373bc8d
2416a8a1
0000a111
dbf0a8b1
bca5bca5
a8c1dbf7
a1330000
a8d12403
bcbe4342
dc04571f
00005eaa
23f5570e
43294329
56fe23ef
5e860000
56eedc18
4310bcf0
23e1a923
0000a19e
dc26a934
bd0abd0a
a944dc2d
a1c20000
a95523cc
bd2442dc
dc3b569a
00005e18
23be5689
42c242c2
567823b7
5df40000
5667dc50
42a7bd59
23a9a9aa
0000a232
dc5fa9bc
bd74bd74
a9cedc66
a2580000
a9df2393
bd8f4271
dc74560f
00005d82
238455fd
42564256
55eb237d
5d5a0000
55d9dc8a
423abdc6
236eaa39
0000a2cd
dc99aa4b
bde2bde2
aa5ddca1
a2f50000
aa6f2358
bdff4201
dcb0557e
00005ce3
2348556b
41e541e5
55592340
5cba0000
5546dcc7
41c8be38
2331aacd
0000a36e
dcd7aae0
be56be56
aaf3dcdf
a3980000
ab062319
be73418d
dcee54e7
00005c3e
230954d4
416f416f
54c02301
5c140000
54acdd07
4151beaf
22f1ab67
0000a417
dd17ab7b
becdbecd
ab8fdd1f
a4420000
aba222d9
beec4114
dd30544a
00005b93
22c85435
40f540f5
542122c0
5b670000
540ddd48
40d5bf2b
22afac08
0000a4c5
dd59ac1c
bf4abf4a
ac31dd62
a4f20000
ac452296
bf6a4096
dd7353a6
00005ae1
22845392
40764076
537d227c
5ab40000
5368dd8d
4056bfaa
226aacae
0000a57a
dd9eacc2
bfcbbfcb
acd8dda7
a5a90000
aced2250
bfec4014
ddb952fe
00005a29
223e52e8
3ff33ff3
52d22236
59fa0000
52bdddd3
3fd1c02f
2223ad59
0000a635
dde5ad6f
c051c051
ad85ddef
a6650000
ad9b2208
c0723f8e
de01524f
0000596b
21f65239
3f6b3f6b
522221ed
593a0000
520cde1c
3f49c0b7
21daae0b
0000a6f6
de2fae21
c0dac0da
ae38de39
a7270000
ae4f21be
c0fd3f03
de4b519a
000058a7
21ab5183
3edf3edf
516c21a2
58750000
5155de68
3ebcc144
218faec2
0000a7bd
de7baed9
c168c168
aef0de85
a7f00000
af082172
c18c3e74
de9850e1
000057dc
215e50c9
3e4f3e4f
50b22154
57a90000
509adeb5
3e2bc1d5
2141af7f
0000a88b
dec9af96
c1fbc1fb
afaeded3
a8bf0000
afc62123
c2203de0
dee75022
0000570c
210f5009
3dbb3dbb
4ff12105
56d70000
4fd9df05
3d95c26b
20f1b040
0000a95e
df19b058
c290c290
b071df24
a9940000
b08a20d2
c2b73d49
df384f5d
00005636
20be4f44
3d233d23
4f2b20b3
56000000
4f12df57
3cfcc304
209fb107
0000aa36
df6cb120
c32bc32b
b139df76
aa6e0000
b153207f
c3523cae
df8b4e94
0000555b
206a4e7a
3c873c87
4e612060
55230000
4e47dfab
3c5fc3a1
204ab1d3
0000ab15
dfc0b1ed
c3c9c3c9
b207dfcb
ab4d0000
b221202a
c3f13c0f
dfe14dc5
0000547a
20144dab
3be63be6
4d91200a
54410000
4d76e001
3bbec442
1ff4b2a4
0000abf8
e017b2be
c46bc46b
b2d9e022
ac320000
b2f31fd3
c4943b6c
e0384cf1
00005394
1fbd4cd7
3b433b43
4cbc1fb2
535a0000
4ca1e059
3b19c4e7
1f9cb37a
0000ace1
e070b395
c511c511
b3b0e07b
ad1c0000
b3cb1f7a
c53b3ac5
e0914c1a
000052a9
1f644bfe
3a9b3a9b
4be21f58
526d0000
4bc7e0b3
3a70c590
1f41b454
0000adcf
e0cab470
c5bac5ba
b48ce0d5
ae0c0000
b4a81f1f
c5e53a1b
e0ed4b3c
000051b8
1f084b20
39f039f0
4b051efd
517b0000
4ae8e10f
39c5c63b
1ee5b534
0000aec2
e127b550
c667c667
b56ce132
aeff0000
b5891ec2
c693396d
e14a4a5b
000050c3
1eab4a3f
39413941
4a221e9f
50850000
4a06e16d
3915c6eb
1e87b617
0000afb9
e185b634
c717c717
b650e191
aff80000
b66e1e63
c74438bc
e1a94975
00004fc9
1e4c4959
38903890
493b1e3f
4f8a0000
491ee1cc
3862c79e
1e27b6ff
0000b0b6
e1e5b71d
c7cbc7cb
b739e1f1
b0f60000
b7571e03
c7f83808
e209488c
00004eca
1dea486e
37da37da
48501dde
4e8a0000
4833e22e
37acc854
1dc6b7eb
0000b1b7
e246b809
c882c882
b826e253
b1f70000
b8451da1
c8b03750
e26c479d
00004dc7
1d884780
37223722
47621d7c
4d860000
4743e291
36f3c90d
1d63b8db
0000b2bc
e2aab8f9
c93cc93c
b918e2b6
b2fe0000
b9361d3d
c96a3696
e2cf46ac
00004cc0
1d24468d
36673667
466f1d17
4c7d0000
4650e2f5
3637c9c9
1cfeb9cf
0000b3c5
e30fb9ee
c9f8c9f8
ba0ce31b
b4080000
ba2b1cd8
ca2835d8
e33545b6
00004bb4
1cbe4596
35a835a8
45771cb1
4b710000
4558e35b
3578ca88
1c98bac6
0000b4d3
e375bae6
cab8cab8
bb05e382
b5170000
bb251c71
cae83518
e39c44bc
00004aa5
1c57449d
34e734e7
447d1c4a
4a610000
445ee3c3
34b6cb4a
1c30bbc2
0000b5e4
e3ddbbe2
cb7acb7a
bc01e3ea
b6290000
bc211c09
cbab3455
e40443bf
00004992
1bee439f
34233423
437f1be1
494d0000
435fe42c
33f2cc0e
1bc7bcc0
0000b6f9
e447bce1
cc3fcc3f
bd01e454
b73f0000
bd211b9f
cc71338f
e46e42bf
0000487b
1b84429f
335d335d
427e1b77
48340000
425ee496
332bccd5
1b5cbdc3
0000b812
e4b1bde3
cd07cd07
be04e4bf
b8580000
be241b34
cd3932c7
e4da41bb
00004761
1b19419a
32953295
417a1b0b
471a0000
4159e502
3262cd9e
1af0bec7
0000b92e
e51dbee8
cdd1cdd1
bf0ae52b
b9750000
bf2b1ac7
ce0431fc
e54640b4
00004643
1aac4093
31c931c9
40721a9e
45fb0000
4051e56f
3196ce6a
1a83bfd0
0000ba4d
e58abff1
ce9dce9d
c012e598
ba950000
c0341a5a
ced1312f
e5b43fab
00004522
1a3f3f8a
30fc30fc
3f681a31
44da0000
3f47e5dd
30c8cf38
1a15c0db
0000bb6f
e5f9c0fc
cf6bcf6b
c11de607
bbb80000
c13f19eb
cf9f3061
e6223e9f
000043ff
19d03e7d
302d302d
3e5b19c2
43b60000
3e3ae64c
2ff9d007
19a6c1e8
0000bc95
e668c20a
d03cd03c
c22ce676
bcde0000
c24d197c
d0702f90
e6923d90
000042d9
19603d6e
2f5b2f5b
3d4c1952
428e0000
3d2ae6bd
2f27d0d9
1935c2f8
0000bdbc
e6d9c31a
d10ed10e
c33ce6e7
be060000
c35f190b
d1432ebd
e7033c7f
000041af
18ef3c5c
2e882e88
3c3b18e1
41650000
3c18e72e
2e53d1ad
18c4c40a
0000bee6
e74ac42d
d1e2d1e2
c44fe758
bf310000
c4721899
d2172de9
e7753b6c
00004084
187d3b49
2db32db3
3b27186f
40390000
3b04e7a0
2d7ed282
1852c51f
0000c013
e7bcc542
d2b8d2b8
c564e7cb
c05e0000
c5871827
d2ed2d13
e7e83a56
00003f56
180a3a34
2cdd2cdd
3a1017fc
3f0a0000
39eee813
2ca7d359
17dfc635
0000c141
e830c658
d38fd38f
c67be83e
c18e0000
c69e17b4
d3c52c3b
e85b393f
00003e26
1797391c
2c052c05
38f91788
3dda0000
38d6e886
2bcfd431
176bc74e
0000c272
e8a3c771
d467d467
c794e8b2
c2bf0000
c7b7173f
d49d2b63
e8cf3826
00003cf5
17223802
2b2c2b2c
37df1714
3ca80000
37bce8fb
2af5d50b
16f7c867
0000c3a5
e918c88b
d541d541
c8aee926
c3f20000
c8d216cb
d5772a89
e944370b
00003bc1
16ae36e8
2a522a52
36c4169f
3b740000
36a1e970
2a1bd5e5
1682c982
0000c4d9
e98dc9a6
d61cd61c
c9cae99c
c5260000
c9ee1656
d65329ad
e9b935ef
00003a8c
163835cb
29772977
35a8162a
3a3f0000
3584e9e5
293fd6c1
160cca9f
0000c60e
ea03cac3
d6f8d6f8
cae7ea11
c65d0000
cb0a15e0
d72f28d1
ea2f34d2
00003956
15c234ae
289a289a
348a15b3
39090000
3467ea5b
2863d79d
1596cbbd
0000c745
ea79cbe1
d7d5d7d5
cc05ea88
c7930000
cc29156a
d80c27f4
eaa533b4
0000381f
154c3390
27bd27bd
336c153d
37d10000
3348ead2
2786d87a
1520ccdc
0000c87d
eaefcd00
d8b2d8b2
cd24eafe
c8cb0000
cd4814f3
d8e92717
eb1c3294
000036e7
14d53270
26df26df
324c14c7
36990000
3228eb48
26a8d958
14a9cdfb
0000c9b6
eb66ce1f
d990d990
ce43eb75
ca040000
ce68147c
d9c82638
eb933174
000035ad
145e3150
26012601
312c144f
355f0000
3108ebbf
25c9da37
1432cf1c
0000caef
ebddcf40
da6eda6e
cf64ebec
cb3e0000
cf881405
daa6255a
ec0a3054
00003474
13e73030
25222522
300c13d8
34260000
2fe7ec37
24eadb16
13bad03d
0000cc29
ec54d061
db4ddb4d
d084ec63
cc770000
d0a9138e
db85247b
ec812f33
0000333a
13702f0f
24432443
2eeb1361
32ec0000
2ec6ecae
240bdbf5
1343d15e
0000cd63
ecccd181
dc2cdc2c
d1a5ecdb
cdb10000
d1ca1316
dc64239c
ecf92e12
00003200
12f92dee
23642364
2dca12ea
31b10000
2da5ed25
232cdcd4
12ccd27e
0000ce9d
ed43d2a2
dd0bdd0b
d2c6ed52
ceec0000
d2eb129f
dd4322bd
ed702cf1
000030c6
12812ccd
22852285
2ca91272
30770000
2c85ed9d
224dddb3
1254d39f
0000cfd7
edbad3c3
ddeaddea
d3e7edc9
d0260000
d40c1228
de2221de
ede72bd0
00002f8c
120a2bac
21a621a6
2b8811fb
2f3e0000
2b64ee14
216ede92
11ddd4c0
0000d111
ee32d4e4
dec9dec9
d508ee41
d15f0000
d52c11b1
df0120ff
ee5e2ab0
00002e53
11932a8c
20c820c8
2a681184
2e040000
2a43ee8b
2090df70
1166d5e1
0000d24a
eea9d605
dfa8dfa8
d628eeb8
d2990000
d64c1139
dfdf2021
eed52990
00002d19
111c296c
1fe91fe9
2948110d
2ccb0000
2924ef02
1fb2e04e
10efd700
0000d383
ef20d724
e085e085
d748ef2e
d3d10000
d76c10c3
e0bd1f43
ef4c2870
00002be1
10a5284c
1f0c1f0c
28291097
2b930000
2805ef78
1ed5e12b
1079d81f
0000d4bb
ef96d843
e163e163
d867efa5
d5090000
d88a104d
e19a1e66
efc22752
00002aaa
102f272e
1e2f1e2f
270a1020
2a5d0000
26e7efee
1df8e208
1003d93d
0000d5f2
f00cd961
e23fe23f
d984f01b
d63f0000
d9a80fd6
e2761d8a
f0382635
00002974
0fb92611
1d531d53
25ee0faa
29260000
25caf064
1d1ce2e4
0f8dda5a
0000d727
f082da7d
e31be31b
daa1f090
d7740000
dac40f61
e3521cae
f0ae2518
0000283f
0f4424f5
1c771c77
24d20f35
27f20000
24aef0da
1c41e3bf
0f18db75
0000d85b
f0f7db99
e3f5e3f5
dbbcf105
d8a80000
dbdf0eec
e42c1bd4
f12223fe
0000270b
0ecf23da
1b9d1b9d
23b70ec1
26bf0000
2394f14e
1b67e499
0ea3dc8f
0000d98e
f16bdcb2
e4cfe4cf
dcd6f17a
d9da0000
dcf90e78
e5051afb
f19722e4
000025da
0e5b22c1
1ac51ac5
229e0e4c
258e0000
227bf1c2
1a8fe571
0e30dda8
0000dabe
f1dfddcb
e5a7e5a7
ddeef1ed
db0a0000
de100e04
e5dd1a23
f20a21cc
000024aa
0de821aa
19ed19ed
21870dd9
245e0000
2164f235
19b8e648
0dbcdebe
0000dbed
f252dee1
e67ee67e
df04f260
dc390000
df270d91
e6b3194d
f27d20b7
0000237c
0d752094
19171917
20720d67
23310000
204ff2a8
18e2e71e
0d4adfd3
0000dd1a
f2c4dff6
e753e753
e018f2d2
dd650000
e03b0d1f
e7881878
f2ef1fa4
00002251
0d031f81
18431843
1f5f0cf5
22060000
1f3cf319
180ee7f2
0cd9e0e6
0000de44
f335e108
e827e827
e12af343
de8e0000
e14c0cae
e85b17a5
f3601e92
00002128
0c921e70
17701770
1e4d0c84
20de0000
1e2cf38a
173ce8c4
0c68e1f6
0000df6b
f3a6e218
e8f9e8f9
e23af3b4
dfb60000
e25b0c3e
e92d16d3
f3d01d83
00002001
0c231d61
169f169f
1d3f0c15
1fb80000
1d1df3f9
166be995
0bf9e304
0000e091
f415e325
e9c8e9c8
e347f423
e0da0000
e3680bcf
e9fc1604
f43f1c76
00001ede
0bb41c55
15d115d1
1c340ba6
1e950000
1c12f468
159dea63
0b8be40f
0000e1b3
f483e430
ea96ea96
e451f491
e1fb0000
e4720b62
eac91537
f4ac1b6d
00001dbd
0b461b4c
15041504
1b2b0b39
1d750000
1b0af4d5
14d1eb2f
0b1de517
0000e2d2
f4f0e539
eb62eb62
e559f4fe
e31a0000
e57a0af5
eb95146b
f5191a66
00001c9f
0ada1a45
14391439
1a240acc
1c580000
1a04f541
1407ebf9
0ab1e61d
0000e3ee
f55ce63d
ec2bec2b
e65ef56a
e4340000
e67e0a89
ec5d13a3
f5841962
00001b85
0a6e1941
13711371
19210a61
1b3f0000
1901f5ac
133fecc1
0a47e71f
0000e507
f5c7e73f
ecf2ecf2
e75ff5d4
e54d0000
e77f0a1f
ed2312dd
f5ee1861
00001a6e
0a041841
12ab12ab
182109f7
1a290000
1801f616
127aed86
09dde81e
0000e61c
f630e83e
edb6edb6
e85ef63d
e6610000
e87d09b6
ede71219
f6571763
0000195b
099c1744
11e811e8
1725098f
19170000
1705f67e
11b8ee48
0975e91a
0000e72d
f698e939
ee78ee78
e958f6a5
e7710000
e977094f
eea81158
f6be166a
0000184c
0935164a
11281128
162b0928
18080000
160cf6e5
10f8ef08
090fea12
0000e83b
f6feea31
ef37ef37
ea50f70b
e87d0000
ea6f08e9
ef671099
f7241573
00001740
08cf1554
106a106a
153608c3
16fe0000
1518f74a
103cefc4
08aaeb07
0000e944
f763eb25
eff3eff3
eb43f76f
e9860000
eb610884
f0220fde
f7881480
00001639
086c1463
0fb00fb0
1445085f
15f70000
1426f7ad
0f82f07e
0847ebf7
0000ea49
f7c6ec15
f0acf0ac
ec33f7d2
ea8a0000
ec500822
f0da0f26
f7ea1392
00001536
08091374
0ef80ef8
135707fd
14f60000
1339f80f
0ecbf135
07e5ece3
0000eb4a
f827ed01
f162f162
ed1ef834
eb8a0000
ed3b07c1
f1900e70
f84c12a7
00001437
07a9128b
0e440e44
126e079d
13f80000
1250f86f
0e17f1e9
0785edcc
0000ec47
f887ede9
f215f215
ee06f893
ec850000
ee220761
f2410dbf
f8ab11c1
0000133d
074a11a5
0d930d93
1189073e
12ff0000
116cf8ce
0d67f299
0727eeb0
0000ed3e
f8e5eecc
f2c5f2c5
eee8f8f1
ed7b0000
ef050704
f2f00d10
f90810e0
00001248
06ed10c4
0ce50ce5
10a806e1
120c0000
108cf92b
0cbaf346
06caef90
0000ee31
f941efac
f370f370
efc7f94d
ee6d0000
efe206a8
f39b0c65
f9641002
00001157
06910fe6
0c3b0c3b
0fcb0686
111c0000
0fb0f985
0c11f3ef
0670f06b
0000ef1f
f99cf086
f419f419
f0a1f9a7
ef590000
f0bc064e
f4430bbd
f9bd0f29
0000106c
06380f0f
0b940b94
0ef3062d
10320000
0ed9f9de
0b6bf495
0617f142
0000f008
f9f4f15c
f4bef4be
f176f9ff
f0410000
f19105f6
f4e60b1a
fa140e55
00000f86
05e10e3b
0af10af1
0e2105d6
0f4d0000
0e07fa35
0ac9f537
05c1f213
0000f0eb
fa4af22d
f55ff55f
f247fa55
f1230000
f26105a0
f5870a79
fa6a0d86
00000ea5
058b0d6c
0a520a52
0d530581
0e6e0000
0d39fa8a
0a2bf5d5
056cf2e0
0000f1ca
fa9ef2f9
f5fcf5fc
f312faa9
f2000000
f32b054d
f62309dd
fabe0cbc
00000dca
05380ca3
09b709b7
0c8a052e
0d940000
0c72fadc
0990f670
0519f3a8
0000f2a2
faf1f3c0
f695f695
f3d9fafb
f2d70000
f3f104fb
f6bb0945
fb0f0bf7
00000cf4
04e70bde
09200920
0bc604dd
0cbf0000
0baefb2d
08fbf705
04c9f46a
0000f375
fb41f481
f72bf72b
f49afb4b
f3a90000
f4b204ac
f74f08b1
fb5e0b37
00000c24
04980b1f
088c088c
0b08048e
0bf00000
0af0fb7b
0868f798
047bf527
0000f443
fb8ff53e
f7bcf7bc
f555fb98
f4750000
f56c045e
f7df0821
fbab0a7d
00000b59
044b0a66
07fd07fd
0a4f0442
0b270000
0a38fbc7
07daf826
042ff5df
0000f50a
fbdaf5f5
f849f849
f60cfbe4
f53a0000
f6220413
f86b0795
fbf609c7
00000a95
040109b1
07720772
099b03f8
0a650000
0985fc11
0751f8af
03e6f691
0000f5cb
fc23f6a7
f8d1f8d1
f6bdfc2d
f5fa0000
f6d203ca
f8f3070d
fc3e0918
000009d7
03b90902
06ec06ec
08ed03b0
09a90000
08d8fc59
06cbf935
039ef73d
0000f686
fc6af752
f956f956
f768fc73
f6b40000
f77d0384
f976068a
fc84086e
0000091f
0373085a
066a066a
0845036a
08f20000
0831fc9e
064af9b6
0359f7e4
0000f73b
fcaff7f8
f9d5f9d5
f80dfcb8
f7670000
f8210340
f9f5060b
fcc807cb
0000086d
033007b6
05ec05ec
07a20327
08420000
078ffce1
05cdfa33
0317f885
0000f7e9
fcf1f899
fa51fa51
f8acfcf9
f8140000
f8c002ff
fa6f0591
fd09072c
000007c2
02ef0719
05730573
070602e7
07980000
06f3fd21
0556faaa
02d7f920
0000f892
fd31f933
fac8fac8
f946fd39
f8ba0000
f95902c0
fae5051b
fd480695
0000071d
02b00682
04ff04ff
066f02a8
06f50000
065dfd5f
04e2fb1e
0299f9b5
0000f933
fd6ef9c7
fb3afb3a
f9d9fd76
f95a0000
f9eb0283
fb5604aa
fd840603
0000067f
027405f1
048f048f
05df026d
06580000
05cefd9a
0474fb8c
025ffa44
0000f9ce
fda9fa56
fba7fba7
fa67fdb0
f9f40000
fa780249
fbc2043e
fdbe0577
000005e8
023b0566
04240424
05550234
05c20000
0544fdd3
040afbf6
0226facc
0000fa62
fde1fadd
fc10fc10
faeefde8
fa860000
fafe0211
fc2903d7
fdf504f2
00000556
020404e1
03be03be
04d101fd
05330000
04c1fe09
03a5fc5b
01f0fb4f
0000faef
fe16fb5f
fc73fc73
fb6ffe1d
fb110000
fb7e01dc
fc8b0375
fe2a0473
000004cd
01d00463
035d035d
045401c9
04ab0000
0445fe3d
0345fcbb
01bdfbcb
0000fb75
fe49fbda
fcd2fcd2
fbe9fe4f
fb960000
fbf801aa
fce90317
fe5c03fa
0000044a
019e03eb
03000300
03dc0198
042a0000
03cefe6e
02eafd16
018cfc40
0000fbf5
fe7afc4f
fd2cfd2c
fc5cfe7f
fc130000
fc6b017b
fd4202be
fe8b0387
000003ce
0170037a
02a902a9
036b016a
03b10000
035ffe9c
0294fd6c
015ffcaf
0000fc6d
fea7fcbd
fd80fd80
fccafeac
fc8a0000
fcd7014e
fd95026b
feb7031c
0000035a
0143030f
02570257
0302013e
033e0000
02f5fec7
0243fdbd
0133fd18
0000fcde
fed2fd24
fdd0fdd0
fd31fed7
fcf90000
fd3d0124
fde3021d
fee102b6
000002ec
011a02aa
020a020a
029f0115
02d20000
0292fef0
01f8fe08
010bfd7a
0000fd48
fefafd85
fe1bfe1b
fd91feff
fd610000
fd9c00fd
fe2c01d4
ff080258
00000286
00f3024d
01c201c2
024100ee
026e0000
0236ff16
01b1fe4f
00e5fdd4
0000fdaa
ff1ffde0
fe60fe60
fdebff24
fdc20000
fdf500d8
fe71018f
ff2c0200
00000227
00cf01f6
017f017f
01ec00cb
02110000
01e1ff39
016ffe91
00c2fe29
0000fe06
ff42fe33
fea0fea0
fe3dff46
fe1b0000
fe4700b6
feaf0151
ff4e01af
000001cf
00ae01a6
01420142
019d00aa
01bb0000
0193ff5a
0133fecd
00a2fe77
0000fe59
ff61fe7f
fedbfedb
fe89ff65
fe6d0000
fe920097
fee90117
ff6c0165
00000180
0090015d
010a010a
0154008c
016d0000
014bff77
00fcff04
0085febd
0000fea6
ff7efec5
ff10ff10
feceff82
feb80000
fed6007b
ff1d00e3
ff880122
00000137
0075011a
00d700d7
01130071
01260000
010bff92
00cbff35
006bfefd
0000feeb
ff98ff04
ff41ff41
ff0cff9b
fefa0000
ff130062
ff4c00b4
ffa100e6
000000f6
005c00df
00a900a9
00d80059
00e70000
00d1ffaa
009fff61
0053ff36
0000ff28
ffafff3c
ff6bff6b
ff43ffb2
ff360000
ff49004b
ff75008b
ffb700b1
000000bc
004600aa
00810081
00a40044
00af0000
009effbf
0078ff88
003fff68
0000ff5d
ffc3ff6d
ff91ff91
ff73ffc6
ff6a0000
ff780038
ff990067
ffca0082
0000008a
0034007d
005e005e
00770031
007f0000
0072ffd1
0057ffa9
002dff93
0000ff8c
ffd5ff97
ffb1ffb1
ff9cffd7
ff960000
ffa00027
ffb80048
ffdb005b
00000060
00240056
00410041
00520022
00570000
004effe0
003affc6
001fffb6
0000ffb2
ffe3ffba
ffccffcc
ffbeffe5
ffba0000
ffc2001a
ffd1002f
ffe8003a
0000003e
00170037
00290029
00340015
00360000
0030ffec
0024ffdc
0013ffd3
0000ffd1
ffefffd6
ffe1ffe1
ffd9fff0
ffd70000
ffdc000f
ffe5001b
fff20021
00000022
000d001f
00170017
001c000c
001d0000
001afff5
0013ffed
000affe9
0000ffe8
fff7ffeb
fff0fff0
ffedfff8
ffec0000
ffef0007
fff4000c
fffa000f
00000010
0006000e
00090009
000c0005
000c0000
000afffc
0007fff9
0004fff7
0000fff7
fffdfff9
fffbfffb
fffafffd
fffa0000
fffb0002
fffd0003
fffe0004
00000004
00010003
00020002
00020001
00020000
0001ffff
0001ffff
0001ffff
0000ffff
0000ffff
ffffffff
00000000
00000000
00000000
00000000
00000000
00000000
00000000
00000000
00000000
00000000
00000000
00000000
00000000
00000000
00000000
00000000
00000000
00000000
00000000
00000000
00000000
00000000
00000000
00000000
00000000
00000000
00000000
00000000
00000000
00000000
00000000
00000000
00000000
00000000
00000000
00000000
00000000
00000000
00000000
00000000
00000000
00000000
00000000
00000000
00000000
00000000
00000000
00000000
00000000
00000000
00000000
00000000
00000000
00000000
00000000
00000000
00000000
00000000
00000000
00000000
00000000
00000000
00000000
00000000
00000000
00000000
00000000
00000000
00000000
00000000
00000000
00000000
00000000
00000000
00000000
00000000
00000000
00000000
00000000
00000000
00000000
00000000
00000000
00000000
00000000
00000000
00000000
00000000
00000000
00000000
00000000
00000000
00000000
00000000
00000000
00000000
00000000
00000000
00000000
00000000
00000000
00000000
00000000
00000000
00000000
00000000
00000000
00000000
00000000
00000000
00000000
00000000
00000000
00000000
00000000
00000000
00000000
00000000
00000000
00000000
00000000
00000000
00000000
00000000
00000000
00000000
00000000
00000000
00000000
00000000
00000000
00000000
00000000
00000000
00000000
00000000
00000000
00000000
00000000
00000000
00000000
00000000
00000000
00000000
00000000
00000000
00000000
00000000
00000000
00000000
00000000
00000000
00000000
00000000
00000000
00000000
00000000
00000000
00000000
00000000
00000000
00000000
00000000
00000000
00000000
00000000
00000000
00000000
00000000
00000000
00000000
00000000
00000000
00000000
00000000
00000000
00000000
00000000
00000000
00000000
00000000
00000000
00000000
00000000
00000000
00000000
00000000
00000000
00000000
00000000
00000000
00000000
00000000
00000000
00000000
00000000
00000000
00000000
00000000
00000000
00000000
00000000
00000000
00000000
00000000
00000000
00000000
00000000
00000000
00000000
00000000
00000000
00000000
00000000
00000000
00000000
00000000
00000000
00000000
00000000
00000000
00000000
00000000
00000000
00000000
00000000
00000000
00000000
00000000
00000000
00000000
00000000
00000000
00000000
00000000
00000000
00000000
00000000
00000000
00000000
00000000
00000000
00000000
00000000
00000000
00000000
00000000
00000000
00000000
00000000
00000000
00000000
00000000
00000000
00000000
00000000
00000000
00000000
00000000
00000000
00000000
00000000
00000000
00000000
00000000
00000000
00000000
00000000
00000000
00000000
00000000
00000000
00000000
00000000
00000000
00000000
00000000
00000000
00000000
00000000
00000000
00000000
00000000
00000000
00000000
00000000
00000000
00000000
00000000
00000000
00000000
00000000
00000000
00000000
00000000
00000000
00000000
00000000
00000000
00000000
00000000
00000000
00000000
00000000
00000000
00000000
00000000
00000000
00000000
00000000
00000000
00000000
00000000
00000000
00000000
00000000
00000000
00000000
00000000
00000000
00000000
00000000
00000000
00000000
00000000
00000000
00000000
00000000
00000000
00000000
00000000
00000000
00000000
00000000
00000000
00000000
00000000
00000000
00000000
00000000
00000000
00000000
00000000
00000000
00000000
00000000
00000000
00000000
00000000
00000000
00000000
00000000
00000000
00000000
00000000
00000000
00000000
00000000
00000000
00000000
00000000
00000000
00000000
00000000
00000000
00000000
00000000
00000000
00000000
00000000
00000000
00000000
00000000
00000000
00000000
00000000
00000000
00000000
00000000
00000000
00000000
00000000
00000000
00000000
00000000
00000000
00000000
00000000
00000000
00000000
00000000
00000000
00000000
00000000
00000000
00000000
00000000
00000000
00000000
00000000
00000000
00000000
00000000
00000000
00000000
00000000
00000000
00000000
00000000
00000000
00000000
00000000
00000000
00000000
00000000
00000000
00000000
00000000
00000000
00000000
00000000
00000000
00000000
00000000
00000000
00000000
00000000
00000000
00000000
00000000
00000000
00000000
00000000
00000000
00000000
00000000
00000000
00000000
00000000
00000000
00000000
00000000
00000000
00000000
00000000
00000000
00000000
00000000
00000000
00000000
00000000
00000000
00000000
00000000
00000000
00000000
00000000
00000000
00000000
00000000
00000000
00000000
00000000
00000000
00000000
00000000
00000000
00000000
00000000
00000000
00000000
00000000
00000000
00000000
00000000
00000000
00000000
00000000
00000000
00000000
00000000
00000000
00000000
00000000
00000000
00000000
00000000
00000000
00000000
00000000
00000000
00000000
00000000
00000000
00000000
00000000
00000000
00000000
00000000
00000000
00000000
00000000
00000000
00000000
00000000
00000000
00000000
00000000
00000000
00000000
00000000
00000000
00000000
00000000
00000000
00000000
00000000
00000000
00000000
00000000
00000000
00000000
00000000
00000000
00000000
00000000
00000000
00000000
00000000
00000000
00000000
00000000
00000000
00000000
00000000
00000000
00000000
00000000
00000000
00000000
00000000
00000000
00000000
00000000
00000000
00000000
00000000
00000000
00000000
00000000
00000000
00000000
00000000
00000000
00000000
00000000
00000000
00000000
00000000
00000000
00000000
00000000
00000000
00000000
00000000
00000000
00000000
00000000
00000000
00000000
00000000
00000000
00000000
00000000
00000000
00000000
00000000
00000000
00000000
00000000
00000000
00000000
00000000
00000000
00000000
00000000
00000000
00000000
00000000
00000000
00000000
00000000
00000000
00000000
00000000
00000000
00000000
00000000
00000000
00000000
00000000
00000000
00000000
00000000
00000000
00000000
00000000
00000000
00000000
00000000
00000000
00000000
00000000
00000000
00000000
00000000
00000000
00000000
00000000
00000000
00000000
00000000
00000000
00000000
00000000
00000000
00000000
00000000
00000000
00000000
00000000
00000000
00000000
00000000
00000000
00000000
00000000
00000000
00000000
00000000
00000000
00000000
00000000
00000000
00000000
00000000
00000000
00000000
00000000
00000000
00000000
00000000
00000000
00000000
00000000
00000000
00000000
00000000
00000000
00000000
00000000
00000000
00000000
00000000
00000000
00000000
00000000
00000000
00000000
00000000
00000000
00000000
00000000
00000000
00000000
00000000
00000000
00000000
00000000
00000000
00000000
00000000
00000000
00000000
00000000
00000000
00000000
00000000
00000000
00000000
00000000
00000000
00000000
00000000
00000000
00000000
00000000
00000000
00000000
00000000
00000000
00000000
00000000
00000000
00000000
00000000
00000000
00000000
00000000
00000000
00000000
00000000
00000000
00000000
00000000
00000000
00000000
00000000
00000000
00000000
00000000
00000000
00000000
00000000
00000000
00000000
00000000
00000000
00000000
00000000
00000000
00000000
00000000
00000000
00000000
00000000
00000000
00000000
00000000
00000000
00000000
00000000
00000000
00000000
00000000
00000000
00000000
00000000
00000000
00000000
00000000
00000000
00000000
00000000
00000000
00000000
00000000
00000000
00000000
00000000
00000000
00000000
00000000
00000000
00000000
00000000
00000000
00000000
00000000
00000000
00000000
00000000
00000000
00000000
00000000
00000000
00000000
00000000
00000000
00000000
00000000
00000000
00000000
00000000
00000000
00000000
00000000
00000000
00000000
00000000
00000000
00000000
00000000
00000000
00000000
00000000
00000000
00000000
00000000
00000000
00000000
00000000
00000000
00000000
00000000
00000000
00000000
00000000
00000000
00000000
00000000
00000000
00000000
00000000
00000000
00000000
00000000
00000000
00000000
00000000
00000000
00000000
00000000
00000000
00000000
00000000
00000000
00000000
00000000
00000000
00000000
00000000
00000000
00000000
00000000
00000000
00000000
00000000
00000000
00000000
00000000
00000000
00000000
00000000
00000000
00000000
00000000
00000000
00000000
00000000
00000000
00000000
00000000
00000000
00000000
00000000
00000000
00000000
00000000
00000000
00000000
00000000
00000000
00000000
00000000
00000000
00000000
00000000
00000000
00000000
00000000
00000000
00000000
00000000
00000000
00000000
00000000
00000000
00000000
00000000
00000000
00000000
00000000
00000000
00000000
00000000
00000000
00000000
00000000
00000000
00000000
00000000
00000000
00000000
00000000
00000000
00000000
00000000
00000000
00000000
00000000
00000000
00000000
00000000
00000000
00000000
00000000
00000000
00000000
00000000
00000000
00000000
00000000
00000000
00000000
00000000
00000000
00000000
00000000
00000000
00000000
00000000
00000000
00000000
00000000
00000000
00000000
00000000
00000000
00000000
00000000
00000000
00000000
00000000
00000000
00000000
00000000
00000000
00000000
00000000
00000000
00000000
00000000
00000000
00000000
00000000
00000000
00000000
00000000
00000000
00000000
00000000
00000000
00000000
00000000
00000000
00000000
00000000
00000000
00000000
00000000
00000000
00000000
00000000
00000000
00000000
00000000
00000000
00000000
00000000
00000000
00000000
00000000
00000000
00000000
00000000
00000000
00000000
00000000
00000000
00000000
00000000
00000000
00000000
00000000
00000000
00000000
00000000
00000000
00000000
00000000
00000000
00000000
00000000
00000000
00000000
00000000
00000000
00000000
00000000
00000000
00000000
00000000
00000000
00000000
00000000
00000000
00000000
00000000
00000000
00000000
00000000
00000000
00000000
00000000
00000000
00000000
00000000
00000000
00000000
00000000
00000000
00000000
00000000
00000000
00000000
00000000
00000000
00000000
00000000
00000000
00000000
00000000
00000000
00000000
00000000
00000000
00000000
00000000
00000000
00000000
00000000
00000000
00000000
00000000
00000000
00000000
00000000
00000000
00000000
00000000
00000000
00000000
00000000
00000000
00000000
00000000
00000000
00000000
00000000
00000000
00000000
00000000
00000000
00000000
00000000
00000000
00000000
00000000
00000000
00000000
00000000
00000000
00000000
00000000
00000000
00000000
00000000
00000000
00000000
00000000
00000000
00000000
00000000
00000000
00000000
00000000
00000000
00000000
00000000
00000000
00000000
00000000
00000000
00000000
00000000
00000000
00000000
00000000
00000000
00000000
00000000
00000000
00000000
00000000
00000000
00000000
00000000
00000000
00000000
00000000
00000000
00000000
00000000
00000000
00000000
00000000
00000000
00000000
00000000
00000000
00000000
00000000
00000000
00000000
00000000
00000000
00000000
00000000
00000000
00000000
00000000
00000000
00000000
00000000
00000000
00000000
00000000
00000000
00000000
00000000
00000000
00000000
00000000
00000000
00000000
00000000
00000000
00000000
00000000
00000000
00000000
00000000
00000000
00000000
00000000
00000000
00000000
00000000
00000000
00000000
00000000
00000000
00000000
00000000
00000000
00000000
00000000
00000000
00000000
00000000
00000000
00000000
00000000
00000000
00000000
00000000
00000000
00000000
00000000
00000000
00000000
00000000
00000000
00000000
00000000
00000000
00000000
00000000
00000000
00000000
00000000
00000000
00000000
00000000
00000000
00000000
00000000
00000000
00000000
00000000
00000000
00000000
00000000
00000000
00000000
00000000
00000000
00000000
00000000
00000000
00000000
00000000
00000000
00000000
00000000
00000000
00000000
00000000
00000000
00000000
00000000
00000000
00000000
00000000
00000000
00000000
00000000
00000000
00000000
00000000
00000000
00000000
00000000
00000000
00000000
00000000
00000000
00000000
00000000
00000000
00000000
00000000
00000000
00000000
00000000
00000000
00000000
00000000
00000000
00000000
00000000
00000000
00000000
00000000
00000000
00000000
00000000
00000000
00000000
00000000
00000000
00000000
00000000
00000000
00000000
00000000
00000000
00000000
00000000
00000000
00000000
00000000
00000000
00000000
00000000
00000000
00000000
00000000
00000000
00000000
00000000
00000000
00000000
00000000
00000000
00000000
00000000
00000000
00000000
00000000
00000000
00000000
00000000
00000000
00000000
00000000
00000000
00000000
00000000
00000000
00000000
00000000
00000000
00000000
00000000
00000000
00000000
00000000
00000000
00000000
00000000
00000000
00000000
00000000
00000000
00000000
00000000
00000000
00000000
00000000
00000000
00000000
00000000
00000000
00000000
00000000
00000000
00000000
00000000
00000000
00000000
00000000
00000000
00000000
00000000
00000000
00000000
00000000
00000000
00000000
00000000
00000000
00000000
00000000
00000000
00000000
00000000
00000000
00000000
00000000
00000000
00000000
00000000
00000000
00000000
00000000
00000000
00000000
00000000
00000000
00000000
00000000
00000000
00000000
00000000
00000000
00000000
00000000
00000000
00000000
00000000
00000000
00000000
00000000
00000000
00000000
00000000
00000000
00000000
00000000
00000000
00000000
00000000
00000000
00000000
00000000
00000000
00000000
00000000
00000000
00000000
00000000
00000000
00000000
00000000
00000000
00000000
00000000
00000000
00000000
00000000
00000000
00000000
00000000
00000000
00000000
00000000
00000000
00000000
00000000
00000000
00000000
00000000
00000000
00000000
00000000
00000000
00000000
00000000
00000000
00000000
00000000
00000000
00000000
00000000
00000000
00000000
00000000
00000000
00000000
00000000
00000000
00000000
00000000
00000000
00000000
00000000
00000000
00000000
00000000
00000000
00000000
00000000
00000000
00000000
00000000
00000000
00000000
00000000
00000000
00000000
00000000
00000000
00000000
00000000
00000000
00000000
00000000
00000000
00000000
00000000
00000000
00000000
00000000
00000000
00000000
00000000
00000000
00000000
00000000
00000000
00000000
00000000
00000000
00000000
00000000
00000000
00000000
00000000
00000000
00000000
00000000
00000000
00000000
00000000
00000000
00000000
00000000
00000000
00000000
00000000
00000000
00000000
00000000
00000000
00000000
00000000
00000000
00000000
00000000
00000000
00000000
00000000
00000000
00000000
00000000
00000000
00000000
00000000
00000000
00000000
00000000
00000000
00000000
00000000
00000000
00000000
00000000
00000000
00000000
00000000
00000000
00000000
00000000
00000000
00000000
00000000
00000000
00000000
00000000
00000000
00000000
00000000
00000000
00000000
00000000
00000000
00000000
00000000
00000000
00000000
00000000
00000000
00000000
00000000
00000000
00000000
00000000
00000000
00000000
00000000
00000000
00000000
00000000
00000000
00000000
00000000
00000000
00000000
00000000
00000000
00000000
00000000
00000000
00000000
00000000
00000000
00000000
00000000
00000000
00000000
00000000
00000000
00000000
00000000
00000000
00000000
00000000
00000000
00000000
00000000
00000000
00000000
00000000
00000000
00000000
00000000
00000000
00000000
00000000
00000000
00000000
00000000
00000000
00000000
00000000
00000000
00000000
00000000
00000000
00000000
00000000
00000000
00000000
00000000
00000000
00000000
00000000
00000000
00000000
00000000
00000000
00000000
00000000
00000000
00000000
00000000
00000000
00000000
00000000
00000000
00000000
00000000
00000000
00000000
00000000
00000000
00000000
00000000
00000000
00000000
00000000
00000000
00000000
00000000
00000000
00000000
00000000
00000000
00000000
00000000
00000000
00000000
00000000
00000000
00000000
00000000
00000000
00000000
00000000
00000000
00000000
00000000
00000000
00000000
00000000
00000000
00000000
00000000
00000000
00000000
00000000
00000000
00000000
00000000
00000000
00000000
00000000
00000000
00000000
00000000
00000000
00000000
00000000
00000000
00000000
00000000
00000000
00000000
00000000
00000000
00000000
00000000
00000000
00000000
00000000
00000000
00000000
00000000
00000000
00000000
00000000
00000000
00000000
00000000
00000000
00000000
00000000
00000000
00000000
00000000
00000000
00000000
00000000
00000000
00000000
00000000
00000000
00000000
00000000
00000000
00000000
00000000
00000000
00000000
00000000
00000000
00000000
00000000
00000000
00000000
00000000
00000000
00000000
00000000
00000000
00000000
00000000
00000000
00000000
00000000
00000000
00000000
00000000
00000000
00000000
00000000
00000000
00000000
00000000
00000000
00000000
00000000
00000000
00000000
00000000
00000000
00000000
00000000
00000000
00000000
00000000
00000000
00000000
00000000
00000000
00000000
00000000
00000000
00000000
00000000
00000000
00000000
00000000
00000000
00000000
00000000
00000000
00000000
00000000
00000000
00000000
00000000
00000000
00000000
00000000
00000000
00000000
00000000
00000000
00000000
00000000
00000000
00000000
00000000
00000000
00000000
00000000
00000000
00000000
00000000
00000000
00000000
00000000
00000000
00000000
00000000
00000000
00000000
00000000
00000000
00000000
00000000
00000000
00000000
00000000
00000000
00000000
00000000
00000000
00000000
00000000
00000000
00000000
00000000
00000000
00000000
00000000
00000000
00000000
00000000
00000000
00000000
00000000
00000000
00000000
00000000
00000000
00000000
00000000
00000000
00000000
00000000
00000000
00000000
00000000
00000000
00000000
00000000
00000000
00000000
00000000
00000000
00000000
00000000
00000000
00000000
00000000
00000000
00000000
00000000
00000000
00000000
00000000
00000000
00000000
00000000
00000000
00000000
00000000
00000000
00000000
00000000
00000000
00000000
00000000
00000000
00000000
00000000
00000000
00000000
00000000
00000000
00000000
00000000
00000000
00000000
00000000
00000000
00000000
00000000
00000000
00000000
00000000
00000000
00000000
00000000
00000000
00000000
00000000
00000000
00000000
00000000
00000000
00000000
00000000
00000000
00000000
00000000
00000000
00000000
00000000
00000000
00000000
00000000
00000000
00000000
00000000
00000000
00000000
00000000
00000000
00000000
00000000
00000000
00000000
00000000
00000000
00000000
00000000
00000000
00000000
00000000
00000000
00000000
00000000
00000000
00000000
00000000
00000000
00000000
00000000
00000000
00000000
00000000
00000000
00000000
00000000
00000000
00000000
00000000
00000000
00000000
00000000
00000000
00000000
00000000
00000000
00000000
00000000
00000000
00000000
00000000
00000000
00000000
00000000
00000000
00000000
00000000
00000000
00000000
00000000
00000000
00000000
00000000
00000000
00000000
00000000
00000000
00000000
00000000
00000000
00000000
00000000
00000000
00000000
00000000
00000000
00000000
00000000
00000000
00000000
00000000
00000000
00000000
00000000
00000000
00000000
00000000
00000000
00000000
00000000
00000000
00000000
00000000
00000000
00000000
00000000
00000000
00000000
00000000
00000000
00000000
00000000
00000000
00000000
00000000
00000000
00000000
00000000
00000000
00000000
00000000
00000000
00000000
00000000
00000000
00000000
00000000
00000000
00000000
00000000
00000000
00000000
00000000
00000000
00000000
00000000
00000000
00000000
00000000
00000000
00000000
00000000
00000000
00000000
00000000
00000000
00000000
00000000
00000000
00000000
00000000
00000000
00000000
00000000
00000000
00000000
00000000
00000000
00000000
00000000
00000000
00000000
00000000
00000000
00000000
00000000
00000000
00000000
00000000
00000000
00000000
00000000
00000000
00000000
00000000
00000000
00000000
00000000
00000000
00000000
00000000
00000000
00000000
00000000
00000000
00000000
00000000
00000000
00000000
00000000
00000000
00000000
00000000
00000000
00000000
00000000
00000000
00000000
00000000
00000000
00000000
00000000
00000000
00000000
00000000
00000000
00000000
00000000
00000000
00000000
00000000
00000000
00000000
00000000
00000000
00000000
00000000
00000000
00000000
00000000
00000000
00000000
00000000
00000000
00000000
00000000
00000000
00000000
00000000
00000000
00000000
00000000
00000000
00000000
00000000
00000000
00000000
00000000
00000000
00000000
00000000
00000000
00000000
00000000
00000000
00000000
00000000
00000000
00000000
00000000
00000000
00000000
00000000
00000000
00000000
00000000
00000000
00000000
00000000
00000000
00000000
00000000
00000000
00000000
00000000
00000000
00000000
00000000
00000000
00000000
00000000
00000000
00000000
00000000
00000000
00000000
00000000
00000000
00000000
00000000
00000000
00000000
00000000
00000000
00000000
00000000
00000000
00000000
00000000
00000000
00000000
00000000
00000000
00000000
00000000
00000000
00000000
00000000
00000000
00000000
00000000
00000000
00000000
00000000
00000000
00000000
00000000
00000000
00000000
00000000
00000000
00000000
00000000
00000000
00000000
00000000
00000000
00000000
00000000
00000000
00000000
00000000
00000000
00000000
00000000
00000000
00000000
00000000
00000000
00000000
00000000
00000000
00000000
00000000
00000000
00000000
00000000
00000000
00000000
00000000
00000000
00000000
00000000
00000000
00000000
00000000
00000000
00000000
00000000
00000000
00000000
00000000
00000000
00000000
00000000
00000000
00000000
00000000
00000000
00000000
00000000
00000000
00000000
00000000
00000000
00000000
00000000
00000000
00000000
00000000
00000000
00000000
00000000
00000000
00000000
00000000
00000000
00000000
00000000
00000000
00000000
00000000
00000000
00000000
00000000
00000000
00000000
00000000
00000000
00000000
00000000
00000000
00000000
00000000
00000000
00000000
00000000
00000000
00000000
00000000
00000000
00000000
00000000
00000000
00000000
00000000
00000000
00000000
00000000
00000000
00000000
00000000
00000000
00000000
00000000
00000000
00000000
00000000
00000000
00000000
00000000
00000000
00000000
00000000
00000000
00000000
00000000
00000000
00000000
00000000
00000000
00000000
00000000
00000000
00000000
00000000
00000000
00000000
00000000
00000000
00000000
00000000
00000000
00000000
00000000
00000000
00000000
00000000
00000000
00000000
00000000
00000000
00000000
00000000
00000000
00000000
00000000
00000000
00000000
00000000
00000000
00000000
00000000
00000000
00000000
00000000
00000000
00000000
00000000
00000000
00000000
00000000
00000000
00000000
00000000
00000000
00000000
00000000
00000000
00000000
00000000
00000000
00000000
00000000
00000000
00000000
00000000
00000000
00000000
00000000
00000000
00000000
00000000
00000000
00000000
00000000
00000000
00000000
00000000
00000000
00000000
00000000
00000000
00000000
00000000
00000000
00000000
00000000
00000000
00000000
00000000
00000000
00000000
00000000
00000000
00000000
00000000
00000000
00000000
00000000
00000000
00000000
00000000
00000000
00000000
00000000
00000000
00000000
00000000
00000000
00000000
00000000
00000000
00000000
00000000
00000000
00000000
00000000
00000000
00000000
00000000
00000000
00000000
00000000
00000000
00000000
00000000
00000000
00000000
00000000
00000000
00000000
00000000
00000000
00000000
00000000
00000000
00000000
00000000
00000000
00000000
00000000
00000000
00000000
00000000
00000000
00000000
00000000
00000000
00000000
00000000
00000000
00000000
00000000
00000000
00000000
00000000
00000000
00000000
00000000
00000000
00000000
00000000
00000000
00000000
00000000
00000000
00000000
00000000
00000000
00000000
00000000
00000000
00000000
00000000
00000000
00000000
00000000
00000000
00000000
00000000
00000000
00000000
00000000
00000000
00000000
00000000
00000000
00000000
00000000
00000000
00000000
00000000
00000000
00000000
00000000
00000000
00000000
00000000
00000000
00000000
00000000
00000000
00000000
00000000
00000000
00000000
00000000
00000000
00000000
00000000
00000000
00000000
00000000
00000000
00000000
00000000
00000000
00000000
00000000
00000000
00000000
00000000
00000000
00000000
00000000
00000000
00000000
00000000
00000000
00000000
00000000
00000000
00000000
00000000
00000000
00000000
00000000
00000000
00000000
00000000
00000000
00000000
00000000
00000000
00000000
00000000
00000000
00000000
00000000
00000000
00000000
00000000
00000000
00000000
00000000
00000000
00000000
00000000
00000000
00000000
00000000
00000000
00000000
00000000
00000000
00000000
00000000
00000000
00000000
00000000
00000000
00000000
00000000
00000000
00000000
00000000
00000000
00000000
00000000
00000000
00000000
00000000
00000000
00000000
00000000
00000000
00000000
00000000
00000000
00000000
00000000
00000000
00000000
00000000
00000000
00000000
00000000
00000000
00000000
00000000
00000000
00000000
00000000
00000000
00000000
00000000
00000000
00000000
00000000
00000000
00000000
00000000
00000000
00000000
00000000
00000000
00000000
00000000
00000000
00000000
00000000
00000000
00000000
00000000
00000000
00000000
00000000
00000000
00000000
00000000
00000000
00000000
00000000
00000000
00000000
00000000
00000000
00000000
00000000
00000000
00000000
00000000
00000000
00000000
00000000
00000000
00000000
00000000
00000000
00000000
00000000
00000000
00000000
00000000
00000000
00000000
00000000
00000000
00000000
00000000
00000000
00000000
00000000
00000000
00000000
00000000
00000000
00000000
00000000
00000000
00000000
00000000
00000000
00000000
00000000
00000000
00000000
00000000
00000000
00000000
00000000
00000000
00000000
00000000
00000000
00000000
00000000
00000000
00000000
00000000
00000000
00000000
00000000
00000000
00000000
00000000
00000000
00000000
00000000
00000000
00000000
00000000
00000000
00000000
00000000
00000000
00000000
00000000
00000000
00000000
00000000
00000000
00000000
00000000
00000000
00000000
00000000
00000000
00000000
00000000
00000000
00000000
00000000
00000000
00000000
00000000
00000000
00000000
00000000
00000000
00000000
00000000
00000000
00000000
00000000
00000000
00000000
00000000
00000000
00000000
00000000
00000000
00000000
00000000
00000000
00000000
00000000
00000000
00000000
00000000
00000000
00000000
00000000
00000000
00000000
00000000
00000000
00000000
00000000
00000000
00000000
00000000
00000000
00000000
00000000
00000000
00000000
00000000
00000000
00000000
00000000
00000000
00000000
00000000
00000000
00000000
00000000
00000000
00000000
00000000
00000000
00000000
00000000
00000000
00000000
00000000
00000000
00000000
00000000
00000000
00000000
00000000
00000000
00000000
00000000
00000000
00000000
00000000
00000000
00000000
00000000
00000000
00000000
00000000
00000000
00000000
00000000
00000000
00000000
00000000
00000000
00000000
00000000
00000000
00000000
00000000
00000000
00000000
00000000
00000000
00000000
00000000
00000000
00000000
00000000
00000000
00000000
00000000
00000000
00000000
00000000
00000000
00000000
00000000
00000000
00000000
00000000
00000000
00000000
00000000
00000000
00000000
00000000
00000000
00000000
00000000
00000000
00000000
00000000
00000000
00000000
00000000
00000000
00000000
00000000
00000000
00000000
00000000
00000000
00000000
00000000
00000000
00000000
00000000
00000000
00000000
00000000
00000000
00000000
00000000
00000000
00000000
00000000
00000000
00000000
00000000
00000000
00000000
00000000
00000000
00000000
00000000
00000000
00000000
00000000
00000000
00000000
00000000
00000000
00000000
00000000
00000000
00000000
00000000
00000000
00000000
00000000
00000000
00000000
00000000
00000000
00000000
00000000
00000000
00000000
00000000
00000000
00000000
00000000
00000000
00000000
00000000
00000000
00000000
00000000
00000000
00000000
00000000
00000000
00000000
00000000
00000000
00000000
00000000
00000000
00000000
00000000
00000000
00000000
00000000
00000000
00000000
00000000
00000000
00000000
00000000
00000000
00000000
00000000
00000000
00000000
00000000
00000000
00000000
00000000
00000000
00000000
00000000
00000000
00000000
00000000
00000000
00000000
00000000
00000000
00000000
00000000
00000000
00000000
00000000
00000000
00000000
00000000
00000000
00000000
00000000
00000000
00000000
00000000
00000000
00000000
00000000
00000000
00000000
00000000
00000000
00000000
00000000
00000000
00000000
00000000
00000000
00000000
00000000
00000000
00000000
00000000
00000000
00000000
00000000
00000000
00000000
00000000
00000000
00000000
00000000
00000000
00000000
00000000
00000000
00000000
00000000
00000000
00000000
00000000
00000000
00000000
00000000
00000000
00000000
00000000
00000000
00000000
00000000
00000000
00000000
00000000
00000000
00000000
00000000
00000000
00000000
00000000
00000000
00000000
00000000
00000000
00000000
00000000
00000000
00000000
00000000
00000000
00000000
00000000
00000000
00000000
00000000
00000000
00000000
00000000
00000000
00000000
00000000
00000000
00000000
00000000
00000000
00000000
00000000
00000000
00000000
00000000
00000000
00000000
00000000
00000000
00000000
00000000
00000000
00000000
00000000
00000000
00000000
00000000
00000000
00000000
00000000
00000000
00000000
00000000
00000000
00000000
00000000
00000000
00000000
00000000
00000000
00000000
00000000
00000000
00000000
00000000
00000000
00000000
00000000
00000000
00000000
00000000
00000000
00000000
00000000
00000000
00000000
00000000
00000000
00000000
00000000
00000000
00000000
00000000
00000000
00000000
00000000
00000000
00000000
00000000
00000000
00000000
00000000
00000000
00000000
00000000
00000000
00000000
00000000
00000000
00000000
00000000
00000000
00000000
00000000
00000000
00000000
00000000
00000000
00000000
00000000
00000000
00000000
00000000
00000000
00000000
00000000
00000000
00000000
00000000
00000000
00000000
00000000
00000000
00000000
00000000
00000000
00000000
00000000
00000000
00000000
00000000
00000000
00000000
00000000
00000000
00000000
00000000
00000000
00000000
00000000
00000000
00000000
00000000
00000000
00000000
00000000
00000000
00000000
00000000
00000000
00000000
00000000
00000000
00000000
00000000
00000000
00000000
00000000
00000000
00000000
00000000
00000000
00000000
00000000
00000000
00000000
00000000
00000000
00000000
00000000
00000000
00000000
00000000
00000000
00000000
00000000
00000000
00000000
00000000
00000000
00000000
00000000
00000000
00000000
00000000
00000000
00000000
00000000
00000000
00000000
00000000
00000000
00000000
00000000
00000000
00000000
00000000
00000000
00000000
00000000
00000000
00000000
00000000
00000000
00000000
00000000
00000000
00000000
00000000
00000000
00000000
00000000
00000000
00000000
00000000
00000000
00000000
00000000
00000000
00000000
00000000
00000000
00000000
00000000
00000000
00000000
00000000
00000000
00000000
00000000
00000000
00000000
00000000
00000000
00000000
00000000
00000000
00000000
00000000
00000000
00000000
00000000
00000000
00000000
00000000
00000000
00000000
00000000
00000000
00000000
00000000
00000000
00000000
00000000
00000000
00000000
00000000
00000000
00000000
00000000
00000000
00000000
00000000
00000000
00000000
00000000
00000000
00000000
00000000
00000000
00000000
00000000
00000000
00000000
00000000
00000000
00000000
00000000
00000000
00000000
00000000
00000000
00000000
00000000
00000000
00000000
00000000
00000000
00000000
00000000
00000000
00000000
00000000
00000000
00000000
00000000
00000000
00000000
00000000
00000000
00000000
00000000
00000000
00000000
00000000
00000000
00000000
00000000
00000000
00000000
00000000
00000000
00000000
00000000
00000000
00000000
00000000
00000000
00000000
00000000
00000000
00000000
00000000
00000000
00000000
00000000
00000000
00000000
00000000
00000000
00000000
00000000
00000000
00000000
00000000
00000000
00000000
00000000
00000000
00000000
00000000
00000000
00000000
00000000
00000000
00000000
00000000
00000000
00000000
00000000
00000000
00000000
00000000
00000000
00000000
00000000
00000000
00000000
00000000
00000000
00000000
00000000
00000000
00000000
00000000
00000000
00000000
00000000
00000000
00000000
00000000
00000000
00000000
00000000
00000000
00000000
00000000
00000000
00000000
00000000
00000000
00000000
00000000
00000000
00000000
00000000
00000000
00000000
00000000
00000000
00000000
00000000
00000000
00000000
00000000
00000000
00000000
00000000
00000000
00000000
00000000
00000000
00000000
00000000
00000000
00000000
00000000
00000000
00000000
00000000
00000000
00000000
00000000
00000000
00000000
00000000
00000000
00000000
00000000
00000000
00000000
00000000
00000000
00000000
00000000
00000000
00000000
00000000
00000000
00000000
00000000
00000000
00000000
00000000
00000000
00000000
00000000
00000000
00000000
00000000
00000000
00000000
00000000
00000000
00000000
00000000
00000000
00000000
00000000
00000000
00000000
00000000
00000000
00000000
00000000
00000000
00000000
00000000
00000000
00000000
00000000
00000000
00000000
00000000
00000000
00000000
00000000
00000000
00000000
00000000
00000000
00000000
00000000
00000000
00000000
00000000
00000000
00000000
00000000
00000000
00000000
00000000
00000000
00000000
00000000
00000000
00000000
00000000
00000000
00000000
00000000
00000000
00000000
00000000
00000000
00000000
00000000
00000000
00000000
00000000
00000000
00000000
00000000
00000000
00000000
00000000
00000000
00000000
00000000
00000000
00000000
00000000
00000000
00000000
00000000
00000000
00000000
00000000
00000000
00000000
00000000
00000000
00000000
00000000
00000000
00000000
00000000
00000000
00000000
00000000
00000000
00000000
00000000
00000000
00000000
00000000
00000000
00000000
00000000
00000000
00000000
00000000
00000000
00000000
00000000
00000000
00000000
00000000
00000000
00000000
00000000
00000000
00000000
00000000
00000000
00000000
00000000
00000000
00000000
00000000
00000000
00000000
00000000
00000000
00000000
00000000
00000000
00000000
00000000
00000000
00000000
00000000
00000000
00000000
00000000
00000000
00000000
00000000
00000000
00000000
00000000
00000000
00000000
00000000
00000000
00000000
00000000
00000000
00000000
00000000
00000000
00000000
00000000
00000000
00000000
00000000
00000000
00000000
00000000
00000000
00000000
00000000
00000000
00000000
00000000
00000000
00000000
00000000
00000000
00000000
00000000
00000000
00000000
00000000
00000000
00000000
00000000
00000000
00000000
00000000
00000000
00000000
00000000
00000000
00000000
00000000
00000000
00000000
00000000
00000000
00000000
00000000
00000000
00000000
00000000
00000000
00000000
00000000
00000000
00000000
00000000
00000000
00000000
00000000
00000000
00000000
00000000
00000000
00000000
00000000
00000000
00000000
00000000
00000000
00000000
00000000
00000000
00000000
00000000
00000000
00000000
00000000
00000000
00000000
00000000
00000000
00000000
00000000
00000000
00000000
00000000
00000000
00000000
00000000
00000000
00000000
00000000
00000000
00000000
00000000
00000000
00000000
00000000
00000000
00000000
00000000
00000000
00000000
00000000
00000000
00000000
00000000
00000000
00000000
00000000
00000000
00000000
00000000
00000000
00000000
00000000
00000000
00000000
00000000
00000000
00000000
00000000
00000000
00000000
00000000
00000000
00000000
00000000
00000000
00000000
00000000
00000000
00000000
00000000
00000000
00000000
00000000
00000000
00000000
00000000
00000000
00000000
00000000
00000000
00000000
00000000
00000000
00000000
00000000
00000000
00000000
00000000
00000000
00000000
00000000
00000000
00000000
00000000
00000000
00000000
00000000
00000000
00000000
00000000
00000000
00000000
00000000
00000000
00000000
00000000
00000000
00000000
00000000
00000000
00000000
00000000
00000000
00000000
00000000
00000000
00000000
00000000
00000000
00000000
00000000
00000000
00000000
00000000
00000000
00000000
00000000
00000000
00000000
00000000
00000000
00000000
00000000
00000000
00000000
00000000
00000000
00000000
00000000
00000000
00000000
00000000
00000000
00000000
00000000
00000000
00000000
00000000
00000000
00000000
00000000
00000000
00000000
00000000
00000000
00000000
00000000
00000000
00000000
00000000
00000000
00000000
00000000
00000000
00000000
00000000
00000000
00000000
00000000
00000000
00000000
00000000
00000000
00000000
00000000
00000000
00000000
00000000
00000000
00000000
00000000
00000000
00000000
00000000
00000000
00000000
00000000
00000000
00000000
00000000
00000000
00000000
00000000
00000000
00000000
00000000
00000000
00000000
00000000
00000000
00000000
00000000
00000000
00000000
00000000
00000000
00000000
00000000
00000000
00000000
00000000
00000000
00000000
00000000
00000000
00000000
00000000
00000000
00000000
00000000
00000000
00000000
00000000
00000000
00000000
00000000
00000000
00000000
00000000
00000000
00000000
00000000
00000000
00000000
00000000
00000000
00000000
00000000
00000000
00000000
00000000
00000000
00000000
00000000
00000000
00000000
00000000
00000000
00000000
00000000
00000000
00000000
00000000
00000000
00000000
00000000
00000000
00000000
00000000
00000000
00000000
00000000
00000000
00000000
00000000
00000000
00000000
00000000
00000000
00000000
00000000
00000000
00000000
00000000
00000000
00000000
00000000
00000000
00000000
00000000
00000000
00000000
00000000
00000000
00000000
00000000
00000000
00000000
00000000
00000000
00000000
00000000
00000000
00000000
00000000
00000000
00000000
00000000
00000000
00000000
00000000
00000000
00000000
00000000
00000000
00000000
00000000
00000000
00000000
00000000
00000000
00000000
00000000
00000000
00000000
00000000
00000000
00000000
00000000
00000000
00000000
00000000
00000000
00000000
00000000
00000000
00000000
00000000
00000000
00000000
00000000
00000000
00000000
00000000
00000000
00000000
00000000
00000000
00000000
00000000
00000000
00000000
00000000
00000000
00000000
00000000
00000000
00000000
00000000
00000000
00000000
00000000
00000000
00000000
00000000
00000000
00000000
00000000
00000000
00000000
00000000
00000000
00000000
00000000
00000000
00000000
00000000
00000000
00000000
00000000
00000000
00000000
00000000
00000000
00000000
00000000
00000000
00000000
00000000
00000000
00000000
00000000
00000000
00000000
00000000
00000000
00000000
00000000
00000000
00000000
00000000
00000000
00000000
00000000
00000000
00000000
00000000
00000000
00000000
00000000
00000000
00000000
00000000
00000000
00000000
00000000
00000000
00000000
00000000
00000000
00000000
00000000
00000000
00000000
00000000
00000000
00000000
00000000
00000000
00000000
00000000
00000000
00000000
00000000
00000000
00000000
ffffffff
ffffffff
ffffffff
fffefffe
fffefffe
fffefffe
fffdfffd
fffdfffd
fffcfffc
fffcfffc
fffbfffb
fffafffa
fffafffa
fff9fff9
fff8fff8
fff7fff7
fff7fff7
fff6fff6
fff5fff5
fff4fff4
fff3fff3
fff2fff2
fff1fff1
fff0fff0
ffefffef
ffedffed
ffecffec
ffebffeb
ffeaffea
ffe8ffe8
ffe7ffe7
ffe6ffe6
ffe4ffe4
ffe3ffe3
ffe1ffe1
ffe0ffe0
ffdeffde
ffdcffdc
ffdbffdb
ffd9ffd9
ffd7ffd7
ffd5ffd5
ffd4ffd4
ffd2ffd2
ffd0ffd0
ffceffce
ffccffcc
ffcaffca
ffc8ffc8
ffc6ffc6
ffc4ffc4
ffc1ffc1
ffbfffbf
ffbdffbd
ffbbffbb
ffb8ffb8
ffb6ffb6
ffb4ffb4
ffb1ffb1
ffafffaf
ffacffac
ffaaffaa
ffa7ffa7
ffa4ffa4
ffa2ffa2
ff9fff9f
ff9cff9c
ff99ff99
ff97ff97
ff94ff94
ff91ff91
ff8eff8e
ff8bff8b
ff88ff88
ff85ff85
ff82ff82
ff7fff7f
ff7bff7b
ff78ff78
ff75ff75
ff72ff72
ff6eff6e
ff6bff6b
ff68ff68
ff64ff64
ff61ff61
ff5dff5d
ff5aff5a
ff56ff56
ff52ff52
ff4fff4f
ff4bff4b
ff47ff47
ff43ff43
ff40ff40
ff3cff3c
ff38ff38
ff34ff34
ff30ff30
ff2cff2c
ff28ff28
ff24ff24
ff20ff20
ff1cff1c
ff17ff17
ff13ff13
ff0fff0f
ff0aff0a
ff06ff06
ff02ff02
fefdfefd
fef9fef9
fef4fef4
fef0fef0
feebfeeb
fee7fee7
fee2fee2
feddfedd
fed8fed8
fed4fed4
fecffecf
fecafeca
fec5fec5
fec0fec0
febbfebb
feb6feb6
feb1feb1
feacfeac
fea7fea7
fea2fea2
fe9dfe9d
fe98fe98
fe92fe92
fe8dfe8d
fe88fe88
fe82fe82
fe7dfe7d
fe77fe77
fe72fe72
fe6cfe6c
fe67fe67
fe61fe61
fe5cfe5c
fe56fe56
fe50fe50
fe4afe4a
fe45fe45
fe3ffe3f
fe39fe39
fe33fe33
fe2dfe2d
fe27fe27
fe21fe21
fe1bfe1b
fe15fe15
fe0ffe0f
fe09fe09
fe03fe03
fdfcfdfc
fdf6fdf6
fdf0fdf0
fde9fde9
fde3fde3
fdddfddd
fdd6fdd6
fdd0fdd0
fdc9fdc9
fdc2fdc2
fdbcfdbc
fdb5fdb5
fdaffdaf
fda8fda8
fda1fda1
fd9afd9a
fd93fd93
fd8dfd8d
fd86fd86
fd7ffd7f
fd78fd78
fd71fd71
fd6afd6a
fd63fd63
fd5bfd5b
fd54fd54
fd4dfd4d
fd46fd46
fd3ffd3f
fd37fd37
fd30fd30
fd28fd28
fd21fd21
fd1afd1a
fd12fd12
fd0bfd0b
fd03fd03
fcfbfcfb
fcf4fcf4
fcecfcec
fce4fce4
fcddfcdd
fcd5fcd5
fccdfccd
fcc5fcc5
fcbdfcbd
fcb5fcb5
fcadfcad
fca5fca5
fc9dfc9d
fc95fc95
fc8dfc8d
fc85fc85
fc7dfc7d
fc74fc74
fc6cfc6c
fc64fc64
fc5bfc5b
fc53fc53
fc4bfc4b
fc42fc42
fc3afc3a
fc31fc31
fc29fc29
fc20fc20
fc17fc17
fc0ffc0f
fc06fc06
fbfdfbfd
fbf5fbf5
fbecfbec
fbe3fbe3
fbdafbda
fbd1fbd1
fbc8fbc8
fbbffbbf
fbb6fbb6
fbadfbad
fba4fba4
fb9bfb9b
fb92fb92
fb88fb88
fb7ffb7f
fb76fb76
fb6dfb6d
fb63fb63
fb5afb5a
fb50fb50
fb47fb47
fb3efb3e
fb34fb34
fb2afb2a
fb21fb21
fb17fb17
fb0efb0e
fb04fb04
fafafafa
faf0faf0
fae6fae6
faddfadd
fad3fad3
fac9fac9
fabffabf
fab5fab5
faabfaab
faa1faa1
fa97fa97
fa8dfa8d
fa82fa82
fa78fa78
fa6efa6e
fa64fa64
fa59fa59
fa4ffa4f
fa45fa45
fa3afa3a
fa30fa30
fa25fa25
fa1bfa1b
fa10fa10
fa06fa06
f9fbf9fb
f9f0f9f0
f9e6f9e6
f9dbf9db
f9d0f9d0
f9c5f9c5
f9bbf9bb
f9b0f9b0
f9a5f9a5
f99af99a
f98ff98f
f984f984
f979f979
f96ef96e
f963f963
f958f958
f94cf94c
f941f941
f936f936
f92bf92b
f91ff91f
f914f914
f909f909
f8fdf8fd
f8f2f8f2
f8e6f8e6
f8dbf8db
f8cff8cf
f8c3f8c3
f8b8f8b8
f8acf8ac
f8a1f8a1
f895f895
f889f889
f87df87d
f871f871
f866f866
f85af85a
f84ef84e
f842f842
f836f836
f82af82a
f81ef81e
f812f812
f805f805
f7f9f7f9
f7edf7ed
f7e1f7e1
f7d5f7d5
f7c8f7c8
f7bcf7bc
f7b0f7b0
f7a3f7a3
f797f797
f78af78a
f77ef77e
f771f771
f765f765
f758f758
f74bf74b
f73ff73f
f732f732
f725f725
f718f718
f70cf70c
f6fff6ff
f6f2f6f2
f6e5f6e5
f6d8f6d8
f6cbf6cb
f6bef6be
f6b1f6b1
f6a4f6a4
f697f697
f68af68a
f67df67d
f66ff66f
f662f662
f655f655
f648f648
f63af63a
f62df62d
f620f620
f612f612
f605f605
f5f7f5f7
f5eaf5ea
f5dcf5dc
f5cef5ce
f5c1f5c1
f5b3f5b3
f5a5f5a5
f598f598
f58af58a
f57cf57c
f56ef56e
f561f561
f553f553
f545f545
f537f537
f529f529
f51bf51b
f50df50d
f4fff4ff
f4f1f4f1
f4e2f4e2
f4d4f4d4
f4c6f4c6
f4b8f4b8
f4aaf4aa
f49bf49b
f48df48d
f47ff47f
f470f470
f462f462
f453f453
f445f445
f436f436
f428f428
f419f419
f40bf40b
f3fcf3fc
f3edf3ed
f3dff3df
f3d0f3d0
f3c1f3c1
f3b2f3b2
f3a3f3a3
f395f395
f386f386
f377f377
f368f368
f359f359
f34af34a
f33bf33b
f32cf32c
f31df31d
f30df30d
f2fef2fe
f2eff2ef
f2e0f2e0
f2d0f2d0
f2c1f2c1
f2b2f2b2
f2a3f2a3
f293f293
f284f284
f274f274
f265f265
f255f255
f246f246
f236f236
f227f227
f217f217
f207f207
f1f8f1f8
f1e8f1e8
f1d8f1d8
f1c8f1c8
f1b9f1b9
f1a9f1a9
f199f199
f189f189
f179f179
f169f169
f159f159
f149f149
f139f139
f129f129
f119f119
f109f109
f0f9f0f9
f0e8f0e8
f0d8f0d8
f0c8f0c8
f0b8f0b8
f0a7f0a7
f097f097
f087f087
f076f076
f066f066
f055f055
f045f045
f034f034
f024f024
f013f013
f002f002
eff2eff2
efe1efe1
efd0efd0
efc0efc0
efafefaf
ef9eef9e
ef8def8d
ef7def7d
ef6cef6c
ef5bef5b
ef4aef4a
ef39ef39
ef28ef28
ef17ef17
ef06ef06
eef5eef5
eee4eee4
eed3eed3
eec2eec2
eeb0eeb0
ee9fee9f
ee8eee8e
ee7dee7d
ee6bee6b
ee5aee5a
ee49ee49
ee37ee37
ee26ee26
ee15ee15
ee03ee03
edf2edf2
ede0ede0
edcfedcf
edbdedbd
edabedab
ed9aed9a
ed88ed88
ed76ed76
ed65ed65
ed53ed53
ed41ed41
ed2fed2f
ed1eed1e
ed0ced0c
ecfaecfa
ece8ece8
ecd6ecd6
ecc4ecc4
ecb2ecb2
eca0eca0
ec8eec8e
ec7cec7c
ec6aec6a
ec58ec58
ec46ec46
ec34ec34
ec21ec21
ec0fec0f
ebfdebfd
ebebebeb
ebd8ebd8
ebc6ebc6
ebb4ebb4
eba1eba1
eb8feb8f
eb7deb7d
eb6aeb6a
eb58eb58
eb45eb45
eb33eb33
eb20eb20
eb0deb0d
eafbeafb
eae8eae8
ead6ead6
eac3eac3
eab0eab0
ea9dea9d
ea8bea8b
ea78ea78
ea65ea65
ea52ea52
ea3fea3f
ea2cea2c
ea1aea1a
ea07ea07
e9f4e9f4
e9e1e9e1
e9cee9ce
e9bbe9bb
e9a7e9a7
e994e994
e981e981
e96ee96e
e95be95b
e948e948
e935e935
e921e921
e90ee90e
e8fbe8fb
e8e7e8e7
e8d4e8d4
e8c1e8c1
e8ade8ad
e89ae89a
e886e886
e873e873
e860e860
e84ce84c
e838e838
e825e825
e811e811
e7fee7fe
e7eae7ea
e7d6e7d6
e7c3e7c3
e7afe7af
e79be79b
e788e788
e774e774
e760e760
e74ce74c
e738e738
e724e724
e711e711
e6fde6fd
e6e9e6e9
e6d5e6d5
e6c1e6c1
e6ade6ad
e699e699
e685e685
e671e671
e65ce65c
e648e648
e634e634
e620e620
e60ce60c
e5f8e5f8
e5e3e5e3
e5cfe5cf
e5bbe5bb
e5a6e5a6
e592e592
e57ee57e
e569e569
e555e555
e541e541
e52ce52c
e518e518
e503e503
e4efe4ef
e4dae4da
e4c5e4c5
e4b1e4b1
e49ce49c
e488e488
e473e473
e45ee45e
e44ae44a
e435e435
e420e420
e40be40b
e3f7e3f7
e3e2e3e2
e3cde3cd
e3b8e3b8
e3a3e3a3
e38ee38e
e37ae37a
e365e365
e350e350
e33be33b
e326e326
e311e311
e2fce2fc
e2e7e2e7
e2d2e2d2
e2bce2bc
e2a7e2a7
e292e292
e27de27d
e268e268
e253e253
e23de23d
e228e228
e213e213
e1fee1fe
e1e8e1e8
e1d3e1d3
e1bee1be
e1a8e1a8
e193e193
e17de17d
e168e168
e153e153
e13de13d
e128e128
e112e112
e0fde0fd
e0e7e0e7
e0d1e0d1
e0bce0bc
e0a6e0a6
e091e091
e07be07b
e065e065
e050e050
e03ae03a
e024e024
e00fe00f
dff9dff9
dfe3dfe3
dfcddfcd
dfb7dfb7
dfa2dfa2
df8cdf8c
df76df76
df60df60
df4adf4a
df34df34
df1edf1e
df08df08
def2def2
dedcdedc
dec6dec6
deb0deb0
de9ade9a
de84de84
de6ede6e
de58de58
de42de42
de2bde2b
de15de15
ddffddff
dde9dde9
ddd3ddd3
ddbcddbc
dda6dda6
dd90dd90
dd79dd79
dd63dd63
dd4ddd4d
dd36dd36
dd20dd20
dd0add0a
dcf3dcf3
dcdddcdd
dcc6dcc6
dcb0dcb0
dc99dc99
dc83dc83
dc6cdc6c
dc56dc56
dc3fdc3f
dc29dc29
dc12dc12
dbfcdbfc
dbe5dbe5
dbcedbce
dbb8dbb8
dba1dba1
db8adb8a
db74db74
db5ddb5d
db46db46
db30db30
db19db19
db02db02
daebdaeb
dad4dad4
dabedabe
daa7daa7
da90da90
da79da79
da62da62
da4bda4b
da34da34
da1dda1d
da06da06
d9efd9ef
d9d8d9d8
d9c1d9c1
d9aad9aa
d993d993
d97cd97c
d965d965
d94ed94e
d937d937
d920d920
d909d909
d8f2d8f2
d8dbd8db
d8c3d8c3
d8acd8ac
d895d895
d87ed87e
d867d867
d84fd84f
d838d838
d821d821
d80ad80a
d7f2d7f2
d7dbd7db
d7c4d7c4
d7acd7ac
d795d795
d77ed77e
d766d766
d74fd74f
d737d737
d720d720
d709d709
d6f1d6f1
d6dad6da
d6c2d6c2
d6abd6ab
d693d693
d67cd67c
d664d664
d64cd64c
d635d635
d61dd61d
d606d606
d5eed5ee
d5d7d5d7
d5bfd5bf
d5a7d5a7
d590d590
d578d578
d560d560
d549d549
d531d531
d519d519
d501d501
d4ead4ea
d4d2d4d2
d4bad4ba
d4a2d4a2
d48bd48b
d473d473
d45bd45b
d443d443
d42bd42b
d413d413
d3fbd3fb
d3e4d3e4
d3ccd3cc
d3b4d3b4
d39cd39c
d384d384
d36cd36c
d354d354
d33cd33c
d324d324
d30cd30c
d2f4d2f4
d2dcd2dc
d2c4d2c4
d2acd2ac
d294d294
d27cd27c
d264d264
d24cd24c
d234d234
d21cd21c
d204d204
d1ebd1eb
d1d3d1d3
d1bbd1bb
d1a3d1a3
d18bd18b
d173d173
d15ad15a
d142d142
d12ad12a
d112d112
d0fad0fa
d0e1d0e1
d0c9d0c9
d0b1d0b1
d099d099
d080d080
d068d068
d050d050
d037d037
d01fd01f
d007d007
cfeecfee
cfd6cfd6
cfbecfbe
cfa5cfa5
cf8dcf8d
cf75cf75
cf5ccf5c
cf44cf44
cf2bcf2b
cf13cf13
cefbcefb
cee2cee2
cecaceca
ceb1ceb1
ce99ce99
ce80ce80
ce68ce68
ce4fce4f
ce37ce37
ce1ece1e
ce06ce06
cdedcded
cdd5cdd5
cdbccdbc
cda4cda4
cd8bcd8b
cd72cd72
cd5acd5a
cd41cd41
cd29cd29
cd10cd10
ccf8ccf8
ccdfccdf
ccc6ccc6
ccaeccae
cc95cc95
cc7ccc7c
cc64cc64
cc4bcc4b
cc32cc32
cc1acc1a
cc01cc01
cbe8cbe8
cbd0cbd0
cbb7cbb7
cb9ecb9e
cb85cb85
cb6dcb6d
cb54cb54
cb3bcb3b
cb23cb23
cb0acb0a
caf1caf1
cad8cad8
cac0cac0
caa7caa7
ca8eca8e
ca75ca75
ca5cca5c
ca44ca44
ca2bca2b
ca12ca12
c9f9c9f9
c9e0c9e0
c9c7c9c7
c9afc9af
c996c996
c97dc97d
c964c964
c94bc94b
c932c932
c919c919
c901c901
c8e8c8e8
c8cfc8cf
c8b6c8b6
c89dc89d
c884c884
c86bc86b
c852c852
c839c839
c820c820
c807c807
c7efc7ef
c7d6c7d6
c7bdc7bd
c7a4c7a4
c78bc78b
c772c772
c759c759
c740c740
c727c727
c70ec70e
c6f5c6f5
c6dcc6dc
c6c3c6c3
c6aac6aa
c691c691
c678c678
c65fc65f
c646c646
c62dc62d
c614c614
c5fbc5fb
c5e2c5e2
c5c9c5c9
c5b0c5b0
c597c597
c57ec57e
c565c565
c54cc54c
c533c533
c51ac51a
c500c500
c4e7c4e7
c4cec4ce
c4b5c4b5
c49cc49c
c483c483
c46ac46a
c451c451
c438c438
c41fc41f
c406c406
c3edc3ed
c3d4c3d4
c3bbc3bb
c3a1c3a1
c388c388
c36fc36f
c356c356
c33dc33d
c324c324
c30bc30b
c2f2c2f2
c2d9c2d9
c2c0c2c0
c2a6c2a6
c28dc28d
c274c274
c25bc25b
c242c242
c229c229
c210c210
c1f7c1f7
c1ddc1dd
c1c4c1c4
c1abc1ab
c192c192
c179c179
c160c160
c147c147
c12ec12e
c114c114
c0fbc0fb
c0e2c0e2
c0c9c0c9
c0b0c0b0
c097c097
c07ec07e
c065c065
c04bc04b
c032c032
c019c019
c000c000
bfe7bfe7
bfcebfce
bfb5bfb5
bf9bbf9b
bf82bf82
bf69bf69
bf50bf50
bf37bf37
bf1ebf1e
bf05bf05
beecbeec
bed2bed2
beb9beb9
bea0bea0
be87be87
be6ebe6e
be55be55
be3cbe3c
be23be23
be09be09
bdf0bdf0
bdd7bdd7
bdbebdbe
bda5bda5
bd8cbd8c
bd73bd73
bd5abd5a
bd40bd40
bd27bd27
bd0ebd0e
bcf5bcf5
bcdcbcdc
bcc3bcc3
bcaabcaa
bc91bc91
bc78bc78
bc5fbc5f
bc45bc45
bc2cbc2c
bc13bc13
bbfabbfa
bbe1bbe1
bbc8bbc8
bbafbbaf
bb96bb96
bb7dbb7d
bb64bb64
bb4bbb4b
bb32bb32
bb19bb19
bb00bb00
bae6bae6
bacdbacd
bab4bab4
ba9bba9b
ba82ba82
ba69ba69
ba50ba50
ba37ba37
ba1eba1e
ba05ba05
b9ecb9ec
b9d3b9d3
b9bab9ba
b9a1b9a1
b988b988
b96fb96f
b956b956
b93db93d
b924b924
b90bb90b
b8f2b8f2
b8d9b8d9
b8c0b8c0
b8a7b8a7
b88eb88e
b875b875
b85cb85c
b843b843
b82ab82a
b811b811
b7f9b7f9
b7e0b7e0
b7c7b7c7
b7aeb7ae
b795b795
b77cb77c
b763b763
b74ab74a
b731b731
b718b718
b6ffb6ff
b6e7b6e7
b6ceb6ce
b6b5b6b5
b69cb69c
b683b683
b66ab66a
b651b651
b639b639
b620b620
b607b607
b5eeb5ee
b5d5b5d5
b5bcb5bc
b5a4b5a4
b58bb58b
b572b572
b559b559
b540b540
b528b528
b50fb50f
b4f6b4f6
b4ddb4dd
b4c5b4c5
b4acb4ac
b493b493
b47bb47b
b462b462
b449b449
b430b430
b418b418
b3ffb3ff
b3e6b3e6
b3ceb3ce
b3b5b3b5
b39cb39c
b384b384
b36bb36b
b352b352
b33ab33a
b321b321
b308b308
b2f0b2f0
b2d7b2d7
b2bfb2bf
b2a6b2a6
b28eb28e
b275b275
b25cb25c
b244b244
b22bb22b
b213b213
b1fab1fa
b1e2b1e2
b1c9b1c9
b1b1b1b1
b198b198
b180b180
b167b167
b14fb14f
b136b136
b11eb11e
b105b105
b0edb0ed
b0d5b0d5
b0bcb0bc
b0a4b0a4
b08bb08b
b073b073
b05bb05b
b042b042
b02ab02a
b012b012
aff9aff9
afe1afe1
afc9afc9
afb0afb0
af98af98
af80af80
af67af67
af4faf4f
af37af37
af1faf1f
af06af06
aeeeaeee
aed6aed6
aebeaebe
aea6aea6
ae8dae8d
ae75ae75
ae5dae5d
ae45ae45
ae2dae2d
ae15ae15
adfcadfc
ade4ade4
adccadcc
adb4adb4
ad9cad9c
ad84ad84
ad6cad6c
ad54ad54
ad3cad3c
ad24ad24
ad0cad0c
acf4acf4
acdcacdc
acc4acc4
acacacac
ac94ac94
ac7cac7c
ac64ac64
ac4cac4c
ac34ac34
ac1cac1c
ac05ac05
abedabed
abd5abd5
abbdabbd
aba5aba5
ab8dab8d
ab75ab75
ab5eab5e
ab46ab46
ab2eab2e
ab16ab16
aaffaaff
aae7aae7
aacfaacf
aab7aab7
aaa0aaa0
aa88aa88
aa70aa70
aa59aa59
aa41aa41
aa29aa29
aa12aa12
a9faa9fa
a9e3a9e3
a9cba9cb
a9b4a9b4
a99ca99c
a984a984
a96da96d
a955a955
a93ea93e
a926a926
a90fa90f
a8f7a8f7
a8e0a8e0
a8c9a8c9
a8b1a8b1
a89aa89a
a882a882
a86ba86b
a854a854
a83ca83c
a825a825
a80ea80e
a7f6a7f6
a7dfa7df
a7c8a7c8
a7b1a7b1
a799a799
a782a782
a76ba76b
a754a754
a73da73d
a725a725
a70ea70e
a6f7a6f7
a6e0a6e0
a6c9a6c9
a6b2a6b2
a69ba69b
a684a684
a66da66d
a656a656
a63fa63f
a628a628
a611a611
a5faa5fa
a5e3a5e3
a5cca5cc
a5b5a5b5
a59ea59e
a587a587
a570a570
a559a559
a542a542
a52ca52c
a515a515
a4fea4fe
a4e7a4e7
a4d0a4d0
a4baa4ba
a4a3a4a3
a48ca48c
a476a476
a45fa45f
a448a448
a432a432
a41ba41b
a404a404
a3eea3ee
a3d7a3d7
a3c1a3c1
a3aaa3aa
a394a394
a37da37d
a367a367
a350a350
a33aa33a
a323a323
a30da30d
a2f6a2f6
a2e0a2e0
a2caa2ca
a2b3a2b3
a29da29d
a287a287
a270a270
a25aa25a
a244a244
a22da22d
a217a217
a201a201
a1eba1eb
a1d5a1d5
a1bea1be
a1a8a1a8
a192a192
a17ca17c
a166a166
a150a150
a13aa13a
a124a124
a10ea10e
a0f8a0f8
a0e2a0e2
a0cca0cc
a0b6a0b6
a0a0a0a0
a08aa08a
a074a074
a05ea05e
a049a049
a033a033
a01da01d
a007a007
9ff19ff1
9fdc9fdc
9fc69fc6
9fb09fb0
9f9b9f9b
9f859f85
9f6f9f6f
9f5a9f5a
9f449f44
9f2f9f2f
9f199f19
9f039f03
9eee9eee
9ed89ed8
9ec39ec3
9ead9ead
9e989e98
9e839e83
9e6d9e6d
9e589e58
9e429e42
9e2d9e2d
9e189e18
9e029e02
9ded9ded
9dd89dd8
9dc39dc3
9dad9dad
9d989d98
9d839d83
9d6e9d6e
9d599d59
9d449d44
9d2e9d2e
9d199d19
9d049d04
9cef9cef
9cda9cda
9cc59cc5
9cb09cb0
9c9b9c9b
9c869c86
9c729c72
9c5d9c5d
9c489c48
9c339c33
9c1e9c1e
9c099c09
9bf59bf5
9be09be0
9bcb9bcb
9bb69bb6
9ba29ba2
9b8d9b8d
9b789b78
9b649b64
9b4f9b4f
9b3b9b3b
9b269b26
9b119b11
9afd9afd
9ae89ae8
9ad49ad4
9abf9abf
9aab9aab
9a979a97
9a829a82
9a6e9a6e
9a5a9a5a
9a459a45
9a319a31
9a1d9a1d
9a089a08
99f499f4
99e099e0
99cc99cc
99b899b8
99a499a4
998f998f
997b997b
99679967
99539953
993f993f
992b992b
99179917
99039903
98ef98ef
98dc98dc
98c898c8
98b498b4
98a098a0
988c988c
98789878
98659865
98519851
983d983d
982a982a
98169816
98029802
97ef97ef
97db97db
97c897c8
97b497b4
97a097a0
978d978d
977a977a
97669766
97539753
973f973f
972c972c
97199719
97059705
96f296f2
96df96df
96cb96cb
96b896b8
96a596a5
96929692
967f967f
966c966c
96599659
96459645
96329632
961f961f
960c960c
95f995f9
95e695e6
95d495d4
95c195c1
95ae95ae
959b959b
95889588
95759575
95639563
95509550
953d953d
952a952a
95189518
95059505
94f394f3
94e094e0
94cd94cd
94bb94bb
94a894a8
94969496
94839483
94719471
945f945f
944c944c
943a943a
94289428
94159415
94039403
93f193f1
93df93df
93cc93cc
93ba93ba
93a893a8
93969396
93849384
93729372
93609360
934e934e
933c933c
932a932a
93189318
93069306
92f492f4
92e292e2
92d192d1
92bf92bf
92ad92ad
929b929b
928a928a
92789278
92669266
92559255
92439243
92319231
92209220
920e920e
91fd91fd
91eb91eb
91da91da
91c991c9
91b791b7
91a691a6
91959195
91839183
91729172
91619161
91509150
913e913e
912d912d
911c911c
910b910b
90fa90fa
90e990e9
90d890d8
90c790c7
90b690b6
90a590a5
90949094
90839083
90739073
90629062
90519051
90409040
90309030
901f901f
900e900e
8ffe8ffe
8fed8fed
8fdc8fdc
8fcc8fcc
8fbb8fbb
8fab8fab
8f9a8f9a
8f8a8f8a
8f798f79
8f698f69
8f598f59
8f488f48
8f388f38
8f288f28
8f188f18
8f078f07
8ef78ef7
8ee78ee7
8ed78ed7
8ec78ec7
8eb78eb7
8ea78ea7
8e978e97
8e878e87
8e778e77
8e678e67
8e578e57
8e478e47
8e388e38
8e288e28
8e188e18
8e088e08
8df98df9
8de98de9
8dd98dd9
8dca8dca
8dba8dba
8dab8dab
8d9b8d9b
8d8c8d8c
8d7c8d7c
8d6d8d6d
8d5d8d5d
8d4e8d4e
8d3f8d3f
8d308d30
8d208d20
8d118d11
8d028d02
8cf38cf3
8ce38ce3
8cd48cd4
8cc58cc5
8cb68cb6
8ca78ca7
8c988c98
8c898c89
8c7a8c7a
8c6b8c6b
8c5d8c5d
8c4e8c4e
8c3f8c3f
8c308c30
8c218c21
8c138c13
8c048c04
8bf58bf5
8be78be7
8bd88bd8
8bca8bca
8bbb8bbb
8bad8bad
8b9e8b9e
8b908b90
8b818b81
8b738b73
8b658b65
8b568b56
8b488b48
8b3a8b3a
8b2c8b2c
8b1e8b1e
8b0f8b0f
8b018b01
8af38af3
8ae58ae5
8ad78ad7
8ac98ac9
8abb8abb
8aad8aad
8a9f8a9f
8a928a92
8a848a84
8a768a76
8a688a68
8a5b8a5b
8a4d8a4d
8a3f8a3f
8a328a32
8a248a24
8a168a16
8a098a09
89fb89fb
89ee89ee
89e089e0
89d389d3
89c689c6
89b889b8
89ab89ab
899e899e
89918991
89838983
89768976
89698969
895c895c
894f894f
89428942
89358935
89288928
891b891b
890e890e
89018901
88f488f4
88e888e8
88db88db
88ce88ce
88c188c1
88b588b5
88a888a8
889b889b
888f888f
88828882
88768876
88698869
885d885d
88508850
88448844
88388838
882b882b
881f881f
88138813
88078807
87fb87fb
87ee87ee
87e287e2
87d687d6
87ca87ca
87be87be
87b287b2
87a687a6
879a879a
878f878f
87838783
87778777
876b876b
875f875f
87548754
87488748
873d873d
87318731
87258725
871a871a
870e870e
87038703
86f786f7
86ec86ec
86e186e1
86d586d5
86ca86ca
86bf86bf
86b486b4
86a886a8
869d869d
86928692
86878687
867c867c
86718671
86668666
865b865b
86508650
86458645
863b863b
86308630
86258625
861a861a
86108610
86058605
85fa85fa
85f085f0
85e585e5
85db85db
85d085d0
85c685c6
85bb85bb
85b185b1
85a785a7
859c859c
85928592
85888588
857e857e
85738573
85698569
855f855f
85558555
854b854b
85418541
85378537
852d852d
85238523
851a851a
85108510
85068506
84fc84fc
84f284f2
84e984e9
84df84df
84d684d6
84cc84cc
84c284c2
84b984b9
84b084b0
84a684a6
849d849d
84938493
848a848a
84818481
84788478
846e846e
84658465
845c845c
84538453
844a844a
84418441
84388438
842f842f
84268426
841d841d
84148414
840b840b
84038403
83fa83fa
83f183f1
83e983e9
83e083e0
83d783d7
83cf83cf
83c683c6
83be83be
83b583b5
83ad83ad
83a583a5
839c839c
83948394
838c838c
83838383
837b837b
83738373
836b836b
83638363
835b835b
83538353
834b834b
83438343
833b833b
83338333
832b832b
83238323
831c831c
83148314
830c830c
83058305
82fd82fd
82f582f5
82ee82ee
82e682e6
82df82df
82d882d8
82d082d0
82c982c9
82c182c1
82ba82ba
82b382b3
82ac82ac
82a582a5
829d829d
82968296
828f828f
82888288
82818281
827a827a
82738273
826d826d
82668266
825f825f
82588258
82518251
824b824b
82448244
823e823e
82378237
82308230
822a822a
82238223
821d821d
82178217
82108210
820a820a
82048204
81fd81fd
81f781f7
81f181f1
81eb81eb
81e581e5
81df81df
81d981d9
81d381d3
81cd81cd
81c781c7
81c181c1
81bb81bb
81b681b6
81b081b0
81aa81aa
81a481a4
819f819f
81998199
81948194
818e818e
81898189
81838183
817e817e
81788178
81738173
816e816e
81688168
81638163
815e815e
81598159
81548154
814f814f
814a814a
81458145
81408140
813b813b
81368136
81318131
812c812c
81288128
81238123
811e811e
81198119
81158115
81108110
810c810c
81078107
81038103
80fe80fe
80fa80fa
80f680f6
80f180f1
80ed80ed
80e980e9
80e480e4
80e080e0
80dc80dc
80d880d8
80d480d4
80d080d0
80cc80cc
80c880c8
80c480c4
80c080c0
80bd80bd
80b980b9
80b580b5
80b180b1
80ae80ae
80aa80aa
80a680a6
80a380a3
809f809f
809c809c
80988098
80958095
80928092
808e808e
808b808b
80888088
80858085
80818081
807e807e
807b807b
80788078
80758075
80728072
806f806f
806c806c
80698069
80678067
80648064
80618061
805e805e
805c805c
80598059
80568056
80548054
80518051
804f804f
804c804c
804a804a
80488048
80458045
80438043
80418041
803f803f
803c803c
803a803a
80388038
80368036
80348034
80328032
80308030
802e802e
802c802c
802b802b
80298029
80278027
80258025
80248024
80228022
80208020
801f801f
801d801d
801c801c
801a801a
80198019
80188018
80168016
80158015
80148014
80138013
80118011
80108010
800f800f
800e800e
800d800d
800c800c
800b800b
800a800a
80098009
80098009
80088008
80078007
80068006
80068006
80058005
80048004
80048004
80038003
80038003
80028002
80028002
80028002
80018001
80018001
80018001
80008000
80008000
80008000
80008000
80008000
80008000
80008000
80008000
80008000
80008000
80008000
80018001
80018001
80018001
80028002
80028002
80028002
80038003
80038003
80048004
80048004
80058005
80068006
80068006
80078007
80088008
80098009
80098009
800a800a
800b800b
800c800c
800d800d
800e800e
800f800f
80108010
80118011
80138013
80148014
80158015
80168016
80188018
80198019
801a801a
801c801c
801d801d
801f801f
80208020
80228022
80248024
80258025
80278027
80298029
802b802b
802c802c
802e802e
80308030
80328032
80348034
80368036
80388038
803a803a
803c803c
803f803f
80418041
80438043
80458045
80488048
804a804a
804c804c
804f804f
80518051
80548054
80568056
80598059
805c805c
805e805e
80618061
80648064
80678067
80698069
806c806c
806f806f
80728072
80758075
80788078
807b807b
807e807e
80818081
80858085
80888088
808b808b
808e808e
80928092
80958095
80988098
809c809c
809f809f
80a380a3
80a680a6
80aa80aa
80ae80ae
80b180b1
80b580b5
80b980b9
80bd80bd
80c080c0
80c480c4
80c880c8
80cc80cc
80d080d0
80d480d4
80d880d8
80dc80dc
80e080e0
80e480e4
80e980e9
80ed80ed
80f180f1
80f680f6
80fa80fa
80fe80fe
81038103
81078107
810c810c
81108110
81158115
81198119
811e811e
81238123
81288128
812c812c
81318131
81368136
813b813b
81408140
81458145
814a814a
814f814f
81548154
81598159
815e815e
81638163
81688168
816e816e
81738173
81788178
817e817e
81838183
81898189
818e818e
81948194
81998199
819f819f
81a481a4
81aa81aa
81b081b0
81b681b6
81bb81bb
81c181c1
81c781c7
81cd81cd
81d381d3
81d981d9
81df81df
81e581e5
81eb81eb
81f181f1
81f781f7
81fd81fd
82048204
820a820a
82108210
82178217
821d821d
82238223
822a822a
82308230
82378237
823e823e
82448244
824b824b
82518251
82588258
825f825f
82668266
826d826d
82738273
827a827a
82818281
82888288
828f828f
82968296
829d829d
82a582a5
82ac82ac
82b382b3
82ba82ba
82c182c1
82c982c9
82d082d0
82d882d8
82df82df
82e682e6
82ee82ee
82f582f5
82fd82fd
83058305
830c830c
83148314
831c831c
83238323
832b832b
83338333
833b833b
83438343
834b834b
83538353
835b835b
83638363
836b836b
83738373
837b837b
83838383
838c838c
83948394
839c839c
83a583a5
83ad83ad
83b583b5
83be83be
83c683c6
83cf83cf
83d783d7
83e083e0
83e983e9
83f183f1
83fa83fa
84038403
840b840b
84148414
841d841d
84268426
842f842f
84388438
84418441
844a844a
84538453
845c845c
84658465
846e846e
84788478
84818481
848a848a
84938493
849d849d
84a684a6
84b084b0
84b984b9
84c284c2
84cc84cc
84d684d6
84df84df
84e984e9
84f284f2
84fc84fc
85068506
85108510
851a851a
85238523
852d852d
85378537
85418541
854b854b
85558555
855f855f
85698569
85738573
857e857e
85888588
85928592
859c859c
85a785a7
85b185b1
85bb85bb
85c685c6
85d085d0
85db85db
85e585e5
85f085f0
85fa85fa
86058605
86108610
861a861a
86258625
86308630
863b863b
86458645
86508650
865b865b
86668666
86718671
867c867c
86878687
86928692
869d869d
86a886a8
86b486b4
86bf86bf
86ca86ca
86d586d5
86e186e1
86ec86ec
86f786f7
87038703
870e870e
871a871a
87258725
87318731
873d873d
87488748
87548754
875f875f
876b876b
87778777
87838783
878f878f
879a879a
87a687a6
87b287b2
87be87be
87ca87ca
87d687d6
87e287e2
87ee87ee
87fb87fb
88078807
88138813
881f881f
882b882b
88388838
88448844
88508850
885d885d
88698869
88768876
88828882
888f888f
889b889b
88a888a8
88b588b5
88c188c1
88ce88ce
88db88db
88e888e8
88f488f4
89018901
890e890e
891b891b
89288928
89358935
89428942
894f894f
895c895c
89698969
89768976
89838983
89918991
899e899e
89ab89ab
89b889b8
89c689c6
89d389d3
89e089e0
89ee89ee
89fb89fb
8a098a09
8a168a16
8a248a24
8a328a32
8a3f8a3f
8a4d8a4d
8a5b8a5b
8a688a68
8a768a76
8a848a84
8a928a92
8a9f8a9f
8aad8aad
8abb8abb
8ac98ac9
8ad78ad7
8ae58ae5
8af38af3
8b018b01
8b0f8b0f
8b1e8b1e
8b2c8b2c
8b3a8b3a
8b488b48
8b568b56
8b658b65
8b738b73
8b818b81
8b908b90
8b9e8b9e
8bad8bad
8bbb8bbb
8bca8bca
8bd88bd8
8be78be7
8bf58bf5
8c048c04
8c138c13
8c218c21
8c308c30
8c3f8c3f
8c4e8c4e
8c5d8c5d
8c6b8c6b
8c7a8c7a
8c898c89
8c988c98
8ca78ca7
8cb68cb6
8cc58cc5
8cd48cd4
8ce38ce3
8cf38cf3
8d028d02
8d118d11
8d208d20
8d308d30
8d3f8d3f
8d4e8d4e
8d5d8d5d
8d6d8d6d
8d7c8d7c
8d8c8d8c
8d9b8d9b
8dab8dab
8dba8dba
8dca8dca
8dd98dd9
8de98de9
8df98df9
8e088e08
8e188e18
8e288e28
8e388e38
8e478e47
8e578e57
8e678e67
8e778e77
8e878e87
8e978e97
8ea78ea7
8eb78eb7
8ec78ec7
8ed78ed7
8ee78ee7
8ef78ef7
8f078f07
8f188f18
8f288f28
8f388f38
8f488f48
8f598f59
8f698f69
8f798f79
8f8a8f8a
8f9a8f9a
8fab8fab
8fbb8fbb
8fcc8fcc
8fdc8fdc
8fed8fed
8ffe8ffe
900e900e
901f901f
90309030
90409040
90519051
90629062
90739073
90839083
90949094
90a590a5
90b690b6
90c790c7
90d890d8
90e990e9
90fa90fa
910b910b
911c911c
912d912d
913e913e
91509150
91619161
91729172
91839183
91959195
91a691a6
91b791b7
91c991c9
91da91da
91eb91eb
91fd91fd
920e920e
92209220
92319231
92439243
92559255
92669266
92789278
928a928a
929b929b
92ad92ad
92bf92bf
92d192d1
92e292e2
92f492f4
93069306
93189318
932a932a
933c933c
934e934e
93609360
93729372
93849384
93969396
93a893a8
93ba93ba
93cc93cc
93df93df
93f193f1
94039403
94159415
94289428
943a943a
944c944c
945f945f
94719471
94839483
94969496
94a894a8
94bb94bb
94cd94cd
94e094e0
94f394f3
95059505
95189518
952a952a
953d953d
95509550
95639563
95759575
95889588
959b959b
95ae95ae
95c195c1
95d495d4
95e695e6
95f995f9
960c960c
961f961f
96329632
96459645
96599659
966c966c
967f967f
96929692
96a596a5
96b896b8
96cb96cb
96df96df
96f296f2
97059705
97199719
972c972c
973f973f
97539753
97669766
977a977a
978d978d
97a097a0
97b497b4
97c897c8
97db97db
97ef97ef
98029802
98169816
982a982a
983d983d
98519851
98659865
98789878
988c988c
98a098a0
98b498b4
98c898c8
98dc98dc
98ef98ef
99039903
99179917
992b992b
993f993f
99539953
99679967
997b997b
998f998f
99a499a4
99b899b8
99cc99cc
99e099e0
99f499f4
9a089a08
9a1d9a1d
9a319a31
9a459a45
9a5a9a5a
9a6e9a6e
9a829a82
9a979a97
9aab9aab
9abf9abf
9ad49ad4
9ae89ae8
9afd9afd
9b119b11
9b269b26
9b3b9b3b
9b4f9b4f
9b649b64
9b789b78
9b8d9b8d
9ba29ba2
9bb69bb6
9bcb9bcb
9be09be0
9bf59bf5
9c099c09
9c1e9c1e
9c339c33
9c489c48
9c5d9c5d
9c729c72
9c869c86
9c9b9c9b
9cb09cb0
9cc59cc5
9cda9cda
9cef9cef
9d049d04
9d199d19
9d2e9d2e
9d449d44
9d599d59
9d6e9d6e
9d839d83
9d989d98
9dad9dad
9dc39dc3
9dd89dd8
9ded9ded
9e029e02
9e189e18
9e2d9e2d
9e429e42
9e589e58
9e6d9e6d
9e839e83
9e989e98
9ead9ead
9ec39ec3
9ed89ed8
9eee9eee
9f039f03
9f199f19
9f2f9f2f
9f449f44
9f5a9f5a
9f6f9f6f
9f859f85
9f9b9f9b
9fb09fb0
9fc69fc6
9fdc9fdc
9ff19ff1
a007a007
a01da01d
a033a033
a049a049
a05ea05e
a074a074
a08aa08a
a0a0a0a0
a0b6a0b6
a0cca0cc
a0e2a0e2
a0f8a0f8
a10ea10e
a124a124
a13aa13a
a150a150
a166a166
a17ca17c
a192a192
a1a8a1a8
a1bea1be
a1d5a1d5
a1eba1eb
a201a201
a217a217
a22da22d
a244a244
a25aa25a
a270a270
a287a287
a29da29d
a2b3a2b3
a2caa2ca
a2e0a2e0
a2f6a2f6
a30da30d
a323a323
a33aa33a
a350a350
a367a367
a37da37d
a394a394
a3aaa3aa
a3c1a3c1
a3d7a3d7
a3eea3ee
a404a404
a41ba41b
a432a432
a448a448
a45fa45f
a476a476
a48ca48c
a4a3a4a3
a4baa4ba
a4d0a4d0
a4e7a4e7
a4fea4fe
a515a515
a52ca52c
a542a542
a559a559
a570a570
a587a587
a59ea59e
a5b5a5b5
a5cca5cc
a5e3a5e3
a5faa5fa
a611a611
a628a628
a63fa63f
a656a656
a66da66d
a684a684
a69ba69b
a6b2a6b2
a6c9a6c9
a6e0a6e0
a6f7a6f7
a70ea70e
a725a725
a73da73d
a754a754
a76ba76b
a782a782
a799a799
a7b1a7b1
a7c8a7c8
a7dfa7df
a7f6a7f6
a80ea80e
a825a825
a83ca83c
a854a854
a86ba86b
a882a882
a89aa89a
a8b1a8b1
a8c9a8c9
a8e0a8e0
a8f7a8f7
a90fa90f
a926a926
a93ea93e
a955a955
a96da96d
a984a984
a99ca99c
a9b4a9b4
a9cba9cb
a9e3a9e3
a9faa9fa
aa12aa12
aa29aa29
aa41aa41
aa59aa59
aa70aa70
aa88aa88
aaa0aaa0
aab7aab7
aacfaacf
aae7aae7
aaffaaff
ab16ab16
ab2eab2e
ab46ab46
ab5eab5e
ab75ab75
ab8dab8d
aba5aba5
abbdabbd
abd5abd5
abedabed
ac05ac05
ac1cac1c
ac34ac34
ac4cac4c
ac64ac64
ac7cac7c
ac94ac94
acacacac
acc4acc4
acdcacdc
acf4acf4
ad0cad0c
ad24ad24
ad3cad3c
ad54ad54
ad6cad6c
ad84ad84
ad9cad9c
adb4adb4
adccadcc
ade4ade4
adfcadfc
ae15ae15
ae2dae2d
ae45ae45
ae5dae5d
ae75ae75
ae8dae8d
aea6aea6
aebeaebe
aed6aed6
aeeeaeee
af06af06
af1faf1f
af37af37
af4faf4f
af67af67
af80af80
af98af98
afb0afb0
afc9afc9
afe1afe1
aff9aff9
b012b012
b02ab02a
b042b042
b05bb05b
b073b073
b08bb08b
b0a4b0a4
b0bcb0bc
b0d5b0d5
b0edb0ed
b105b105
b11eb11e
b136b136
b14fb14f
b167b167
b180b180
b198b198
b1b1b1b1
b1c9b1c9
b1e2b1e2
b1fab1fa
b213b213
b22bb22b
b244b244
b25cb25c
b275b275
b28eb28e
b2a6b2a6
b2bfb2bf
b2d7b2d7
b2f0b2f0
b308b308
b321b321
b33ab33a
b352b352
b36bb36b
b384b384
b39cb39c
b3b5b3b5
b3ceb3ce
b3e6b3e6
b3ffb3ff
b418b418
b430b430
b449b449
b462b462
b47bb47b
b493b493
b4acb4ac
b4c5b4c5
b4ddb4dd
b4f6b4f6
b50fb50f
b528b528
b540b540
b559b559
b572b572
b58bb58b
b5a4b5a4
b5bcb5bc
b5d5b5d5
b5eeb5ee
b607b607
b620b620
b639b639
b651b651
b66ab66a
b683b683
b69cb69c
b6b5b6b5
b6ceb6ce
b6e7b6e7
b6ffb6ff
b718b718
b731b731
b74ab74a
b763b763
b77cb77c
b795b795
b7aeb7ae
b7c7b7c7
b7e0b7e0
b7f9b7f9
b811b811
b82ab82a
b843b843
b85cb85c
b875b875
b88eb88e
b8a7b8a7
b8c0b8c0
b8d9b8d9
b8f2b8f2
b90bb90b
b924b924
b93db93d
b956b956
b96fb96f
b988b988
b9a1b9a1
b9bab9ba
b9d3b9d3
b9ecb9ec
ba05ba05
ba1eba1e
ba37ba37
ba50ba50
ba69ba69
ba82ba82
ba9bba9b
bab4bab4
bacdbacd
bae6bae6
bb00bb00
bb19bb19
bb32bb32
bb4bbb4b
bb64bb64
bb7dbb7d
bb96bb96
bbafbbaf
bbc8bbc8
bbe1bbe1
bbfabbfa
bc13bc13
bc2cbc2c
bc45bc45
bc5fbc5f
bc78bc78
bc91bc91
bcaabcaa
bcc3bcc3
bcdcbcdc
bcf5bcf5
bd0ebd0e
bd27bd27
bd40bd40
bd5abd5a
bd73bd73
bd8cbd8c
bda5bda5
bdbebdbe
bdd7bdd7
bdf0bdf0
be09be09
be23be23
be3cbe3c
be55be55
be6ebe6e
be87be87
bea0bea0
beb9beb9
bed2bed2
beecbeec
bf05bf05
bf1ebf1e
bf37bf37
bf50bf50
bf69bf69
bf82bf82
bf9bbf9b
bfb5bfb5
bfcebfce
bfe7bfe7
c000c000
c019c019
c032c032
c04bc04b
c065c065
c07ec07e
c097c097
c0b0c0b0
c0c9c0c9
c0e2c0e2
c0fbc0fb
c114c114
c12ec12e
c147c147
c160c160
c179c179
c192c192
c1abc1ab
c1c4c1c4
c1ddc1dd
c1f7c1f7
c210c210
c229c229
c242c242
c25bc25b
c274c274
c28dc28d
c2a6c2a6
c2c0c2c0
c2d9c2d9
c2f2c2f2
c30bc30b
c324c324
c33dc33d
c356c356
c36fc36f
c388c388
c3a1c3a1
c3bbc3bb
c3d4c3d4
c3edc3ed
c406c406
c41fc41f
c438c438
c451c451
c46ac46a
c483c483
c49cc49c
c4b5c4b5
c4cec4ce
c4e7c4e7
c500c500
c51ac51a
c533c533
c54cc54c
c565c565
c57ec57e
c597c597
c5b0c5b0
c5c9c5c9
c5e2c5e2
c5fbc5fb
c614c614
c62dc62d
c646c646
c65fc65f
c678c678
c691c691
c6aac6aa
c6c3c6c3
c6dcc6dc
c6f5c6f5
c70ec70e
c727c727
c740c740
c759c759
c772c772
c78bc78b
c7a4c7a4
c7bdc7bd
c7d6c7d6
c7efc7ef
c807c807
c820c820
c839c839
c852c852
c86bc86b
c884c884
c89dc89d
c8b6c8b6
c8cfc8cf
c8e8c8e8
c901c901
c919c919
c932c932
c94bc94b
c964c964
c97dc97d
c996c996
c9afc9af
c9c7c9c7
c9e0c9e0
c9f9c9f9
ca12ca12
ca2bca2b
ca44ca44
ca5cca5c
ca75ca75
ca8eca8e
caa7caa7
cac0cac0
cad8cad8
caf1caf1
cb0acb0a
cb23cb23
cb3bcb3b
cb54cb54
cb6dcb6d
cb85cb85
cb9ecb9e
cbb7cbb7
cbd0cbd0
cbe8cbe8
cc01cc01
cc1acc1a
cc32cc32
cc4bcc4b
cc64cc64
cc7ccc7c
cc95cc95
ccaeccae
ccc6ccc6
ccdfccdf
ccf8ccf8
cd10cd10
cd29cd29
cd41cd41
cd5acd5a
cd72cd72
cd8bcd8b
cda4cda4
cdbccdbc
cdd5cdd5
cdedcded
ce06ce06
ce1ece1e
ce37ce37
ce4fce4f
ce68ce68
ce80ce80
ce99ce99
ceb1ceb1
cecaceca
cee2cee2
cefbcefb
cf13cf13
cf2bcf2b
cf44cf44
cf5ccf5c
cf75cf75
cf8dcf8d
cfa5cfa5
cfbecfbe
cfd6cfd6
cfeecfee
d007d007
d01fd01f
d037d037
d050d050
d068d068
d080d080
d099d099
d0b1d0b1
d0c9d0c9
d0e1d0e1
d0fad0fa
d112d112
d12ad12a
d142d142
d15ad15a
d173d173
d18bd18b
d1a3d1a3
d1bbd1bb
d1d3d1d3
d1ebd1eb
d204d204
d21cd21c
d234d234
d24cd24c
d264d264
d27cd27c
d294d294
d2acd2ac
d2c4d2c4
d2dcd2dc
d2f4d2f4
d30cd30c
d324d324
d33cd33c
d354d354
d36cd36c
d384d384
d39cd39c
d3b4d3b4
d3ccd3cc
d3e4d3e4
d3fbd3fb
d413d413
d42bd42b
d443d443
d45bd45b
d473d473
d48bd48b
d4a2d4a2
d4bad4ba
d4d2d4d2
d4ead4ea
d501d501
d519d519
d531d531
d549d549
d560d560
d578d578
d590d590
d5a7d5a7
d5bfd5bf
d5d7d5d7
d5eed5ee
d606d606
d61dd61d
d635d635
d64cd64c
d664d664
d67cd67c
d693d693
d6abd6ab
d6c2d6c2
d6dad6da
d6f1d6f1
d709d709
d720d720
d737d737
d74fd74f
d766d766
d77ed77e
d795d795
d7acd7ac
d7c4d7c4
d7dbd7db
d7f2d7f2
d80ad80a
d821d821
d838d838
d84fd84f
d867d867
d87ed87e
d895d895
d8acd8ac
d8c3d8c3
d8dbd8db
d8f2d8f2
d909d909
d920d920
d937d937
d94ed94e
d965d965
d97cd97c
d993d993
d9aad9aa
d9c1d9c1
d9d8d9d8
d9efd9ef
da06da06
da1dda1d
da34da34
da4bda4b
da62da62
da79da79
da90da90
daa7daa7
dabedabe
dad4dad4
daebdaeb
db02db02
db19db19
db30db30
db46db46
db5ddb5d
db74db74
db8adb8a
dba1dba1
dbb8dbb8
dbcedbce
dbe5dbe5
dbfcdbfc
dc12dc12
dc29dc29
dc3fdc3f
dc56dc56
dc6cdc6c
dc83dc83
dc99dc99
dcb0dcb0
dcc6dcc6
dcdddcdd
dcf3dcf3
dd0add0a
dd20dd20
dd36dd36
dd4ddd4d
dd63dd63
dd79dd79
dd90dd90
dda6dda6
ddbcddbc
ddd3ddd3
dde9dde9
ddffddff
de15de15
de2bde2b
de42de42
de58de58
de6ede6e
de84de84
de9ade9a
deb0deb0
dec6dec6
dedcdedc
def2def2
df08df08
df1edf1e
df34df34
df4adf4a
df60df60
df76df76
df8cdf8c
dfa2dfa2
dfb7dfb7
dfcddfcd
dfe3dfe3
dff9dff9
e00fe00f
e024e024
e03ae03a
e050e050
e065e065
e07be07b
e091e091
e0a6e0a6
e0bce0bc
e0d1e0d1
e0e7e0e7
e0fde0fd
e112e112
e128e128
e13de13d
e153e153
e168e168
e17de17d
e193e193
e1a8e1a8
e1bee1be
e1d3e1d3
e1e8e1e8
e1fee1fe
e213e213
e228e228
e23de23d
e253e253
e268e268
e27de27d
e292e292
e2a7e2a7
e2bce2bc
e2d2e2d2
e2e7e2e7
e2fce2fc
e311e311
e326e326
e33be33b
e350e350
e365e365
e37ae37a
e38ee38e
e3a3e3a3
e3b8e3b8
e3cde3cd
e3e2e3e2
e3f7e3f7
e40be40b
e420e420
e435e435
e44ae44a
e45ee45e
e473e473
e488e488
e49ce49c
e4b1e4b1
e4c5e4c5
e4dae4da
e4efe4ef
e503e503
e518e518
e52ce52c
e541e541
e555e555
e569e569
e57ee57e
e592e592
e5a6e5a6
e5bbe5bb
e5cfe5cf
e5e3e5e3
e5f8e5f8
e60ce60c
e620e620
e634e634
e648e648
e65ce65c
e671e671
e685e685
e699e699
e6ade6ad
e6c1e6c1
e6d5e6d5
e6e9e6e9
e6fde6fd
e711e711
e724e724
e738e738
e74ce74c
e760e760
e774e774
e788e788
e79be79b
e7afe7af
e7c3e7c3
e7d6e7d6
e7eae7ea
e7fee7fe
e811e811
e825e825
e838e838
e84ce84c
e860e860
e873e873
e886e886
e89ae89a
e8ade8ad
e8c1e8c1
e8d4e8d4
e8e7e8e7
e8fbe8fb
e90ee90e
e921e921
e935e935
e948e948
e95be95b
e96ee96e
e981e981
e994e994
e9a7e9a7
e9bbe9bb
e9cee9ce
e9e1e9e1
e9f4e9f4
ea07ea07
ea1aea1a
ea2cea2c
ea3fea3f
ea52ea52
ea65ea65
ea78ea78
ea8bea8b
ea9dea9d
eab0eab0
eac3eac3
ead6ead6
eae8eae8
eafbeafb
eb0deb0d
eb20eb20
eb33eb33
eb45eb45
eb58eb58
eb6aeb6a
eb7deb7d
eb8feb8f
eba1eba1
ebb4ebb4
ebc6ebc6
ebd8ebd8
ebebebeb
ebfdebfd
ec0fec0f
ec21ec21
ec34ec34
ec46ec46
ec58ec58
ec6aec6a
ec7cec7c
ec8eec8e
eca0eca0
ecb2ecb2
ecc4ecc4
ecd6ecd6
ece8ece8
ecfaecfa
ed0ced0c
ed1eed1e
ed2fed2f
ed41ed41
ed53ed53
ed65ed65
ed76ed76
ed88ed88
ed9aed9a
edabedab
edbdedbd
edcfedcf
ede0ede0
edf2edf2
ee03ee03
ee15ee15
ee26ee26
ee37ee37
ee49ee49
ee5aee5a
ee6bee6b
ee7dee7d
ee8eee8e
ee9fee9f
eeb0eeb0
eec2eec2
eed3eed3
eee4eee4
eef5eef5
ef06ef06
ef17ef17
ef28ef28
ef39ef39
ef4aef4a
ef5bef5b
ef6cef6c
ef7def7d
ef8def8d
ef9eef9e
efafefaf
efc0efc0
efd0efd0
efe1efe1
eff2eff2
f002f002
f013f013
f024f024
f034f034
f045f045
f055f055
f066f066
f076f076
f087f087
f097f097
f0a7f0a7
f0b8f0b8
f0c8f0c8
f0d8f0d8
f0e8f0e8
f0f9f0f9
f109f109
f119f119
f129f129
f139f139
f149f149
f159f159
f169f169
f179f179
f189f189
f199f199
f1a9f1a9
f1b9f1b9
f1c8f1c8
f1d8f1d8
f1e8f1e8
f1f8f1f8
f207f207
f217f217
f227f227
f236f236
f246f246
f255f255
f265f265
f274f274
f284f284
f293f293
f2a3f2a3
f2b2f2b2
f2c1f2c1
f2d0f2d0
f2e0f2e0
f2eff2ef
f2fef2fe
f30df30d
f31df31d
f32cf32c
f33bf33b
f34af34a
f359f359
f368f368
f377f377
f386f386
f395f395
f3a3f3a3
f3b2f3b2
f3c1f3c1
f3d0f3d0
f3dff3df
f3edf3ed
f3fcf3fc
f40bf40b
f419f419
f428f428
f436f436
f445f445
f453f453
f462f462
f470f470
f47ff47f
f48df48d
f49bf49b
f4aaf4aa
f4b8f4b8
f4c6f4c6
f4d4f4d4
f4e2f4e2
f4f1f4f1
f4fff4ff
f50df50d
f51bf51b
f529f529
f537f537
f545f545
f553f553
f561f561
f56ef56e
f57cf57c
f58af58a
f598f598
f5a5f5a5
f5b3f5b3
f5c1f5c1
f5cef5ce
f5dcf5dc
f5eaf5ea
f5f7f5f7
f605f605
f612f612
f620f620
f62df62d
f63af63a
f648f648
f655f655
f662f662
f66ff66f
f67df67d
f68af68a
f697f697
f6a4f6a4
f6b1f6b1
f6bef6be
f6cbf6cb
f6d8f6d8
f6e5f6e5
f6f2f6f2
f6fff6ff
f70cf70c
f718f718
f725f725
f732f732
f73ff73f
f74bf74b
f758f758
f765f765
f771f771
f77ef77e
f78af78a
f797f797
f7a3f7a3
f7b0f7b0
f7bcf7bc
f7c8f7c8
f7d5f7d5
f7e1f7e1
f7edf7ed
f7f9f7f9
f805f805
f812f812
f81ef81e
f82af82a
f836f836
f842f842
f84ef84e
f85af85a
f866f866
f871f871
f87df87d
f889f889
f895f895
f8a1f8a1
f8acf8ac
f8b8f8b8
f8c3f8c3
f8cff8cf
f8dbf8db
f8e6f8e6
f8f2f8f2
f8fdf8fd
f909f909
f914f914
f91ff91f
f92bf92b
f936f936
f941f941
f94cf94c
f958f958
f963f963
f96ef96e
f979f979
f984f984
f98ff98f
f99af99a
f9a5f9a5
f9b0f9b0
f9bbf9bb
f9c5f9c5
f9d0f9d0
f9dbf9db
f9e6f9e6
f9f0f9f0
f9fbf9fb
fa06fa06
fa10fa10
fa1bfa1b
fa25fa25
fa30fa30
fa3afa3a
fa45fa45
fa4ffa4f
fa59fa59
fa64fa64
fa6efa6e
fa78fa78
fa82fa82
fa8dfa8d
fa97fa97
faa1faa1
faabfaab
fab5fab5
fabffabf
fac9fac9
fad3fad3
faddfadd
fae6fae6
faf0faf0
fafafafa
fb04fb04
fb0efb0e
fb17fb17
fb21fb21
fb2afb2a
fb34fb34
fb3efb3e
fb47fb47
fb50fb50
fb5afb5a
fb63fb63
fb6dfb6d
fb76fb76
fb7ffb7f
fb88fb88
fb92fb92
fb9bfb9b
fba4fba4
fbadfbad
fbb6fbb6
fbbffbbf
fbc8fbc8
fbd1fbd1
fbdafbda
fbe3fbe3
fbecfbec
fbf5fbf5
fbfdfbfd
fc06fc06
fc0ffc0f
fc17fc17
fc20fc20
fc29fc29
fc31fc31
fc3afc3a
fc42fc42
fc4bfc4b
fc53fc53
fc5bfc5b
fc64fc64
fc6cfc6c
fc74fc74
fc7dfc7d
fc85fc85
fc8dfc8d
fc95fc95
fc9dfc9d
fca5fca5
fcadfcad
fcb5fcb5
fcbdfcbd
fcc5fcc5
fccdfccd
fcd5fcd5
fcddfcdd
fce4fce4
fcecfcec
fcf4fcf4
fcfbfcfb
fd03fd03
fd0bfd0b
fd12fd12
fd1afd1a
fd21fd21
fd28fd28
fd30fd30
fd37fd37
fd3ffd3f
fd46fd46
fd4dfd4d
fd54fd54
fd5bfd5b
fd63fd63
fd6afd6a
fd71fd71
fd78fd78
fd7ffd7f
fd86fd86
fd8dfd8d
fd93fd93
fd9afd9a
fda1fda1
fda8fda8
fdaffdaf
fdb5fdb5
fdbcfdbc
fdc2fdc2
fdc9fdc9
fdd0fdd0
fdd6fdd6
fdddfddd
fde3fde3
fde9fde9
fdf0fdf0
fdf6fdf6
fdfcfdfc
fe03fe03
fe09fe09
fe0ffe0f
fe15fe15
fe1bfe1b
fe21fe21
fe27fe27
fe2dfe2d
fe33fe33
fe39fe39
fe3ffe3f
fe45fe45
fe4afe4a
fe50fe50
fe56fe56
fe5cfe5c
fe61fe61
fe67fe67
fe6cfe6c
fe72fe72
fe77fe77
fe7dfe7d
fe82fe82
fe88fe88
fe8dfe8d
fe92fe92
fe98fe98
fe9dfe9d
fea2fea2
fea7fea7
feacfeac
feb1feb1
feb6feb6
febbfebb
fec0fec0
fec5fec5
fecafeca
fecffecf
fed4fed4
fed8fed8
feddfedd
fee2fee2
fee7fee7
feebfeeb
fef0fef0
fef4fef4
fef9fef9
fefdfefd
ff02ff02
ff06ff06
ff0aff0a
ff0fff0f
ff13ff13
ff17ff17
ff1cff1c
ff20ff20
ff24ff24
ff28ff28
ff2cff2c
ff30ff30
ff34ff34
ff38ff38
ff3cff3c
ff40ff40
ff43ff43
ff47ff47
ff4bff4b
ff4fff4f
ff52ff52
ff56ff56
ff5aff5a
ff5dff5d
ff61ff61
ff64ff64
ff68ff68
ff6bff6b
ff6eff6e
ff72ff72
ff75ff75
ff78ff78
ff7bff7b
ff7fff7f
ff82ff82
ff85ff85
ff88ff88
ff8bff8b
ff8eff8e
ff91ff91
ff94ff94
ff97ff97
ff99ff99
ff9cff9c
ff9fff9f
ffa2ffa2
ffa4ffa4
ffa7ffa7
ffaaffaa
ffacffac
ffafffaf
ffb1ffb1
ffb4ffb4
ffb6ffb6
ffb8ffb8
ffbbffbb
ffbdffbd
ffbfffbf
ffc1ffc1
ffc4ffc4
ffc6ffc6
ffc8ffc8
ffcaffca
ffccffcc
ffceffce
ffd0ffd0
ffd2ffd2
ffd4ffd4
ffd5ffd5
ffd7ffd7
ffd9ffd9
ffdbffdb
ffdcffdc
ffdeffde
ffe0ffe0
ffe1ffe1
ffe3ffe3
ffe4ffe4
ffe6ffe6
ffe7ffe7
ffe8ffe8
ffeaffea
ffebffeb
ffecffec
ffedffed
ffefffef
fff0fff0
fff1fff1
fff2fff2
fff3fff3
fff4fff4
fff5fff5
fff6fff6
fff7fff7
fff7fff7
fff8fff8
fff9fff9
fffafffa
fffafffa
fffbfffb
fffcfffc
fffcfffc
fffdfffd
fffdfffd
fffefffe
fffefffe
fffefffe
ffffffff
ffffffff
ffffffff
00000000
00000000
00000000
00000000
00000000
00000000
00000000
00000000
00000000
00000000
00000000
00010001
00010001
00010001
00020002
00020002
00020002
00030003
00030003
00040004
00040004
00050005
00060006
00060006
00070007
00080008
00090009
00090009
000a000a
000b000b
000c000c
000d000d
000e000e
000f000f
00100010
00110011
00130013
00140014
00150015
00160016
00180018
00190019
001a001a
001c001c
001d001d
001f001f
00200020
00220022
00240024
00250025
00270027
00290029
002b002b
002c002c
002e002e
00300030
00320032
00340034
00360036
00380038
003a003a
003c003c
003f003f
00400040
00420042
00440044
00470047
00490049
004b004b
004e004e
00500050
00530053
00550055
00580058
005b005b
005d005d
00600060
00630063
00660066
00680068
006b006b
006e006e
00710071
00740074
00770077
007a007a
007d007d
00800080
00840084
00870087
008a008a
008d008d
00910091
00940094
00970097
009b009b
009e009e
00a200a2
00a500a5
00a900a9
00ad00ad
00b000b0
00b400b4
00b800b8
00bc00bc
00bf00bf
00c200c2
00c600c6
00ca00ca
00ce00ce
00d200d2
00d600d6
00da00da
00de00de
00e200e2
00e700e7
00eb00eb
00ef00ef
00f400f4
00f800f8
00fc00fc
01010101
01050105
010a010a
010e010e
01130113
01170117
011c011c
01210121
01260126
012a012a
012f012f
01340134
01390139
013e013e
01420142
01470147
014c014c
01510151
01560156
015b015b
01600160
01650165
016b016b
01700170
01750175
017b017b
01800180
01860186
018b018b
01910191
01960196
019c019c
01a101a1
01a701a7
01ad01ad
01b301b3
01b801b8
01bd01bd
01c301c3
01c901c9
01cf01cf
01d501d5
01db01db
01e101e1
01e701e7
01ed01ed
01f301f3
01f901f9
02000200
02060206
020c020c
02130213
02190219
021f021f
02260226
022c022c
02330233
023a023a
023f023f
02460246
024c024c
02530253
025a025a
02610261
02680268
026e026e
02750275
027c027c
02830283
028a028a
02910291
02980298
02a002a0
02a702a7
02ae02ae
02b502b5
02bb02bb
02c302c3
02ca02ca
02d202d2
02d902d9
02e002e0
02e802e8
02ef02ef
02f702f7
02ff02ff
03060306
030e030e
03160316
031d031d
03250325
032d032d
03350335
033c033c
03440344
034c034c
03540354
035c035c
03640364
036c036c
03740374
037c037c
03850385
038d038d
03950395
039e039e
03a603a6
03ae03ae
03b703b7
03be03be
03c703c7
03cf03cf
03d803d8
03e103e1
03e903e9
03f203f2
03fb03fb
04030403
040c040c
04150415
041e041e
04270427
04300430
04380438
04410441
044a044a
04530453
045c045c
04650465
046f046f
04780478
04810481
048a048a
04940494
049d049d
04a704a7
04b004b0
04b804b8
04c204c2
04cc04cc
04d504d5
04df04df
04e804e8
04f204f2
04fc04fc
05060506
05100510
05190519
05230523
052d052d
05360536
05400540
054a054a
05540554
055e055e
05680568
05730573
057d057d
05870587
05910591
059c059c
05a605a6
05b005b0
05ba05ba
05c405c4
05cf05cf
05d905d9
05e405e4
05ee05ee
05f905f9
06040604
060e060e
06190619
06240624
062f062f
06380638
06430643
064e064e
06590659
06640664
066f066f
067a067a
06850685
06900690
069b069b
06a706a7
06b206b2
06bc06bc
06c706c7
06d306d3
06de06de
06e906e9
06f506f5
07000700
070c070c
07170717
07230723
072f072f
07390739
07450745
07500750
075c075c
07680768
07740774
07800780
078b078b
07970797
07a307a3
07af07af
07ba07ba
07c607c6
07d207d2
07de07de
07eb07eb
07f707f7
08030803
080f080f
081b081b
08280828
08330833
083f083f
084c084c
08580858
08650865
08710871
087e087e
088a088a
08970897
08a408a4
08af08af
08bc08bc
08c908c9
08d608d6
08e208e2
08ef08ef
08fc08fc
09090909
09160916
09230923
092f092f
093c093c
09490949
09560956
09630963
09700970
097e097e
098b098b
09980998
09a509a5
09b209b2
09bf09bf
09cc09cc
09da09da
09e709e7
09f509f5
0a020a02
0a100a10
0a1e0a1e
0a2b0a2b
0a380a38
0a460a46
0a530a53
0a610a61
0a6f0a6f
0a7d0a7d
0a8a0a8a
0a980a98
0aa60aa6
0ab30ab3
0ac10ac1
0acf0acf
0add0add
0aeb0aeb
0af90af9
0b080b08
0b160b16
0b240b24
0b310b31
0b3f0b3f
0b4e0b4e
0b5c0b5c
0b6a0b6a
0b790b79
0b870b87
0b960b96
0ba40ba4
0bb20bb2
0bc00bc0
0bcf0bcf
0bdd0bdd
0bec0bec
0bfb0bfb
0c090c09
0c180c18
0c270c27
0c350c35
0c440c44
0c520c52
0c610c61
0c700c70
0c7f0c7f
0c8e0c8e
0c9d0c9d
0cab0cab
0cba0cba
0cc90cc9
0cd90cd9
0ce80ce8
0cf70cf7
0d060d06
0d160d16
0d250d25
0d330d33
0d420d42
0d520d52
0d610d61
0d710d71
0d800d80
0d900d90
0d9f0d9f
0dae0dae
0dbd0dbd
0dcd0dcd
0ddd0ddd
0dec0dec
0dfc0dfc
0e0c0e0c
0e1c0e1c
0e2a0e2a
0e3a0e3a
0e4a0e4a
0e5a0e5a
0e6a0e6a
0e7a0e7a
0e8a0e8a
0e9a0e9a
0ea90ea9
0eb90eb9
0ec90ec9
0ed90ed9
0ee90ee9
0efa0efa
0f0a0f0a
0f1a0f1a
0f290f29
0f3a0f3a
0f4a0f4a
0f5a0f5a
0f6b0f6b
0f7b0f7b
0f8c0f8c
0f9c0f9c
0fac0fac
0fbc0fbc
0fcd0fcd
0fde0fde
0fee0fee
0fff0fff
10101010
10201020
10301030
10411041
10521052
10621062
10731073
10841084
10951095
10a510a5
10b610b6
10c710c7
10d810d8
10e910e9
10fa10fa
110b110b
111c111c
112d112d
113e113e
114f114f
11601160
11721172
11831183
11941194
11a511a5
11b611b6
11c711c7
11d911d9
11ea11ea
11fc11fc
120d120d
121e121e
12301230
12411241
12531253
12651265
12761276
12881288
129a129a
12ab12ab
12bc12bc
12ce12ce
12e012e0
12f212f2
13041304
13161316
13271327
13391339
134b134b
135d135d
136f136f
13811381
13931393
13a413a4
13b713b7
13c913c9
13db13db
13ed13ed
14001400
14121412
14231423
14361436
14481448
145a145a
146d146d
147f147f
14921492
14a314a3
14b614b6
14c914c9
14db14db
14ee14ee
15001500
15131513
15251525
15381538
154a154a
155d155d
15701570
15831583
15951595
15a815a8
15ba15ba
15cd15cd
15e015e0
15f315f3
16061606
16181618
162c162c
163f163f
16521652
16651665
16781678
168b168b
169d169d
16b116b1
16c416c4
16d716d7
16eb16eb
16fe16fe
17111711
17241724
17371737
174b174b
175e175e
17711771
17851785
17981798
17ab17ab
17bf17bf
17d217d2
17e617e6
17fa17fa
180d180d
18201820
18341834
18471847
185b185b
186f186f
18831883
18961896
18aa18aa
18bd18bd
18d118d1
18e518e5
18f918f9
190d190d
19201920
19341934
19481948
195c195c
19711971
19851985
19981998
19ac19ac
19c019c0
19d419d4
19e919e9
19fd19fd
1a101a10
1a251a25
1a391a39
1a4d1a4d
1a621a62
1a761a76
1a8a1a8a
1a9e1a9e
1ab21ab2
1ac71ac7
1adb1adb
1af01af0
1b051b05
1b181b18
1b2d1b2d
1b411b41
1b561b56
1b6b1b6b
1b7f1b7f
1b931b93
1ba81ba8
1bbd1bbd
1bd11bd1
1be61be6
1bfb1bfb
1c0f1c0f
1c241c24
1c391c39
1c4d1c4d
1c621c62
1c771c77
1c8b1c8b
1ca01ca0
1cb51cb5
1cca1cca
1cdf1cdf
1cf41cf4
1d091d09
1d1e1d1e
1d331d33
1d481d48
1d5d1d5d
1d721d72
1d871d87
1d9c1d9c
1db11db1
1dc61dc6
1ddc1ddc
1df11df1
1e051e05
1e1b1e1b
1e301e30
1e461e46
1e5b1e5b
1e701e70
1e851e85
1e9a1e9a
1eb01eb0
1ec51ec5
1edb1edb
1ef11ef1
1f051f05
1f1b1f1b
1f301f30
1f461f46
1f5c1f5c
1f711f71
1f861f86
1f9c1f9c
1fb11fb1
1fc71fc7
1fdd1fdd
1ff31ff3
20082008
201d201d
20332033
20492049
205f205f
20752075
208a208a
20a020a0
20b620b6
20cc20cc
20e220e2
20f820f8
210d210d
21232123
21392139
214f214f
21652165
217b217b
21912191
21a721a7
21bd21bd
21d321d3
21e921e9
21ff21ff
22152215
222b222b
22422242
22582258
226e226e
22842284
229a229a
22b022b0
22c722c7
22dd22dd
22f422f4
23092309
23202320
23362336
234d234d
23632363
23792379
238f238f
23a623a6
23bc23bc
23d323d3
23ea23ea
23ff23ff
24162416
242d242d
24432443
245a245a
24712471
24862486
249d249d
24b424b4
24cb24cb
24e224e2
24f724f7
250e250e
25252525
253c253c
25532553
256a256a
25802580
25972597
25ae25ae
25c525c5
25dc25dc
25f325f3
26092609
26202620
26372637
264e264e
26652665
267b267b
26922692
26a926a9
26c026c0
26d726d7
26ef26ef
27052705
271c271c
27332733
274a274a
27622762
27782778
278f278f
27a627a6
27be27be
27d527d5
27ec27ec
28032803
281a281a
28312831
28492849
28602860
28772877
288e288e
28a528a5
28bd28bd
28d428d4
28ec28ec
29022902
291a291a
29312931
29492949
29612961
29772977
298f298f
29a629a6
29be29be
29d529d5
29ec29ec
2a042a04
2a1b2a1b
2a332a33
2a4b2a4b
2a622a62
2a792a79
2a912a91
2aa92aa9
2ac02ac0
2ad82ad8
2aef2aef
2b072b07
2b1e2b1e
2b362b36
2b4e2b4e
2b662b66
2b7d2b7d
2b952b95
2bad2bad
2bc42bc4
2bdc2bdc
2bf32bf3
2c0b2c0b
2c232c23
2c3b2c3b
2c532c53
2c6a2c6a
2c822c82
2c9a2c9a
2cb22cb2
2cca2cca
2ce22ce2
2cf92cf9
2d112d11
2d292d29
2d412d41
2d592d59
2d702d70
2d882d88
2da02da0
2db92db9
2dd12dd1
2de82de8
2e002e00
2e182e18
2e302e30
2e492e49
2e612e61
2e782e78
2e902e90
2ea82ea8
2ec12ec1
2ed92ed9
2ef02ef0
2f082f08
2f212f21
2f392f39
2f512f51
2f692f69
2f812f81
2f992f99
2fb22fb2
2fca2fca
2fe12fe1
2ffa2ffa
30123012
302a302a
30433043
305b305b
30733073
308b308b
30a330a3
30bc30bc
30d430d4
30ec30ec
31043104
311d311d
31353135
314e314e
31653165
317e317e
31963196
31af31af
31c731c7
31df31df
31f731f7
32103210
32293229
32413241
325a325a
32713271
328a328a
32a232a2
32bb32bb
32d432d4
32eb32eb
33043304
331d331d
33353335
334e334e
33663366
337e337e
33973397
33b033b0
33c833c8
33e033e0
33f933f9
34123412
342a342a
34433443
345b345b
34733473
348c348c
34a534a5
34be34be
34d634d6
34ee34ee
35073507
35203520
35393539
35513551
35693569
35823582
359b359b
35b435b4
35cd35cd
35e435e4
35fd35fd
36163616
362f362f
36483648
36603660
36793679
36913691
36aa36aa
36c336c3
36db36db
36f436f4
370d370d
37263726
373f373f
37573757
37703770
37893789
37a137a1
37ba37ba
37d237d2
37eb37eb
38043804
381d381d
38363836
384f384f
38673867
38803880
38993899
38b238b2
38cb38cb
38e338e3
38fc38fc
39153915
392e392e
39473947
395f395f
39783978
39913991
39aa39aa
39c339c3
39db39db
39f439f4
3a0d3a0d
3a263a26
3a3f3a3f
3a573a57
3a703a70
3a8a3a8a
3aa33aa3
3abc3abc
3ad43ad4
3aed3aed
3b063b06
3b1f3b1f
3b383b38
3b503b50
3b693b69
3b823b82
3b9b3b9b
3bb43bb4
3bcc3bcc
3be63be6
3bff3bff
3c183c18
3c313c31
3c493c49
3c623c62
3c7b3c7b
3c943c94
3cad3cad
3cc63cc6
3cdf3cdf
3cf83cf8
3d113d11
3d2a3d2a
3d433d43
3d5b3d5b
3d743d74
3d8d3d8d
3da73da7
3dc03dc0
3dd83dd8
3df13df1
3e0a3e0a
3e233e23
3e3c3e3c
3e543e54
3e6e3e6e
3e873e87
3ea03ea0
3eb93eb9
3ed13ed1
3eea3eea
3f033f03
3f1c3f1c
3f363f36
3f4e3f4e
3f673f67
3f803f80
3f993f99
3fb23fb2
3fca3fca
3fe43fe4
3ffd3ffd
40164016
402f402f
40474047
40604060
40794079
40924092
40ac40ac
40c440c4
40dd40dd
40f640f6
410f410f
41284128
41404140
41594159
41734173
418c418c
41a541a5
41bd41bd
41d641d6
41ef41ef
42084208
42214221
423b423b
42534253
426c426c
42854285
429e429e
42b742b7
42cf42cf
42e842e8
43014301
431a431a
43344334
434c434c
43654365
437e437e
43974397
43b043b0
43c843c8
43e143e1
43fa43fa
44134413
442c442c
44444444
445d445d
44764476
44904490
44a944a9
44c144c1
44da44da
44f344f3
450c450c
45254525
453d453d
45564556
456f456f
45884588
45a145a1
45b945b9
45d245d2
45eb45eb
46044604
461d461d
46354635
464e464e
46674667
46804680
46994699
46b246b2
46ca46ca
46e346e3
46fc46fc
47154715
472e472e
47464746
475f475f
47774777
47904790
47a947a9
47c147c1
47da47da
47f347f3
480c480c
48254825
483d483d
48564856
486f486f
48874887
48a048a0
48b848b8
48d148d1
48ea48ea
49034903
491c491c
49334933
494c494c
49654965
497e497e
49974997
49af49af
49c749c7
49e049e0
49f949f9
4a124a12
4a2b4a2b
4a424a42
4a5b4a5b
4a744a74
4a8d4a8d
4aa54aa5
4abd4abd
4ad64ad6
4aee4aee
4b074b07
4b204b20
4b384b38
4b504b50
4b694b69
4b824b82
4b9a4b9a
4bb24bb2
4bcb4bcb
4be34be3
4bfc4bfc
4c154c15
4c2c4c2c
4c454c45
4c5e4c5e
4c764c76
4c8f4c8f
4ca64ca6
4cbf4cbf
4cd74cd7
4cf04cf0
4d094d09
4d214d21
4d394d39
4d514d51
4d6a4d6a
4d824d82
4d9b4d9b
4db24db2
4dcb4dcb
4de34de3
4dfc4dfc
4e144e14
4e2c4e2c
4e444e44
4e5d4e5d
4e754e75
4e8d4e8d
4ea54ea5
4ebd4ebd
4ed64ed6
4eee4eee
4f064f06
4f1f4f1f
4f364f36
4f4e4f4e
4f674f67
4f7f4f7f
4f974f97
4faf4faf
4fc74fc7
4fdf4fdf
4ff84ff8
50105010
50275027
503f503f
50585058
50705070
50885088
509f509f
50b750b7
50d050d0
50e850e8
51005100
51185118
512f512f
51475147
51605160
51785178
51905190
51a751a7
51bf51bf
51d751d7
51ef51ef
52075207
521e521e
52365236
524e524e
52665266
527e527e
52965296
52ad52ad
52c552c5
52dd52dd
52f552f5
530d530d
53245324
533c533c
53535353
536b536b
53835383
539a539a
53b253b2
53ca53ca
53e253e2
53f953f9
54115411
54285428
54405440
54575457
546f546f
54875487
549e549e
54b554b5
54cd54cd
54e554e5
54fc54fc
55145514
552b552b
55425542
555a555a
55715571
55895589
559f559f
55b755b7
55cf55cf
55e655e6
55fe55fe
56145614
562c562c
56435643
565b565b
56725672
56895689
56a056a0
56b756b7
56cf56cf
56e656e6
56fd56fd
57145714
572b572b
57425742
575a575a
57715771
57885788
579e579e
57b657b6
57cd57cd
57e457e4
57fb57fb
58115811
58295829
58405840
58575857
586e586e
58855885
589b589b
58b258b2
58c958c9
58e058e0
58f758f7
590d590d
59245924
593b593b
59525952
59695969
59805980
59965996
59ad59ad
59c459c4
59db59db
59f259f2
5a095a09
5a1e5a1e
5a355a35
5a4c5a4c
5a635a63
5a7a5a7a
5a8f5a8f
5aa65aa6
5abd5abd
5ad35ad3
5aea5aea
5b015b01
5b165b16
5b2d5b2d
5b445b44
5b5a5b5a
5b715b71
5b875b87
5b9d5b9d
5bb35bb3
5bca5bca
5be05be0
5bf75bf7
5c0c5c0c
5c235c23
5c395c39
5c505c50
5c665c66
5c7c5c7c
5c925c92
5ca85ca8
5cbe5cbe
5cd55cd5
5ceb5ceb
5d015d01
5d175d17
5d2d5d2d
5d435d43
5d595d59
5d6f5d6f
5d855d85
5d9b5d9b
5db15db1
5dc75dc7
5ddd5ddd
5df35df3
5e085e08
5e1e5e1e
5e345e34
5e4a5e4a
5e605e60
5e765e76
5e8b5e8b
5ea15ea1
5eb75eb7
5ecd5ecd
5ee35ee3
5ef85ef8
5f0d5f0d
5f235f23
5f395f39
5f4f5f4f
5f645f64
5f7a5f7a
5f8f5f8f
5fa45fa4
5fba5fba
5fd05fd0
5fe55fe5
5ffb5ffb
600f600f
60256025
603b603b
60506050
60666066
607b607b
60906090
60a560a5
60ba60ba
60d060d0
60e560e5
60fb60fb
610f610f
61246124
613a613a
614f614f
61646164
61796179
618e618e
61a361a3
61b861b8
61cd61cd
61e261e2
61f761f7
620c620c
62216221
62366236
624b624b
62606260
62756275
62896289
629e629e
62b362b3
62c762c7
62dc62dc
62f162f1
63056305
631a631a
632f632f
63436343
63586358
636d636d
63816381
63956395
63aa63aa
63bf63bf
63d363d3
63e863e8
63fb63fb
64106410
64256425
64396439
644e644e
64626462
64766476
648a648a
649e649e
64b364b3
64c764c7
64db64db
64f064f0
65036503
65176517
652c652c
65406540
65546554
65686568
657b657b
658f658f
65a465a4
65b865b8
65cc65cc
65e065e0
65f365f3
66076607
661b661b
662f662f
66436643
66566656
666a666a
667d667d
66916691
66a566a5
66b966b9
66cc66cc
66e066e0
66f366f3
67066706
671a671a
672e672e
67416741
67556755
67686768
677b677b
678f678f
67a267a2
67b567b5
67c967c9
67dc67dc
67ef67ef
68026802
68156815
68296829
683c683c
684f684f
68636863
68756875
68886888
689b689b
68ae68ae
68c168c1
68d468d4
68e868e8
68fa68fa
690d690d
69206920
69336933
69466946
69586958
696b696b
697d697d
69906990
69a369a3
69b669b6
69c869c8
69db69db
69ed69ed
6a006a00
6a126a12
6a256a25
6a376a37
6a4a6a4a
6a5d6a5d
6a6e6a6e
6a816a81
6a936a93
6aa66aa6
6ab86ab8
6aca6aca
6add6add
6aee6aee
6b006b00
6b136b13
6b256b25
6b376b37
6b496b49
6b5c6b5c
6b6d6b6d
6b7f6b7f
6b916b91
6ba36ba3
6bb56bb5
6bc76bc7
6bd96bd9
6bea6bea
6bfc6bfc
6c0e6c0e
6c206c20
6c326c32
6c446c44
6c556c55
6c666c66
6c786c78
6c8a6c8a
6c9b6c9b
6cad6cad
6cbf6cbf
6cd06cd0
6ce26ce2
6cf36cf3
6d046d04
6d166d16
6d276d27
6d396d39
6d4a6d4a
6d5b6d5b
6d6c6d6c
6d7d6d7d
6d8e6d8e
6da06da0
6db16db1
6dc26dc2
6dd36dd3
6de46de4
6df56df5
6e066e06
6e176e17
6e286e28
6e396e39
6e4a6e4a
6e5b6e5b
6e6b6e6b
6e7c6e7c
6e8d6e8d
6e9e6e9e
6eae6eae
6ebf6ebf
6ed06ed0
6ee16ee1
6ef06ef0
6f016f01
6f126f12
6f226f22
6f336f33
6f446f44
6f546f54
6f646f64
6f746f74
6f856f85
6f956f95
6fa66fa6
6fb66fb6
6fc66fc6
6fd76fd7
6fe66fe6
6ff66ff6
70067006
70177017
70277027
70377037
70477047
70577057
70667066
70767076
70867086
70967096
70a670a6
70b670b6
70c670c6
70d670d6
70e470e4
70f470f4
71047104
71147114
71237123
71337133
71437143
71527152
71617161
71707170
71807180
718f718f
719f719f
71ae71ae
71be71be
71cd71cd
71db71db
71ea71ea
71fa71fa
72097209
72187218
72277227
72377237
72467246
72557255
72637263
72727272
72817281
72907290
729f729f
72ae72ae
72bc72bc
72cb72cb
72d972d9
72e872e8
72f772f7
73057305
73147314
73237323
73317331
73407340
734e734e
735c735c
736a736a
73797379
73877387
73967396
73a473a4
73b273b2
73c173c1
73cf73cf
73dc73dc
73ea73ea
73f873f8
74077407
74157415
74237423
74317431
743f743f
744d744d
745a745a
74687468
74767476
74837483
74917491
749f749f
74ad74ad
74ba74ba
74c874c8
74d574d5
74e274e2
74f074f0
74fe74fe
750b750b
75197519
75267526
75347534
75417541
754e754e
755b755b
75687568
75757575
75827582
75907590
759d759d
75aa75aa
75b775b7
75c475c4
75d175d1
75dd75dd
75ea75ea
75f775f7
76047604
76117611
761e761e
762a762a
76377637
76447644
76517651
765c765c
76697669
76767676
76827682
768f768f
769b769b
76a876a8
76b476b4
76c176c1
76cd76cd
76d876d8
76e576e5
76f176f1
76fd76fd
77097709
77157715
77227722
772e772e
773a773a
77467746
77517751
775d775d
77697769
77757775
77807780
778c778c
77987798
77a477a4
77b077b0
77bb77bb
77c777c7
77d177d1
77dd77dd
77e977e9
77f477f4
78007800
780b780b
78177817
78227822
782d782d
78397839
78447844
784e784e
78597859
78657865
78707870
787b787b
78867886
78917891
789c789c
78a778a7
78b278b2
78bd78bd
78c878c8
78d178d1
78dc78dc
78e778e7
78f278f2
78fc78fc
79077907
79127912
791c791c
79277927
79317931
793c793c
79467946
79507950
795a795a
79647964
796f796f
79797979
79837983
798d798d
79987998
79a279a2
79ac79ac
79b679b6
79c079c0
79ca79ca
79d379d3
79dd79dd
79e779e7
79f079f0
79fa79fa
7a047a04
7a0e7a0e
7a187a18
7a217a21
7a2b7a2b
7a347a34
7a3e7a3e
7a487a48
7a507a50
7a597a59
7a637a63
7a6c7a6c
7a767a76
7a7f7a7f
7a887a88
7a917a91
7a9b7a9b
7aa47aa4
7aad7aad
7ab67ab6
7abf7abf
7ac87ac8
7ad07ad0
7ad97ad9
7ae27ae2
7aeb7aeb
7af47af4
7afd7afd
7b057b05
7b0e7b0e
7b177b17
7b1f7b1f
7b287b28
7b317b31
7b397b39
7b427b42
7b497b49
7b527b52
7b5a7b5a
7b627b62
7b6b7b6b
7b737b73
7b7b7b7b
7b847b84
7b8c7b8c
7b947b94
7b9c7b9c
7ba47ba4
7bac7bac
7bb47bb4
7bbc7bbc
7bc47bc4
7bcb7bcb
7bd37bd3
7bdb7bdb
7be37be3
7bea7bea
7bf27bf2
7bfa7bfa
7c017c01
7c097c09
7c117c11
7c187c18
7c207c20
7c277c27
7c2e7c2e
7c367c36
7c3d7c3d
7c457c45
7c4b7c4b
7c527c52
7c597c59
7c607c60
7c687c68
7c6f7c6f
7c767c76
7c7d7c7d
7c847c84
7c8b7c8b
7c927c92
7c987c98
7c9f7c9f
7ca67ca6
7cad7cad
7cb47cb4
7cba7cba
7cc17cc1
7cc67cc6
7ccd7ccd
7cd47cd4
7cda7cda
7ce17ce1
7ce77ce7
7ced7ced
7cf47cf4
7cfa7cfa
7d007d00
7d077d07
7d0d7d0d
7d137d13
7d197d19
7d1f7d1f
7d257d25
7d2b7d2b
7d317d31
7d377d37
7d3d7d3d
7d437d43
7d487d48
7d4d7d4d
7d537d53
7d597d59
7d5f7d5f
7d647d64
7d6a7d6a
7d6f7d6f
7d757d75
7d7a7d7a
7d807d80
7d857d85
7d8b7d8b
7d907d90
7d957d95
7d9b7d9b
7da07da0
7da57da5
7daa7daa
7daf7daf
7db47db4
7db97db9
7dbe7dbe
7dc37dc3
7dc77dc7
7dcc7dcc
7dd17dd1
7dd67dd6
7dda7dda
7ddf7ddf
7de47de4
7de97de9
7ded7ded
7df27df2
7df67df6
7dfb7dfb
7dff7dff
7e047e04
7e087e08
7e0c7e0c
7e117e11
7e157e15
7e197e19
7e1e7e1e
7e227e22
7e267e26
7e2a7e2a
7e2e7e2e
7e327e32
7e367e36
7e3a7e3a
7e3e7e3e
7e427e42
7e447e44
7e487e48
7e4c7e4c
7e507e50
7e537e53
7e577e57
7e5b7e5b
7e5e7e5e
7e627e62
7e657e65
7e697e69
7e6c7e6c
7e6f7e6f
7e737e73
7e767e76
7e797e79
7e7c7e7c
7e807e80
7e837e83
7e867e86
7e897e89
7e8c7e8c
7e8f7e8f
7e927e92
7e957e95
7e987e98
7e9a7e9a
7e9d7e9d
7ea07ea0
7ea37ea3
7ea57ea5
7ea87ea8
7eab7eab
7ead7ead
7eb07eb0
7eb27eb2
7eb57eb5
7eb77eb7
7eb97eb9
7ebc7ebc
7ebe7ebe
7ec07ec0
7ec17ec1
7ec47ec4
7ec67ec6
7ec87ec8
7eca7eca
7ecc7ecc
7ece7ece
7ed07ed0
7ed27ed2
7ed47ed4
7ed57ed5
7ed77ed7
7ed97ed9
7edb7edb
7edc7edc
7ede7ede
7ee07ee0
7ee17ee1
7ee37ee3
7ee47ee4
7ee67ee6
7ee77ee7
7ee87ee8
7eea7eea
7eeb7eeb
7eec7eec
7eed7eed
7eef7eef
7ef07ef0
7ef17ef1
7ef27ef2
7ef37ef3
7ef47ef4
7ef57ef5
7ef67ef6
7ef77ef7
7ef77ef7
7ef87ef8
7ef97ef9
7efa7efa
7efa7efa
7efb7efb
7efc7efc
7efc7efc
7efd7efd
7efd7efd
7efe7efe
7efe7efe
7efe7efe
7eff7eff
7eff7eff
7eff7eff
7f007f00
7f007f00
7f007f00
7f007f00
7f007f00
7f007f00
7f007f00
7f007f00
7f007f00
7f007f00
7f007f00
7eff7eff
7eff7eff
7eff7eff
7efe7efe
7efe7efe
7efe7efe
7efd7efd
7efd7efd
7efc7efc
7efc7efc
7efb7efb
7efa7efa
7efa7efa
7ef97ef9
7ef87ef8
7ef77ef7
7ef77ef7
7ef67ef6
7ef57ef5
7ef47ef4
7ef37ef3
7ef27ef2
7ef17ef1
7ef07ef0
7eef7eef
7eed7eed
7eec7eec
7eeb7eeb
7eea7eea
7ee87ee8
7ee77ee7
7ee67ee6
7ee47ee4
7ee37ee3
7ee17ee1
7ee07ee0
7ede7ede
7edc7edc
7edb7edb
7ed97ed9
7ed77ed7
7ed57ed5
7ed47ed4
7ed27ed2
7ed07ed0
7ece7ece
7ecc7ecc
7eca7eca
7ec87ec8
7ec67ec6
7ec47ec4
7ec17ec1
7ec07ec0
7ebe7ebe
7ebc7ebc
7eb97eb9
7eb77eb7
7eb57eb5
7eb27eb2
7eb07eb0
7ead7ead
7eab7eab
7ea87ea8
7ea57ea5
7ea37ea3
7ea07ea0
7e9d7e9d
7e9a7e9a
7e987e98
7e957e95
7e927e92
7e8f7e8f
7e8c7e8c
7e897e89
7e867e86
7e837e83
7e807e80
7e7c7e7c
7e797e79
7e767e76
7e737e73
7e6f7e6f
7e6c7e6c
7e697e69
7e657e65
7e627e62
7e5e7e5e
7e5b7e5b
7e577e57
7e537e53
7e507e50
7e4c7e4c
7e487e48
7e447e44
7e427e42
7e3e7e3e
7e3a7e3a
7e367e36
7e327e32
7e2e7e2e
7e2a7e2a
7e267e26
7e227e22
7e1e7e1e
7e197e19
7e157e15
7e117e11
7e0c7e0c
7e087e08
7e047e04
7dff7dff
7dfb7dfb
7df67df6
7df27df2
7ded7ded
7de97de9
7de47de4
7ddf7ddf
7dda7dda
7dd67dd6
7dd17dd1
7dcc7dcc
7dc77dc7
7dc37dc3
7dbe7dbe
7db97db9
7db47db4
7daf7daf
7daa7daa
7da57da5
7da07da0
7d9b7d9b
7d957d95
7d907d90
7d8b7d8b
7d857d85
7d807d80
7d7a7d7a
7d757d75
7d6f7d6f
7d6a7d6a
7d647d64
7d5f7d5f
7d597d59
7d537d53
7d4d7d4d
7d487d48
7d437d43
7d3d7d3d
7d377d37
7d317d31
7d2b7d2b
7d257d25
7d1f7d1f
7d197d19
7d137d13
7d0d7d0d
7d077d07
7d007d00
7cfa7cfa
7cf47cf4
7ced7ced
7ce77ce7
7ce17ce1
7cda7cda
7cd47cd4
7ccd7ccd
7cc67cc6
7cc17cc1
7cba7cba
7cb47cb4
7cad7cad
7ca67ca6
7c9f7c9f
7c987c98
7c927c92
7c8b7c8b
7c847c84
7c7d7c7d
7c767c76
7c6f7c6f
7c687c68
7c607c60
7c597c59
7c527c52
7c4b7c4b
7c457c45
7c3d7c3d
7c367c36
7c2e7c2e
7c277c27
7c207c20
7c187c18
7c117c11
7c097c09
7c017c01
7bfa7bfa
7bf27bf2
7bea7bea
7be37be3
7bdb7bdb
7bd37bd3
7bcb7bcb
7bc47bc4
7bbc7bbc
7bb47bb4
7bac7bac
7ba47ba4
7b9c7b9c
7b947b94
7b8c7b8c
7b847b84
7b7b7b7b
7b737b73
7b6b7b6b
7b627b62
7b5a7b5a
7b527b52
7b497b49
7b427b42
7b397b39
7b317b31
7b287b28
7b1f7b1f
7b177b17
7b0e7b0e
7b057b05
7afd7afd
7af47af4
7aeb7aeb
7ae27ae2
7ad97ad9
7ad07ad0
7ac87ac8
7abf7abf
7ab67ab6
7aad7aad
7aa47aa4
7a9b7a9b
7a917a91
7a887a88
7a7f7a7f
7a767a76
7a6c7a6c
7a637a63
7a597a59
7a507a50
7a487a48
7a3e7a3e
7a347a34
7a2b7a2b
7a217a21
7a187a18
7a0e7a0e
7a047a04
79fa79fa
79f079f0
79e779e7
79dd79dd
79d379d3
79ca79ca
79c079c0
79b679b6
79ac79ac
79a279a2
79987998
798d798d
79837983
79797979
796f796f
79647964
795a795a
79507950
79467946
793c793c
79317931
79277927
791c791c
79127912
79077907
78fc78fc
78f278f2
78e778e7
78dc78dc
78d178d1
78c878c8
78bd78bd
78b278b2
78a778a7
789c789c
78917891
78867886
787b787b
78707870
78657865
78597859
784e784e
78447844
78397839
782d782d
78227822
78177817
780b780b
78007800
77f477f4
77e977e9
77dd77dd
77d177d1
77c777c7
77bb77bb
77b077b0
77a477a4
77987798
778c778c
77807780
77757775
77697769
775d775d
77517751
77467746
773a773a
772e772e
77227722
77157715
77097709
76fd76fd
76f176f1
76e576e5
76d876d8
76cd76cd
76c176c1
76b476b4
76a876a8
769b769b
768f768f
76827682
76767676
76697669
765c765c
76517651
76447644
76377637
762a762a
761e761e
76117611
76047604
75f775f7
75ea75ea
75dd75dd
75d175d1
75c475c4
75b775b7
75aa75aa
759d759d
75907590
75827582
75757575
75687568
755b755b
754e754e
75417541
75347534
75267526
75197519
750b750b
74fe74fe
74f074f0
74e274e2
74d574d5
74c874c8
74ba74ba
74ad74ad
749f749f
74917491
74837483
74767476
74687468
745a745a
744d744d
743f743f
74317431
74237423
74157415
74077407
73f873f8
73ea73ea
73dc73dc
73cf73cf
73c173c1
73b273b2
73a473a4
73967396
73877387
73797379
736a736a
735c735c
734e734e
73407340
73317331
73237323
73147314
73057305
72f772f7
72e872e8
72d972d9
72cb72cb
72bc72bc
72ae72ae
729f729f
72907290
72817281
72727272
72637263
72557255
72467246
72377237
72277227
72187218
72097209
71fa71fa
71ea71ea
71db71db
71cd71cd
71be71be
71ae71ae
719f719f
718f718f
71807180
71707170
71617161
71527152
71437143
71337133
71237123
71147114
71047104
70f470f4
70e470e4
70d670d6
70c670c6
70b670b6
70a670a6
70967096
70867086
70767076
70667066
70577057
70477047
70377037
70277027
70177017
70067006
6ff66ff6
6fe66fe6
6fd76fd7
6fc66fc6
6fb66fb6
6fa66fa6
6f956f95
6f856f85
6f746f74
6f646f64
6f546f54
6f446f44
6f336f33
6f226f22
6f126f12
6f016f01
6ef06ef0
6ee16ee1
6ed06ed0
6ebf6ebf
6eae6eae
6e9e6e9e
6e8d6e8d
6e7c6e7c
6e6b6e6b
6e5b6e5b
6e4a6e4a
6e396e39
6e286e28
6e176e17
6e066e06
6df56df5
6de46de4
6dd36dd3
6dc26dc2
6db16db1
6da06da0
6d8e6d8e
6d7d6d7d
6d6c6d6c
6d5b6d5b
6d4a6d4a
6d396d39
6d276d27
6d166d16
6d046d04
6cf36cf3
6ce26ce2
6cd06cd0
6cbf6cbf
6cad6cad
6c9b6c9b
6c8a6c8a
6c786c78
6c666c66
6c556c55
6c446c44
6c326c32
6c206c20
6c0e6c0e
6bfc6bfc
6bea6bea
6bd96bd9
6bc76bc7
6bb56bb5
6ba36ba3
6b916b91
6b7f6b7f
6b6d6b6d
6b5c6b5c
6b496b49
6b376b37
6b256b25
6b136b13
6b006b00
6aee6aee
6add6add
6aca6aca
6ab86ab8
6aa66aa6
6a936a93
6a816a81
6a6e6a6e
6a5d6a5d
6a4a6a4a
6a376a37
6a256a25
6a126a12
6a006a00
69ed69ed
69db69db
69c869c8
69b669b6
69a369a3
69906990
697d697d
696b696b
69586958
69466946
69336933
69206920
690d690d
68fa68fa
68e868e8
68d468d4
68c168c1
68ae68ae
689b689b
68886888
68756875
68636863
684f684f
683c683c
68296829
68156815
68026802
67ef67ef
67dc67dc
67c967c9
67b567b5
67a267a2
678f678f
677b677b
67686768
67556755
67416741
672e672e
671a671a
67066706
66f366f3
66e066e0
66cc66cc
66b966b9
66a566a5
66916691
667d667d
666a666a
66566656
66436643
662f662f
661b661b
66076607
65f365f3
65e065e0
65cc65cc
65b865b8
65a465a4
658f658f
657b657b
65686568
65546554
65406540
652c652c
65176517
65036503
64f064f0
64db64db
64c764c7
64b364b3
649e649e
648a648a
64766476
64626462
644e644e
64396439
64256425
64106410
63fb63fb
63e863e8
63d363d3
63bf63bf
63aa63aa
63956395
63816381
636d636d
63586358
63436343
632f632f
631a631a
63056305
62f162f1
62dc62dc
62c762c7
62b362b3
629e629e
62896289
62756275
62606260
624b624b
62366236
62216221
620c620c
61f761f7
61e261e2
61cd61cd
61b861b8
61a361a3
618e618e
61796179
61646164
614f614f
613a613a
61246124
610f610f
60fb60fb
60e560e5
60d060d0
60ba60ba
60a560a5
60906090
607b607b
60666066
60506050
603b603b
60256025
600f600f
5ffb5ffb
5fe55fe5
5fd05fd0
5fba5fba
5fa45fa4
5f8f5f8f
5f7a5f7a
5f645f64
5f4f5f4f
5f395f39
5f235f23
5f0d5f0d
5ef85ef8
5ee35ee3
5ecd5ecd
5eb75eb7
5ea15ea1
5e8b5e8b
5e765e76
5e605e60
5e4a5e4a
5e345e34
5e1e5e1e
5e085e08
5df35df3
5ddd5ddd
5dc75dc7
5db15db1
5d9b5d9b
5d855d85
5d6f5d6f
5d595d59
5d435d43
5d2d5d2d
5d175d17
5d015d01
5ceb5ceb
5cd55cd5
5cbe5cbe
5ca85ca8
5c925c92
5c7c5c7c
5c665c66
5c505c50
5c395c39
5c235c23
5c0c5c0c
5bf75bf7
5be05be0
5bca5bca
5bb35bb3
5b9d5b9d
5b875b87
5b715b71
5b5a5b5a
5b445b44
5b2d5b2d
5b165b16
5b015b01
5aea5aea
5ad35ad3
5abd5abd
5aa65aa6
5a8f5a8f
5a7a5a7a
5a635a63
5a4c5a4c
5a355a35
5a1e5a1e
5a095a09
59f259f2
59db59db
59c459c4
59ad59ad
59965996
59805980
59695969
59525952
593b593b
59245924
590d590d
58f758f7
58e058e0
58c958c9
58b258b2
589b589b
58855885
586e586e
58575857
58405840
58295829
58115811
57fb57fb
57e457e4
57cd57cd
57b657b6
579e579e
57885788
57715771
575a575a
57425742
572b572b
57145714
56fd56fd
56e656e6
56cf56cf
56b756b7
56a056a0
56895689
56725672
565b565b
56435643
562c562c
56145614
55fe55fe
55e655e6
55cf55cf
55b755b7
559f559f
55895589
55715571
555a555a
55425542
552b552b
55145514
54fc54fc
54e554e5
54cd54cd
54b554b5
549e549e
54875487
546f546f
54575457
54405440
54285428
54115411
53f953f9
53e253e2
53ca53ca
53b253b2
539a539a
53835383
536b536b
53535353
533c533c
53245324
530d530d
52f552f5
52dd52dd
52c552c5
52ad52ad
52965296
527e527e
52665266
524e524e
52365236
521e521e
52075207
51ef51ef
51d751d7
51bf51bf
51a751a7
51905190
51785178
51605160
51475147
512f512f
51185118
51005100
50e850e8
50d050d0
50b750b7
509f509f
50885088
50705070
50585058
503f503f
50275027
50105010
4ff84ff8
4fdf4fdf
4fc74fc7
4faf4faf
4f974f97
4f7f4f7f
4f674f67
4f4e4f4e
4f364f36
4f1f4f1f
4f064f06
4eee4eee
4ed64ed6
4ebd4ebd
4ea54ea5
4e8d4e8d
4e754e75
4e5d4e5d
4e444e44
4e2c4e2c
4e144e14
4dfc4dfc
4de34de3
4dcb4dcb
4db24db2
4d9b4d9b
4d824d82
4d6a4d6a
4d514d51
4d394d39
4d214d21
4d094d09
4cf04cf0
4cd74cd7
4cbf4cbf
4ca64ca6
4c8f4c8f
4c764c76
4c5e4c5e
4c454c45
4c2c4c2c
4c154c15
4bfc4bfc
4be34be3
4bcb4bcb
4bb24bb2
4b9a4b9a
4b824b82
4b694b69
4b504b50
4b384b38
4b204b20
4b074b07
4aee4aee
4ad64ad6
4abd4abd
4aa54aa5
4a8d4a8d
4a744a74
4a5b4a5b
4a424a42
4a2b4a2b
4a124a12
49f949f9
49e049e0
49c749c7
49af49af
49974997
497e497e
49654965
494c494c
49334933
491c491c
49034903
48ea48ea
48d148d1
48b848b8
48a048a0
48874887
486f486f
48564856
483d483d
48254825
480c480c
47f347f3
47da47da
47c147c1
47a947a9
47904790
47774777
475f475f
47464746
472e472e
47154715
46fc46fc
46e346e3
46ca46ca
46b246b2
46994699
46804680
46674667
464e464e
46354635
461d461d
46044604
45eb45eb
45d245d2
45b945b9
45a145a1
45884588
456f456f
45564556
453d453d
45254525
450c450c
44f344f3
44da44da
44c144c1
44a944a9
44904490
44764476
445d445d
44444444
442c442c
44134413
43fa43fa
43e143e1
43c843c8
43b043b0
43974397
437e437e
43654365
434c434c
43344334
431a431a
43014301
42e842e8
42cf42cf
42b742b7
429e429e
42854285
426c426c
42534253
423b423b
42214221
42084208
41ef41ef
41d641d6
41bd41bd
41a541a5
418c418c
41734173
41594159
41404140
41284128
410f410f
40f640f6
40dd40dd
40c440c4
40ac40ac
40924092
40794079
40604060
40474047
402f402f
40164016
3ffd3ffd
3fe43fe4
3fca3fca
3fb23fb2
3f993f99
3f803f80
3f673f67
3f4e3f4e
3f363f36
3f1c3f1c
3f033f03
3eea3eea
3ed13ed1
3eb93eb9
3ea03ea0
3e873e87
3e6e3e6e
3e543e54
3e3c3e3c
3e233e23
3e0a3e0a
3df13df1
3dd83dd8
3dc03dc0
3da73da7
3d8d3d8d
3d743d74
3d5b3d5b
3d433d43
3d2a3d2a
3d113d11
3cf83cf8
3cdf3cdf
3cc63cc6
3cad3cad
3c943c94
3c7b3c7b
3c623c62
3c493c49
3c313c31
3c183c18
3bff3bff
3be63be6
3bcc3bcc
3bb43bb4
3b9b3b9b
3b823b82
3b693b69
3b503b50
3b383b38
3b1f3b1f
3b063b06
3aed3aed
3ad43ad4
3abc3abc
3aa33aa3
3a8a3a8a
3a703a70
3a573a57
3a3f3a3f
3a263a26
3a0d3a0d
39f439f4
39db39db
39c339c3
39aa39aa
39913991
39783978
395f395f
39473947
392e392e
39153915
38fc38fc
38e338e3
38cb38cb
38b238b2
38993899
38803880
38673867
384f384f
38363836
381d381d
38043804
37eb37eb
37d237d2
37ba37ba
37a137a1
37893789
37703770
37573757
373f373f
37263726
370d370d
36f436f4
36db36db
36c336c3
36aa36aa
36913691
36793679
36603660
36483648
362f362f
36163616
35fd35fd
35e435e4
35cd35cd
35b435b4
359b359b
35823582
35693569
35513551
35393539
35203520
35073507
34ee34ee
34d634d6
34be34be
34a534a5
348c348c
34733473
345b345b
34433443
342a342a
34123412
33f933f9
33e033e0
33c833c8
33b033b0
33973397
337e337e
33663366
334e334e
33353335
331d331d
33043304
32eb32eb
32d432d4
32bb32bb
32a232a2
328a328a
32713271
325a325a
32413241
32293229
32103210
31f731f7
31df31df
31c731c7
31af31af
31963196
317e317e
31653165
314e314e
31353135
311d311d
31043104
30ec30ec
30d430d4
30bc30bc
30a330a3
308b308b
30733073
305b305b
30433043
302a302a
30123012
2ffa2ffa
2fe12fe1
2fca2fca
2fb22fb2
2f992f99
2f812f81
2f692f69
2f512f51
2f392f39
2f212f21
2f082f08
2ef02ef0
2ed92ed9
2ec12ec1
2ea82ea8
2e902e90
2e782e78
2e612e61
2e492e49
2e302e30
2e182e18
2e002e00
2de82de8
2dd12dd1
2db92db9
2da02da0
2d882d88
2d702d70
2d592d59
2d412d41
2d292d29
2d112d11
2cf92cf9
2ce22ce2
2cca2cca
2cb22cb2
2c9a2c9a
2c822c82
2c6a2c6a
2c532c53
2c3b2c3b
2c232c23
2c0b2c0b
2bf32bf3
2bdc2bdc
2bc42bc4
2bad2bad
2b952b95
2b7d2b7d
2b662b66
2b4e2b4e
2b362b36
2b1e2b1e
2b072b07
2aef2aef
2ad82ad8
2ac02ac0
2aa92aa9
2a912a91
2a792a79
2a622a62
2a4b2a4b
2a332a33
2a1b2a1b
2a042a04
29ec29ec
29d529d5
29be29be
29a629a6
298f298f
29772977
29612961
29492949
29312931
291a291a
29022902
28ec28ec
28d428d4
28bd28bd
28a528a5
288e288e
28772877
28602860
28492849
28312831
281a281a
28032803
27ec27ec
27d527d5
27be27be
27a627a6
278f278f
27782778
27622762
274a274a
27332733
271c271c
27052705
26ef26ef
26d726d7
26c026c0
26a926a9
26922692
267b267b
26652665
264e264e
26372637
26202620
26092609
25f325f3
25dc25dc
25c525c5
25ae25ae
25972597
25802580
256a256a
25532553
253c253c
25252525
250e250e
24f724f7
24e224e2
24cb24cb
24b424b4
249d249d
24862486
24712471
245a245a
24432443
242d242d
24162416
23ff23ff
23ea23ea
23d323d3
23bc23bc
23a623a6
238f238f
23792379
23632363
234d234d
23362336
23202320
23092309
22f422f4
22dd22dd
22c722c7
22b022b0
229a229a
22842284
226e226e
22582258
22422242
222b222b
22152215
21ff21ff
21e921e9
21d321d3
21bd21bd
21a721a7
21912191
217b217b
21652165
214f214f
21392139
21232123
210d210d
20f820f8
20e220e2
20cc20cc
20b620b6
20a020a0
208a208a
20752075
205f205f
20492049
20332033
201d201d
20082008
1ff31ff3
1fdd1fdd
1fc71fc7
1fb11fb1
1f9c1f9c
1f861f86
1f711f71
1f5c1f5c
1f461f46
1f301f30
1f1b1f1b
1f051f05
1ef11ef1
1edb1edb
1ec51ec5
1eb01eb0
1e9a1e9a
1e851e85
1e701e70
1e5b1e5b
1e461e46
1e301e30
1e1b1e1b
1e051e05
1df11df1
1ddc1ddc
1dc61dc6
1db11db1
1d9c1d9c
1d871d87
1d721d72
1d5d1d5d
1d481d48
1d331d33
1d1e1d1e
1d091d09
1cf41cf4
1cdf1cdf
1cca1cca
1cb51cb5
1ca01ca0
1c8b1c8b
1c771c77
1c621c62
1c4d1c4d
1c391c39
1c241c24
1c0f1c0f
1bfb1bfb
1be61be6
1bd11bd1
1bbd1bbd
1ba81ba8
1b931b93
1b7f1b7f
1b6b1b6b
1b561b56
1b411b41
1b2d1b2d
1b181b18
1b051b05
1af01af0
1adb1adb
1ac71ac7
1ab21ab2
1a9e1a9e
1a8a1a8a
1a761a76
1a621a62
1a4d1a4d
1a391a39
1a251a25
1a101a10
19fd19fd
19e919e9
19d419d4
19c019c0
19ac19ac
19981998
19851985
19711971
195c195c
19481948
19341934
19201920
190d190d
18f918f9
18e518e5
18d118d1
18bd18bd
18aa18aa
18961896
18831883
186f186f
185b185b
18471847
18341834
18201820
180d180d
17fa17fa
17e617e6
17d217d2
17bf17bf
17ab17ab
17981798
17851785
17711771
175e175e
174b174b
17371737
17241724
17111711
16fe16fe
16eb16eb
16d716d7
16c416c4
16b116b1
169d169d
168b168b
16781678
16651665
16521652
163f163f
162c162c
16181618
16061606
15f315f3
15e015e0
15cd15cd
15ba15ba
15a815a8
15951595
15831583
15701570
155d155d
154a154a
15381538
15251525
15131513
15001500
14ee14ee
14db14db
14c914c9
14b614b6
14a314a3
14921492
147f147f
146d146d
145a145a
14481448
14361436
14231423
14121412
14001400
13ed13ed
13db13db
13c913c9
13b713b7
13a413a4
13931393
13811381
136f136f
135d135d
134b134b
13391339
13271327
13161316
13041304
12f212f2
12e012e0
12ce12ce
12bc12bc
12ab12ab
129a129a
12881288
12761276
12651265
12531253
12411241
12301230
121e121e
120d120d
11fc11fc
11ea11ea
11d911d9
11c711c7
11b611b6
11a511a5
11941194
11831183
11721172
11601160
114f114f
113e113e
112d112d
111c111c
110b110b
10fa10fa
10e910e9
10d810d8
10c710c7
10b610b6
10a510a5
10951095
10841084
10731073
10621062
10521052
10411041
10301030
10201020
10101010
0fff0fff
0fee0fee
0fde0fde
0fcd0fcd
0fbc0fbc
0fac0fac
0f9c0f9c
0f8c0f8c
0f7b0f7b
0f6b0f6b
0f5a0f5a
0f4a0f4a
0f3a0f3a
0f290f29
0f1a0f1a
0f0a0f0a
0efa0efa
0ee90ee9
0ed90ed9
0ec90ec9
0eb90eb9
0ea90ea9
0e9a0e9a
0e8a0e8a
0e7a0e7a
0e6a0e6a
0e5a0e5a
0e4a0e4a
0e3a0e3a
0e2a0e2a
0e1c0e1c
0e0c0e0c
0dfc0dfc
0dec0dec
0ddd0ddd
0dcd0dcd
0dbd0dbd
0dae0dae
0d9f0d9f
0d900d90
0d800d80
0d710d71
0d610d61
0d520d52
0d420d42
0d330d33
0d250d25
0d160d16
0d060d06
0cf70cf7
0ce80ce8
0cd90cd9
0cc90cc9
0cba0cba
0cab0cab
0c9d0c9d
0c8e0c8e
0c7f0c7f
0c700c70
0c610c61
0c520c52
0c440c44
0c350c35
0c270c27
0c180c18
0c090c09
0bfb0bfb
0bec0bec
0bdd0bdd
0bcf0bcf
0bc00bc0
0bb20bb2
0ba40ba4
0b960b96
0b870b87
0b790b79
0b6a0b6a
0b5c0b5c
0b4e0b4e
0b3f0b3f
0b310b31
0b240b24
0b160b16
0b080b08
0af90af9
0aeb0aeb
0add0add
0acf0acf
0ac10ac1
0ab30ab3
0aa60aa6
0a980a98
0a8a0a8a
0a7d0a7d
0a6f0a6f
0a610a61
0a530a53
0a460a46
0a380a38
0a2b0a2b
0a1e0a1e
0a100a10
0a020a02
09f509f5
09e709e7
09da09da
09cc09cc
09bf09bf
09b209b2
09a509a5
09980998
098b098b
097e097e
09700970
09630963
09560956
09490949
093c093c
092f092f
09230923
09160916
09090909
08fc08fc
08ef08ef
08e208e2
08d608d6
08c908c9
08bc08bc
08af08af
08a408a4
08970897
088a088a
087e087e
08710871
08650865
08580858
084c084c
083f083f
08330833
08280828
081b081b
080f080f
08030803
07f707f7
07eb07eb
07de07de
07d207d2
07c607c6
07ba07ba
07af07af
07a307a3
07970797
078b078b
07800780
07740774
07680768
075c075c
07500750
07450745
07390739
072f072f
07230723
07170717
070c070c
07000700
06f506f5
06e906e9
06de06de
06d306d3
06c706c7
06bc06bc
06b206b2
06a706a7
069b069b
06900690
06850685
067a067a
066f066f
06640664
06590659
064e064e
06430643
06380638
062f062f
06240624
06190619
060e060e
06040604
05f905f9
05ee05ee
05e405e4
05d905d9
05cf05cf
05c405c4
05ba05ba
05b005b0
05a605a6
059c059c
05910591
05870587
057d057d
05730573
05680568
055e055e
05540554
054a054a
05400540
05360536
052d052d
05230523
05190519
05100510
05060506
04fc04fc
04f204f2
04e804e8
04df04df
04d504d5
04cc04cc
04c204c2
04b804b8
04b004b0
04a704a7
049d049d
04940494
048a048a
04810481
04780478
046f046f
04650465
045c045c
04530453
044a044a
04410441
04380438
04300430
04270427
041e041e
04150415
040c040c
04030403
03fb03fb
03f203f2
03e903e9
03e103e1
03d803d8
03cf03cf
03c703c7
03be03be
03b703b7
03ae03ae
03a603a6
039e039e
03950395
038d038d
03850385
037c037c
03740374
036c036c
03640364
035c035c
03540354
034c034c
03440344
033c033c
03350335
032d032d
03250325
031d031d
03160316
030e030e
03060306
02ff02ff
02f702f7
02ef02ef
02e802e8
02e002e0
02d902d9
02d202d2
02ca02ca
02c302c3
02bb02bb
02b502b5
02ae02ae
02a702a7
02a002a0
02980298
02910291
028a028a
02830283
027c027c
02750275
026e026e
02680268
02610261
025a025a
02530253
024c024c
02460246
023f023f
023a023a
02330233
022c022c
02260226
021f021f
02190219
02130213
020c020c
02060206
02000200
01f901f9
01f301f3
01ed01ed
01e701e7
01e101e1
01db01db
01d501d5
01cf01cf
01c901c9
01c301c3
01bd01bd
01b801b8
01b301b3
01ad01ad
01a701a7
01a101a1
019c019c
01960196
01910191
018b018b
01860186
01800180
017b017b
01750175
01700170
016b016b
01650165
01600160
015b015b
01560156
01510151
014c014c
01470147
01420142
013e013e
01390139
01340134
012f012f
012a012a
01260126
01210121
011c011c
01170117
01130113
010e010e
010a010a
01050105
01010101
00fc00fc
00f800f8
00f400f4
00ef00ef
00eb00eb
00e700e7
00e200e2
00de00de
00da00da
00d600d6
00d200d2
00ce00ce
00ca00ca
00c600c6
00c200c2
00bf00bf
00bc00bc
00b800b8
00b400b4
00b000b0
00ad00ad
00a900a9
00a500a5
00a200a2
009e009e
009b009b
00970097
00940094
00910091
008d008d
008a008a
00870087
00840084
00800080
007d007d
007a007a
00770077
00740074
00710071
006e006e
006b006b
00680068
00660066
00630063
00600060
005d005d
005b005b
00580058
00550055
00530053
00500050
004e004e
004b004b
00490049
00470047
00440044
00420042
00400040
003f003f
003c003c
003a003a
00380038
00360036
00340034
00320032
00300030
002e002e
002c002c
002b002b
00290029
00270027
00250025
00240024
00220022
00200020
001f001f
001d001d
001c001c
001a001a
00190019
00180018
00160016
00150015
00140014
00130013
00110011
00100010
000f000f
000e000e
000d000d
000c000c
000b000b
000a000a
00090009
00090009
00080008
00070007
00060006
00060006
00050005
00040004
00040004
00030003
00030003
00020002
00020002
00020002
00010001
00010001
00010001
00000000
00000000
00000000
00000000
00000000
00000000
00000000
00000000
00000000
00000000
00000000
ffffffff
00010001
ffffffff
00020002
fffefffe
00020002
fffdfffd
00030003
fffcfffc
00040004
fffbfffb
00060006
fffafffa
00070007
fff8fff8
00090009
fff7fff7
000a000a
fff5fff5
000c000c
fff3fff3
000e000e
fff1fff1
00100010
ffefffef
00130013
ffecffec
00150015
ffeaffea
00180018
ffe7ffe7
001a001a
ffe4ffe4
001d001d
ffe1ffe1
00200020
ffdeffde
00240024
ffdbffdb
00270027
ffd7ffd7
002b002b
ffd4ffd4
002e002e
ffd0ffd0
00320032
ffccffcc
00360036
ffc8ffc8
003a003a
ffc4ffc4
003f003f
ffbfffbf
00420042
ffbbffbb
00470047
ffb6ffb6
004b004b
ffb1ffb1
00500050
ffacffac
00550055
ffa7ffa7
005b005b
ffa2ffa2
00600060
ff9cff9c
00660066
ff97ff97
006b006b
ff91ff91
00710071
ff8bff8b
00770077
ff85ff85
007d007d
ff7fff7f
00840084
ff78ff78
008a008a
ff72ff72
00910091
ff6bff6b
00970097
ff64ff64
009e009e
ff5dff5d
00a500a5
ff56ff56
00ad00ad
ff4fff4f
00b400b4
ff47ff47
00bc00bc
ff40ff40
00c200c2
ff38ff38
00ca00ca
ff30ff30
00d200d2
ff28ff28
00da00da
ff20ff20
00e200e2
ff17ff17
00eb00eb
ff0fff0f
00f400f4
ff06ff06
00fc00fc
fefdfefd
01050105
fef4fef4
010e010e
feebfeeb
01170117
fee2fee2
01210121
fed8fed8
012a012a
fecffecf
01340134
fec5fec5
013e013e
febbfebb
01470147
feb1feb1
01510151
fea7fea7
015b015b
fe9dfe9d
01650165
fe92fe92
01700170
fe88fe88
017b017b
fe7dfe7d
01860186
fe72fe72
01910191
fe67fe67
019c019c
fe5cfe5c
01a701a7
fe50fe50
01b301b3
fe45fe45
01bd01bd
fe39fe39
01c901c9
fe2dfe2d
01d501d5
fe21fe21
01e101e1
fe15fe15
01ed01ed
fe09fe09
01f901f9
fdfcfdfc
02060206
fdf0fdf0
02130213
fde3fde3
021f021f
fdd6fdd6
022c022c
fdc9fdc9
023a023a
fdbcfdbc
02460246
fdaffdaf
02530253
fda1fda1
02610261
fd93fd93
026e026e
fd86fd86
027c027c
fd78fd78
028a028a
fd6afd6a
02980298
fd5bfd5b
02a702a7
fd4dfd4d
02b502b5
fd3ffd3f
02c302c3
fd30fd30
02d202d2
fd21fd21
02e002e0
fd12fd12
02ef02ef
fd03fd03
02ff02ff
fcf4fcf4
030e030e
fce4fce4
031d031d
fcd5fcd5
032d032d
fcc5fcc5
033c033c
fcb5fcb5
034c034c
fca5fca5
035c035c
fc95fc95
036c036c
fc85fc85
037c037c
fc74fc74
038d038d
fc64fc64
039e039e
fc53fc53
03ae03ae
fc42fc42
03be03be
fc31fc31
03cf03cf
fc20fc20
03e103e1
fc0ffc0f
03f203f2
fbfdfbfd
04030403
fbecfbec
04150415
fbdafbda
04270427
fbc8fbc8
04380438
fbb6fbb6
044a044a
fba4fba4
045c045c
fb92fb92
046f046f
fb7ffb7f
04810481
fb6dfb6d
04940494
fb5afb5a
04a704a7
fb47fb47
04b804b8
fb34fb34
04cc04cc
fb21fb21
04df04df
fb0efb0e
04f204f2
fafafafa
05060506
fae6fae6
05190519
fad3fad3
052d052d
fabffabf
05400540
faabfaab
05540554
fa97fa97
05680568
fa82fa82
057d057d
fa6efa6e
05910591
fa59fa59
05a605a6
fa45fa45
05ba05ba
fa30fa30
05cf05cf
fa1bfa1b
05e405e4
fa06fa06
05f905f9
f9f0f9f0
060e060e
f9dbf9db
06240624
f9c5f9c5
06380638
f9b0f9b0
064e064e
f99af99a
06640664
f984f984
067a067a
f96ef96e
06900690
f958f958
06a706a7
f941f941
06bc06bc
f92bf92b
06d306d3
f914f914
06e906e9
f8fdf8fd
07000700
f8e6f8e6
07170717
f8cff8cf
072f072f
f8b8f8b8
07450745
f8a1f8a1
075c075c
f889f889
07740774
f871f871
078b078b
f85af85a
07a307a3
f842f842
07ba07ba
f82af82a
07d207d2
f812f812
07eb07eb
f7f9f7f9
08030803
f7e1f7e1
081b081b
f7c8f7c8
08330833
f7b0f7b0
084c084c
f797f797
08650865
f77ef77e
087e087e
f765f765
08970897
f74bf74b
08af08af
f732f732
08c908c9
f718f718
08e208e2
f6fff6ff
08fc08fc
f6e5f6e5
09160916
f6cbf6cb
092f092f
f6b1f6b1
09490949
f697f697
09630963
f67df67d
097e097e
f662f662
09980998
f648f648
09b209b2
f62df62d
09cc09cc
f612f612
09e709e7
f5f7f5f7
0a020a02
f5dcf5dc
0a1e0a1e
f5c1f5c1
0a380a38
f5a5f5a5
0a530a53
f58af58a
0a6f0a6f
f56ef56e
0a8a0a8a
f553f553
0aa60aa6
f537f537
0ac10ac1
f51bf51b
0add0add
f4fff4ff
0af90af9
f4e2f4e2
0b160b16
f4c6f4c6
0b310b31
f4aaf4aa
0b4e0b4e
f48df48d
0b6a0b6a
f470f470
0b870b87
f453f453
0ba40ba4
f436f436
0bc00bc0
f419f419
0bdd0bdd
f3fcf3fc
0bfb0bfb
f3dff3df
0c180c18
f3c1f3c1
0c350c35
f3a3f3a3
0c520c52
f386f386
0c700c70
f368f368
0c8e0c8e
f34af34a
0cab0cab
f32cf32c
0cc90cc9
f30df30d
0ce80ce8
f2eff2ef
0d060d06
f2d0f2d0
0d250d25
f2b2f2b2
0d420d42
f293f293
0d610d61
f274f274
0d800d80
f255f255
0d9f0d9f
f236f236
0dbd0dbd
f217f217
0ddd0ddd
f1f8f1f8
0dfc0dfc
f1d8f1d8
0e1c0e1c
f1b9f1b9
0e3a0e3a
f199f199
0e5a0e5a
f179f179
0e7a0e7a
f159f159
0e9a0e9a
f139f139
0eb90eb9
f119f119
0ed90ed9
f0f9f0f9
0efa0efa
f0d8f0d8
0f1a0f1a
f0b8f0b8
0f3a0f3a
f097f097
0f5a0f5a
f076f076
0f7b0f7b
f055f055
0f9c0f9c
f034f034
0fbc0fbc
f013f013
0fde0fde
eff2eff2
0fff0fff
efd0efd0
10201020
efafefaf
10411041
ef8def8d
10621062
ef6cef6c
10841084
ef4aef4a
10a510a5
ef28ef28
10c710c7
ef06ef06
10e910e9
eee4eee4
110b110b
eec2eec2
112d112d
ee9fee9f
114f114f
ee7dee7d
11721172
ee5aee5a
11941194
ee37ee37
11b611b6
ee15ee15
11d911d9
edf2edf2
11fc11fc
edcfedcf
121e121e
edabedab
12411241
ed88ed88
12651265
ed65ed65
12881288
ed41ed41
12ab12ab
ed1eed1e
12ce12ce
ecfaecfa
12f212f2
ecd6ecd6
13161316
ecb2ecb2
13391339
ec8eec8e
135d135d
ec6aec6a
13811381
ec46ec46
13a413a4
ec21ec21
13c913c9
ebfdebfd
13ed13ed
ebd8ebd8
14121412
ebb4ebb4
14361436
eb8feb8f
145a145a
eb6aeb6a
147f147f
eb45eb45
14a314a3
eb20eb20
14c914c9
eafbeafb
14ee14ee
ead6ead6
15131513
eab0eab0
15381538
ea8bea8b
155d155d
ea65ea65
15831583
ea3fea3f
15a815a8
ea1aea1a
15cd15cd
e9f4e9f4
15f315f3
e9cee9ce
16181618
e9a7e9a7
163f163f
e981e981
16651665
e95be95b
168b168b
e935e935
16b116b1
e90ee90e
16d716d7
e8e7e8e7
16fe16fe
e8c1e8c1
17241724
e89ae89a
174b174b
e873e873
17711771
e84ce84c
17981798
e825e825
17bf17bf
e7fee7fe
17e617e6
e7d6e7d6
180d180d
e7afe7af
18341834
e788e788
185b185b
e760e760
18831883
e738e738
18aa18aa
e711e711
18d118d1
e6e9e6e9
18f918f9
e6c1e6c1
19201920
e699e699
19481948
e671e671
19711971
e648e648
19981998
e620e620
19c019c0
e5f8e5f8
19e919e9
e5cfe5cf
1a101a10
e5a6e5a6
1a391a39
e57ee57e
1a621a62
e555e555
1a8a1a8a
e52ce52c
1ab21ab2
e503e503
1adb1adb
e4dae4da
1b051b05
e4b1e4b1
1b2d1b2d
e488e488
1b561b56
e45ee45e
1b7f1b7f
e435e435
1ba81ba8
e40be40b
1bd11bd1
e3e2e3e2
1bfb1bfb
e3b8e3b8
1c241c24
e38ee38e
1c4d1c4d
e365e365
1c771c77
e33be33b
1ca01ca0
e311e311
1cca1cca
e2e7e2e7
1cf41cf4
e2bce2bc
1d1e1d1e
e292e292
1d481d48
e268e268
1d721d72
e23de23d
1d9c1d9c
e213e213
1dc61dc6
e1e8e1e8
1df11df1
e1bee1be
1e1b1e1b
e193e193
1e461e46
e168e168
1e701e70
e13de13d
1e9a1e9a
e112e112
1ec51ec5
e0e7e0e7
1ef11ef1
e0bce0bc
1f1b1f1b
e091e091
1f461f46
e065e065
1f711f71
e03ae03a
1f9c1f9c
e00fe00f
1fc71fc7
dfe3dfe3
1ff31ff3
dfb7dfb7
201d201d
df8cdf8c
20492049
df60df60
20752075
df34df34
20a020a0
df08df08
20cc20cc
dedcdedc
20f820f8
deb0deb0
21232123
de84de84
214f214f
de58de58
217b217b
de2bde2b
21a721a7
ddffddff
21d321d3
ddd3ddd3
21ff21ff
dda6dda6
222b222b
dd79dd79
22582258
dd4ddd4d
22842284
dd20dd20
22b022b0
dcf3dcf3
22dd22dd
dcc6dcc6
23092309
dc99dc99
23362336
dc6cdc6c
23632363
dc3fdc3f
238f238f
dc12dc12
23bc23bc
dbe5dbe5
23ea23ea
dbb8dbb8
24162416
db8adb8a
24432443
db5ddb5d
24712471
db30db30
249d249d
db02db02
24cb24cb
dad4dad4
24f724f7
daa7daa7
25252525
da79da79
25532553
da4bda4b
25802580
da1dda1d
25ae25ae
d9efd9ef
25dc25dc
d9c1d9c1
26092609
d993d993
26372637
d965d965
26652665
d937d937
26922692
d909d909
26c026c0
d8dbd8db
26ef26ef
d8acd8ac
271c271c
d87ed87e
274a274a
d84fd84f
27782778
d821d821
27a627a6
d7f2d7f2
27d527d5
d7c4d7c4
28032803
d795d795
28312831
d766d766
28602860
d737d737
288e288e
d709d709
28bd28bd
d6dad6da
28ec28ec
d6abd6ab
291a291a
d67cd67c
29492949
d64cd64c
29772977
d61dd61d
29a629a6
d5eed5ee
29d529d5
d5bfd5bf
2a042a04
d590d590
2a332a33
d560d560
2a622a62
d531d531
2a912a91
d501d501
2ac02ac0
d4d2d4d2
2aef2aef
d4a2d4a2
2b1e2b1e
d473d473
2b4e2b4e
d443d443
2b7d2b7d
d413d413
2bad2bad
d3e4d3e4
2bdc2bdc
d3b4d3b4
2c0b2c0b
d384d384
2c3b2c3b
d354d354
2c6a2c6a
d324d324
2c9a2c9a
d2f4d2f4
2cca2cca
d2c4d2c4
2cf92cf9
d294d294
2d292d29
d264d264
2d592d59
d234d234
2d882d88
d204d204
2db92db9
d1d3d1d3
2de82de8
d1a3d1a3
2e182e18
d173d173
2e492e49
d142d142
2e782e78
d112d112
2ea82ea8
d0e1d0e1
2ed92ed9
d0b1d0b1
2f082f08
d080d080
2f392f39
d050d050
2f692f69
d01fd01f
2f992f99
cfeecfee
2fca2fca
cfbecfbe
2ffa2ffa
cf8dcf8d
302a302a
cf5ccf5c
305b305b
cf2bcf2b
308b308b
cefbcefb
30bc30bc
cecaceca
30ec30ec
ce99ce99
311d311d
ce68ce68
314e314e
ce37ce37
317e317e
ce06ce06
31af31af
cdd5cdd5
31df31df
cda4cda4
32103210
cd72cd72
32413241
cd41cd41
32713271
cd10cd10
32a232a2
ccdfccdf
32d432d4
ccaeccae
33043304
cc7ccc7c
33353335
cc4bcc4b
33663366
cc1acc1a
33973397
cbe8cbe8
33c833c8
cbb7cbb7
33f933f9
cb85cb85
342a342a
cb54cb54
345b345b
cb23cb23
348c348c
caf1caf1
34be34be
cac0cac0
34ee34ee
ca8eca8e
35203520
ca5cca5c
35513551
ca2bca2b
35823582
c9f9c9f9
35b435b4
c9c7c9c7
35e435e4
c996c996
36163616
c964c964
36483648
c932c932
36793679
c901c901
36aa36aa
c8cfc8cf
36db36db
c89dc89d
370d370d
c86bc86b
373f373f
c839c839
37703770
c807c807
37a137a1
c7d6c7d6
37d237d2
c7a4c7a4
38043804
c772c772
38363836
c740c740
38673867
c70ec70e
38993899
c6dcc6dc
38cb38cb
c6aac6aa
38fc38fc
c678c678
392e392e
c646c646
395f395f
c614c614
39913991
c5e2c5e2
39c339c3
c5b0c5b0
39f439f4
c57ec57e
3a263a26
c54cc54c
3a573a57
c51ac51a
3a8a3a8a
c4e7c4e7
3abc3abc
c4b5c4b5
3aed3aed
c483c483
3b1f3b1f
c451c451
3b503b50
c41fc41f
3b823b82
c3edc3ed
3bb43bb4
c3bbc3bb
3be63be6
c388c388
3c183c18
c356c356
3c493c49
c324c324
3c7b3c7b
c2f2c2f2
3cad3cad
c2c0c2c0
3cdf3cdf
c28dc28d
3d113d11
c25bc25b
3d433d43
c229c229
3d743d74
c1f7c1f7
3da73da7
c1c4c1c4
3dd83dd8
c192c192
3e0a3e0a
c160c160
3e3c3e3c
c12ec12e
3e6e3e6e
c0fbc0fb
3ea03ea0
c0c9c0c9
3ed13ed1
c097c097
3f033f03
c065c065
3f363f36
c032c032
3f673f67
c000c000
3f993f99
bfcebfce
3fca3fca
bf9bbf9b
3ffd3ffd
bf69bf69
402f402f
bf37bf37
40604060
bf05bf05
40924092
bed2bed2
40c440c4
bea0bea0
40f640f6
be6ebe6e
41284128
be3cbe3c
41594159
be09be09
418c418c
bdd7bdd7
41bd41bd
bda5bda5
41ef41ef
bd73bd73
42214221
bd40bd40
42534253
bd0ebd0e
42854285
bcdcbcdc
42b742b7
bcaabcaa
42e842e8
bc78bc78
431a431a
bc45bc45
434c434c
bc13bc13
437e437e
bbe1bbe1
43b043b0
bbafbbaf
43e143e1
bb7dbb7d
44134413
bb4bbb4b
44444444
bb19bb19
44764476
bae6bae6
44a944a9
bab4bab4
44da44da
ba82ba82
450c450c
ba50ba50
453d453d
ba1eba1e
456f456f
b9ecb9ec
45a145a1
b9bab9ba
45d245d2
b988b988
46044604
b956b956
46354635
b924b924
46674667
b8f2b8f2
46994699
b8c0b8c0
46ca46ca
b88eb88e
46fc46fc
b85cb85c
472e472e
b82ab82a
475f475f
b7f9b7f9
47904790
b7c7b7c7
47c147c1
b795b795
47f347f3
b763b763
48254825
b731b731
48564856
b6ffb6ff
48874887
b6ceb6ce
48b848b8
b69cb69c
48ea48ea
b66ab66a
491c491c
b639b639
494c494c
b607b607
497e497e
b5d5b5d5
49af49af
b5a4b5a4
49e049e0
b572b572
4a124a12
b540b540
4a424a42
b50fb50f
4a744a74
b4ddb4dd
4aa54aa5
b4acb4ac
4ad64ad6
b47bb47b
4b074b07
b449b449
4b384b38
b418b418
4b694b69
b3e6b3e6
4b9a4b9a
b3b5b3b5
4bcb4bcb
b384b384
4bfc4bfc
b352b352
4c2c4c2c
b321b321
4c5e4c5e
b2f0b2f0
4c8f4c8f
b2bfb2bf
4cbf4cbf
b28eb28e
4cf04cf0
b25cb25c
4d214d21
b22bb22b
4d514d51
b1fab1fa
4d824d82
b1c9b1c9
4db24db2
b198b198
4de34de3
b167b167
4e144e14
b136b136
4e444e44
b105b105
4e754e75
b0d5b0d5
4ea54ea5
b0a4b0a4
4ed64ed6
b073b073
4f064f06
b042b042
4f364f36
b012b012
4f674f67
afe1afe1
4f974f97
afb0afb0
4fc74fc7
af80af80
4ff84ff8
af4faf4f
50275027
af1faf1f
50585058
aeeeaeee
50885088
aebeaebe
50b750b7
ae8dae8d
50e850e8
ae5dae5d
51185118
ae2dae2d
51475147
adfcadfc
51785178
adccadcc
51a751a7
ad9cad9c
51d751d7
ad6cad6c
52075207
ad3cad3c
52365236
ad0cad0c
52665266
acdcacdc
52965296
acacacac
52c552c5
ac7cac7c
52f552f5
ac4cac4c
53245324
ac1cac1c
53535353
abedabed
53835383
abbdabbd
53b253b2
ab8dab8d
53e253e2
ab5eab5e
54115411
ab2eab2e
54405440
aaffaaff
546f546f
aacfaacf
549e549e
aaa0aaa0
54cd54cd
aa70aa70
54fc54fc
aa41aa41
552b552b
aa12aa12
555a555a
a9e3a9e3
55895589
a9b4a9b4
55b755b7
a984a984
55e655e6
a955a955
56145614
a926a926
56435643
a8f7a8f7
56725672
a8c9a8c9
56a056a0
a89aa89a
56cf56cf
a86ba86b
56fd56fd
a83ca83c
572b572b
a80ea80e
575a575a
a7dfa7df
57885788
a7b1a7b1
57b657b6
a782a782
57e457e4
a754a754
58115811
a725a725
58405840
a6f7a6f7
586e586e
a6c9a6c9
589b589b
a69ba69b
58c958c9
a66da66d
58f758f7
a63fa63f
59245924
a611a611
59525952
a5e3a5e3
59805980
a5b5a5b5
59ad59ad
a587a587
59db59db
a559a559
5a095a09
a52ca52c
5a355a35
a4fea4fe
5a635a63
a4d0a4d0
5a8f5a8f
a4a3a4a3
5abd5abd
a476a476
5aea5aea
a448a448
5b165b16
a41ba41b
5b445b44
a3eea3ee
5b715b71
a3c1a3c1
5b9d5b9d
a394a394
5bca5bca
a367a367
5bf75bf7
a33aa33a
5c235c23
a30da30d
5c505c50
a2e0a2e0
5c7c5c7c
a2b3a2b3
5ca85ca8
a287a287
5cd55cd5
a25aa25a
5d015d01
a22da22d
5d2d5d2d
a201a201
5d595d59
a1d5a1d5
5d855d85
a1a8a1a8
5db15db1
a17ca17c
5ddd5ddd
a150a150
5e085e08
a124a124
5e345e34
a0f8a0f8
5e605e60
a0cca0cc
5e8b5e8b
a0a0a0a0
5eb75eb7
a074a074
5ee35ee3
a049a049
5f0d5f0d
a01da01d
5f395f39
9ff19ff1
5f645f64
9fc69fc6
5f8f5f8f
9f9b9f9b
5fba5fba
9f6f9f6f
5fe55fe5
9f449f44
600f600f
9f199f19
603b603b
9eee9eee
60666066
9ec39ec3
60906090
9e989e98
60ba60ba
9e6d9e6d
60e560e5
9e429e42
610f610f
9e189e18
613a613a
9ded9ded
61646164
9dc39dc3
618e618e
9d989d98
61b861b8
9d6e9d6e
61e261e2
9d449d44
620c620c
9d199d19
62366236
9cef9cef
62606260
9cc59cc5
62896289
9c9b9c9b
62b362b3
9c729c72
62dc62dc
9c489c48
63056305
9c1e9c1e
632f632f
9bf59bf5
63586358
9bcb9bcb
63816381
9ba29ba2
63aa63aa
9b789b78
63d363d3
9b4f9b4f
63fb63fb
9b269b26
64256425
9afd9afd
644e644e
9ad49ad4
64766476
9aab9aab
649e649e
9a829a82
64c764c7
9a5a9a5a
64f064f0
9a319a31
65176517
9a089a08
65406540
99e099e0
65686568
99b899b8
658f658f
998f998f
65b865b8
99679967
65e065e0
993f993f
66076607
99179917
662f662f
98ef98ef
66566656
98c898c8
667d667d
98a098a0
66a566a5
98789878
66cc66cc
98519851
66f366f3
982a982a
671a671a
98029802
67416741
97db97db
67686768
97b497b4
678f678f
978d978d
67b567b5
97669766
67dc67dc
973f973f
68026802
97199719
68296829
96f296f2
684f684f
96cb96cb
68756875
96a596a5
689b689b
967f967f
68c168c1
96599659
68e868e8
96329632
690d690d
960c960c
69336933
95e695e6
69586958
95c195c1
697d697d
959b959b
69a369a3
95759575
69c869c8
95509550
69ed69ed
952a952a
6a126a12
95059505
6a376a37
94e094e0
6a5d6a5d
94bb94bb
6a816a81
94969496
6aa66aa6
94719471
6aca6aca
944c944c
6aee6aee
94289428
6b136b13
94039403
6b376b37
93df93df
6b5c6b5c
93ba93ba
6b7f6b7f
93969396
6ba36ba3
93729372
6bc76bc7
934e934e
6bea6bea
932a932a
6c0e6c0e
93069306
6c326c32
92e292e2
6c556c55
92bf92bf
6c786c78
929b929b
6c9b6c9b
92789278
6cbf6cbf
92559255
6ce26ce2
92319231
6d046d04
920e920e
6d276d27
91eb91eb
6d4a6d4a
91c991c9
6d6c6d6c
91a691a6
6d8e6d8e
91839183
6db16db1
91619161
6dd36dd3
913e913e
6df56df5
911c911c
6e176e17
90fa90fa
6e396e39
90d890d8
6e5b6e5b
90b690b6
6e7c6e7c
90949094
6e9e6e9e
90739073
6ebf6ebf
90519051
6ee16ee1
90309030
6f016f01
900e900e
6f226f22
8fed8fed
6f446f44
8fcc8fcc
6f646f64
8fab8fab
6f856f85
8f8a8f8a
6fa66fa6
8f698f69
6fc66fc6
8f488f48
6fe66fe6
8f288f28
70067006
8f078f07
70277027
8ee78ee7
70477047
8ec78ec7
70667066
8ea78ea7
70867086
8e878e87
70a670a6
8e678e67
70c670c6
8e478e47
70e470e4
8e288e28
71047104
8e088e08
71237123
8de98de9
71437143
8dca8dca
71617161
8dab8dab
71807180
8d8c8d8c
719f719f
8d6d8d6d
71be71be
8d4e8d4e
71db71db
8d308d30
71fa71fa
8d118d11
72187218
8cf38cf3
72377237
8cd48cd4
72557255
8cb68cb6
72727272
8c988c98
72907290
8c7a8c7a
72ae72ae
8c5d8c5d
72cb72cb
8c3f8c3f
72e872e8
8c218c21
73057305
8c048c04
73237323
8be78be7
73407340
8bca8bca
735c735c
8bad8bad
73797379
8b908b90
73967396
8b738b73
73b273b2
8b568b56
73cf73cf
8b3a8b3a
73ea73ea
8b1e8b1e
74077407
8b018b01
74237423
8ae58ae5
743f743f
8ac98ac9
745a745a
8aad8aad
74767476
8a928a92
74917491
8a768a76
74ad74ad
8a5b8a5b
74c874c8
8a3f8a3f
74e274e2
8a248a24
74fe74fe
8a098a09
75197519
89ee89ee
75347534
89d389d3
754e754e
89b889b8
75687568
899e899e
75827582
89838983
759d759d
89698969
75b775b7
894f894f
75d175d1
89358935
75ea75ea
891b891b
76047604
89018901
761e761e
88e888e8
76377637
88ce88ce
76517651
88b588b5
76697669
889b889b
76827682
88828882
769b769b
88698869
76b476b4
88508850
76cd76cd
88388838
76e576e5
881f881f
76fd76fd
88078807
77157715
87ee87ee
772e772e
87d687d6
77467746
87be87be
775d775d
87a687a6
77757775
878f878f
778c778c
87778777
77a477a4
875f875f
77bb77bb
87488748
77d177d1
87318731
77e977e9
871a871a
78007800
87038703
78177817
86ec86ec
782d782d
86d586d5
78447844
86bf86bf
78597859
86a886a8
78707870
86928692
78867886
867c867c
789c789c
86668666
78b278b2
86508650
78c878c8
863b863b
78dc78dc
86258625
78f278f2
86108610
79077907
85fa85fa
791c791c
85e585e5
79317931
85d085d0
79467946
85bb85bb
795a795a
85a785a7
796f796f
85928592
79837983
857e857e
79987998
85698569
79ac79ac
85558555
79c079c0
85418541
79d379d3
852d852d
79e779e7
851a851a
79fa79fa
85068506
7a0e7a0e
84f284f2
7a217a21
84df84df
7a347a34
84cc84cc
7a487a48
84b984b9
7a597a59
84a684a6
7a6c7a6c
84938493
7a7f7a7f
84818481
7a917a91
846e846e
7aa47aa4
845c845c
7ab67ab6
844a844a
7ac87ac8
84388438
7ad97ad9
84268426
7aeb7aeb
84148414
7afd7afd
84038403
7b0e7b0e
83f183f1
7b1f7b1f
83e083e0
7b317b31
83cf83cf
7b427b42
83be83be
7b527b52
83ad83ad
7b627b62
839c839c
7b737b73
838c838c
7b847b84
837b837b
7b947b94
836b836b
7ba47ba4
835b835b
7bb47bb4
834b834b
7bc47bc4
833b833b
7bd37bd3
832b832b
7be37be3
831c831c
7bf27bf2
830c830c
7c017c01
82fd82fd
7c117c11
82ee82ee
7c207c20
82df82df
7c2e7c2e
82d082d0
7c3d7c3d
82c182c1
7c4b7c4b
82b382b3
7c597c59
82a582a5
7c687c68
82968296
7c767c76
82888288
7c847c84
827a827a
7c927c92
826d826d
7c9f7c9f
825f825f
7cad7cad
82518251
7cba7cba
82448244
7cc67cc6
82378237
7cd47cd4
822a822a
7ce17ce1
821d821d
7ced7ced
82108210
7cfa7cfa
82048204
7d077d07
81f781f7
7d137d13
81eb81eb
7d1f7d1f
81df81df
7d2b7d2b
81d381d3
7d377d37
81c781c7
7d437d43
81bb81bb
7d4d7d4d
81b081b0
7d597d59
81a481a4
7d647d64
81998199
7d6f7d6f
818e818e
7d7a7d7a
81838183
7d857d85
81788178
7d907d90
816e816e
7d9b7d9b
81638163
7da57da5
81598159
7daf7daf
814f814f
7db97db9
81458145
7dc37dc3
813b813b
7dcc7dcc
81318131
7dd67dd6
81288128
7ddf7ddf
811e811e
7de97de9
81158115
7df27df2
810c810c
7dfb7dfb
81038103
7e047e04
80fa80fa
7e0c7e0c
80f180f1
7e157e15
80e980e9
7e1e7e1e
80e080e0
7e267e26
80d880d8
7e2e7e2e
80d080d0
7e367e36
80c880c8
7e3e7e3e
80c080c0
7e447e44
80b980b9
7e4c7e4c
80b180b1
7e537e53
80aa80aa
7e5b7e5b
80a380a3
7e627e62
809c809c
7e697e69
80958095
7e6f7e6f
808e808e
7e767e76
80888088
7e7c7e7c
80818081
7e837e83
807b807b
7e897e89
80758075
7e8f7e8f
806f806f
7e957e95
80698069
7e9a7e9a
80648064
7ea07ea0
805e805e
7ea57ea5
80598059
7eab7eab
80548054
7eb07eb0
804f804f
7eb57eb5
804a804a
7eb97eb9
80458045
7ebe7ebe
80418041
7ec17ec1
803c803c
7ec67ec6
80388038
7eca7eca
80348034
7ece7ece
80308030
7ed27ed2
802c802c
7ed57ed5
80298029
7ed97ed9
80258025
7edc7edc
80228022
7ee07ee0
801f801f
7ee37ee3
801c801c
7ee67ee6
80198019
7ee87ee8
80168016
7eeb7eeb
80148014
7eed7eed
80118011
7ef07ef0
800f800f
7ef27ef2
800d800d
7ef47ef4
800b800b
7ef67ef6
80098009
7ef77ef7
80088008
7ef97ef9
80068006
7efa7efa
80058005
7efc7efc
80048004
7efd7efd
80038003
7efe7efe
80028002
7efe7efe
80018001
7eff7eff
80018001
7f007f00
80008000
7f007f00
80008000
7f007f00
80008000
7f007f00
80008000
7f007f00
80008000
7f007f00
80018001
7eff7eff
80018001
7efe7efe
80028002
7efe7efe
80038003
7efd7efd
80048004
7efc7efc
80058005
7efa7efa
80068006
7ef97ef9
80088008
7ef77ef7
80098009
7ef67ef6
800b800b
7ef47ef4
800d800d
7ef27ef2
800f800f
7ef07ef0
80118011
7eed7eed
80148014
7eeb7eeb
80168016
7ee87ee8
80198019
7ee67ee6
801c801c
7ee37ee3
801f801f
7ee07ee0
80228022
7edc7edc
80258025
7ed97ed9
80298029
7ed57ed5
802c802c
7ed27ed2
80308030
7ece7ece
80348034
7eca7eca
80388038
7ec67ec6
803c803c
7ec17ec1
80418041
7ebe7ebe
80458045
7eb97eb9
804a804a
7eb57eb5
804f804f
7eb07eb0
80548054
7eab7eab
80598059
7ea57ea5
805e805e
7ea07ea0
80648064
7e9a7e9a
80698069
7e957e95
806f806f
7e8f7e8f
80758075
7e897e89
807b807b
7e837e83
80818081
7e7c7e7c
80888088
7e767e76
808e808e
7e6f7e6f
80958095
7e697e69
809c809c
7e627e62
80a380a3
7e5b7e5b
80aa80aa
7e537e53
80b180b1
7e4c7e4c
80b980b9
7e447e44
80c080c0
7e3e7e3e
80c880c8
7e367e36
80d080d0
7e2e7e2e
80d880d8
7e267e26
80e080e0
7e1e7e1e
80e980e9
7e157e15
80f180f1
7e0c7e0c
80fa80fa
7e047e04
81038103
7dfb7dfb
810c810c
7df27df2
81158115
7de97de9
811e811e
7ddf7ddf
81288128
7dd67dd6
81318131
7dcc7dcc
813b813b
7dc37dc3
81458145
7db97db9
814f814f
7daf7daf
81598159
7da57da5
81638163
7d9b7d9b
816e816e
7d907d90
81788178
7d857d85
81838183
7d7a7d7a
818e818e
7d6f7d6f
81998199
7d647d64
81a481a4
7d597d59
81b081b0
7d4d7d4d
81bb81bb
7d437d43
81c781c7
7d377d37
81d381d3
7d2b7d2b
81df81df
7d1f7d1f
81eb81eb
7d137d13
81f781f7
7d077d07
82048204
7cfa7cfa
82108210
7ced7ced
821d821d
7ce17ce1
822a822a
7cd47cd4
82378237
7cc67cc6
82448244
7cba7cba
82518251
7cad7cad
825f825f
7c9f7c9f
826d826d
7c927c92
827a827a
7c847c84
82888288
7c767c76
82968296
7c687c68
82a582a5
7c597c59
82b382b3
7c4b7c4b
82c182c1
7c3d7c3d
82d082d0
7c2e7c2e
82df82df
7c207c20
82ee82ee
7c117c11
82fd82fd
7c017c01
830c830c
7bf27bf2
831c831c
7be37be3
832b832b
7bd37bd3
833b833b
7bc47bc4
834b834b
7bb47bb4
835b835b
7ba47ba4
836b836b
7b947b94
837b837b
7b847b84
838c838c
7b737b73
839c839c
7b627b62
83ad83ad
7b527b52
83be83be
7b427b42
83cf83cf
7b317b31
83e083e0
7b1f7b1f
83f183f1
7b0e7b0e
84038403
7afd7afd
84148414
7aeb7aeb
84268426
7ad97ad9
84388438
7ac87ac8
844a844a
7ab67ab6
845c845c
7aa47aa4
846e846e
7a917a91
84818481
7a7f7a7f
84938493
7a6c7a6c
84a684a6
7a597a59
84b984b9
7a487a48
84cc84cc
7a347a34
84df84df
7a217a21
84f284f2
7a0e7a0e
85068506
79fa79fa
851a851a
79e779e7
852d852d
79d379d3
85418541
79c079c0
85558555
79ac79ac
85698569
79987998
857e857e
79837983
85928592
796f796f
85a785a7
795a795a
85bb85bb
79467946
85d085d0
79317931
85e585e5
791c791c
85fa85fa
79077907
86108610
78f278f2
86258625
78dc78dc
863b863b
78c878c8
86508650
78b278b2
86668666
789c789c
867c867c
78867886
86928692
78707870
86a886a8
78597859
86bf86bf
78447844
86d586d5
782d782d
86ec86ec
78177817
87038703
78007800
871a871a
77e977e9
87318731
77d177d1
87488748
77bb77bb
875f875f
77a477a4
87778777
778c778c
878f878f
77757775
87a687a6
775d775d
87be87be
77467746
87d687d6
772e772e
87ee87ee
77157715
88078807
76fd76fd
881f881f
76e576e5
88388838
76cd76cd
88508850
76b476b4
88698869
769b769b
88828882
76827682
889b889b
76697669
88b588b5
76517651
88ce88ce
76377637
88e888e8
761e761e
89018901
76047604
891b891b
75ea75ea
89358935
75d175d1
894f894f
75b775b7
89698969
759d759d
89838983
75827582
899e899e
75687568
89b889b8
754e754e
89d389d3
75347534
89ee89ee
75197519
8a098a09
74fe74fe
8a248a24
74e274e2
8a3f8a3f
74c874c8
8a5b8a5b
74ad74ad
8a768a76
74917491
8a928a92
74767476
8aad8aad
745a745a
8ac98ac9
743f743f
8ae58ae5
74237423
8b018b01
74077407
8b1e8b1e
73ea73ea
8b3a8b3a
73cf73cf
8b568b56
73b273b2
8b738b73
73967396
8b908b90
73797379
8bad8bad
735c735c
8bca8bca
73407340
8be78be7
73237323
8c048c04
73057305
8c218c21
72e872e8
8c3f8c3f
72cb72cb
8c5d8c5d
72ae72ae
8c7a8c7a
72907290
8c988c98
72727272
8cb68cb6
72557255
8cd48cd4
72377237
8cf38cf3
72187218
8d118d11
71fa71fa
8d308d30
71db71db
8d4e8d4e
71be71be
8d6d8d6d
719f719f
8d8c8d8c
71807180
8dab8dab
71617161
8dca8dca
71437143
8de98de9
71237123
8e088e08
71047104
8e288e28
70e470e4
8e478e47
70c670c6
8e678e67
70a670a6
8e878e87
70867086
8ea78ea7
70667066
8ec78ec7
70477047
8ee78ee7
70277027
8f078f07
70067006
8f288f28
6fe66fe6
8f488f48
6fc66fc6
8f698f69
6fa66fa6
8f8a8f8a
6f856f85
8fab8fab
6f646f64
8fcc8fcc
6f446f44
8fed8fed
6f226f22
900e900e
6f016f01
90309030
6ee16ee1
90519051
6ebf6ebf
90739073
6e9e6e9e
90949094
6e7c6e7c
90b690b6
6e5b6e5b
90d890d8
6e396e39
90fa90fa
6e176e17
911c911c
6df56df5
913e913e
6dd36dd3
91619161
6db16db1
91839183
6d8e6d8e
91a691a6
6d6c6d6c
91c991c9
6d4a6d4a
91eb91eb
6d276d27
920e920e
6d046d04
92319231
6ce26ce2
92559255
6cbf6cbf
92789278
6c9b6c9b
929b929b
6c786c78
92bf92bf
6c556c55
92e292e2
6c326c32
93069306
6c0e6c0e
932a932a
6bea6bea
934e934e
6bc76bc7
93729372
6ba36ba3
93969396
6b7f6b7f
93ba93ba
6b5c6b5c
93df93df
6b376b37
94039403
6b136b13
94289428
6aee6aee
944c944c
6aca6aca
94719471
6aa66aa6
94969496
6a816a81
94bb94bb
6a5d6a5d
94e094e0
6a376a37
95059505
6a126a12
952a952a
69ed69ed
95509550
69c869c8
95759575
69a369a3
959b959b
697d697d
95c195c1
69586958
95e695e6
69336933
960c960c
690d690d
96329632
68e868e8
96599659
68c168c1
967f967f
689b689b
96a596a5
68756875
96cb96cb
684f684f
96f296f2
68296829
97199719
68026802
973f973f
67dc67dc
97669766
67b567b5
978d978d
678f678f
97b497b4
67686768
97db97db
67416741
98029802
671a671a
982a982a
66f366f3
98519851
66cc66cc
98789878
66a566a5
98a098a0
667d667d
98c898c8
66566656
98ef98ef
662f662f
99179917
66076607
993f993f
65e065e0
99679967
65b865b8
998f998f
658f658f
99b899b8
65686568
99e099e0
65406540
9a089a08
65176517
9a319a31
64f064f0
9a5a9a5a
64c764c7
9a829a82
649e649e
9aab9aab
64766476
9ad49ad4
644e644e
9afd9afd
64256425
9b269b26
63fb63fb
9b4f9b4f
63d363d3
9b789b78
63aa63aa
9ba29ba2
63816381
9bcb9bcb
63586358
9bf59bf5
632f632f
9c1e9c1e
63056305
9c489c48
62dc62dc
9c729c72
62b362b3
9c9b9c9b
62896289
9cc59cc5
62606260
9cef9cef
62366236
9d199d19
620c620c
9d449d44
61e261e2
9d6e9d6e
61b861b8
9d989d98
618e618e
9dc39dc3
61646164
9ded9ded
613a613a
9e189e18
610f610f
9e429e42
60e560e5
9e6d9e6d
60ba60ba
9e989e98
60906090
9ec39ec3
60666066
9eee9eee
603b603b
9f199f19
600f600f
9f449f44
5fe55fe5
9f6f9f6f
5fba5fba
9f9b9f9b
5f8f5f8f
9fc69fc6
5f645f64
9ff19ff1
5f395f39
a01da01d
5f0d5f0d
a049a049
5ee35ee3
a074a074
5eb75eb7
a0a0a0a0
5e8b5e8b
a0cca0cc
5e605e60
a0f8a0f8
5e345e34
a124a124
5e085e08
a150a150
5ddd5ddd
a17ca17c
5db15db1
a1a8a1a8
5d855d85
a1d5a1d5
5d595d59
a201a201
5d2d5d2d
a22da22d
5d015d01
a25aa25a
5cd55cd5
a287a287
5ca85ca8
a2b3a2b3
5c7c5c7c
a2e0a2e0
5c505c50
a30da30d
5c235c23
a33aa33a
5bf75bf7
a367a367
5bca5bca
a394a394
5b9d5b9d
a3c1a3c1
5b715b71
a3eea3ee
5b445b44
a41ba41b
5b165b16
a448a448
5aea5aea
a476a476
5abd5abd
a4a3a4a3
5a8f5a8f
a4d0a4d0
5a635a63
a4fea4fe
5a355a35
a52ca52c
5a095a09
a559a559
59db59db
a587a587
59ad59ad
a5b5a5b5
59805980
a5e3a5e3
59525952
a611a611
59245924
a63fa63f
58f758f7
a66da66d
58c958c9
a69ba69b
589b589b
a6c9a6c9
586e586e
a6f7a6f7
58405840
a725a725
58115811
a754a754
57e457e4
a782a782
57b657b6
a7b1a7b1
57885788
a7dfa7df
575a575a
a80ea80e
572b572b
a83ca83c
56fd56fd
a86ba86b
56cf56cf
a89aa89a
56a056a0
a8c9a8c9
56725672
a8f7a8f7
56435643
a926a926
56145614
a955a955
55e655e6
a984a984
55b755b7
a9b4a9b4
55895589
a9e3a9e3
555a555a
aa12aa12
552b552b
aa41aa41
54fc54fc
aa70aa70
54cd54cd
aaa0aaa0
549e549e
aacfaacf
546f546f
aaffaaff
54405440
ab2eab2e
54115411
ab5eab5e
53e253e2
ab8dab8d
53b253b2
abbdabbd
53835383
abedabed
53535353
ac1cac1c
53245324
ac4cac4c
52f552f5
ac7cac7c
52c552c5
acacacac
52965296
acdcacdc
52665266
ad0cad0c
52365236
ad3cad3c
52075207
ad6cad6c
51d751d7
ad9cad9c
51a751a7
adccadcc
51785178
adfcadfc
51475147
ae2dae2d
51185118
ae5dae5d
50e850e8
ae8dae8d
50b750b7
aebeaebe
50885088
aeeeaeee
50585058
af1faf1f
50275027
af4faf4f
4ff84ff8
af80af80
4fc74fc7
afb0afb0
4f974f97
afe1afe1
4f674f67
b012b012
4f364f36
b042b042
4f064f06
b073b073
4ed64ed6
b0a4b0a4
4ea54ea5
b0d5b0d5
4e754e75
b105b105
4e444e44
b136b136
4e144e14
b167b167
4de34de3
b198b198
4db24db2
b1c9b1c9
4d824d82
b1fab1fa
4d514d51
b22bb22b
4d214d21
b25cb25c
4cf04cf0
b28eb28e
4cbf4cbf
b2bfb2bf
4c8f4c8f
b2f0b2f0
4c5e4c5e
b321b321
4c2c4c2c
b352b352
4bfc4bfc
b384b384
4bcb4bcb
b3b5b3b5
4b9a4b9a
b3e6b3e6
4b694b69
b418b418
4b384b38
b449b449
4b074b07
b47bb47b
4ad64ad6
b4acb4ac
4aa54aa5
b4ddb4dd
4a744a74
b50fb50f
4a424a42
b540b540
4a124a12
b572b572
49e049e0
b5a4b5a4
49af49af
b5d5b5d5
497e497e
b607b607
494c494c
b639b639
491c491c
b66ab66a
48ea48ea
b69cb69c
48b848b8
b6ceb6ce
48874887
b6ffb6ff
48564856
b731b731
48254825
b763b763
47f347f3
b795b795
47c147c1
b7c7b7c7
47904790
b7f9b7f9
475f475f
b82ab82a
472e472e
b85cb85c
46fc46fc
b88eb88e
46ca46ca
b8c0b8c0
46994699
b8f2b8f2
46674667
b924b924
46354635
b956b956
46044604
b988b988
45d245d2
b9bab9ba
45a145a1
b9ecb9ec
456f456f
ba1eba1e
453d453d
ba50ba50
450c450c
ba82ba82
44da44da
bab4bab4
44a944a9
bae6bae6
44764476
bb19bb19
44444444
bb4bbb4b
44134413
bb7dbb7d
43e143e1
bbafbbaf
43b043b0
bbe1bbe1
437e437e
bc13bc13
434c434c
bc45bc45
431a431a
bc78bc78
42e842e8
bcaabcaa
42b742b7
bcdcbcdc
42854285
bd0ebd0e
42534253
bd40bd40
42214221
bd73bd73
41ef41ef
bda5bda5
41bd41bd
bdd7bdd7
418c418c
be09be09
41594159
be3cbe3c
41284128
be6ebe6e
40f640f6
bea0bea0
40c440c4
bed2bed2
40924092
bf05bf05
40604060
bf37bf37
402f402f
bf69bf69
3ffd3ffd
bf9bbf9b
3fca3fca
bfcebfce
3f993f99
c000c000
3f673f67
c032c032
3f363f36
c065c065
3f033f03
c097c097
3ed13ed1
c0c9c0c9
3ea03ea0
c0fbc0fb
3e6e3e6e
c12ec12e
3e3c3e3c
c160c160
3e0a3e0a
c192c192
3dd83dd8
c1c4c1c4
3da73da7
c1f7c1f7
3d743d74
c229c229
3d433d43
c25bc25b
3d113d11
c28dc28d
3cdf3cdf
c2c0c2c0
3cad3cad
c2f2c2f2
3c7b3c7b
c324c324
3c493c49
c356c356
3c183c18
c388c388
3be63be6
c3bbc3bb
3bb43bb4
c3edc3ed
3b823b82
c41fc41f
3b503b50
c451c451
3b1f3b1f
c483c483
3aed3aed
c4b5c4b5
3abc3abc
c4e7c4e7
3a8a3a8a
c51ac51a
3a573a57
c54cc54c
3a263a26
c57ec57e
39f439f4
c5b0c5b0
39c339c3
c5e2c5e2
39913991
c614c614
395f395f
c646c646
392e392e
c678c678
38fc38fc
c6aac6aa
38cb38cb
c6dcc6dc
38993899
c70ec70e
38673867
c740c740
38363836
c772c772
38043804
c7a4c7a4
37d237d2
c7d6c7d6
37a137a1
c807c807
37703770
c839c839
373f373f
c86bc86b
370d370d
c89dc89d
36db36db
c8cfc8cf
36aa36aa
c901c901
36793679
c932c932
36483648
c964c964
36163616
c996c996
35e435e4
c9c7c9c7
35b435b4
c9f9c9f9
35823582
ca2bca2b
35513551
ca5cca5c
35203520
ca8eca8e
34ee34ee
cac0cac0
34be34be
caf1caf1
348c348c
cb23cb23
345b345b
cb54cb54
342a342a
cb85cb85
33f933f9
cbb7cbb7
33c833c8
cbe8cbe8
33973397
cc1acc1a
33663366
cc4bcc4b
33353335
cc7ccc7c
33043304
ccaeccae
32d432d4
ccdfccdf
32a232a2
cd10cd10
32713271
cd41cd41
32413241
cd72cd72
32103210
cda4cda4
31df31df
cdd5cdd5
31af31af
ce06ce06
317e317e
ce37ce37
314e314e
ce68ce68
311d311d
ce99ce99
30ec30ec
cecaceca
30bc30bc
cefbcefb
308b308b
cf2bcf2b
305b305b
cf5ccf5c
302a302a
cf8dcf8d
2ffa2ffa
cfbecfbe
2fca2fca
cfeecfee
2f992f99
d01fd01f
2f692f69
d050d050
2f392f39
d080d080
2f082f08
d0b1d0b1
2ed92ed9
d0e1d0e1
2ea82ea8
d112d112
2e782e78
d142d142
2e492e49
d173d173
2e182e18
d1a3d1a3
2de82de8
d1d3d1d3
2db92db9
d204d204
2d882d88
d234d234
2d592d59
d264d264
2d292d29
d294d294
2cf92cf9
d2c4d2c4
2cca2cca
d2f4d2f4
2c9a2c9a
d324d324
2c6a2c6a
d354d354
2c3b2c3b
d384d384
2c0b2c0b
d3b4d3b4
2bdc2bdc
d3e4d3e4
2bad2bad
d413d413
2b7d2b7d
d443d443
2b4e2b4e
d473d473
2b1e2b1e
d4a2d4a2
2aef2aef
d4d2d4d2
2ac02ac0
d501d501
2a912a91
d531d531
2a622a62
d560d560
2a332a33
d590d590
2a042a04
d5bfd5bf
29d529d5
d5eed5ee
29a629a6
d61dd61d
29772977
d64cd64c
29492949
d67cd67c
291a291a
d6abd6ab
28ec28ec
d6dad6da
28bd28bd
d709d709
288e288e
d737d737
28602860
d766d766
28312831
d795d795
28032803
d7c4d7c4
27d527d5
d7f2d7f2
27a627a6
d821d821
27782778
d84fd84f
274a274a
d87ed87e
271c271c
d8acd8ac
26ef26ef
d8dbd8db
26c026c0
d909d909
26922692
d937d937
26652665
d965d965
26372637
d993d993
26092609
d9c1d9c1
25dc25dc
d9efd9ef
25ae25ae
da1dda1d
25802580
da4bda4b
25532553
da79da79
25252525
daa7daa7
24f724f7
dad4dad4
24cb24cb
db02db02
249d249d
db30db30
24712471
db5ddb5d
24432443
db8adb8a
24162416
dbb8dbb8
23ea23ea
dbe5dbe5
23bc23bc
dc12dc12
238f238f
dc3fdc3f
23632363
dc6cdc6c
23362336
dc99dc99
23092309
dcc6dcc6
22dd22dd
dcf3dcf3
22b022b0
dd20dd20
22842284
dd4ddd4d
22582258
dd79dd79
222b222b
dda6dda6
21ff21ff
ddd3ddd3
21d321d3
ddffddff
21a721a7
de2bde2b
217b217b
de58de58
214f214f
de84de84
21232123
deb0deb0
20f820f8
dedcdedc
20cc20cc
df08df08
20a020a0
df34df34
20752075
df60df60
20492049
df8cdf8c
201d201d
dfb7dfb7
1ff31ff3
dfe3dfe3
1fc71fc7
e00fe00f
1f9c1f9c
e03ae03a
1f711f71
e065e065
1f461f46
e091e091
1f1b1f1b
e0bce0bc
1ef11ef1
e0e7e0e7
1ec51ec5
e112e112
1e9a1e9a
e13de13d
1e701e70
e168e168
1e461e46
e193e193
1e1b1e1b
e1bee1be
1df11df1
e1e8e1e8
1dc61dc6
e213e213
1d9c1d9c
e23de23d
1d721d72
e268e268
1d481d48
e292e292
1d1e1d1e
e2bce2bc
1cf41cf4
e2e7e2e7
1cca1cca
e311e311
1ca01ca0
e33be33b
1c771c77
e365e365
1c4d1c4d
e38ee38e
1c241c24
e3b8e3b8
1bfb1bfb
e3e2e3e2
1bd11bd1
e40be40b
1ba81ba8
e435e435
1b7f1b7f
e45ee45e
1b561b56
e488e488
1b2d1b2d
e4b1e4b1
1b051b05
e4dae4da
1adb1adb
e503e503
1ab21ab2
e52ce52c
1a8a1a8a
e555e555
1a621a62
e57ee57e
1a391a39
e5a6e5a6
1a101a10
e5cfe5cf
19e919e9
e5f8e5f8
19c019c0
e620e620
19981998
e648e648
19711971
e671e671
19481948
e699e699
19201920
e6c1e6c1
18f918f9
e6e9e6e9
18d118d1
e711e711
18aa18aa
e738e738
18831883
e760e760
185b185b
e788e788
18341834
e7afe7af
180d180d
e7d6e7d6
17e617e6
e7fee7fe
17bf17bf
e825e825
17981798
e84ce84c
17711771
e873e873
174b174b
e89ae89a
17241724
e8c1e8c1
16fe16fe
e8e7e8e7
16d716d7
e90ee90e
16b116b1
e935e935
168b168b
e95be95b
16651665
e981e981
163f163f
e9a7e9a7
16181618
e9cee9ce
15f315f3
e9f4e9f4
15cd15cd
ea1aea1a
15a815a8
ea3fea3f
15831583
ea65ea65
155d155d
ea8bea8b
15381538
eab0eab0
15131513
ead6ead6
14ee14ee
eafbeafb
14c914c9
eb20eb20
14a314a3
eb45eb45
147f147f
eb6aeb6a
145a145a
eb8feb8f
14361436
ebb4ebb4
14121412
ebd8ebd8
13ed13ed
ebfdebfd
13c913c9
ec21ec21
13a413a4
ec46ec46
13811381
ec6aec6a
135d135d
ec8eec8e
13391339
ecb2ecb2
13161316
ecd6ecd6
12f212f2
ecfaecfa
12ce12ce
ed1eed1e
12ab12ab
ed41ed41
12881288
ed65ed65
12651265
ed88ed88
12411241
edabedab
121e121e
edcfedcf
11fc11fc
edf2edf2
11d911d9
ee15ee15
11b611b6
ee37ee37
11941194
ee5aee5a
11721172
ee7dee7d
114f114f
ee9fee9f
112d112d
eec2eec2
110b110b
eee4eee4
10e910e9
ef06ef06
10c710c7
ef28ef28
10a510a5
ef4aef4a
10841084
ef6cef6c
10621062
ef8def8d
10411041
efafefaf
10201020
efd0efd0
0fff0fff
eff2eff2
0fde0fde
f013f013
0fbc0fbc
f034f034
0f9c0f9c
f055f055
0f7b0f7b
f076f076
0f5a0f5a
f097f097
0f3a0f3a
f0b8f0b8
0f1a0f1a
f0d8f0d8
0efa0efa
f0f9f0f9
0ed90ed9
f119f119
0eb90eb9
f139f139
0e9a0e9a
f159f159
0e7a0e7a
f179f179
0e5a0e5a
f199f199
0e3a0e3a
f1b9f1b9
0e1c0e1c
f1d8f1d8
0dfc0dfc
f1f8f1f8
0ddd0ddd
f217f217
0dbd0dbd
f236f236
0d9f0d9f
f255f255
0d800d80
f274f274
0d610d61
f293f293
0d420d42
f2b2f2b2
0d250d25
f2d0f2d0
0d060d06
f2eff2ef
0ce80ce8
f30df30d
0cc90cc9
f32cf32c
0cab0cab
f34af34a
0c8e0c8e
f368f368
0c700c70
f386f386
0c520c52
f3a3f3a3
0c350c35
f3c1f3c1
0c180c18
f3dff3df
0bfb0bfb
f3fcf3fc
0bdd0bdd
f419f419
0bc00bc0
f436f436
0ba40ba4
f453f453
0b870b87
f470f470
0b6a0b6a
f48df48d
0b4e0b4e
f4aaf4aa
0b310b31
f4c6f4c6
0b160b16
f4e2f4e2
0af90af9
f4fff4ff
0add0add
f51bf51b
0ac10ac1
f537f537
0aa60aa6
f553f553
0a8a0a8a
f56ef56e
0a6f0a6f
f58af58a
0a530a53
f5a5f5a5
0a380a38
f5c1f5c1
0a1e0a1e
f5dcf5dc
0a020a02
f5f7f5f7
09e709e7
f612f612
09cc09cc
f62df62d
09b209b2
f648f648
09980998
f662f662
097e097e
f67df67d
09630963
f697f697
09490949
f6b1f6b1
092f092f
f6cbf6cb
09160916
f6e5f6e5
08fc08fc
f6fff6ff
08e208e2
f718f718
08c908c9
f732f732
08af08af
f74bf74b
08970897
f765f765
087e087e
f77ef77e
08650865
f797f797
084c084c
f7b0f7b0
08330833
f7c8f7c8
081b081b
f7e1f7e1
08030803
f7f9f7f9
07eb07eb
f812f812
07d207d2
f82af82a
07ba07ba
f842f842
07a307a3
f85af85a
078b078b
f871f871
07740774
f889f889
075c075c
f8a1f8a1
07450745
f8b8f8b8
072f072f
f8cff8cf
07170717
f8e6f8e6
07000700
f8fdf8fd
06e906e9
f914f914
06d306d3
f92bf92b
06bc06bc
f941f941
06a706a7
f958f958
06900690
f96ef96e
067a067a
f984f984
06640664
f99af99a
064e064e
f9b0f9b0
06380638
f9c5f9c5
06240624
f9dbf9db
060e060e
f9f0f9f0
05f905f9
fa06fa06
05e405e4
fa1bfa1b
05cf05cf
fa30fa30
05ba05ba
fa45fa45
05a605a6
fa59fa59
05910591
fa6efa6e
057d057d
fa82fa82
05680568
fa97fa97
05540554
faabfaab
05400540
fabffabf
052d052d
fad3fad3
05190519
fae6fae6
05060506
fafafafa
04f204f2
fb0efb0e
04df04df
fb21fb21
04cc04cc
fb34fb34
04b804b8
fb47fb47
04a704a7
fb5afb5a
04940494
fb6dfb6d
04810481
fb7ffb7f
046f046f
fb92fb92
045c045c
fba4fba4
044a044a
fbb6fbb6
04380438
fbc8fbc8
04270427
fbdafbda
04150415
fbecfbec
04030403
fbfdfbfd
03f203f2
fc0ffc0f
03e103e1
fc20fc20
03cf03cf
fc31fc31
03be03be
fc42fc42
03ae03ae
fc53fc53
039e039e
fc64fc64
038d038d
fc74fc74
037c037c
fc85fc85
036c036c
fc95fc95
035c035c
fca5fca5
034c034c
fcb5fcb5
033c033c
fcc5fcc5
032d032d
fcd5fcd5
031d031d
fce4fce4
030e030e
fcf4fcf4
02ff02ff
fd03fd03
02ef02ef
fd12fd12
02e002e0
fd21fd21
02d202d2
fd30fd30
02c302c3
fd3ffd3f
02b502b5
fd4dfd4d
02a702a7
fd5bfd5b
02980298
fd6afd6a
028a028a
fd78fd78
027c027c
fd86fd86
026e026e
fd93fd93
02610261
fda1fda1
02530253
fdaffdaf
02460246
fdbcfdbc
023a023a
fdc9fdc9
022c022c
fdd6fdd6
021f021f
fde3fde3
02130213
fdf0fdf0
02060206
fdfcfdfc
01f901f9
fe09fe09
01ed01ed
fe15fe15
01e101e1
fe21fe21
01d501d5
fe2dfe2d
01c901c9
fe39fe39
01bd01bd
fe45fe45
01b301b3
fe50fe50
01a701a7
fe5cfe5c
019c019c
fe67fe67
01910191
fe72fe72
01860186
fe7dfe7d
017b017b
fe88fe88
01700170
fe92fe92
01650165
fe9dfe9d
015b015b
fea7fea7
01510151
feb1feb1
01470147
febbfebb
013e013e
fec5fec5
01340134
fecffecf
012a012a
fed8fed8
01210121
fee2fee2
01170117
feebfeeb
010e010e
fef4fef4
01050105
fefdfefd
00fc00fc
ff06ff06
00f400f4
ff0fff0f
00eb00eb
ff17ff17
00e200e2
ff20ff20
00da00da
ff28ff28
00d200d2
ff30ff30
00ca00ca
ff38ff38
00c200c2
ff40ff40
00bc00bc
ff47ff47
00b400b4
ff4fff4f
00ad00ad
ff56ff56
00a500a5
ff5dff5d
009e009e
ff64ff64
00970097
ff6bff6b
00910091
ff72ff72
008a008a
ff78ff78
00840084
ff7fff7f
007d007d
ff85ff85
00770077
ff8bff8b
00710071
ff91ff91
006b006b
ff97ff97
00660066
ff9cff9c
00600060
ffa2ffa2
005b005b
ffa7ffa7
00550055
ffacffac
00500050
ffb1ffb1
004b004b
ffb6ffb6
00470047
ffbbffbb
00420042
ffbfffbf
003f003f
ffc4ffc4
003a003a
ffc8ffc8
00360036
ffccffcc
00320032
ffd0ffd0
002e002e
ffd4ffd4
002b002b
ffd7ffd7
00270027
ffdbffdb
00240024
ffdeffde
00200020
ffe1ffe1
001d001d
ffe4ffe4
001a001a
ffe7ffe7
00180018
ffeaffea
00150015
ffecffec
00130013
ffefffef
00100010
fff1fff1
000e000e
fff3fff3
000c000c
fff5fff5
000a000a
fff7fff7
00090009
fff8fff8
00070007
fffafffa
00060006
fffbfffb
00040004
fffcfffc
00030003
fffdfffd
00020002
fffefffe
00020002
ffffffff
00010001
ffffffff
00000000
00000000
00000000
00000000
00000000
00000000
00000000
00000000
00000000
00000000
00000000
00000000
00000000
00000000
00000000
00000000
00000000
00000000
00000000
00000000
00000000
00000000
00000000
00000000
00000000
00000000
00000000
00000000
00000000
00000000
00000000
00000000
00000000
00000000
00000000
00000000
00000000
00000000
00000000
00000000
00000000
00000000
00000000
00000000
00000000
00000000
00000000
00000000
00000000
00000000
00000000
00000000
00000000
00000000
00000000
00000000
00000000
00000000
00000000
00000000
00000000
00000000
00000000
00000000
00000000
00000000
00000000
00000000
00000000
00000000
00000000
00000000
00000000
00000000
00000000
00000000
00000000
00000000
00000000
00000000
00000000
00000000
00000000
00000000
00000000
00000000
00000000
00000000
00000000
00000000
00000000
00000000
00000000
00000000
00000000
00000000
00000000
00000000
00000000
00000000
00000000
00000000
00000000
00000000
00000000
00000000
00000000
00000000
00000000
00000000
00000000
00000000
00000000
00000000
00000000
00000000
00000000
00000000
00000000
00000000
00000000
00000000
00000000
00000000
00000000
00000000
00000000
00000000
00000000
00000000
00000000
00000000
00000000
00000000
00000000
00000000
00000000
00000000
00000000
00000000
00000000
00000000
fe98fe98
00000000
00000000
00000000
00000000
00000000
00000000
00000000
00000000
00000000
00000000
00000000
00000000
00000000
00000000
00000000
00000000
00000000
00000000
00000000
00000000
00000000
00000000
00000000
00000000
00000000
00000000
00000000
00000000
00000000
00000000
00000000
00000000
00000000
00000000
00000000
00000000
00000000
00000000
00000000
00000000
00000000
00000000
00000000
00000000
00000000
00000000
00000000
00000000
00000000
00000000
00000000
00000000
00000000
00000000
00000000
00000000
00000000
00000000
00000000
00000000
00000000
00000000
00000000
00000000
00000000
00000000
00000000
00000000
00000000
00000000
00000000
00000000
00000000
00000000
00000000
00000000
00000000
00000000
00000000
00000000
00000000
00000000
00000000
00000000
00000000
00000000
00000000
00000000
00000000
00000000
00000000
00000000
00000000
00000000
00000000
00000000
00000000
00000000
00000000
00000000
00000000
00000000
00000000
00000000
00000000
00000000
00000000
00000000
00000000
00000000
00000000
00000000
00000000
00000000
00000000
00000000
00000000
00000000
00000000
00000000
00000000
00000000
00000000
00000000
00000000
00000000
00000000
00000000
00000000
00000000
00000000
00000000
00000000
00000000
00000000
00000000
00000000
00000000
00000000
00000000
00000000
00000000
00000000
00000000
00000000
00000000
00000000
00000000
00000000
00000000
00000000
00000000
00000000
00000000
00000000
00000000
00000000
00000000
00000000
00000000
00000000
00000000
00000000
00000000
00000000
00000000
00000000
00000000
00000000
00000000
00000000
00000000
00000000
00000000
00000000
00000000
00000000
00000000
00000000
00000000
00000000
00000000
00000000
00000000
00000000
00000000
00000000
00000000
00000000
00000000
00000000
00000000
00000000
00000000
00000000
00000000
00000000
00000000
00000000
00000000
00000000
00000000
00000000
00000000
00000000
00000000
00000000
00000000
00000000
00000000
00000000
00000000
00000000
00000000
00000000
00000000
00000000
00000000
00000000
00000000
00000000
00000000
00000000
00000000
00000000
00000000
00000000
00000000
00000000
00000000
00000000
00000000
00000000
00000000
00000000
00000000
00000000
00000000
00000000
00000000
00000000
00000000
00000000
00000000
00000000
00000000
00000000
00000000
00000000
00000000
00000000
00000000
00000000
00000000
00000000
00000000
00000000
00000000
00000000
00000000
00000000
00000000
00000000
00000000
00000000
00000000
00000000
00000000
00000000
00000000
00000000
00000000
00000000
00000000
00000000
00000000
00000000
00000000
00000000
00000000
00000000
00000000
00000000
00000000
00000000
00000000
00000000
00000000
00000000
00000000
00000000
00000000
00000000
00000000
00000000
00000000
00000000
00000000
00000000
00000000
00000000
00000000
00000000
00000000
00000000
00000000
00000000
00000000
00000000
00000000
00000000
00000000
00000000
00000000
00000000
00000000
00000000
00000000
00000000
00000000
00000000
00000000
00000000
00000000
00000000
00000000
00000000
00000000
00000000
00000000
00000000
00000000
00000000
00000000
00000000
00000000
00000000
00000000
00000000
00000000
00000000
00000000
00000000
00000000
00000000
00000000
00000000
00000000
00000000
00000000
00000000
00000000
00000000
00000000
00000000
00000000
00000000
00000000
00000000
00000000
00000000
00000000
00000000
00000000
00000000
00000000
00000000
00000000
00000000
00000000
00000000
00000000
00000000
00000000
00000000
00000000
00000000
00000000
00000000
00000000
00000000
00000000
00000000
00000000
00000000
00000000
00000000
00000000
00000000
00000000
00000000
00000000
00000000
00000000
00000000
00000000
00000000
00000000
00000000
00000000
00000000
00000000
00000000
00000000
00000000
00000000
00000000
00000000
00000000
00000000
00000000
00000000
00000000
00000000
00000000
00000000
00000000
00000000
00000000
00000000
00000000
00000000
00000000
00000000
00000000
00000000
00000000
00000000
00000000
00000000
00000000
00000000
00000000
00000000
00000000
00000000
00000000
00000000
00000000
00000000
00000000
00000000
00000000
00000000
00000000
00000000
00000000
00000000
00000000
00000000
00000000
00000000
00000000
00000000
00000000
00000000
00000000
00000000
00000000
00000000
00000000
00000000
00000000
00000000
00000000
00000000
00000000
00000000
00000000
00000000
00000000
00000000
00000000
00000000
00000000
00000000
00000000
00000000
00000000
00000000
00000000
00000000
00000000
00000000
00000000
00000000
00000000
00000000
00000000
00000000
00000000
00000000
00000000
00000000
00000000
00000000
00000000
00000000
00000000
00000000
00000000
00000000
00000000
00000000
00000000
00000000
00000000
00000000
00000000
00000000
00000000
00000000
00000000
00000000
00000000
00000000
00000000
00000000
00000000
00000000
00000000
00000000
00000000
00000000
00000000
00000000
00000000
00000000
00000000
00000000
00000000
00000000
00000000
00000000
00000000
00000000
00000000
00000000
00000000
00000000
00000000
00000000
00000000
00000000
00000000
00000000
00000000
00000000
00000000
00000000
00000000
00000000
00000000
00000000
00000000
00000000
00000000
00000000
00000000
00000000
00000000
00000000
00000000
00000000
00000000
00000000
00000000
00000000
00000000
00000000
00000000
00000000
00000000
00000000
00000000
00000000
00000000
00000000
00000000
00000000
00000000
00000000
00000000
00000000
00000000
00000000
00000000
00000000
00000000
00000000
00000000
00000000
00000000
00000000
00000000
00000000
00000000
00000000
00000000
00000000
00000000
00000000
00000000
00000000
00000000
00000000
00000000
00000000
00000000
00000000
00000000
00000000
00000000
00000000
00000000
00000000
00000000
00000000
00000000
00000000
00000000
00000000
00000000
00000000
00000000
00000000
00000000
00000000
00000000
00000000
00000000
00000000
00000000
00000000
00000000
00000000
00000000
00000000
00000000
00000000
00000000
00000000
00000000
00000000
00000000
00000000
00000000
00000000
00000000
00000000
00000000
00000000
00000000
00000000
00000000
00000000
00000000
00000000
00000000
00000000
00000000
00000000
00000000
00000000
00000000
00000000
00000000
00000000
00000000
00000000
00000000
00000000
00000000
00000000
00000000
00000000
00000000
00000000
00000000
00000000
00000000
00000000
00000000
00000000
00000000
00000000
00000000
00000000
00000000
00000000
00000000
00000000
00000000
00000000
00000000
00000000
00000000
00000000
00000000
00000000
00000000
00000000
00000000
00000000
00000000
00000000
00000000
00000000
00000000
00000000
00000000
00000000
00000000
00000000
00000000
00000000
00000000
00000000
00000000
00000000
00000000
00000000
00000000
00000000
00000000
00000000
00000000
00000000
00000000
00000000
00000000
00000000
00000000
00000000
00000000
00000000
00000000
00000000
00000000
00000000
00000000
00000000
00000000
00000000
00000000
00000000
00000000
00000000
00000000
00000000
00000000
00000000
00000000
00000000
00000000
00000000
00000000
00000000
00000000
00000000
00000000
00000000
00000000
00000000
00000000
00000000
00000000
00000000
00000000
00000000
00000000
00000000
00000000
00000000
00000000
00000000
00000000
00000000
00000000
00000000
00000000
00000000
00000000
00000000
00000000
00000000
00000000
00000000
00000000
00000000
00000000
00000000
00000000
00000000
00000000
00000000
00000000
00000000
00000000
00000000
00000000
00000000
00000000
00000000
00000000
00000000
00000000
00000000
00000000
00000000
00000000
00000000
00000000
00000000
00000000
00000000
00000000
00000000
00000000
00000000
00000000
00000000
00000000
00000000
00000000
00000000
00000000
00000000
00000000
00000000
00000000
00000000
00000000
00000000
00000000
00000000
00000000
00000000
00000000
00000000
00000000
00000000
00000000
00000000
00000000
00000000
00000000
00000000
00000000
00000000
00000000
00000000
00000000
00000000
00000000
00000000
00000000
00000000
00000000
00000000
00000000
00000000
00000000
00000000
00000000
00000000
00000000
00000000
00000000
00000000
00000000
00000000
00000000
00000000
00000000
00000000
00000000
00000000
00000000
00000000
00000000
00000000
00000000
00000000
00000000
00000000
00000000
00000000
00000000
00000000
00000000
00000000
00000000
00000000
00000000
00000000
00000000
00000000
00000000
00000000
00000000
00000000
00000000
00000000
00000000
00000000
00000000
00000000
00000000
00000000
00000000
00000000
00000000
00000000
00000000
00000000
00000000
00000000
00000000
00000000
00000000
00000000
00000000
00000000
00000000
00000000
00000000
00000000
00000000
00000000
00000000
00000000
00000000
00000000
00000000
00000000
00000000
00000000
00000000
00000000
00000000
00000000
00000000
00000000
00000000
00000000
00000000
00000000
00000000
00000000
00000000
00000000
00000000
00000000
00000000
00000000
00000000
00000000
00000000
00000000
00000000
00000000
00000000
00000000
00000000
00000000
00000000
00000000
00000000
00000000
00000000
00000000
00000000
00000000
00000000
00000000
00000000
00000000
00000000
00000000
00000000
00000000
00000000
00000000
00000000
00000000
00000000
00000000
00000000
00000000
00000000
00000000
00000000
00000000
00000000
00000000
00000000
00000000
00000000
00000000
00000000
00000000
00000000
00000000
00000000
00000000
00000000
00000000
00000000
00000000
00000000
00000000
00000000
00000000
00000000
00000000
00000000
00000000
00000000
00000000
00000000
00000000
00000000
00000000
00000000
00000000
00000000
00000000
00000000
00000000
00000000
00000000
00000000
00000000
00000000
00000000
00000000
00000000
00000000
00000000
00000000
00000000
00000000
00000000
00000000
00000000
00000000
00000000
00000000
00000000
00000000
00000000
00000000
00000000
00000000
00000000
00000000
00000000
00000000
00000000
00000000
00000000
00000000
00000000
00000000
00000000
00000000
00000000
00000000
00000000
00000000
00000000
00000000
00000000
00000000
00000000
00000000
00000000
00000000
00000000
00000000
00000000
00000000
00000000
00000000
00000000
00000000
00000000
00000000
00000000
00000000
00000000
00000000
00000000
00000000
00000000
00000000
00000000
00000000
00000000
00000000
00000000
00000000
00000000
00000000
00000000
00000000
00000000
00000000
00000000
00000000
00000000
00000000
00000000
00000000
00000000
00000000
00000000
00000000
00000000
00000000
00000000
00000000
00000000
00000000
00000000
00000000
00000000
00000000
00000000
00000000
00000000
00000000
00000000
00000000
00000000
00000000
00000000
00000000
00000000
00000000
00000000
00000000
00000000
00000000
00000000
00000000
00000000
00000000
00000000
00000000
00000000
00000000
00000000
00000000
00000000
00000000
00000000
00000000
00000000
00000000
00000000
00000000
00000000
00000000
00000000
00000000
00000000
00000000
00000000
00000000
00000000
00000000
00000000
00000000
00000000
00000000
00000000
00000000
00000000
00000000
00000000
00000000
00000000
00000000
00000000
00000000
00000000
00000000
00000000
00000000
00000000
00000000
00000000
00000000
00000000
00000000
00000000
00000000
00000000
00000000
00000000
00000000
00000000
00000000
00000000
00000000
00000000
00000000
00000000
00000000
00000000
00000000
00000000
00000000
00000000
00000000
00000000
00000000
00000000
00000000
00000000
00000000
00000000
00000000
00000000
00000000
00000000
00000000
00000000
00000000
00000000
00000000
00000000
00000000
00000000
00000000
00000000
00000000
00000000
00000000
00000000
00000000
00000000
00000000
00000000
00000000
00000000
00000000
00000000
00000000
00000000
00000000
00000000
00000000
00000000
00000000
00000000
00000000
00000000
00000000
00000000
00000000
00000000
00000000
00000000
00000000
00000000
00000000
00000000
00000000
00000000
00000000
00000000
00000000
00000000
00000000
00000000
00000000
00000000
00000000
00000000
00000000
00000000
00000000
00000000
00000000
00000000
00000000
00000000
00000000
00000000
00000000
00000000
00000000
00000000
00000000
00000000
00000000
00000000
00000000
00000000
00000000
00000000
00000000
00000000
00000000
00000000
00000000
00000000
00000000
00000000
00000000
00000000
00000000
00000000
00000000
00000000
00000000
00000000
00000000
00000000
00000000
00000000
00000000
00000000
00000000
00000000
00000000
00000000
00000000
00000000
00000000
00000000
00000000
00000000
00000000
00000000
00000000
00000000
00000000
00000000
00000000
00000000
00000000
00000000
00000000
00000000
00000000
00000000
00000000
00000000
00000000
00000000
00000000
00000000
00000000
00000000
00000000
00000000
00000000
00000000
00000000
00000000
00000000
00000000
00000000
00000000
00000000
00000000
00000000
00000000
00000000
00000000
00000000
00000000
00000000
00000000
00000000
00000000
00000000
00000000
00000000
00000000
00000000
00000000
00000000
00000000
00000000
00000000
00000000
00000000
00000000
00000000
00000000
00000000
00000000
00000000
00000000
00000000
00000000
00000000
00000000
00000000
00000000
00000000
00000000
00000000
00000000
00000000
00000000
00000000
00000000
00000000
00000000
00000000
00000000
00000000
00000000
00000000
00000000
00000000
00000000
00000000
00000000
00000000
00000000
00000000
00000000
00000000
00000000
00000000
00000000
00000000
00000000
00000000
00000000
00000000
00000000
00000000
00000000
00000000
00000000
00000000
00000000
00000000
00000000
00000000
00000000
00000000
00000000
00000000
00000000
00000000
00000000
00000000
00000000
00000000
00000000
00000000
00000000
00000000
00000000
00000000
00000000
00000000
00000000
00000000
00000000
00000000
00000000
00000000
00000000
00000000
00000000
00000000
00000000
00000000
00000000
00000000
00000000
00000000
00000000
00000000
00000000
00000000
00000000
00000000
00000000
00000000
00000000
00000000
00000000
00000000
00000000
00000000
00000000
00000000
00000000
00000000
00000000
00000000
00000000
00000000
00000000
00000000
00000000
00000000
00000000
00000000
00000000
00000000
00000000
00000000
00000000
00000000
00000000
00000000
00000000
00000000
00000000
00000000
00000000
00000000
00000000
00000000
00000000
00000000
00000000
00000000
00000000
00000000
00000000
00000000
00000000
00000000
00000000
00000000
00000000
00000000
00000000
00000000
00000000
00000000
00000000
00000000
00000000
00000000
00000000
00000000
00000000
00000000
00000000
00000000
00000000
00000000
00000000
00000000
00000000
00000000
00000000
00000000
00000000
00000000
00000000
00000000
00000000
00000000
00000000
00000000
00000000
00000000
00000000
00000000
00000000
00000000
00000000
00000000
00000000
00000000
00000000
00000000
00000000
00000000
00000000
00000000
00000000
00000000
00000000
00000000
00000000
00000000
00000000
00000000
00000000
00000000
00000000
00000000
00000000
00000000
00000000
00000000
00000000
00000000
00000000
00000000
00000000
00000000
00000000
00000000
00000000
00000000
00000000
00000000
00000000
00000000
00000000
00000000
00000000
00000000
00000000
00000000
00000000
00000000
00000000
00000000
00000000
00000000
00000000
00000000
00000000
00000000
00000000
00000000
00000000
00000000
00000000
00000000
00000000
00000000
00000000
00000000
00000000
00000000
00000000
00000000
00000000
00000000
00000000
00000000
00000000
00000000
00000000
00000000
00000000
00000000
00000000
00000000
00000000
00000000
00000000
00000000
00000000
00000000
00000000
00000000
00000000
00000000
00000000
00000000
00000000
00000000
00000000
00000000
00000000
00000000
00000000
00000000
00000000
00000000
00000000
00000000
00000000
00000000
00000000
00000000
00000000
00000000
00000000
00000000
00000000
00000000
00000000
00000000
00000000
00000000
00000000
00000000
00000000
00000000
00000000
00000000
00000000
00000000
00000000
00000000
00000000
00000000
00000000
00000000
00000000
00000000
00000000
00000000
00000000
00000000
00000000
00000000
00000000
00000000
00000000
00000000
00000000
00000000
00000000
00000000
00000000
00000000
00000000
00000000
00000000
00000000
00000000
00000000
00000000
00000000
00000000
00000000
00000000
00000000
00000000
00000000
00000000
00000000
00000000
00000000
00000000
00000000
00000000
00000000
00000000
00000000
00000000
00000000
00000000
00000000
00000000
00000000
00000000
00000000
00000000
00000000
00000000
00000000
00000000
00000000
00000000
00000000
00000000
00000000
00000000
00000000
00000000
00000000
00000000
00000000
00000000
00000000
00000000
00000000
00000000
00000000
00000000
00000000
00000000
00000000
00000000
00000000
00000000
00000000
00000000
00000000
00000000
00000000
00000000
00000000
00000000
00000000
00000000
00000000
00000000
00000000
00000000
00000000
00000000
00000000
00000000
00000000
00000000
00000000
00000000
00000000
00000000
00000000
00000000
00000000
00000000
00000000
00000000
00000000
00000000
00000000
00000000
00000000
00000000
00000000
00000000
00000000
00000000
00000000
00000000
00000000
00000000
00000000
00000000
00000000
00000000
00000000
00000000
00000000
00000000
00000000
00000000
00000000
00000000
00000000
00000000
00000000
00000000
00000000
00000000
00000000
00000000
00000000
00000000
00000000
00000000
00000000
00000000
00000000
00000000
00000000
00000000
00000000
00000000
00000000
00000000
00000000
00000000
00000000
00000000
00000000
00000000
00000000
00000000
00000000
00000000
00000000
00000000
00000000
00000000
00000000
00000000
00000000
00000000
00000000
00000000
00000000
00000000
00000000
00000000
00000000
00000000
00000000
00000000
00000000
00000000
00000000
00000000
00000000
00000000
00000000
00000000
00000000
00000000
00000000
00000000
00000000
00000000
00000000
00000000
00000000
00000000
00000000
00000000
00000000
00000000
00000000
00000000
00000000
00000000
00000000
00000000
00000000
00000000
00000000
00000000
00000000
00000000
00000000
00000000
00000000
00000000
00000000
00000000
00000000
00000000
00000000
00000000
00000000
00000000
00000000
00000000
00000000
00000000
00000000
00000000
00000000
00000000
00000000
00000000
00000000
00000000
00000000
00000000
00000000
00000000
00000000
00000000
00000000
00000000
00000000
00000000
00000000
00000000
00000000
00000000
00000000
00000000
00000000
00000000
00000000
00000000
00000000
00000000
00000000
00000000
00000000
00000000
00000000
00000000
00000000
00000000
00000000
00000000
00000000
00000000
00000000
00000000
00000000
00000000
00000000
00000000
00000000
00000000
00000000
00000000
00000000
00000000
00000000
00000000
00000000
00000000
00000000
00000000
00000000
00000000
00000000
00000000
00000000
00000000
00000000
00000000
00000000
00000000
00000000
00000000
00000000
00000000
00000000
00000000
00000000
00000000
00000000
00000000
00000000
00000000
00000000
00000000
00000000
00000000
00000000
00000000
00000000
00000000
00000000
00000000
00000000
00000000
00000000
00000000
00000000
00000000
00000000
00000000
00000000
00000000
00000000
00000000
00000000
00000000
00000000
00000000
00000000
00000000
00000000
00000000
00000000
00000000
00000000
00000000
00000000
00000000
00000000
00000000
00000000
00000000
00000000
00000000
00000000
00000000
00000000
00000000
00000000
00000000
00000000
00000000
00000000
00000000
00000000
00000000
00000000
00000000
00000000
00000000
00000000
00000000
00000000
00000000
00000000
00000000
00000000
00000000
00000000
00000000
00000000
00000000
00000000
00000000
00000000
00000000
00000000
00000000
00000000
00000000
00000000
00000000
00000000
00000000
00000000
00000000
00000000
00000000
00000000
00000000
00000000
00000000
00000000
00000000
00000000
00000000
00000000
00000000
00000000
00000000
00000000
00000000
00000000
00000000
00000000
00000000
00000000
00000000
00000000
00000000
00000000
00000000
00000000
00000000
00000000
00000000
00000000
00000000
00000000
00000000
00000000
00000000
00000000
00000000
00000000
00000000
00000000
00000000
00000000
00000000
00000000
00000000
00000000
00000000
00000000
00000000
00000000
00000000
00000000
00000000
00000000
00000000
00000000
00000000
00000000
00000000
00000000
00000000
00000000
00000000
00000000
00000000
00000000
00000000
00000000
00000000
00000000
00000000
00000000
00000000
00000000
00000000
00000000
00000000
00000000
00000000
00000000
00000000
00000000
00000000
00000000
00000000
00000000
00000000
00000000
00000000
00000000
00000000
00000000
00000000
00000000
00000000
00000000
00000000
00000000
00000000
00000000
00000000
00000000
00000000
00000000
00000000
00000000
00000000
00000000
00000000
00000000
00000000
00000000
00000000
00000000
00000000
00000000
00000000
00000000
00000000
00000000
00000000
00000000
00000000
00000000
00000000
00000000
00000000
00000000
00000000
00000000
00000000
00000000
00000000
00000000
00000000
00000000
00000000
00000000
00000000
00000000
00000000
00000000
00000000
00000000
00000000
00000000
00000000
00000000
00000000
00000000
00000000
00000000
00000000
00000000
00000000
00000000
00000000
00000000
00000000
00000000
00000000
00000000
00000000
00000000
00000000
00000000
00000000
00000000
00000000
00000000
00000000
00000000
00000000
00000000
00000000
00000000
00000000
00000000
00000000
00000000
00000000
00000000
00000000
00000000
00000000
00000000
00000000
00000000
00000000
00000000
00000000
00000000
00000000
00000000
00000000
00000000
00000000
00000000
00000000
00000000
00000000
00000000
00000000
00000000
00000000
00000000
00000000
00000000
00000000
00000000
00000000
00000000
00000000
00000000
00000000
00000000
00000000
00000000
00000000
00000000
00000000
00000000
00000000
00000000
00000000
00000000
00000000
00000000
00000000
00000000
00000000
00000000
00000000
00000000
00000000
00000000
00000000
00000000
00000000
00000000
00000000
00000000
00000000
00000000
00000000
00000000
00000000
00000000
00000000
00000000
00000000
00000000
00000000
00000000
00000000
00000000
00000000
00000000
00000000
00000000
00000000
00000000
00000000
00000000
00000000
00000000
00000000
00000000
00000000
00000000
00000000
00000000
00000000
00000000
00000000
00000000
00000000
00000000
00000000
00000000
00000000
00000000
00000000
00000000
00000000
00000000
00000000
00000000
00000000
00000000
00000000
00000000
00000000
00000000
00000000
00000000
00000000
00000000
00000000
00000000
00000000
00000000
00000000
00000000
00000000
00000000
00000000
00000000
00000000
00000000
00000000
00000000
00000000
00000000
00000000
00000000
00000000
00000000
00000000
00000000
00000000
00000000
00000000
00000000
00000000
00000000
00000000
00000000
00000000
00000000
00000000
00000000
00000000
00000000
00000000
00000000
00000000
00000000
00000000
00000000
00000000
00000000
00000000
00000000
00000000
00000000
00000000
00000000
00000000
00000000
00000000
00000000
00000000
00000000
00000000
00000000
00000000
00000000
00000000
00000000
00000000
00000000
00000000
00000000
00000000
00000000
00000000
00000000
00000000
00000000
00000000
00000000
00000000
00000000
00000000
00000000
00000000
00000000
00000000
00000000
00000000
00000000
00000000
00000000
00000000
00000000
00000000
00000000
00000000
00000000
00000000
00000000
00000000
00000000
00000000
00000000
00000000
00000000
00000000
00000000
00000000
00000000
00000000
00000000
00000000
00000000
00000000
00000000
00000000
00000000
00000000
00000000
00000000
00000000
00000000
00000000
00000000
00000000
00000000
00000000
00000000
00000000
00000000
00000000
00000000
00000000
00000000
00000000
00000000
00000000
00000000
00000000
00000000
00000000
00000000
00000000
00000000
00000000
00000000
00000000
00000000
00000000
00000000
00000000
00000000
00000000
00000000
00000000
00000000
00000000
00000000
00000000
00000000
00000000
00000000
00000000
00000000
00000000
00000000
00000000
00000000
00000000
00000000
00000000
00000000
00000000
00000000
00000000
00000000
00000000
00000000
00000000
00000000
00000000
00000000
00000000
00000000
00000000
00000000
00000000
00000000
00000000
00000000
00000000
00000000
00000000
00000000
00000000
00000000
00000000
00000000
00000000
00000000
00000000
00000000
00000000
00000000
00000000
00000000
00000000
00000000
00000000
00000000
00000000
00000000
00000000
00000000
00000000
00000000
00000000
00000000
00000000
00000000
00000000
00000000
00000000
00000000
00000000
00000000
00000000
00000000
00000000
00000000
00000000
00000000
00000000
00000000
00000000
00000000
00000000
00000000
00000000
00000000
00000000
00000000
00000000
00000000
00000000
00000000
00000000
00000000
00000000
00000000
00000000
00000000
00000000
00000000
00000000
00000000
00000000
00000000
00000000
00000000
00000000
00000000
00000000
00000000
00000000
00000000
00000000
00000000
00000000
00000000
00000000
00000000
00000000
00000000
00000000
00000000
00000000
00000000
00000000
00000000
00000000
00000000
00000000
00000000
00000000
00000000
00000000
00000000
00000000
00000000
00000000
00000000
00000000
00000000
00000000
00000000
00000000
00000000
00000000
00000000
00000000
00000000
00000000
00000000
00000000
00000000
00000000
00000000
00000000
00000000
00000000
00000000
00000000
00000000
00000000
00000000
00000000
00000000
00000000
00000000
00000000
00000000
00000000
00000000
00000000
00000000
00000000
00000000
00000000
00000000
00000000
00000000
00000000
00000000
00000000
00000000
00000000
00000000
00000000
00000000
00000000
00000000
00000000
00000000
00000000
00000000
00000000
00000000
00000000
00000000
00000000
00000000
00000000
00000000
00000000
00000000
00000000
00000000
00000000
00000000
00000000
00000000
00000000
00000000
00000000
00000000
00000000
00000000
00000000
00000000
00000000
00000000
00000000
00000000
00000000
00000000
00000000
00000000
00000000
00000000
00000000
00000000
00000000
00000000
00000000
00000000
00000000
00000000
00000000
00000000
00000000
00000000
00000000
00000000
00000000
00000000
00000000
00000000
00000000
00000000
00000000
00000000
00000000
00000000
00000000
00000000
00000000
00000000
00000000
00000000
00000000
00000000
00000000
00000000
00000000
00000000
00000000
00000000
00000000
00000000
00000000
00000000
00000000
00000000
00000000
00000000
00000000
00000000
00000000
00000000
00000000
00000000
00000000
00000000
00000000
00000000
00000000
00000000
00000000
00000000
00000000
00000000
00000000
00000000
00000000
00000000
00000000
00000000
00000000
00000000
00000000
00000000
00000000
00000000
00000000
00000000
00000000
00000000
00000000
00000000
00000000
00000000
00000000
00000000
00000000
00000000
00000000
00000000
00000000
00000000
00000000
00000000
00000000
00000000
00000000
00000000
00000000
00000000
00000000
00000000
00000000
00000000
00000000
00000000
00000000
00000000
00000000
00000000
00000000
00000000
00000000
00000000
00000000
00000000
00000000
00000000
00000000
00000000
00000000
00000000
00000000
00000000
00000000
00000000
00000000
00000000
00000000
00000000
00000000
00000000
00000000
00000000
00000000
00000000
00000000
00000000
00000000
00000000
00000000
00000000
00000000
00000000
00000000
00000000
00000000
00000000
00000000
00000000
00000000
00000000
00000000
00000000
00000000
00000000
00000000
00000000
00000000
00000000
00000000
00000000
00000000
00000000
00000000
00000000
00000000
00000000
00000000
00000000
00000000
00000000
00000000
00000000
00000000
00000000
00000000
00000000
00000000
00000000
00000000
00000000
00000000
00000000
00000000
00000000
00000000
00000000
00000000
00000000
00000000
00000000
00000000
00000000
00000000
00000000
00000000
00000000
00000000
00000000
00000000
00000000
00000000
00000000
00000000
00000000
00000000
00000000
00000000
00000000
00000000
00000000
00000000
00000000
00000000
00000000
00000000
00000000
00000000
00000000
00000000
00000000
00000000
00000000
00000000
00000000
00000000
00000000
00000000
00000000
00000000
00000000
00000000
00000000
00000000
00000000
00000000
00000000
00000000
00000000
00000000
00000000
00000000
00000000
00000000
00000000
00000000
00000000
00000000
00000000
00000000
00000000
00000000
00000000
00000000
00000000
00000000
00000000
00000000
00000000
00000000
00000000
00000000
00000000
00000000
00000000
00000000
00000000
00000000
00000000
00000000
00000000
00000000
00000000
00000000
00000000
00000000
00000000
00000000
00000000
00000000
00000000
00000000
00000000
00000000
00000000
00000000
00000000
00000000
00000000
00000000
00000000
00000000
00000000
00000000
00000000
00000000
00000000
00000000
00000000
00000000
00000000
00000000
00000000
00000000
00000000
00000000
00000000
00000000
00000000
00000000
00000000
00000000
00000000
00000000
00000000
00000000
00000000
00000000
00000000
00000000
00000000
00000000
00000000
00000000
00000000
00000000
00000000
00000000
00000000
00000000
00000000
00000000
00000000
00000000
00000000
00000000
00000000
00000000
00000000
00000000
00000000
00000000
00000000
00000000
00000000
00000000
00000000
00000000
00000000
00000000
00000000
00000000
00000000
00000000
00000000
00000000
00000000
00000000
00000000
00000000
00000000
00000000
00000000
00000000
00000000
00000000
00000000
00000000
00000000
00000000
00000000
00000000
00000000
00000000
00000000
00000000
00000000
00000000
00000000
00000000
00000000
00000000
00000000
00000000
00000000
00000000
00000000
00000000
00000000
00000000
00000000
00000000
00000000
00000000
00000000
00000000
00000000
00000000
00000000
00000000
00000000
00000000
00000000
00000000
00000000
00000000
00000000
00000000
00000000
00000000
00000000
00000000
00000000
00000000
00000000
00000000
00000000
00000000
00000000
00000000
00000000
00000000
00000000
00000000
00000000
00000000
00000000
00000000
00000000
00000000
00000000
00000000
00000000
00000000
00000000
00000000
00000000
00000000
00000000
00000000
00000000
00000000
00000000
00000000
00000000
00000000
00000000
00000000
00000000
00000000
00000000
00000000
00000000
00000000
00000000
00000000
00000000
00000000
00000000
00000000
00000000
00000000
00000000
00000000
00000000
00000000
00000000
00000000
00000000
00000000
00000000
00000000
00000000
00000000
00000000
00000000
00000000
00000000
00000000
00000000
00000000
00000000
00000000
00000000
00000000
00000000
00000000
00000000
00000000
00000000
00000000
00000000
00000000
00000000
00000000
00000000
00000000
00000000
00000000
00000000
00000000
00000000
00000000
00000000
00000000
00000000
00000000
00000000
00000000
00000000
00000000
00000000
00000000
00000000
00000000
00000000
00000000
00000000
00000000
00000000
00000000
00000000
00000000
00000000
00000000
00000000
00000000
00000000
00000000
00000000
00000000
00000000
00000000
00000000
00000000
00000000
00000000
00000000
00000000
00000000
00000000
00000000
00000000
00000000
00000000
00000000
00000000
00000000
00000000
00000000
00000000
00000000
00000000
00000000
00000000
00000000
00000000
00000000
00000000
00000000
00000000
00000000
00000000
00000000
00000000
00000000
00000000
00000000
00000000
00000000
00000000
00000000
00000000
00000000
00000000
00000000
00000000
00000000
00000000
00000000
00000000
00000000
00000000
00000000
00000000
00000000
00000000
00000000
00000000
00000000
00000000
00000000
00000000
00000000
00000000
00000000
00000000
00000000
00000000
00000000
00000000
00000000
00000000
00000000
00000000
00000000
00000000
00000000
00000000
00000000
00000000
00000000
00000000
00000000
00000000
00000000
00000000
00000000
00000000
00000000
00000000
00000000
00000000
00000000
00000000
00000000
00000000
00000000
00000000
00000000
00000000
00000000
00000000
00000000
00000000
00000000
00000000
00000000
00000000
00000000
00000000
00000000
00000000
00000000
00000000
00000000
00000000
00000000
00000000
00000000
00000000
00000000
00000000
00000000
00000000
00000000
00000000
00000000
00000000
00000000
00000000
00000000
00000000
00000000
00000000
00000000
00000000
00000000
00000000
00000000
00000000
00000000
00000000
00000000
00000000
00000000
00000000
00000000
00000000
00000000
00000000
00000000
00000000
00000000
00000000
00000000
00000000
00000000
00000000
00000000
00000000
00000000
00000000
00000000
00000000
00000000
00000000
00000000
00000000
00000000
00000000
00000000
00000000
00000000
00000000
00000000
00000000
00000000
00000000
00000000
00000000
00000000
00000000
00000000
00000000
00000000
00000000
00000000
00000000
00000000
00000000
00000000
00000000
00000000
00000000
00000000
00000000
00000000
00000000
00000000
00000000
00000000
00000000
00000000
00000000
00000000
00000000
00000000
00000000
00000000
00000000
00000000
00000000
00000000
00000000
00000000
00000000
00000000
00000000
00000000
00000000
00000000
00000000
00000000
00000000
00000000
00000000
00000000
00000000
00000000
00000000
00000000
00000000
00000000
00000000
00000000
00000000
00000000
00000000
00000000
00000000
00000000
00000000
00000000
00000000
00000000
00000000
00000000
00000000
00000000
00000000
00000000
00000000
00000000
00000000
00000000
00000000
00000000
00000000
00000000
00000000
00000000
00000000
00000000
00000000
00000000
00000000
00000000
00000000
00000000
00000000
00000000
00000000
00000000
00000000
00000000
00000000
00000000
00000000
00000000
00000000
00000000
00000000
00000000
00000000
00000000
00000000
00000000
00000000
00000000
00000000
00000000
00000000
00000000
00000000
00000000
00000000
00000000
00000000
00000000
00000000
00000000
00000000
00000000
00000000
00000000
00000000
00000000
00000000
00000000
00000000
00000000
00000000
00000000
00000000
00000000
00000000
00000000
00000000
00000000
00000000
00000000
00000000
00000000
00000000
00000000
00000000
00000000
00000000
00000000
00000000
00000000
00000000
00000000
00000000
00000000
00000000
00000000
00000000
00000000
00000000
00000000
00000000
00000000
00000000
00000000
00000000
00000000
00000000
00000000
00000000
00000000
00000000
00000000
00000000
00000000
00000000
00000000
00000000
00000000
00000000
00000000
00000000
00000000
00000000
00000000
00000000
00000000
00000000
00000000
00000000
00000000
00000000
00000000
00000000
00000000
00000000
00000000
00000000
00000000
00000000
00000000
00000000
00000000
00000000
00000000
00000000
00000000
00000000
00000000
00000000
00000000
00000000
00000000
00000000
00000000
00000000
00000000
00000000
00000000
00000000
00000000
00000000
00000000
00000000
00000000
00000000
00000000
00000000
00000000
00000000
00000000
00000000
00000000
00000000
00000000
00000000
00000000
00000000
00000000
00000000
00000000
00000000
00000000
00000000
00000000
00000000
00000000
00000000
00000000
00000000
00000000
00000000
00000000
00000000
00000000
00000000
00000000
00000000
00000000
00000000
00000000
00000000
00000000
00000000
00000000
00000000
00000000
00000000
00000000
00000000
00000000
00000000
00000000
00000000
00000000
00000000
00000000
00000000
00000000
00000000
00000000
00000000
00000000
00000000
00000000
00000000
00000000
00000000
00000000
00000000
00000000
00000000
00000000
00000000
00000000
00000000
00000000
00000000
00000000
00000000
00000000
00000000
00000000
00000000
00000000
00000000
00000000
00000000
00000000
00000000
00000000
00000000
00000000
00000000
00000000
00000000
00000000
00000000
00000000
00000000
00000000
00000000
00000000
00000000
00000000
00000000
00000000
00000000
00000000
00000000
00000000
00000000
00000000
00000000
00000000
00000000
00000000
00000000
00000000
00000000
00000000
00000000
00000000
00000000
00000000
00000000
00000000
00000000
00000000
00000000
00000000
00000000
00000000
00000000
00000000
00000000
00000000
00000000
00000000
00000000
00000000
00000000
00000000
00000000
00000000
00000000
00000000
00000000
00000000
00000000
00000000
00000000
00000000
00000000
00000000
00000000
00000000
00000000
00000000
00000000
00000000
00000000
00000000
00000000
00000000
00000000
00000000
00000000
00000000
00000000
00000000
00000000
00000000
00000000
00000000
00000000
00000000
00000000
00000000
00000000
00000000
00000000
00000000
00000000
00000000
00000000
00000000
00000000
00000000
00000000
00000000
00000000
00000000
00000000
00000000
00000000
00000000
00000000
00000000
00000000
00000000
00000000
00000000
00000000
00000000
00000000
00000000
00000000
00000000
00000000
00000000
00000000
00000000
00000000
00000000
00000000
00000000
00000000
00000000
00000000
00000000
00000000
00000000
00000000
00000000
00000000
00000000
00000000
00000000
00000000
00000000
00000000
00000000
00000000
00000000
00000000
00000000
00000000
00000000
00000000
00000000
00000000
00000000
00000000
00000000
00000000
00000000
00000000
00000000
0001ffff
0001ffff
0001ffff
0001ffff
0001ffff
0001ffff
0002fffe
0002fffe
0002fffe
0002fffe
0003fffd
0003fffd
0003fffd
0004fffc
0004fffc
0005fffb
0005fffb
0005fffb
0006fffa
0006fffa
0007fff9
0007fff9
0008fff8
0008fff8
0009fff7
000afff6
000afff6
000bfff5
000bfff5
000cfff4
000dfff3
000dfff3
000efff2
000ffff1
0010fff0
0010fff0
0011ffef
0012ffee
0013ffed
0014ffec
0015ffeb
0016ffea
0016ffea
0017ffe9
0018ffe8
0019ffe7
001affe6
001bffe5
001cffe4
001dffe3
001effe2
0020ffe0
0021ffdf
0022ffde
0023ffdd
0024ffdc
0025ffdb
0026ffda
0028ffd8
0029ffd7
002affd6
002bffd5
002dffd3
002effd2
002fffd1
0031ffcf
0032ffce
0034ffcc
0035ffcb
0036ffca
0038ffc8
0039ffc7
003bffc5
003cffc4
003effc2
003fffc1
0041ffbf
0043ffbd
0044ffbc
0046ffba
0047ffb9
0049ffb7
004bffb5
004cffb4
004effb2
0050ffb0
0052ffae
0053ffad
0055ffab
0057ffa9
0059ffa7
005bffa5
005dffa3
005fffa1
0060ffa0
0062ff9e
0064ff9c
0066ff9a
0068ff98
006aff96
006cff94
006eff92
0070ff90
0072ff8e
0075ff8b
0077ff89
0079ff87
007bff85
007dff83
007fff81
0082ff7e
0084ff7c
0086ff7a
0088ff78
008bff75
008dff73
008fff71
0092ff6e
0094ff6c
0096ff6a
0099ff67
009bff65
009eff62
00a0ff60
00a3ff5d
00a5ff5b
00a8ff58
00aaff56
00adff53
00afff51
00b2ff4e
00b4ff4c
00b7ff49
00baff46
00bcff44
00bfff41
00c2ff3e
00c5ff3b
00c7ff39
00caff36
00cdff33
00d0ff30
00d2ff2e
00d5ff2b
00d8ff28
00dbff25
00deff22
00e1ff1f
00e4ff1c
00e7ff19
00eaff16
00edff13
00f0ff10
00f3ff0d
00f6ff0a
00f9ff07
00fcff04
00ffff01
0102fefe
0105fefb
0108fef8
010cfef4
010ffef1
0112feee
0115feeb
0118fee8
011cfee4
011ffee1
0122fede
0126feda
0129fed7
012cfed4
0130fed0
0133fecd
0137fec9
013afec6
013dfec3
0141febf
0144febc
0148feb8
014bfeb5
014ffeb1
0153fead
0156feaa
015afea6
015dfea3
0161fe9f
0165fe9b
0168fe98
016cfe94
0170fe90
0173fe8d
0177fe89
017bfe85
017ffe81
0183fe7d
0186fe7a
018afe76
018efe72
0192fe6e
0196fe6a
019afe66
019efe62
01a2fe5e
01a6fe5a
01aafe56
01aefe52
01b2fe4e
01b6fe4a
01bafe46
01befe42
01c2fe3e
01c6fe3a
01cafe36
01cefe32
01d3fe2d
01d7fe29
01dbfe25
01dffe21
01e3fe1d
01e8fe18
01ecfe14
01f0fe10
01f5fe0b
01f9fe07
01fdfe03
0202fdfe
0206fdfa
020afdf6
020ffdf1
0213fded
0218fde8
021cfde4
0221fddf
0225fddb
022afdd6
022efdd2
0233fdcd
0237fdc9
023cfdc4
0241fdbf
0245fdbb
024afdb6
024ffdb1
0253fdad
0258fda8
025dfda3
0261fd9f
0266fd9a
026bfd95
0270fd90
0275fd8b
0279fd87
027efd82
0283fd7d
0288fd78
028dfd73
0292fd6e
0297fd69
029cfd64
02a1fd5f
02a6fd5a
02abfd55
02b0fd50
02b5fd4b
02bafd46
02bffd41
02c4fd3c
02c9fd37
02cefd32
02d4fd2c
02d9fd27
02defd22
02e3fd1d
02e8fd18
02eefd12
02f3fd0d
02f8fd08
02fdfd03
0303fcfd
0308fcf8
030dfcf3
0313fced
0318fce8
031efce2
0323fcdd
0328fcd8
032efcd2
0333fccd
0339fcc7
033efcc2
0344fcbc
0349fcb7
034ffcb1
0354fcac
035afca6
0360fca0
0365fc9b
036bfc95
0371fc8f
0376fc8a
037cfc84
0382fc7e
0387fc79
038dfc73
0393fc6d
0399fc67
039ffc61
03a4fc5c
03aafc56
03b0fc50
03b6fc4a
03bcfc44
03c2fc3e
03c8fc38
03cdfc33
03d3fc2d
03d9fc27
03dffc21
03e5fc1b
03ebfc15
03f1fc0f
03f7fc09
03fefc02
0404fbfc
040afbf6
0410fbf0
0416fbea
041cfbe4
0422fbde
0428fbd8
042ffbd1
0435fbcb
043bfbc5
0441fbbf
0448fbb8
044efbb2
0454fbac
045bfba5
0461fb9f
0467fb99
046efb92
0474fb8c
047afb86
0481fb7f
0487fb79
048efb72
0494fb6c
049bfb65
04a1fb5f
04a8fb58
04aefb52
04b5fb4b
04bbfb45
04c2fb3e
04c9fb37
04cffb31
04d6fb2a
04dcfb24
04e3fb1d
04eafb16
04f0fb10
04f7fb09
04fefb02
0505fafb
050bfaf5
0512faee
0519fae7
0520fae0
0527fad9
052efad2
0534facc
053bfac5
0542fabe
0549fab7
0550fab0
0557faa9
055efaa2
0565fa9b
056cfa94
0573fa8d
057afa86
0581fa7f
0588fa78
058ffa71
0596fa6a
059dfa63
05a4fa5c
05abfa55
05b3fa4d
05bafa46
05c1fa3f
05c8fa38
05cffa31
05d7fa29
05defa22
05e5fa1b
05ecfa14
05f4fa0c
05fbfa05
0602f9fe
060af9f6
0611f9ef
0618f9e8
0620f9e0
0627f9d9
062ff9d1
0636f9ca
063df9c3
0645f9bb
064cf9b4
0654f9ac
065bf9a5
0663f99d
066af996
0672f98e
067af986
0681f97f
0689f977
0690f970
0698f968
06a0f960
06a7f959
06aff951
06b7f949
06bef942
06c6f93a
06cef932
06d6f92a
06ddf923
06e5f91b
06edf913
06f5f90b
06fdf903
0704f8fc
070cf8f4
0714f8ec
071cf8e4
0724f8dc
072cf8d4
0734f8cc
073cf8c4
0744f8bc
074cf8b4
0754f8ac
075cf8a4
0764f89c
076cf894
0774f88c
077cf884
0784f87c
078cf874
0794f86c
079cf864
07a4f85c
07adf853
07b5f84b
07bdf843
07c5f83b
07cdf833
07d6f82a
07def822
07e6f81a
07eef812
07f7f809
07fff801
0807f7f9
0810f7f0
0818f7e8
0820f7e0
0829f7d7
0831f7cf
083af7c6
0842f7be
084af7b6
0853f7ad
085bf7a5
0864f79c
086cf794
0875f78b
087df783
0886f77a
088ef772
0897f769
089ff761
08a8f758
08b1f74f
08b9f747
08c2f73e
08cbf735
08d3f72d
08dcf724
08e5f71b
08edf713
08f6f70a
08fff701
0907f6f9
0910f6f0
0919f6e7
0922f6de
092bf6d5
0933f6cd
093cf6c4
0945f6bb
094ef6b2
0957f6a9
0960f6a0
0969f697
0971f68f
097af686
0983f67d
098cf674
0995f66b
099ef662
09a7f659
09b0f650
09b9f647
09c2f63e
09cbf635
09d4f62c
09ddf623
09e6f61a
09f0f610
09f9f607
0a02f5fe
0a0bf5f5
0a14f5ec
0a1df5e3
0a26f5da
0a30f5d0
0a39f5c7
0a42f5be
0a4bf5b5
0a54f5ac
0a5ef5a2
0a67f599
0a70f590
0a7af586
0a83f57d
0a8cf574
0a95f56b
0a9ff561
0aa8f558
0ab2f54e
0abbf545
0ac4f53c
0acef532
0ad7f529
0ae1f51f
0aeaf516
0af3f50d
0afdf503
0b06f4fa
0b10f4f0
0b19f4e7
0b23f4dd
0b2df4d3
0b36f4ca
0b40f4c0
0b49f4b7
0b53f4ad
0b5cf4a4
0b66f49a
0b70f490
0b79f487
0b83f47d
0b8df473
0b96f46a
0ba0f460
0baaf456
0bb3f44d
0bbdf443
0bc7f439
0bd0f430
0bdaf426
0be4f41c
0beef412
0bf8f408
0c01f3ff
0c0bf3f5
0c15f3eb
0c1ff3e1
0c29f3d7
0c33f3cd
0c3cf3c4
0c46f3ba
0c50f3b0
0c5af3a6
0c64f39c
0c6ef392
0c78f388
0c82f37e
0c8cf374
0c96f36a
0ca0f360
0caaf356
0cb4f34c
0cbef342
0cc8f338
0cd2f32e
0cdcf324
0ce6f31a
0cf0f310
0cfaf306
0d04f2fc
0d0ff2f1
0d19f2e7
0d23f2dd
0d2df2d3
0d37f2c9
0d41f2bf
0d4cf2b4
0d56f2aa
0d60f2a0
0d6af296
0d74f28c
0d7ff281
0d89f277
0d93f26d
0d9ef262
0da8f258
0db2f24e
0dbcf244
0dc7f239
0dd1f22f
0ddbf225
0de6f21a
0df0f210
0dfbf205
0e05f1fb
0e0ff1f1
0e1af1e6
0e24f1dc
0e2ff1d1
0e39f1c7
0e43f1bd
0e4ef1b2
0e58f1a8
0e63f19d
0e6df193
0e78f188
0e82f17e
0e8df173
0e97f169
0ea2f15e
0eadf153
0eb7f149
0ec2f13e
0eccf134
0ed7f129
0ee2f11e
0eecf114
0ef7f109
0f01f0ff
0f0cf0f4
0f17f0e9
0f21f0df
0f2cf0d4
0f37f0c9
0f42f0be
0f4cf0b4
0f57f0a9
0f62f09e
0f6cf094
0f77f089
0f82f07e
0f8df073
0f98f068
0fa2f05e
0fadf053
0fb8f048
0fc3f03d
0fcef032
0fd8f028
0fe3f01d
0feef012
0ff9f007
1004effc
100feff1
101aefe6
1025efdb
102fefd1
103aefc6
1045efbb
1050efb0
105befa5
1066ef9a
1071ef8f
107cef84
1087ef79
1092ef6e
109def63
10a8ef58
10b3ef4d
10beef42
10c9ef37
10d4ef2c
10dfef21
10ebef15
10f6ef0a
1101eeff
110ceef4
1117eee9
1122eede
112deed3
1138eec8
1144eebc
114feeb1
115aeea6
1165ee9b
1170ee90
117bee85
1187ee79
1192ee6e
119dee63
11a8ee58
11b4ee4c
11bfee41
11caee36
11d5ee2b
11e1ee1f
11ecee14
11f7ee09
1202edfe
120eedf2
1219ede7
1224eddc
1230edd0
123bedc5
1246edba
1252edae
125deda3
1268ed98
1274ed8c
127fed81
128bed75
1296ed6a
12a1ed5f
12aded53
12b8ed48
12c4ed3c
12cfed31
12dbed25
12e6ed1a
12f2ed0e
12fded03
1309ecf7
1314ecec
1320ece0
132becd5
1337ecc9
1342ecbe
134eecb2
1359eca7
1365ec9b
1370ec90
137cec84
1387ec79
1393ec6d
139fec61
13aaec56
13b6ec4a
13c1ec3f
13cdec33
13d9ec27
13e4ec1c
13f0ec10
13fbec05
1407ebf9
1413ebed
141eebe2
142aebd6
1436ebca
1441ebbf
144debb3
1459eba7
1465eb9b
1470eb90
147ceb84
1488eb78
1493eb6d
149feb61
14abeb55
14b7eb49
14c2eb3e
14ceeb32
14daeb26
14e6eb1a
14f2eb0e
14fdeb03
1509eaf7
1515eaeb
1521eadf
152dead3
1538eac8
1544eabc
1550eab0
155ceaa4
1568ea98
1574ea8c
1580ea80
158bea75
1597ea69
15a3ea5d
15afea51
15bbea45
15c7ea39
15d3ea2d
15dfea21
15ebea15
15f7ea09
1603e9fd
160ee9f2
161ae9e6
1626e9da
1632e9ce
163ee9c2
164ae9b6
1656e9aa
1662e99e
166ee992
167ae986
1686e97a
1692e96e
169ee962
16aae956
16b6e94a
16c2e93e
16cee932
16dae926
16e6e91a
16f2e90e
16fee902
170be8f5
1717e8e9
1723e8dd
172fe8d1
173be8c5
1747e8b9
1753e8ad
175fe8a1
176be895
1777e889
1783e87d
1790e870
179ce864
17a8e858
17b4e84c
17c0e840
17cce834
17d8e828
17e5e81b
17f1e80f
17fde803
1809e7f7
1815e7eb
1821e7df
182ee7d2
183ae7c6
1846e7ba
1852e7ae
185ee7a2
186be795
1877e789
1883e77d
188fe771
189be765
18a8e758
18b4e74c
18c0e740
18cce734
18d9e727
18e5e71b
18f1e70f
18fde703
190ae6f6
1916e6ea
1922e6de
192ee6d2
193be6c5
1947e6b9
1953e6ad
1960e6a0
196ce694
1978e688
1984e67c
1991e66f
199de663
19a9e657
19b6e64a
19c2e63e
19cee632
19dbe625
19e7e619
19f3e60d
1a00e600
1a0ce5f4
1a18e5e8
1a25e5db
1a31e5cf
1a3ee5c2
1a4ae5b6
1a56e5aa
1a63e59d
1a6fe591
1a7be585
1a88e578
1a94e56c
1aa0e560
1aade553
1ab9e547
1ac6e53a
1ad2e52e
1adee522
1aebe515
1af7e509
1b04e4fc
1b10e4f0
1b1de4e3
1b29e4d7
1b35e4cb
1b42e4be
1b4ee4b2
1b5be4a5
1b67e499
1b74e48c
1b80e480
1b8ce474
1b99e467
1ba5e45b
1bb2e44e
1bbee442
1bcbe435
1bd7e429
1be4e41c
1bf0e410
1bfde403
1c09e3f7
1c15e3eb
1c22e3de
1c2ee3d2
1c3be3c5
1c47e3b9
1c54e3ac
1c60e3a0
1c6de393
1c79e387
1c86e37a
1c92e36e
1c9fe361
1cabe355
1cb8e348
1cc4e33c
1cd1e32f
1cdde323
1ceae316
1cf6e30a
1d03e2fd
1d0fe2f1
1d1ce2e4
1d28e2d8
1d35e2cb
1d41e2bf
1d4ee2b2
1d5ae2a6
1d67e299
1d73e28d
1d80e280
1d8de273
1d99e267
1da6e25a
1db2e24e
1dbfe241
1dcbe235
1dd8e228
1de4e21c
1df1e20f
1dfde203
1e0ae1f6
1e16e1ea
1e23e1dd
1e30e1d0
1e3ce1c4
1e49e1b7
1e55e1ab
1e62e19e
1e6ee192
1e7be185
1e87e179
1e94e16c
1ea0e160
1eade153
1ebae146
1ec6e13a
1ed3e12d
1edfe121
1eece114
1ef8e108
1f05e0fb
1f12e0ee
1f1ee0e2
1f2be0d5
1f37e0c9
1f44e0bc
1f50e0b0
1f5de0a3
1f69e097
1f76e08a
1f83e07d
1f8fe071
1f9ce064
1fa8e058
1fb5e04b
1fc1e03f
1fcee032
1fdbe025
1fe7e019
1ff4e00c
2000e000
200ddff3
2019dfe7
2026dfda
2033dfcd
203fdfc1
204cdfb4
2058dfa8
2065df9b
2071df8f
207edf82
208adf76
2097df69
20a4df5c
20b0df50
20bddf43
20c9df37
20d6df2a
20e2df1e
20efdf11
20fcdf04
2108def8
2115deeb
2121dedf
212eded2
213adec6
2147deb9
2153dead
2160dea0
216dde93
2179de87
2186de7a
2192de6e
219fde61
21abde55
21b8de48
21c4de3c
21d1de2f
21dede22
21eade16
21f7de09
2203ddfd
2210ddf0
221cdde4
2229ddd7
2235ddcb
2242ddbe
224eddb2
225bdda5
2267dd99
2274dd8c
2280dd80
228ddd73
229add66
22a6dd5a
22b3dd4d
22bfdd41
22ccdd34
22d8dd28
22e5dd1b
22f1dd0f
22fedd02
230adcf6
2317dce9
2323dcdd
2330dcd0
233cdcc4
2349dcb7
2355dcab
2362dc9e
236edc92
237bdc85
2387dc79
2394dc6c
23a0dc60
23addc53
23b9dc47
23c6dc3a
23d2dc2e
23dfdc21
23ebdc15
23f8dc08
2404dbfc
2410dbf0
241ddbe3
2429dbd7
2436dbca
2442dbbe
244fdbb1
245bdba5
2468db98
2474db8c
2481db7f
248ddb73
2499db67
24a6db5a
24b2db4e
24bfdb41
24cbdb35
24d8db28
24e4db1c
24f0db10
24fddb03
2509daf7
2516daea
2522dade
252edad2
253bdac5
2547dab9
2554daac
2560daa0
256cda94
2579da87
2585da7b
2592da6e
259eda62
25aada56
25b7da49
25c3da3d
25cfda31
25dcda24
25e8da18
25f4da0c
2601d9ff
260dd9f3
2619d9e7
2626d9da
2632d9ce
263ed9c2
264bd9b5
2657d9a9
2663d99d
2670d990
267cd984
2688d978
2695d96b
26a1d95f
26add953
26b9d947
26c6d93a
26d2d92e
26ded922
26ebd915
26f7d909
2703d8fd
270fd8f1
271cd8e4
2728d8d8
2734d8cc
2740d8c0
274dd8b3
2759d8a7
2765d89b
2771d88f
277ed882
278ad876
2796d86a
27a2d85e
27aed852
27bbd845
27c7d839
27d3d82d
27dfd821
27ebd815
27f7d809
2804d7fc
2810d7f0
281cd7e4
2828d7d8
2834d7cc
2840d7c0
284dd7b3
2859d7a7
2865d79b
2871d78f
287dd783
2889d777
2895d76b
28a1d75f
28add753
28bad746
28c6d73a
28d2d72e
28ded722
28ead716
28f6d70a
2902d6fe
290ed6f2
291ad6e6
2926d6da
2932d6ce
293ed6c2
294ad6b6
2956d6aa
2962d69e
296ed692
297ad686
2986d67a
2992d66e
299ed662
29aad656
29b6d64a
29c2d63e
29ced632
29dad626
29e6d61a
29f2d60e
29fed602
2a0ad5f6
2a16d5ea
2a22d5de
2a2ed5d2
2a3ad5c6
2a46d5ba
2a51d5af
2a5dd5a3
2a69d597
2a75d58b
2a81d57f
2a8dd573
2a99d567
2aa5d55b
2ab0d550
2abcd544
2ac8d538
2ad4d52c
2ae0d520
2aecd514
2af7d509
2b03d4fd
2b0fd4f1
2b1bd4e5
2b26d4da
2b32d4ce
2b3ed4c2
2b4ad4b6
2b56d4aa
2b61d49f
2b6dd493
2b79d487
2b85d47b
2b90d470
2b9cd464
2ba8d458
2bb3d44d
2bbfd441
2bcbd435
2bd6d42a
2be2d41e
2beed412
2bf9d407
2c05d3fb
2c11d3ef
2c1cd3e4
2c28d3d8
2c34d3cc
2c3fd3c1
2c4bd3b5
2c56d3aa
2c62d39e
2c6ed392
2c79d387
2c85d37b
2c90d370
2c9cd364
2ca7d359
2cb3d34d
2cbed342
2ccad336
2cd5d32b
2ce1d31f
2cecd314
2cf8d308
2d03d2fd
2d0fd2f1
2d1ad2e6
2d26d2da
2d31d2cf
2d3dd2c3
2d48d2b8
2d54d2ac
2d5fd2a1
2d6ad296
2d76d28a
2d81d27f
2d8dd273
2d98d268
2da3d25d
2dafd251
2dbad246
2dc5d23b
2dd1d22f
2ddcd224
2de7d219
2df3d20d
2dfed202
2e09d1f7
2e15d1eb
2e20d1e0
2e2bd1d5
2e36d1ca
2e42d1be
2e4dd1b3
2e58d1a8
2e63d19d
2e6fd191
2e7ad186
2e85d17b
2e90d170
2e9bd165
2ea7d159
2eb2d14e
2ebdd143
2ec8d138
2ed3d12d
2eded122
2eead116
2ef5d10b
2f00d100
2f0bd0f5
2f16d0ea
2f21d0df
2f2cd0d4
2f37d0c9
2f42d0be
2f4dd0b3
2f58d0a8
2f63d09d
2f6ed092
2f79d087
2f84d07c
2f8fd071
2f9ad066
2fa5d05b
2fb0d050
2fbbd045
2fc6d03a
2fd1d02f
2fdcd024
2fe7d019
2ff2d00e
2ffdd003
3008cff8
3012cfee
301dcfe3
3028cfd8
3033cfcd
303ecfc2
3049cfb7
3053cfad
305ecfa2
3069cf97
3074cf8c
307fcf81
3089cf77
3094cf6c
309fcf61
30aacf56
30b4cf4c
30bfcf41
30cacf36
30d4cf2c
30dfcf21
30eacf16
30f4cf0c
30ffcf01
310acef6
3114ceec
311fcee1
312aced6
3134cecc
313fcec1
3149ceb7
3154ceac
315ecea2
3169ce97
3174ce8c
317ece82
3189ce77
3193ce6d
319ece62
31a8ce58
31b3ce4d
31bdce43
31c7ce39
31d2ce2e
31dcce24
31e7ce19
31f1ce0f
31fcce04
3206cdfa
3210cdf0
321bcde5
3225cddb
322fcdd1
323acdc6
3244cdbc
324ecdb2
3259cda7
3263cd9d
326dcd93
3278cd88
3282cd7e
328ccd74
3296cd6a
32a1cd5f
32abcd55
32b5cd4b
32bfcd41
32c9cd37
32d3cd2d
32decd22
32e8cd18
32f2cd0e
32fccd04
3306ccfa
3310ccf0
331acce6
3324ccdc
332eccd2
3339ccc7
3343ccbd
334dccb3
3357cca9
3361cc9f
336bcc95
3375cc8b
337fcc81
3389cc77
3392cc6e
339ccc64
33a6cc5a
33b0cc50
33bacc46
33c4cc3c
33cecc32
33d8cc28
33e2cc1e
33ebcc15
33f5cc0b
33ffcc01
3409cbf7
3413cbed
341ccbe4
3426cbda
3430cbd0
343acbc6
3443cbbd
344dcbb3
3457cba9
3461cb9f
346acb96
3474cb8c
347ecb82
3487cb79
3491cb6f
349bcb65
34a4cb5c
34aecb52
34b7cb49
34c1cb3f
34cacb36
34d4cb2c
34decb22
34e7cb19
34f1cb0f
34facb06
3504cafc
350dcaf3
3516caea
3520cae0
3529cad7
3533cacd
353ccac4
3546caba
354fcab1
3558caa8
3562ca9e
356bca95
3574ca8c
357eca82
3587ca79
3590ca70
359aca66
35a3ca5d
35acca54
35b5ca4b
35bfca41
35c8ca38
35d1ca2f
35daca26
35e3ca1d
35ecca14
35f6ca0a
35ffca01
3608c9f8
3611c9ef
361ac9e6
3623c9dd
362cc9d4
3635c9cb
363ec9c2
3647c9b9
3650c9b0
3659c9a7
3662c99e
366bc995
3674c98c
367dc983
3686c97a
368fc971
3698c968
36a1c95f
36aac956
36b3c94d
36bbc945
36c4c93c
36cdc933
36d6c92a
36dfc921
36e8c918
36f0c910
36f9c907
3702c8fe
370bc8f5
3713c8ed
371cc8e4
3725c8db
372dc8d3
3736c8ca
373fc8c1
3747c8b9
3750c8b0
3758c8a8
3761c89f
376ac896
3772c88e
377bc885
3783c87d
378cc874
3794c86c
379dc863
37a5c85b
37aec852
37b6c84a
37bfc841
37c7c839
37cfc831
37d8c828
37e0c820
37e8c818
37f1c80f
37f9c807
3801c7ff
380ac7f6
3812c7ee
381ac7e6
3823c7dd
382bc7d5
3833c7cd
383bc7c5
3844c7bc
384cc7b4
3854c7ac
385cc7a4
3864c79c
386cc794
3874c78c
387dc783
3885c77b
388dc773
3895c76b
389dc763
38a5c75b
38adc753
38b5c74b
38bdc743
38c5c73b
38cdc733
38d5c72b
38ddc723
38e4c71c
38ecc714
38f4c70c
38fcc704
3904c6fc
390cc6f4
3914c6ec
391bc6e5
3923c6dd
392bc6d5
3933c6cd
393ac6c6
3942c6be
394ac6b6
3952c6ae
3959c6a7
3961c69f
3968c698
3970c690
3978c688
397fc681
3987c679
398fc671
3996c66a
399ec662
39a5c65b
39adc653
39b4c64c
39bcc644
39c3c63d
39cbc635
39d2c62e
39d9c627
39e1c61f
39e8c618
39f0c610
39f7c609
39fec602
3a06c5fa
3a0dc5f3
3a14c5ec
3a1bc5e5
3a23c5dd
3a2ac5d6
3a31c5cf
3a38c5c8
3a40c5c0
3a47c5b9
3a4ec5b2
3a55c5ab
3a5cc5a4
3a63c59d
3a6ac596
3a71c58f
3a79c587
3a80c580
3a87c579
3a8ec572
3a95c56b
3a9cc564
3aa3c55d
3aaac556
3ab1c54f
3ab7c549
3abec542
3ac5c53b
3accc534
3ad3c52d
3adac526
3ae1c51f
3ae7c519
3aeec512
3af5c50b
3afcc504
3b03c4fd
3b09c4f7
3b10c4f0
3b17c4e9
3b1dc4e3
3b24c4dc
3b2bc4d5
3b31c4cf
3b38c4c8
3b3fc4c1
3b45c4bb
3b4cc4b4
3b52c4ae
3b59c4a7
3b5fc4a1
3b66c49a
3b6cc494
3b73c48d
3b79c487
3b80c480
3b86c47a
3b8cc474
3b93c46d
3b99c467
3ba0c460
3ba6c45a
3bacc454
3bb3c44d
3bb9c447
3bbfc441
3bc5c43b
3bccc434
3bd2c42e
3bd8c428
3bdec422
3be4c41c
3bebc415
3bf1c40f
3bf7c409
3bfdc403
3c03c3fd
3c09c3f7
3c0fc3f1
3c15c3eb
3c1bc3e5
3c21c3df
3c27c3d9
3c2dc3d3
3c33c3cd
3c39c3c7
3c3fc3c1
3c45c3bb
3c4bc3b5
3c51c3af
3c56c3aa
3c5cc3a4
3c62c39e
3c68c398
3c6ec392
3c73c38d
3c79c387
3c7fc381
3c85c37b
3c8ac376
3c90c370
3c96c36a
3c9bc365
3ca1c35f
3ca6c35a
3cacc354
3cb2c34e
3cb7c349
3cbdc343
3cc2c33e
3cc8c338
3ccdc333
3cd3c32d
3cd8c328
3cdec322
3ce3c31d
3ce8c318
3ceec312
3cf3c30d
3cf8c308
3cfec302
3d03c2fd
3d08c2f8
3d0ec2f2
3d13c2ed
3d18c2e8
3d1dc2e3
3d23c2dd
3d28c2d8
3d2dc2d3
3d32c2ce
3d37c2c9
3d3cc2c4
3d41c2bf
3d47c2b9
3d4cc2b4
3d51c2af
3d56c2aa
3d5bc2a5
3d60c2a0
3d65c29b
3d6ac296
3d6fc291
3d73c28d
3d78c288
3d7dc283
3d82c27e
3d87c279
3d8cc274
3d91c26f
3d95c26b
3d9ac266
3d9fc261
3da4c25c
3da8c258
3dadc253
3db2c24e
3db7c249
3dbbc245
3dc0c240
3dc4c23c
3dc9c237
3dcec232
3dd2c22e
3dd7c229
3ddbc225
3de0c220
3de4c21c
3de9c217
3dedc213
3df2c20e
3df6c20a
3dfbc205
3dffc201
3e03c1fd
3e08c1f8
3e0cc1f4
3e10c1f0
3e15c1eb
3e19c1e7
3e1dc1e3
3e21c1df
3e26c1da
3e2ac1d6
3e2ec1d2
3e32c1ce
3e36c1ca
3e3ac1c6
3e3fc1c1
3e43c1bd
3e47c1b9
3e4bc1b5
3e4fc1b1
3e53c1ad
3e57c1a9
3e5bc1a5
3e5fc1a1
3e63c19d
3e67c199
3e6bc195
3e6fc191
3e72c18e
3e76c18a
3e7ac186
3e7ec182
3e82c17e
3e86c17a
3e89c177
3e8dc173
3e91c16f
3e94c16c
3e98c168
3e9cc164
3ea0c160
3ea3c15d
3ea7c159
3eaac156
3eaec152
3eb2c14e
3eb5c14b
3eb9c147
3ebcc144
3ec0c140
3ec3c13d
3ec7c139
3ecac136
3ecdc133
3ed1c12f
3ed4c12c
3ed8c128
3edbc125
3edec122
3ee1c11f
3ee5c11b
3ee8c118
3eebc115
3eefc111
3ef2c10e
3ef5c10b
3ef8c108
3efbc105
3efec102
3f02c0fe
3f05c0fb
3f08c0f8
3f0bc0f5
3f0ec0f2
3f11c0ef
3f14c0ec
3f17c0e9
3f1ac0e6
3f1dc0e3
3f20c0e0
3f23c0dd
3f25c0db
3f28c0d8
3f2bc0d5
3f2ec0d2
3f31c0cf
3f34c0cc
3f36c0ca
3f39c0c7
3f3cc0c4
3f3fc0c1
3f41c0bf
3f44c0bc
3f47c0b9
3f49c0b7
3f4cc0b4
3f4fc0b1
3f51c0af
3f54c0ac
3f56c0aa
3f59c0a7
3f5bc0a5
3f5ec0a2
3f60c0a0
3f63c09d
3f65c09b
3f68c098
3f6ac096
3f6cc094
3f6fc091
3f71c08f
3f74c08c
3f76c08a
3f78c088
3f7ac086
3f7dc083
3f7fc081
3f81c07f
3f83c07d
3f85c07b
3f88c078
3f8ac076
3f8cc074
3f8ec072
3f90c070
3f92c06e
3f94c06c
3f96c06a
3f98c068
3f9ac066
3f9cc064
3f9ec062
3fa0c060
3fa2c05e
3fa4c05c
3fa6c05a
3fa8c058
3fa9c057
3fabc055
3fadc053
3fafc051
3fb1c04f
3fb2c04e
3fb4c04c
3fb6c04a
3fb7c049
3fb9c047
3fbbc045
3fbcc044
3fbec042
3fc0c040
3fc1c03f
3fc3c03d
3fc4c03c
3fc6c03a
3fc7c039
3fc9c037
3fcac036
3fccc034
3fcdc033
3fcec032
3fd0c030
3fd1c02f
3fd2c02e
3fd4c02c
3fd5c02b
3fd6c02a
3fd8c028
3fd9c027
3fdac026
3fdbc025
3fdcc024
3fdec022
3fdfc021
3fe0c020
3fe1c01f
3fe2c01e
3fe3c01d
3fe4c01c
3fe5c01b
3fe6c01a
3fe7c019
3fe8c018
3fe9c017
3feac016
3febc015
3fecc014
3fedc013
3feec012
3feec012
3fefc011
3ff0c010
3ff1c00f
3ff2c00e
3ff2c00e
3ff3c00d
3ff4c00c
3ff4c00c
3ff5c00b
3ff6c00a
3ff6c00a
3ff7c009
3ff8c008
3ff8c008
3ff9c007
3ff9c007
3ffac006
3ffac006
3ffbc005
3ffbc005
3ffcc004
3ffcc004
3ffcc004
3ffdc003
3ffdc003
3ffdc003
3ffec002
3ffec002
3ffec002
3fffc001
3fffc001
3fffc001
3fffc001
3fffc001
4000c000
4000c000
4000c000
4000c000
4000c000
4000c000
4000c000
4000c000
4000c000
4000c000
4000c000
4000c000
4000c000
4000c000
4000c000
4000c000
4000c000
3fffc001
3fffc001
3fffc001
3fffc001
3fffc001
3ffec002
3ffec002
3ffec002
3ffdc003
3ffdc003
3ffdc003
3ffcc004
3ffcc004
3ffcc004
3ffbc005
3ffbc005
3ffac006
3ffac006
3ff9c007
3ff9c007
3ff8c008
3ff8c008
3ff7c009
3ff6c00a
3ff6c00a
3ff5c00b
3ff4c00c
3ff4c00c
3ff3c00d
3ff2c00e
3ff2c00e
3ff1c00f
3ff0c010
3fefc011
3feec012
3feec012
3fedc013
3fecc014
3febc015
3feac016
3fe9c017
3fe8c018
3fe7c019
3fe6c01a
3fe5c01b
3fe4c01c
3fe3c01d
3fe2c01e
3fe1c01f
3fe0c020
3fdfc021
3fdec022
3fdcc024
3fdbc025
3fdac026
3fd9c027
3fd8c028
3fd6c02a
3fd5c02b
3fd4c02c
3fd2c02e
3fd1c02f
3fd0c030
3fcec032
3fcdc033
3fccc034
3fcac036
3fc9c037
3fc7c039
3fc6c03a
3fc4c03c
3fc3c03d
3fc1c03f
3fc0c040
3fbec042
3fbcc044
3fbbc045
3fb9c047
3fb7c049
3fb6c04a
3fb4c04c
3fb2c04e
3fb1c04f
3fafc051
3fadc053
3fabc055
3fa9c057
3fa8c058
3fa6c05a
3fa4c05c
3fa2c05e
3fa0c060
3f9ec062
3f9cc064
3f9ac066
3f98c068
3f96c06a
3f94c06c
3f92c06e
3f90c070
3f8ec072
3f8cc074
3f8ac076
3f88c078
3f85c07b
3f83c07d
3f81c07f
3f7fc081
3f7dc083
3f7ac086
3f78c088
3f76c08a
3f74c08c
3f71c08f
3f6fc091
3f6cc094
3f6ac096
3f68c098
3f65c09b
3f63c09d
3f60c0a0
3f5ec0a2
3f5bc0a5
3f59c0a7
3f56c0aa
3f54c0ac
3f51c0af
3f4fc0b1
3f4cc0b4
3f49c0b7
3f47c0b9
3f44c0bc
3f41c0bf
3f3fc0c1
3f3cc0c4
3f39c0c7
3f36c0ca
3f34c0cc
3f31c0cf
3f2ec0d2
3f2bc0d5
3f28c0d8
3f25c0db
3f23c0dd
3f20c0e0
3f1dc0e3
3f1ac0e6
3f17c0e9
3f14c0ec
3f11c0ef
3f0ec0f2
3f0bc0f5
3f08c0f8
3f05c0fb
3f02c0fe
3efec102
3efbc105
3ef8c108
3ef5c10b
3ef2c10e
3eefc111
3eebc115
3ee8c118
3ee5c11b
3ee1c11f
3edec122
3edbc125
3ed8c128
3ed4c12c
3ed1c12f
3ecdc133
3ecac136
3ec7c139
3ec3c13d
3ec0c140
3ebcc144
3eb9c147
3eb5c14b
3eb2c14e
3eaec152
3eaac156
3ea7c159
3ea3c15d
3ea0c160
3e9cc164
3e98c168
3e94c16c
3e91c16f
3e8dc173
3e89c177
3e86c17a
3e82c17e
3e7ec182
3e7ac186
3e76c18a
3e72c18e
3e6fc191
3e6bc195
3e67c199
3e63c19d
3e5fc1a1
3e5bc1a5
3e57c1a9
3e53c1ad
3e4fc1b1
3e4bc1b5
3e47c1b9
3e43c1bd
3e3fc1c1
3e3ac1c6
3e36c1ca
3e32c1ce
3e2ec1d2
3e2ac1d6
3e26c1da
3e21c1df
3e1dc1e3
3e19c1e7
3e15c1eb
3e10c1f0
3e0cc1f4
3e08c1f8
3e03c1fd
3dffc201
3dfbc205
3df6c20a
3df2c20e
3dedc213
3de9c217
3de4c21c
3de0c220
3ddbc225
3dd7c229
3dd2c22e
3dcec232
3dc9c237
3dc4c23c
3dc0c240
3dbbc245
3db7c249
3db2c24e
3dadc253
3da8c258
3da4c25c
3d9fc261
3d9ac266
3d95c26b
3d91c26f
3d8cc274
3d87c279
3d82c27e
3d7dc283
3d78c288
3d73c28d
3d6fc291
3d6ac296
3d65c29b
3d60c2a0
3d5bc2a5
3d56c2aa
3d51c2af
3d4cc2b4
3d47c2b9
3d41c2bf
3d3cc2c4
3d37c2c9
3d32c2ce
3d2dc2d3
3d28c2d8
3d23c2dd
3d1dc2e3
3d18c2e8
3d13c2ed
3d0ec2f2
3d08c2f8
3d03c2fd
3cfec302
3cf8c308
3cf3c30d
3ceec312
3ce8c318
3ce3c31d
3cdec322
3cd8c328
3cd3c32d
3ccdc333
3cc8c338
3cc2c33e
3cbdc343
3cb7c349
3cb2c34e
3cacc354
3ca6c35a
3ca1c35f
3c9bc365
3c96c36a
3c90c370
3c8ac376
3c85c37b
3c7fc381
3c79c387
3c73c38d
3c6ec392
3c68c398
3c62c39e
3c5cc3a4
3c56c3aa
3c51c3af
3c4bc3b5
3c45c3bb
3c3fc3c1
3c39c3c7
3c33c3cd
3c2dc3d3
3c27c3d9
3c21c3df
3c1bc3e5
3c15c3eb
3c0fc3f1
3c09c3f7
3c03c3fd
3bfdc403
3bf7c409
3bf1c40f
3bebc415
3be4c41c
3bdec422
3bd8c428
3bd2c42e
3bccc434
3bc5c43b
3bbfc441
3bb9c447
3bb3c44d
3bacc454
3ba6c45a
3ba0c460
3b99c467
3b93c46d
3b8cc474
3b86c47a
3b80c480
3b79c487
3b73c48d
3b6cc494
3b66c49a
3b5fc4a1
3b59c4a7
3b52c4ae
3b4cc4b4
3b45c4bb
3b3fc4c1
3b38c4c8
3b31c4cf
3b2bc4d5
3b24c4dc
3b1dc4e3
3b17c4e9
3b10c4f0
3b09c4f7
3b03c4fd
3afcc504
3af5c50b
3aeec512
3ae7c519
3ae1c51f
3adac526
3ad3c52d
3accc534
3ac5c53b
3abec542
3ab7c549
3ab1c54f
3aaac556
3aa3c55d
3a9cc564
3a95c56b
3a8ec572
3a87c579
3a80c580
3a79c587
3a71c58f
3a6ac596
3a63c59d
3a5cc5a4
3a55c5ab
3a4ec5b2
3a47c5b9
3a40c5c0
3a38c5c8
3a31c5cf
3a2ac5d6
3a23c5dd
3a1bc5e5
3a14c5ec
3a0dc5f3
3a06c5fa
39fec602
39f7c609
39f0c610
39e8c618
39e1c61f
39d9c627
39d2c62e
39cbc635
39c3c63d
39bcc644
39b4c64c
39adc653
39a5c65b
399ec662
3996c66a
398fc671
3987c679
397fc681
3978c688
3970c690
3968c698
3961c69f
3959c6a7
3952c6ae
394ac6b6
3942c6be
393ac6c6
3933c6cd
392bc6d5
3923c6dd
391bc6e5
3914c6ec
390cc6f4
3904c6fc
38fcc704
38f4c70c
38ecc714
38e4c71c
38ddc723
38d5c72b
38cdc733
38c5c73b
38bdc743
38b5c74b
38adc753
38a5c75b
389dc763
3895c76b
388dc773
3885c77b
387dc783
3874c78c
386cc794
3864c79c
385cc7a4
3854c7ac
384cc7b4
3844c7bc
383bc7c5
3833c7cd
382bc7d5
3823c7dd
381ac7e6
3812c7ee
380ac7f6
3801c7ff
37f9c807
37f1c80f
37e8c818
37e0c820
37d8c828
37cfc831
37c7c839
37bfc841
37b6c84a
37aec852
37a5c85b
379dc863
3794c86c
378cc874
3783c87d
377bc885
3772c88e
376ac896
3761c89f
3758c8a8
3750c8b0
3747c8b9
373fc8c1
3736c8ca
372dc8d3
3725c8db
371cc8e4
3713c8ed
370bc8f5
3702c8fe
36f9c907
36f0c910
36e8c918
36dfc921
36d6c92a
36cdc933
36c4c93c
36bbc945
36b3c94d
36aac956
36a1c95f
3698c968
368fc971
3686c97a
367dc983
3674c98c
366bc995
3662c99e
3659c9a7
3650c9b0
3647c9b9
363ec9c2
3635c9cb
362cc9d4
3623c9dd
361ac9e6
3611c9ef
3608c9f8
35ffca01
35f6ca0a
35ecca14
35e3ca1d
35daca26
35d1ca2f
35c8ca38
35bfca41
35b5ca4b
35acca54
35a3ca5d
359aca66
3590ca70
3587ca79
357eca82
3574ca8c
356bca95
3562ca9e
3558caa8
354fcab1
3546caba
353ccac4
3533cacd
3529cad7
3520cae0
3516caea
350dcaf3
3504cafc
34facb06
34f1cb0f
34e7cb19
34decb22
34d4cb2c
34cacb36
34c1cb3f
34b7cb49
34aecb52
34a4cb5c
349bcb65
3491cb6f
3487cb79
347ecb82
3474cb8c
346acb96
3461cb9f
3457cba9
344dcbb3
3443cbbd
343acbc6
3430cbd0
3426cbda
341ccbe4
3413cbed
3409cbf7
33ffcc01
33f5cc0b
33ebcc15
33e2cc1e
33d8cc28
33cecc32
33c4cc3c
33bacc46
33b0cc50
33a6cc5a
339ccc64
3392cc6e
3389cc77
337fcc81
3375cc8b
336bcc95
3361cc9f
3357cca9
334dccb3
3343ccbd
3339ccc7
332eccd2
3324ccdc
331acce6
3310ccf0
3306ccfa
32fccd04
32f2cd0e
32e8cd18
32decd22
32d3cd2d
32c9cd37
32bfcd41
32b5cd4b
32abcd55
32a1cd5f
3296cd6a
328ccd74
3282cd7e
3278cd88
326dcd93
3263cd9d
3259cda7
324ecdb2
3244cdbc
323acdc6
322fcdd1
3225cddb
321bcde5
3210cdf0
3206cdfa
31fcce04
31f1ce0f
31e7ce19
31dcce24
31d2ce2e
31c7ce39
31bdce43
31b3ce4d
31a8ce58
319ece62
3193ce6d
3189ce77
317ece82
3174ce8c
3169ce97
315ecea2
3154ceac
3149ceb7
313fcec1
3134cecc
312aced6
311fcee1
3114ceec
310acef6
30ffcf01
30f4cf0c
30eacf16
30dfcf21
30d4cf2c
30cacf36
30bfcf41
30b4cf4c
30aacf56
309fcf61
3094cf6c
3089cf77
307fcf81
3074cf8c
3069cf97
305ecfa2
3053cfad
3049cfb7
303ecfc2
3033cfcd
3028cfd8
301dcfe3
3012cfee
3008cff8
2ffdd003
2ff2d00e
2fe7d019
2fdcd024
2fd1d02f
2fc6d03a
2fbbd045
2fb0d050
2fa5d05b
2f9ad066
2f8fd071
2f84d07c
2f79d087
2f6ed092
2f63d09d
2f58d0a8
2f4dd0b3
2f42d0be
2f37d0c9
2f2cd0d4
2f21d0df
2f16d0ea
2f0bd0f5
2f00d100
2ef5d10b
2eead116
2eded122
2ed3d12d
2ec8d138
2ebdd143
2eb2d14e
2ea7d159
2e9bd165
2e90d170
2e85d17b
2e7ad186
2e6fd191
2e63d19d
2e58d1a8
2e4dd1b3
2e42d1be
2e36d1ca
2e2bd1d5
2e20d1e0
2e15d1eb
2e09d1f7
2dfed202
2df3d20d
2de7d219
2ddcd224
2dd1d22f
2dc5d23b
2dbad246
2dafd251
2da3d25d
2d98d268
2d8dd273
2d81d27f
2d76d28a
2d6ad296
2d5fd2a1
2d54d2ac
2d48d2b8
2d3dd2c3
2d31d2cf
2d26d2da
2d1ad2e6
2d0fd2f1
2d03d2fd
2cf8d308
2cecd314
2ce1d31f
2cd5d32b
2ccad336
2cbed342
2cb3d34d
2ca7d359
2c9cd364
2c90d370
2c85d37b
2c79d387
2c6ed392
2c62d39e
2c56d3aa
2c4bd3b5
2c3fd3c1
2c34d3cc
2c28d3d8
2c1cd3e4
2c11d3ef
2c05d3fb
2bf9d407
2beed412
2be2d41e
2bd6d42a
2bcbd435
2bbfd441
2bb3d44d
2ba8d458
2b9cd464
2b90d470
2b85d47b
2b79d487
2b6dd493
2b61d49f
2b56d4aa
2b4ad4b6
2b3ed4c2
2b32d4ce
2b26d4da
2b1bd4e5
2b0fd4f1
2b03d4fd
2af7d509
2aecd514
2ae0d520
2ad4d52c
2ac8d538
2abcd544
2ab0d550
2aa5d55b
2a99d567
2a8dd573
2a81d57f
2a75d58b
2a69d597
2a5dd5a3
2a51d5af
2a46d5ba
2a3ad5c6
2a2ed5d2
2a22d5de
2a16d5ea
2a0ad5f6
29fed602
29f2d60e
29e6d61a
29dad626
29ced632
29c2d63e
29b6d64a
29aad656
299ed662
2992d66e
2986d67a
297ad686
296ed692
2962d69e
2956d6aa
294ad6b6
293ed6c2
2932d6ce
2926d6da
291ad6e6
290ed6f2
2902d6fe
28f6d70a
28ead716
28ded722
28d2d72e
28c6d73a
28bad746
28add753
28a1d75f
2895d76b
2889d777
287dd783
2871d78f
2865d79b
2859d7a7
284dd7b3
2840d7c0
2834d7cc
2828d7d8
281cd7e4
2810d7f0
2804d7fc
27f7d809
27ebd815
27dfd821
27d3d82d
27c7d839
27bbd845
27aed852
27a2d85e
2796d86a
278ad876
277ed882
2771d88f
2765d89b
2759d8a7
274dd8b3
2740d8c0
2734d8cc
2728d8d8
271cd8e4
270fd8f1
2703d8fd
26f7d909
26ebd915
26ded922
26d2d92e
26c6d93a
26b9d947
26add953
26a1d95f
2695d96b
2688d978
267cd984
2670d990
2663d99d
2657d9a9
264bd9b5
263ed9c2
2632d9ce
2626d9da
2619d9e7
260dd9f3
2601d9ff
25f4da0c
25e8da18
25dcda24
25cfda31
25c3da3d
25b7da49
25aada56
259eda62
2592da6e
2585da7b
2579da87
256cda94
2560daa0
2554daac
2547dab9
253bdac5
252edad2
2522dade
2516daea
2509daf7
24fddb03
24f0db10
24e4db1c
24d8db28
24cbdb35
24bfdb41
24b2db4e
24a6db5a
2499db67
248ddb73
2481db7f
2474db8c
2468db98
245bdba5
244fdbb1
2442dbbe
2436dbca
2429dbd7
241ddbe3
2410dbf0
2404dbfc
23f8dc08
23ebdc15
23dfdc21
23d2dc2e
23c6dc3a
23b9dc47
23addc53
23a0dc60
2394dc6c
2387dc79
237bdc85
236edc92
2362dc9e
2355dcab
2349dcb7
233cdcc4
2330dcd0
2323dcdd
2317dce9
230adcf6
22fedd02
22f1dd0f
22e5dd1b
22d8dd28
22ccdd34
22bfdd41
22b3dd4d
22a6dd5a
229add66
228ddd73
2280dd80
2274dd8c
2267dd99
225bdda5
224eddb2
2242ddbe
2235ddcb
2229ddd7
221cdde4
2210ddf0
2203ddfd
21f7de09
21eade16
21dede22
21d1de2f
21c4de3c
21b8de48
21abde55
219fde61
2192de6e
2186de7a
2179de87
216dde93
2160dea0
2153dead
2147deb9
213adec6
212eded2
2121dedf
2115deeb
2108def8
20fcdf04
20efdf11
20e2df1e
20d6df2a
20c9df37
20bddf43
20b0df50
20a4df5c
2097df69
208adf76
207edf82
2071df8f
2065df9b
2058dfa8
204cdfb4
203fdfc1
2033dfcd
2026dfda
2019dfe7
200ddff3
2000e000
1ff4e00c
1fe7e019
1fdbe025
1fcee032
1fc1e03f
1fb5e04b
1fa8e058
1f9ce064
1f8fe071
1f83e07d
1f76e08a
1f69e097
1f5de0a3
1f50e0b0
1f44e0bc
1f37e0c9
1f2be0d5
1f1ee0e2
1f12e0ee
1f05e0fb
1ef8e108
1eece114
1edfe121
1ed3e12d
1ec6e13a
1ebae146
1eade153
1ea0e160
1e94e16c
1e87e179
1e7be185
1e6ee192
1e62e19e
1e55e1ab
1e49e1b7
1e3ce1c4
1e30e1d0
1e23e1dd
1e16e1ea
1e0ae1f6
1dfde203
1df1e20f
1de4e21c
1dd8e228
1dcbe235
1dbfe241
1db2e24e
1da6e25a
1d99e267
1d8de273
1d80e280
1d73e28d
1d67e299
1d5ae2a6
1d4ee2b2
1d41e2bf
1d35e2cb
1d28e2d8
1d1ce2e4
1d0fe2f1
1d03e2fd
1cf6e30a
1ceae316
1cdde323
1cd1e32f
1cc4e33c
1cb8e348
1cabe355
1c9fe361
1c92e36e
1c86e37a
1c79e387
1c6de393
1c60e3a0
1c54e3ac
1c47e3b9
1c3be3c5
1c2ee3d2
1c22e3de
1c15e3eb
1c09e3f7
1bfde403
1bf0e410
1be4e41c
1bd7e429
1bcbe435
1bbee442
1bb2e44e
1ba5e45b
1b99e467
1b8ce474
1b80e480
1b74e48c
1b67e499
1b5be4a5
1b4ee4b2
1b42e4be
1b35e4cb
1b29e4d7
1b1de4e3
1b10e4f0
1b04e4fc
1af7e509
1aebe515
1adee522
1ad2e52e
1ac6e53a
1ab9e547
1aade553
1aa0e560
1a94e56c
1a88e578
1a7be585
1a6fe591
1a63e59d
1a56e5aa
1a4ae5b6
1a3ee5c2
1a31e5cf
1a25e5db
1a18e5e8
1a0ce5f4
1a00e600
19f3e60d
19e7e619
19dbe625
19cee632
19c2e63e
19b6e64a
19a9e657
199de663
1991e66f
1984e67c
1978e688
196ce694
1960e6a0
1953e6ad
1947e6b9
193be6c5
192ee6d2
1922e6de
1916e6ea
190ae6f6
18fde703
18f1e70f
18e5e71b
18d9e727
18cce734
18c0e740
18b4e74c
18a8e758
189be765
188fe771
1883e77d
1877e789
186be795
185ee7a2
1852e7ae
1846e7ba
183ae7c6
182ee7d2
1821e7df
1815e7eb
1809e7f7
17fde803
17f1e80f
17e5e81b
17d8e828
17cce834
17c0e840
17b4e84c
17a8e858
179ce864
1790e870
1783e87d
1777e889
176be895
175fe8a1
1753e8ad
1747e8b9
173be8c5
172fe8d1
1723e8dd
1717e8e9
170be8f5
16fee902
16f2e90e
16e6e91a
16dae926
16cee932
16c2e93e
16b6e94a
16aae956
169ee962
1692e96e
1686e97a
167ae986
166ee992
1662e99e
1656e9aa
164ae9b6
163ee9c2
1632e9ce
1626e9da
161ae9e6
160ee9f2
1603e9fd
15f7ea09
15ebea15
15dfea21
15d3ea2d
15c7ea39
15bbea45
15afea51
15a3ea5d
1597ea69
158bea75
1580ea80
1574ea8c
1568ea98
155ceaa4
1550eab0
1544eabc
1538eac8
152dead3
1521eadf
1515eaeb
1509eaf7
14fdeb03
14f2eb0e
14e6eb1a
14daeb26
14ceeb32
14c2eb3e
14b7eb49
14abeb55
149feb61
1493eb6d
1488eb78
147ceb84
1470eb90
1465eb9b
1459eba7
144debb3
1441ebbf
1436ebca
142aebd6
141eebe2
1413ebed
1407ebf9
13fbec05
13f0ec10
13e4ec1c
13d9ec27
13cdec33
13c1ec3f
13b6ec4a
13aaec56
139fec61
1393ec6d
1387ec79
137cec84
1370ec90
1365ec9b
1359eca7
134eecb2
1342ecbe
1337ecc9
132becd5
1320ece0
1314ecec
1309ecf7
12fded03
12f2ed0e
12e6ed1a
12dbed25
12cfed31
12c4ed3c
12b8ed48
12aded53
12a1ed5f
1296ed6a
128bed75
127fed81
1274ed8c
1268ed98
125deda3
1252edae
1246edba
123bedc5
1230edd0
1224eddc
1219ede7
120eedf2
1202edfe
11f7ee09
11ecee14
11e1ee1f
11d5ee2b
11caee36
11bfee41
11b4ee4c
11a8ee58
119dee63
1192ee6e
1187ee79
117bee85
1170ee90
1165ee9b
115aeea6
114feeb1
1144eebc
1138eec8
112deed3
1122eede
1117eee9
110ceef4
1101eeff
10f6ef0a
10ebef15
10dfef21
10d4ef2c
10c9ef37
10beef42
10b3ef4d
10a8ef58
109def63
1092ef6e
1087ef79
107cef84
1071ef8f
1066ef9a
105befa5
1050efb0
1045efbb
103aefc6
102fefd1
1025efdb
101aefe6
100feff1
1004effc
0ff9f007
0feef012
0fe3f01d
0fd8f028
0fcef032
0fc3f03d
0fb8f048
0fadf053
0fa2f05e
0f98f068
0f8df073
0f82f07e
0f77f089
0f6cf094
0f62f09e
0f57f0a9
0f4cf0b4
0f42f0be
0f37f0c9
0f2cf0d4
0f21f0df
0f17f0e9
0f0cf0f4
0f01f0ff
0ef7f109
0eecf114
0ee2f11e
0ed7f129
0eccf134
0ec2f13e
0eb7f149
0eadf153
0ea2f15e
0e97f169
0e8df173
0e82f17e
0e78f188
0e6df193
0e63f19d
0e58f1a8
0e4ef1b2
0e43f1bd
0e39f1c7
0e2ff1d1
0e24f1dc
0e1af1e6
0e0ff1f1
0e05f1fb
0dfbf205
0df0f210
0de6f21a
0ddbf225
0dd1f22f
0dc7f239
0dbcf244
0db2f24e
0da8f258
0d9ef262
0d93f26d
0d89f277
0d7ff281
0d74f28c
0d6af296
0d60f2a0
0d56f2aa
0d4cf2b4
0d41f2bf
0d37f2c9
0d2df2d3
0d23f2dd
0d19f2e7
0d0ff2f1
0d04f2fc
0cfaf306
0cf0f310
0ce6f31a
0cdcf324
0cd2f32e
0cc8f338
0cbef342
0cb4f34c
0caaf356
0ca0f360
0c96f36a
0c8cf374
0c82f37e
0c78f388
0c6ef392
0c64f39c
0c5af3a6
0c50f3b0
0c46f3ba
0c3cf3c4
0c33f3cd
0c29f3d7
0c1ff3e1
0c15f3eb
0c0bf3f5
0c01f3ff
0bf8f408
0beef412
0be4f41c
0bdaf426
0bd0f430
0bc7f439
0bbdf443
0bb3f44d
0baaf456
0ba0f460
0b96f46a
0b8df473
0b83f47d
0b79f487
0b70f490
0b66f49a
0b5cf4a4
0b53f4ad
0b49f4b7
0b40f4c0
0b36f4ca
0b2df4d3
0b23f4dd
0b19f4e7
0b10f4f0
0b06f4fa
0afdf503
0af3f50d
0aeaf516
0ae1f51f
0ad7f529
0acef532
0ac4f53c
0abbf545
0ab2f54e
0aa8f558
0a9ff561
0a95f56b
0a8cf574
0a83f57d
0a7af586
0a70f590
0a67f599
0a5ef5a2
0a54f5ac
0a4bf5b5
0a42f5be
0a39f5c7
0a30f5d0
0a26f5da
0a1df5e3
0a14f5ec
0a0bf5f5
0a02f5fe
09f9f607
09f0f610
09e6f61a
09ddf623
09d4f62c
09cbf635
09c2f63e
09b9f647
09b0f650
09a7f659
099ef662
0995f66b
098cf674
0983f67d
097af686
0971f68f
0969f697
0960f6a0
0957f6a9
094ef6b2
0945f6bb
093cf6c4
0933f6cd
092bf6d5
0922f6de
0919f6e7
0910f6f0
0907f6f9
08fff701
08f6f70a
08edf713
08e5f71b
08dcf724
08d3f72d
08cbf735
08c2f73e
08b9f747
08b1f74f
08a8f758
089ff761
0897f769
088ef772
0886f77a
087df783
0875f78b
086cf794
0864f79c
085bf7a5
0853f7ad
084af7b6
0842f7be
083af7c6
0831f7cf
0829f7d7
0820f7e0
0818f7e8
0810f7f0
0807f7f9
07fff801
07f7f809
07eef812
07e6f81a
07def822
07d6f82a
07cdf833
07c5f83b
07bdf843
07b5f84b
07adf853
07a4f85c
079cf864
0794f86c
078cf874
0784f87c
077cf884
0774f88c
076cf894
0764f89c
075cf8a4
0754f8ac
074cf8b4
0744f8bc
073cf8c4
0734f8cc
072cf8d4
0724f8dc
071cf8e4
0714f8ec
070cf8f4
0704f8fc
06fdf903
06f5f90b
06edf913
06e5f91b
06ddf923
06d6f92a
06cef932
06c6f93a
06bef942
06b7f949
06aff951
06a7f959
06a0f960
0698f968
0690f970
0689f977
0681f97f
067af986
0672f98e
066af996
0663f99d
065bf9a5
0654f9ac
064cf9b4
0645f9bb
063df9c3
0636f9ca
062ff9d1
0627f9d9
0620f9e0
0618f9e8
0611f9ef
060af9f6
0602f9fe
05fbfa05
05f4fa0c
05ecfa14
05e5fa1b
05defa22
05d7fa29
05cffa31
05c8fa38
05c1fa3f
05bafa46
05b3fa4d
05abfa55
05a4fa5c
059dfa63
0596fa6a
058ffa71
0588fa78
0581fa7f
057afa86
0573fa8d
056cfa94
0565fa9b
055efaa2
0557faa9
0550fab0
0549fab7
0542fabe
053bfac5
0534facc
052efad2
0527fad9
0520fae0
0519fae7
0512faee
050bfaf5
0505fafb
04fefb02
04f7fb09
04f0fb10
04eafb16
04e3fb1d
04dcfb24
04d6fb2a
04cffb31
04c9fb37
04c2fb3e
04bbfb45
04b5fb4b
04aefb52
04a8fb58
04a1fb5f
049bfb65
0494fb6c
048efb72
0487fb79
0481fb7f
047afb86
0474fb8c
046efb92
0467fb99
0461fb9f
045bfba5
0454fbac
044efbb2
0448fbb8
0441fbbf
043bfbc5
0435fbcb
042ffbd1
0428fbd8
0422fbde
041cfbe4
0416fbea
0410fbf0
040afbf6
0404fbfc
03fefc02
03f7fc09
03f1fc0f
03ebfc15
03e5fc1b
03dffc21
03d9fc27
03d3fc2d
03cdfc33
03c8fc38
03c2fc3e
03bcfc44
03b6fc4a
03b0fc50
03aafc56
03a4fc5c
039ffc61
0399fc67
0393fc6d
038dfc73
0387fc79
0382fc7e
037cfc84
0376fc8a
0371fc8f
036bfc95
0365fc9b
0360fca0
035afca6
0354fcac
034ffcb1
0349fcb7
0344fcbc
033efcc2
0339fcc7
0333fccd
032efcd2
0328fcd8
0323fcdd
031efce2
0318fce8
0313fced
030dfcf3
0308fcf8
0303fcfd
02fdfd03
02f8fd08
02f3fd0d
02eefd12
02e8fd18
02e3fd1d
02defd22
02d9fd27
02d4fd2c
02cefd32
02c9fd37
02c4fd3c
02bffd41
02bafd46
02b5fd4b
02b0fd50
02abfd55
02a6fd5a
02a1fd5f
029cfd64
0297fd69
0292fd6e
028dfd73
0288fd78
0283fd7d
027efd82
0279fd87
0275fd8b
0270fd90
026bfd95
0266fd9a
0261fd9f
025dfda3
0258fda8
0253fdad
024ffdb1
024afdb6
0245fdbb
0241fdbf
023cfdc4
0237fdc9
0233fdcd
022efdd2
022afdd6
0225fddb
0221fddf
021cfde4
0218fde8
0213fded
020ffdf1
020afdf6
0206fdfa
0202fdfe
01fdfe03
01f9fe07
01f5fe0b
01f0fe10
01ecfe14
01e8fe18
01e3fe1d
01dffe21
01dbfe25
01d7fe29
01d3fe2d
01cefe32
01cafe36
01c6fe3a
01c2fe3e
01befe42
01bafe46
01b6fe4a
01b2fe4e
01aefe52
01aafe56
01a6fe5a
01a2fe5e
019efe62
019afe66
0196fe6a
0192fe6e
018efe72
018afe76
0186fe7a
0183fe7d
017ffe81
017bfe85
0177fe89
0173fe8d
0170fe90
016cfe94
0168fe98
0165fe9b
0161fe9f
015dfea3
015afea6
0156feaa
0153fead
014ffeb1
014bfeb5
0148feb8
0144febc
0141febf
013dfec3
013afec6
0137fec9
0133fecd
0130fed0
012cfed4
0129fed7
0126feda
0122fede
011ffee1
011cfee4
0118fee8
0115feeb
0112feee
010ffef1
010cfef4
0108fef8
0105fefb
0102fefe
00ffff01
00fcff04
00f9ff07
00f6ff0a
00f3ff0d
00f0ff10
00edff13
00eaff16
00e7ff19
00e4ff1c
00e1ff1f
00deff22
00dbff25
00d8ff28
00d5ff2b
00d2ff2e
00d0ff30
00cdff33
00caff36
00c7ff39
00c5ff3b
00c2ff3e
00bfff41
00bcff44
00baff46
00b7ff49
00b4ff4c
00b2ff4e
00afff51
00adff53
00aaff56
00a8ff58
00a5ff5b
00a3ff5d
00a0ff60
009eff62
009bff65
0099ff67
0096ff6a
0094ff6c
0092ff6e
008fff71
008dff73
008bff75
0088ff78
0086ff7a
0084ff7c
0082ff7e
007fff81
007dff83
007bff85
0079ff87
0077ff89
0075ff8b
0072ff8e
0070ff90
006eff92
006cff94
006aff96
0068ff98
0066ff9a
0064ff9c
0062ff9e
0060ffa0
005fffa1
005dffa3
005bffa5
0059ffa7
0057ffa9
0055ffab
0053ffad
0052ffae
0050ffb0
004effb2
004cffb4
004bffb5
0049ffb7
0047ffb9
0046ffba
0044ffbc
0043ffbd
0041ffbf
003fffc1
003effc2
003cffc4
003bffc5
0039ffc7
0038ffc8
0036ffca
0035ffcb
0034ffcc
0032ffce
0031ffcf
002fffd1
002effd2
002dffd3
002bffd5
002affd6
0029ffd7
0028ffd8
0026ffda
0025ffdb
0024ffdc
0023ffdd
0022ffde
0021ffdf
0020ffe0
001effe2
001dffe3
001cffe4
001bffe5
001affe6
0019ffe7
0018ffe8
0017ffe9
0016ffea
0016ffea
0015ffeb
0014ffec
0013ffed
0012ffee
0011ffef
0010fff0
0010fff0
000ffff1
000efff2
000dfff3
000dfff3
000cfff4
000bfff5
000bfff5
000afff6
000afff6
0009fff7
0008fff8
0008fff8
0007fff9
0007fff9
0006fffa
0006fffa
0005fffb
0005fffb
0005fffb
0004fffc
0004fffc
0003fffd
0003fffd
0003fffd
0002fffe
0002fffe
0002fffe
0002fffe
0001ffff
0001ffff
0001ffff
0001ffff
0001ffff
0001ffff
00000000
00000000
00000000
00000000
00000000
