0000000000000000
0000000000000000
0000000000000000
0000000000000000
0000000000000000
0000000000000000
0000000000000000
0000000000000000
0000000000000000
0000000000000000
0000000000000000
0000000000000000
0000000000000000
0000000000000000
0000000000000000
0000000000000000
0000000000000000
0000000000000000
0000000000000000
0000000000000000
0000000000000000
0000000000000000
0000000000000000
0000000000000000
0000000000000000
0000000000000000
0000000000000000
0000000000000000
0000000000000000
0000000000000000
0000000000000000
0000000000000000
0000000000000000
0000000000000000
0000000000000000
0000000000000000
0000000000000000
0000000000000000
0000000000000000
0000000000000000
0000000000000000
0000000000000000
0000000000000000
0000000000000000
0000000000000000
0000000000000000
0000000000000000
0000000000000000
0000000000000000
0000000000000000
0000000000000000
0000000000000000
0000000000000000
0000000000000000
0000000000000000
0000000000000000
0000000000000000
0000000000000000
0000000000000000
0000000000000000
0000000000000000
0000000000000000
0000000000000000
0000000000000000
0000000000000000
0000000000000000
0000000000000000
0000000000000000
0000000000000000
0000000000000000
0000000000000000
0000000000000000
0000000000000000
0000000000000000
0000000000000000
0000000000000000
0000000000000000
0000000000000000
0000000000000000
0000000000000000
0000000000000000
0000000000000000
0000000000000000
0000000000000000
0000000000000000
0000000000000000
0000000000000000
0000000000000000
0000000000000000
0000000000000000
0000000000000000
0000000000000000
0000000000000000
0000000000000000
0000000000000000
0000000000000000
0000000000000000
0000000000000000
0000000000000000
0000000000000000
0000000000000000
0000000000000000
0000000000000000
0000000000000000
0000000000000000
0000000000000000
0000000000000000
0000000000000000
0000000000000000
0000000000000000
0000000000000000
0000000000000000
0000000000000000
0000000000000000
0000000000000000
0000000000000000
0000000000000000
0000000000000000
0000000000000000
0000000000000000
0000000000000000
0000000000000000
0000000000000000
0000000000000000
0000000000000000
0000000000000000
0000000000000000
0000000000000000
0000000000000000
0000000000000000
0000000000000000
0000000000000000
0000000000000000
0000000000000000
0000000000000000
0000000000000000
0000000000000000
0000000000000000
0000000000000000
0000000000000000
0000000000000000
0000000000000000
0000000000000000
0000000000000000
0000000000000000
0000000000000000
0000000000000000
0000000000000000
0000000000000000
0000000000000000
0000000000000000
0000000000000000
0000000000000000
0000000000000000
0000000000000000
0000000000000000
0000000000000000
0000000000000000
0000000000000000
0000000000000000
0000000000000000
0000000000000000
0000000000000000
0000000000000000
0000000000000000
0000000000000000
0000000000000000
0000000000000000
0000000000000000
0000000000000000
0000000000000000
0000000000000000
0000000000000000
0000000000000000
0000000000000000
0000000000000000
0000000000000000
0000000000000000
0000000000000000
0000000000000000
0000000000000000
0000000000000000
0000000000000000
0000000000000000
0000000000000000
0000000000000000
0000000000000000
0000000000000000
0000000000000000
0000000000000000
0000000000000000
0000000000000000
0000000000000000
0000000000000000
0000000000000000
0000000000000000
0000000000000000
0000000000000000
0000000000000000
0000000000000000
0000000000000000
0000000000000000
0000000000000000
0000000000000000
0000000000000000
0000000000000000
0000000000000000
0000000000000000
0000000000000000
0000000000000000
0000000000000000
0000000000000000
0000000000000000
0000000000000000
0000000000000000
0000000000000000
0000000000000000
0000000000000000
0000000000000000
0000000000000000
0000000000000000
0000000000000000
0000000000000000
0000000000000000
0000000000000000
0000000000000000
0000000000000000
0000000000000000
0000000000000000
0000000000000000
0000000000000000
0000000000000000
0000000000000000
0000000000000000
0000000000000000
0000000000000000
0000000000000000
0000000000000000
0000000000000000
0000000000000000
0000000000000000
0000000000000000
0000000000000000
0000000000000000
0000000000000000
0000000000000000
0000000000000000
0000000000000000
0000000000000000
0000000000000000
0000000000000000
0000000000000000
0000000000000000
0000000000000000
0000000000000000
0000000000000000
0000000000000000
0000000000000000
0000000000000000
0000000000000000
0000000000000000
0000000000000000
0000000000000000
0000000000000000
0000000000000000
0000000000000000
0000000000000000
0000000000000000
0000000000000000
0000000000000000
0000000000000000
0000000000000000
0000000000000000
0000000000000000
0000000000000000
0000000000000000
0000000000000000
0000000000000000
0000000000000000
0000000000000000
0000000000000000
0000000000000000
0000000000000000
0000000000000000
0000000000000000
0000000000000000
0000000000000000
0000000000000000
0000000000000000
0000000000000000
0000000000000000
0000000000000000
0000000000000000
0000000000000000
0000000000000000
0000000000000000
0000000000000000
0000000000000000
0000000000000000
0000000000000000
0000000000000000
0000000000000000
0000000000000000
0000000000000000
0000000000000000
0000000000000000
0000000000000000
0000000000000000
0000000000000000
0000000000000000
0000000000000000
0000000000000000
0000000000000000
0000000000000000
0000000000000000
0000000000000000
0000000000000000
0000000000000000
0000000000000000
0000000000000000
0000000000000000
0000000000000000
0000000000000000
0000000000000000
0000000000000000
0000000000000000
0000000000000000
0000000000000000
0000000000000000
0000000000000000
0000000000000000
0000000000000000
0000000000000000
0000000000000000
0000000000000000
0000000000000000
0000000000000000
0000000000000000
0000000000000000
0000000000000000
0000000000000000
0000000000000000
0000000000000000
0000000000000000
0000000000000000
0000000000000000
0000000000000000
0000000000000000
0000000000000000
0000000000000000
0000000000000000
0000000000000000
0000000000000000
0000000000000000
0000000000000000
0000000000000000
0000000000000000
0000000000000000
0000000000000000
0000000000000000
0000000000000000
0000000000000000
0000000000000000
0000000000000000
0000000000000000
0000000000000000
0000000000000000
0000000000000000
0000000000000000
0000000000000000
0000000000000000
0000000000000000
0000000000000000
0000000000000000
0000000000000000
0000000000000000
0000000000000000
0000000000000000
0000000000000000
0000000000000000
0000000000000000
0000000000000000
0000000000000000
0000000000000000
0000000000000000
0000000000000000
0000000000000000
0000000000000000
0000000000000000
0000000000000000
0000000000000000
0000000000000000
0000000000000000
0000000000000000
0000000000000000
0000000000000000
0000000000000000
0000000000000000
0000000000000000
0000000000000000
0000000000000000
0000000000000000
0000000000000000
0000000000000000
0000000000000000
0000000000000000
0000000000000000
0000000000000000
0000000000000000
0000000000000000
0000000000000000
0000000000000000
0000000000000000
0000000000000000
0000000000000000
0000000000000000
0000000000000000
0000000000000000
0000000000000000
0000000000000000
0000000000000000
0000000000000000
0000000000000000
0000000000000000
0000000000000000
0000000000000000
0000000000000000
0000000000000000
0000000000000000
0000000000000000
0000000000000000
0000000000000000
0000000000000000
0000000000000000
0000000000000000
0000000000000000
0000000000000000
0000000000000000
0000000000000000
0000000000000000
0000000000000000
0000000000000000
0000000000000000
0000000000000000
0000000000000000
0000000000000000
0000000000000000
0000000000000000
0000000000000000
0000000000000000
0000000000000000
0000000000000000
0000000000000000
0000000000000000
0000000000000000
0000000000000000
0000000000000000
0000000000000000
0000000000000000
0000000000000000
0000000000000000
0000000000000000
0000000000000000
0000000000000000
0000000000000000
0000000000000000
0000000000000000
0000000000000000
0000000000000000
0000000000000000
0000000000000000
0000000000000000
0000000000000000
0000000000000000
0000000000000000
0000000000000000
0000000000000000
0000000000000000
0000000000000000
0000000000000000
0000000000000000
0000000000000000
0000000000000000
0000000000000000
0000000000000000
0000000000000000
0000000000000000
0000000000000000
0000000000000000
0000000000000000
0000000000000000
0000000000000000
0000000000000000
0000000000000000
0000000000000000
0000000000000000
0000000000000000
0000000000000000
0000000000000000
0000000000000000
0000000000000000
0000000000000000
0000000000000000
0000000000000000
0000000000000000
0000000000000000
0000000000000000
0000000000000000
0000000000000000
0000000000000000
0000000000000000
0000000000000000
0000000000000000
0000000000000000
0000000000000000
0000000000000000
0000000000000000
0000000000000000
0000000000000000
0000000000000000
0000000000000000
0000000000000000
0000000000000000
0000000000000000
0000000000000000
0000000000000000
0000000000000000
0000000000000000
0000000000000000
0000000000000000
0000000000000000
0000000000000000
0000000000000000
0000000000000000
0000000000000000
0000000000000000
0000000000000000
0000000000000000
0000000000000000
0000000000000000
0000000000000000
0000000000000000
0000000000000000
0000000000000000
0000000000000000
0000000000000000
0000000000000000
0000000000000000
0000000000000000
0000000000000000
0000000000000000
0000000000000000
0000000000000000
0000000000000000
0000000000000000
0000000000000000
0000000000000000
0000000000000000
0000000000000000
0000000000000000
0000000000000000
0000000000000000
0000000000000000
0000000000000000
0000000000000000
0000000000000000
0000000000000000
0000000000000000
0000000000000000
0000000000000000
0000000000000000
0000000000000000
0000000000000000
0000000000000000
0000000000000000
0000000000000000
0000000000000000
0000000000000000
0000000000000000
0000000000000000
0000000000000000
0000000000000000
0000000000000000
0000000000000000
0000000000000000
0000000000000000
0000000000000000
0000000000000000
0000000000000000
0000000000000000
0000000000000000
0000000000000000
0000000000000000
0000000000000000
0000000000000000
0000000000000000
0000000000000000
0000000000000000
0000000000000000
0000000000000000
0000000000000000
0000000000000000
0000000000000000
0000000000000000
0000000000000000
0000000000000000
0000000000000000
0000000000000000
0000000000000000
0000000000000000
0000000000000000
0000000000000000
0000000000000000
0000000000000000
0000000000000000
0000000000000000
0000000000000000
0000000000000000
0000000000000000
0000000000000000
0000000000000000
0000000000000000
0000000000000000
0000000000000000
0000000000000000
0000000000000000
0000000000000000
0000000000000000
0000000000000000
0000000000000000
0000000000000000
0000000000000000
0000000000000000
0000000000000000
0000000000000000
0000000000000000
0000000000000000
0000000000000000
0000000000000000
0000000000000000
0000000000000000
0000000000000000
0000000000000000
0000000000000000
0000000000000000
0000000000000000
0000000000000000
0000000000000000
0000000000000000
0000000000000000
0000000000000000
0000000000000000
0000000000000000
0000000000000000
0000000000000000
0000000000000000
0000000000000000
0000000000000000
0000000000000000
0000000000000000
0000000000000000
0000000000000000
0000000000000000
0000000000000000
0000000000000000
0000000000000000
0000000000000000
0000000000000000
0000000000000000
0000000000000000
0000000000000000
0000000000000000
0000000000000000
0000000000000000
0000000000000000
0000000000000000
0000000000000000
0000000000000000
0000000000000000
0000000000000000
0000000000000000
0000000000000000
0000000000000000
0000000000000000
0000000000000000
0000000000000000
0000000000000000
0000000000000000
0000000000000000
0000000000000000
0000000000000000
0000000000000000
0000000000000000
0000000000000000
0000000000000000
0000000000000000
0000000000000000
0000000000000000
0000000000000000
0000000000000000
0000000000000000
0000000000000000
0000000000000000
0000000000000000
0000000000000000
0000000000000000
0000000000000000
0000000000000000
0000000000000000
0000000000000000
0000000000000000
0000000000000000
0000000000000000
0000000000000000
0000000000000000
0000000000000000
0000000000000000
0000000000000000
0000000000000000
0000000000000000
0000000000000000
0000000000000000
0000000000000000
0000000000000000
0000000000000000
0000000000000000
0000000000000000
0000000000000000
0000000000000000
0000000000000000
0000000000000000
0000000000000000
0000000000000000
0000000000000000
0000000000000000
0000000000000000
0000000000000000
0000000000000000
0000000000000000
0000000000000000
0000000000000000
0000000000000000
0000000000000000
0000000000000000
0000000000000000
0000000000000000
0000000000000000
0000000000000000
0000000000000000
0000000000000000
0000000000000000
0000000000000000
0000000000000000
0000000000000000
0000000000000000
0000000000000000
0000000000000000
0000000000000000
0000000000000000
0000000000000000
0000000000000000
0000000000000000
0000000000000000
0000000000000000
0000000000000000
0000000000000000
0000000000000000
0000000000000000
0000000000000000
0000000000000000
0000000000000000
0000000000000000
0000000000000000
0000000000000000
0000000000000000
0000000000000000
0000000000000000
0000000000000000
0000000000000000
0000000000000000
0000000000000000
0000000000000000
0000000000000000
0000000000000000
0000000000000000
0000000000000000
0000000000000000
0000000000000000
0000000000000000
0000000000000000
0000000000000000
0000000000000000
0000000000000000
0000000000000000
0000000000000000
0000000000000000
0000000000000000
0000000000000000
0000000000000000
0000000000000000
0000000000000000
0000000000000000
0000000000000000
0000000000000000
0000000000000000
0000000000000000
0000000000000000
0000000000000000
0000000000000000
0000000000000000
0000000000000000
0000000000000000
0000000000000000
0000000000000000
0000000000000000
0000000000000000
0000000000000000
0000000000000000
0000000000000000
0000000000000000
0000000000000000
0000000000000000
0000000000000000
0000000000000000
0000000000000000
0000000000000000
0000000000000000
0000000000000000
0000000000000000
0000000000000000
0000000000000000
0000000000000000
0000000000000000
0000000000000000
0000000000000000
0000000000000000
0000000000000000
0000000000000000
0000000000000000
0000000000000000
0000000000000000
0000000000000000
0000000000000000
0000000000000000
0000000000000000
0000000000000000
0000000000000000
0000000000000000
0000000000000000
0000000000000000
0000000000000000
0000000000000000
0000000000000000
0000000000000000
0000000000000000
0000000000000000
0000000000000000
0000000000000000
0000000000000000
0000000000000000
0000000000000000
0000000000000000
0000000000000000
0000000000000000
0000000000000000
0000000000000000
0000000000000000
0000000000000000
0000000000000000
0000000000000000
0000000000000000
0000000000000000
0000000000000000
0000000000000000
0000000000000000
0000000000000000
0000000000000000
0000000000000000
0000000000000000
0000000000000000
0000000000000000
0000000000000000
0000000000000000
0000000000000000
0000000000000000
0000000000000000
0000000000000000
0000000000000000
0000000000000000
0000000000000000
0000000000000000
0000000000000000
0000000000000000
0000000000000000
0000000000000000
0000000000000000
0000000000000000
0000000000000000
0000000000000000
0000000000000000
0000000000000000
0000000000000000
0000000000000000
0000000000000000
0000000000000000
0000000000000000
0000000000000000
0000000000000000
0000000000000000
0000000000000000
0000000000000000
0000000000000000
0000000000000000
0000000000000000
0000000000000000
0000000000000000
0000000000000000
0000000000000000
0000000000000000
0000000000000000
0000000000000000
0000000000000000
0000000000000000
0000000000000000
0000000000000000
0000000000000000
0000000000000000
0000000000000000
0000000000000000
0000000000000000
0000000000000000
0000000000000000
0000000000000000
0000000000000000
0000000000000000
0000000000000000
0000000000000000
0000000000000000
0000000000000000
0000000000000000
0000000000000000
0000000000000000
0000000000000000
0000000000000000
0000000000000000
0000000000000000
0000000000000000
0000000000000000
0000000000000000
0000000000000000
0000000000000000
0000000000000000
0000000000000000
0000000000000000
0000000000000000
0000000000000000
0000000000000000
0000000000000000
0000000000000000
0000000000000000
0000000000000000
0000000000000000
0000000000000000
0000000000000000
0000000000000000
0000000000000000
0000000000000000
0000000000000000
0000000000000000
0000000000000000
0000000000000000
0000000000000000
0000000000000000
0000000000000000
0000000000000000
0000000000000000
0000000000000000
0000000000000000
0000000000000000
0000000000000000
0000000000000000
0000000000000000
0000000000000000
0000000000000000
0000000000000000
0000000000000000
0000000000000000
0000000000000000
0000000000000000
0000000000000000
0000000000000000
0000000000000000
0000000000000000
0000000000000000
0000000000000000
0000000000000000
0000000000000000
0000000000000000
0000000000000000
0000000000000000
0000000000000000
0000000000000000
0000000000000000
0000000000000000
0000000000000000
0000000000000000
0000000000000000
0000000000000000
0000000000000000
0000000000000000
0000000000000000
0000000000000000
0000000000000000
0000000000000000
0000000000000000
0000000000000000
0000000000000000
0000000000000000
0000000000000000
0000000000000000
0000000000000000
0000000000000000
0000000000000000
0000000000000000
0000000000000000
0000000000000000
0000000000000000
0000000000000000
0000000000000000
0000000000000000
0000000000000000
0000000000000000
0000000000000000
0000000000000000
0000000000000000
0000000000000000
0000000000000000
0000000000000000
0000000000000000
0000000000000000
0000000000000000
0000000000000000
0000000000000000
0000000000000000
0000000000000000
0000000000000000
0000000000000000
0000000000000000
0000000000000000
0000000000000000
0000000000000000
0000000000000000
0000000000000000
0000000000000000
0000000000000000
0000000000000000
0000000000000000
0000000000000000
0000000000000000
0000000000000000
0000000000000000
0000000000000000
0000000000000000
0000000000000000
0000000000000000
0000000000000000
0000000000000000
0000000000000000
0000000000000000
0000000000000000
0000000000000000
0000000000000000
0000000000000000
0000000000000000
0000000000000000
0000000000000000
0000000000000000
0000000000000000
0000000000000000
0000000000000000
0000000000000000
0000000000000000
0000000000000000
0000000000000000
0000000000000000
0000000000000000
0000000000000000
0000000000000000
0000000000000000
0000000000000000
0000000000000000
0000000000000000
0000000000000000
0000000000000000
0000000000000000
0000000000000000
0000000000000000
0000000000000000
0000000000000000
0000000000000000
0000000000000000
0000000000000000
0000000000000000
0000000000000000
0000000000000000
0000000000000000
0000000000000000
0000000000000000
0000000000000000
0000000000000000
0000000000000000
0000000000000000
0000000000000000
0000000000000000
0000000000000000
0000000000000000
0000000000000000
0000000000000000
0000000000000000
0000000000000000
0000000000000000
0000000000000000
0000000000000000
0000000000000000
0000000000000000
0000000000000000
0000000000000000
0000000000000000
0000000000000000
0000000000000000
0000000000000000
0000000000000000
0000000000000000
0000000000000000
0000000000000000
0000000000000000
0000000000000000
0000000000000000
0000000000000000
0000000000000000
0000000000000000
0000000000000000
0000000000000000
0000000000000000
0000000000000000
0000000000000000
0000000000000000
0000000000000000
0000000000000000
0000000000000000
0000000000000000
0000000000000000
0000000000000000
0000000000000000
0000000000000000
0000000000000000
0000000000000000
0000000000000000
0000000000000000
0000000000000000
0000000000000000
0000000000000000
0000000000000000
0000000000000000
0000000000000000
0000000000000000
0000000000000000
0000000000000000
0000000000000000
0000000000000000
0000000000000000
0000000000000000
0000000000000000
0000000000000000
0000000000000000
0000000000000000
0000000000000000
0000000000000000
0000000000000000
0000000000000000
0000000000000000
0000000000000000
0000000000000000
0000000000000000
0000000000000000
0000000000000000
0000000000000000
0000000000000000
0000000000000000
0000000000000000
0000000000000000
0000000000000000
0000000000000000
0000000000000000
0000000000000000
0000000000000000
0000000000000000
0000000000000000
0000000000000000
0000000000000000
0000000000000000
0000000000000000
0000000000000000
0000000000000000
0000000000000000
0000000000000000
0000000000000000
0000000000000000
0000000000000000
0000000000000000
0000000000000000
0000000000000000
0000000000000000
0000000000000000
0000000000000000
0000000000000000
0000000000000000
0000000000000000
0000000000000000
0000000000000000
0000000000000000
0000000000000000
0000000000000000
0000000000000000
0000000000000000
0000000000000000
0000000000000000
0000000000000000
0000000000000000
0000000000000000
0000000000000000
0000000000000000
0000000000000000
0000000000000000
0000000000000000
0000000000000000
0000000000000000
0000000000000000
0000000000000000
0000000000000000
0000000000000000
0000000000000000
0000000000000000
0000000000000000
0000000000000000
0000000000000000
0000000000000000
0000000000000000
0000000000000000
0000000000000000
0000000000000000
0000000000000000
0000000000000000
0000000000000000
0000000000000000
0000000000000000
0000000000000000
0000000000000000
0000000000000000
0000000000000000
0000000000000000
0000000000000000
0000000000000000
0000000000000000
0000000000000000
0000000000000000
0000000000000000
0000000000000000
0000000000000000
0000000000000000
0000000000000000
0000000000000000
0000000000000000
0000000000000000
0000000000000000
0000000000000000
0000000000000000
0000000000000000
0000000000000000
0000000000000000
0000000000000000
0000000000000000
0000000000000000
0000000000000000
0000000000000000
0000000000000000
0000000000000000
0000000000000000
0000000000000000
0000000000000000
0000000000000000
0000000000000000
0000000000000000
0000000000000000
0000000000000000
0000000000000000
0000000000000000
0000000000000000
0000000000000000
0000000000000000
0000000000000000
0000000000000000
0000000000000000
0000000000000000
0000000000000000
0000000000000000
0000000000000000
0000000000000000
0000000000000000
0000000000000000
0000000000000000
0000000000000000
0000000000000000
0000000000000000
0000000000000000
0000000000000000
0000000000000000
0000000000000000
0000000000000000
0000000000000000
0000000000000000
0000000000000000
0000000000000000
0000000000000000
0000000000000000
0000000000000000
0000000000000000
0000000000000000
0000000000000000
0000000000000000
0000000000000000
0000000000000000
0000000000000000
0000000000000000
0000000000000000
0000000000000000
0000000000000000
0000000000000000
0000000000000000
0000000000000000
0000000000000000
0000000000000000
0000000000000000
0000000000000000
0000000000000000
0000000000000000
0000000000000000
0000000000000000
0000000000000000
0000000000000000
0000000000000000
0000000000000000
0000000000000000
0000000000000000
0000000000000000
0000000000000000
0000000000000000
0000000000000000
0000000000000000
0000000000000000
0000000000000000
0000000000000000
0000000000000000
0000000000000000
0000000000000000
0000000000000000
0000000000000000
0000000000000000
0000000000000000
0000000000000000
0000000000000000
0000000000000000
0000000000000000
0000000000000000
0000000000000000
0000000000000000
0000000000000000
0000000000000000
0000000000000000
0000000000000000
0000000000000000
0000000000000000
0000000000000000
0000000000000000
0000000000000000
0000000000000000
0000000000000000
0000000000000000
0000000000000000
0000000000000000
0000000000000000
0000000000000000
0000000000000000
0000000000000000
0000000000000000
0000000000000000
0000000000000000
0000000000000000
0000000000000000
0000000000000000
0000000000000000
0000000000000000
0000000000000000
0000000000000000
0000000000000000
0000000000000000
0000000000000000
0000000000000000
0000000000000000
0000000000000000
0000000000000000
0000000000000000
0000000000000000
0000000000000000
0000000000000000
0000000000000000
0000000000000000
0000000000000000
0000000000000000
0000000000000000
0000000000000000
0000000000000000
0000000000000000
0000000000000000
0000000000000000
0000000000000000
0000000000000000
0000000000000000
0000000000000000
0000000000000000
0000000000000000
0000000000000000
0000000000000000
0000000000000000
0000000000000000
0000000000000000
0000000000000000
0000000000000000
0000000000000000
0000000000000000
0000000000000000
0000000000000000
0000000000000000
0000000000000000
0000000000000000
0000000000000000
0000000000000000
0000000000000000
0000000000000000
0000000000000000
0000000000000000
0000000000000000
0000000000000000
0000000000000000
0000000000000000
0000000000000000
0000000000000000
0000000000000000
0000000000000000
0000000000000000
0000000000000000
0000000000000000
0000000000000000
0000000000000000
0000000000000000
0000000000000000
0000000000000000
0000000000000000
0000000000000000
0000000000000000
0000000000000000
0000000000000000
0000000000000000
0000000000000000
0000000000000000
0000000000000000
0000000000000000
0000000000000000
0000000000000000
0000000000000000
0000000000000000
0000000000000000
0000000000000000
0000000000000000
0000000000000000
0000000000000000
0000000000000000
0000000000000000
0000000000000000
0000000000000000
0000000000000000
0000000000000000
0000000000000000
0000000000000000
0000000000000000
0000000000000000
0000000000000000
0000000000000000
0000000000000000
0000000000000000
0000000000000000
0000000000000000
0000000000000000
0000000000000000
0000000000000000
0000000000000000
0000000000000000
0000000000000000
0000000000000000
0000000000000000
0000000000000000
0000000000000000
0000000000000000
0000000000000000
0000000000000000
0000000000000000
0000000000000000
0000000000000000
0000000000000000
0000000000000000
0000000000000000
0000000000000000
0000000000000000
0000000000000000
0000000000000000
0000000000000000
0000000000000000
0000000000000000
0000000000000000
0000000000000000
0000000000000000
0000000000000000
0000000000000000
0000000000000000
0000000000000000
0000000000000000
0000000000000000
0000000000000000
0000000000000000
0000000000000000
0000000000000000
0000000000000000
0000000000000000
0000000000000000
0000000000000000
0000000000000000
0000000000000000
0000000000000000
0000000000000000
0000000000000000
0000000000000000
0000000000000000
0000000000000000
0000000000000000
0000000000000000
0000000000000000
0000000000000000
0000000000000000
0000000000000000
0000000000000000
0000000000000000
0000000000000000
0000000000000000
0000000000000000
0000000000000000
0000000000000000
0000000000000000
0000000000000000
0000000000000000
0000000000000000
0000000000000000
0000000000000000
0000000000000000
0000000000000000
0000000000000000
0000000000000000
0000000000000000
0000000000000000
0000000000000000
0000000000000000
0000000000000000
0000000000000000
0000000000000000
0000000000000000
0000000000000000
0000000000000000
0000000000000000
0000000000000000
0000000000000000
0000000000000000
0000000000000000
0000000000000000
0000000000000000
0000000000000000
0000000000000000
0000000000000000
0000000000000000
0000000000000000
0000000000000000
0000000000000000
0000000000000000
0000000000000000
0000000000000000
0000000000000000
0000000000000000
0000000000000000
0000000000000000
0000000000000000
0000000000000000
0000000000000000
0000000000000000
0000000000000000
0000000000000000
0000000000000000
0000000000000000
0000000000000000
0000000000000000
0000000000000000
0000000000000000
0000000000000000
0000000000000000
0000000000000000
0000000000000000
0000000000000000
0000000000000000
0000000000000000
0000000000000000
0000000000000000
0000000000000000
0000000000000000
0000000000000000
0000000000000000
0000000000000000
0000000000000000
0000000000000000
0000000000000000
0000000000000000
0000000000000000
0000000000000000
0000000000000000
0000000000000000
0000000000000000
0000000000000000
0000000000000000
0000000000000000
0000000000000000
0000000000000000
0000000000000000
0000000000000000
0000000000000000
0000000000000000
0000000000000000
0000000000000000
0000000000000000
0000000000000000
0000000000000000
0000000000000000
0000000000000000
0000000000000000
0000000000000000
0000000000000000
0000000000000000
0000000000000000
0000000000000000
0000000000000000
0000000000000000
0000000000000000
0000000000000000
0000000000000000
0000000000000000
0000000000000000
0000000000000000
0000000000000000
0000000000000000
0000000000000000
0000000000000000
0000000000000000
0000000000000000
0000000000000000
0000000000000000
0000000000000000
0000000000000000
0000000000000000
0000000000000000
0000000000000000
0000000000000000
0000000000000000
0000000000000000
0000000000000000
0000000000000000
0000000000000000
0000000000000000
0000000000000000
0000000000000000
0000000000000000
0000000000000000
0000000000000000
0000000000000000
0000000000000000
0000000000000000
0000000000000000
0000000000000000
0000000000000000
0000000000000000
0000000000000000
0000000000000000
0000000000000000
0000000000000000
0000000000000000
0000000000000000
0000000000000000
0000000000000000
0000000000000000
0000000000000000
0000000000000000
0000000000000000
0000000000000000
0000000000000000
0000000000000000
0000000000000000
0000000000000000
0000000000000000
0000000000000000
0000000000000000
0000000000000000
0000000000000000
0000000000000000
0000000000000000
0000000000000000
0000000000000000
0000000000000000
0000000000000000
0000000000000000
0000000000000000
0000000000000000
0000000000000000
0000000000000000
0000000000000000
0000000000000000
0000000000000000
0000000000000000
0000000000000000
0000000000000000
0000000000000000
0000000000000000
0000000000000000
0000000000000000
0000000000000000
0000000000000000
0000000000000000
0000000000000000
0000000000000000
0000000000000000
0000000000000000
0000000000000000
0000000000000000
0000000000000000
0000000000000000
0000000000000000
0000000000000000
0000000000000000
0000000000000000
0000000000000000
0000000000000000
0000000000000000
0000000000000000
0000000000000000
0000000000000000
0000000000000000
0000000000000000
0000000000000000
0000000000000000
0000000000000000
0000000000000000
0000000000000000
0000000000000000
0000000000000000
0000000000000000
0000000000000000
0000000000000000
0000000000000000
0000000000000000
0000000000000000
0000000000000000
0000000000000000
0000000000000000
0000000000000000
0000000000000000
0000000000000000
0000000000000000
0000000000000000
0000000000000000
0000000000000000
0000000000000000
0000000000000000
0000000000000000
0000000000000000
0000000000000000
0000000000000000
0000000000000000
0000000000000000
0000000000000000
0000000000000000
0000000000000000
0000000000000000
0000000000000000
0000000000000000
0000000000000000
0000000000000000
0000000000000000
0000000000000000
0000000000000000
0000000000000000
0000000000000000
0000000000000000
0000000000000000
0000000000000000
0000000000000000
0000000000000000
0000000000000000
0000000000000000
0000000000000000
0000000000000000
0000000000000000
0000000000000000
0000000000000000
0000000000000000
0000000000000000
0000000000000000
0000000000000000
0000000000000000
0000000000000000
0000000000000000
0000000000000000
0000000000000000
0000000000000000
0000000000000000
0000000000000000
0000000000000000
0000000000000000
0000000000000000
0000000000000000
0000000000000000
0000000000000000
0000000000000000
0000000000000000
0000000000000000
0000000000000000
0000000000000000
0000000000000000
0000000000000000
0000000000000000
0000000000000000
0000000000000000
0000000000000000
0000000000000000
0000000000000000
0000000000000000
0000000000000000
0000000000000000
0000000000000000
0000000000000000
0000000000000000
0000000000000000
0000000000000000
0000000000000000
0000000000000000
0000000000000000
0000000000000000
0000000000000000
0000000000000000
0000000000000000
0000000000000000
0000000000000000
0000000000000000
0000000000000000
0000000000000000
0000000000000000
0000000000000000
0000000000000000
0000000000000000
0000000000000000
0000000000000000
0000000000000000
0000000000000000
0000000000000000
0000000000000000
0000000000000000
0000000000000000
0000000000000000
0000000000000000
0000000000000000
0000000000000000
0000000000000000
0000000000000000
0000000000000000
0000000000000000
0000000000000000
0000000000000000
0000000000000000
0000000000000000
0000000000000000
0000000000000000
0000000000000000
0000000000000000
0000000000000000
0000000000000000
0000000000000000
0000000000000000
0000000000000000
0000000000000000
0000000000000000
0000000000000000
0000000000000000
0000000000000000
0000000000000000
0000000000000000
0000000000000000
0000000000000000
0000000000000000
0000000000000000
0000000000000000
0000000000000000
0000000000000000
0000000000000000
0000000000000000
0000000000000000
0000000000000000
0000000000000000
0000000000000000
0000000000000000
0000000000000000
0000000000000000
0000000000000000
0000000000000000
0000000000000000
0000000000000000
0000000000000000
0000000000000000
0000000000000000
0000000000000000
0000000000000000
0000000000000000
0000000000000000
0000000000000000
0000000000000000
0000000000000000
0000000000000000
0000000000000000
0000000000000000
0000000000000000
0000000000000000
0000000000000000
0000000000000000
0000000000000000
0000000000000000
0000000000000000
0000000000000000
0000000000000000
0000000000000000
0000000000000000
0000000000000000
0000000000000000
0000000000000000
0000000000000000
0000000000000000
0000000000000000
0000000000000000
0000000000000000
0000000000000000
0000000000000000
0000000000000000
0000000000000000
0000000000000000
0000000000000000
0000000000000000
0000000000000000
0000000000000000
0000000000000000
0000000000000000
0000000000000000
0000000000000000
0000000000000000
0000000000000000
0000000000000000
0000000000000000
0000000000000000
0000000000000000
0000000000000000
0000000000000000
0000000000000000
0000000000000000
0000000000000000
0000000000000000
0000000000000000
0000000000000000
0000000000000000
0000000000000000
0000000000000000
0000000000000000
0000000000000000
0000000000000000
0000000000000000
0000000000000000
0000000000000000
0000000000000000
0000000000000000
0000000000000000
0000000000000000
0000000000000000
0000000000000000
0000000000000000
0000000000000000
0000000000000000
0000000000000000
0000000000000000
0000000000000000
0000000000000000
0000000000000000
0000000000000000
0000000000000000
0000000000000000
0000000000000000
0000000000000000
0000000000000000
0000000000000000
0000000000000000
0000000000000000
0000000000000000
0000000000000000
0000000000000000
0000000000000000
0000000000000000
0000000000000000
0000000000000000
0000000000000000
0000000000000000
0000000000000000
0000000000000000
0000000000000000
0000000000000000
0000000000000000
0000000000000000
0000000000000000
0000000000000000
0000000000000000
0000000000000000
0000000000000000
0000000000000000
0000000000000000
0000000000000000
0000000000000000
0000000000000000
0000000000000000
0000000000000000
0000000000000000
0000000000000000
0000000000000000
0000000000000000
0000000000000000
0000000000000000
0000000000000000
0000000000000000
0000000000000000
0000000000000000
0000000000000000
0000000000000000
0000000000000000
0000000000000000
0000000000000000
0000000000000000
0000000000000000
0000000000000000
0000000000000000
0000000000000000
0000000000000000
0000000000000000
0000000000000000
0000000000000000
0000000000000000
0000000000000000
0000000000000000
0000000000000000
0000000000000000
0000000000000000
0000000000000000
0000000000000000
0000000000000000
0000000000000000
0000000000000000
0000000000000000
0000000000000000
0000000000000000
0000000000000000
0000000000000000
0000000000000000
0000000000000000
0000000000000000
0000000000000000
0000000000000000
0000000000000000
0000000000000000
0000000000000000
0000000000000000
0000000000000000
0000000000000000
0000000000000000
0000000000000000
0000000000000000
0000000000000000
0000000000000000
0000000000000000
0000000000000000
0000000000000000
0000000000000000
0000000000000000
0000000000000000
0000000000000000
0000000000000000
0000000000000000
0000000000000000
0000000000000000
0000000000000000
0000000000000000
0000000000000000
0000000000000000
0000000000000000
0000000000000000
0000000000000000
0000000000000000
0000000000000000
0000000000000000
0000000000000000
0000000000000000
0000000000000000
0000000000000000
0000000000000000
0000000000000000
0000000000000000
0000000000000000
0000000000000000
0000000000000000
0000000000000000
0000000000000000
0000000000000000
0000000000000000
0000000000000000
0000000000000000
0000000000000000
0000000000000000
0000000000000000
0000000000000000
0000000000000000
0000000000000000
0000000000000000
0000000000000000
0000000000000000
0000000000000000
0000000000000000
0000000000000000
0000000000000000
0000000000000000
0000000000000000
0000000000000000
0000000000000000
0000000000000000
0000000000000000
0000000000000000
0000000000000000
0000000000000000
0000000000000000
0000000000000000
0000000000000000
0000000000000000
0000000000000000
0000000000000000
0000000000000000
0000000000000000
0000000000000000
0000000000000000
0000000000000000
0000000000000000
0000000000000000
0000000000000000
0000000000000000
0000000000000000
0000000000000000
0000000000000000
0000000000000000
0000000000000000
0000000000000000
0000000000000000
0000000000000000
0000000000000000
0000000000000000
0000000000000000
0000000000000000
0000000000000000
0000000000000000
0000000000000000
0000000000000000
0000000000000000
0000000000000000
0000000000000000
0000000000000000
0000000000000000
0000000000000000
0000000000000000
0000000000000000
0000000000000000
0000000000000000
0000000000000000
0000000000000000
0000000000000000
0000000000000000
0000000000000000
0000000000000000
0000000000000000
0000000000000000
0000000000000000
0000000000000000
0000000000000000
0000000000000000
0000000000000000
0000000000000000
0000000000000000
0000000000000000
0000000000000000
0000000000000000
0000000000000000
0000000000000000
0000000000000000
0000000000000000
0000000000000000
0000000000000000
0000000000000000
0000000000000000
0000000000000000
0000000000000000
0000000000000000
0000000000000000
0000000000000000
0000000000000000
0000000000000000
0000000000000000
0000000000000000
0000000000000000
0000000000000000
0000000000000000
0000000000000000
0000000000000000
0000000000000000
0000000000000000
0000000000000000
0000000000000000
0000000000000000
0000000000000000
0000000000000000
0000000000000000
0000000000000000
0000000000000000
0000000000000000
0000000000000000
0000000000000000
0000000000000000
0000000000000000
0000000000000000
0000000000000000
0000000000000000
0000000000000000
0000000000000000
0000000000000000
0000000000000000
0000000000000000
0000000000000000
0000000000000000
0000000000000000
0000000000000000
0000000000000000
0000000000000000
0000000000000000
0000000000000000
0000000000000000
0000000000000000
0000000000000000
0000000000000000
0000000000000000
0000000000000000
0000000000000000
0000000000000000
0000000000000000
0000000000000000
0000000000000000
0000000000000000
0000000000000000
0000000000000000
0000000000000000
0000000000000000
0000000000000000
0000000000000000
0000000000000000
0000000000000000
0000000000000000
0000000000000000
0000000000000000
0000000000000000
0000000000000000
0000000000000000
0000000000000000
0000000000000000
0000000000000000
0000000000000000
0000000000000000
0000000000000000
0000000000000000
0000000000000000
0000000000000000
0000000000000000
0000000000000000
0000000000000000
0000000000000000
0000000000000000
0000000000000000
0000000000000000
0000000000000000
0000000000000000
0000000000000000
0000000000000000
0000000000000000
0000000000000000
0000000000000000
0000000000000000
0000000000000000
0000000000000000
0000000000000000
0000000000000000
0000000000000000
0000000000000000
0000000000000000
0000000000000000
0000000000000000
0000000000000000
0000000000000000
0000000000000000
0000000000000000
0000000000000000
0000000000000000
0000000000000000
0000000000000000
0000000000000000
0000000000000000
0000000000000000
0000000000000000
0000000000000000
0000000000000000
0000000000000000
0000000000000000
0000000000000000
0000000000000000
0000000000000000
0000000000000000
0000000000000000
0000000000000000
0000000000000000
0000000000000000
0000000000000000
0000000000000000
0000000000000000
0000000000000000
0000000000000000
0000000000000000
0000000000000000
0000000000000000
0000000000000000
0000000000000000
0000000000000000
0000000000000000
0000000000000000
0000000000000000
0000000000000000
0000000000000000
0000000000000000
0000000000000000
0000000000000000
0000000000000000
0000000000000000
0000000000000000
0000000000000000
0000000000000000
0000000000000000
0000000000000000
0000000000000000
0000000000000000
0000000000000000
0000000000000000
0000000000000000
0000000000000000
0000000000000000
0000000000000000
0000000000000000
0000000000000000
0000000000000000
0000000000000000
0000000000000000
0000000000000000
0000000000000000
0000000000000000
0000000000000000
0000000000000000
0000000000000000
0000000000000000
0000000000000000
0000000000000000
0000000000000000
0000000000000000
0000000000000000
0000000000000000
0000000000000000
0000000000000000
0000000000000000
0000000000000000
0000000000000000
0000000000000000
0000000000000000
0000000000000000
0000000000000000
0000000000000000
0000000000000000
0000000000000000
0000000000000000
0000000000000000
0000000000000000
0000000000000000
0000000000000000
0000000000000000
0000000000000000
0000000000000000
0000000000000000
0000000000000000
0000000000000000
0000000000000000
0000000000000000
0000000000000000
0000000000000000
0000000000000000
0000000000000000
0000000000000000
0000000000000000
0000000000000000
0000000000000000
0000000000000000
0000000000000000
0000000000000000
0000000000000000
0000000000000000
0000000000000000
0000000000000000
0000000000000000
0000000000000000
0000000000000000
0000000000000000
0000000000000000
0000000000000000
0000000000000000
0000000000000000
0000000000000000
0000000000000000
0000000000000000
0000000000000000
0000000000000000
0000000000000000
0000000000000000
0000000000000000
0000000000000000
0000000000000000
0000000000000000
0000000000000000
0000000000000000
0000000000000000
0000000000000000
0000000000000000
0000000000000000
0000000000000000
0000000000000000
0000000000000000
0000000000000000
0000000000000000
0000000000000000
0000000000000000
0000000000000000
0000000000000000
0000000000000000
0000000000000000
0000000000000000
0000000000000000
0000000000000000
0000000000000000
0000000000000000
0000000000000000
0000000000000000
0000000000000000
0000000000000000
0000000000000000
0000000000000000
0000000000000000
0000000000000000
0000000000000000
0000000000000000
0000000000000000
0000000000000000
0000000000000000
0000000000000000
0000000000000000
0000000000000000
0000000000000000
0000000000000000
0000000000000000
0000000000000000
0000000000000000
0000000000000000
0000000000000000
0000000000000000
0000000000000000
0000000000000000
0000000000000000
0000000000000000
0000000000000000
0000000000000000
0000000000000000
0000000000000000
0000000000000000
0000000000000000
0000000000000000
0000000000000000
0000000000000000
0000000000000000
0000000000000000
0000000000000000
0000000000000000
0000000000000000
0000000000000000
0000000000000000
0000000000000000
0000000000000000
0000000000000000
0000000000000000
0000000000000000
0000000000000000
0000000000000000
0000000000000000
0000000000000000
0000000000000000
0000000000000000
0000000000000000
0000000000000000
0000000000000000
0000000000000000
0000000000000000
0000000000000000
0000000000000000
0000000000000000
0000000000000000
0000000000000000
0000000000000000
0000000000000000
0000000000000000
0000000000000000
0000000000000000
0000000000000000
0000000000000000
0000000000000000
0000000000000000
0000000000000000
0000000000000000
0000000000000000
0000000000000000
0000000000000000
0000000000000000
0000000000000000
0000000000000000
0000000000000000
0000000000000000
0000000000000000
0000000000000000
0000000000000000
0000000000000000
0000000000000000
0000000000000000
0000000000000000
0000000000000000
0000000000000000
0000000000000000
0000000000000000
0000000000000000
0000000000000000
0000000000000000
0000000000000000
0000000000000000
0000000000000000
0000000000000000
0000000000000000
0000000000000000
0000000000000000
0000000000000000
0000000000000000
0000000000000000
0000000000000000
0000000000000000
0000000000000000
0000000000000000
0000000000000000
0000000000000000
0000000000000000
0000000000000000
0000000000000000
0000000000000000
0000000000000000
0000000000000000
0000000000000000
0000000000000000
0000000000000000
0000000000000000
0000000000000000
0000000000000000
0000000000000000
0000000000000000
0000000000000000
0000000000000000
0000000000000000
0000000000000000
0000000000000000
0000000000000000
0000000000000000
0000000000000000
0000000000000000
0000000000000000
0000000000000000
0000000000000000
0000000000000000
0000000000000000
0000000000000000
0000000000000000
0000000000000000
0000000000000000
0000000000000000
0000000000000000
0000000000000000
0000000000000000
0000000000000000
0000000000000000
0000000000000000
0000000000000000
0000000000000000
0000000000000000
0000000000000000
0000000000000000
0000000000000000
0000000000000000
0000000000000000
0000000000000000
0000000000000000
0000000000000000
0000000000000000
0000000000000000
0000000000000000
0000000000000000
0000000000000000
0000000000000000
0000000000000000
0000000000000000
0000000000000000
0000000000000000
0000000000000000
0000000000000000
0000000000000000
0000000000000000
0000000000000000
0000000000000000
0000000000000000
0000000000000000
0000000000000000
0000000000000000
0000000000000000
0000000000000000
0000000000000000
0000000000000000
0000000000000000
0000000000000000
0000000000000000
0000000000000000
0000000000000000
0000000000000000
0000000000000000
0000000000000000
0000000000000000
0000000000000000
0000000000000000
0000000000000000
0000000000000000
0000000000000000
0000000000000000
0000000000000000
0000000000000000
0000000000000000
0000000000000000
0000000000000000
0000000000000000
0000000000000000
0000000000000000
0000000000000000
0000000000000000
0000000000000000
0000000000000000
0000000000000000
0000000000000000
0000000000000000
0000000000000000
0000000000000000
0000000000000000
0000000000000000
0000000000000000
0000000000000000
0000000000000000
0000000000000000
0000000000000000
0000000000000000
0000000000000000
0000000000000000
0000000000000000
0000000000000000
0000000000000000
0000000000000000
0000000000000000
0000000000000000
0000000000000000
0000000000000000
0000000000000000
0000000000000000
0000000000000000
0000000000000000
0000000000000000
0000000000000000
0000000000000000
0000000000000000
0000000000000000
0000000000000000
0000000000000000
0000000000000000
0000000000000000
0000000000000000
0000000000000000
0000000000000000
0000000000000000
0000000000000000
0000000000000000
0000000000000000
0000000000000000
0000000000000000
0000000000000000
0000000000000000
0000000000000000
0000000000000000
0000000000000000
0000000000000000
0000000000000000
0000000000000000
0000000000000000
0000000000000000
0000000000000000
0000000000000000
0000000000000000
0000000000000000
0000000000000000
0000000000000000
0000000000000000
0000000000000000
0000000000000000
0000000000000000
0000000000000000
0000000000000000
0000000000000000
0000000000000000
0000000000000000
0000000000000000
0000000000000000
0000000000000000
0000000000000000
0000000000000000
0000000000000000
0000000000000000
0000000000000000
0000000000000000
0000000000000000
0000000000000000
0000000000000000
0000000000000000
0000000000000000
0000000000000000
0000000000000000
0000000000000000
0000000000000000
0000000000000000
0000000000000000
0000000000000000
0000000000000000
0000000000000000
0000000000000000
0000000000000000
0000000000000000
0000000000000000
0000000000000000
0000000000000000
0000000000000000
0000000000000000
0000000000000000
0000000000000000
0000000000000000
0000000000000000
0000000000000000
0000000000000000
0000000000000000
0000000000000000
0000000000000000
0000000000000000
0000000000000000
0000000000000000
0000000000000000
0000000000000000
0000000000000000
0000000000000000
0000000000000000
0000000000000000
0000000000000000
0000000000000000
0000000000000000
0000000000000000
0000000000000000
0000000000000000
0000000000000000
0000000000000000
0000000000000000
0000000000000000
0000000000000000
0000000000000000
0000000000000000
0000000000000000
0000000000000000
0000000000000000
0000000000000000
0000000000000000
0000000000000000
0000000000000000
0000000000000000
0000000000000000
0000000000000000
0000000000000000
0000000000000000
0000000000000000
0000000000000000
0000000000000000
0000000000000000
0000000000000000
0000000000000000
0000000000000000
0000000000000000
0000000000000000
0000000000000000
0000000000000000
0000000000000000
0000000000000000
0000000000000000
0000000000000000
0000000000000000
0000000000000000
0000000000000000
0000000000000000
0000000000000000
0000000000000000
0000000000000000
0000000000000000
0000000000000000
0000000000000000
0000000000000000
0000000000000000
0000000000000000
0000000000000000
0000000000000000
0000000000000000
0000000000000000
0000000000000000
0000000000000000
0000000000000000
0000000000000000
0000000000000000
0000000000000000
0000000000000000
0000000000000000
0000000000000000
0000000000000000
0000000000000000
0000000000000000
0000000000000000
0000000000000000
0000000000000000
0000000000000000
0000000000000000
0000000000000000
0000000000000000
0000000000000000
0000000000000000
0000000000000000
0000000000000000
0000000000000000
0000000000000000
0000000000000000
0000000000000000
0000000000000000
0000000000000000
0000000000000000
0000000000000000
0000000000000000
0000000000000000
0000000000000000
0000000000000000
0000000000000000
0000000000000000
0000000000000000
0000000000000000
0000000000000000
0000000000000000
0000000000000000
0000000000000000
0000000000000000
0000000000000000
0000000000000000
0000000000000000
0000000000000000
0000000000000000
0000000000000000
0000000000000000
0000000000000000
0000000000000000
0000000000000000
0000000000000000
0000000000000000
0000000000000000
0000000000000000
0000000000000000
0000000000000000
0000000000000000
0000000000000000
0000000000000000
0000000000000000
0000000000000000
0000000000000000
0000000000000000
0000000000000000
0000000000000000
0000000000000000
0000000000000000
0000000000000000
0000000000000000
0000000000000000
0000000000000000
0000000000000000
0000000000000000
0000000000000000
0000000000000000
0000000000000000
0000000000000000
0000000000000000
0000000000000000
0000000000000000
0000000000000000
0000000000000000
0000000000000000
0000000000000000
0000000000000000
0000000000000000
0000000000000000
0000000000000000
0000000000000000
0000000000000000
0000000000000000
0000000000000000
0000000000000000
0000000000000000
0000000000000000
0000000000000000
0000000000000000
0000000000000000
0000000000000000
0000000000000000
0000000000000000
0000000000000000
0000000000000000
0000000000000000
0000000000000000
0000000000000000
0000000000000000
0000000000000000
0000000000000000
0000000000000000
0000000000000000
0000000000000000
0000000000000000
0000000000000000
0000000000000000
0000000000000000
0000000000000000
0000000000000000
0000000000000000
0000000000000000
0000000000000000
0000000000000000
0000000000000000
0000000000000000
0000000000000000
0000000000000000
0000000000000000
0000000000000000
0000000000000000
0000000000000000
0000000000000000
0000000000000000
0000000000000000
0000000000000000
0000000000000000
0000000000000000
0000000000000000
0000000000000000
0000000000000000
0000000000000000
0000000000000000
0000000000000000
0000000000000000
0000000000000000
0000000000000000
0000000000000000
0000000000000000
0000000000000000
0000000000000000
0000000000000000
0000000000000000
0000000000000000
0000000000000000
0000000000000000
0000000000000000
0000000000000000
0000000000000000
0000000000000000
0000000000000000
0000000000000000
0000000000000000
0000000000000000
0000000000000000
0000000000000000
0000000000000000
0000000000000000
0000000000000000
0000000000000000
0000000000000000
0000000000000000
0000000000000000
0000000000000000
0000000000000000
0000000000000000
0000000000000000
0000000000000000
0000000000000000
0000000000000000
0000000000000000
0000000000000000
0000000000000000
0000000000000000
0000000000000000
0000000000000000
0000000000000000
0000000000000000
0000000000000000
0000000000000000
0000000000000000
0000000000000000
0000000000000000
0000000000000000
0000000000000000
0000000000000000
0000000000000000
0000000000000000
0000000000000000
0000000000000000
0000000000000000
0000000000000000
0000000000000000
0000000000000000
0000000000000000
0000000000000000
0000000000000000
0000000000000000
0000000000000000
0000000000000000
0000000000000000
0000000000000000
0000000000000000
0000000000000000
0000000000000000
0000000000000000
0000000000000000
0000000000000000
0000000000000000
0000000000000000
0000000000000000
0000000000000000
0000000000000000
0000000000000000
0000000000000000
0000000000000000
0000000000000000
0000000000000000
0000000000000000
0000000000000000
0000000000000000
0000000000000000
0000000000000000
0000000000000000
0000000000000000
0000000000000000
0000000000000000
0000000000000000
0000000000000000
0000000000000000
0000000000000000
0000000000000000
0000000000000000
0000000000000000
0000000000000000
0000000000000000
0000000000000000
0000000000000000
0000000000000000
0000000000000000
0000000000000000
0000000000000000
0000000000000000
0000000000000000
0000000000000000
0000000000000000
0000000000000000
0000000000000000
0000000000000000
0000000000000000
0000000000000000
0000000000000000
0000000000000000
0000000000000000
0000000000000000
0000000000000000
0000000000000000
0000000000000000
0000000000000000
0000000000000000
0000000000000000
0000000000000000
0000000000000000
0000000000000000
0000000000000000
0000000000000000
0000000000000000
0000000000000000
0000000000000000
0000000000000000
0000000000000000
0000000000000000
0000000000000000
0000000000000000
0000000000000000
0000000000000000
0000000000000000
0000000000000000
0000000000000000
0000000000000000
0000000000000000
0000000000000000
0000000000000000
0000000000000000
0000000000000000
0000000000000000
0000000000000000
0000000000000000
0000000000000000
0000000000000000
0000000000000000
0000000000000000
0000000000000000
0000000000000000
0000000000000000
0000000000000000
0000000000000000
0000000000000000
0000000000000000
0000000000000000
0000000000000000
0000000000000000
0000000000000000
0000000000000000
0000000000000000
0000000000000000
0000000000000000
0000000000000000
0000000000000000
0000000000000000
0000000000000000
0000000000000000
0000000000000000
0000000000000000
0000000000000000
0000000000000000
0000000000000000
0000000000000000
0000000000000000
0000000000000000
0000000000000000
0000000000000000
0000000000000000
0000000000000000
0000000000000000
0000000000000000
0000000000000000
0000000000000000
0000000000000000
0000000000000000
0000000000000000
0000000000000000
0000000000000000
0000000000000000
0000000000000000
0000000000000000
0000000000000000
0000000000000000
0000000000000000
0000000000000000
0000000000000000
0000000000000000
0000000000000000
0000000000000000
0000000000000000
0000000000000000
0000000000000000
0000000000000000
0000000000000000
0000000000000000
0000000000000000
0000000000000000
0000000000000000
0000000000000000
0000000000000000
0000000000000000
0000000000000000
0000000000000000
0000000000000000
0000000000000000
0000000000000000
0000000000000000
0000000000000000
0000000000000000
0000000000000000
0000000000000000
0000000000000000
0000000000000000
0000000000000000
0000000000000000
0000000000000000
0000000000000000
0000000000000000
0000000000000000
0000000000000000
0000000000000000
0000000000000000
0000000000000000
0000000000000000
0000000000000000
0000000000000000
0000000000000000
0000000000000000
0000000000000000
0000000000000000
0000000000000000
0000000000000000
0000000000000000
0000000000000000
0000000000000000
0000000000000000
0000000000000000
0000000000000000
0000000000000000
0000000000000000
0000000000000000
0000000000000000
0000000000000000
0000000000000000
0000000000000000
0000000000000000
0000000000000000
0000000000000000
0000000000000000
0000000000000000
0000000000000000
0000000000000000
0000000000000000
0000000000000000
0000000000000000
0000000000000000
0000000000000000
0000000000000000
0000000000000000
0000000000000000
0000000000000000
0000000000000000
0000000000000000
0000000000000000
0000000000000000
0000000000000000
0000000000000000
0000000000000000
0000000000000000
0000000000000000
0000000000000000
0000000000000000
0000000000000000
0000000000000000
0000000000000000
0000000000000000
0000000000000000
0000000000000000
0000000000000000
0000000000000000
0000000000000000
0000000000000000
0000000000000000
0000000000000000
0000000000000000
0000000000000000
0000000000000000
0000000000000000
0000000000000000
0000000000000000
0000000000000000
0000000000000000
0000000000000000
0000000000000000
0000000000000000
0000000000000000
0000000000000000
0000000000000000
0000000000000000
0000000000000000
0000000000000000
0000000000000000
0000000000000000
0000000000000000
0000000000000000
0000000000000000
0000000000000000
0000000000000000
0000000000000000
0000000000000000
0000000000000000
0000000000000000
0000000000000000
0000000000000000
0000000000000000
0000000000000000
0000000000000000
0000000000000000
0000000000000000
0000000000000000
0000000000000000
0000000000000000
0000000000000000
0000000000000000
0000000000000000
0000000000000000
0000000000000000
0000000000000000
0000000000000000
0000000000000000
0000000000000000
0000000000000000
0000000000000000
0000000000000000
0000000000000000
0000000000000000
0000000000000000
0000000000000000
0000000000000000
0000000000000000
0000000000000000
0000000000000000
0000000000000000
0000000000000000
0000000000000000
0000000000000000
0000000000000000
0000000000000000
0000000000000000
0000000000000000
0000000000000000
0000000000000000
0000000000000000
0000000000000000
0000000000000000
0000000000000000
0000000000000000
0000000000000000
0000000000000000
0000000000000000
0000000000000000
0000000000000000
0000000000000000
0000000000000000
0000000000000000
0000000000000000
0000000000000000
0000000000000000
0000000000000000
0000000000000000
0000000000000000
0000000000000000
0000000000000000
0000000000000000
0000000000000000
0000000000000000
0000000000000000
0000000000000000
0000000000000000
0000000000000000
0000000000000000
0000000000000000
0000000000000000
0000000000000000
0000000000000000
0000000000000000
0000000000000000
0000000000000000
0000000000000000
0000000000000000
0000000000000000
0000000000000000
0000000000000000
0000000000000000
0000000000000000
0000000000000000
0000000000000000
0000000000000000
0000000000000000
0000000000000000
0000000000000000
0000000000000000
0000000000000000
0000000000000000
0000000000000000
0000000000000000
0000000000000000
0000000000000000
0000000000000000
0000000000000000
0000000000000000
0000000000000000
0000000000000000
0000000000000000
0000000000000000
0000000000000000
0000000000000000
0000000000000000
0000000000000000
0000000000000000
0000000000000000
0000000000000000
0000000000000000
0000000000000000
0000000000000000
0000000000000000
0000000000000000
0000000000000000
0000000000000000
0000000000000000
0000000000000000
0000000000000000
0000000000000000
0000000000000000
0000000000000000
0000000000000000
0000000000000000
0000000000000000
0000000000000000
0000000000000000
0000000000000000
0000000000000000
0000000000000000
0000000000000000
0000000000000000
0000000000000000
0000000000000000
0000000000000000
0000000000000000
0000000000000000
0000000000000000
0000000000000000
0000000000000000
0000000000000000
0000000000000000
0000000000000000
0000000000000000
0000000000000000
0000000000000000
0000000000000000
0000000000000000
0000000000000000
0000000000000000
0000000000000000
0000000000000000
0000000000000000
0000000000000000
0000000000000000
0000000000000000
0000000000000000
0000000000000000
0000000000000000
0000000000000000
0000000000000000
0000000000000000
0000000000000000
0000000000000000
0000000000000000
0000000000000000
0000000000000000
0000000000000000
0000000000000000
0000000000000000
0000000000000000
0000000000000000
0000000000000000
0000000000000000
0000000000000000
0000000000000000
0000000000000000
0000000000000000
0000000000000000
0000000000000000
0000000000000000
0000000000000000
0000000000000000
0000000000000000
0000000000000000
0000000000000000
0000000000000000
0000000000000000
0000000000000000
0000000000000000
0000000000000000
0000000000000000
0000000000000000
0000000000000000
0000000000000000
0000000000000000
0000000000000000
0000000000000000
0000000000000000
0000000000000000
0000000000000000
0000000000000000
0000000000000000
0000000000000000
0000000000000000
0000000000000000
0000000000000000
0000000000000000
0000000000000000
0000000000000000
0000000000000000
0000000000000000
0000000000000000
0000000000000000
0000000000000000
0000000000000000
0000000000000000
0000000000000000
0000000000000000
0000000000000000
0000000000000000
0000000000000000
0000000000000000
0000000000000000
0000000000000000
0000000000000000
0000000000000000
0000000000000000
0000000000000000
0000000000000000
0000000000000000
0000000000000000
0000000000000000
0000000000000000
0000000000000000
0000000000000000
0000000000000000
0000000000000000
0000000000000000
0000000000000000
0000000000000000
0000000000000000
0000000000000000
0000000000000000
0000000000000000
0000000000000000
0000000000000000
0000000000000000
0000000000000000
0000000000000000
0000000000000000
0000000000000000
0000000000000000
0000000000000000
0000000000000000
0000000000000000
0000000000000000
0000000000000000
0000000000000000
0000000000000000
0000000000000000
0000000000000000
0000000000000000
0000000000000000
0000000000000000
0000000000000000
0000000000000000
0000000000000000
0000000000000000
0000000000000000
0000000000000000
0000000000000000
0000000000000000
0000000000000000
0000000000000000
0000000000000000
0000000000000000
0000000000000000
0000000000000000
0000000000000000
0000000000000000
0000000000000000
0000000000000000
0000000000000000
0000000000000000
0000000000000000
0000000000000000
0000000000000000
0000000000000000
0000000000000000
0000000000000000
0000000000000000
0000000000000000
0000000000000000
0000000000000000
0000000000000000
0000000000000000
0000000000000000
0000000000000000
0000000000000000
0000000000000000
0000000000000000
0000000000000000
0000000000000000
0000000000000000
0000000000000000
0000000000000000
0000000000000000
0000000000000000
0000000000000000
0000000000000000
0000000000000000
0000000000000000
0000000000000000
0000000000000000
0000000000000000
0000000000000000
0000000000000000
0000000000000000
0000000000000000
0000000000000000
0000000000000000
0000000000000000
0000000000000000
0000000000000000
0000000000000000
0000000000000000
0000000000000000
0000000000000000
0000000000000000
0000000000000000
0000000000000000
0000000000000000
0000000000000000
0000000000000000
0000000000000000
0000000000000000
0000000000000000
0000000000000000
0000000000000000
0000000000000000
0000000000000000
0000000000000000
0000000000000000
0000000000000000
0000000000000000
0000000000000000
0000000000000000
0000000000000000
0000000000000000
0000000000000000
0000000000000000
0000000000000000
0000000000000000
0000000000000000
0000000000000000
0000000000000000
0000000000000000
0000000000000000
0000000000000000
0000000000000000
0000000000000000
0000000000000000
0000000000000000
0000000000000000
0000000000000000
0000000000000000
0000000000000000
0000000000000000
0000000000000000
0000000000000000
0000000000000000
0000000000000000
0000000000000000
0000000000000000
0000000000000000
0000000000000000
0000000000000000
0000000000000000
0000000000000000
0000000000000000
0000000000000000
0000000000000000
0000000000000000
0000000000000000
0000000000000000
0000000000000000
0000000000000000
0000000000000000
0000000000000000
0000000000000000
0000000000000000
0000000000000000
0000000000000000
0000000000000000
0000000000000000
0000000000000000
0000000000000000
0000000000000000
0000000000000000
0000000000000000
0000000000000000
0000000000000000
0000000000000000
0000000000000000
0000000000000000
0000000000000000
0000000000000000
0000000000000000
0000000000000000
0000000000000000
0000000000000000
0000000000000000
0000000000000000
0000000000000000
0000000000000000
0000000000000000
0000000000000000
0000000000000000
0000000000000000
0000000000000000
0000000000000000
0000000000000000
0000000000000000
0000000000000000
0000000000000000
0000000000000000
0000000000000000
0000000000000000
0000000000000000
0000000000000000
0000000000000000
0000000000000000
0000000000000000
0000000000000000
0000000000000000
0000000000000000
0000000000000000
0000000000000000
0000000000000000
0000000000000000
0000000000000000
0000000000000000
0000000000000000
0000000000000000
0000000000000000
0000000000000000
0000000000000000
0000000000000000
0000000000000000
0000000000000000
0000000000000000
0000000000000000
0000000000000000
0000000000000000
0000000000000000
0000000000000000
0000000000000000
0000000000000000
0000000000000000
0000000000000000
0000000000000000
0000000000000000
0000000000000000
0000000000000000
0000000000000000
0000000000000000
0000000000000000
0000000000000000
0000000000000000
0000000000000000
0000000000000000
0000000000000000
0000000000000000
0000000000000000
0000000000000000
0000000000000000
0000000000000000
0000000000000000
0000000000000000
0000000000000000
0000000000000000
0000000000000000
0000000000000000
0000000000000000
0000000000000000
0000000000000000
0000000000000000
0000000000000000
0000000000000000
0000000000000000
0000000000000000
0000000000000000
0000000000000000
0000000000000000
0000000000000000
0000000000000000
0000000000000000
0000000000000000
0000000000000000
0000000000000000
0000000000000000
0000000000000000
0000000000000000
0000000000000000
0000000000000000
0000000000000000
0000000000000000
0000000000000000
0000000000000000
0000000000000000
0000000000000000
0000000000000000
0000000000000000
0000000000000000
0000000000000000
0000000000000000
0000000000000000
0000000000000000
0000000000000000
0000000000000000
0000000000000000
0000000000000000
0000000000000000
0000000000000000
0000000000000000
0000000000000000
0000000000000000
0000000000000000
0000000000000000
0000000000000000
0000000000000000
0000000000000000
0000000000000000
0000000000000000
0000000000000000
0000000000000000
0000000000000000
0000000000000000
0000000000000000
0000000000000000
0000000000000000
0000000000000000
0000000000000000
0000000000000000
0000000000000000
0000000000000000
0000000000000000
0000000000000000
0000000000000000
0000000000000000
0000000000000000
0000000000000000
0000000000000000
0000000000000000
0000000000000000
0000000000000000
0000000000000000
0000000000000000
0000000000000000
0000000000000000
0000000000000000
0000000000000000
0000000000000000
0000000000000000
0000000000000000
0000000000000000
0000000000000000
0000000000000000
0000000000000000
0000000000000000
0000000000000000
0000000000000000
0000000000000000
0000000000000000
0000000000000000
0000000000000000
0000000000000000
0000000000000000
0000000000000000
0000000000000000
0000000000000000
0000000000000000
0000000000000000
0000000000000000
0000000000000000
0000000000000000
0000000000000000
0000000000000000
0000000000000000
0000000000000000
0000000000000000
0000000000000000
0000000000000000
0000000000000000
0000000000000000
0000000000000000
0000000000000000
0000000000000000
0000000000000000
0000000000000000
0000000000000000
0000000000000000
0000000000000000
0000000000000000
0000000000000000
0000000000000000
0000000000000000
0000000000000000
0000000000000000
0000000000000000
0000000000000000
0000000000000000
0000000000000000
0000000000000000
0000000000000000
0000000000000000
0000000000000000
0000000000000000
0000000000000000
0000000000000000
0000000000000000
0000000000000000
0000000000000000
0000000000000000
0000000000000000
0000000000000000
0000000000000000
0000000000000000
0000000000000000
0000000000000000
0000000000000000
0000000000000000
0000000000000000
0000000000000000
0000000000000000
0000000000000000
0000000000000000
0000000000000000
0000000000000000
0000000000000000
0000000000000000
0000000000000000
0000000000000000
0000000000000000
0000000000000000
0000000000000000
0000000000000000
0000000000000000
0000000000000000
0000000000000000
0000000000000000
0000000000000000
0000000000000000
0000000000000000
0000000000000000
0000000000000000
0000000000000000
0000000000000000
0000000000000000
0000000000000000
0000000000000000
0000000000000000
0000000000000000
0000000000000000
0000000000000000
0000000000000000
0000000000000000
0000000000000000
0000000000000000
0000000000000000
0000000000000000
0000000000000000
0000000000000000
0000000000000000
0000000000000000
0000000000000000
0000000000000000
0000000000000000
0000000000000000
0000000000000000
0000000000000000
0000000000000000
0000000000000000
0000000000000000
0000000000000000
0000000000000000
0000000000000000
0000000000000000
0000000000000000
0000000000000000
0000000000000000
0000000000000000
0000000000000000
0000000000000000
0000000000000000
0000000000000000
0000000000000000
0000000000000000
0000000000000000
0000000000000000
0000000000000000
0000000000000000
0000000000000000
0000000000000000
0000000000000000
0000000000000000
0000000000000000
0000000000000000
0000000000000000
0000000000000000
0000000000000000
0000000000000000
0000000000000000
0000000000000000
0000000000000000
0000000000000000
0000000000000000
0000000000000000
0000000000000000
0000000000000000
0000000000000000
0000000000000000
0000000000000000
0000000000000000
0000000000000000
0000000000000000
0000000000007fff
0000000000007fff
0000000000007fff
0000000000007fff
0000000000007fff
0000000000007fff
0000000000007fff
0000000000007fff
0000000000007fff
0000000000007fff
0000000000007fff
0000000000007fff
0000000000007fff
0000000000007fff
0000000000007fff
0000000000007fff
0000000000007fff
0000000000007fff
0000000000007fff
0000000000007fff
0000000000007fff
0000000000007fff
0000000000007fff
0000000000007fff
0000000000007fff
0000000000007fff
0000000000007fff
0000000000007fff
0000000000007fff
0000000000007fff
0000000000007fff
0000000000007fff
0000000000007fff
0000000000007fff
0000000000007fff
0000000000007fff
0000000000007fff
0000000000007fff
0000000000007fff
0000000000007fff
0000000000007fff
0000000000007fff
0000000000007fff
0000000000007fff
0000000000007fff
0000000000007fff
0000000000007fff
0000000000007fff
0000000000007fff
0000000000007fff
0000000000007fff
0000000000007fff
0000000000007fff
0000000000007fff
0000000000007fff
0000000000007fff
0000000000007fff
0000000000007fff
0000000000007fff
0000000000007fff
0000000000007fff
0000000000007fff
0000000000007fff
0000000000007fff
0000000000007fff
0000000000007fff
0000000000007fff
0000000000007fff
0000000000007fff
0000000000007fff
0000000000007fff
0000000000007fff
0000000000007fff
0000000000007fff
0000000000007fff
0000000000007fff
0000000000007fff
0000000000007fff
0000000000007fff
0000000000007fff
0000000000007fff
0000000000007fff
0000000000007fff
0000000000007fff
0000000000007fff
0000000000007fff
0000000000007fff
0000000000007fff
0000000000007fff
0000000000007fff
0000000000007fff
0000000000007fff
0000000000007fff
0000000000007fff
0000000000007fff
0000000000007fff
0000000000007fff
0000000000007fff
0000000000007fff
0000000000007fff
0000000000007fff
0000000000007fff
0000000000007fff
0000000000007fff
0000000000007fff
0000000000007fff
0000000000007fff
0000000000007fff
0000000000007fff
0000000000007fff
0000000000007fff
0000000000007fff
0000000000007fff
0000000000007fff
0000000000007fff
0000000000007fff
0000000000007fff
0000000000007fff
0000000000007fff
0000000000007fff
0000000000007fff
0000000000007fff
0000000000007fff
0000000000007fff
0000000000007fff
0000000000007fff
0000000000007fff
0000000000007fff
0000000000007fff
0000000000007fff
0000000000007fff
0000000000007fff
0000000000007fff
0000000000007fff
0000000000007fff
0000000000007fff
0000000000007fff
0000000000007fff
0000000000007fff
0000000000007fff
0000000000007fff
0000000000007fff
0000000000007fff
0000000000007fff
0000000000007fff
0000000000007fff
0000000000007fff
0000000000007fff
0000000000007fff
0000000000007fff
0000000000007fff
0000000000007fff
0000000000007fff
0000000000007fff
0000000000007fff
0000000000007fff
0000000000007fff
0000000000007fff
0000000000007fff
0000000000007fff
0000000000007fff
0000000000007fff
0000000000007fff
0000000000007fff
0000000000007fff
0000000000007fff
0000000000007fff
0000000000007fff
0000000000007fff
0000000000007fff
0000000000007fff
0000000000007fff
0000000000007fff
0000000000007fff
0000000000007fff
0000000000007fff
0000000000007fff
0000000000007fff
0000000000007fff
0000000000007fff
0000000000007fff
0000000000007fff
0000000000007fff
0000000000007fff
0000000000007fff
0000000000007fff
0000000000007fff
0000000000007fff
0000000000007fff
0000000000007fff
0000000000007fff
0000000000007fff
0000000000007fff
0000000000007fff
0000000000007fff
0000000000007fff
0000000000007fff
0000000000007fff
0000000000007fff
0000000000007fff
0000000000007fff
0000000000007fff
0000000000007fff
0000000000007fff
0000000000007fff
0000000000007fff
0000000000007fff
0000000000007fff
0000000000007fff
0000000000007fff
0000000000007fff
0000000000007fff
0000000000007fff
0000000000007fff
0000000000007fff
0000000000007fff
0000000000007fff
0000000000007fff
0000000000007fff
0000000000007fff
0000000000007fff
0000000000007fff
0000000000007fff
0000000000007fff
0000000000007fff
0000000000007fff
0000000000007fff
0000000000007fff
0000000000007fff
0000000000007fff
0000000000007fff
0000000000007fff
0000000000007fff
0000000000007fff
0000000000007fff
0000000000007fff
0000000000007fff
0000000000007fff
0000000000007fff
0000000000007fff
0000000000007fff
0000000000007fff
0000000000007fff
0000000000007fff
0000000000007fff
0000000000007fff
0000000000007fff
0000000000007fff
0000000000007fff
0000000000007fff
0000000000007fff
0000000000007fff
0000000000007fff
0000000000007fff
0000000000007fff
0000000000007fff
0000000000007fff
0000000000007fff
0000000000007fff
0000000000007fff
0000000000007fff
0000000000007fff
0000000000007fff
0000000000007fff
0000000000007fff
0000000000007fff
0000000000007fff
0000000000007fff
0000000000007fff
0000000000007fff
0000000000007fff
0000000000007fff
0000000000007fff
0000000000007fff
0000000000007fff
0000000000007fff
0000000000007fff
0000000000007fff
0000000000007fff
0000000000007fff
0000000000007fff
0000000000007fff
0000000000007fff
0000000000007fff
0000000000007fff
0000000000007fff
0000000000007fff
0000000000007fff
0000000000007fff
0000000000007fff
0000000000007fff
0000000000007fff
0000000000007fff
0000000000007fff
0000000000007fff
0000000000007fff
0000000000007fff
0000000000007fff
0000000000007fff
0000000000007fff
0000000000007fff
0000000000007fff
0000000000007fff
0000000000007fff
0000000000007fff
0000000000007fff
0000000000007fff
0000000000007fff
0000000000007fff
0000000000007fff
0000000000007fff
0000000000007fff
0000000000007fff
0000000000007fff
0000000000007fff
0000000000007fff
0000000000007fff
0000000000007fff
0000000000007fff
0000000000007fff
0000000000007fff
0000000000007fff
0000000000007fff
0000000000007fff
0000000000007fff
0000000000007fff
0000000000007fff
0000000000007fff
0000000000007fff
0000000000007fff
0000000000007fff
0000000000007fff
0000000000007fff
0000000000007fff
0000000000007fff
0000000000007fff
0000000000007fff
0000000000007fff
0000000000007fff
0000000000007fff
0000000000007fff
0000000000007fff
0000000000007fff
0000000000007fff
0000000000007fff
0000000000007fff
0000000000007fff
0000000000007fff
0000000000007fff
0000000000007fff
0000000000007fff
0000000000007fff
0000000000007fff
0000000000007fff
0000000000007fff
0000000000007fff
0000000000007fff
0000000000007fff
0000000000007fff
0000000000007fff
0000000000007fff
0000000000007fff
0000000000007fff
0000000000007fff
0000000000007fff
0000000000007fff
0000000000007fff
0000000000007fff
0000000000007fff
0000000000007fff
0000000000007fff
0000000000007fff
0000000000007fff
0000000000007fff
0000000000007fff
0000000000007fff
0000000000007fff
0000000000007fff
0000000000007fff
0000000000007fff
0000000000007fff
0000000000007fff
0000000000007fff
0000000000007fff
0000000000007fff
0000000000007fff
0000000000007fff
0000000000007fff
0000000000007fff
0000000000007fff
0000000000007fff
0000000000007fff
0000000000007fff
0000000000007fff
0000000000007fff
0000000000007fff
0000000000007fff
0000000000007fff
0000000000007fff
0000000000007fff
0000000000007fff
0000000000007fff
0000000000007fff
0000000000007fff
0000000000007fff
0000000000007fff
0000000000007fff
0000000000007fff
0000000000007fff
0000000000007fff
0000000000007fff
0000000000007fff
0000000000007fff
0000000000007fff
0000000000007fff
0000000000007fff
0000000000007fff
0000000000007fff
0000000000007fff
0000000000007fff
0000000000007fff
0000000000007fff
0000000000007fff
0000000000007fff
0000000000007fff
0000000000007fff
0000000000007fff
0000000000007fff
0000000000007fff
0000000000007fff
0000000000007fff
0000000000007fff
0000000000007fff
0000000000007fff
0000000000007fff
0000000000007fff
0000000000007fff
0000000000007fff
0000000000007fff
0000000000007fff
0000000000007fff
0000000000007fff
0000000000007fff
0000000000007fff
0000000000007fff
0000000000007fff
0000000000007fff
0000000000007fff
0000000000007fff
0000000000007fff
0000000000007fff
0000000000007fff
0000000000007fff
0000000000007fff
0000000000007fff
0000000000007fff
0000000000007fff
0000000000007fff
0000000000007fff
0000000000007fff
0000000000007fff
0000000000007fff
0000000000007fff
0000000000007fff
0000000000007fff
0000000000007fff
0000000000007fff
0000000000007fff
0000000000007fff
0000000000007fff
0000000000007fff
0000000000007fff
0000000000007fff
0000000000007fff
0000000000007fff
0000000000007fff
0000000000007fff
0000000000007fff
0000000000007fff
0000000000007fff
0000000000007fff
0000000000007fff
0000000000007fff
0000000000007fff
0000000000007fff
0000000000007fff
0000000000007fff
0000000000007fff
0000000000007fff
0000000000007fff
0000000000007fff
0000000000007fff
0000000000007fff
0000000000007fff
0000000000007fff
0000000000007fff
0000000000007fff
0000000000007fff
0000000000007fff
0000000000007fff
0000000000007fff
0000000000007fff
0000000000007fff
0000000000007fff
0000000000007fff
0000000000007fff
0000000000007fff
0000000000007fff
0000000000007fff
0000000000007fff
0000000000007fff
0000000000007fff
0000000000007fff
0000000000007fff
0000000000007fff
0000000000007fff
0000000000007fff
0000000000007fff
0000000000007fff
0000000000007fff
0000000000007fff
0000000000007fff
0000000000007fff
0000000000007fff
0000000000007fff
0000000000007fff
0000000000007fff
0000000000007fff
0000000000007fff
0000000000007fff
0000000000007fff
0000000000007fff
0000000000007fff
0000000000007fff
0000000000007fff
0000000000007fff
0000000000007fff
0000000000007fff
0000000000007fff
0000000000007fff
0000000000007fff
0000000000007fff
0000000000007fff
0000000000007fff
0000000000007fff
0000000000007fff
0000000000007fff
0000000000007fff
0000000000007fff
0000000000007fff
0000000000007fff
0000000000007fff
0000000000007fff
0000000000007fff
0000000000007fff
0000000000007fff
0000000000007fff
0000000000007fff
0000000000007fff
0000000000007fff
0000000000007fff
0000000000007fff
0000000000007fff
0000000000007fff
0000000000007fff
0000000000007fff
0000000000007fff
0000000000007fff
0000000000007fff
0000000000007fff
0000000000007fff
0000000000007fff
0000000000007fff
0000000000007fff
0000000000007fff
0000000000007fff
0000000000007fff
0000000000007fff
0000000000007fff
0000000000007fff
0000000000007fff
0000000000007fff
0000000000007fff
0000000000007fff
0000000000007fff
0000000000007fff
0000000000007fff
0000000000007fff
0000000000007fff
0000000000007fff
0000000000007fff
0000000000007fff
0000000000007fff
0000000000007fff
0000000000007fff
0000000000007fff
0000000000007fff
0000000000007fff
0000000000007fff
0000000000007fff
0000000000007fff
0000000000007fff
0000000000007fff
0000000000007fff
0000000000007fff
0000000000007fff
0000000000007fff
0000000000007fff
0000000000007fff
0000000000007fff
0000000000007fff
0000000000007fff
0000000000007fff
0000000000007fff
0000000000007fff
0000000000007fff
0000000000007fff
0000000000007fff
0000000000007fff
0000000000007fff
0000000000007fff
0000000000007fff
0000000000007fff
0000000000007fff
0000000000007fff
0000000000007fff
0000000000007fff
0000000000007fff
0000000000007fff
0000000000007fff
0000000000007fff
0000000000007fff
0000000000007fff
0000000000007fff
0000000000007fff
0000000000007fff
0000000000007fff
0000000000007fff
0000000000007fff
0000000000007fff
0000000000007fff
0000000000007fff
0000000000007fff
0000000000007fff
0000000000007fff
0000000000007fff
0000000000007fff
0000000000007fff
0000000000007fff
0000000000007fff
0000000000007fff
0000000000007fff
0000000000007fff
0000000000007fff
0000000000007fff
0000000000007fff
0000000000007fff
0000000000007fff
0000000000007fff
0000000000007fff
0000000000007fff
0000000000007fff
0000000000007fff
0000000000007fff
0000000000007fff
0000000000007fff
0000000000007fff
0000000000007fff
0000000000007fff
0000000000007fff
0000000000007fff
0000000000007fff
0000000000007fff
0000000000007fff
0000000000007fff
0000000000007fff
0000000000007fff
0000000000007fff
0000000000007fff
0000000000007fff
0000000000007fff
0000000000007fff
0000000000007fff
0000000000007fff
0000000000007fff
0000000000007fff
0000000000007fff
0000000000007fff
0000000000007fff
0000000000007fff
0000000000007fff
0000000000007fff
0000000000007fff
0000000000007fff
0000000000007fff
0000000000007fff
0000000000007fff
0000000000007fff
0000000000007fff
0000000000007fff
0000000000007fff
0000000000007fff
0000000000007fff
0000000000007fff
0000000000007fff
0000000000007fff
0000000000007fff
0000000000007fff
0000000000007fff
0000000000007fff
0000000000007fff
0000000000007fff
0000000000007fff
0000000000007fff
0000000000007fff
0000000000007fff
0000000000007fff
0000000000007fff
0000000000007fff
0000000000007fff
0000000000007fff
0000000000007fff
0000000000007fff
0000000000007fff
0000000000007fff
0000000000007fff
0000000000007fff
0000000000007fff
0000000000007fff
0000000000007fff
0000000000007fff
0000000000007fff
0000000000007fff
0000000000007fff
0000000000007fff
0000000000007fff
0000000000007fff
0000000000007fff
0000000000007fff
0000000000007fff
0000000000007fff
0000000000007fff
0000000000007fff
0000000000007fff
0000000000007fff
0000000000007fff
0000000000007fff
0000000000007fff
0000000000007fff
0000000000007fff
0000000000007fff
0000000000007fff
0000000000007fff
0000000000007fff
0000000000007fff
0000000000007fff
0000000000007fff
0000000000007fff
0000000000007fff
0000000000007fff
0000000000007fff
0000000000007fff
0000000000007fff
0000000000007fff
0000000000007fff
0000000000007fff
0000000000007fff
0000000000007fff
0000000000007fff
0000000000007fff
0000000000007fff
0000000000007fff
0000000000007fff
0000000000007fff
0000000000007fff
0000000000007fff
0000000000007fff
0000000000007fff
0000000000007fff
0000000000007fff
0000000000007fff
0000000000007fff
0000000000007fff
0000000000007fff
0000000000007fff
0000000000007fff
0000000000007fff
0000000000007fff
0000000000007fff
0000000000007fff
0000000000007fff
0000000000007fff
0000000000007fff
0000000000007fff
0000000000007fff
0000000000007fff
0000000000007fff
0000000000007fff
0000000000007fff
0000000000007fff
0000000000007fff
0000000000007fff
0000000000007fff
0000000000007fff
0000000000007fff
0000000000007fff
0000000000007fff
0000000000007fff
0000000000007fff
0000000000007fff
0000000000007fff
0000000000007fff
0000000000007fff
0000000000007fff
0000000000007fff
0000000000007fff
0000000000007fff
0000000000007fff
0000000000007fff
0000000000007fff
0000000000007fff
0000000000007fff
0000000000007fff
0000000000007fff
0000000000007fff
0000000000007fff
0000000000007fff
0000000000007fff
0000000000007fff
0000000000007fff
0000000000007fff
0000000000007fff
0000000000007fff
0000000000007fff
0000000000007fff
0000000000007fff
0000000000007fff
0000000000007fff
0000000000007fff
0000000000007fff
0000000000007fff
0000000000007fff
0000000000007fff
0000000000007fff
0000000000007fff
0000000000007fff
0000000000007fff
0000000000007fff
0000000000007fff
0000000000007fff
0000000000007fff
0000000000007fff
0000000000007fff
0000000000007fff
0000000000007fff
0000000000007fff
0000000000007fff
0000000000007fff
0000000000007fff
0000000000007fff
0000000000007fff
0000000000007fff
0000000000007fff
0000000000007fff
0000000000007fff
0000000000007fff
0000000000007fff
0000000000007fff
0000000000007fff
0000000000007fff
0000000000007fff
0000000000007fff
0000000000007fff
0000000000007fff
0000000000007fff
0000000000007fff
0000000000007fff
0000000000007fff
0000000000007fff
0000000000007fff
0000000000007fff
0000000000007fff
0000000000007fff
0000000000007fff
0000000000007fff
0000000000007fff
0000000000007fff
0000000000007fff
0000000000007fff
0000000000007fff
0000000000007fff
0000000000007fff
0000000000007fff
0000000000007fff
0000000000007fff
0000000000007fff
0000000000007fff
0000000000007fff
0000000000007fff
0000000000007fff
0000000000007fff
0000000000007fff
0000000000007fff
0000000000007fff
0000000000007fff
0000000000007fff
0000000000007fff
0000000000007fff
0000000000007fff
0000000000007fff
0000000000007fff
0000000000007fff
0000000000007fff
0000000000007fff
0000000000007fff
0000000000007fff
0000000000007fff
0000000000007fff
0000000000007fff
0000000000007fff
0000000000007fff
0000000000007fff
0000000000007fff
0000000000007fff
0000000000007fff
0000000000007fff
0000000000007fff
0000000000007fff
0000000000007fff
0000000000007fff
0000000000007fff
0000000000007fff
0000000000007fff
0000000000007fff
0000000000007fff
0000000000007fff
0000000000007fff
0000000000007fff
0000000000007fff
0000000000007fff
0000000000007fff
0000000000007fff
0000000000007fff
0000000000007fff
0000000000007fff
0000000000007fff
0000000000007fff
0000000000007fff
0000000000007fff
0000000000007fff
0000000000007fff
0000000000007fff
0000000000007fff
0000000000007fff
0000000000007fff
0000000000007fff
0000000000007fff
0000000000007fff
0000000000007fff
0000000000007fff
0000000000007fff
0000000000007fff
0000000000007fff
0000000000007fff
0000000000007fff
0000000000007fff
0000000000007fff
0000000000007fff
0000000000007fff
0000000000007fff
0000000000007fff
0000000000007fff
0000000000007fff
0000000000007fff
0000000000007fff
0000000000007fff
0000000000007fff
0000000000007fff
0000000000007fff
0000000000007fff
0000000000007fff
0000000000007fff
0000000000007fff
0000000000007fff
0000000000007fff
0000000000007fff
0000000000007fff
0000000000007fff
0000000000007fff
0000000000007fff
0000000000007fff
0000000000007fff
0000000000007fff
0000000000007fff
0000000000007fff
0000000000007fff
0000000000007fff
0000000000007fff
0000000000007fff
0000000000007fff
0000000000007fff
0000000000007fff
0000000000007fff
0000000000007fff
0000000000007fff
0000000000007fff
0000000000007fff
0000000000007fff
0000000000007fff
0000000000007fff
0000000000007fff
0000000000007fff
0000000000007fff
0000000000007fff
0000000000007fff
0000000000007fff
0000000000007fff
0000000000007fff
0000000000007fff
0000000000007fff
0000000000007fff
0000000000007fff
0000000000007fff
0000000000007fff
0000000000007fff
0000000000007fff
0000000000007fff
0000000000007fff
0000000000007fff
0000000000007fff
0000000000007fff
0000000000007fff
0000000000007fff
0000000000007fff
0000000000007fff
0000000000007fff
0000000000007fff
0000000000007fff
0000000000007fff
0000000000007fff
0000000000007fff
0000000000007fff
0000000000007fff
0000000000007fff
0000000000007fff
0000000000007fff
0000000000007fff
0000000000007fff
0000000000007fff
0000000000007fff
0000000000007fff
0000000000007fff
0000000000007fff
0000000000007fff
0000000000007fff
0000000000007fff
0000000000007fff
0000000000007fff
0000000000007fff
0000000000007fff
0000000000007fff
0000000000007fff
0000000000007fff
0000000000007fff
0000000000007fff
0000000000007fff
0000000000007fff
0000000000007fff
0000000000007fff
0000000000007fff
0000000000007fff
0000000000007fff
0000000000007fff
0000000000007fff
0000000000007fff
0000000000007fff
0000000000007fff
0000000000007fff
0000000000007fff
0000000000007fff
0000000000007fff
0000000000007fff
0000000000007fff
0000000000007fff
0000000000007fff
0000000000007fff
0000000000007fff
0000000000007fff
0000000000007fff
0000000000007fff
0000000000007fff
0000000000007fff
0000000000007fff
0000000000007fff
0000000000007fff
0000000000007fff
0000000000007fff
0000000000007fff
0000000000007fff
0000000000007fff
0000000000007fff
0000000000007fff
0000000000007fff
0000000000007fff
0000000000007fff
0000000000007fff
0000000000007fff
0000000000007fff
0000000000007fff
0000000000007fff
0000000000007fff
0000000000007fff
0000000000007fff
0000000000007fff
0000000000007fff
0000000000007fff
0000000000007fff
0000000000007fff
0000000000007fff
0000000000007fff
0000000000007fff
0000000000007fff
0000000000007fff
0000000000007fff
0000000000007fff
0000000000007fff
0000000000007fff
0000000000007fff
0000000000007fff
0000000000007fff
0000000000007fff
0000000000007fff
0000000000007fff
0000000000007fff
0000000000007fff
0000000000007fff
0000000000007fff
0000000000007fff
0000000000007fff
0000000000007fff
0000000000007fff
0000000000007fff
0000000000007fff
0000000000007fff
0000000000007fff
0000000000007fff
0000000000007fff
0000000000007fff
0000000000007fff
0000000000007fff
0000000000007fff
0000000000007fff
0000000000007fff
0000000000007fff
0000000000007fff
0000000000007fff
0000000000007fff
0000000000007fff
0000000000007fff
0000000000007fff
0000000000007fff
0000000000007fff
0000000000007fff
0000000000007fff
0000000000007fff
0000000000007fff
0000000000007fff
0000000000007fff
0000000000007fff
0000000000007fff
0000000000007fff
0000000000007fff
0000000000007fff
0000000000007fff
0000000000007fff
0000000000007fff
0000000000007fff
0000000000007fff
0000000000007fff
0000000000007fff
0000000000007fff
0000000000007fff
0000000000007fff
0000000000007fff
0000000000007fff
0000000000007fff
0000000000007fff
0000000000007fff
0000000000007fff
0000000000007fff
0000000000007fff
0000000000007fff
0000000000007fff
0000000000007fff
0000000000007fff
0000000000007fff
0000000000007fff
0000000000007fff
0000000000007fff
0000000000007fff
0000000000007fff
0000000000007fff
0000000000007fff
0000000000007fff
0000000000007fff
0000000000007fff
0000000000007fff
0000000000007fff
0000000000007fff
0000000000007fff
0000000000007fff
0000000000007fff
0000000000007fff
0000000000007fff
0000000000007fff
0000000000007fff
0000000000007fff
0000000000007fff
0000000000007fff
0000000000007fff
0000000000007fff
0000000000007fff
0000000000007fff
0000000000007fff
0000000000007fff
0000000000007fff
0000000000007fff
0000000000007fff
0000000000007fff
0000000000007fff
0000000000007fff
0000000000007fff
0000000000007fff
0000000000007fff
0000000000007fff
0000000000007fff
0000000000007fff
0000000000007fff
0000000000007fff
0000000000007fff
0000000000007fff
0000000000007fff
0000000000007fff
0000000000007fff
0000000000007fff
0000000000007fff
0000000000007fff
0000000000007fff
0000000000007fff
0000000000007fff
0000000000007fff
0000000000007fff
0000000000007fff
0000000000007fff
0000000000007fff
0000000000007fff
0000000000007fff
0000000000007fff
0000000000007fff
0000000000007fff
0000000000007fff
0000000000007fff
0000000000007fff
0000000000007fff
0000000000007fff
0000000000007fff
0000000000007fff
0000000000007fff
0000000000007fff
0000000000007fff
0000000000007fff
0000000000007fff
0000000000007fff
0000000000007fff
0000000000007fff
0000000000007fff
0000000000007fff
0000000000007fff
0000000000007fff
0000000000007fff
0000000000007fff
0000000000007fff
0000000000007fff
0000000000007fff
0000000000007fff
0000000000007fff
0000000000007fff
0000000000007fff
0000000000007fff
0000000000007fff
0000000000007fff
0000000000007fff
0000000000007fff
0000000000007fff
0000000000007fff
0000000000007fff
0000000000007fff
0000000000007fff
0000000000007fff
0000000000007fff
0000000000007fff
0000000000007fff
0000000000007fff
0000000000007fff
0000000000007fff
0000000000007fff
0000000000007fff
0000000000007fff
0000000000007fff
0000000000007fff
0000000000007fff
0000000000007fff
0000000000007fff
0000000000007fff
0000000000007fff
0000000000007fff
0000000000007fff
0000000000007fff
0000000000007fff
0000000000007fff
0000000000007fff
0000000000007fff
0000000000007fff
0000000000007fff
0000000000007fff
0000000000007fff
0000000000007fff
0000000000007fff
0000000000007fff
0000000000007fff
0000000000007fff
0000000000007fff
0000000000007fff
0000000000007fff
0000000000007fff
0000000000007fff
0000000000007fff
0000000000007fff
0000000000007fff
0000000000007fff
0000000000007fff
0000000000007fff
0000000000007fff
0000000000007fff
0000000000007fff
0000000000007fff
0000000000007fff
0000000000007fff
0000000000007fff
0000000000007fff
0000000000007fff
0000000000007fff
0000000000007fff
0000000000007fff
0000000000007fff
0000000000007fff
0000000000007fff
0000000000007fff
0000000000007fff
0000000000007fff
0000000000007fff
0000000000007fff
0000000000007fff
0000000000007fff
0000000000007fff
0000000000007fff
0000000000007fff
0000000000007fff
0000000000007fff
0000000000007fff
0000000000007fff
0000000000007fff
0000000000007fff
0000000000007fff
0000000000007fff
0000000000007fff
0000000000007fff
0000000000007fff
0000000000007fff
0000000000007fff
0000000000007fff
0000000000007fff
0000000000007fff
0000000000007fff
0000000000007fff
0000000000007fff
0000000000007fff
0000000000007fff
0000000000007fff
0000000000007fff
0000000000007fff
0000000000007fff
0000000000007fff
0000000000007fff
0000000000007fff
0000000000007fff
0000000000007fff
0000000000007fff
0000000000007fff
0000000000007fff
0000000000007fff
0000000000007fff
0000000000007fff
0000000000007fff
0000000000007fff
0000000000007fff
0000000000007fff
0000000000007fff
0000000000007fff
0000000000007fff
0000000000007fff
0000000000007fff
0000000000007fff
0000000000007fff
0000000000007fff
0000000000007fff
0000000000007fff
0000000000007fff
0000000000007fff
0000000000007fff
0000000000007fff
0000000000007fff
0000000000007fff
0000000000007fff
0000000000007fff
0000000000007fff
0000000000007fff
0000000000007fff
0000000000007fff
0000000000007fff
0000000000007fff
0000000000007fff
0000000000007fff
0000000000007fff
0000000000007fff
0000000000007fff
0000000000007fff
0000000000007fff
0000000000007fff
0000000000007fff
0000000000007fff
0000000000007fff
0000000000007fff
0000000000007fff
0000000000007fff
0000000000007fff
0000000000007fff
0000000000007fff
0000000000007fff
0000000000007fff
0000000000007fff
0000000000007fff
0000000000007fff
0000000000007fff
0000000000007fff
0000000000007fff
0000000000007fff
0000000000007fff
0000000000007fff
0000000000007fff
0000000000007fff
0000000000007fff
0000000000007fff
0000000000007fff
0000000000007fff
0000000000007fff
0000000000007fff
0000000000007fff
0000000000007fff
0000000000007fff
0000000000007fff
0000000000007fff
0000000000007fff
0000000000007fff
0000000000007fff
0000000000007fff
0000000000007fff
0000000000007fff
0000000000007fff
0000000000007fff
0000000000007fff
0000000000007fff
0000000000007fff
0000000000007fff
0000000000007fff
0000000000007fff
0000000000007fff
0000000000007fff
0000000000007fff
0000000000007fff
0000000000007fff
0000000000007fff
0000000000007fff
0000000000007fff
0000000000007fff
0000000000007fff
0000000000007fff
0000000000007fff
0000000000007fff
0000000000007fff
0000000000007fff
0000000000007fff
0000000000007fff
0000000000007fff
0000000000007fff
0000000000007fff
0000000000007fff
0000000000007fff
0000000000007fff
0000000000007fff
0000000000007fff
0000000000007fff
0000000000007fff
0000000000007fff
0000000000007fff
0000000000007fff
0000000000007fff
0000000000007fff
0000000000007fff
0000000000007fff
0000000000007fff
0000000000007fff
0000000000007fff
0000000000007fff
0000000000007fff
0000000000007fff
0000000000007fff
0000000000007fff
0000000000007fff
0000000000007fff
0000000000007fff
0000000000007fff
0000000000007fff
0000000000007fff
0000000000007fff
0000000000007fff
0000000000007fff
0000000000007fff
0000000000007fff
0000000000007fff
0000000000007fff
0000000000007fff
0000000000007fff
0000000000007fff
0000000000007fff
0000000000007fff
0000000000007fff
0000000000007fff
0000000000007fff
0000000000007fff
0000000000007fff
0000000000007fff
0000000000007fff
0000000000007fff
0000000000007fff
0000000000007fff
0000000000007fff
0000000000007fff
0000000000007fff
0000000000007fff
0000000000007fff
0000000000007fff
0000000000007fff
0000000000007fff
0000000000007fff
0000000000007fff
0000000000007fff
0000000000007fff
0000000000007fff
0000000000007fff
0000000000007fff
0000000000007fff
0000000000007fff
0000000000007fff
0000000000007fff
0000000000007fff
0000000000007fff
0000000000007fff
0000000000007fff
0000000000007fff
0000000000007fff
0000000000007fff
0000000000007fff
0000000000007fff
0000000000007fff
0000000000007fff
0000000000007fff
0000000000007fff
0000000000007fff
0000000000007fff
0000000000007fff
0000000000007fff
0000000000007fff
0000000000007fff
0000000000007fff
0000000000007fff
0000000000007fff
0000000000007fff
0000000000007fff
0000000000007fff
0000000000007fff
0000000000007fff
0000000000007fff
0000000000007fff
0000000000007fff
0000000000007fff
0000000000007fff
0000000000007fff
0000000000007fff
0000000000007fff
0000000000007fff
0000000000007fff
0000000000007fff
0000000000007fff
0000000000007fff
0000000000007fff
0000000000007fff
0000000000007fff
0000000000007fff
0000000000007fff
0000000000007fff
0000000000007fff
0000000000007fff
0000000000007fff
0000000000007fff
0000000000007fff
0000000000007fff
0000000000007fff
0000000000007fff
0000000000007fff
0000000000007fff
0000000000007fff
0000000000007fff
0000000000007fff
0000000000007fff
0000000000007fff
0000000000007fff
0000000000007fff
0000000000007fff
0000000000007fff
0000000000007fff
0000000000007fff
0000000000007fff
0000000000007fff
0000000000007fff
0000000000007fff
0000000000007fff
0000000000007fff
0000000000007fff
0000000000007fff
0000000000007fff
0000000000007fff
0000000000007fff
0000000000007fff
0000000000007fff
0000000000007fff
0000000000007fff
0000000000007fff
0000000000007fff
0000000000007fff
0000000000007fff
0000000000007fff
0000000000007fff
0000000000007fff
0000000000007fff
0000000000007fff
0000000000007fff
0000000000007fff
0000000000007fff
0000000000007fff
0000000000007fff
0000000000007fff
0000000000007fff
0000000000007fff
0000000000007fff
0000000000007fff
0000000000007fff
0000000000007fff
0000000000007fff
0000000000007fff
0000000000007fff
0000000000007fff
0000000000007fff
0000000000007fff
0000000000007fff
0000000000007fff
0000000000007fff
0000000000007fff
0000000000007fff
0000000000007fff
0000000000007fff
0000000000007fff
0000000000007fff
0000000000007fff
0000000000007fff
0000000000007fff
0000000000007fff
0000000000007fff
0000000000007fff
0000000000007fff
0000000000007fff
0000000000007fff
0000000000007fff
0000000000007fff
0000000000007fff
0000000000007fff
0000000000007fff
0000000000007fff
0000000000007fff
0000000000007fff
0000000000007fff
0000000000007fff
0000000000007fff
0000000000007fff
0000000000007fff
0000000000007fff
0000000000007fff
0000000000007fff
0000000000007fff
0000000000007fff
0000000000007fff
0000000000007fff
0000000000007fff
0000000000007fff
0000000000007fff
0000000000007fff
0000000000007fff
0000000000007fff
0000000000007fff
0000000000007fff
0000000000007fff
0000000000007fff
0000000000007fff
0000000000007fff
0000000000007fff
0000000000007fff
0000000000007fff
0000000000007fff
0000000000007fff
0000000000007fff
0000000000007fff
0000000000007fff
0000000000007fff
0000000000007fff
0000000000007fff
0000000000007fff
0000000000007fff
0000000000007fff
0000000000007fff
0000000000007fff
0000000000007fff
0000000000007fff
0000000000007fff
0000000000007fff
0000000000007fff
0000000000007fff
0000000000007fff
0000000000007fff
0000000000007fff
0000000000007fff
0000000000007fff
0000000000007fff
0000000000007fff
0000000000007fff
0000000000007fff
0000000000007fff
0000000000007fff
0000000000007fff
0000000000007fff
0000000000007fff
0000000000007fff
0000000000007fff
0000000000007fff
0000000000007fff
0000000000007fff
0000000000007fff
0000000000007fff
0000000000007fff
0000000000007fff
0000000000007fff
0000000000007fff
0000000000007fff
0000000000007fff
0000000000007fff
0000000000007fff
0000000000007fff
0000000000007fff
0000000000007fff
0000000000007fff
0000000000007fff
0000000000007fff
0000000000007fff
0000000000007fff
0000000000007fff
0000000000007fff
0000000000007fff
0000000000007fff
0000000000007fff
0000000000007fff
0000000000007fff
0000000000007fff
0000000000007fff
0000000000007fff
0000000000007fff
0000000000007fff
0000000000007fff
0000000000007fff
0000000000007fff
0000000000007fff
0000000000007fff
0000000000007fff
0000000000007fff
0000000000007fff
0000000000007fff
0000000000007fff
0000000000007fff
0000000000007fff
0000000000007fff
0000000000007fff
0000000000007fff
0000000000007fff
0000000000007fff
0000000000007fff
0000000000007fff
0000000000007fff
0000000000007fff
0000000000007fff
0000000000007fff
0000000000007fff
0000000000007fff
0000000000007fff
0000000000007fff
0000000000007fff
0000000000007fff
0000000000007fff
0000000000007fff
0000000000007fff
0000000000007fff
0000000000007fff
0000000000007fff
0000000000007fff
0000000000007fff
0000000000007fff
0000000000007fff
0000000000007fff
0000000000007fff
0000000000007fff
0000000000007fff
0000000000007fff
0000000000007fff
0000000000007fff
0000000000007fff
0000000000007fff
0000000000007fff
0000000000007fff
0000000000007fff
0000000000007fff
0000000000007fff
0000000000007fff
0000000000007fff
0000000000007fff
0000000000007fff
0000000000007fff
0000000000007fff
0000000000007fff
0000000000007fff
0000000000007fff
0000000000007fff
0000000000007fff
0000000000007fff
0000000000007fff
0000000000007fff
0000000000007fff
0000000000007fff
0000000000007fff
0000000000007fff
0000000000007fff
0000000000007fff
0000000000007fff
0000000000007fff
0000000000007fff
0000000000007fff
0000000000007fff
0000000000007fff
0000000000007fff
0000000000007fff
0000000000007fff
0000000000007fff
0000000000007fff
0000000000007fff
0000000000007fff
0000000000007fff
0000000000007fff
0000000000007fff
0000000000007fff
0000000000007fff
0000000000007fff
0000000000007fff
0000000000007fff
0000000000007fff
0000000000007fff
0000000000007fff
0000000000007fff
0000000000007fff
0000000000007fff
0000000000007fff
0000000000007fff
0000000000007fff
0000000000007fff
0000000000007fff
0000000000007fff
0000000000007fff
0000000000007fff
0000000000007fff
0000000000007fff
0000000000007fff
0000000000007fff
0000000000007fff
0000000000007fff
0000000000007fff
0000000000007fff
0000000000007fff
0000000000007fff
0000000000007fff
0000000000007fff
0000000000007fff
0000000000007fff
0000000000007fff
0000000000007fff
0000000000007fff
0000000000007fff
0000000000007fff
0000000000007fff
0000000000007fff
0000000000007fff
0000000000007fff
0000000000007fff
0000000000007fff
0000000000007fff
0000000000007fff
0000000000007fff
0000000000007fff
0000000000007fff
0000000000007fff
0000000000007fff
0000000000007fff
0000000000007fff
0000000000007fff
0000000000007fff
0000000000007fff
0000000000007fff
0000000000007fff
0000000000007fff
0000000000007fff
0000000000007fff
0000000000007fff
0000000000007fff
0000000000007fff
0000000000007fff
0000000000007fff
0000000000007fff
0000000000007fff
0000000000007fff
0000000000007fff
0000000000007fff
0000000000007fff
0000000000007fff
0000000000007fff
0000000000007fff
0000000000007fff
0000000000007fff
0000000000007fff
0000000000007fff
0000000000007fff
0000000000007fff
0000000000007fff
0000000000007fff
0000000000007fff
0000000000007fff
0000000000007fff
0000000000007fff
0000000000007fff
0000000000007fff
0000000000007fff
0000000000007fff
0000000000007fff
0000000000007fff
0000000000007fff
0000000000007fff
0000000000007fff
0000000000007fff
0000000000007fff
0000000000007fff
0000000000007fff
0000000000007fff
0000000000007fff
0000000000007fff
0000000000007fff
0000000000007fff
0000000000007fff
0000000000007fff
0000000000007fff
0000000000007fff
0000000000007fff
0000000000007fff
0000000000007fff
0000000000007fff
0000000000007fff
0000000000007fff
0000000000007fff
0000000000007fff
0000000000007fff
0000000000007fff
0000000000007fff
0000000000007fff
0000000000007fff
0000000000007fff
0000000000007fff
0000000000007fff
0000000000007fff
0000000000007fff
0000000000007fff
0000000000007fff
0000000000007fff
0000000000007fff
0000000000007fff
0000000000007fff
0000000000007fff
0000000000007fff
0000000000007fff
0000000000007fff
0000000000007fff
0000000000007fff
0000000000007fff
0000000000007fff
0000000000007fff
0000000000007fff
0000000000007fff
0000000000007fff
0000000000007fff
0000000000007fff
0000000000007fff
0000000000007fff
0000000000007fff
0000000000007fff
0000000000007fff
0000000000007fff
0000000000007fff
0000000000007fff
0000000000007fff
0000000000007fff
0000000000007fff
0000000000007fff
0000000000007fff
0000000000007fff
0000000000007fff
0000000000007fff
0000000000007fff
0000000000007fff
0000000000007fff
0000000000007fff
0000000000007fff
0000000000007fff
0000000000007fff
0000000000007fff
0000000000007fff
0000000000007fff
0000000000007fff
0000000000007fff
0000000000007fff
0000000000007fff
0000000000007fff
0000000000007fff
0000000000007fff
0000000000007fff
0000000000007fff
0000000000007fff
0000000000007fff
0000000000007fff
0000000000007fff
0000000000007fff
0000000000007fff
0000000000007fff
0000000000007fff
0000000000007fff
0000000000007fff
0000000000007fff
0000000000007fff
0000000000007fff
0000000000007fff
0000000000007fff
0000000000007fff
0000000000007fff
0000000000007fff
0000000000007fff
0000000000007fff
0000000000007fff
0000000000007fff
0000000000007fff
0000000000007fff
0000000000007fff
0000000000007fff
0000000000007fff
0000000000007fff
0000000000007fff
0000000000007fff
0000000000007fff
0000000000007fff
0000000000007fff
0000000000007fff
0000000000007fff
0000000000007fff
0000000000007fff
0000000000007fff
0000000000007fff
0000000000007fff
0000000000007fff
0000000000007fff
0000000000007fff
0000000000007fff
0000000000007fff
0000000000007fff
0000000000007fff
0000000000007fff
0000000000007fff
0000000000007fff
0000000000007fff
0000000000007fff
0000000000007fff
0000000000007fff
0000000000007fff
0000000000007fff
0000000000007fff
0000000000007fff
0000000000007fff
0000000000007fff
0000000000007fff
0000000000007fff
0000000000007fff
0000000000007fff
0000000000007fff
0000000000007fff
0000000000007fff
0000000000007fff
0000000000007fff
0000000000007fff
0000000000007fff
0000000000007fff
0000000000007fff
0000000000007fff
0000000000007fff
0000000000007fff
0000000000007fff
0000000000007fff
0000000000007fff
0000000000007fff
0000000000007fff
0000000000007fff
0000000000007fff
0000000000007fff
0000000000007fff
0000000000007fff
0000000000007fff
0000000000007fff
0000000000007fff
0000000000007fff
0000000000007fff
0000000000007fff
0000000000007fff
0000000000007fff
0000000000007fff
0000000000007fff
0000000000007fff
0000000000007fff
0000000000007fff
0000000000007fff
0000000000007fff
0000000000007fff
0000000000007fff
0000000000007fff
0000000000007fff
0000000000007fff
0000000000007fff
0000000000007fff
0000000000007fff
0000000000007fff
0000000000007fff
0000000000007fff
0000000000007fff
0000000000007fff
0000000000007fff
0000000000007fff
0000000000007fff
0000000000007fff
0000000000007fff
0000000000007fff
0000000000007fff
0000000000007fff
0000000000007fff
0000000000007fff
0000000000007fff
0000000000007fff
0000000000007fff
0000000000007fff
0000000000007fff
0000000000007fff
0000000000007fff
0000000000007fff
0000000000007fff
0000000000007fff
0000000000007fff
0000000000007fff
0000000000007fff
0000000000007fff
0000000000007fff
0000000000007fff
0000000000007fff
0000000000007fff
0000000000007fff
0000000000007fff
0000000000007fff
0000000000007fff
0000000000007fff
0000000000007fff
0000000000007fff
0000000000007fff
0000000000007fff
0000000000007fff
0000000000007fff
0000000000007fff
0000000000007fff
0000000000007fff
0000000000007fff
0000000000007fff
0000000000007fff
0000000000007fff
0000000000007fff
0000000000007fff
0000000000007fff
0000000000007fff
0000000000007fff
0000000000007fff
0000000000007fff
0000000000007fff
0000000000007fff
0000000000007fff
0000000000007fff
0000000000007fff
0000000000007fff
0000000000007fff
0000000000007fff
0000000000007fff
0000000000007fff
0000000000007fff
0000000000007fff
0000000000007fff
0000000000007fff
0000000000007fff
0000000000007fff
0000000000007fff
0000000000007fff
0000000000007fff
0000000000007fff
0000000000007fff
0000000000007fff
0000000000007fff
0000000000007fff
0000000000007fff
0000000000007fff
0000000000007fff
0000000000007fff
0000000000007fff
0000000000007fff
0000000000007fff
0000000000007fff
0000000000007fff
0000000000007fff
0000000000007fff
0000000000007fff
0000000000007fff
0000000000007fff
0000000000007fff
0000000000007fff
0000000000007fff
0000000000007fff
0000000000007fff
0000000000007fff
0000000000007fff
0000000000007fff
0000000000007fff
0000000000007fff
0000000000007fff
0000000000007fff
0000000000007fff
0000000000007fff
0000000000007fff
0000000000007fff
0000000000007fff
0000000000007fff
0000000000007fff
0000000000007fff
0000000000007fff
0000000000007fff
0000000000007fff
0000000000007fff
0000000000007fff
0000000000007fff
0000000000007fff
0000000000007fff
0000000000007fff
0000000000007fff
0000000000007fff
0000000000007fff
0000000000007fff
0000000000007fff
0000000000007fff
0000000000007fff
0000000000007fff
0000000000007fff
0000000000007fff
0000000000007fff
0000000000007fff
0000000000007fff
0000000000007fff
0000000000007fff
0000000000007fff
0000000000007fff
0000000000007fff
0000000000007fff
0000000000007fff
0000000000007fff
0000000000007fff
0000000000007fff
0000000000007fff
0000000000007fff
0000000000007fff
0000000000007fff
0000000000007fff
0000000000007fff
0000000000007fff
0000000000007fff
0000000000007fff
0000000000007fff
0000000000007fff
0000000000007fff
0000000000007fff
0000000000007fff
0000000000007fff
0000000000007fff
0000000000007fff
0000000000007fff
0000000000007fff
0000000000007fff
0000000000007fff
0000000000007fff
0000000000007fff
0000000000007fff
0000000000007fff
0000000000007fff
0000000000007fff
0000000000007fff
0000000000007fff
0000000000007fff
0000000000007fff
0000000000007fff
0000000000007fff
0000000000007fff
0000000000007fff
0000000000007fff
0000000000007fff
0000000000007fff
0000000000007fff
0000000000007fff
0000000000007fff
0000000000007fff
0000000000007fff
0000000000007fff
0000000000007fff
0000000000007fff
0000000000007fff
0000000000007fff
0000000000007fff
0000000000007fff
0000000000007fff
0000000000007fff
0000000000007fff
0000000000007fff
0000000000007fff
0000000000007fff
0000000000007fff
0000000000007fff
0000000000007fff
0000000000007fff
0000000000007fff
0000000000007fff
0000000000007fff
0000000000007fff
0000000000007fff
0000000000007fff
0000000000007fff
0000000000007fff
0000000000007fff
0000000000007fff
0000000000007fff
0000000000007fff
0000000000007fff
0000000000007fff
0000000000007fff
0000000000007fff
0000000000007fff
0000000000007fff
0000000000007fff
0000000000007fff
0000000000007fff
0000000000007fff
0000000000007fff
0000000000007fff
0000000000007fff
0000000000007fff
0000000000007fff
0000000000007fff
0000000000007fff
0000000000007fff
0000000000007fff
0000000000007fff
0000000000007fff
0000000000007fff
0000000000007fff
0000000000007fff
0000000000007fff
0000000000007fff
0000000000007fff
0000000000007fff
0000000000007fff
0000000000007fff
0000000000007fff
0000000000007fff
0000000000007fff
0000000000007fff
0000000000007fff
0000000000007fff
0000000000007fff
0000000000007fff
0000000000007fff
0000000000007fff
0000000000007fff
0000000000007fff
0000000000007fff
0000000000007fff
0000000000007fff
0000000000007fff
0000000000007fff
0000000000007fff
0000000000007fff
0000000000007fff
0000000000007fff
0000000000007fff
0000000000007fff
0000000000007fff
0000000000007fff
0000000000007fff
0000000000007fff
0000000000007fff
0000000000007fff
0000000000007fff
0000000000007fff
0000000000007fff
0000000000007fff
0000000000007fff
0000000000007fff
0000000000007fff
0000000000007fff
0000000000007fff
0000000000007fff
0000000000007fff
0000000000007fff
0000000000007fff
0000000000007fff
0000000000007fff
0000000000007fff
0000000000007fff
0000000000007fff
0000000000007fff
0000000000007fff
0000000000007fff
0000000000007fff
0000000000007fff
0000000000007fff
0000000000007fff
0000000000007fff
0000000000007fff
0000000000007fff
0000000000007fff
0000000000007fff
0000000000007fff
0000000000007fff
0000000000007fff
0000000000007fff
0000000000007fff
0000000000007fff
0000000000007fff
0000000000007fff
0000000000007fff
0000000000007fff
0000000000007fff
0000000000007fff
0000000000007fff
0000000000007fff
0000000000007fff
0000000000007fff
0000000000007fff
0000000000007fff
0000000000007fff
0000000000007fff
0000000000007fff
0000000000007fff
0000000000007fff
0000000000007fff
0000000000007fff
0000000000007fff
0000000000007fff
0000000000007fff
0000000000007fff
0000000000007fff
0000000000007fff
0000000000007fff
0000000000007fff
0000000000007fff
0000000000007fff
0000000000007fff
0000000000007fff
0000000000007fff
0000000000007fff
0000000000007fff
0000000000007fff
0000000000007fff
0000000000007fff
0000000000007fff
0000000000007fff
0000000000007fff
0000000000007fff
0000000000007fff
0000000000007fff
0000000000007fff
0000000000007fff
0000000000007fff
0000000000007fff
0000000000007fff
0000000000007fff
0000000000007fff
0000000000007fff
0000000000007fff
0000000000007fff
0000000000007fff
0000000000007fff
0000000000007fff
0000000000007fff
0000000000007fff
0000000000007fff
0000000000007fff
0000000000007fff
0000000000007fff
0000000000007fff
0000000000007fff
0000000000007fff
0000000000007fff
0000000000007fff
0000000000007fff
0000000000007fff
0000000000007fff
0000000000007fff
0000000000007fff
0000000000007fff
0000000000007fff
0000000000007fff
0000000000007fff
0000000000007fff
0000000000007fff
0000000000007fff
0000000000007fff
0000000000007fff
0000000000007fff
0000000000007fff
0000000000007fff
0000000000007fff
0000000000007fff
0000000000007fff
0000000000007fff
0000000000007fff
0000000000007fff
0000000000007fff
0000000000007fff
0000000000007fff
0000000000007fff
0000000000007fff
0000000000007fff
0000000000007fff
0000000000007fff
0000000000007fff
0000000000007fff
0000000000007fff
0000000000007fff
0000000000007fff
0000000000007fff
0000000000007fff
0000000000007fff
0000000000007fff
0000000000007fff
0000000000007fff
0000000000007fff
0000000000007fff
0000000000007fff
0000000000007fff
0000000000007fff
0000000000007fff
0000000000007fff
0000000000007fff
0000000000007fff
0000000000007fff
0000000000007fff
0000000000007fff
0000000000007fff
0000000000007fff
0000000000007fff
0000000000007fff
0000000000007fff
0000000000007fff
0000000000007fff
0000000000007fff
0000000000007fff
0000000000007fff
0000000000007fff
0000000000007fff
0000000000007fff
0000000000007fff
0000000000007fff
0000000000007fff
0000000000007fff
0000000000007fff
0000000000007fff
0000000000007fff
0000000000007fff
0000000000007fff
0000000000007fff
0000000000007fff
0000000000007fff
0000000000007fff
0000000000007fff
0000000000007fff
0000000000007fff
0000000000007fff
0000000000007fff
0000000000007fff
0000000000007fff
0000000000007fff
0000000000007fff
0000000000007fff
0000000000007fff
0000000000007fff
0000000000007fff
0000000000007fff
0000000000007fff
0000000000007fff
0000000000007fff
0000000000007fff
0000000000007fff
0000000000007fff
0000000000007fff
0000000000007fff
0000000000007fff
0000000000007fff
0000000000007fff
0000000000007fff
0000000000007fff
0000000000007fff
0000000000007fff
0000000000007fff
0000000000007fff
0000000000007fff
0000000000007fff
0000000000007fff
0000000000007fff
0000000000007fff
0000000000007fff
0000000000007fff
0000000000007fff
0000000000007fff
0000000000007fff
0000000000007fff
0000000000007fff
0000000000007fff
0000000000007fff
0000000000007fff
0000000000007fff
0000000000007fff
0000000000007fff
0000000000007fff
0000000000007fff
0000000000007fff
0000000000007fff
0000000000007fff
0000000000007fff
0000000000007fff
0000000000007fff
0000000000007fff
0000000000007fff
0000000000007fff
0000000000007fff
0000000000007fff
0000000000007fff
0000000000007fff
0000000000007fff
0000000000007fff
0000000000007fff
0000000000007fff
0000000000007fff
0000000000007fff
0000000000007fff
0000000000007fff
0000000000007fff
0000000000007fff
0000000000007fff
0000000000007fff
0000000000007fff
0000000000007fff
0000000000007fff
0000000000007fff
0000000000007fff
0000000000007fff
0000000000007fff
0000000000007fff
0000000000007fff
0000000000007fff
0000000000007fff
0000000000007fff
0000000000007fff
0000000000007fff
0000000000007fff
0000000000007fff
0000000000007fff
0000000000007fff
0000000000007fff
0000000000007fff
0000000000007fff
0000000000007fff
0000000000007fff
0000000000007fff
0000000000007fff
0000000000007fff
0000000000007fff
0000000000007fff
0000000000007fff
0000000000007fff
0000000000007fff
0000000000007fff
0000000000007fff
0000000000007fff
0000000000007fff
0000000000007fff
0000000000007fff
0000000000007fff
0000000000007fff
0000000000007fff
0000000000007fff
0000000000007fff
0000000000007fff
0000000000007fff
0000000000007fff
0000000000007fff
0000000000007fff
0000000000007fff
0000000000007fff
0000000000007fff
0000000000007fff
0000000000007fff
0000000000007fff
0000000000007fff
0000000000007fff
0000000000007fff
0000000000007fff
0000000000007fff
0000000000007fff
0000000000007fff
0000000000007fff
0000000000007fff
0000000000007fff
0000000000007fff
0000000000007fff
0000000000007fff
0000000000007fff
0000000000007fff
0000000000007fff
0000000000007fff
0000000000007fff
0000000000007fff
0000000000007fff
0000000000007fff
0000000000007fff
0000000000007fff
0000000000007fff
0000000000007fff
0000000000007fff
0000000000007fff
0000000000007fff
0000000000007fff
0000000000007fff
0000000000007fff
0000000000007fff
0000000000007fff
0000000000007fff
0000000000007fff
0000000000007fff
0000000000007fff
0000000000007fff
0000000000007fff
0000000000007fff
0000000000007fff
0000000000007fff
0000000000007fff
0000000000007fff
0000000000007fff
0000000000007fff
0000000000007fff
0000000000007fff
0000000000007fff
0000000000007fff
0000000000007fff
0000000000007fff
0000000000007fff
0000000000007fff
0000000000007fff
0000000000007fff
0000000000007fff
0000000000007fff
0000000000007fff
0000000000007fff
0000000000007fff
0000000000007fff
0000000000007fff
0000000000007fff
0000000000007fff
0000000000007fff
0000000000007fff
0000000000007fff
0000000000007fff
0000000000007fff
0000000000007fff
0000000000007fff
0000000000007fff
0000000000007fff
0000000000007fff
0000000000007fff
0000000000007fff
0000000000007fff
0000000000007fff
0000000000007fff
0000000000007fff
0000000000007fff
0000000000007fff
0000000000007fff
0000000000007fff
0000000000007fff
0000000000007fff
0000000000007fff
0000000000007fff
0000000000007fff
0000000000007fff
0000000000007fff
0000000000007fff
0000000000007fff
0000000000007fff
0000000000007fff
0000000000007fff
0000000000007fff
0000000000007fff
0000000000007fff
0000000000007fff
0000000000007fff
0000000000007fff
0000000000007fff
0000000000007fff
0000000000007fff
0000000000007fff
0000000000007fff
0000000000007fff
0000000000007fff
0000000000007fff
0000000000007fff
0000000000007fff
0000000000007fff
0000000000007fff
0000000000007fff
0000000000007fff
0000000000007fff
0000000000007fff
0000000000007fff
0000000000007fff
0000000000007fff
0000000000007fff
0000000000007fff
0000000000007fff
0000000000007fff
0000000000007fff
0000000000007fff
0000000000007fff
0000000000007fff
0000000000007fff
0000000000007fff
0000000000007fff
0000000000007fff
0000000000007fff
0000000000007fff
0000000000007fff
0000000000007fff
0000000000007fff
0000000000007fff
0000000000007fff
0000000000007fff
0000000000007fff
0000000000007fff
0000000000007fff
0000000000007fff
0000000000007fff
0000000000007fff
0000000000007fff
0000000000007fff
0000000000007fff
0000000000007fff
0000000000007fff
0000000000007fff
0000000000007fff
0000000000007fff
0000000000007fff
0000000000007fff
0000000000007fff
0000000000007fff
0000000000007fff
0000000000007fff
0000000000007fff
0000000000007fff
0000000000007fff
0000000000007fff
0000000000007fff
0000000000007fff
0000000000007fff
0000000000007fff
0000000000007fff
0000000000007fff
0000000000007fff
0000000000007fff
0000000000007fff
0000000000007fff
0000000000007fff
0000000000007fff
0000000000007fff
0000000000007fff
0000000000007fff
0000000000007fff
0000000000007fff
0000000000007fff
0000000000007fff
0000000000007fff
0000000000007fff
0000000000007fff
0000000000007fff
0000000000007fff
0000000000007fff
0000000000007fff
0000000000007fff
0000000000007fff
0000000000007fff
0000000000007fff
0000000000007fff
0000000000007fff
0000000000007fff
0000000000007fff
0000000000007fff
0000000000007fff
0000000000007fff
0000000000007fff
0000000000007fff
0000000000007fff
0000000000007fff
0000000000007fff
0000000000007fff
0000000000007fff
0000000000007fff
0000000000007fff
0000000000007fff
0000000000007fff
0000000000007fff
0000000000007fff
0000000000007fff
0000000000007fff
0000000000007fff
0000000000007fff
0000000000007fff
0000000000007fff
0000000000007fff
0000000000007fff
0000000000007fff
0000000000007fff
0000000000007fff
0000000000007fff
0000000000007fff
0000000000007fff
0000000000007fff
0000000000007fff
0000000000007fff
0000000000007fff
0000000000007fff
0000000000007fff
0000000000007fff
0000000000007fff
0000000000007fff
0000000000007fff
0000000000007fff
0000000000007fff
0000000000007fff
0000000000007fff
0000000000007fff
0000000000007fff
0000000000007fff
0000000000007fff
0000000000007fff
0000000000007fff
0000000000007fff
0000000000007fff
0000000000007fff
0000000000007fff
0000000000007fff
0000000000007fff
0000000000007fff
0000000000007fff
0000000000007fff
0000000000007fff
0000000000007fff
0000000000007fff
0000000000007fff
0000000000007fff
0000000000007fff
0000000000007fff
0000000000007fff
0000000000007fff
0000000000007fff
0000000000007fff
0000000000007fff
0000000000007fff
0000000000007fff
0000000000007fff
0000000000007fff
0000000000007fff
0000000000007fff
0000000000007fff
0000000000007fff
0000000000007fff
0000000000007fff
0000000000007fff
0000000000007fff
0000000000007fff
0000000000007fff
0000000000007fff
0000000000007fff
0000000000007fff
0000000000007fff
0000000000007fff
0000000000007fff
0000000000007fff
0000000000007fff
0000000000007fff
0000000000007fff
0000000000007fff
0000000000007fff
0000000000007fff
0000000000007fff
0000000000007fff
0000000000007fff
0000000000007fff
0000000000007fff
0000000000007fff
0000000000007fff
0000000000007fff
0000000000007fff
0000000000007fff
0000000000007fff
0000000000007fff
0000000000007fff
0000000000007fff
0000000000007fff
0000000000007fff
0000000000007fff
0000000000007fff
0000000000007fff
0000000000007fff
0000000000007fff
0000000000007fff
0000000000007fff
0000000000007fff
0000000000007fff
0000000000007fff
0000000000007fff
0000000000007fff
0000000000007fff
0000000000007fff
0000000000007fff
0000000000007fff
0000000000007fff
0000000000007fff
0000000000007fff
0000000000007fff
0000000000007fff
0000000000007fff
0000000000007fff
0000000000007fff
0000000000007fff
0000000000007fff
0000000000007fff
0000000000007fff
0000000000007fff
0000000000007fff
0000000000007fff
0000000000007fff
0000000000007fff
0000000000007fff
0000000000007fff
0000000000007fff
0000000000007fff
0000000000007fff
0000000000007fff
0000000000007fff
0000000000007fff
0000000000007fff
0000000000007fff
0000000000007fff
0000000000007fff
0000000000007fff
0000000000007fff
0000000000007fff
0000000000007fff
0000000000007fff
0000000000007fff
0000000000007fff
0000000000007fff
0000000000007fff
0000000000007fff
0000000000007fff
0000000000007fff
0000000000007fff
0000000000007fff
0000000000007fff
0000000000007fff
0000000000007fff
0000000000007fff
0000000000007fff
0000000000007fff
0000000000007fff
0000000000007fff
0000000000007fff
0000000000007fff
0000000000007fff
0000000000007fff
0000000000007fff
0000000000007fff
0000000000007fff
0000000000007fff
0000000000007fff
0000000000007fff
0000000000007fff
0000000000007fff
0000000000007fff
0000000000007fff
0000000000007fff
0000000000007fff
0000000000007fff
0000000000007fff
0000000000007fff
0000000000007fff
0000000000007fff
0000000000007fff
0000000000007fff
0000000000007fff
0000000000007fff
0000000000007fff
0000000000007fff
0000000000007fff
0000000000007fff
0000000000007fff
0000000000007fff
0000000000007fff
0000000000007fff
0000000000007fff
0000000000007fff
0000000000007fff
0000000000007fff
0000000000007fff
0000000000007fff
0000000000007fff
0000000000007fff
0000000000007fff
0000000000007fff
0000000000007fff
0000000000007fff
0000000000007fff
0000000000007fff
0000000000007fff
0000000000007fff
0000000000007fff
0000000000007fff
0000000000007fff
0000000000007fff
0000000000007fff
0000000000007fff
0000000000007fff
0000000000007fff
0000000000007fff
0000000000007fff
0000000000007fff
0000000000007fff
0000000000007fff
0000000000007fff
0000000000007fff
0000000000007fff
0000000000007fff
0000000000007fff
0000000000007fff
0000000000007fff
0000000000007fff
0000000000007fff
0000000000007fff
0000000000007fff
0000000000007fff
0000000000007fff
0000000000007fff
0000000000007fff
0000000000007fff
0000000000007fff
0000000000007fff
0000000000007fff
0000000000007fff
0000000000007fff
0000000000007fff
0000000000007fff
0000000000007fff
0000000000007fff
0000000000007fff
0000000000007fff
0000000000007fff
0000000000007fff
0000000000007fff
0000000000007fff
0000000000007fff
0000000000007fff
0000000000007fff
0000000000007fff
0000000000007fff
0000000000007fff
0000000000007fff
0000000000007fff
0000000000007fff
0000000000007fff
0000000000007fff
0000000000007fff
0000000000007fff
0000000000007fff
0000000000007fff
0000000000007fff
0000000000007fff
0000000000007fff
0000000000007fff
0000000000007fff
0000000000007fff
0000000000007fff
0000000000007fff
0000000000007fff
0000000000007fff
0000000000007fff
0000000000007fff
0000000000007fff
0000000000007fff
0000000000007fff
0000000000007fff
0000000000007fff
0000000000007fff
0000000000007fff
0000000000007fff
0000000000007fff
0000000000007fff
0000000000007fff
0000000000007fff
0000000000007fff
0000000000007fff
0000000000007fff
0000000000007fff
0000000000007fff
0000000000007fff
0000000000007fff
0000000000007fff
0000000000007fff
0000000000007fff
0000000000007fff
0000000000007fff
0000000000007fff
0000000000007fff
0000000000007fff
0000000000007fff
0000000000007fff
0000000000007fff
0000000000007fff
0000000000007fff
0000000000007fff
0000000000007fff
0000000000007fff
0000000000007fff
0000000000007fff
0000000000007fff
0000000000007fff
0000000000007fff
0000000000007fff
0000000000007fff
0000000000007fff
0000000000007fff
0000000000007fff
0000000000007fff
0000000000007fff
0000000000007fff
0000000000007fff
0000000000007fff
0000000000007fff
0000000000007fff
0000000000007fff
0000000000007fff
0000000000007fff
0000000000007fff
0000000000007fff
0000000000007fff
0000000000007fff
0000000000007fff
0000000000007fff
0000000000007fff
0000000000007fff
0000000000007fff
0000000000007fff
0000000000007fff
0000000000007fff
0000000000007fff
0000000000007fff
0000000000007fff
0000000000007fff
0000000000007fff
0000000000007fff
0000000000007fff
0000000000007fff
0000000000007fff
0000000000007fff
0000000000007fff
0000000000007fff
0000000000007fff
0000000000007fff
0000000000007fff
0000000000007fff
0000000000007fff
0000000000007fff
0000000000007fff
0000000000007fff
0000000000007fff
0000000000007fff
0000000000007fff
0000000000007fff
0000000000007fff
0000000000007fff
0000000000007fff
0000000000007fff
0000000000007fff
0000000000007fff
0000000000007fff
0000000000007fff
0000000000007fff
0000000000007fff
0000000000007fff
0000000000007fff
0000000000007fff
0000000000007fff
0000000000007fff
0000000000007fff
0000000000007fff
0000000000007fff
0000000000007fff
0000000000007fff
0000000000007fff
0000000000007fff
0000000000007fff
0000000000007fff
0000000000007fff
0000000000007fff
0000000000007fff
0000000000007fff
0000000000007fff
0000000000007fff
0000000000007fff
0000000000007fff
0000000000007fff
0000000000007fff
0000000000007fff
0000000000007fff
0000000000007fff
0000000000007fff
0000000000007fff
0000000000007fff
0000000000007fff
0000000000007fff
0000000000007fff
0000000000007fff
0000000000007fff
0000000000007fff
0000000000007fff
0000000000007fff
0000000000007fff
0000000000007fff
0000000000007fff
0000000000007fff
0000000000007fff
0000000000007fff
0000000000007fff
0000000000007fff
0000000000007fff
0000000000007fff
0000000000007fff
0000000000007fff
0000000000007fff
0000000000007fff
0000000000007fff
0000000000007fff
0000000000007fff
0000000000007fff
0000000000007fff
0000000000007fff
0000000000007fff
0000000000007fff
0000000000007fff
0000000000007fff
0000000000007fff
0000000000007fff
0000000000007fff
0000000000007fff
0000000000007fff
0000000000007fff
0000000000007fff
0000000000007fff
0000000000007fff
0000000000007fff
0000000000007fff
0000000000007fff
0000000000007fff
0000000000007fff
0000000000007fff
0000000000007fff
0000000000007fff
0000000000007fff
0000000000007fff
0000000000007fff
0000000000007fff
0000000000007fff
0000000000007fff
0000000000007fff
0000000000007fff
0000000000007fff
0000000000007fff
0000000000007fff
0000000000007fff
0000000000007fff
0000000000007fff
0000000000007fff
0000000000007fff
0000000000007fff
0000000000007fff
0000000000007fff
0000000000007fff
0000000000007fff
0000000000007fff
0000000000007fff
0000000000007fff
0000000000007fff
0000000000007fff
0000000000007fff
0000000000007fff
0000000000007fff
0000000000007fff
0000000000007fff
0000000000007fff
0000000000007fff
0000000000007fff
0000000000007fff
0000000000007fff
0000000000007fff
0000000000007fff
0000000000007fff
0000000000007fff
0000000000007fff
0000000000007fff
0000000000007fff
0000000000007fff
0000000000007fff
0000000000007fff
0000000000007fff
0000000000007fff
0000000000007fff
0000000000007fff
0000000000007fff
0000000000007fff
0000000000007fff
0000000000007fff
0000000000007fff
0000000000007fff
0000000000007fff
0000000000007fff
0000000000007fff
0000000000007fff
0000000000007fff
0000000000007fff
0000000000007fff
0000000000007fff
0000000000007fff
0000000000007fff
0000000000007fff
0000000000007fff
0000000000007fff
0000000000007fff
0000000000007fff
0000000000007fff
0000000000007fff
0000000000007fff
0000000000007fff
0000000000007fff
0000000000007fff
0000000000007fff
0000000000007fff
0000000000007fff
0000000000007fff
0000000000007fff
0000000000007fff
0000000000007fff
0000000000007fff
0000000000007fff
0000000000007fff
0000000000007fff
0000000000007fff
0000000000007fff
0000000000007fff
0000000000007fff
0000000000007fff
0000000000007fff
0000000000007fff
0000000000007fff
0000000000007fff
0000000000007fff
0000000000007fff
0000000000007fff
0000000000007fff
0000000000007fff
0000000000007fff
0000000000007fff
0000000000007fff
0000000000007fff
0000000000007fff
0000000000007fff
0000000000007fff
0000000000007fff
0000000000007fff
0000000000007fff
0000000000007fff
0000000000007fff
0000000000007fff
0000000000007fff
0000000000007fff
0000000000007fff
0000000000007fff
0000000000007fff
0000000000007fff
0000000000007fff
0000000000007fff
0000000000007fff
0000000000007fff
0000000000007fff
0000000000007fff
0000000000007fff
0000000000007fff
0000000000007fff
0000000000007fff
0000000000007fff
0000000000007fff
0000000000007fff
0000000000007fff
0000000000007fff
0000000000007fff
0000000000007fff
0000000000007fff
0000000000007fff
0000000000007fff
0000000000007fff
0000000000007fff
0000000000007fff
0000000000007fff
0000000000007fff
0000000000007fff
0000000000007fff
0000000000007fff
0000000000007fff
0000000000007fff
0000000000007fff
0000000000007fff
0000000000007fff
0000000000007fff
0000000000007fff
0000000000007fff
0000000000007fff
0000000000007fff
0000000000007fff
0000000000007fff
0000000000007fff
0000000000007fff
0000000000007fff
0000000000007fff
0000000000007fff
0000000000007fff
0000000000007fff
0000000000007fff
0000000000007fff
0000000000007fff
0000000000007fff
0000000000007fff
0000000000007fff
0000000000007fff
0000000000007fff
0000000000007fff
0000000000007fff
0000000000007fff
0000000000007fff
0000000000007fff
0000000000007fff
0000000000007fff
0000000000007fff
0000000000007fff
0000000000007fff
0000000000007fff
0000000000007fff
0000000000007fff
0000000000007fff
0000000000007fff
0000000000007fff
0000000000007fff
0000000000007fff
0000000000007fff
0000000000007fff
0000000000007fff
0000000000007fff
0000000000007fff
0000000000007fff
0000000000007fff
0000000000007fff
0000000000007fff
0000000000007fff
0000000000007fff
0000000000007fff
0000000000007fff
0000000000007fff
0000000000007fff
0000000000007fff
0000000000007fff
0000000000007fff
0000000000007fff
0000000000007fff
0000000000007fff
0000000000007fff
0000000000007fff
0000000000007fff
0000000000007fff
0000000000007fff
0000000000007fff
0000000000007fff
0000000000007fff
0000000000007fff
0000000000007fff
0000000000007fff
0000000000007fff
0000000000007fff
0000000000007fff
0000000000007fff
0000000000007fff
0000000000007fff
0000000000007fff
0000000000007fff
0000000000007fff
0000000000007fff
0000000000007fff
0000000000007fff
0000000000007fff
0000000000007fff
0000000000007fff
0000000000007fff
0000000000007fff
0000000000007fff
0000000000007fff
0000000000007fff
0000000000007fff
0000000000007fff
0000000000007fff
0000000000007fff
0000000000007fff
0000000000007fff
0000000000007fff
0000000000007fff
0000000000007fff
0000000000007fff
0000000000007fff
0000000000007fff
0000000000007fff
0000000000007fff
0000000000007fff
0000000000007fff
0000000000007fff
0000000000007fff
0000000000007fff
0000000000007fff
0000000000007fff
0000000000007fff
0000000000007fff
0000000000007fff
0000000000007fff
0000000000007fff
0000000000007fff
0000000000007fff
0000000000007fff
0000000000007fff
0000000000007fff
0000000000007fff
0000000000007fff
0000000000007fff
0000000000007fff
0000000000007fff
0000000000007fff
0000000000007fff
0000000000007fff
0000000000007fff
0000000000007fff
0000000000007fff
0000000000007fff
0000000000007fff
0000000000007fff
0000000000007fff
0000000000007fff
0000000000007fff
0000000000007fff
0000000000007fff
0000000000007fff
0000000000007fff
0000000000007fff
0000000000007fff
0000000000007fff
0000000000007fff
0000000000007fff
0000000000007fff
0000000000007fff
0000000000007fff
0000000000007fff
0000000000007fff
0000000000007fff
0000000000007fff
0000000000007fff
0000000000007fff
0000000000007fff
0000000000007fff
0000000000007fff
0000000000007fff
0000000000007fff
0000000000007fff
0000000000007fff
0000000000007fff
0000000000007fff
0000000000007fff
0000000000007fff
0000000000007fff
0000000000007fff
0000000000007fff
0000000000007fff
0000000000007fff
0000000000007fff
0000000000007fff
0000000000007fff
0000000000007fff
0000000000007fff
0000000000007fff
0000000000007fff
0000000000007fff
0000000000007fff
0000000000007fff
0000000000007fff
0000000000007fff
0000000000007fff
0000000000007fff
0000000000007fff
0000000000007fff
0000000000007fff
0000000000007fff
0000000000007fff
0000000000007fff
0000000000007fff
0000000000007fff
0000000000007fff
0000000000007fff
0000000000007fff
0000000000007fff
0000000000007fff
0000000000007fff
0000000000007fff
0000000000007fff
0000000000007fff
0000000000007fff
0000000000007fff
0000000000007fff
0000000000007fff
0000000000007fff
0000000000007fff
0000000000007fff
0000000000007fff
0000000000007fff
0000000000007fff
0000000000007fff
0000000000007fff
0000000000007fff
0000000000007fff
0000000000007fff
0000000000007fff
0000000000007fff
0000000000007fff
0000000000007fff
0000000000007fff
0000000000007fff
0000000000007fff
0000000000007fff
0000000000007fff
0000000000007fff
0000000000007fff
0000000000007fff
0000000000007fff
0000000000007fff
0000000000007fff
0000000000007fff
0000000000007fff
0000000000007fff
0000000000007fff
0000000000007fff
0000000000007fff
0000000000007fff
0000000000007fff
0000000000007fff
0000000000007fff
0000000000007fff
0000000000007fff
0000000000007fff
0000000000007fff
0000000000007fff
0000000000007fff
0000000000007fff
0000000000007fff
0000000000007fff
0000000000007fff
0000000000007fff
0000000000007fff
0000000000007fff
0000000000007fff
0000000000007fff
0000000000007fff
0000000000007fff
0000000000007fff
0000000000007fff
0000000000007fff
0000000000007fff
0000000000007fff
0000000000007fff
0000000000007fff
0000000000007fff
0000000000007fff
0000000000007fff
0000000000007fff
0000000000007fff
0000000000007fff
0000000000007fff
0000000000007fff
0000000000007fff
0000000000007fff
0000000000007fff
0000000000007fff
0000000000007fff
0000000000007fff
0000000000007fff
0000000000007fff
0000000000007fff
0000000000007fff
0000000000007fff
0000000000007fff
0000000000007fff
0000000000007fff
0000000000007fff
0000000000007fff
0000000000007fff
0000000000007fff
0000000000007fff
0000000000007fff
0000000000007fff
0000000000007fff
0000000000007fff
0000000000007fff
0000000000007fff
0000000000007fff
0000000000007fff
0000000000007fff
0000000000007fff
0000000000007fff
0000000000007fff
0000000000007fff
0000000000007fff
0000000000007fff
0000000000007fff
0000000000007fff
0000000000007fff
0000000000007fff
0000000000007fff
0000000000007fff
0000000000007fff
0000000000007fff
0000000000007fff
0000000000007fff
0000000000007fff
0000000000007fff
0000000000007fff
0000000000007fff
0000000000007fff
0000000000007fff
0000000000007fff
0000000000007fff
0000000000007fff
0000000000007fff
0000000000007fff
0000000000007fff
0000000000007fff
0000000000007fff
0000000000007fff
0000000000007fff
0000000000007fff
0000000000007fff
0000000000007fff
0000000000007fff
0000000000007fff
0000000000007fff
0000000000007fff
0000000000007fff
0000000000007fff
0000000000007fff
0000000000007fff
0000000000007fff
0000000000007fff
0000000000007fff
0000000000007fff
0000000000007fff
0000000000007fff
0000000000007fff
0000000000007fff
0000000000007fff
0000000000007fff
0000000000007fff
0000000000007fff
0000000000007fff
0000000000007fff
0000000000007fff
0000000000007fff
0000000000007fff
0000000000007fff
0000000000007fff
0000000000007fff
0000000000007fff
0000000000007fff
0000000000007fff
0000000000007fff
0000000000007fff
0000000000007fff
0000000000007fff
0000000000007fff
0000000000007fff
0000000000007fff
0000000000007fff
0000000000007fff
0000000000007fff
0000000000007fff
0000000000007fff
0000000000007fff
0000000000007fff
0000000000007fff
0000000000007fff
0000000000007fff
0000000000007fff
0000000000007fff
0000000000007fff
0000000000007fff
0000000000007fff
0000000000007fff
0000000000007fff
0000000000007fff
0000000000007fff
0000000000007fff
0000000000007fff
0000000000007fff
0000000000007fff
0000000000007fff
0000000000007fff
0000000000007fff
0000000000007fff
0000000000007fff
0000000000007fff
0000000000007fff
0000000000007fff
0000000000007fff
0000000000007fff
0000000000007fff
0000000000007fff
0000000000007fff
0000000000007fff
0000000000007fff
0000000000007fff
0000000000007fff
0000000000007fff
0000000000007fff
0000000000007fff
0000000000007fff
0000000000007fff
0000000000007fff
0000000000007fff
0000000000007fff
0000000000007fff
0000000000007fff
0000000000007fff
0000000000007fff
0000000000007fff
0000000000007fff
0000000000007fff
0000000000007fff
0000000000007fff
0000000000007fff
0000000000007fff
0000000000007fff
0000000000007fff
0000000000007fff
0000000000007fff
0000000000007fff
0000000000007fff
0000000000007fff
0000000000007fff
0000000000007fff
0000000000007fff
0000000000007fff
0000000000007fff
0000000000007fff
0000000000007fff
0000000000007fff
0000000000007fff
0000000000007fff
0000000000007fff
0000000000007fff
0000000000007fff
0000000000007fff
0000000000007fff
0000000000007fff
0000000000007fff
0000000000007fff
0000000000007fff
0000000000007fff
0000000000007fff
0000000000007fff
0000000000007fff
0000000000007fff
0000000000007fff
0000000000007fff
0000000000007fff
0000000000007fff
0000000000007fff
0000000000007fff
0000000000007fff
0000000000007fff
0000000000007fff
0000000000007fff
0000000000007fff
0000000000007fff
0000000000007fff
0000000000007fff
0000000000007fff
0000000000007fff
0000000000007fff
0000000004000000
0000000000000000
0000000000000000
0000000000000000
0000000000000000
0000000000000000
0000000000000000
0000000000000000
0000000000000000
0000000000000000
0000000000000000
0000000000000000
0000000000000000
0000000000000000
0000000000000000
0000000000000000
0000000000000000
0000000000000000
0000000000000000
0000000000000000
0000000000000000
0000000000000000
0000000000000000
0000000000000000
0000000000000000
0000000000000000
0000000000000000
0000000000000000
0000000000000000
0000000000000000
0000000000000000
0000000000000000
0000000000000000
0000000000000000
0000000000000000
0000000000000000
0000000000000000
0000000000000000
0000000000000000
0000000000000000
0000000000000000
0000000000000000
0000000000000000
0000000000000000
0000000000000000
0000000000000000
0000000000000000
0000000000000000
0000000000000000
0000000000000000
0000000000000000
0000000000000000
0000000000000000
0000000000000000
0000000000000000
0000000000000000
0000000000000000
0000000000000000
0000000000000000
0000000000000000
0000000000000000
0000000000000000
0000000000000000
0000000000000000
0000000000000000
0000000000000000
0000000000000000
0000000000000000
0000000000000000
0000000000000000
0000000000000000
0000000000000000
0000000000000000
0000000000000000
0000000000000000
0000000000000000
0000000000000000
0000000000000000
0000000000000000
0000000000000000
0000000000000000
0000000000000000
0000000000000000
0000000000000000
0000000000000000
0000000000000000
0000000000000000
0000000000000000
0000000000000000
0000000000000000
0000000000000000
0000000000000000
0000000000000000
0000000000000000
0000000000000000
0000000000000000
0000000000000000
0000000000000000
0000000000000000
0000000000000000
0000000000000000
0000000000000000
0000000000000000
0000000000000000
0000000000000000
0000000000000000
0000000000000000
0000000000000000
0000000000000000
0000000000000000
0000000000000000
0000000000000000
0000000000000000
0000000000000000
0000000000000000
0000000000000000
0000000000000000
0000000000000000
0000000000000000
0000000000000000
0000000000000000
0000000000000000
0000000000000000
0000000000000000
0000000000000000
0000000000000000
0000000000000000
0000000000000000
0000000000000000
0000000000000000
0000000000000000
0000000000000000
0000000000000000
0000000000000000
0000000000000000
0000000000000000
0000000000000000
0000000000000000
0000000000000000
0000000000000000
0000000000000000
0000000000000000
0000000000000000
0000000000000000
0000000000000000
0000000000000000
0000000000000000
0000000000000000
0000000000000000
0000000000000000
0000000000000000
0000000000000000
0000000000000000
0000000000000000
0000000000000000
0000000000000000
0000000000000000
0000000000000000
0000000000000000
0000000000000000
0000000000000000
0000000000000000
0000000000000000
0000000000000000
0000000000000000
0000000000000000
0000000000000000
0000000000000000
0000000000000000
0000000000000000
0000000000000000
0000000000000000
0000000000000000
0000000000000000
0000000000000000
0000000000000000
0000000000000000
0000000000000000
0000000000000000
0000000000000000
0000000000000000
0000000000000000
0000000000000000
0000000000000000
0000000000000000
0000000000000000
0000000000000000
0000000000000000
0000000000000000
0000000000000000
0000000000000000
0000000000000000
0000000000000000
0000000000000000
0000000000000000
0000000000000000
0000000000000000
0000000000000000
0000000000000000
0000000000000000
0000000000000000
0000000000000000
0000000000000000
0000000000000000
0000000000000000
0000000000000000
0000000000000000
0000000000000000
0000000000000000
0000000000000000
0000000000000000
0000000000000000
0000000000000000
0000000000000000
0000000000000000
0000000000000000
0000000000000000
0000000000000000
0000000000000000
0000000000000000
0000000000000000
0000000000000000
0000000000000000
0000000000000000
0000000000000000
0000000000000000
0000000000000000
0000000000000000
0000000000000000
0000000000000000
0000000000000000
0000000000000000
0000000000000000
0000000000000000
0000000000000000
0000000000000000
0000000000000000
0000000000000000
0000000000000000
0000000000000000
0000000000000000
0000000000000000
0000000000000000
0000000000000000
0000000000000000
0000000000000000
0000000000000000
0000000000000000
0000000000000000
0000000000000000
0000000000000000
0000000000000000
0000000000000000
0000000000000000
0000000000000000
0000000000000000
0000000000000000
0000000000000000
0000000000000000
0000000000000000
0000000000000000
0000000000000000
0000000000000000
0000000000000000
0000000000000000
0000000000000000
0000000000000000
0000000000000000
0000000000000000
0000000000000000
0000000000000000
0000000000000000
0000000000000000
0000000000000000
0000000000000000
0000000000000000
0000000000000000
0000000000000000
0000000000000000
0000000000000000
0000000000000000
0000000000000000
0000000000000000
0000000000000000
0000000000000000
0000000000000000
0000000000000000
0000000000000000
0000000000000000
0000000000000000
0000000000000000
0000000000000000
0000000000000000
0000000000000000
0000000000000000
0000000000000000
0000000000000000
0000000000000000
0000000000000000
0000000000000000
0000000000000000
0000000000000000
0000000000000000
0000000000000000
0000000000000000
0000000000000000
0000000000000000
0000000000000000
0000000000000000
0000000000000000
0000000000000000
0000000000000000
0000000000000000
0000000000000000
0000000000000000
0000000000000000
0000000000000000
0000000000000000
0000000000000000
0000000000000000
0000000000000000
0000000000000000
0000000000000000
0000000000000000
0000000000000000
0000000000000000
0000000000000000
0000000000000000
0000000000000000
0000000000000000
0000000000000000
0000000000000000
0000000000000000
0000000000000000
0000000000000000
0000000000000000
0000000000000000
0000000000000000
0000000000000000
0000000000000000
0000000000000000
0000000000000000
0000000000000000
0000000000000000
0000000000000000
0000000000000000
0000000000000000
0000000000000000
0000000000000000
0000000000000000
0000000000000000
0000000000000000
0000000000000000
0000000000000000
0000000000000000
0000000000000000
0000000000000000
0000000000000000
0000000000000000
0000000000000000
0000000000000000
0000000000000000
0000000000000000
0000000000000000
0000000000000000
0000000000000000
0000000000000000
0000000000000000
0000000000000000
0000000000000000
0000000000000000
0000000000000000
0000000000000000
0000000000000000
0000000000000000
0000000000000000
0000000000000000
0000000000000000
0000000000000000
0000000000000000
0000000000000000
0000000000000000
0000000000000000
0000000000000000
0000000000000000
0000000000000000
0000000000000000
0000000000000000
0000000000000000
0000000000000000
0000000000000000
0000000000000000
0000000000000000
0000000000000000
0000000000000000
0000000000000000
0000000000000000
0000000000000000
0000000000000000
0000000000000000
0000000000000000
0000000000000000
0000000000000000
0000000000000000
0000000000000000
0000000000000000
0000000000000000
0000000000000000
0000000000000000
0000000000000000
0000000000000000
0000000000000000
0000000000000000
0000000000000000
0000000000000000
0000000000000000
0000000000000000
0000000000000000
0000000000000000
0000000000000000
0000000000000000
0000000000000000
0000000000000000
0000000000000000
0000000000000000
0000000000000000
0000000000000000
0000000000000000
0000000000000000
0000000000000000
0000000000000000
0000000000000000
0000000000000000
0000000000000000
0000000000000000
0000000000000000
0000000000000000
0000000000000000
0000000000000000
0000000000000000
0000000000000000
0000000000000000
0000000000000000
0000000000000000
0000000000000000
0000000000000000
0000000000000000
0000000000000000
0000000000000000
0000000000000000
0000000000000000
0000000000000000
0000000000000000
0000000000000000
0000000000000000
0000000000000000
0000000000000000
0000000000000000
0000000000000000
0000000000000000
0000000000000000
0000000000000000
0000000000000000
0000000000000000
0000000000000000
0000000000000000
0000000000000000
0000000000000000
0000000000000000
0000000000000000
0000000000000000
0000000000000000
0000000000000000
0000000000000000
0000000000000000
0000000000000000
0000000000000000
0000000000000000
0000000000000000
0000000000000000
0000000000000000
0000000000000000
0000000000000000
0000000000000000
0000000000000000
0000000000000000
0000000000000000
0000000000000000
0000000000000000
0000000000000000
0000000000000000
0000000000000000
0000000000000000
0000000000000000
0000000000000000
0000000000000000
0000000000000000
0000000000000000
0000000000000000
0000000000000000
0000000000000000
0000000000000000
0000000000000000
0000000000000000
0000000000000000
0000000000000000
0000000000000000
0000000000000000
0000000000000000
0000000000000000
0000000000000000
0000000000000000
0000000000000000
0000000000000000
0000000000000000
0000000000000000
0000000000000000
0000000000000000
0000000000000000
0000000000000000
0000000000000000
0000000000000000
0000000000000000
0000000000000000
0000000000000000
0000000000000000
0000000000000000
0000000000000000
0000000000000000
0000000000000000
0000000000000000
0000000000000000
0000000000000000
0000000000000000
0000000000000000
0000000000000000
0000000000000000
0000000000000000
0000000000000000
0000000000000000
0000000000000000
0000000000000000
0000000000000000
0000000000000000
0000000000000000
0000000000000000
0000000000000000
0000000000000000
0000000000000000
0000000000000000
0000000000000000
0000000000000000
0000000000000000
0000000000000000
0000000000000000
0000000000000000
0000000000000000
0000000000000000
0000000000000000
0000000000000000
0000000000000000
0000000000000000
0000000000000000
0000000000000000
0000000000000000
0000000000000000
0000000000000000
0000000000000000
0000000000000000
0000000000000000
0000000000000000
0000000000000000
0000000000000000
0000000000000000
0000000000000000
0000000000000000
0000000000000000
0000000000000000
0000000000000000
0000000000000000
0000000000000000
0000000000000000
0000000000000000
0000000000000000
0000000000000000
0000000000000000
0000000000000000
0000000000000000
0000000000000000
0000000000000000
0000000000000000
0000000000000000
0000000000000000
0000000000000000
0000000000000000
0000000000000000
0000000000000000
0000000000000000
0000000000000000
0000000000000000
0000000000000000
0000000000000000
0000000000000000
0000000000000000
0000000000000000
0000000000000000
0000000000000000
0000000000000000
0000000000000000
0000000000000000
0000000000000000
0000000000000000
0000000000000000
0000000000000000
0000000000000000
0000000000000000
0000000000000000
0000000000000000
0000000000000000
0000000000000000
0000000000000000
0000000000000000
0000000000000000
0000000000000000
0000000000000000
0000000000000000
0000000000000000
0000000000000000
0000000000000000
0000000000000000
0000000000000000
0000000000000000
0000000000000000
0000000000000000
0000000000000000
0000000000000000
0000000000000000
0000000000000000
0000000000000000
0000000000000000
0000000000000000
0000000000000000
0000000000000000
0000000000000000
0000000000000000
0000000000000000
0000000000000000
0000000000000000
0000000000000000
0000000000000000
0000000000000000
0000000000000000
0000000000000000
0000000000000000
0000000000000000
0000000000000000
0000000000000000
0000000000000000
0000000000000000
0000000000000000
0000000000000000
0000000000000000
0000000000000000
0000000000000000
0000000000000000
0000000000000000
0000000000000000
0000000000000000
0000000000000000
0000000000000000
0000000000000000
0000000000000000
0000000000000000
0000000000000000
0000000000000000
0000000000000000
0000000000000000
0000000000000000
0000000000000000
0000000000000000
0000000000000000
0000000000000000
0000000000000000
0000000000000000
0000000000000000
0000000000000000
0000000000000000
0000000000000000
0000000000000000
0000000000000000
0000000000000000
0000000000000000
0000000000000000
0000000000000000
0000000000000000
0000000000000000
0000000000000000
0000000000000000
0000000000000000
0000000000000000
0000000000000000
0000000000000000
0000000000000000
0000000000000000
0000000000000000
0000000000000000
0000000000000000
0000000000000000
0000000000000000
0000000000000000
0000000000000000
0000000000000000
0000000000000000
0000000000000000
0000000000000000
0000000000000000
0000000000000000
0000000000000000
0000000000000000
0000000000000000
0000000000000000
0000000000000000
0000000000000000
0000000000000000
0000000000000000
0000000000000000
0000000000000000
0000000000000000
0000000000000000
0000000000000000
0000000000000000
0000000000000000
0000000000000000
0000000000000000
0000000000000000
0000000000000000
0000000000000000
0000000000000000
0000000000000000
0000000000000000
0000000000000000
0000000000000000
0000000000000000
0000000000000000
0000000000000000
0000000000000000
0000000000000000
0000000000000000
0000000000000000
0000000000000000
0000000000000000
0000000000000000
0000000000000000
0000000000000000
0000000000000000
0000000000000000
0000000000000000
0000000000000000
0000000000000000
0000000000000000
0000000000000000
0000000000000000
0000000000000000
0000000000000000
0000000000000000
0000000000000000
0000000000000000
0000000000000000
0000000000000000
0000000000000000
0000000000000000
0000000000000000
0000000000000000
0000000000000000
0000000000000000
0000000000000000
0000000000000000
0000000000000000
0000000000000000
0000000000000000
0000000000000000
0000000000000000
0000000000000000
0000000000000000
0000000000000000
0000000000000000
0000000000000000
0000000000000000
0000000000000000
0000000000000000
0000000000000000
0000000000000000
0000000000000000
0000000000000000
0000000000000000
0000000000000000
0000000000000000
0000000000000000
0000000000000000
0000000000000000
0000000000000000
0000000000000000
0000000000000000
0000000000000000
0000000000000000
0000000000000000
0000000000000000
0000000000000000
0000000000000000
0000000000000000
0000000000000000
0000000000000000
0000000000000000
0000000000000000
0000000000000000
0000000000000000
0000000000000000
0000000000000000
0000000000000000
0000000000000000
0000000000000000
0000000000000000
0000000000000000
0000000000000000
0000000000000000
0000000000000000
0000000000000000
0000000000000000
0000000000000000
0000000000000000
0000000000000000
0000000000000000
0000000000000000
0000000000000000
0000000000000000
0000000000000000
0000000000000000
0000000000000000
0000000000000000
0000000000000000
0000000000000000
0000000000000000
0000000000000000
0000000000000000
0000000000000000
0000000000000000
0000000000000000
0000000000000000
0000000000000000
0000000000000000
0000000000000000
0000000000000000
0000000000000000
0000000000000000
0000000000000000
0000000000000000
0000000000000000
0000000000000000
0000000000000000
0000000000000000
0000000000000000
0000000000000000
0000000000000000
0000000000000000
0000000000000000
0000000000000000
0000000000000000
0000000000000000
0000000000000000
0000000000000000
0000000000000000
0000000000000000
0000000000000000
0000000000000000
0000000000000000
0000000000000000
0000000000000000
0000000000000000
0000000000000000
0000000000000000
0000000000000000
0000000000000000
0000000000000000
0000000000000000
0000000000000000
0000000000000000
0000000000000000
0000000000000000
0000000000000000
0000000000000000
0000000000000000
0000000000000000
0000000000000000
0000000000000000
0000000000000000
0000000000000000
0000000000000000
0000000000000000
0000000000000000
0000000000000000
0000000000000000
0000000000000000
0000000000000000
0000000000000000
0000000000000000
0000000000000000
0000000000000000
0000000000000000
0000000000000000
0000000000000000
0000000000000000
0000000000000000
0000000000000000
0000000000000000
0000000000000000
0000000000000000
0000000000000000
0000000000000000
0000000000000000
0000000000000000
0000000000000000
0000000000000000
0000000000000000
0000000000000000
0000000000000000
0000000000000000
0000000000000000
0000000000000000
0000000000000000
0000000000000000
0000000000000000
0000000000000000
0000000000000000
0000000000000000
0000000000000000
0000000000000000
0000000000000000
0000000000000000
0000000000000000
0000000000000000
0000000000000000
0000000000000000
0000000000000000
0000000000000000
0000000000000000
0000000000000000
0000000000000000
0000000000000000
0000000000000000
0000000000000000
0000000000000000
0000000000000000
0000000000000000
0000000000000000
0000000000000000
0000000000000000
0000000000000000
0000000000000000
0000000000000000
0000000000000000
0000000000000000
0000000000000000
0000000000000000
0000000000000000
0000000000000000
0000000000000000
0000000000000000
0000000000000000
0000000000000000
0000000000000000
0000000000000000
0000000000000000
0000000000000000
0000000000000000
0000000000000000
0000000000000000
0000000000000000
0000000000000000
0000000000000000
0000000000000000
0000000000000000
0000000000000000
0000000000000000
0000000000000000
0000000000000000
0000000000000000
0000000000000000
0000000000000000
0000000000000000
0000000000000000
0000000000000000
0000000000000000
0000000000000000
0000000000000000
0000000000000000
0000000000000000
0000000000000000
0000000000000000
0000000000000000
0000000000000000
0000000000000000
0000000000000000
0000000000000000
0000000000000000
0000000000000000
0000000000000000
0000000000000000
0000000000000000
0000000000000000
0000000000000000
0000000000000000
0000000000000000
0000000000000000
0000000000000000
0000000000000000
0000000000000000
0000000000000000
0000000000000000
0000000000000000
0000000000000000
0000000000000000
0000000000000000
0000000000000000
0000000000000000
0000000000000000
0000000000000000
0000000000000000
0000000000000000
0000000000000000
0000000000000000
0000000000000000
0000000000000000
0000000000000000
0000000000000000
0000000000000000
0000000000000000
0000000000000000
0000000000000000
0000000000000000
0000000000000000
0000000000000000
0000000000000000
0000000000000000
0000000000000000
0000000000000000
0000000000000000
0000000000000000
0000000000000000
0000000000000000
0000000000000000
0000000000000000
0000000000000000
0000000000000000
0000000000000000
0000000000000000
0000000000000000
0000000000000000
0000000000000000
0000000000000000
0000000000000000
0000000000000000
0000000000000000
0000000000000000
0000000000000000
0000000000000000
0000000000000000
0000000000000000
0000000000000000
0000000000000000
0000000000000000
0000000000000000
0000000000000000
0000000000000000
0000000000000000
0000000000000000
0000000000000000
0000000000000000
0000000000000000
0000000000000000
0000000000000000
0000000000000000
0000000000000000
0000000000000000
0000000000000000
0000000000000000
0000000000000000
0000000000000000
0000000000000000
0000000000000000
0000000000000000
0000000000000000
0000000000000000
0000000000000000
0000000000000000
0000000000000000
0000000000000000
0000000000000000
0000000000000000
0000000000000000
0000000000000000
0000000000000000
0000000000000000
0000000000000000
0000000000000000
0000000000000000
0000000000000000
0000000000000000
0000000000000000
0000000000000000
0000000000000000
0000000000000000
0000000000000000
0000000000000000
0000000000000000
0000000000000000
0000000000000000
0000000000000000
0000000000000000
0000000000000000
0000000000000000
0000000000000000
0000000000000000
0000000000000000
0000000000000000
0000000000000000
0000000000000000
0000000000000000
0000000000000000
0000000000000000
0000000000000000
0000000000000000
0000000000000000
0000000000000000
0000000000000000
0000000000000000
0000000000000000
0000000000000000
0000000000000000
0000000000000000
0000000000000000
0000000000000000
0000000000000000
0000000000000000
0000000000000000
0000000000000000
0000000000000000
0000000000000000
0000000000000000
0000000000000000
0000000000000000
0000000000000000
0000000000000000
0000000000000000
0000000000000000
0000000000000000
0000000000000000
0000000000000000
0000000000000000
0000000000000000
0000000000000000
0000000000000000
0000000000000000
0000000000000000
0000000000000000
0000000000000000
0000000000000000
0000000000000000
0000000000000000
0000000000000000
0000000000000000
0000000000000000
0000000000000000
0000000000000000
0000000000000000
0000000000000000
0000000000000000
0000000000000000
0000000000000000
0000000000000000
0000000000000000
0000000000000000
0000000000000000
0000000000000000
0000000000000000
0000000000000000
0000000000000000
0000000000000000
0000000000000000
0000000000000000
0000000000000000
0000000000000000
0000000000000000
0000000000000000
0000000000000000
0000000000000000
0000000000000000
0000000000000000
0000000000000000
0000000000000000
0000000000000000
0000000000000000
0000000000000000
0000000000000000
0000000000000000
0000000000000000
0000000000000000
0000000000000000
0000000000000000
0000000000000000
0000000000000000
0000000000000000
0000000000000000
0000000000000000
0000000000000000
0000000000000000
0000000000000000
0000000000000000
0000000000000000
0000000000000000
0000000000000000
0000000000000000
0000000000000000
0000000000000000
0000000000000000
0000000000000000
0000000000000000
0000000000000000
0000000000000000
0000000000000000
0000000000000000
0000000000000000
0000000000000000
0000000000000000
0000000000000000
0000000000000000
0000000000000000
0000000000000000
0000000000000000
0000000000000000
0000000000000000
0000000000000000
0000000000000000
0000000000000000
0000000000000000
0000000000000000
0000000000000000
0000000000000000
0000000000000000
0000000000000000
0000000000000000
0000000000000000
0000000000000000
0000000000000000
0000000000000000
0000000000000000
0000000000000000
0000000000000000
0000000000000000
0000000000000000
0000000000000000
0000000000000000
0000000000000000
0000000000000000
0000000000000000
0000000000000000
0000000000000000
0000000000000000
0000000000000000
0000000000000000
0000000000000000
0000000000000000
0000000000000000
0000000000000000
0000000000000000
0000000000000000
0000000000000000
0000000000000000
0000000000000000
0000000000000000
0000000000000000
0000000000000000
0000000000000000
0000000000000000
0000000000000000
0000000000000000
0000000000000000
0000000000000000
0000000000000000
0000000000000000
0000000000000000
0000000000000000
0000000000000000
0000000000000000
0000000000000000
0000000000000000
0000000000000000
0000000000000000
0000000000000000
0000000000000000
0000000000000000
0000000000000000
0000000000000000
0000000000000000
0000000000000000
0000000000000000
0000000000000000
0000000000000000
0000000000000000
0000000000000000
0000000000000000
0000000000000000
0000000000000000
0000000000000000
0000000000000000
0000000000000000
0000000000000000
0000000000000000
0000000000000000
0000000000000000
0000000000000000
0000000000000000
0000000000000000
0000000000000000
0000000000000000
0000000000000000
0000000000000000
0000000000000000
0000000000000000
0000000000000000
0000000000000000
0000000000000000
0000000000000000
0000000000000000
0000000000000000
0000000000000000
0000000000000000
0000000000000000
0000000000000000
0000000000000000
0000000000000000
0000000000000000
0000000000000000
0000000000000000
0000000000000000
0000000000000000
0000000000000000
0000000000000000
0000000000000000
0000000000000000
0000000000000000
0000000000000000
0000000000000000
0000000000000000
0000000000000000
0000000000000000
0000000000000000
0000000000000000
0000000000000000
0000000000000000
0000000000000000
0000000000000000
0000000000000000
0000000000000000
0000000000000000
0000000000000000
0000000000000000
0000000000000000
0000000000000000
0000000000000000
0000000000000000
0000000000000000
0000000000000000
0000000000000000
0000000000000000
0000000000000000
0000000000000000
0000000000000000
0000000000000000
0000000000000000
0000000000000000
0000000000000000
0000000000000000
0000000000000000
0000000000000000
0000000000000000
0000000000000000
0000000000000000
0000000000000000
0000000000000000
0000000000000000
0000000000000000
0000000000000000
0000000000000000
0000000000000000
0000000000000000
0000000000000000
0000000000000000
0000000000000000
0000000000000000
0000000000000000
0000000000000000
0000000000000000
0000000000000000
0000000000000000
0000000000000000
0000000000000000
0000000000000000
0000000000000000
0000000000000000
0000000000000000
0000000000000000
0000000000000000
0000000000000000
0000000000000000
0000000000000000
0000000000000000
0000000000000000
0000000000000000
0000000000000000
0000000000000000
0000000000000000
0000000000000000
0000000000000000
0000000000000000
0000000000000000
0000000000000000
0000000000000000
0000000000000000
0000000000000000
0000000000000000
0000000000000000
0000000000000000
0000000000000000
0000000000000000
0000000000000000
0000000000000000
0000000000000000
0000000000000000
0000000000000000
0000000000000000
0000000000000000
0000000000000000
0000000000000000
0000000000000000
0000000000000000
0000000000000000
0000000000000000
0000000000000000
0000000000000000
0000000000000000
0000000000000000
0000000000000000
0000000000000000
0000000000000000
0000000000000000
0000000000000000
0000000000000000
0000000000000000
0000000000000000
0000000000000000
0000000000000000
0000000000000000
0000000000000000
0000000000000000
0000000000000000
0000000000000000
0000000000000000
0000000000000000
0000000000000000
0000000000000000
0000000000000000
0000000000000000
0000000000000000
0000000000000000
0000000000000000
0000000000000000
0000000000000000
0000000000000000
0000000000000000
0000000000000000
0000000000000000
0000000000000000
0000000000000000
0000000000000000
0000000000000000
0000000000000000
0000000000000000
0000000000000000
0000000000000000
0000000000000000
0000000000000000
0000000000000000
0000000000000000
0000000000000000
0000000000000000
0000000000000000
0000000000000000
0000000000000000
0000000000000000
0000000000000000
0000000000000000
0000000000000000
0000000000000000
0000000000000000
0000000000000000
0000000000000000
0000000000000000
0000000000000000
0000000000000000
0000000000000000
0000000000000000
0000000000000000
0000000000000000
0000000000000000
0000000000000000
0000000000000000
0000000000000000
0000000000000000
0000000000000000
0000000000000000
0000000000000000
0000000000000000
0000000000000000
0000000000000000
0000000000000000
0000000000000000
0000000000000000
0000000000000000
0000000000000000
0000000000000000
0000000000000000
0000000000000000
0000000000000000
0000000000000000
0000000000000000
0000000000000000
0000000000000000
0000000000000000
0000000000000000
0000000000000000
0000000000000000
0000000000000000
0000000000000000
0000000000000000
0000000000000000
0000000000000000
0000000000000000
0000000000000000
0000000000000000
0000000000000000
0000000000000000
0000000000000000
0000000000000000
0000000000000000
0000000000000000
0000000000000000
0000000000000000
0000000000000000
0000000000000000
0000000000000000
0000000000000000
0000000000000000
0000000000000000
0000000000000000
0000000000000000
0000000000000000
0000000000000000
0000000000000000
0000000000000000
0000000000000000
0000000000000000
0000000000000000
0000000000000000
0000000000000000
0000000000000000
0000000000000000
0000000000000000
0000000000000000
0000000000000000
0000000000000000
0000000000000000
0000000000000000
0000000000000000
0000000000000000
0000000000000000
0000000000000000
0000000000000000
0000000000000000
0000000000000000
0000000000000000
0000000000000000
0000000000000000
0000000000000000
0000000000000000
0000000000000000
0000000000000000
0000000000000000
0000000000000000
0000000000000000
0000000000000000
0000000000000000
0000000000000000
0000000000000000
0000000000000000
0000000000000000
0000000000000000
0000000000000000
0000000000000000
0000000000000000
0000000000000000
0000000000000000
0000000000000000
0000000000000000
0000000000000000
0000000000000000
0000000000000000
0000000000000000
0000000000000000
0000000000000000
0000000000000000
0000000000000000
0000000000000000
0000000000000000
0000000000000000
0000000000000000
0000000000000000
0000000000000000
0000000000000000
0000000000000000
0000000000000000
0000000000000000
0000000000000000
0000000000000000
0000000000000000
0000000000000000
0000000000000000
0000000000000000
0000000000000000
0000000000000000
0000000000000000
0000000000000000
0000000000000000
0000000000000000
0000000000000000
0000000000000000
0000000000000000
0000000000000000
0000000000000000
0000000000000000
0000000000000000
0000000000000000
0000000000000000
0000000000000000
0000000000000000
0000000000000000
0000000000000000
0000000000000000
0000000000000000
0000000000000000
0000000000000000
0000000000000000
0000000000000000
0000000000000000
0000000000000000
0000000000000000
0000000000000000
0000000000000000
0000000000000000
0000000000000000
0000000000000000
0000000000000000
0000000000000000
0000000000000000
0000000000000000
0000000000000000
0000000000000000
0000000000000000
0000000000000000
0000000000000000
0000000000000000
0000000000000000
0000000000000000
0000000000000000
0000000000000000
0000000000000000
0000000000000000
0000000000000000
0000000000000000
0000000000000000
0000000000000000
0000000000000000
0000000000000000
0000000000000000
0000000000000000
0000000000000000
0000000000000000
0000000000000000
0000000000000000
0000000000000000
0000000000000000
0000000000000000
0000000000000000
0000000000000000
0000000000000000
0000000000000000
0000000000000000
0000000000000000
0000000000000000
0000000000000000
0000000000000000
0000000000000000
0000000000000000
0000000000000000
0000000000000000
0000000000000000
0000000000000000
0000000000000000
0000000000000000
0000000000000000
0000000000000000
0000000000000000
0000000000000000
0000000000000000
0000000000000000
0000000000000000
0000000000000000
0000000000000000
0000000000000000
0000000000000000
0000000000000000
0000000000000000
0000000000000000
0000000000000000
0000000000000000
0000000000000000
0000000000000000
0000000000000000
0000000000000000
0000000000000000
0000000000000000
0000000000000000
0000000000000000
0000000000000000
0000000000000000
0000000000000000
0000000000000000
0000000000000000
0000000000000000
0000000000000000
0000000000000000
0000000000000000
0000000000000000
0000000000000000
0000000000000000
0000000000000000
0000000000000000
0000000000000000
0000000000000000
0000000000000000
0000000000000000
0000000000000000
0000000000000000
0000000000000000
0000000000000000
0000000000000000
0000000000000000
0000000000000000
0000000000000000
0000000000000000
0000000000000000
0000000000000000
0000000000000000
0000000000000000
0000000000000000
0000000000000000
0000000000000000
0000000000000000
0000000000000000
0000000000000000
0000000000000000
0000000000000000
0000000000000000
0000000000000000
0000000000000000
0000000000000000
0000000000000000
0000000000000000
0000000000000000
0000000000000000
0000000000000000
0000000000000000
0000000000000000
0000000000000000
0000000000000000
0000000000000000
0000000000000000
0000000000000000
0000000000000000
0000000000000000
0000000000000000
0000000000000000
0000000000000000
0000000000000000
0000000000000000
0000000000000000
0000000000000000
0000000000000000
0000000000000000
0000000000000000
0000000000000000
0000000000000000
0000000000000000
0000000000000000
0000000000000000
0000000000000000
0000000000000000
0000000000000000
0000000000000000
0000000000000000
0000000000000000
0000000000000000
0000000000000000
0000000000000000
0000000000000000
0000000000000000
0000000000000000
0000000000000000
0000000000000000
0000000000000000
0000000000000000
0000000000000000
0000000000000000
0000000000000000
0000000000000000
0000000000000000
0000000000000000
0000000000000000
0000000000000000
0000000000000000
0000000000000000
0000000000000000
0000000000000000
0000000000000000
0000000000000000
0000000000000000
0000000000000000
0000000000000000
0000000000000000
0000000000000000
0000000000000000
0000000000000000
0000000000000000
0000000000000000
0000000000000000
0000000000000000
0000000000000000
0000000000000000
0000000000000000
0000000000000000
0000000000000000
0000000000000000
0000000000000000
0000000000000000
0000000000000000
0000000000000000
0000000000000000
0000000000000000
0000000000000000
0000000000000000
0000000000000000
0000000000000000
0000000000000000
0000000000000000
0000000000000000
0000000000000000
0000000000000000
0000000000000000
0000000000000000
0000000000000000
0000000000000000
0000000000000000
0000000000000000
0000000000000000
0000000000000000
0000000000000000
0000000000000000
0000000000000000
0000000000000000
0000000000000000
0000000000000000
0000000000000000
0000000000000000
0000000000000000
0000000000000000
0000000000000000
0000000000000000
0000000000000000
0000000000000000
0000000000000000
0000000000000000
0000000000000000
0000000000000000
0000000000000000
0000000000000000
0000000000000000
0000000000000000
0000000000000000
0000000000000000
0000000000000000
0000000000000000
0000000000000000
0000000000000000
0000000000000000
0000000000000000
0000000000000000
0000000000000000
0000000000000000
0000000000000000
0000000000000000
0000000000000000
0000000000000000
0000000000000000
0000000000000000
0000000000000000
0000000000000000
0000000000000000
0000000000000000
0000000000000000
0000000000000000
0000000000000000
0000000000000000
0000000000000000
0000000000000000
0000000000000000
0000000000000000
0000000000000000
0000000000000000
0000000000000000
0000000000000000
0000000000000000
0000000000000000
0000000000000000
0000000000000000
0000000000000000
0000000000000000
0000000000000000
0000000000000000
0000000000000000
0000000000000000
0000000000000000
0000000000000000
0000000000000000
0000000000000000
0000000000000000
0000000000000000
0000000000000000
0000000000000000
0000000000000000
0000000000000000
0000000000000000
0000000000000000
0000000000000000
0000000000000000
0000000000000000
0000000000000000
0000000000000000
0000000000000000
0000000000000000
0000000000000000
0000000000000000
0000000000000000
0000000000000000
0000000000000000
0000000000000000
0000000000000000
0000000000000000
0000000000000000
0000000000000000
0000000000000000
0000000000000000
0000000000000000
0000000000000000
0000000000000000
0000000000000000
0000000000000000
0000000000000000
0000000000000000
0000000000000000
0000000000000000
0000000000000000
0000000000000000
0000000000000000
0000000000000000
0000000000000000
0000000000000000
0000000000000000
0000000000000000
0000000000000000
0000000000000000
0000000000000000
0000000000000000
0000000000000000
0000000000000000
0000000000000000
0000000000000000
0000000000000000
0000000000000000
0000000000000000
0000000000000000
0000000000000000
0000000000000000
0000000000000000
0000000000000000
0000000000000000
0000000000000000
0000000000000000
0000000000000000
0000000000000000
0000000000000000
0000000000000000
0000000000000000
0000000000000000
0000000000000000
0000000000000000
0000000000000000
0000000000000000
0000000000000000
0000000000000000
0000000000000000
0000000000000000
0000000000000000
0000000000000000
0000000000000000
0000000000000000
0000000000000000
0000000000000000
0000000000000000
0000000000000000
0000000000000000
0000000000000000
0000000000000000
0000000000000000
0000000000000000
0000000000000000
0000000000000000
0000000000000000
0000000000000000
0000000000000000
0000000000000000
0000000000000000
0000000000000000
0000000000000000
0000000000000000
0000000000000000
0000000000000000
0000000000000000
0000000000000000
0000000000000000
0000000000000000
0000000000000000
0000000000000000
0000000000000000
0000000000000000
0000000000000000
0000000000000000
0000000000000000
0000000000000000
0000000000000000
0000000000000000
0000000000000000
0000000000000000
0000000000000000
0000000000000000
0000000000000000
0000000000000000
0000000000000000
0000000000000000
0000000000000000
0000000000000000
0000000000000000
0000000000000000
0000000000000000
0000000000000000
0000000000000000
0000000000000000
0000000000000000
0000000000000000
0000000000000000
0000000000000000
0000000000000000
0000000000000000
0000000000000000
0000000000000000
0000000000000000
0000000000000000
0000000000000000
0000000000000000
0000000000000000
0000000000000000
0000000000000000
0000000000000000
0000000000000000
0000000000000000
0000000000000000
0000000000000000
0000000000000000
0000000000000000
0000000000000000
0000000000000000
0000000000000000
0000000000000000
0000000000000000
0000000000000000
0000000000000000
0000000000000000
0000000000000000
0000000000000000
0000000000000000
0000000000000000
0000000000000000
0000000000000000
0000000000000000
0000000000000000
0000000000000000
0000000000000000
0000000000000000
0000000000000000
0000000000000000
0000000000000000
0000000000000000
0000000000000000
0000000000000000
0000000000000000
0000000000000000
0000000000000000
0000000000000000
0000000000000000
0000000000000000
0000000000000000
0000000000000000
0000000000000000
0000000000000000
0000000000000000
0000000000000000
0000000000000000
0000000000000000
0000000000000000
0000000000000000
0000000000000000
0000000000000000
0000000000000000
0000000000000000
0000000000000000
0000000000000000
0000000000000000
0000000000000000
0000000000000000
0000000000000000
0000000000000000
0000000000000000
0000000000000000
0000000000000000
0000000000000000
0000000000000000
0000000000000000
0000000000000000
0000000000000000
0000000000000000
0000000000000000
0000000000000000
0000000000000000
0000000000000000
0000000000000000
0000000000000000
0000000000000000
0000000000000000
0000000000000000
0000000000000000
0000000000000000
0000000000000000
0000000000000000
0000000000000000
0000000000000000
0000000000000000
0000000000000000
0000000000000000
0000000000000000
0000000000000000
0000000000000000
0000000000000000
0000000000000000
0000000000000000
0000000000000000
0000000000000000
0000000000000000
0000000000000000
0000000000000000
0000000000000000
0000000000000000
0000000000000000
0000000000000000
0000000000000000
0000000000000000
0000000000000000
0000000000000000
0000000000000000
0000000000000000
0000000000000000
0000000000000000
0000000000000000
0000000000000000
0000000000000000
0000000000000000
0000000000000000
0000000000000000
0000000000000000
0000000000000000
0000000000000000
0000000000000000
0000000000000000
0000000000000000
0000000000000000
0000000000000000
0000000000000000
0000000000000000
0000000000000000
0000000000000000
0000000000000000
0000000000000000
0000000000000000
0000000000000000
0000000000000000
0000000000000000
0000000000000000
0000000000000000
0000000000000000
0000000000000000
0000000000000000
0000000000000000
0000000000000000
0000000000000000
0000000000000000
0000000000000000
0000000000000000
0000000000000000
0000000000000000
0000000000000000
0000000000000000
0000000000000000
0000000000000000
0000000000000000
0000000000000000
0000000000000000
0000000000000000
0000000000000000
0000000000000000
0000000000000000
0000000000000000
0000000000000000
0000000000000000
0000000000000000
0000000000000000
0000000000000000
0000000000000000
0000000000000000
0000000000000000
0000000000000000
0000000000000000
0000000000000000
0000000000000000
0000000000000000
0000000000000000
0000000000000000
0000000000000000
0000000000000000
0000000000000000
0000000000000000
0000000000000000
0000000000000000
0000000000000000
0000000000000000
0000000000000000
0000000000000000
0000000000000000
0000000000000000
0000000000000000
0000000000000000
0000000000000000
0000000000000000
0000000000000000
0000000000000000
0000000000000000
0000000000000000
0000000000000000
0000000000000000
0000000000000000
0000000000000000
0000000000000000
0000000000000000
0000000000000000
0000000000000000
0000000000000000
0000000000000000
0000000000000000
0000000000000000
0000000000000000
0000000000000000
0000000000000000
0000000000000000
0000000000000000
0000000000000000
0000000000000000
0000000000000000
0000000000000000
0000000000000000
0000000000000000
0000000000000000
0000000000000000
0000000000000000
0000000000000000
0000000000000000
0000000000000000
0000000000000000
0000000000000000
0000000000000000
0000000000000000
0000000000000000
0000000000000000
0000000000000000
0000000000000000
0000000000000000
0000000000000000
0000000000000000
0000000000000000
0000000000000000
0000000000000000
0000000000000000
0000000000000000
0000000000000000
0000000000000000
0000000000000000
0000000000000000
0000000000000000
0000000000000000
0000000000000000
0000000000000000
0000000000000000
0000000000000000
0000000000000000
0000000000000000
0000000000000000
0000000000000000
0000000000000000
0000000000000000
0000000000000000
0000000000000000
0000000000000000
0000000000000000
0000000000000000
0000000000000000
0000000000000000
0000000000000000
0000000000000000
0000000000000000
0000000000000000
0000000000000000
0000000000000000
0000000000000000
0000000000000000
0000000000000000
0000000000000000
0000000000000000
0000000000000000
0000000000000000
0000000000000000
0000000000000000
0000000000000000
0000000000000000
0000000000000000
0000000000000000
0000000000000000
0000000000000000
0000000000000000
0000000000000000
0000000000000000
0000000000000000
0000000000000000
0000000000000000
0000000000000000
0000000000000000
0000000000000000
0000000000000000
0000000000000000
0000000000000000
0000000000000000
0000000000000000
0000000000000000
0000000000000000
0000000000000000
0000000000000000
0000000000000000
0000000000000000
0000000000000000
0000000000000000
0000000000000000
0000000000000000
0000000000000000
0000000000000000
0000000000000000
0000000000000000
0000000000000000
0000000000000000
0000000000000000
0000000000000000
0000000000000000
0000000000000000
0000000000000000
0000000000000000
0000000000000000
0000000000000000
0000000000000000
0000000000000000
0000000000000000
0000000000000000
0000000000000000
0000000000000000
0000000000000000
0000000000000000
0000000000000000
0000000000000000
0000000000000000
0000000000000000
0000000000000000
0000000000000000
0000000000000000
0000000000000000
0000000000000000
0000000000000000
0000000000000000
0000000000000000
0000000000000000
0000000000000000
0000000000000000
0000000000000000
0000000000000000
0000000000000000
0000000000000000
0000000000000000
0000000000000000
0000000000000000
0000000000000000
0000000000000000
0000000000000000
0000000000000000
0000000000000000
0000000000000000
0000000000000000
0000000000000000
0000000000000000
0000000000000000
0000000000000000
0000000000000000
0000000000000000
0000000000000000
0000000000000000
0000000000000000
0000000000000000
0000000000000000
0000000000000000
0000000000000000
0000000000000000
0000000000000000
0000000000000000
0000000000000000
0000000000000000
0000000000000000
0000000000000000
0000000000000000
0000000000000000
0000000000000000
0000000000000000
0000000000000000
0000000000000000
0000000000000000
0000000000000000
0000000000000000
0000000000000000
0000000000000000
0000000000000000
0000000000000000
0000000000000000
0000000000000000
0000000000000000
0000000000000000
0000000000000000
0000000000000000
0000000000000000
0000000000000000
0000000000000000
0000000000000000
0000000000000000
0000000000000000
0000000000000000
0000000000000000
0000000000000000
0000000000000000
0000000000000000
0000000000000000
0000000000000000
0000000000000000
0000000000000000
0000000000000000
0000000000000000
0000000000000000
0000000000000000
0000000000000000
0000000000000000
0000000000000000
0000000000000000
0000000000000000
0000000000000000
0000000000000000
0000000000000000
0000000000000000
0000000000000000
0000000000000000
0000000000000000
0000000000000000
0000000000000000
0000000000000000
0000000000000000
0000000000000000
0000000000000000
0000000000000000
0000000000000000
0000000000000000
0000000000000000
0000000000000000
0000000000000000
0000000000000000
0000000000000000
0000000000000000
0000000000000000
0000000000000000
0000000000000000
0000000000000000
0000000000000000
0000000000000000
0000000000000000
0000000000000000
0000000000000000
0000000000000000
0000000000000000
0000000000000000
0000000000000000
0000000000000000
0000000000000000
0000000000000000
0000000000000000
0000000000000000
0000000000000000
0000000000000000
0000000000000000
0000000000000000
0000000000000000
0000000000000000
0000000000000000
0000000000000000
0000000000000000
0000000000000000
0000000000000000
0000000000000000
0000000000000000
0000000000000000
0000000000000000
0000000000000000
0000000000000000
0000000000000000
0000000000000000
0000000000000000
0000000000000000
0000000000000000
0000000000000000
0000000000000000
0000000000000000
0000000000000000
0000000000000000
0000000000000000
0000000000000000
0000000000000000
0000000000000000
0000000000000000
0000000000000000
0000000000000000
0000000000000000
0000000000000000
0000000000000000
0000000000000000
0000000000000000
0000000000000000
0000000000000000
0000000000000000
0000000000000000
0000000000000000
0000000000000000
0000000000000000
0000000000000000
0000000000000000
0000000000000000
0000000000000000
0000000000000000
0000000000000000
0000000000000000
0000000000000000
0000000000000000
0000000000000000
0000000000000000
0000000000000000
0000000000000000
0000000000000000
0000000000000000
0000000000000000
0000000000000000
0000000000000000
0000000000000000
0000000000000000
0000000000000000
0000000000000000
0000000000000000
0000000000000000
0000000000000000
0000000000000000
0000000000000000
0000000000000000
0000000000000000
0000000000000000
0000000000000000
0000000000000000
0000000000000000
0000000000000000
0000000000000000
0000000000000000
0000000000000000
0000000000000000
0000000000000000
0000000000000000
0000000000000000
0000000000000000
0000000000000000
0000000000000000
0000000000000000
0000000000000000
0000000000000000
0000000000000000
0000000000000000
0000000000000000
0000000000000000
0000000000000000
0000000000000000
0000000000000000
0000000000000000
0000000000000000
0000000000000000
0000000000000000
0000000000000000
0000000000000000
0000000000000000
0000000000000000
0000000000000000
0000000000000000
0000000000000000
0000000000000000
0000000000000000
0000000000000000
0000000000000000
0000000000000000
0000000000000000
0000000000000000
0000000000000000
0000000000000000
0000000000000000
0000000000000000
0000000000000000
0000000000000000
0000000000000000
0000000000000000
0000000000000000
0000000000000000
0000000000000000
0000000000000000
0000000000000000
0000000000000000
0000000000000000
0000000000000000
0000000000000000
0000000000000000
0000000000000000
0000000000000000
0000000000000000
0000000000000000
0000000000000000
0000000000000000
0000000000000000
0000000000000000
0000000000000000
0000000000000000
0000000000000000
0000000000000000
0000000000000000
0000000000000000
0000000000000000
0000000000000000
0000000000000000
0000000000000000
0000000000000000
0000000000000000
0000000000000000
0000000000000000
0000000000000000
0000000000000000
0000000000000000
0000000000000000
0000000000000000
0000000000000000
0000000000000000
0000000000000000
0000000000000000
0000000000000000
0000000000000000
0000000000000000
0000000000000000
0000000000000000
0000000000000000
0000000000000000
0000000000000000
0000000000000000
0000000000000000
0000000000000000
0000000000000000
0000000000000000
0000000000000000
0000000000000000
0000000000000000
0000000000000000
0000000000000000
0000000000000000
0000000000000000
0000000000000000
0000000000000000
0000000000000000
0000000000000000
0000000000000000
0000000000000000
0000000000000000
0000000000000000
0000000000000000
0000000000000000
0000000000000000
0000000000000000
0000000000000000
0000000000000000
0000000000000000
0000000000000000
0000000000000000
0000000000000000
0000000000000000
0000000000000000
0000000000000000
0000000000000000
0000000000000000
0000000000000000
0000000000000000
0000000000000000
0000000000000000
0000000000000000
0000000000000000
0000000000000000
0000000000000000
0000000000000000
0000000000000000
0000000000000000
0000000000000000
0000000000000000
0000000000000000
0000000000000000
0000000000000000
0000000000000000
0000000000000000
0000000000000000
0000000000000000
0000000000000000
0000000000000000
0000000000000000
0000000000000000
0000000000000000
0000000000000000
0000000000000000
0000000000000000
0000000000000000
0000000000000000
0000000000000000
0000000000000000
0000000000000000
0000000000000000
0000000000000000
0000000000000000
0000000000000000
0000000000000000
0000000000000000
0000000000000000
0000000000000000
0000000000000000
0000000000000000
0000000000000000
0000000000000000
0000000000000000
0000000000000000
0000000000000000
0000000000000000
0000000000000000
0000000000000000
0000000000000000
0000000000000000
0000000000000000
0000000000000000
0000000000000000
0000000000000000
0000000000000000
0000000000000000
0000000000000000
0000000000000000
0000000000000000
0000000000000000
0000000000000000
0000000000000000
0000000000000000
0000000000000000
0000000000000000
0000000000000000
0000000000000000
0000000000000000
0000000000000000
0000000000000000
0000000000000000
0000000000000000
0000000000000000
0000000000000000
0000000000000000
0000000000000000
0000000000000000
0000000000000000
0000000000000000
0000000000000000
0000000000000000
0000000000000000
0000000000000000
0000000000000000
0000000000000000
0000000000000000
0000000000000000
0000000000000000
0000000000000000
0000000000000000
0000000000000000
0000000000000000
0000000000000000
0000000000000000
0000000000000000
0000000000000000
0000000000000000
0000000000000000
0000000000000000
0000000000000000
0000000000000000
0000000000000000
0000000000000000
0000000000000000
0000000000000000
0000000000000000
0000000000000000
0000000000000000
0000000000000000
0000000000000000
0000000000000000
0000000000000000
0000000000000000
0000000000000000
0000000000000000
0000000000000000
0000000000000000
0000000000000000
0000000000000000
0000000000000000
0000000000000000
0000000000000000
0000000000000000
0000000000000000
0000000000000000
0000000000000000
0000000000000000
0000000000000000
0000000000000000
0000000000000000
0000000000000000
0000000000000000
0000000000000000
0000000000000000
0000000000000000
0000000000000000
0000000000000000
0000000000000000
0000000000000000
0000000000000000
0000000000000000
0000000000000000
0000000000000000
0000000000000000
0000000000000000
0000000000000000
0000000000000000
0000000000000000
0000000000000000
0000000000000000
0000000000000000
0000000000000000
0000000000000000
0000000000000000
0000000000000000
0000000000000000
0000000000000000
0000000000000000
0000000000000000
0000000000000000
0000000000000000
0000000000000000
0000000000000000
0000000000000000
0000000000000000
0000000000000000
0000000000000000
0000000000000000
0000000000000000
0000000000000000
0000000000000000
0000000000000000
0000000000000000
0000000000000000
0000000000000000
0000000000000000
0000000000000000
0000000000000000
0000000000000000
0000000000000000
0000000000000000
0000000000000000
0000000000000000
0000000000000000
0000000000000000
0000000000000000
0000000000000000
0000000000000000
0000000000000000
0000000000000000
0000000000000000
0000000000000000
0000000000000000
0000000000000000
0000000000000000
0000000000000000
0000000000000000
0000000000000000
0000000000000000
0000000000000000
0000000000000000
0000000000000000
0000000000000000
0000000000000000
0000000000000000
0000000000000000
0000000000000000
0000000000000000
0000000000000000
0000000000000000
0000000000000000
0000000000000000
0000000000000000
0000000000000000
0000000000000000
0000000000000000
0000000000000000
0000000000000000
0000000000000000
0000000000000000
0000000000000000
0000000000000000
0000000000000000
0000000000000000
0000000000000000
0000000000000000
0000000000000000
0000000000000000
0000000000000000
0000000000000000
0000000000000000
0000000000000000
0000000000000000
0000000000000000
0000000000000000
0000000000000000
0000000000000000
0000000000000000
0000000000000000
0000000000000000
0000000000000000
0000000000000000
0000000000000000
0000000000000000
0000000000000000
0000000000000000
0000000000000000
0000000000000000
0000000000000000
0000000000000000
0000000000000000
0000000000000000
0000000000000000
0000000000000000
0000000000000000
0000000000000000
0000000000000000
0000000000000000
0000000000000000
0000000000000000
0000000000000000
0000000000000000
0000000000000000
0000000000000000
0000000000000000
0000000000000000
0000000000000000
0000000000000000
0000000000000000
0000000000000000
0000000000000000
0000000000000000
0000000000000000
0000000000000000
0000000000000000
0000000000000000
0000000000000000
0000000000000000
0000000000000000
0000000000000000
0000000000000000
0000000000000000
0000000000000000
0000000000000000
0000000000000000
0000000000000000
0000000000000000
0000000000000000
0000000000000000
0000000000000000
0000000000000000
0000000000000000
0000000000000000
0000000000000000
0000000000000000
0000000000000000
0000000000000000
0000000000000000
0000000000000000
0000000000000000
0000000000000000
0000000000000000
0000000000000000
0000000000000000
0000000000000000
0000000000000000
0000000000000000
0000000000000000
0000000000000000
0000000000000000
0000000000000000
0000000000000000
0000000000000000
0000000000000000
0000000000000000
0000000000000000
0000000000000000
0000000000000000
0000000000000000
0000000000000000
0000000000000000
0000000000000000
0000000000000000
0000000000000000
0000000000000000
0000000000000000
0000000000000000
0000000000000000
0000000000000000
0000000000000000
0000000000000000
0000000000000000
0000000000000000
0000000000000000
0000000000000000
0000000000000000
0000000000000000
0000000000000000
0000000000000000
0000000000000000
0000000000000000
0000000000000000
0000000000000000
0000000000000000
0000000000000000
0000000000000000
0000000000000000
0000000000000000
0000000000000000
0000000000000000
0000000000000000
0000000000000000
0000000000000000
0000000000000000
0000000000000000
0000000000000000
0000000000000000
0000000000000000
0000000000000000
0000000000000000
0000000000000000
0000000000000000
0000000000000000
0000000000000000
0000000000000000
0000000000000000
0000000000000000
0000000000000000
0000000000000000
0000000000000000
0000000000000000
0000000000000000
0000000000000000
0000000000000000
0000000000000000
0000000000000000
0000000000000000
0000000000000000
0000000000000000
0000000000000000
0000000000000000
0000000000000000
0000000000000000
0000000000000000
0000000000000000
0000000000000000
0000000000000000
0000000000000000
0000000000000000
0000000000000000
0000000000000000
0000000000000000
0000000000000000
0000000000000000
0000000000000000
0000000000000000
0000000000000000
0000000000000000
0000000000000000
0000000000000000
0000000000000000
0000000000000000
0000000000000000
0000000000000000
0000000000000000
0000000000000000
0000000000000000
0000000000000000
0000000000000000
0000000000000000
0000000000000000
0000000000000000
0000000000000000
0000000000000000
0000000000000000
0000000000000000
0000000000000000
0000000000000000
0000000000000000
0000000000000000
0000000000000000
0000000000000000
0000000000000000
0000000000000000
0000000000000000
0000000000000000
0000000000000000
0000000000000000
0000000000000000
0000000000000000
0000000000000000
0000000000000000
0000000000000000
0000000000000000
0000000000000000
0000000000000000
0000000000000000
0000000000000000
0000000000000000
0000000000000000
0000000000000000
0000000000000000
0000000000000000
0000000000000000
0000000000000000
0000000000000000
0000000000000000
0000000000000000
0000000000000000
0000000000000000
0000000000000000
0000000000000000
0000000000000000
0000000000000000
0000000000000000
0000000000000000
0000000000000000
0000000000000000
0000000000000000
0000000000000000
0000000000000000
0000000000000000
0000000000000000
0000000000000000
0000000000000000
0000000000000000
0000000000000000
0000000000000000
0000000000000000
0000000000000000
0000000000000000
0000000000000000
0000000000000000
0000000000000000
0000000000000000
0000000000000000
0000000000000000
0000000000000000
0000000000000000
0000000000000000
0000000000000000
0000000000000000
0000000000000000
0000000000000000
0000000000000000
0000000000000000
0000000000000000
0000000000000000
0000000000000000
0000000000000000
0000000000000000
0000000000000000
0000000000000000
0000000000000000
0000000000000000
0000000000000000
0000000000000000
0000000000000000
0000000000000000
0000000000000000
0000000000000000
0000000000000000
0000000000000000
0000000000000000
0000000000000000
0000000000000000
0000000000000000
0000000000000000
0000000000000000
0000000000000000
0000000000000000
0000000000000000
0000000000000000
0000000000000000
0000000000000000
0000000000000000
0000000000000000
0000000000000000
0000000000000000
0000000000000000
0000000000000000
0000000000000000
0000000000000000
0000000000000000
0000000000000000
0000000000000000
0000000000000000
0000000000000000
0000000000000000
0000000000000000
0000000000000000
0000000000000000
0000000000000000
0000000000000000
0000000000000000
0000000000000000
0000000000000000
0000000000000000
0000000000000000
0000000000000000
0000000000000000
0000000000000000
0000000000000000
0000000000000000
0000000000000000
0000000000000000
0000000000000000
0000000000000000
0000000000000000
0000000000000000
0000000000000000
0000000000000000
0000000000000000
0000000000000000
0000000000000000
0000000000000000
0000000000000000
0000000000000000
0000000000000000
0000000000000000
0000000000000000
0000000000000000
0000000000000000
0000000000000000
0000000000000000
0000000000000000
0000000000000000
0000000000000000
0000000000000000
0000000000000000
0000000000000000
0000000000000000
0000000000000000
0000000000000000
0000000000000000
0000000000000000
0000000000000000
0000000000000000
0000000000000000
0000000000000000
0000000000000000
0000000000000000
0000000000000000
0000000000000000
0000000000000000
0000000000000000
0000000000000000
0000000000000000
0000000000000000
0000000000000000
0000000000000000
0000000000000000
0000000000000000
0000000000000000
0000000000000000
0000000000000000
0000000000000000
0000000000000000
0000000000000000
0000000000000000
0000000000000000
0000000000000000
0000000000000000
0000000000000000
0000000000000000
0000000000000000
0000000000000000
0000000000000000
0000000000000000
0000000000000000
0000000000000000
0000000000000000
0000000000000000
0000000000000000
0000000000000000
0000000000000000
0000000000000000
0000000000000000
0000000000000000
0000000000000000
0000000000000000
0000000000000000
0000000000000000
0000000000000000
0000000000000000
0000000000000000
0000000000000000
0000000000000000
0000000000000000
0000000000000000
0000000000000000
0000000000000000
0000000000000000
0000000000000000
0000000000000000
0000000000000000
0000000000000000
0000000000000000
0000000000000000
0000000000000000
0000000000000000
0000000000000000
0000000000000000
0000000000000000
0000000000000000
0000000000000000
0000000000000000
0000000000000000
0000000000000000
0000000000000000
0000000000000000
0000000000000000
0000000000000000
0000000000000000
0000000000000000
0000000000000000
0000000000000000
0000000000000000
0000000000000000
0000000000000000
0000000000000000
0000000000000000
0000000000000000
0000000000000000
0000000000000000
0000000000000000
0000000000000000
0000000000000000
0000000000000000
0000000000000000
0000000000000000
0000000000000000
0000000000000000
0000000000000000
0000000000000000
0000000000000000
0000000000000000
0000000000000000
0000000000000000
0000000000000000
0000000000000000
0000000000000000
0000000000000000
0000000000000000
0000000000000000
0000000000000000
0000000000000000
0000000000000000
0000000000000000
0000000000000000
0000000000000000
0000000000000000
0000000000000000
0000000000000000
0000000000000000
0000000000000000
0000000000000000
0000000000000000
0000000000000000
0000000000000000
0000000000000000
0000000000000000
0000000000000000
0000000000000000
0000000000000000
0000000000000000
0000000000000000
0000000000000000
0000000000000000
0000000000000000
0000000000000000
0000000000000000
0000000000000000
0000000000000000
0000000000000000
0000000000000000
0000000000000000
0000000000000000
0000000000000000
0000000000000000
0000000000000000
0000000000000000
0000000000000000
0000000000000000
0000000000000000
0000000000000000
0000000000000000
0000000000000000
0000000000000000
0000000000000000
0000000000000000
0000000000000000
0000000000000000
0000000000000000
0000000000000000
0000000000000000
0000000000000000
0000000000000000
0000000000000000
0000000000000000
0000000000000000
0000000000000000
0000000000000000
0000000000000000
0000000000000000
0000000000000000
0000000000000000
0000000000000000
0000000000000000
0000000000000000
0000000000000000
0000000000000000
0000000000000000
0000000000000000
0000000000000000
0000000000000000
0000000000000000
0000000000000000
0000000000000000
0000000000000000
0000000000000000
0000000000000000
0000000000000000
0000000000000000
0000000000000000
0000000000000000
0000000000000000
0000000000000000
0000000000000000
0000000000000000
0000000000000000
0000000000000000
0000000000000000
0000000000000000
0000000000000000
0000000000000000
0000000000000000
0000000000000000
0000000000000000
0000000000000000
0000000000000000
0000000000000000
0000000000000000
0000000000000000
0000000000000000
0000000000000000
0000000000000000
0000000000000000
0000000000000000
0000000000000000
0000000000000000
0000000000000000
0000000000000000
0000000000000000
0000000000000000
0000000000000000
0000000000000000
0000000000000000
0000000000000000
0000000000000000
0000000000000000
0000000000000000
0000000000000000
0000000000000000
0000000000000000
0000000000000000
0000000000000000
0000000000000000
0000000000000000
0000000000000000
0000000000000000
0000000000000000
0000000000000000
0000000000000000
0000000000000000
0000000000000000
0000000000000000
0000000000000000
0000000000000000
0000000000000000
0000000000000000
0000000000000000
0000000000000000
0000000000000000
0000000000000000
0000000000000000
0000000000000000
0000000000000000
0000000000000000
0000000000000000
0000000000000000
0000000000000000
0000000000000000
0000000000000000
0000000000000000
0000000000000000
0000000000000000
0000000000000000
0000000000000000
0000000000000000
0000000000000000
0000000000000000
0000000000000000
0000000000000000
0000000000000000
0000000000000000
0000000000000000
0000000000000000
0000000000000000
0000000000000000
0000000000000000
0000000000000000
0000000000000000
0000000000000000
0000000000000000
0000000000000000
0000000000000000
0000000000000000
0000000000000000
0000000000000000
0000000000000000
0000000000000000
0000000000000000
0000000000000000
0000000000000000
0000000000000000
0000000000000000
0000000000000000
0000000000000000
0000000000000000
0000000000000000
0000000000000000
0000000000000000
0000000000000000
0000000000000000
0000000000000000
0000000000000000
0000000000000000
0000000000000000
0000000000000000
0000000000000000
0000000000000000
0000000000000000
0000000000000000
0000000000000000
0000000000000000
0000000000000000
0000000000000000
0000000000000000
0000000000000000
0000000000000000
0000000000000000
0000000000000000
0000000000000000
0000000000000000
0000000000000000
0000000000000000
0000000000000000
0000000000000000
0000000000000000
0000000000000000
0000000000000000
0000000000000000
0000000000000000
0000000000000000
0000000000000000
0000000000000000
0000000000000000
0000000000000000
0000000000000000
0000000000000000
0000000000000000
0000000000000000
0000000000000000
0000000000000000
0000000000000000
0000000000000000
0000000000000000
0000000000000000
0000000000000000
0000000000000000
0000000000000000
0000000000000000
0000000000000000
0000000000000000
0000000000000000
0000000000000000
0000000000000000
0000000000000000
0000000000000000
0000000000000000
0000000000000000
0000000000000000
0000000000000000
0000000000000000
0000000000000000
0000000000000000
0000000000000000
0000000000000000
0000000000000000
0000000000000000
0000000000000000
0000000000000000
0000000000000000
0000000000000000
0000000000000000
0000000000000000
0000000000000000
0000000000000000
0000000000000000
0000000000000000
0000000000000000
0000000000000000
0000000000000000
0000000000000000
0000000000000000
0000000000000000
0000000000000000
0000000000000000
0000000000000000
0000000000000000
0000000000000000
0000000000000000
0000000000000000
0000000000000000
0000000000000000
0000000000000000
0000000000000000
0000000000000000
0000000000000000
0000000000000000
0000000000000000
0000000000000000
0000000000000000
0000000000000000
0000000000000000
0000000000000000
0000000000000000
0000000000000000
0000000000000000
0000000000000000
0000000000000000
0000000000000000
0000000000000000
0000000000000000
0000000000000000
0000000000000000
0000000000000000
0000000000000000
0000000000000000
0000000000000000
0000000000000000
0000000000000000
0000000000000000
0000000000000000
0000000000000000
0000000000000000
0000000000000000
0000000000000000
0000000000000000
0000000000000000
0000000000000000
0000000000000000
0000000000000000
0000000000000000
0000000000000000
0000000000000000
0000000000000000
0000000000000000
0000000000000000
0000000000000000
0000000000000000
0000000000000000
0000000000000000
0000000000000000
0000000000000000
0000000000000000
0000000000000000
0000000000000000
0000000000000000
0000000000000000
0000000000000000
0000000000000000
0000000000000000
0000000000000000
0000000000000000
0000000000000000
0000000000000000
0000000000000000
0000000000000000
0000000000000000
0000000000000000
0000000000000000
0000000000000000
0000000000000000
0000000000000000
0000000000000000
0000000000000000
0000000000000000
0000000000000000
0000000000000000
0000000000000000
0000000000000000
0000000000000000
0000000000000000
0000000000000000
0000000000000000
0000000000000000
0000000000000000
0000000000000000
0000000000000000
0000000000000000
0000000000000000
0000000000000000
0000000000000000
0000000000000000
0000000000000000
0000000000000000
0000000000000000
0000000000000000
0000000000000000
0000000000000000
0000000000000000
0000000000000000
0000000000000000
0000000000000000
0000000000000000
0000000000000000
0000000000000000
0000000000000000
0000000000000000
0000000000000000
0000000000000000
0000000000000000
0000000000000000
0000000000000000
0000000000000000
0000000000000000
0000000000000000
0000000000000000
0000000000000000
0000000000000000
0000000000000000
0000000000000000
0000000000000000
0000000000000000
0000000000000000
0000000000000000
0000000000000000
0000000000000000
0000000000000000
0000000000000000
0000000000000000
0000000000000000
0000000000000000
0000000000000000
0000000000000000
0000000000000000
0000000000000000
0000000000000000
0000000000000000
0000000000000000
0000000000000000
0000000000000000
0000000000000000
0000000000000000
0000000000000000
0000000000000000
0000000000000000
0000000000000000
0000000000000000
0000000000000000
0000000000000000
0000000000000000
0000000000000000
0000000000000000
0000000000000000
0000000000000000
0000000000000000
0000000000000000
0000000000000000
0000000000000000
0000000000000000
0000000000000000
0000000000000000
0000000000000000
0000000000000000
0000000000000000
0000000000000000
0000000000000000
0000000000000000
0000000000000000
0000000000000000
0000000000000000
0000000000000000
0000000000000000
0000000000000000
0000000000000000
0000000000000000
0000000000000000
0000000000000000
0000000000000000
0000000000000000
0000000000000000
0000000000000000
0000000000000000
0000000000000000
0000000000000000
0000000000000000
0000000000000000
0000000000000000
0000000000000000
0000000000000000
0000000000000000
0000000000000000
0000000000000000
0000000000000000
0000000000000000
0000000000000000
0000000000000000
0000000000000000
0000000000000000
0000000000000000
0000000000000000
0000000000000000
0000000000000000
0000000000000000
0000000000000000
0000000000000000
0000000000000000
0000000000000000
0000000000000000
0000000000000000
0000000000000000
0000000000000000
0000000000000000
0000000000000000
0000000000000000
0000000000000000
0000000000000000
0000000000000000
0000000000000000
0000000000000000
0000000000000000
0000000000000000
0000000000000000
0000000000000000
0000000000000000
0000000000000000
0000000000000000
0000000000000000
0000000000000000
0000000000000000
0000000000000000
0000000000000000
0000000000000000
0000000000000000
0000000000000000
0000000000000000
0000000000000000
0000000000000000
0000000000000000
0000000000000000
0000000000000000
0000000000000000
0000000000000000
0000000000000000
0000000000000000
0000000000000000
0000000000000000
0000000000000000
0000000000000000
0000000000000000
0000000000000000
0000000000000000
0000000000000000
0000000000000000
0000000000000000
0000000000000000
0000000000000000
0000000000000000
0000000000000000
0000000000000000
0000000000000000
0000000000000000
0000000000000000
0000000000000000
0000000000000000
0000000000000000
0000000000000000
0000000000000000
0000000000000000
0000000000000000
0000000000000000
0000000000000000
0000000000000000
0000000000000000
0000000000000000
0000000000000000
0000000000000000
0000000000000000
0000000000000000
0000000000000000
0000000000000000
0000000000000000
0000000000000000
0000000000000000
0000000000000000
0000000000000000
0000000000000000
0000000000000000
0000000000000000
0000000000000000
0000000000000000
0000000000000000
0000000000000000
0000000000000000
0000000000000000
0000000000000000
0000000000000000
0000000000000000
0000000000000000
0000000000000000
0000000000000000
0000000000000000
0000000000000000
0000000000000000
0000000000000000
0000000000000000
0000000000000000
0000000000000000
0000000000000000
0000000000000000
0000000000000000
0000000000000000
0000000000000000
0000000000000000
0000000000000000
0000000000000000
0000000000000000
0000000000000000
0000000000000000
0000000000000000
0000000000000000
0000000000000000
0000000000000000
0000000000000000
0000000000000000
0000000000000000
0000000000000000
0000000000000000
0000000000000000
0000000000000000
0000000000000000
0000000000000000
0000000000000000
0000000000000000
0000000000000000
0000000000000000
0000000000000000
0000000000000000
0000000000000000
0000000000000000
0000000000000000
0000000000000000
0000000000000000
0000000000000000
0000000000000000
0000000000000000
0000000000000000
0000000000000000
0000000000000000
0000000000000000
0000000000000000
0000000000000000
0000000000000000
0000000000000000
0000000000000000
0000000000000000
0000000000000000
0000000000000000
0000000000000000
0000000000000000
00000000fc000000
0000000000000000
0000000000000000
0000000000000000
0000000000000000
0000000000000000
0000000000000000
0000000000000000
0000000000000000
0000000000000000
0000000000000000
0000000000000000
0000000000000000
0000000000000000
0000000000000000
0000000000000000
0000000000000000
0000000000000000
0000000000000000
0000000000000000
0000000000000000
0000000000000000
0000000000000000
0000000000000000
0000000000000000
0000000000000000
0000000000000000
0000000000000000
0000000000000000
0000000000000000
0000000000000000
0000000000000000
0000000000000000
0000000000000000
0000000000000000
0000000000000000
0000000000000000
0000000000000000
0000000000000000
0000000000000000
0000000000000000
0000000000000000
0000000000000000
0000000000000000
0000000000000000
0000000000000000
0000000000000000
0000000000000000
0000000000000000
0000000000000000
0000000000000000
0000000000000000
0000000000000000
0000000000000000
0000000000000000
0000000000000000
0000000000000000
0000000000000000
0000000000000000
0000000000000000
0000000000000000
0000000000000000
0000000000000000
0000000000000000
0000000000000000
0000000000000000
0000000000000000
0000000000000000
0000000000000000
0000000000000000
0000000000000000
0000000000000000
0000000000000000
0000000000000000
0000000000000000
0000000000000000
0000000000000000
0000000000000000
0000000000000000
0000000000000000
0000000000000000
0000000000000000
0000000000000000
0000000000000000
0000000000000000
0000000000000000
0000000000000000
0000000000000000
0000000000000000
0000000000000000
0000000000000000
0000000000000000
0000000000000000
0000000000000000
0000000000000000
0000000000000000
0000000000000000
0000000000000000
0000000000000000
0000000000000000
0000000000000000
0000000000000000
0000000000000000
0000000000000000
0000000000000000
0000000000000000
0000000000000000
0000000000000000
0000000000000000
0000000000000000
0000000000000000
0000000000000000
0000000000000000
0000000000000000
0000000000000000
0000000000000000
0000000000000000
0000000000000000
0000000000000000
0000000000000000
0000000000000000
0000000000000000
0000000000000000
0000000000000000
0000000000000000
0000000000000000
0000000000000000
0000000000000000
0000000000000000
0000000000000000
0000000000000000
0000000000000000
0000000000000000
0000000000000000
0000000000000000
0000000000000000
0000000000000000
0000000000000000
0000000000000000
0000000000000000
0000000000000000
0000000000000000
0000000000000000
0000000000000000
0000000000000000
0000000000000000
0000000000000000
0000000000000000
0000000000000000
0000000000000000
0000000000000000
0000000000000000
0000000000000000
0000000000000000
0000000000000000
0000000000000000
0000000000000000
0000000000000000
0000000000000000
0000000000000000
0000000000000000
0000000000000000
0000000000000000
0000000000000000
0000000000000000
0000000000000000
0000000000000000
0000000000000000
0000000000000000
0000000000000000
0000000000000000
0000000000000000
0000000000000000
0000000000000000
0000000000000000
0000000000000000
0000000000000000
0000000000000000
0000000000000000
0000000000000000
0000000000000000
0000000000000000
0000000000000000
0000000000000000
0000000000000000
0000000000000000
0000000000000000
0000000000000000
0000000000000000
0000000000000000
0000000000000000
0000000000000000
0000000000000000
0000000000000000
0000000000000000
0000000000000000
0000000000000000
0000000000000000
0000000000000000
0000000000000000
0000000000000000
0000000000000000
0000000000000000
0000000000000000
0000000000000000
0000000000000000
0000000000000000
0000000000000000
0000000000000000
0000000000000000
0000000000000000
0000000000000000
0000000000000000
0000000000000000
0000000000000000
0000000000000000
0000000000000000
0000000000000000
0000000000000000
0000000000000000
0000000000000000
0000000000000000
0000000000000000
0000000000000000
0000000000000000
0000000000000000
0000000000000000
0000000000000000
0000000000000000
0000000000000000
0000000000000000
0000000000000000
0000000000000000
0000000000000000
0000000000000000
0000000000000000
0000000000000000
0000000000000000
0000000000000000
0000000000000000
0000000000000000
0000000000000000
0000000000000000
0000000000000000
0000000000000000
0000000000000000
0000000000000000
0000000000000000
0000000000000000
0000000000000000
0000000000000000
0000000000000000
0000000000000000
0000000000000000
0000000000000000
0000000000000000
0000000000000000
0000000000000000
0000000000000000
0000000000000000
0000000000000000
0000000000000000
0000000000000000
0000000000000000
0000000000000000
0000000000000000
0000000000000000
0000000000000000
0000000000000000
0000000000000000
0000000000000000
0000000000000000
0000000000000000
0000000000000000
0000000000000000
0000000000000000
0000000000000000
0000000000000000
0000000000000000
0000000000000000
0000000000000000
0000000000000000
0000000000000000
0000000000000000
0000000000000000
0000000000000000
0000000000000000
0000000000000000
0000000000000000
0000000000000000
0000000000000000
0000000000000000
0000000000000000
0000000000000000
0000000000000000
0000000000000000
0000000000000000
0000000000000000
0000000000000000
0000000000000000
0000000000000000
0000000000000000
0000000000000000
0000000000000000
0000000000000000
0000000000000000
0000000000000000
0000000000000000
0000000000000000
0000000000000000
0000000000000000
0000000000000000
0000000000000000
0000000000000000
0000000000000000
0000000000000000
0000000000000000
0000000000000000
0000000000000000
0000000000000000
0000000000000000
0000000000000000
0000000000000000
0000000000000000
0000000000000000
0000000000000000
0000000000000000
0000000000000000
0000000000000000
0000000000000000
0000000000000000
0000000000000000
0000000000000000
0000000000000000
0000000000000000
0000000000000000
0000000000000000
0000000000000000
0000000000000000
0000000000000000
0000000000000000
0000000000000000
0000000000000000
0000000000000000
0000000000000000
0000000000000000
0000000000000000
0000000000000000
0000000000000000
0000000000000000
0000000000000000
0000000000000000
0000000000000000
0000000000000000
0000000000000000
0000000000000000
0000000000000000
0000000000000000
0000000000000000
0000000000000000
0000000000000000
0000000000000000
0000000000000000
0000000000000000
0000000000000000
0000000000000000
0000000000000000
0000000000000000
0000000000000000
0000000000000000
0000000000000000
0000000000000000
0000000000000000
0000000000000000
0000000000000000
0000000000000000
0000000000000000
0000000000000000
0000000000000000
0000000000000000
0000000000000000
0000000000000000
0000000000000000
0000000000000000
0000000000000000
0000000000000000
0000000000000000
0000000000000000
0000000000000000
0000000000000000
0000000000000000
0000000000000000
0000000000000000
0000000000000000
0000000000000000
0000000000000000
0000000000000000
0000000000000000
0000000000000000
0000000000000000
0000000000000000
0000000000000000
0000000000000000
0000000000000000
0000000000000000
0000000000000000
0000000000000000
0000000000000000
0000000000000000
0000000000000000
0000000000000000
0000000000000000
0000000000000000
0000000000000000
0000000000000000
0000000000000000
0000000000000000
0000000000000000
0000000000000000
0000000000000000
0000000000000000
0000000000000000
0000000000000000
0000000000000000
0000000000000000
0000000000000000
0000000000000000
0000000000000000
0000000000000000
0000000000000000
0000000000000000
0000000000000000
0000000000000000
0000000000000000
0000000000000000
0000000000000000
0000000000000000
0000000000000000
0000000000000000
0000000000000000
0000000000000000
0000000000000000
0000000000000000
0000000000000000
0000000000000000
0000000000000000
0000000000000000
0000000000000000
0000000000000000
0000000000000000
0000000000000000
0000000000000000
0000000000000000
0000000000000000
0000000000000000
0000000000000000
0000000000000000
0000000000000000
0000000000000000
0000000000000000
0000000000000000
0000000000000000
0000000000000000
0000000000000000
0000000000000000
0000000000000000
0000000000000000
0000000000000000
0000000000000000
0000000000000000
0000000000000000
0000000000000000
0000000000000000
0000000000000000
0000000000000000
0000000000000000
0000000000000000
0000000000000000
0000000000000000
0000000000000000
0000000000000000
0000000000000000
0000000000000000
0000000000000000
0000000000000000
0000000000000000
0000000000000000
0000000000000000
0000000000000000
0000000000000000
0000000000000000
0000000000000000
0000000000000000
0000000000000000
0000000000000000
0000000000000000
0000000000000000
0000000000000000
0000000000000000
0000000000000000
0000000000000000
0000000000000000
0000000000000000
0000000000000000
0000000000000000
0000000000000000
0000000000000000
0000000000000000
0000000000000000
0000000000000000
0000000000000000
0000000000000000
0000000000000000
0000000000000000
0000000000000000
0000000000000000
0000000000000000
0000000000000000
0000000000000000
0000000000000000
0000000000000000
0000000000000000
0000000000000000
0000000000000000
0000000000000000
0000000000000000
0000000000000000
0000000000000000
0000000000000000
0000000000000000
0000000000000000
0000000000000000
0000000000000000
0000000000000000
0000000000000000
0000000000000000
0000000000000000
0000000000000000
0000000000000000
0000000000000000
0000000000000000
0000000000000000
0000000000000000
0000000000000000
0000000000000000
0000000000000000
0000000000000000
0000000000000000
0000000000000000
0000000000000000
0000000000000000
0000000000000000
0000000000000000
0000000000000000
0000000000000000
0000000000000000
0000000000000000
0000000000000000
0000000000000000
0000000000000000
0000000000000000
0000000000000000
0000000000000000
0000000000000000
0000000000000000
0000000000000000
0000000000000000
0000000000000000
0000000000000000
0000000000000000
0000000000000000
0000000000000000
0000000000000000
0000000000000000
0000000000000000
0000000000000000
0000000000000000
0000000000000000
0000000000000000
0000000000000000
0000000000000000
0000000000000000
0000000000000000
0000000000000000
0000000000000000
0000000000000000
0000000000000000
0000000000000000
0000000000000000
0000000000000000
0000000000000000
0000000000000000
0000000000000000
0000000000000000
0000000000000000
0000000000000000
0000000000000000
0000000000000000
0000000000000000
0000000000000000
0000000000000000
0000000000000000
0000000000000000
0000000000000000
0000000000000000
0000000000000000
0000000000000000
0000000000000000
0000000000000000
0000000000000000
0000000000000000
0000000000000000
0000000000000000
0000000000000000
0000000000000000
0000000000000000
0000000000000000
0000000000000000
0000000000000000
0000000000000000
0000000000000000
0000000000000000
0000000000000000
0000000000000000
0000000000000000
0000000000000000
0000000000000000
0000000000000000
0000000000000000
0000000000000000
0000000000000000
0000000000000000
0000000000000000
0000000000000000
0000000000000000
0000000000000000
0000000000000000
0000000000000000
0000000000000000
0000000000000000
0000000000000000
0000000000000000
0000000000000000
0000000000000000
0000000000000000
0000000000000000
0000000000000000
0000000000000000
0000000000000000
0000000000000000
0000000000000000
0000000000000000
0000000000000000
0000000000000000
0000000000000000
0000000000000000
0000000000000000
0000000000000000
0000000000000000
0000000000000000
0000000000000000
0000000000000000
0000000000000000
0000000000000000
0000000000000000
0000000000000000
0000000000000000
0000000000000000
0000000000000000
0000000000000000
0000000000000000
0000000000000000
0000000000000000
0000000000000000
0000000000000000
0000000000000000
0000000000000000
0000000000000000
0000000000000000
0000000000000000
0000000000000000
0000000000000000
0000000000000000
0000000000000000
0000000000000000
0000000000000000
0000000000000000
0000000000000000
0000000000000000
0000000000000000
0000000000000000
0000000000000000
0000000000000000
0000000000000000
0000000000000000
0000000000000000
0000000000000000
0000000000000000
0000000000000000
0000000000000000
0000000000000000
0000000000000000
0000000000000000
0000000000000000
0000000000000000
0000000000000000
0000000000000000
0000000000000000
0000000000000000
0000000000000000
0000000000000000
0000000000000000
0000000000000000
0000000000000000
0000000000000000
0000000000000000
0000000000000000
0000000000000000
0000000000000000
0000000000000000
0000000000000000
0000000000000000
0000000000000000
0000000000000000
0000000000000000
0000000000000000
0000000000000000
0000000000000000
0000000000000000
0000000000000000
0000000000000000
0000000000000000
0000000000000000
0000000000000000
0000000000000000
0000000000000000
0000000000000000
0000000000000000
0000000000000000
0000000000000000
0000000000000000
0000000000000000
0000000000000000
0000000000000000
0000000000000000
0000000000000000
0000000000000000
0000000000000000
0000000000000000
0000000000000000
0000000000000000
0000000000000000
0000000000000000
0000000000000000
0000000000000000
0000000000000000
0000000000000000
0000000000000000
0000000000000000
0000000000000000
0000000000000000
0000000000000000
0000000000000000
0000000000000000
0000000000000000
0000000000000000
0000000000000000
0000000000000000
0000000000000000
0000000000000000
0000000000000000
0000000000000000
0000000000000000
0000000000000000
0000000000000000
0000000000000000
0000000000000000
0000000000000000
0000000000000000
0000000000000000
0000000000000000
0000000000000000
0000000000000000
0000000000000000
0000000000000000
0000000000000000
0000000000000000
0000000000000000
0000000000000000
0000000000000000
0000000000000000
0000000000000000
0000000000000000
0000000000000000
0000000000000000
0000000000000000
0000000000000000
0000000000000000
0000000000000000
0000000000000000
0000000000000000
0000000000000000
0000000000000000
0000000000000000
0000000000000000
0000000000000000
0000000000000000
0000000000000000
0000000000000000
0000000000000000
0000000000000000
0000000000000000
0000000000000000
0000000000000000
0000000000000000
0000000000000000
0000000000000000
0000000000000000
0000000000000000
0000000000000000
0000000000000000
0000000000000000
0000000000000000
0000000000000000
0000000000000000
0000000000000000
0000000000000000
0000000000000000
0000000000000000
0000000000000000
0000000000000000
0000000000000000
0000000000000000
0000000000000000
0000000000000000
0000000000000000
0000000000000000
0000000000000000
0000000000000000
0000000000000000
0000000000000000
0000000000000000
0000000000000000
0000000000000000
0000000000000000
0000000000000000
0000000000000000
0000000000000000
0000000000000000
0000000000000000
0000000000000000
0000000000000000
0000000000000000
0000000000000000
0000000000000000
0000000000000000
0000000000000000
0000000000000000
0000000000000000
0000000000000000
0000000000000000
0000000000000000
0000000000000000
0000000000000000
0000000000000000
0000000000000000
0000000000000000
0000000000000000
0000000000000000
0000000000000000
0000000000000000
0000000000000000
0000000000000000
0000000000000000
0000000000000000
0000000000000000
0000000000000000
0000000000000000
0000000000000000
0000000000000000
0000000000000000
0000000000000000
0000000000000000
0000000000000000
0000000000000000
0000000000000000
0000000000000000
0000000000000000
0000000000000000
0000000000000000
0000000000000000
0000000000000000
0000000000000000
0000000000000000
0000000000000000
0000000000000000
0000000000000000
0000000000000000
0000000000000000
0000000000000000
0000000000000000
0000000000000000
0000000000000000
0000000000000000
0000000000000000
0000000000000000
0000000000000000
0000000000000000
0000000000000000
0000000000000000
0000000000000000
0000000000000000
0000000000000000
0000000000000000
0000000000000000
0000000000000000
0000000000000000
0000000000000000
0000000000000000
0000000000000000
0000000000000000
0000000000000000
0000000000000000
0000000000000000
0000000000000000
0000000000000000
0000000000000000
0000000000000000
0000000000000000
0000000000000000
0000000000000000
0000000000000000
0000000000000000
0000000000000000
0000000000000000
0000000000000000
0000000000000000
0000000000000000
0000000000000000
0000000000000000
0000000000000000
0000000000000000
0000000000000000
0000000000000000
0000000000000000
0000000000000000
0000000000000000
0000000000000000
0000000000000000
0000000000000000
0000000000000000
0000000000000000
0000000000000000
0000000000000000
0000000000000000
0000000000000000
0000000000000000
0000000000000000
0000000000000000
0000000000000000
0000000000000000
0000000000000000
0000000000000000
0000000000000000
0000000000000000
0000000000000000
0000000000000000
0000000000000000
0000000000000000
0000000000000000
0000000000000000
0000000000000000
0000000000000000
0000000000000000
0000000000000000
0000000000000000
0000000000000000
0000000000000000
0000000000000000
0000000000000000
0000000000000000
0000000000000000
0000000000000000
0000000000000000
0000000000000000
0000000000000000
0000000000000000
0000000000000000
0000000000000000
0000000000000000
0000000000000000
0000000000000000
0000000000000000
0000000000000000
0000000000000000
0000000000000000
0000000000000000
0000000000000000
0000000000000000
0000000000000000
0000000000000000
0000000000000000
0000000000000000
0000000000000000
0000000000000000
0000000000000000
0000000000000000
0000000000000000
0000000000000000
0000000000000000
0000000000000000
0000000000000000
0000000000000000
0000000000000000
0000000000000000
0000000000000000
0000000000000000
0000000000000000
0000000000000000
0000000000000000
0000000000000000
0000000000000000
0000000000000000
0000000000000000
0000000000000000
0000000000000000
0000000000000000
0000000000000000
0000000000000000
0000000000000000
0000000000000000
0000000000000000
0000000000000000
0000000000000000
0000000000000000
0000000000000000
0000000000000000
0000000000000000
0000000000000000
0000000000000000
0000000000000000
0000000000000000
0000000000000000
0000000000000000
0000000000000000
0000000000000000
0000000000000000
0000000000000000
0000000000000000
0000000000000000
0000000000000000
0000000000000000
0000000000000000
0000000000000000
0000000000000000
0000000000000000
0000000000000000
0000000000000000
0000000000000000
0000000000000000
0000000000000000
0000000000000000
0000000000000000
0000000000000000
0000000000000000
0000000000000000
0000000000000000
0000000000000000
0000000000000000
0000000000000000
0000000000000000
0000000000000000
0000000000000000
0000000000000000
0000000000000000
0000000000000000
0000000000000000
0000000000000000
0000000000000000
0000000000000000
0000000000000000
0000000000000000
0000000000000000
0000000000000000
0000000000000000
0000000000000000
0000000000000000
0000000000000000
0000000000000000
0000000000000000
0000000000000000
0000000000000000
0000000000000000
0000000000000000
0000000000000000
0000000000000000
0000000000000000
0000000000000000
0000000000000000
0000000000000000
0000000000000000
0000000000000000
0000000000000000
0000000000000000
0000000000000000
0000000000000000
0000000000000000
0000000000000000
0000000000000000
0000000000000000
0000000000000000
0000000000000000
0000000000000000
0000000000000000
0000000000000000
0000000000000000
0000000000000000
0000000000000000
0000000000000000
0000000000000000
0000000000000000
0000000000000000
0000000000000000
0000000000000000
0000000000000000
0000000000000000
0000000000000000
0000000000000000
0000000000000000
0000000000000000
0000000000000000
0000000000000000
0000000000000000
0000000000000000
0000000000000000
0000000000000000
0000000000000000
0000000000000000
0000000000000000
0000000000000000
0000000000000000
0000000000000000
0000000000000000
0000000000000000
0000000000000000
0000000000000000
0000000000000000
0000000000000000
0000000000000000
0000000000000000
0000000000000000
0000000000000000
0000000000000000
0000000000000000
0000000000000000
0000000000000000
0000000000000000
0000000000000000
0000000000000000
0000000000000000
0000000000000000
0000000000000000
0000000000000000
0000000000000000
0000000000000000
0000000000000000
0000000000000000
0000000000000000
0000000000000000
0000000000000000
0000000000000000
0000000000000000
0000000000000000
0000000000000000
0000000000000000
0000000000000000
0000000000000000
0000000000000000
0000000000000000
0000000000000000
0000000000000000
0000000000000000
0000000000000000
0000000000000000
0000000000000000
0000000000000000
0000000000000000
0000000000000000
0000000000000000
0000000000000000
0000000000000000
0000000000000000
0000000000000000
0000000000000000
0000000000000000
0000000000000000
0000000000000000
0000000000000000
0000000000000000
0000000000000000
0000000000000000
0000000000000000
0000000000000000
0000000000000000
0000000000000000
0000000000000000
0000000000000000
0000000000000000
0000000000000000
0000000000000000
0000000000000000
0000000000000000
0000000000000000
0000000000000000
0000000000000000
0000000000000000
0000000000000000
0000000000000000
0000000000000000
0000000000000000
0000000000000000
0000000000000000
0000000000000000
0000000000000000
0000000000000000
0000000000000000
0000000000000000
0000000000000000
0000000000000000
0000000000000000
0000000000000000
0000000000000000
0000000000000000
0000000000000000
0000000000000000
0000000000000000
0000000000000000
0000000000000000
0000000000000000
0000000000000000
0000000000000000
0000000000000000
0000000000000000
0000000000000000
0000000000000000
0000000000000000
0000000000000000
0000000000000000
0000000000000000
0000000000000000
0000000000000000
0000000000000000
0000000000000000
0000000000000000
0000000000000000
0000000000000000
0000000000000000
0000000000000000
0000000000000000
0000000000000000
0000000000000000
0000000000000000
0000000000000000
0000000000000000
0000000000000000
0000000000000000
0000000000000000
0000000000000000
0000000000000000
0000000000000000
0000000000000000
0000000000000000
0000000000000000
0000000000000000
0000000000000000
0000000000000000
0000000000000000
0000000000000000
0000000000000000
0000000000000000
0000000000000000
0000000000000000
0000000000000000
0000000000000000
0000000000000000
0000000000000000
0000000000000000
0000000000000000
0000000000000000
0000000000000000
0000000000000000
0000000000000000
0000000000000000
0000000000000000
0000000000000000
0000000000000000
0000000000000000
0000000000000000
0000000000000000
0000000000000000
0000000000000000
0000000000000000
0000000000000000
0000000000000000
0000000000000000
0000000000000000
0000000000000000
0000000000000000
0000000000000000
0000000000000000
0000000000000000
0000000000000000
0000000000000000
0000000000000000
0000000000000000
0000000000000000
0000000000000000
0000000000000000
0000000000000000
0000000000000000
0000000000000000
0000000000000000
0000000000000000
0000000000000000
0000000000000000
0000000000000000
0000000000000000
0000000000000000
0000000000000000
0000000000000000
0000000000000000
0000000000000000
0000000000000000
0000000000000000
0000000000000000
0000000000000000
0000000000000000
0000000000000000
0000000000000000
0000000000000000
0000000000000000
0000000000000000
0000000000000000
0000000000000000
0000000000000000
0000000000000000
0000000000000000
0000000000000000
0000000000000000
0000000000000000
0000000000000000
0000000000000000
0000000000000000
0000000000000000
0000000000000000
0000000000000000
0000000000000000
0000000000000000
0000000000000000
0000000000000000
0000000000000000
0000000000000000
0000000000000000
0000000000000000
0000000000000000
0000000000000000
0000000000000000
0000000000000000
0000000000000000
0000000000000000
0000000000000000
0000000000000000
0000000000000000
0000000000000000
0000000000000000
0000000000000000
0000000000000000
0000000000000000
0000000000000000
0000000000000000
0000000000000000
0000000000000000
0000000000000000
0000000000000000
0000000000000000
0000000000000000
0000000000000000
0000000000000000
0000000000000000
0000000000000000
0000000000000000
0000000000000000
0000000000000000
0000000000000000
0000000000000000
0000000000000000
0000000000000000
0000000000000000
0000000000000000
0000000000000000
0000000000000000
0000000000000000
0000000000000000
0000000000000000
0000000000000000
0000000000000000
0000000000000000
0000000000000000
0000000000000000
0000000000000000
0000000000000000
0000000000000000
0000000000000000
0000000000000000
0000000000000000
0000000000000000
0000000000000000
0000000000000000
0000000000000000
0000000000000000
0000000000000000
0000000000000000
0000000000000000
0000000000000000
0000000000000000
0000000000000000
0000000000000000
0000000000000000
0000000000000000
0000000000000000
0000000000000000
0000000000000000
0000000000000000
0000000000000000
0000000000000000
0000000000000000
0000000000000000
0000000000000000
0000000000000000
0000000000000000
0000000000000000
0000000000000000
0000000000000000
0000000000000000
0000000000000000
0000000000000000
0000000000000000
0000000000000000
0000000000000000
0000000000000000
0000000000000000
0000000000000000
0000000000000000
0000000000000000
0000000000000000
0000000000000000
0000000000000000
0000000000000000
0000000000000000
0000000000000000
0000000000000000
0000000000000000
0000000000000000
0000000000000000
0000000000000000
0000000000000000
0000000000000000
0000000000000000
0000000000000000
0000000000000000
0000000000000000
0000000000000000
0000000000000000
0000000000000000
0000000000000000
0000000000000000
0000000000000000
0000000000000000
0000000000000000
0000000000000000
0000000000000000
0000000000000000
0000000000000000
0000000000000000
0000000000000000
0000000000000000
0000000000000000
0000000000000000
0000000000000000
0000000000000000
0000000000000000
0000000000000000
0000000000000000
0000000000000000
0000000000000000
0000000000000000
0000000000000000
0000000000000000
0000000000000000
0000000000000000
0000000000000000
0000000000000000
0000000000000000
0000000000000000
0000000000000000
0000000000000000
0000000000000000
0000000000000000
0000000000000000
0000000000000000
0000000000000000
0000000000000000
0000000000000000
0000000000000000
0000000000000000
0000000000000000
0000000000000000
0000000000000000
0000000000000000
0000000000000000
0000000000000000
0000000000000000
0000000000000000
0000000000000000
0000000000000000
0000000000000000
0000000000000000
0000000000000000
0000000000000000
0000000000000000
0000000000000000
0000000000000000
0000000000000000
0000000000000000
0000000000000000
0000000000000000
0000000000000000
0000000000000000
0000000000000000
0000000000000000
0000000000000000
0000000000000000
0000000000000000
0000000000000000
0000000000000000
0000000000000000
0000000000000000
0000000000000000
0000000000000000
0000000000000000
0000000000000000
0000000000000000
0000000000000000
0000000000000000
0000000000000000
0000000000000000
0000000000000000
0000000000000000
0000000000000000
0000000000000000
0000000000000000
0000000000000000
0000000000000000
0000000000000000
0000000000000000
0000000000000000
0000000000000000
0000000000000000
0000000000000000
0000000000000000
0000000000000000
0000000000000000
0000000000000000
0000000000000000
0000000000000000
0000000000000000
0000000000000000
0000000000000000
0000000000000000
0000000000000000
0000000000000000
0000000000000000
0000000000000000
0000000000000000
0000000000000000
0000000000000000
0000000000000000
0000000000000000
0000000000000000
0000000000000000
0000000000000000
0000000000000000
0000000000000000
0000000000000000
0000000000000000
0000000000000000
0000000000000000
0000000000000000
0000000000000000
0000000000000000
0000000000000000
0000000000000000
0000000000000000
0000000000000000
0000000000000000
0000000000000000
0000000000000000
0000000000000000
0000000000000000
0000000000000000
0000000000000000
0000000000000000
0000000000000000
0000000000000000
0000000000000000
0000000000000000
0000000000000000
0000000000000000
0000000000000000
0000000000000000
0000000000000000
0000000000000000
0000000000000000
0000000000000000
0000000000000000
0000000000000000
0000000000000000
0000000000000000
0000000000000000
0000000000000000
0000000000000000
0000000000000000
0000000000000000
0000000000000000
0000000000000000
0000000000000000
0000000000000000
0000000000000000
0000000000000000
0000000000000000
0000000000000000
0000000000000000
0000000000000000
0000000000000000
0000000000000000
0000000000000000
0000000000000000
0000000000000000
0000000000000000
0000000000000000
0000000000000000
0000000000000000
0000000000000000
0000000000000000
0000000000000000
0000000000000000
0000000000000000
0000000000000000
0000000000000000
0000000000000000
0000000000000000
0000000000000000
0000000000000000
0000000000000000
0000000000000000
0000000000000000
0000000000000000
0000000000000000
0000000000000000
0000000000000000
0000000000000000
0000000000000000
0000000000000000
0000000000000000
0000000000000000
0000000000000000
0000000000000000
0000000000000000
0000000000000000
0000000000000000
0000000000000000
0000000000000000
0000000000000000
0000000000000000
0000000000000000
0000000000000000
0000000000000000
0000000000000000
0000000000000000
0000000000000000
0000000000000000
0000000000000000
0000000000000000
0000000000000000
0000000000000000
0000000000000000
0000000000000000
0000000000000000
0000000000000000
0000000000000000
0000000000000000
0000000000000000
0000000000000000
0000000000000000
0000000000000000
0000000000000000
0000000000000000
0000000000000000
0000000000000000
0000000000000000
0000000000000000
0000000000000000
0000000000000000
0000000000000000
0000000000000000
0000000000000000
0000000000000000
0000000000000000
0000000000000000
0000000000000000
0000000000000000
0000000000000000
0000000000000000
0000000000000000
0000000000000000
0000000000000000
0000000000000000
0000000000000000
0000000000000000
0000000000000000
0000000000000000
0000000000000000
0000000000000000
0000000000000000
0000000000000000
0000000000000000
0000000000000000
0000000000000000
0000000000000000
0000000000000000
0000000000000000
0000000000000000
0000000000000000
0000000000000000
0000000000000000
0000000000000000
0000000000000000
0000000000000000
0000000000000000
0000000000000000
0000000000000000
0000000000000000
0000000000000000
0000000000000000
0000000000000000
0000000000000000
0000000000000000
0000000000000000
0000000000000000
0000000000000000
0000000000000000
0000000000000000
0000000000000000
0000000000000000
0000000000000000
0000000000000000
0000000000000000
0000000000000000
0000000000000000
0000000000000000
0000000000000000
0000000000000000
0000000000000000
0000000000000000
0000000000000000
0000000000000000
0000000000000000
0000000000000000
0000000000000000
0000000000000000
0000000000000000
0000000000000000
0000000000000000
0000000000000000
0000000000000000
0000000000000000
0000000000000000
0000000000000000
0000000000000000
0000000000000000
0000000000000000
0000000000000000
0000000000000000
0000000000000000
0000000000000000
0000000000000000
0000000000000000
0000000000000000
0000000000000000
0000000000000000
0000000000000000
0000000000000000
0000000000000000
0000000000000000
0000000000000000
0000000000000000
0000000000000000
0000000000000000
0000000000000000
0000000000000000
0000000000000000
0000000000000000
0000000000000000
0000000000000000
0000000000000000
0000000000000000
0000000000000000
0000000000000000
0000000000000000
0000000000000000
0000000000000000
0000000000000000
0000000000000000
0000000000000000
0000000000000000
0000000000000000
0000000000000000
0000000000000000
0000000000000000
0000000000000000
0000000000000000
0000000000000000
0000000000000000
0000000000000000
0000000000000000
0000000000000000
0000000000000000
0000000000000000
0000000000000000
0000000000000000
0000000000000000
0000000000000000
0000000000000000
0000000000000000
0000000000000000
0000000000000000
0000000000000000
0000000000000000
0000000000000000
0000000000000000
0000000000000000
0000000000000000
0000000000000000
0000000000000000
0000000000000000
0000000000000000
0000000000000000
0000000000000000
0000000000000000
0000000000000000
0000000000000000
0000000000000000
0000000000000000
0000000000000000
0000000000000000
0000000000000000
0000000000000000
0000000000000000
0000000000000000
0000000000000000
0000000000000000
0000000000000000
0000000000000000
0000000000000000
0000000000000000
0000000000000000
0000000000000000
0000000000000000
0000000000000000
0000000000000000
0000000000000000
0000000000000000
0000000000000000
0000000000000000
0000000000000000
0000000000000000
0000000000000000
0000000000000000
0000000000000000
0000000000000000
0000000000000000
0000000000000000
0000000000000000
0000000000000000
0000000000000000
0000000000000000
0000000000000000
0000000000000000
0000000000000000
0000000000000000
0000000000000000
0000000000000000
0000000000000000
0000000000000000
0000000000000000
0000000000000000
0000000000000000
0000000000000000
0000000000000000
0000000000000000
0000000000000000
0000000000000000
0000000000000000
0000000000000000
0000000000000000
0000000000000000
0000000000000000
0000000000000000
0000000000000000
0000000000000000
0000000000000000
0000000000000000
0000000000000000
0000000000000000
0000000000000000
0000000000000000
0000000000000000
0000000000000000
0000000000000000
0000000000000000
0000000000000000
0000000000000000
0000000000000000
0000000000000000
0000000000000000
0000000000000000
0000000000000000
0000000000000000
0000000000000000
0000000000000000
0000000000000000
0000000000000000
0000000000000000
0000000000000000
0000000000000000
0000000000000000
0000000000000000
0000000000000000
0000000000000000
0000000000000000
0000000000000000
0000000000000000
0000000000000000
0000000000000000
0000000000000000
0000000000000000
0000000000000000
0000000000000000
0000000000000000
0000000000000000
0000000000000000
0000000000000000
0000000000000000
0000000000000000
0000000000000000
0000000000000000
0000000000000000
0000000000000000
0000000000000000
0000000000000000
0000000000000000
0000000000000000
0000000000000000
0000000000000000
0000000000000000
0000000000000000
0000000000000000
0000000000000000
0000000000000000
0000000000000000
0000000000000000
0000000000000000
0000000000000000
0000000000000000
0000000000000000
0000000000000000
0000000000000000
0000000000000000
0000000000000000
0000000000000000
0000000000000000
0000000000000000
0000000000000000
0000000000000000
0000000000000000
0000000000000000
0000000000000000
0000000000000000
0000000000000000
0000000000000000
0000000000000000
0000000000000000
0000000000000000
0000000000000000
0000000000000000
0000000000000000
0000000000000000
0000000000000000
0000000000000000
0000000000000000
0000000000000000
0000000000000000
0000000000000000
0000000000000000
0000000000000000
0000000000000000
0000000000000000
0000000000000000
0000000000000000
0000000000000000
0000000000000000
0000000000000000
0000000000000000
0000000000000000
0000000000000000
0000000000000000
0000000000000000
0000000000000000
0000000000000000
0000000000000000
0000000000000000
0000000000000000
0000000000000000
0000000000000000
0000000000000000
0000000000000000
0000000000000000
0000000000000000
0000000000000000
0000000000000000
0000000000000000
0000000000000000
0000000000000000
0000000000000000
0000000000000000
0000000000000000
0000000000000000
0000000000000000
0000000000000000
0000000000000000
0000000000000000
0000000000000000
0000000000000000
0000000000000000
0000000000000000
0000000000000000
0000000000000000
0000000000000000
0000000000000000
0000000000000000
0000000000000000
0000000000000000
0000000000000000
0000000000000000
0000000000000000
0000000000000000
0000000000000000
0000000000000000
0000000000000000
0000000000000000
0000000000000000
0000000000000000
0000000000000000
0000000000000000
0000000000000000
0000000000000000
0000000000000000
0000000000000000
0000000000000000
0000000000000000
0000000000000000
0000000000000000
0000000000000000
0000000000000000
0000000000000000
0000000000000000
0000000000000000
0000000000000000
0000000000000000
0000000000000000
0000000000000000
0000000000000000
0000000000000000
0000000000000000
0000000000000000
0000000000000000
0000000000000000
0000000000000000
0000000000000000
0000000000000000
0000000000000000
0000000000000000
0000000000000000
0000000000000000
0000000000000000
0000000000000000
0000000000000000
0000000000000000
0000000000000000
0000000000000000
0000000000000000
0000000000000000
0000000000000000
0000000000000000
0000000000000000
0000000000000000
0000000000000000
0000000000000000
0000000000000000
0000000000000000
0000000000000000
0000000000000000
0000000000000000
0000000000000000
0000000000000000
0000000000000000
0000000000000000
0000000000000000
0000000000000000
0000000000000000
0000000000000000
0000000000000000
0000000000000000
0000000000000000
0000000000000000
0000000000000000
0000000000000000
0000000000000000
0000000000000000
0000000000000000
0000000000000000
0000000000000000
0000000000000000
0000000000000000
0000000000000000
0000000000000000
0000000000000000
0000000000000000
0000000000000000
0000000000000000
0000000000000000
0000000000000000
0000000000000000
0000000000000000
0000000000000000
0000000000000000
0000000000000000
0000000000000000
0000000000000000
0000000000000000
0000000000000000
0000000000000000
0000000000000000
0000000000000000
0000000000000000
0000000000000000
0000000000000000
0000000000000000
0000000000000000
0000000000000000
0000000000000000
0000000000000000
0000000000000000
0000000000000000
0000000000000000
0000000000000000
0000000000000000
0000000000000000
0000000000000000
0000000000000000
0000000000000000
0000000000000000
0000000000000000
0000000000000000
0000000000000000
0000000000000000
0000000000000000
0000000000000000
0000000000000000
0000000000000000
0000000000000000
0000000000000000
0000000000000000
0000000000000000
0000000000000000
0000000000000000
0000000000000000
0000000000000000
0000000000000000
0000000000000000
0000000000000000
0000000000000000
0000000000000000
0000000000000000
0000000000000000
0000000000000000
0000000000000000
0000000000000000
0000000000000000
0000000000000000
0000000000000000
0000000000000000
0000000000000000
0000000000000000
0000000000000000
0000000000000000
0000000000000000
0000000000000000
0000000000000000
0000000000000000
0000000000000000
0000000000000000
0000000000000000
0000000000000000
0000000000000000
0000000000000000
0000000000000000
0000000000000000
0000000000000000
0000000000000000
0000000000000000
0000000000000000
0000000000000000
0000000000000000
0000000000000000
0000000000000000
0000000000000000
0000000000000000
0000000000000000
0000000000000000
0000000000000000
0000000000000000
0000000000000000
0000000000000000
0000000000000000
0000000000000000
0000000000000000
0000000000000000
0000000000000000
0000000000000000
0000000000000000
0000000000000000
0000000000000000
0000000000000000
0000000000000000
0000000000000000
0000000000000000
0000000000000000
0000000000000000
0000000000000000
0000000000000000
0000000000000000
0000000000000000
0000000000000000
0000000000000000
0000000000000000
0000000000000000
0000000000000000
0000000000000000
0000000000000000
0000000000000000
0000000000000000
0000000000000000
0000000000000000
0000000000000000
0000000000000000
0000000000000000
0000000000000000
0000000000000000
0000000000000000
0000000000000000
0000000000000000
0000000000000000
0000000000000000
0000000000000000
0000000000000000
0000000000000000
0000000000000000
0000000000000000
0000000000000000
0000000000000000
0000000000000000
0000000000000000
0000000000000000
0000000000000000
0000000000000000
0000000000000000
0000000000000000
0000000000000000
0000000000000000
0000000000000000
0000000000000000
0000000000000000
0000000000000000
0000000000000000
0000000000000000
0000000000000000
0000000000000000
0000000000000000
0000000000000000
0000000000000000
0000000000000000
0000000000000000
0000000000000000
0000000000000000
0000000000000000
0000000000000000
0000000000000000
0000000000000000
0000000000000000
0000000000000000
0000000000000000
0000000000000000
0000000000000000
0000000000000000
0000000000000000
0000000000000000
0000000000000000
0000000000000000
0000000000000000
0000000000000000
0000000000000000
0000000000000000
0000000000000000
0000000000000000
0000000000000000
0000000000000000
0000000000000000
0000000000000000
0000000000000000
0000000000000000
0000000000000000
0000000000000000
0000000000000000
0000000000000000
0000000000000000
0000000000000000
0000000000000000
0000000000000000
0000000000000000
0000000000000000
0000000000000000
0000000000000000
0000000000000000
0000000000000000
0000000000000000
0000000000000000
0000000000000000
0000000000000000
0000000000000000
0000000000000000
0000000000000000
0000000000000000
0000000000000000
0000000000000000
0000000000000000
0000000000000000
0000000000000000
0000000000000000
0000000000000000
0000000000000000
0000000000000000
0000000000000000
0000000000000000
0000000000000000
0000000000000000
0000000000000000
0000000000000000
0000000000000000
0000000000000000
0000000000000000
0000000000000000
0000000000000000
0000000000000000
0000000000000000
0000000000000000
0000000000000000
0000000000000000
0000000000000000
0000000000000000
0000000000000000
0000000000000000
0000000000000000
0000000000000000
0000000000000000
0000000000000000
0000000000000000
0000000000000000
0000000000000000
0000000000000000
0000000000000000
0000000000000000
0000000000000000
0000000000000000
0000000000000000
0000000000000000
0000000000000000
0000000000000000
0000000000000000
0000000000000000
0000000000000000
0000000000000000
0000000000000000
0000000000000000
0000000000000000
0000000000000000
0000000000000000
0000000000000000
0000000000000000
0000000000000000
0000000000000000
0000000000000000
0000000000000000
0000000000000000
0000000000000000
0000000000000000
0000000000000000
0000000000000000
0000000000000000
0000000000000000
0000000000000000
0000000000000000
0000000000000000
0000000000000000
0000000000000000
0000000000000000
0000000000000000
0000000000000000
0000000000000000
0000000000000000
0000000000000000
0000000000000000
0000000000000000
0000000000000000
0000000000000000
0000000000000000
0000000000000000
0000000000000000
0000000000000000
0000000000000000
0000000000000000
0000000000000000
0000000000000000
0000000000000000
0000000000000000
0000000000000000
0000000000000000
0000000000000000
0000000000000000
0000000000000000
0000000000000000
0000000000000000
0000000000000000
0000000000000000
0000000000000000
0000000000000000
0000000000000000
0000000000000000
0000000000000000
0000000000000000
0000000000000000
0000000000000000
0000000000000000
0000000000000000
0000000000000000
0000000000000000
0000000000000000
0000000000000000
0000000000000000
0000000000000000
0000000000000000
0000000000000000
0000000000000000
0000000000000000
0000000000000000
0000000000000000
0000000000000000
0000000000000000
0000000000000000
0000000000000000
0000000000000000
0000000000000000
0000000000000000
0000000000000000
0000000000000000
0000000000000000
0000000000000000
0000000000000000
0000000000000000
0000000000000000
0000000000000000
0000000000000000
0000000000000000
0000000000000000
0000000000000000
0000000000000000
0000000000000000
0000000000000000
0000000000000000
0000000000000000
0000000000000000
0000000000000000
0000000000000000
0000000000000000
0000000000000000
0000000000000000
0000000000000000
0000000000000000
0000000000000000
0000000000000000
0000000000000000
0000000000000000
0000000000000000
0000000000000000
0000000000000000
0000000000000000
0000000000000000
0000000000000000
0000000000000000
0000000000000000
0000000000000000
0000000000000000
0000000000000000
0000000000000000
0000000000000000
0000000000000000
0000000000000000
0000000000000000
0000000000000000
0000000000000000
0000000000000000
0000000000000000
0000000000000000
0000000000000000
0000000000000000
0000000000000000
0000000000000000
0000000000000000
0000000000000000
0000000000000000
0000000000000000
0000000000000000
0000000000000000
0000000000000000
0000000000000000
0000000000000000
0000000000000000
0000000000000000
0000000000000000
0000000000000000
0000000000000000
0000000000000000
0000000000000000
0000000000000000
0000000000000000
0000000000000000
0000000000000000
0000000000000000
0000000000000000
0000000000000000
0000000000000000
0000000000000000
0000000000000000
0000000000000000
0000000000000000
0000000000000000
0000000000000000
0000000000000000
0000000000000000
0000000000000000
0000000000000000
0000000000000000
0000000000000000
0000000000000000
0000000000000000
0000000000000000
0000000000000000
0000000000000000
0000000000000000
0000000000000000
0000000000000000
0000000000000000
0000000000000000
0000000000000000
0000000000000000
0000000000000000
0000000000000000
0000000000000000
0000000000000000
0000000000000000
0000000000000000
0000000000000000
0000000000000000
0000000000000000
0000000000000000
0000000000000000
0000000000000000
0000000000000000
0000000000000000
0000000000000000
0000000000000000
0000000000000000
0000000000000000
0000000000000000
0000000000000000
0000000000000000
0000000000000000
0000000000000000
0000000000000000
0000000000000000
0000000000000000
0000000000000000
0000000000000000
0000000000000000
0000000000000000
0000000000000000
0000000000000000
0000000000000000
0000000000000000
0000000000000000
0000000000000000
0000000000000000
0000000000000000
0000000000000000
0000000000000000
0000000000000000
0000000000000000
0000000000000000
0000000000000000
0000000000000000
0000000000000000
0000000000000000
0000000000000000
0000000000000000
0000000000000000
0000000000000000
0000000000000000
0000000000000000
0000000000000000
0000000000000000
0000000000000000
0000000000000000
0000000000000000
0000000000000000
0000000000000000
0000000000000000
0000000000000000
0000000000000000
0000000000000000
0000000000000000
0000000000000000
0000000000000000
0000000000000000
0000000000000000
0000000000000000
0000000000000000
0000000000000000
0000000000000000
0000000000000000
0000000000000000
0000000000000000
0000000000000000
0000000000000000
0000000000000000
0000000000000000
0000000000000000
0000000000000000
0000000000000000
0000000000000000
0000000000000000
0000000000000000
0000000000000000
0000000000000000
0000000000000000
0000000000000000
0000000000000000
0000000000000000
0000000000000000
0000000000000000
0000000000000000
0000000000000000
0000000000000000
0000000000000000
0000000000000000
0000000000000000
0000000000000000
0000000000000000
0000000000000000
0000000000000000
0000000000000000
0000000000000000
0000000000000000
0000000000000000
0000000000000000
0000000000000000
0000000000000000
0000000000000000
0000000000000000
0000000000000000
0000000000000000
0000000000000000
0000000000000000
0000000000000000
0000000000000000
0000000000000000
0000000000000000
0000000000000000
0000000000000000
0000000000000000
0000000000000000
0000000000000000
0000000000000000
0000000000000000
0000000000000000
0000000000000000
0000000000000000
0000000000000000
0000000000000000
0000000000000000
0000000000000000
0000000000000000
0000000000000000
0000000000000000
0000000000000000
0000000000000000
0000000000000000
0000000000000000
0000000000000000
0000000000000000
0000000000000000
0000000000000000
0000000000000000
0000000000000000
0000000000000000
0000000000000000
0000000000000000
0000000000000000
0000000000000000
0000000000000000
0000000000000000
0000000000000000
0000000000000000
0000000000000000
0000000000000000
0000000000000000
0000000000000000
0000000000000000
0000000000000000
0000000000000000
0000000000000000
0000000000000000
0000000000000000
0000000000000000
0000000000000000
0000000000000000
0000000000000000
0000000000000000
0000000000000000
0000000000000000
0000000000000000
0000000000000000
0000000000000000
0000000000000000
0000000000000000
0000000000000000
0000000000000000
0000000000000000
0000000000000000
0000000000000000
0000000000000000
0000000000000000
0000000000000000
0000000000000000
0000000000000000
0000000000000000
0000000000000000
0000000000000000
0000000000000000
0000000000000000
0000000000000000
0000000000000000
0000000000000000
0000000000000000
0000000000000000
0000000000000000
0000000000000000
0000000000000000
0000000000000000
0000000000000000
0000000000000000
0000000000000000
0000000000000000
0000000000000000
0000000000000000
0000000000000000
0000000000000000
0000000000000000
0000000000000000
0000000000000000
0000000000000000
0000000000000000
0000000000000000
0000000000000000
0000000000000000
0000000000000000
0000000000000000
0000000000000000
0000000000000000
0000000000000000
0000000000000000
0000000000000000
0000000000000000
0000000000000000
0000000000000000
0000000000000000
0000000000000000
0000000000000000
0000000000000000
0000000000000000
0000000000000000
0000000000000000
0000000000000000
0000000000000000
0000000000000000
0000000000000000
0000000000000000
0000000000000000
0000000000000000
0000000000000000
0000000000000000
0000000000000000
0000000000000000
0000000000000000
0000000000000000
0000000000000000
0000000000000000
0000000000000000
0000000000000000
0000000000000000
0000000000000000
0000000000000000
0000000000000000
0000000000000000
0000000000000000
0000000000000000
0000000000000000
0000000000000000
0000000000000000
0000000000000000
0000000000000000
0000000000000000
0000000000000000
0000000000000000
0000000000000000
0000000000000000
0000000000000000
0000000000000000
0000000000000000
0000000000000000
0000000000000000
0000000000000000
0000000000000000
0000000000000000
0000000000000000
0000000000000000
0000000000000000
0000000000000000
0000000000000000
0000000000000000
0000000000000000
0000000000000000
0000000000000000
0000000000000000
0000000000000000
0000000000000000
0000000000000000
0000000000000000
0000000000000000
0000000000000000
0000000000000000
0000000000000000
0000000000000000
0000000000000000
0000000000000000
0000000000000000
0000000000000000
0000000000000000
0000000000000000
0000000000000000
0000000000000000
0000000000000000
0000000000000000
0000000000000000
0000000000000000
0000000000000000
0000000000000000
0000000000000000
0000000000000000
0000000000000000
0000000000000000
0000000000000000
0000000000000000
0000000000000000
0000000000000000
0000000000000000
0000000000000000
0000000000000000
0000000000000000
0000000000000000
0000000000000000
0000000000000000
0000000000000000
0000000000000000
0000000000000000
0000000000000000
0000000000000000
0000000000000000
0000000000000000
0000000000000000
0000000000000000
0000000000000000
0000000000000000
0000000000000000
0000000000000000
0000000000000000
0000000000000000
0000000000000000
0000000000000000
0000000000000000
0000000000000000
0000000000000000
0000000000000000
0000000000000000
0000000000000000
0000000000000000
0000000000000000
0000000000000000
0000000000000000
0000000000000000
0000000000000000
0000000000000000
0000000000000000
0000000000000000
0000000000000000
0000000000000000
0000000000000000
0000000000000000
0000000000000000
0000000000000000
0000000000000000
0000000000000000
0000000000000000
0000000000000000
0000000000000000
0000000000000000
0000000000000000
0000000000000000
0000000000000000
0000000000000000
0000000000000000
0000000000000000
0000000000000000
0000000000000000
0000000000000000
0000000000000000
0000000000000000
0000000000000000
0000000000000000
0000000000000000
0000000000000000
0000000000000000
0000000000000000
0000000000000000
0000000000000000
0000000000000000
0000000000000000
0000000000000000
0000000000000000
0000000000000000
0000000000000000
0000000000000000
0000000000000000
0000000000000000
0000000000000000
0000000000000000
0000000000000000
0000000000000000
0000000000000000
0000000000000000
0000000000000000
0000000000000000
0000000000000000
0000000000000000
0000000000000000
0000000000000000
0000000000000000
0000000000000000
0000000000000000
0000000000000000
0000000000000000
0000000000000000
0000000000000000
0000000000000000
0000000000000000
0000000000000000
0000000000000000
0000000000000000
0000000000000000
0000000000000000
0000000000000000
0000000000000000
0000000000000000
0000000000000000
0000000000000000
0000000000000000
0000000000000000
0000000000000000
0000000000000000
0000000000000000
0000000000000000
0000000000000000
0000000000000000
0000000000000000
0000000000000000
0000000000000000
0000000000000000
0000000000000000
0000000000000000
0000000000000000
0000000000000000
0000000000000000
0000000000000000
0000000000000000
0000000000000000
0000000000000000
0000000000000000
0000000000000000
0000000000000000
0000000000000000
0000000000000000
0000000000000000
0000000000000000
0000000000000000
0000000000000000
0000000000000000
0000000000000000
0000000000000000
0000000000000000
0000000000000000
0000000000000000
0000000000000000
0000000000000000
0000000000000000
0000000000000000
0000000000000000
0000000000000000
0000000000000000
0000000000000000
0000000000000000
0000000000000000
0000000000000000
0000000000000000
0000000000000000
0000000000000000
0000000000000000
0000000000000000
0000000000000000
0000000000000000
0000000000000000
0000000000000000
0000000000000000
0000000000000000
0000000000000000
0000000000000000
0000000000000000
0000000000000000
0000000000000000
0000000000000000
0000000000000000
0000000000000000
0000000000000000
0000000000000000
0000000000000000
0000000000000000
0000000000000000
0000000000000000
0000000000000000
0000000000000000
0000000000000000
0000000000000000
0000000000000000
0000000000000000
0000000000000000
0000000000000000
0000000000000000
0000000000000000
0000000000000000
0000000000000000
0000000000000000
0000000000000000
0000000000000000
0000000000000000
0000000000000000
0000000000000000
0000000000000000
0000000000000000
0000000000000000
0000000000000000
0000000000000000
0000000000000000
0000000000000000
0000000000000000
0000000000000000
0000000000000000
0000000000000000
0000000000000000
0000000000000000
0000000000000000
0000000000000000
0000000000000000
0000000000000000
0000000000000000
0000000000000000
0000000000000000
0000000000000000
0000000000000000
0000000000000000
0000000000000000
0000000000000000
0000000000000000
0000000000000000
0000000000000000
0000000000000000
0000000000000000
0000000000000000
0000000000000000
0000000000000000
0000000000000000
0000000000000000
0000000000000000
0000000000000000
0000000000000000
0000000000000000
0000000000000000
0000000000000000
0000000000000000
0000000000000000
0000000000000000
0000000000000000
0000000000000000
0000000000000000
0000000000000000
0000000000000000
0000000000000000
0000000000000000
0000000000000000
0000000000000000
0000000000000000
0000000000000000
0000000000000000
0000000000000000
0000000000000000
0000000000000000
0000000000000000
0000000000000000
0000000000000000
0000000000000000
0000000000000000
0000000000000000
0000000000000000
0000000000000000
0000000000000000
0000000000000000
0000000000000000
0000000000000000
0000000000000000
0000000000000000
0000000000000000
0000000000000000
0000000000000000
0000000000000000
0000000000000000
0000000000000000
0000000000000000
0000000000000000
0000000000000000
0000000000000000
0000000000000000
0000000000000000
0000000000000000
0000000000000000
0000000000000000
0000000000000000
0000000000000000
0000000000000000
0000000000000000
0000000000000000
0000000000000000
0000000000000000
0000000000000000
0000000000000000
0000000000000000
0000000000000000
0000000000000000
0000000000000000
0000000000000000
0000000000000000
0000000000000000
0000000000000000
0000000000000000
0000000000000000
0000000000000000
0000000000000000
0000000000000000
0000000000000000
0000000000000000
0000000000000000
0000000000000000
0000000000000000
0000000000000000
0000000000000000
0000000000000000
0000000000000000
0000000000000000
0000000000000000
0000000000000000
0000000000000000
0000000000000000
0000000000000000
0000000000000000
0000000000000000
0000000000000000
0000000000000000
0000000000000000
0000000000000000
0000000000000000
0000000000000000
0000000000000000
0000000000000000
0000000000000000
0000000000000000
0000000000000000
0000000000000000
0000000000000000
0000000000000000
0000000000000000
0000000000000000
0000000000000000
0000000000000000
0000000000000000
0000000000000000
0000000000000000
0000000000000000
0000000000000000
0000000000000000
0000000000000000
0000000000000000
0000000000000000
0000000000000000
0000000000000000
0000000000000000
0000000000000000
0000000000000000
0000000000000000
0000000000000000
0000000000000000
0000000000000000
0000000000000000
0000000000000000
0000000000000000
0000000000000000
0000000000000000
0000000000000000
0000000000000000
0000000000000000
0000000000000000
0000000000000000
0000000000000000
0000000000000000
0000000000000000
0000000000000000
0000000000000000
0000000000000000
0000000000000000
0000000000000000
0000000000000000
0000000000000000
0000000000000000
0000000000000000
0000000000000000
0000000000000000
0000000000000000
0000000000000000
0000000000000000
0000000000000000
0000000000000000
0000000000000000
0000000000000000
0000000000000000
0000000000000000
0000000000000000
0000000000000000
0000000000000000
0000000000000000
0000000000000000
0000000000000000
0000000000000000
0000000000000000
0000000000000000
0000000000000000
0000000000000000
0000000000000000
0000000000000000
0000000000000000
0000000000000000
0000000000000000
0000000000000000
0000000000000000
0000000000000000
0000000000000000
0000000000000000
0000000000000000
0000000000000000
0000000000000000
0000000000000000
0000000000000000
0000000000000000
0000000000000000
0000000000000000
0000000000000000
0000000000000000
0000000000000000
0000000000000000
0000000000000000
0000000000000000
0000000000000000
0000000000000000
0000000000000000
0000000000000000
0000000000000000
0000000000000000
0000000000000000
0000000000000000
0000000000000000
0000000000000000
0000000000000000
0000000000000000
0000000000000000
0000000000000000
0000000000000000
0000000000000000
0000000000000000
0000000000000000
0000000000000000
0000000000000000
0000000000000000
0000000000000000
0000000000000000
0000000000000000
0000000000000000
0000000000000000
0000000000000000
0000000000000000
0000000000000000
0000000000000000
0000000000000000
0000000000000000
0000000000000000
0000000000000000
0000000000000000
0000000000000000
0000000000000000
0000000000000000
0000000000000000
0000000000000000
0000000000000000
0000000000000000
0000000000000000
0000000000000000
0000000000000000
0000000000000000
0000000000000000
0000000000000000
0000000000000000
0000000000000000
0000000000000000
0000000000000000
0000000000000000
0000000000000000
0000000000000000
0000000000000000
0000000000000000
0000000000000000
0000000000000000
0000000000000000
0000000000000000
0000000000000000
0000000000000000
0000000000000000
0000000000000000
0000000000000000
0000000000000000
0000000000000000
0000000000000000
0000000000000000
0000000000000000
0000000000000000
0000000000000000
0000000000000000
0000000000000000
0000000000000000
0000000000000000
0000000000000000
0000000000000000
0000000000000000
0000000000000000
0000000000000000
0000000000000000
0000000000000000
0000000000000000
0000000000000000
0000000000000000
0000000000000000
0000000000000000
0000000000000000
0000000000000000
0000000000000000
0000000000000000
0000000000000000
0000000000000000
0000000000000000
0000000000000000
0000000000000000
0000000000000000
0000000000000000
0000000000000000
0000000000000000
0000000000000000
0000000000000000
0000000000000000
0000000000000000
0000000000000000
0000000000000000
0000000000000000
0000000000000000
0000000000000000
0000000000000000
0000000000000000
0000000000000000
0000000000000000
0000000000000000
0000000000000000
0000000000000000
0000000000000000
0000000000000000
0000000000000000
0000000000000000
0000000000000000
0000000000000000
0000000000000000
0000000000000000
0000000000000000
0000000000000000
0000000000000000
0000000000000000
0000000000000000
0000000000000000
0000000000000000
0000000000000000
0000000000000000
0000000000000000
0000000000000000
0000000000000000
0000000000000000
0000000000000000
0000000000000000
0000000000000000
0000000000000000
0000000000000000
0000000000000000
0000000000000000
0000000000000000
0000000000000000
0000000000000000
0000000000000000
0000000000000000
0000000000000000
0000000000000000
0000000000000000
0000000000000000
0000000000000000
0000000000000000
0000000000000000
0000000000000000
0000000000000000
0000000000000000
0000000000000000
0000000000000000
0000000000000000
0000000000000000
0000000000000000
0000000000000000
0000000000000000
0000000000000000
0000000000000000
0000000000000000
0000000000000000
0000000000000000
0000000000000000
0000000000000000
0000000000000000
0000000000000000
0000000000000000
0000000000000000
0000000000000000
0000000000000000
0000000000000000
0000000000000000
0000000000000000
0000000000000000
0000000000000000
0000000000000000
0000000000000000
0000000000000000
0000000000000000
0000000000000000
0000000000000000
0000000000000000
0000000000000000
0000000000000000
0000000000000000
0000000000000000
0000000000000000
0000000000000000
0000000000000000
0000000000000000
0000000000000000
0000000000000000
0000000000000000
0000000000000000
0000000000000000
0000000000000000
0000000000000000
0000000000000000
0000000000000000
0000000000000000
0000000000000000
0000000000000000
0000000000000000
0000000000000000
0000000000000000
0000000000000000
0000000000000000
0000000000000000
0000000000000000
0000000000000000
0000000000000000
0000000000000000
0000000000000000
0000000000000000
0000000000000000
0000000000000000
0000000000000000
0000000000000000
0000000000000000
0000000000000000
0000000000000000
0000000000000000
0000000000000000
0000000000000000
0000000000000000
0000000000000000
0000000000000000
0000000000000000
0000000000000000
0000000000000000
0000000000000000
0000000000000000
0000000000000000
0000000000000000
0000000000000000
0000000000000000
0000000000000000
0000000000000000
0000000000000000
0000000000000000
0000000000000000
0000000000000000
0000000000000000
0000000000000000
0000000000000000
0000000000000000
0000000000000000
0000000000000000
0000000000000000
0000000000000000
0000000000000000
0000000000000000
0000000000000000
0000000000000000
0000000000000000
0000000000000000
0000000000000000
0000000000000000
0000000000000000
0000000000000000
0000000000000000
0000000000000000
0000000000000000
0000000000000000
0000000000000000
0000000000000000
0000000000000000
0000000000000000
0000000000000000
0000000000000000
0000000000000000
0000000000000000
0000000000000000
0000000000000000
0000000000000000
0000000000000000
0000000000000000
0000000000000000
0000000000000000
0000000000000000
0000000000000000
0000000000000000
0000000000000000
0000000000000000
0000000000000000
0000000000000000
0000000000000000
0000000000000000
0000000000000000
0000000000000000
0000000000000000
0000000000000000
0000000000000000
0000000000000000
0000000000000000
0000000000000000
0000000000000000
0000000000000000
0000000000000000
0000000000000000
0000000000000000
0000000000000000
0000000000000000
0000000000000000
0000000000000000
0000000000000000
0000000000000000
0000000000000000
0000000000000000
0000000000000000
0000000000000000
0000000000000000
0000000000000000
0000000000000000
0000000000000000
0000000000000000
0000000000000000
0000000000000000
0000000000000000
0000000000000000
0000000000000000
0000000000000000
0000000000000000
0000000000000000
0000000000000000
0000000000000000
0000000000000000
0000000000000000
0000000000000000
0000000000000000
0000000000000000
0000000000000000
0000000000000000
0000000000000000
0000000000000000
0000000000000000
0000000000000000
0000000000000000
0000000000000000
0000000000000000
0000000000000000
0000000000000000
0000000000000000
0000000000000000
0000000000000000
0000000000000000
0000000000000000
0000000000000000
0000000000000000
0000000000000000
0000000000000000
0000000000000000
0000000000000000
0000000000000000
0000000000000000
0000000000000000
0000000000000000
0000000000000000
0000000000000000
0000000000000000
0000000000000000
0000000000000000
0000000000000000
0000000000000000
0000000000000000
0000000000000000
0000000000000000
0000000000000000
0000000000000000
0000000000000000
0000000000000000
0000000000000000
0000000000000000
0000000000000000
0000000000000000
0000000000000000
0000000000000000
0000000000000000
0000000000000000
0000000000000000
0000000000000000
0000000000000000
0000000000000000
0000000000000000
0000000000000000
0000000000000000
0000000000000000
0000000000000000
0000000000000000
0000000000000000
0000000000000000
0000000000000000
0000000000000000
0000000000000000
0000000000000000
0000000000000000
0000000000000000
0000000000000000
0000000000000000
0000000000000000
0000000000000000
0000000000000000
0000000000000000
0000000000000000
0000000000000000
0000000000000000
0000000000000000
0000000000000000
0000000000000000
0000000000000000
0000000000000000
0000000000000000
0000000000000000
0000000000000000
0000000000000000
0000000000000000
0000000000000000
0000000000000000
0000000000000000
0000000000000000
0000000000000000
0000000000000000
0000000000000000
0000000000000000
0000000000000000
0000000000000000
0000000000000000
0000000000000000
0000000000000000
0000000000000000
0000000000000000
0000000000000000
0000000000000000
0000000000000000
0000000000000000
0000000000000000
0000000000000000
0000000000000000
0000000000000000
0000000000000000
0000000000000000
0000000000000000
0000000000000000
0000000000000000
0000000000000000
0000000000000000
0000000000000000
0000000000000000
0000000000000000
0000000000000000
0000000000000000
0000000000000000
0000000000000000
0000000000000000
0000000000000000
0000000000000000
0000000000000000
0000000000000000
0000000000000000
0000000000000000
0000000000000000
0000000000000000
0000000000000000
0000000000000000
0000000000000000
0000000000000000
0000000000000000
0000000000000000
0000000000000000
0000000000000000
0000000000000000
0000000000000000
0000000000000000
0000000000000000
0000000000000000
0000000000000000
0000000000000000
0000000000000000
0000000000000000
0000000000000000
0000000000000000
0000000000000000
0000000000000000
0000000000000000
0000000000000000
0000000000000000
0000000000000000
0000000000000000
0000000000000000
0000000000000000
0000000000000000
0000000000000000
0000000000000000
0000000000000000
0000000000000000
0000000000000000
0000000000000000
0000000000000000
0000000000000000
0000000000000000
0000000000000000
0000000000000000
0000000000000000
0000000000000000
0000000000000000
0000000000000000
0000000000000000
0000000000000000
0000000000000000
0000000000000000
0000000000000000
0000000000000000
0000000000000000
0000000000000000
0000000000000000
0000000000000000
0000000000000000
0000000000000000
0000000000000000
0000000000000000
0000000000000000
0000000000000000
0000000000000000
0000000000000000
0000000000000000
0000000000000000
0000000000000000
0000000000000000
0000000000000000
0000000000000000
0000000000000000
0000000000000000
0000000000000000
0000000000000000
0000000000000000
0000000000000000
0000000000000000
0000000000000000
0000000000000000
0000000000000000
0000000000000000
0000000000000000
0000000000000000
0000000000000000
0000000000000000
0000000000000000
0000000000000000
0000000000000000
0000000000000000
0000000000000000
0000000000000000
0000000000000000
0000000000000000
0000000000000000
0000000000000000
0000000000000000
0000000000000000
0000000000000000
0000000000000000
0000000000000000
0000000000000000
0000000000000000
0000000000000000
0000000000000000
0000000000000000
0000000000000000
0000000000000000
0000000000000000
0000000000000000
0000000000000000
0000000000000000
0000000000000000
0000000000000000
0000000000000000
0000000000000000
0000000000000000
0000000000000000
0000000000000000
0000000000000000
0000000000000000
0000000000000000
0000000000000000
0000000000000000
0000000000000000
0000000000000000
0000000000000000
0000000000000000
0000000000000000
0000000000000000
0000000000000000
0000000000000000
0000000000000000
0000000000000000
0000000000000000
0000000000000000
0000000000000000
0000000000000000
0000000000000000
0000000000000000
0000000000000000
0000000000000000
0000000000000000
0000000000000000
0000000000000000
0000000000000000
0000000000000000
0000000000000000
0000000000000000
0000000000000000
0000000000000000
0000000000000000
0000000000000000
0000000000000000
0000000000000000
0000000000000000
0000000000000000
0000000000000000
0000000000000000
0000000000000000
0000000000000000
0000000000000000
0000000000000000
0000000000000000
0000000000000000
0000000000000000
0000000000000000
0000000000000000
0000000000000000
0000000000000000
0000000000000000
0000000000000000
0000000000000000
0000000000000000
0000000000000000
0000000000000000
0000000000000000
0000000000000000
0000000000000000
0000000000000000
0000000000000000
0000000000000000
0000000000000000
0000000000000000
0000000000000000
0000000000000000
0000000000000000
0000000000000000
0000000000000000
0000000000000000
0000000000000000
0000000000000000
0000000000000000
0000000000000000
0000000000000000
0000000000000000
0000000000000000
0000000000000000
0000000000000000
0000000000000000
0000000000000000
0000000000000000
0000000000000000
0000000000000000
0000000000000000
0000000000000000
0000000000000000
0000000000000000
0000000000000000
0000000000000000
0000000000000000
0000000000000000
0000000000000000
0000000000000000
0000000000000000
0000000000000000
0000000000000000
0000000000000000
0000000000000000
0000000000000000
0000000000000000
0000000000000000
0000000000000000
0000000000000000
0000000000000000
0000000000000000
0000000000000000
0000000000000000
0000000000000000
0000000000000000
0000000000000000
0000000000000000
0000000000000000
0000000000000000
0000000000000000
0000000000000000
0000000000000000
0000000000000000
0000000000000000
0000000000000000
0000000000000000
0000000000000000
0000000000000000
0000000000000000
0000000000000000
0000000000000000
0000000000000000
0000000000000000
0000000000000000
0000000000000000
0000000000000000
0000000000000000
0000000000000000
0000000000000000
0000000000000000
0000000000000000
0000000000000000
0000000000000000
0000000000000000
0000000000000000
0000000000000000
0000000000000000
0000000000000000
0000000000000000
0000000000000000
0000000000000000
0000000000000000
0000000000000000
0000000000000000
0000000000000000
0000000000000000
0000000000000000
0000000000000000
0000000000000000
0000000000000000
0000000000000000
0000000000000000
0000000000000000
0000000000000000
0000000000000000
0000000000000000
0000000000000000
0000000000000000
0000000000000000
0000000000000000
0000000000000000
0000000000000000
0000000000000000
0000000000000000
0000000000000000
0000000000000000
0000000000000000
0000000000000000
0000000000000000
0000000000000000
0000000000000000
0000000000000000
0000000000000000
0000000000000000
0000000000000000
0000000000000000
0000000000000000
0000000000000000
0000000000000000
0000000000000000
0000000000000000
0000000000000000
0000000000000000
0000000000000000
0000000000000000
0000000000000000
0000000000000000
0000000000000000
0000000000000000
0000000000000000
0000000000000000
0000000000000000
0000000000000000
0000000000000000
0000000000000000
0000000000000000
0000000000000000
0000000000000000
0000000000000000
0000000000000000
0000000000000000
0000000000000000
0000000000000000
0000000000000000
0000000000000000
0000000000000000
0000000000000000
0000000000000000
0000000000000000
0000000000000000
0000000000000000
0000000000000000
0000000000000000
0000000000000000
0000000000000000
0000000000000000
0000000000000000
0000000000000000
0000000000000000
0000000000000000
0000000000000000
0000000000000000
0000000000000000
0000000000000000
0000000000000000
0000000000000000
0000000000000000
0000000000000000
0000000000000000
0000000000000000
0000000000000000
0000000000000000
0000000000000000
0000000000000000
0000000000000000
0000000000000000
0000000000000000
0000000000000000
0000000000000000
0000000000000000
0000000000000000
0000000000000000
0000000000000000
0000000000000000
0000000000000000
0000000000000000
0000000000000000
0000000000000000
0000000000000000
0000000000000000
0000000000000000
0000000000000000
0000000000000000
0000000000000000
0000000000000000
0000000000000000
0000000000000000
0000000000000000
0000000000000000
0000000000000000
0000000000000000
0000000000000000
0000000000000000
0000000000000000
0000000000000000
0000000000000000
0000000000000000
0000000000000000
0000000000000000
0000000000000000
0000000000000000
0000000000000000
0000000000000000
0000000000000000
0000000000000000
0000000000000000
0000000000000000
0000000000000000
0000000000000000
0000000000000000
0000000000000000
0000000000000000
0000000000000000
0000000000000000
0000000000000000
0000000000000000
0000000000000000
0000000000000000
0000000000000000
0000000000000000
0000000000000000
0000000000000000
0000000000000000
0000000000000000
0000000000000000
0000000000000000
0000000000000000
0000000000000000
0000000000000000
0000000000000000
0000000000000000
0000000000000000
0000000000000000
0000000000000000
0000000000000000
0000000000000000
0000000000000000
0000000000000000
0000000000000000
0000000000000000
0000000000000000
0000000000000000
0000000000000000
0000000000000000
0000000000000000
0000000000000000
0000000000000000
0000000000000000
0000000000000000
0000000000000000
0000000000000000
0000000000000000
0000000000000000
0000000000000000
0000000000000000
0000000000000000
0000000000000000
0000000000000000
0000000000000000
0000000000000000
0000000000000000
0000000000000000
0000000000000000
0000000000000000
0000000000000000
0000000000000000
0000000000000000
0000000000000000
0000000000000000
0000000000000000
0000000000000000
0000000000000000
0000000000000000
0000000000000000
0000000000000000
0000000000000000
0000000000000000
0000000000000000
0000000000000000
0000000000000000
0000000000000000
0000000000000000
0000000000000000
0000000000000000
0000000000000000
0000000000000000
0000000000000000
0000000000000000
0000000000000000
0000000000000000
0000000000000000
0000000000000000
0000000000000000
0000000000000000
0000000000000000
0000000000000000
0000000000000000
0000000000000000
0000000000000000
0000000000000000
0000000000000000
0000000000000000
0000000000000000
0000000000000000
0000000000000000
0000000000000000
0000000000000000
0000000000000000
0000000000000000
0000000000000000
0000000000000000
0000000000000000
0000000000000000
0000000000000000
0000000000000000
0000000000000000
0000000000000000
0000000000000000
0000000000000000
0000000000000000
0000000000000000
0000000000000000
0000000000000000
0000000000000000
0000000000000000
0000000000000000
0000000000000000
0000000000000000
0000000000000000
0000000000000000
0000000000000000
0000000000000000
0000000000000000
0000000000000000
0000000000000000
0000000000000000
0000000000000000
0000000000000000
0000000000000000
0000000000000000
0000000000000000
0000000000000000
0000000005ffff65
0000000000000000
0000000000000000
0000000000000000
0000000000000000
0000000000000000
0000000000000000
0000000000000000
0000000000000000
0000000000000000
0000000000000000
0000000000000000
0000000000000000
0000000000000000
0000000000000000
0000000000000000
0000000000000000
0000000000000000
0000000000000000
0000000000000000
0000000000000000
0000000000000000
0000000000000000
0000000000000000
0000000000000000
0000000000000000
0000000000000000
0000000000000000
0000000000000000
0000000000000000
0000000000000000
0000000000000000
0000000000000000
0000000000000000
0000000000000000
0000000000000000
0000000000000000
0000000000000000
0000000000000000
0000000000000000
0000000000000000
0000000000000000
0000000000000000
0000000000000000
0000000000000000
0000000000000000
0000000000000000
0000000000000000
0000000000000000
0000000000000000
0000000000000000
0000000000000000
0000000000000000
0000000000000000
0000000000000000
0000000000000000
0000000000000000
0000000000000000
0000000000000000
0000000000000000
0000000000000000
0000000000000000
0000000000000000
0000000000000000
0000000000000000
0000000000000000
0000000000000000
0000000000000000
0000000000000000
0000000000000000
0000000000000000
0000000000000000
0000000000000000
0000000000000000
0000000000000000
0000000000000000
0000000000000000
0000000000000000
0000000000000000
0000000000000000
0000000000000000
0000000000000000
0000000000000000
0000000000000000
0000000000000000
0000000000000000
0000000000000000
0000000000000000
0000000000000000
0000000000000000
0000000000000000
0000000000000000
0000000000000000
0000000000000000
0000000000000000
0000000000000000
0000000000000000
0000000000000000
0000000000000000
0000000000000000
0000000000000000
0000000000000000
0000000000000000
0000000000000000
0000000000000000
0000000000000000
0000000000000000
0000000000000000
0000000000000000
0000000000000000
0000000000000000
0000000000000000
0000000000000000
0000000000000000
0000000000000000
0000000000000000
0000000000000000
0000000000000000
0000000000000000
0000000000000000
0000000000000000
0000000000000000
0000000000000000
0000000000000000
0000000000000000
0000000000000000
0000000000000000
0000000000000000
0000000000000000
0000000000000000
0000000000000000
0000000000000000
0000000000000000
0000000000000000
0000000000000000
0000000000000000
0000000000000000
0000000000000000
0000000000000000
0000000000000000
0000000000000000
0000000000000000
0000000000000000
0000000000000000
0000000000000000
0000000000000000
0000000000000000
0000000000000000
0000000000000000
0000000000000000
0000000000000000
0000000000000000
0000000000000000
0000000000000000
0000000000000000
0000000000000000
0000000000000000
0000000000000000
0000000000000000
0000000000000000
0000000000000000
0000000000000000
0000000000000000
0000000000000000
0000000000000000
0000000000000000
0000000000000000
0000000000000000
0000000000000000
0000000000000000
0000000000000000
0000000000000000
0000000000000000
0000000000000000
0000000000000000
0000000000000000
0000000000000000
0000000000000000
0000000000000000
0000000000000000
0000000000000000
0000000000000000
0000000000000000
0000000000000000
0000000000000000
0000000000000000
0000000000000000
0000000000000000
0000000000000000
0000000000000000
0000000000000000
0000000000000000
0000000000000000
0000000000000000
0000000000000000
0000000000000000
0000000000000000
0000000000000000
0000000000000000
0000000000000000
0000000000000000
0000000000000000
0000000000000000
0000000000000000
0000000000000000
0000000000000000
0000000000000000
0000000000000000
0000000000000000
0000000000000000
0000000000000000
0000000000000000
0000000000000000
0000000000000000
0000000000000000
0000000000000000
0000000000000000
0000000000000000
0000000000000000
0000000000000000
0000000000000000
0000000000000000
0000000000000000
0000000000000000
0000000000000000
0000000000000000
0000000000000000
0000000000000000
0000000000000000
0000000000000000
0000000000000000
0000000000000000
0000000000000000
0000000000000000
0000000000000000
0000000000000000
0000000000000000
0000000000000000
0000000000000000
0000000000000000
0000000000000000
0000000000000000
0000000000000000
0000000000000000
0000000000000000
0000000000000000
0000000000000000
0000000000000000
0000000000000000
0000000000000000
0000000000000000
0000000000000000
0000000000000000
0000000000000000
0000000000000000
0000000000000000
0000000000000000
0000000000000000
0000000000000000
0000000000000000
0000000000000000
0000000000000000
0000000000000000
0000000000000000
0000000000000000
0000000000000000
0000000000000000
0000000000000000
0000000000000000
0000000000000000
0000000000000000
0000000000000000
0000000000000000
0000000000000000
0000000000000000
0000000000000000
0000000000000000
0000000000000000
0000000000000000
0000000000000000
0000000000000000
0000000000000000
0000000000000000
0000000000000000
0000000000000000
0000000000000000
0000000000000000
0000000000000000
0000000000000000
0000000000000000
0000000000000000
0000000000000000
0000000000000000
0000000000000000
0000000000000000
0000000000000000
0000000000000000
0000000000000000
0000000000000000
0000000000000000
0000000000000000
0000000000000000
0000000000000000
0000000000000000
0000000000000000
0000000000000000
0000000000000000
0000000000000000
0000000000000000
0000000000000000
0000000000000000
0000000000000000
0000000000000000
0000000000000000
0000000000000000
0000000000000000
0000000000000000
0000000000000000
0000000000000000
0000000000000000
0000000000000000
0000000000000000
0000000000000000
0000000000000000
0000000000000000
0000000000000000
0000000000000000
0000000000000000
0000000000000000
0000000000000000
0000000000000000
0000000000000000
0000000000000000
0000000000000000
0000000000000000
0000000000000000
0000000000000000
0000000000000000
0000000000000000
0000000000000000
0000000000000000
0000000000000000
0000000000000000
0000000000000000
0000000000000000
0000000000000000
0000000000000000
0000000000000000
0000000000000000
0000000000000000
0000000000000000
0000000000000000
0000000000000000
0000000000000000
0000000000000000
0000000000000000
0000000000000000
0000000000000000
0000000000000000
0000000000000000
0000000000000000
0000000000000000
0000000000000000
0000000000000000
0000000000000000
0000000000000000
0000000000000000
0000000000000000
0000000000000000
0000000000000000
0000000000000000
0000000000000000
0000000000000000
0000000000000000
0000000000000000
0000000000000000
0000000000000000
0000000000000000
0000000000000000
0000000000000000
0000000000000000
0000000000000000
0000000000000000
0000000000000000
0000000000000000
0000000000000000
0000000000000000
0000000000000000
0000000000000000
0000000000000000
0000000000000000
0000000000000000
0000000000000000
0000000000000000
0000000000000000
0000000000000000
0000000000000000
0000000000000000
0000000000000000
0000000000000000
0000000000000000
0000000000000000
0000000000000000
0000000000000000
0000000000000000
0000000000000000
0000000000000000
0000000000000000
0000000000000000
0000000000000000
0000000000000000
0000000000000000
0000000000000000
0000000000000000
0000000000000000
0000000000000000
0000000000000000
0000000000000000
0000000000000000
0000000000000000
0000000000000000
0000000000000000
0000000000000000
0000000000000000
0000000000000000
0000000000000000
0000000000000000
0000000000000000
0000000000000000
0000000000000000
0000000000000000
0000000000000000
0000000000000000
0000000000000000
0000000000000000
0000000000000000
0000000000000000
0000000000000000
0000000000000000
0000000000000000
0000000000000000
0000000000000000
0000000000000000
0000000000000000
0000000000000000
0000000000000000
0000000000000000
0000000000000000
0000000000000000
0000000000000000
0000000000000000
0000000000000000
0000000000000000
0000000000000000
0000000000000000
0000000000000000
0000000000000000
0000000000000000
0000000000000000
0000000000000000
0000000000000000
0000000000000000
0000000000000000
0000000000000000
0000000000000000
0000000000000000
0000000000000000
0000000000000000
0000000000000000
0000000000000000
0000000000000000
0000000000000000
0000000000000000
0000000000000000
0000000000000000
0000000000000000
0000000000000000
0000000000000000
0000000000000000
0000000000000000
0000000000000000
0000000000000000
0000000000000000
0000000000000000
0000000000000000
0000000000000000
0000000000000000
0000000000000000
0000000000000000
0000000000000000
0000000000000000
0000000000000000
0000000000000000
0000000000000000
0000000000000000
0000000000000000
0000000000000000
0000000000000000
0000000000000000
0000000000000000
0000000000000000
0000000000000000
0000000000000000
0000000000000000
0000000000000000
0000000000000000
0000000000000000
0000000000000000
0000000000000000
0000000000000000
0000000000000000
0000000000000000
0000000000000000
0000000000000000
0000000000000000
0000000000000000
0000000000000000
0000000000000000
0000000000000000
0000000000000000
0000000000000000
0000000000000000
0000000000000000
0000000000000000
0000000000000000
0000000000000000
0000000000000000
0000000000000000
0000000000000000
0000000000000000
0000000000000000
0000000000000000
0000000000000000
0000000000000000
0000000000000000
0000000000000000
0000000000000000
0000000000000000
0000000000000000
0000000000000000
0000000000000000
0000000000000000
0000000000000000
0000000000000000
0000000000000000
0000000000000000
0000000000000000
0000000000000000
0000000000000000
0000000000000000
0000000000000000
0000000000000000
0000000000000000
0000000000000000
0000000000000000
0000000000000000
0000000000000000
0000000000000000
0000000000000000
0000000000000000
0000000000000000
0000000000000000
0000000000000000
0000000000000000
0000000000000000
0000000000000000
0000000000000000
0000000000000000
0000000000000000
0000000000000000
0000000000000000
0000000000000000
0000000000000000
0000000000000000
0000000000000000
0000000000000000
0000000000000000
0000000000000000
0000000000000000
0000000000000000
0000000000000000
0000000000000000
0000000000000000
0000000000000000
0000000000000000
0000000000000000
0000000000000000
0000000000000000
0000000000000000
0000000000000000
0000000000000000
0000000000000000
0000000000000000
0000000000000000
0000000000000000
0000000000000000
0000000000000000
0000000000000000
0000000000000000
0000000000000000
0000000000000000
0000000000000000
0000000000000000
0000000000000000
0000000000000000
0000000000000000
0000000000000000
0000000000000000
0000000000000000
0000000000000000
0000000000000000
0000000000000000
0000000000000000
0000000000000000
0000000000000000
0000000000000000
0000000000000000
0000000000000000
0000000000000000
0000000000000000
0000000000000000
0000000000000000
0000000000000000
0000000000000000
0000000000000000
0000000000000000
0000000000000000
0000000000000000
0000000000000000
0000000000000000
0000000000000000
0000000000000000
0000000000000000
0000000000000000
0000000000000000
0000000000000000
0000000000000000
0000000000000000
0000000000000000
0000000000000000
0000000000000000
0000000000000000
0000000000000000
0000000000000000
0000000000000000
0000000000000000
0000000000000000
0000000000000000
0000000000000000
0000000000000000
0000000000000000
0000000000000000
0000000000000000
0000000000000000
0000000000000000
0000000000000000
0000000000000000
0000000000000000
0000000000000000
0000000000000000
0000000000000000
0000000000000000
0000000000000000
0000000000000000
0000000000000000
0000000000000000
0000000000000000
0000000000000000
0000000000000000
0000000000000000
0000000000000000
0000000000000000
0000000000000000
0000000000000000
0000000000000000
0000000000000000
0000000000000000
0000000000000000
0000000000000000
0000000000000000
0000000000000000
0000000000000000
0000000000000000
0000000000000000
0000000000000000
0000000000000000
0000000000000000
0000000000000000
0000000000000000
0000000000000000
0000000000000000
0000000000000000
0000000000000000
0000000000000000
0000000000000000
0000000000000000
0000000000000000
0000000000000000
0000000000000000
0000000000000000
0000000000000000
0000000000000000
0000000000000000
0000000000000000
0000000000000000
0000000000000000
0000000000000000
0000000000000000
0000000000000000
0000000000000000
0000000000000000
0000000000000000
0000000000000000
0000000000000000
0000000000000000
0000000000000000
0000000000000000
0000000000000000
0000000000000000
0000000000000000
0000000000000000
0000000000000000
0000000000000000
0000000000000000
0000000000000000
0000000000000000
0000000000000000
0000000000000000
0000000000000000
0000000000000000
0000000000000000
0000000000000000
0000000000000000
0000000000000000
0000000000000000
0000000000000000
0000000000000000
0000000000000000
0000000000000000
0000000000000000
0000000000000000
0000000000000000
0000000000000000
0000000000000000
0000000000000000
0000000000000000
0000000000000000
0000000000000000
0000000000000000
0000000000000000
0000000000000000
0000000000000000
0000000000000000
0000000000000000
0000000000000000
0000000000000000
0000000000000000
0000000000000000
0000000000000000
0000000000000000
0000000000000000
0000000000000000
0000000000000000
0000000000000000
0000000000000000
0000000000000000
0000000000000000
0000000000000000
0000000000000000
0000000000000000
0000000000000000
0000000000000000
0000000000000000
0000000000000000
0000000000000000
0000000000000000
0000000000000000
0000000000000000
0000000000000000
0000000000000000
0000000000000000
0000000000000000
0000000000000000
0000000000000000
0000000000000000
0000000000000000
0000000000000000
0000000000000000
0000000000000000
0000000000000000
0000000000000000
0000000000000000
0000000000000000
0000000000000000
0000000000000000
0000000000000000
0000000000000000
0000000000000000
0000000000000000
0000000000000000
0000000000000000
0000000000000000
0000000000000000
0000000000000000
0000000000000000
0000000000000000
0000000000000000
0000000000000000
0000000000000000
0000000000000000
0000000000000000
0000000000000000
0000000000000000
0000000000000000
0000000000000000
0000000000000000
0000000000000000
0000000000000000
0000000000000000
0000000000000000
0000000000000000
0000000000000000
0000000000000000
0000000000000000
0000000000000000
0000000000000000
0000000000000000
0000000000000000
0000000000000000
0000000000000000
0000000000000000
0000000000000000
0000000000000000
0000000000000000
0000000000000000
0000000000000000
0000000000000000
0000000000000000
0000000000000000
0000000000000000
0000000000000000
0000000000000000
0000000000000000
0000000000000000
0000000000000000
0000000000000000
0000000000000000
0000000000000000
0000000000000000
0000000000000000
0000000000000000
0000000000000000
0000000000000000
0000000000000000
0000000000000000
0000000000000000
0000000000000000
0000000000000000
0000000000000000
0000000000000000
0000000000000000
0000000000000000
0000000000000000
0000000000000000
0000000000000000
0000000000000000
0000000000000000
0000000000000000
0000000000000000
0000000000000000
0000000000000000
0000000000000000
0000000000000000
0000000000000000
0000000000000000
0000000000000000
0000000000000000
0000000000000000
0000000000000000
0000000000000000
0000000000000000
0000000000000000
0000000000000000
0000000000000000
0000000000000000
0000000000000000
0000000000000000
0000000000000000
0000000000000000
0000000000000000
0000000000000000
0000000000000000
0000000000000000
0000000000000000
0000000000000000
0000000000000000
0000000000000000
0000000000000000
0000000000000000
0000000000000000
0000000000000000
0000000000000000
0000000000000000
0000000000000000
0000000000000000
0000000000000000
0000000000000000
0000000000000000
0000000000000000
0000000000000000
0000000000000000
0000000000000000
0000000000000000
0000000000000000
0000000000000000
0000000000000000
0000000000000000
0000000000000000
0000000000000000
0000000000000000
0000000000000000
0000000000000000
0000000000000000
0000000000000000
0000000000000000
0000000000000000
0000000000000000
0000000000000000
0000000000000000
0000000000000000
0000000000000000
0000000000000000
0000000000000000
0000000000000000
0000000000000000
0000000000000000
0000000000000000
0000000000000000
0000000000000000
0000000000000000
0000000000000000
0000000000000000
0000000000000000
0000000000000000
0000000000000000
0000000000000000
0000000000000000
0000000000000000
0000000000000000
0000000000000000
0000000000000000
0000000000000000
0000000000000000
0000000000000000
0000000000000000
0000000000000000
0000000000000000
0000000000000000
0000000000000000
0000000000000000
0000000000000000
0000000000000000
0000000000000000
0000000000000000
0000000000000000
0000000000000000
0000000000000000
0000000000000000
0000000000000000
0000000000000000
0000000000000000
0000000000000000
0000000000000000
0000000000000000
0000000000000000
0000000000000000
0000000000000000
0000000000000000
0000000000000000
0000000000000000
0000000000000000
0000000000000000
0000000000000000
0000000000000000
0000000000000000
0000000000000000
0000000000000000
0000000000000000
0000000000000000
0000000000000000
0000000000000000
0000000000000000
0000000000000000
0000000000000000
0000000000000000
0000000000000000
0000000000000000
0000000000000000
0000000000000000
0000000000000000
0000000000000000
0000000000000000
0000000000000000
0000000000000000
0000000000000000
0000000000000000
0000000000000000
0000000000000000
0000000000000000
0000000000000000
0000000000000000
0000000000000000
0000000000000000
0000000000000000
0000000000000000
0000000000000000
0000000000000000
0000000000000000
0000000000000000
0000000000000000
0000000000000000
0000000000000000
0000000000000000
0000000000000000
0000000000000144
0000000000000000
0000000000000000
0000000000000000
0000000000000000
0000000000000000
0000000000000000
0000000000000000
0000000000000000
0000000000000000
0000000000000000
0000000000000000
0000000000000000
0000000000000000
0000000000000000
0000000000000000
0000000000000000
0000000000000000
0000000000000000
0000000000000000
0000000000000000
0000000000000000
0000000000000000
0000000000000000
0000000000000000
0000000000000000
0000000000000000
0000000000000000
0000000000000000
0000000000000000
0000000000000000
0000000000000000
0000000000000000
0000000000000000
0000000000000000
0000000000000000
0000000000000000
0000000000000000
0000000000000000
0000000000000000
0000000000000000
0000000000000000
0000000000000000
0000000000000000
0000000000000000
0000000000000000
0000000000000000
0000000000000000
0000000000000000
0000000000000000
0000000000000000
0000000000000000
0000000000000000
0000000000000000
0000000000000000
0000000000000000
0000000000000000
0000000000000000
0000000000000000
0000000000000000
0000000000000000
0000000000000000
0000000000000000
0000000000000000
0000000000000000
0000000000000000
0000000000000000
0000000000000000
0000000000000000
0000000000000000
0000000000000000
0000000000000000
0000000000000000
0000000000000000
0000000000000000
0000000000000000
0000000000000000
0000000000000000
0000000000000000
0000000000000000
0000000000000000
0000000000000000
0000000000000000
0000000000000000
0000000000000000
0000000000000000
0000000000000000
0000000000000000
0000000000000000
0000000000000000
0000000000000000
0000000000000000
0000000000000000
0000000000000000
0000000000000000
0000000000000000
0000000000000000
0000000000000000
0000000000000000
0000000000000000
0000000000000000
0000000000000000
0000000000000000
0000000000000000
0000000000000000
0000000000000000
0000000000000000
0000000000000000
0000000000000000
0000000000000000
0000000000000000
0000000000000000
0000000000000000
0000000000000000
0000000000000000
0000000000000000
0000000000000000
0000000000000000
0000000000000000
0000000000000000
0000000000000000
0000000000000000
0000000000000000
0000000000000000
0000000000000000
0000000000000000
0000000000000000
0000000000000000
0000000000000000
0000000000000000
0000000000000000
0000000000000000
0000000000000000
0000000000000000
0000000000000000
0000000000000000
0000000000000000
0000000000000000
0000000000000000
0000000000000000
0000000000000000
0000000000000000
0000000000000000
0000000000000000
0000000000000000
0000000000000000
0000000000000000
0000000000000000
0000000000000000
0000000000000000
0000000000000000
0000000000000000
0000000000000000
0000000000000000
0000000000000000
0000000000000000
0000000000000000
0000000000000000
0000000000000000
0000000000000000
0000000000000000
0000000000000000
0000000000000000
0000000000000000
0000000000000000
0000000000000000
0000000000000000
0000000000000000
0000000000000000
0000000000000000
0000000000000000
0000000000000000
0000000000000000
0000000000000000
0000000000000000
0000000000000000
0000000000000000
0000000000000000
0000000000000000
0000000000000000
0000000000000000
0000000000000000
0000000000000000
0000000000000000
0000000000000000
0000000000000000
0000000000000000
0000000000000000
0000000000000000
0000000000000000
0000000000000000
0000000000000000
0000000000000000
0000000000000000
0000000000000000
0000000000000000
0000000000000000
0000000000000000
0000000000000000
0000000000000000
0000000000000000
0000000000000000
0000000000000000
0000000000000000
0000000000000000
0000000000000000
0000000000000000
0000000000000000
0000000000000000
0000000000000000
0000000000000000
0000000000000000
0000000000000000
0000000000000000
0000000000000000
0000000000000000
0000000000000000
0000000000000000
0000000000000000
0000000000000000
0000000000000000
0000000000000000
0000000000000000
0000000000000000
0000000000000000
0000000000000000
0000000000000000
0000000000000000
0000000000000000
0000000000000000
0000000000000000
0000000000000000
0000000000000000
0000000000000000
0000000000000000
0000000000000000
0000000000000000
0000000000000000
0000000000000000
0000000000000000
0000000000000000
0000000000000000
0000000000000000
0000000000000000
0000000000000000
0000000000000000
0000000000000000
0000000000000000
0000000000000000
0000000000000000
0000000000000000
0000000000000000
0000000000000000
0000000000000000
0000000000000000
0000000000000000
0000000000000000
0000000000000000
0000000000000000
0000000000000000
0000000000000000
0000000000000000
0000000000000000
0000000000000000
0000000000000000
0000000000000000
0000000000000000
0000000000000000
0000000000000000
0000000000000000
0000000000000000
0000000000000000
0000000000000000
0000000000000000
0000000000000000
0000000000000000
0000000000000000
0000000000000000
0000000000000000
0000000000000000
0000000000000000
0000000000000000
0000000000000000
0000000000000000
0000000000000000
0000000000000000
0000000000000000
0000000000000000
0000000000000000
0000000000000000
0000000000000000
0000000000000000
0000000000000000
0000000000000000
0000000000000000
0000000000000000
0000000000000000
0000000000000000
0000000000000000
0000000000000000
0000000000000000
0000000000000000
0000000000000000
0000000000000000
0000000000000000
0000000000000000
0000000000000000
0000000000000000
0000000000000000
0000000000000000
0000000000000000
0000000000000000
0000000000000000
0000000000000000
0000000000000000
0000000000000000
0000000000000000
0000000000000000
0000000000000000
0000000000000000
0000000000000000
0000000000000000
0000000000000000
0000000000000000
0000000000000000
0000000000000000
0000000000000000
0000000000000000
0000000000000000
0000000000000000
0000000000000000
0000000000000000
0000000000000000
0000000000000000
0000000000000000
0000000000000000
0000000000000000
0000000000000000
0000000000000000
0000000000000000
0000000000000000
0000000000000000
0000000000000000
0000000000000000
0000000000000000
0000000000000000
0000000000000000
0000000000000000
0000000000000000
0000000000000000
0000000000000000
0000000000000000
0000000000000000
0000000000000000
0000000000000000
0000000000000000
0000000000000000
0000000000000000
0000000000000000
0000000000000000
0000000000000000
0000000000000000
0000000000000000
0000000000000000
0000000000000000
0000000000000000
0000000000000000
0000000000000000
0000000000000000
0000000000000000
0000000000000000
0000000000000000
0000000000000000
0000000000000000
0000000000000000
0000000000000000
0000000000000000
0000000000000000
0000000000000000
0000000000000000
0000000000000000
0000000000000000
0000000000000000
0000000000000000
0000000000000000
0000000000000000
0000000000000000
0000000000000000
0000000000000000
0000000000000000
0000000000000000
0000000000000000
0000000000000000
0000000000000000
0000000000000000
0000000000000000
0000000000000000
0000000000000000
0000000000000000
0000000000000000
0000000000000000
0000000000000000
0000000000000000
0000000000000000
0000000000000000
0000000000000000
0000000000000000
0000000000000000
0000000000000000
0000000000000000
0000000000000000
0000000000000000
0000000000000000
0000000000000000
0000000000000000
0000000000000000
0000000000000000
0000000000000000
0000000000000000
0000000000000000
0000000000000000
0000000000000000
0000000000000000
0000000000000000
0000000000000000
0000000000000000
0000000000000000
0000000000000000
0000000000000000
0000000000000000
0000000000000000
0000000000000000
0000000000000000
0000000000000000
0000000000000000
0000000000000000
0000000000000000
0000000000000000
0000000000000000
0000000000000000
0000000000000000
0000000000000000
0000000000000000
0000000000000000
0000000000000000
0000000000000000
0000000000000000
0000000000000000
0000000000000000
0000000000000000
0000000000000000
0000000000000000
0000000000000000
0000000000000000
0000000000000000
0000000000000000
0000000000000000
0000000000000000
0000000000000000
0000000000000000
0000000000000000
0000000000000000
0000000000000000
0000000000000000
0000000000000000
0000000000000000
0000000000000000
0000000000000000
0000000000000000
0000000000000000
0000000000000000
0000000000000000
0000000000000000
0000000000000000
0000000000000000
0000000000000000
0000000000000000
0000000000000000
0000000000000000
0000000000000000
0000000000000000
0000000000000000
0000000000000000
0000000000000000
0000000000000000
0000000000000000
0000000000000000
0000000000000000
0000000000000000
0000000000000000
0000000000000000
0000000000000000
0000000000000000
0000000000000000
0000000000000000
0000000000000000
0000000000000000
0000000000000000
0000000000000000
0000000000000000
0000000000000000
0000000000000000
0000000000000000
0000000000000000
0000000000000000
0000000000000000
0000000000000000
0000000000000000
0000000000000000
0000000000000000
0000000000000000
0000000000000000
0000000000000000
0000000000000000
0000000000000000
0000000000000000
0000000000000000
0000000000000000
0000000000000000
0000000000000000
0000000000000000
0000000000000000
0000000000000000
0000000000000000
0000000000000000
0000000000000000
0000000000000000
0000000000000000
0000000000000000
0000000000000000
0000000000000000
0000000000000000
0000000000000000
0000000000000000
0000000000000000
0000000000000000
0000000000000000
0000000000000000
0000000000000000
0000000000000000
0000000000000000
0000000000000000
0000000000000000
0000000000000000
0000000000000000
0000000000000000
0000000000000000
0000000000000000
0000000000000000
0000000000000000
0000000000000000
0000000000000000
0000000000000000
0000000000000000
0000000000000000
0000000000000000
0000000000000000
0000000000000000
0000000000000000
0000000000000000
0000000000000000
0000000000000000
0000000000000000
0000000000000000
0000000000000000
0000000000000000
0000000000000000
0000000000000000
0000000000000000
0000000000000000
0000000000000000
0000000000000000
0000000000000000
0000000000000000
0000000000000000
0000000000000000
0000000000000000
0000000000000000
0000000000000000
0000000000000000
0000000000000000
0000000000000000
0000000000000000
0000000000000000
0000000000000000
0000000000000000
0000000000000000
0000000000000000
0000000000000000
0000000000000000
0000000000000000
0000000000000000
0000000000000000
0000000000000000
0000000000000000
0000000000000000
0000000000000000
0000000000000000
0000000000000000
0000000000000000
0000000000000000
0000000000000000
0000000000000000
0000000000000000
0000000000000000
0000000000000000
0000000000000000
0000000000000000
0000000000000000
0000000000000000
0000000000000000
0000000000000000
0000000000000000
0000000000000000
0000000000000000
0000000000000000
0000000000000000
0000000000000000
0000000000000000
0000000000000000
0000000000000000
0000000000000000
0000000000000000
0000000000000000
0000000000000000
0000000000000000
0000000000000000
0000000000000000
0000000000000000
0000000000000000
0000000000000000
0000000000000000
0000000000000000
0000000000000000
0000000000000000
0000000000000000
0000000000000000
0000000000000000
0000000000000000
0000000000000000
0000000000000000
0000000000000000
0000000000000000
0000000000000000
0000000000000000
0000000000000000
0000000000000000
0000000000000000
0000000000000000
0000000000000000
0000000000000000
0000000000000000
0000000000000000
0000000000000000
0000000000000000
0000000000000000
0000000000000000
0000000000000000
0000000000000000
0000000000000000
0000000000000000
0000000000000000
0000000000000000
0000000000000000
0000000000000000
0000000000000000
0000000000000000
0000000000000000
0000000000000000
0000000000000000
0000000000000000
0000000000000000
0000000000000000
0000000000000000
0000000000000000
0000000000000000
0000000000000000
0000000000000000
0000000000000000
0000000000000000
0000000000000000
0000000000000000
0000000000000000
0000000000000000
0000000000000000
0000000000000000
0000000000000000
0000000000000000
0000000000000000
0000000000000000
0000000000000000
0000000000000000
0000000000000000
0000000000000000
0000000000000000
0000000000000000
0000000000000000
0000000000000000
0000000000000000
0000000000000000
0000000000000000
0000000000000000
0000000000000000
0000000000000000
0000000000000000
0000000000000000
0000000000000000
0000000000000000
0000000000000000
0000000000000000
0000000000000000
0000000000000000
0000000000000000
0000000000000000
0000000000000000
0000000000000000
0000000000000000
0000000000000000
0000000000000000
0000000000000000
0000000000000000
0000000000000000
0000000000000000
0000000000000000
0000000000000000
0000000000000000
0000000000000000
0000000000000000
0000000000000000
0000000000000000
0000000000000000
0000000000000000
0000000000000000
0000000000000000
0000000000000000
0000000000000000
0000000000000000
0000000000000000
0000000000000000
0000000000000000
0000000000000000
0000000000000000
0000000000000000
0000000000000000
0000000000000000
0000000000000000
0000000000000000
0000000000000000
0000000000000000
0000000000000000
0000000000000000
0000000000000000
0000000000000000
0000000000000000
0000000000000000
0000000000000000
0000000000000000
0000000000000000
0000000000000000
0000000000000000
0000000000000000
0000000000000000
0000000000000000
0000000000000000
0000000000000000
0000000000000000
0000000000000000
0000000000000000
0000000000000000
0000000000000000
0000000000000000
0000000000000000
0000000000000000
0000000000000000
0000000000000000
0000000000000000
0000000000000000
0000000000000000
0000000000000000
0000000000000000
0000000000000000
0000000000000000
0000000000000000
0000000000000000
0000000000000000
0000000000000000
0000000000000000
0000000000000000
0000000000000000
0000000000000000
0000000000000000
0000000000000000
0000000000000000
0000000000000000
0000000000000000
0000000000000000
0000000000000000
0000000000000000
0000000000000000
0000000000000000
0000000000000000
0000000000000000
0000000000000000
0000000000000000
0000000000000000
0000000000000000
0000000000000000
0000000000000000
0000000000000000
0000000000000000
0000000000000000
0000000000000000
0000000000000000
0000000000000000
0000000000000000
0000000000000000
0000000000000000
0000000000000000
0000000000000000
0000000000000000
0000000000000000
0000000000000000
0000000000000000
0000000000000000
0000000000000000
0000000000000000
0000000000000000
0000000000000000
0000000000000000
0000000000000000
0000000000000000
0000000000000000
0000000000000000
0000000000000000
0000000000000000
0000000000000000
0000000000000000
0000000000000000
0000000000000000
0000000000000000
0000000000000000
0000000000000000
0000000000000000
0000000000000000
0000000000000000
0000000000000000
0000000000000000
0000000000000000
0000000000000000
0000000000000000
0000000000000000
0000000000000000
0000000000000000
0000000000000000
0000000000000000
0000000000000000
0000000000000000
0000000000000000
0000000000000000
0000000000000000
0000000000000000
0000000000000000
0000000000000000
0000000000000000
0000000000000000
0000000000000000
0000000000000000
0000000000000000
0000000000000000
0000000000000000
0000000000000000
0000000000000000
0000000000000000
0000000000000000
0000000000000000
0000000000000000
0000000000000000
0000000000000000
0000000000000000
0000000000000000
0000000000000000
0000000000000000
0000000000000000
0000000000000000
0000000000000000
0000000000000000
0000000000000000
0000000000000000
0000000000000000
0000000000000000
0000000000000000
0000000000000000
0000000000000000
0000000000000000
0000000000000000
0000000000000000
0000000000000000
0000000000000000
0000000000000000
0000000000000000
0000000000000000
0000000000000000
0000000000000000
0000000000000000
0000000000000000
0000000000000000
0000000000000000
0000000000000000
0000000000000000
0000000000000000
0000000000000000
0000000000000000
0000000000000000
0000000000000000
0000000000000000
0000000000000000
0000000000000000
0000000000000000
0000000000000000
0000000000000000
0000000000000000
0000000000000000
0000000000000000
0000000000000000
0000000000000000
0000000000000000
0000000000000000
0000000000000000
0000000000000000
0000000000000000
0000000000000000
0000000000000000
0000000000000000
0000000000000000
0000000000000000
0000000000000000
0000000000000000
0000000000000000
0000000000000000
0000000000000000
0000000000000000
0000000000000000
0000000000000000
0000000000000000
0000000000000000
0000000000000000
0000000000000000
0000000000000000
0000000000000000
0000000000000000
0000000000000000
0000000000000000
0000000000000000
0000000000000000
0000000000000000
0000000000000000
0000000000000000
0000000000000000
0000000000000000
0000000000000000
0000000000000000
0000000000000000
0000000000000000
0000000000000000
0000000000000000
0000000000000000
0000000000000000
0000000000000000
0000000000000000
0000000000000000
0000000000000000
0000000000000000
0000000000000000
0000000000000000
0000000000000000
0000000000000000
0000000000000000
0000000000000000
0000000000000000
0000000000000000
0000000000000000
0000000000000000
0000000000000000
0000000000000000
0000000000000000
0000000000000000
0000000000000000
0000000000000000
0000000000000000
0000000000000000
0000000000000000
0000000000000000
0000000000000000
0000000000000000
0000000000000000
0000000000000000
0000000000000000
0000000000000000
0000000000000000
0000000000000000
0000000000000000
0000000000000000
0000000000000000
0000000000000000
0000000000000000
0000000000000000
0000000000000000
0000000000000000
0000000000000000
0000000000000000
0000000000000000
0000000000000000
0000000000000000
0000000000000000
0000000000000000
0000000000000000
0000000000000000
0000000000000000
0000000000000000
0000000000000000
0000000000000000
0000000000000000
0000000000000000
0000000000000000
000000000000023c
0000000000000000
0000000000000000
0000000000000000
0000000000000000
0000000000000000
0000000000000000
0000000000000000
0000000000000000
0000000000000000
0000000000000000
0000000000000000
0000000000000000
0000000000000000
0000000000000000
0000000000000000
0000000000000000
0000000000000000
0000000000000000
0000000000000000
0000000000000000
0000000000000000
0000000000000000
0000000000000000
0000000000000000
0000000000000000
0000000000000000
0000000000000000
0000000000000000
0000000000000000
0000000000000000
0000000000000000
0000000000000000
0000000000000000
0000000000000000
0000000000000000
0000000000000000
0000000000000000
0000000000000000
0000000000000000
0000000000000000
0000000000000000
0000000000000000
0000000000000000
0000000000000000
0000000000000000
0000000000000000
0000000000000000
0000000000000000
0000000000000000
0000000000000000
0000000000000000
0000000000000000
0000000000000000
0000000000000000
0000000000000000
0000000000000000
0000000000000000
0000000000000000
0000000000000000
0000000000000000
0000000000000000
0000000000000000
0000000000000000
0000000000000000
0000000000000000
0000000000000000
0000000000000000
0000000000000000
0000000000000000
0000000000000000
0000000000000000
0000000000000000
0000000000000000
0000000000000000
0000000000000000
0000000000000000
0000000000000000
0000000000000000
0000000000000000
0000000000000000
0000000000000000
0000000000000000
0000000000000000
0000000000000000
0000000000000000
0000000000000000
0000000000000000
0000000000000000
0000000000000000
0000000000000000
0000000000000000
0000000000000000
0000000000000000
0000000000000000
0000000000000000
0000000000000000
0000000000000000
0000000000000000
0000000000000000
0000000000000000
0000000000000000
0000000000000000
0000000000000000
0000000000000000
0000000000000000
0000000000000000
0000000000000000
0000000000000000
0000000000000000
0000000000000000
0000000000000000
0000000000000000
0000000000000000
0000000000000000
0000000000000000
0000000000000000
0000000000000000
0000000000000000
0000000000000000
0000000000000000
0000000000000000
0000000000000000
0000000000000000
0000000000000000
0000000000000000
0000000000000000
0000000000000000
0000000000000000
0000000000000000
0000000000000000
0000000000000000
0000000000000000
0000000000000000
0000000000000000
0000000000000000
0000000000000000
0000000000000000
0000000000000000
0000000000000000
0000000000000000
0000000000000000
0000000000000000
0000000000000000
0000000000000000
0000000000000000
0000000000000000
0000000000000000
0000000000000000
0000000000000000
0000000000000000
0000000000000000
0000000000000000
0000000000000000
0000000000000000
0000000000000000
0000000000000000
0000000000000000
0000000000000000
0000000000000000
0000000000000000
0000000000000000
0000000000000000
0000000000000000
0000000000000000
0000000000000000
0000000000000000
0000000000000000
0000000000000000
0000000000000000
0000000000000000
0000000000000000
0000000000000000
0000000000000000
0000000000000000
0000000000000000
0000000000000000
0000000000000000
0000000000000000
0000000000000000
0000000000000000
0000000000000000
0000000000000000
0000000000000000
0000000000000000
0000000000000000
0000000000000000
0000000000000000
0000000000000000
0000000000000000
0000000000000000
0000000000000000
0000000000000000
0000000000000000
0000000000000000
0000000000000000
0000000000000000
0000000000000000
0000000000000000
0000000000000000
0000000000000000
0000000000000000
0000000000000000
0000000000000000
0000000000000000
0000000000000000
0000000000000000
0000000000000000
0000000000000000
0000000000000000
0000000000000000
0000000000000000
0000000000000000
0000000000000000
0000000000000000
0000000000000000
0000000000000000
0000000000000000
0000000000000000
0000000000000000
0000000000000000
0000000000000000
0000000000000000
0000000000000000
0000000000000000
0000000000000000
0000000000000000
0000000000000000
0000000000000000
0000000000000000
0000000000000000
0000000000000000
0000000000000000
0000000000000000
0000000000000000
0000000000000000
0000000000000000
0000000000000000
0000000000000000
0000000000000000
0000000000000000
0000000000000000
0000000000000000
0000000000000000
0000000000000000
0000000000000000
0000000000000000
0000000000000000
0000000000000000
0000000000000000
0000000000000000
0000000000000000
0000000000000000
0000000000000000
0000000000000000
0000000000000000
0000000000000000
0000000000000000
0000000000000000
0000000000000000
0000000000000000
0000000000000000
0000000000000000
0000000000000000
0000000000000000
0000000000000000
0000000000000000
0000000000000000
0000000000000000
0000000000000000
0000000000000000
0000000000000000
0000000000000000
0000000000000000
0000000000000000
0000000000000000
0000000000000000
0000000000000000
0000000000000000
0000000000000000
0000000000000000
0000000000000000
0000000000000000
0000000000000000
0000000000000000
0000000000000000
0000000000000000
0000000000000000
0000000000000000
0000000000000000
0000000000000000
0000000000000000
0000000000000000
0000000000000000
0000000000000000
0000000000000000
0000000000000000
0000000000000000
0000000000000000
0000000000000000
0000000000000000
0000000000000000
0000000000000000
0000000000000000
0000000000000000
0000000000000000
0000000000000000
0000000000000000
0000000000000000
0000000000000000
0000000000000000
0000000000000000
0000000000000000
0000000000000000
0000000000000000
0000000000000000
0000000000000000
0000000000000000
0000000000000000
0000000000000000
0000000000000000
0000000000000000
0000000000000000
0000000000000000
0000000000000000
0000000000000000
0000000000000000
0000000000000000
0000000000000000
0000000000000000
0000000000000000
0000000000000000
0000000000000000
0000000000000000
0000000000000000
0000000000000000
0000000000000000
0000000000000000
0000000000000000
0000000000000000
0000000000000000
0000000000000000
0000000000000000
0000000000000000
0000000000000000
0000000000000000
0000000000000000
0000000000000000
0000000000000000
0000000000000000
0000000000000000
0000000000000000
0000000000000000
0000000000000000
0000000000000000
0000000000000000
0000000000000000
0000000000000000
0000000000000000
0000000000000000
0000000000000000
0000000000000000
0000000000000000
0000000000000000
0000000000000000
0000000000000000
0000000000000000
0000000000000000
0000000000000000
0000000000000000
0000000000000000
0000000000000000
0000000000000000
0000000000000000
0000000000000000
0000000000000000
0000000000000000
0000000000000000
0000000000000000
0000000000000000
0000000000000000
0000000000000000
0000000000000000
0000000000000000
0000000000000000
0000000000000000
0000000000000000
0000000000000000
0000000000000000
0000000000000000
0000000000000000
0000000000000000
0000000000000000
0000000000000000
0000000000000000
0000000000000000
0000000000000000
0000000000000000
0000000000000000
0000000000000000
0000000000000000
0000000000000000
0000000000000000
0000000000000000
0000000000000000
0000000000000000
0000000000000000
0000000000000000
0000000000000000
0000000000000000
0000000000000000
0000000000000000
0000000000000000
0000000000000000
0000000000000000
0000000000000000
0000000000000000
0000000000000000
0000000000000000
0000000000000000
0000000000000000
0000000000000000
0000000000000000
0000000000000000
0000000000000000
0000000000000000
0000000000000000
0000000000000000
0000000000000000
0000000000000000
0000000000000000
0000000000000000
0000000000000000
0000000000000000
0000000000000000
0000000000000000
0000000000000000
0000000000000000
0000000000000000
0000000000000000
0000000000000000
0000000000000000
0000000000000000
0000000000000000
0000000000000000
0000000000000000
0000000000000000
0000000000000000
0000000000000000
0000000000000000
0000000000000000
0000000000000000
0000000000000000
0000000000000000
0000000000000000
0000000000000000
0000000000000000
0000000000000000
0000000000000000
0000000000000000
0000000000000000
0000000000000000
0000000000000000
0000000000000000
0000000000000000
0000000000000000
0000000000000000
0000000000000000
0000000000000000
0000000000000000
0000000000000000
0000000000000000
0000000000000000
0000000000000000
0000000000000000
0000000000000000
0000000000000000
0000000000000000
0000000000000000
0000000000000000
0000000000000000
0000000000000000
0000000000000000
0000000000000000
0000000000000000
0000000000000000
0000000000000000
0000000000000000
0000000000000000
0000000000000000
0000000000000000
0000000000000000
0000000000000000
0000000000000000
0000000000000000
0000000000000000
0000000000000000
0000000000000000
0000000000000000
0000000000000000
0000000000000000
0000000000000000
0000000000000000
0000000000000000
0000000000000000
0000000000000000
0000000000000000
0000000000000000
0000000000000000
0000000000000000
0000000000000000
0000000000000000
0000000000000000
0000000000000000
0000000000000000
0000000000000000
0000000000000000
0000000000000000
0000000000000000
0000000000000000
0000000000000000
0000000000000000
0000000000000000
0000000000000000
0000000000000000
0000000000000000
0000000000000000
0000000000000000
0000000000000000
0000000000000000
0000000000000000
0000000000000000
0000000000000000
0000000000000000
0000000000000000
0000000000000000
0000000000000000
0000000000000000
0000000000000000
0000000000000000
0000000000000000
0000000000000000
0000000000000000
0000000000000000
0000000000000000
0000000000000000
0000000000000000
0000000000000000
0000000000000000
0000000000000000
0000000000000000
0000000000000000
0000000000000000
0000000000000000
0000000000000000
0000000000000000
0000000000000000
0000000000000000
0000000000000000
0000000000000000
0000000000000000
0000000000000000
0000000000000000
0000000000000000
0000000000000000
0000000000000000
0000000000000000
0000000000000000
0000000000000000
0000000000000000
0000000000000000
0000000000000000
0000000000000000
0000000000000000
0000000000000000
0000000000000000
0000000000000000
0000000000000000
0000000000000000
0000000000000000
0000000000000000
0000000000000000
0000000000000000
0000000000000000
0000000000000000
0000000000000000
0000000000000000
0000000000000000
0000000000000000
0000000000000000
0000000000000000
0000000000000000
0000000000000000
0000000000000000
0000000000000000
0000000000000000
0000000000000000
0000000000000000
0000000000000000
0000000000000000
0000000000000000
0000000000000000
0000000000000000
0000000000000000
0000000000000000
0000000000000000
0000000000000000
0000000000000000
0000000000000000
0000000000000000
0000000000000000
0000000000000000
0000000000000000
0000000000000000
0000000000000000
0000000000000000
0000000000000000
0000000000000000
0000000000000000
0000000000000000
0000000000000000
0000000000000000
0000000000000000
0000000000000000
0000000000000000
0000000000000000
0000000000000000
0000000000000000
0000000000000000
0000000000000000
0000000000000000
0000000000000000
0000000000000000
0000000000000000
0000000000000000
0000000000000000
0000000000000000
0000000000000000
0000000000000000
0000000000000000
0000000000000000
0000000000000000
0000000000000000
0000000000000000
0000000000000000
0000000000000000
0000000000000000
0000000000000000
0000000000000000
0000000000000000
0000000000000000
0000000000000000
0000000000000000
0000000000000000
0000000000000000
0000000000000000
0000000000000000
0000000000000000
0000000000000000
0000000000000000
0000000000000000
0000000000000000
0000000000000000
0000000000000000
0000000000000000
0000000000000000
0000000000000000
0000000000000000
0000000000000000
0000000000000000
0000000000000000
0000000000000000
0000000000000000
0000000000000000
0000000000000000
0000000000000000
0000000000000000
0000000000000000
0000000000000000
0000000000000000
0000000000000000
0000000000000000
0000000000000000
0000000000000000
0000000000000000
0000000000000000
0000000000000000
0000000000000000
0000000000000000
0000000000000000
0000000000000000
0000000000000000
0000000000000000
0000000000000000
0000000000000000
0000000000000000
0000000000000000
0000000000000000
0000000000000000
0000000000000000
0000000000000000
0000000000000000
0000000000000000
0000000000000000
0000000000000000
0000000000000000
0000000000000000
0000000000000000
0000000000000000
0000000000000000
0000000000000000
0000000000000000
0000000000000000
0000000000000000
0000000000000000
0000000000000000
0000000000000000
0000000000000000
0000000000000000
0000000000000000
0000000000000000
0000000000000000
0000000000000000
0000000000000000
0000000000000000
0000000000000000
0000000000000000
0000000000000000
0000000000000000
0000000000000000
0000000000000000
0000000000000000
0000000000000000
0000000000000000
0000000000000000
0000000000000000
0000000000000000
0000000000000000
0000000000000000
0000000000000000
0000000000000000
0000000000000000
0000000000000000
0000000000000000
0000000000000000
0000000000000000
0000000000000000
0000000000000000
0000000000000000
0000000000000000
0000000000000000
0000000000000000
0000000000000000
0000000000000000
0000000000000000
0000000000000000
0000000000000000
0000000000000000
0000000000000000
0000000000000000
0000000000000000
0000000000000000
0000000000000000
0000000000000000
0000000000000000
0000000000000000
0000000000000000
0000000000000000
0000000000000000
0000000000000000
0000000000000000
0000000000000000
0000000000000000
0000000000000000
0000000000000000
0000000000000000
0000000000000000
0000000000000000
0000000000000000
0000000000000000
0000000000000000
0000000000000000
0000000000000000
0000000000000000
0000000000000000
0000000000000000
0000000000000000
0000000000000000
0000000000000000
0000000000000000
0000000000000000
0000000000000000
0000000000000000
0000000000000000
0000000000000000
0000000000000000
0000000000000000
0000000000000000
0000000000000000
0000000000000000
0000000000000000
0000000000000000
0000000000000000
0000000000000000
0000000000000000
0000000000000000
0000000000000000
0000000000000000
0000000000000000
0000000000000000
0000000000000000
0000000000000000
0000000000000000
0000000000000000
0000000000000000
0000000000000000
0000000000000000
0000000000000000
0000000000000000
0000000000000000
0000000000000000
0000000000000000
0000000000000000
0000000000000000
0000000000000000
0000000000000000
0000000000000000
0000000000000000
0000000000000000
0000000000000000
0000000000000000
0000000000000000
0000000000000000
0000000000000000
0000000000000000
0000000000000000
0000000000000000
0000000000000000
0000000000000000
0000000000000000
0000000000000000
0000000000000000
0000000000000000
0000000000000000
0000000000000000
0000000000000000
0000000000000000
0000000000000000
0000000000000000
0000000000000000
0000000000000000
0000000000000000
0000000000000000
0000000000000000
0000000000000000
0000000000000000
0000000000000000
0000000000000000
0000000000000000
0000000000000000
0000000000000000
0000000000000000
0000000000000000
0000000000000000
0000000000000000
0000000000000000
0000000000000000
0000000000000000
0000000000000000
0000000000000000
0000000000000000
0000000000000000
0000000000000000
0000000000000000
0000000000000000
0000000000000000
0000000000000000
0000000000000000
0000000000000000
0000000000000000
0000000000000000
0000000000000000
0000000000000000
0000000000000000
0000000000000000
0000000000000000
0000000000000000
0000000000000000
0000000000000000
0000000000000000
0000000000000000
0000000000000000
0000000000000000
0000000000000000
0000000000000000
0000000000000000
0000000000000000
0000000000000000
0000000000000000
0000000000000000
0000000000000000
0000000000000000
0000000000000000
0000000000000000
0000000000000000
0000000000000000
0000000000000000
0000000000000000
0000000000000000
0000000000000000
0000000000000000
0000000000000000
0000000000000000
0000000000000000
0000000000000000
0000000000000000
0000000000000000
0000000000000000
0000000000000000
0000000000000000
0000000000000000
0000000000000000
0000000000000000
0000000000000000
0000000000000000
0000000000000000
0000000000000000
0000000000000000
0000000000000000
0000000000000000
0000000000000000
0000000000000000
0000000000000000
0000000000000000
0000000000000000
0000000000000000
0000000000000000
0000000000000000
0000000000000000
0000000000000000
0000000000000000
0000000000000000
0000000000000000
0000000000000000
0000000000000000
0000000000000000
0000000000000000
0000000000000000
0000000000000000
0000000000000000
0000000000000000
0000000000000000
0000000000000000
0000000000000000
0000000000000000
0000000000000000
0000000000000000
0000000000000000
0000000000000000
0000000000000000
0000000000000000
0000000000000000
0000000000000000
0000000000000000
0000000000000000
0000000000000000
0000000000000000
0000000000000000
0000000000000000
0000000000000000
0000000000000000
0000000000000000
0000000000000000
0000000000000000
0000000000000000
0000000000000000
0000000000000000
0000000000000000
0000000000000000
0000000000000000
0000000000000000
0000000000000000
0000000000000000
0000000000000000
0000000000000000
0000000000000000
0000000000000000
0000000000000000
0000000000000000
0000000000000000
0000000000000000
0000000000000000
0000000000000000
0000000000000000
0000000000000000
0000000000000000
0000000000000000
0000000000000000
0000000000000000
0000000000000000
0000000000000000
0000000000000000
0000000000000000
0000000000000000
0000000000000000
0000000000000000
0000000000000000
0000000000000000
0000000000000000
0000000000000000
0000000000000000
0000000000000000
0000000000000000
0000000000000000
0000000000000000
0000000000000000
0000000000000000
0000000000000000
0000000000000000
0000000000000000
0000000000000000
0000000000000000
0000000000000000
0000000000000000
00000000fffffd1c
0000000000000000
0000000000000000
0000000000000000
0000000000000000
0000000000000000
0000000000000000
0000000000000000
0000000000000000
0000000000000000
0000000000000000
0000000000000000
0000000000000000
0000000000000000
0000000000000000
0000000000000000
0000000000000000
0000000000000000
0000000000000000
0000000000000000
0000000000000000
0000000000000000
0000000000000000
0000000000000000
0000000000000000
0000000000000000
0000000000000000
0000000000000000
0000000000000000
0000000000000000
0000000000000000
0000000000000000
0000000000000000
0000000000000000
0000000000000000
0000000000000000
0000000000000000
0000000000000000
0000000000000000
0000000000000000
0000000000000000
0000000000000000
0000000000000000
0000000000000000
0000000000000000
0000000000000000
0000000000000000
0000000000000000
0000000000000000
0000000000000000
0000000000000000
0000000000000000
0000000000000000
0000000000000000
0000000000000000
0000000000000000
0000000000000000
0000000000000000
0000000000000000
0000000000000000
0000000000000000
0000000000000000
0000000000000000
0000000000000000
0000000000000000
0000000000000000
0000000000000000
0000000000000000
0000000000000000
0000000000000000
0000000000000000
0000000000000000
0000000000000000
0000000000000000
0000000000000000
0000000000000000
0000000000000000
0000000000000000
0000000000000000
0000000000000000
0000000000000000
0000000000000000
0000000000000000
0000000000000000
0000000000000000
0000000000000000
0000000000000000
0000000000000000
0000000000000000
0000000000000000
0000000000000000
0000000000000000
0000000000000000
0000000000000000
0000000000000000
0000000000000000
0000000000000000
0000000000000000
0000000000000000
0000000000000000
0000000000000000
0000000000000000
0000000000000000
0000000000000000
0000000000000000
0000000000000000
0000000000000000
0000000000000000
0000000000000000
0000000000000000
0000000000000000
0000000000000000
0000000000000000
0000000000000000
0000000000000000
0000000000000000
0000000000000000
0000000000000000
0000000000000000
0000000000000000
0000000000000000
0000000000000000
0000000000000000
0000000000000000
0000000000000000
0000000000000000
0000000000000000
0000000000000000
0000000000000000
0000000000000000
0000000000000000
0000000000000000
0000000000000000
0000000000000000
0000000000000000
0000000000000000
0000000000000000
0000000000000000
0000000000000000
0000000000000000
0000000000000000
0000000000000000
0000000000000000
0000000000000000
0000000000000000
0000000000000000
0000000000000000
0000000000000000
0000000000000000
0000000000000000
0000000000000000
0000000000000000
0000000000000000
0000000000000000
0000000000000000
0000000000000000
0000000000000000
0000000000000000
0000000000000000
0000000000000000
0000000000000000
0000000000000000
0000000000000000
0000000000000000
0000000000000000
0000000000000000
0000000000000000
0000000000000000
0000000000000000
0000000000000000
0000000000000000
0000000000000000
0000000000000000
0000000000000000
0000000000000000
0000000000000000
0000000000000000
0000000000000000
0000000000000000
0000000000000000
0000000000000000
0000000000000000
0000000000000000
0000000000000000
0000000000000000
0000000000000000
0000000000000000
0000000000000000
0000000000000000
0000000000000000
0000000000000000
0000000000000000
0000000000000000
0000000000000000
0000000000000000
0000000000000000
0000000000000000
0000000000000000
0000000000000000
0000000000000000
0000000000000000
0000000000000000
0000000000000000
0000000000000000
0000000000000000
0000000000000000
0000000000000000
0000000000000000
0000000000000000
0000000000000000
0000000000000000
0000000000000000
0000000000000000
0000000000000000
0000000000000000
0000000000000000
0000000000000000
0000000000000000
0000000000000000
0000000000000000
0000000000000000
0000000000000000
0000000000000000
0000000000000000
0000000000000000
0000000000000000
0000000000000000
0000000000000000
0000000000000000
0000000000000000
0000000000000000
0000000000000000
0000000000000000
0000000000000000
0000000000000000
0000000000000000
0000000000000000
0000000000000000
0000000000000000
0000000000000000
0000000000000000
0000000000000000
0000000000000000
0000000000000000
0000000000000000
0000000000000000
0000000000000000
0000000000000000
0000000000000000
0000000000000000
0000000000000000
0000000000000000
0000000000000000
0000000000000000
0000000000000000
0000000000000000
0000000000000000
0000000000000000
0000000000000000
0000000000000000
0000000000000000
0000000000000000
0000000000000000
0000000000000000
0000000000000000
0000000000000000
0000000000000000
0000000000000000
0000000000000000
0000000000000000
0000000000000000
0000000000000000
0000000000000000
0000000000000000
0000000000000000
0000000000000000
0000000000000000
0000000000000000
0000000000000000
0000000000000000
0000000000000000
0000000000000000
0000000000000000
0000000000000000
0000000000000000
0000000000000000
0000000000000000
0000000000000000
0000000000000000
0000000000000000
0000000000000000
0000000000000000
0000000000000000
0000000000000000
0000000000000000
0000000000000000
0000000000000000
0000000000000000
0000000000000000
0000000000000000
0000000000000000
0000000000000000
0000000000000000
0000000000000000
0000000000000000
0000000000000000
0000000000000000
0000000000000000
0000000000000000
0000000000000000
0000000000000000
0000000000000000
0000000000000000
0000000000000000
0000000000000000
0000000000000000
0000000000000000
0000000000000000
0000000000000000
0000000000000000
0000000000000000
0000000000000000
0000000000000000
0000000000000000
0000000000000000
0000000000000000
0000000000000000
0000000000000000
0000000000000000
0000000000000000
0000000000000000
0000000000000000
0000000000000000
0000000000000000
0000000000000000
0000000000000000
0000000000000000
0000000000000000
0000000000000000
0000000000000000
0000000000000000
0000000000000000
0000000000000000
0000000000000000
0000000000000000
0000000000000000
0000000000000000
0000000000000000
0000000000000000
0000000000000000
0000000000000000
0000000000000000
0000000000000000
0000000000000000
0000000000000000
0000000000000000
0000000000000000
0000000000000000
0000000000000000
0000000000000000
0000000000000000
0000000000000000
0000000000000000
0000000000000000
0000000000000000
0000000000000000
0000000000000000
0000000000000000
0000000000000000
0000000000000000
0000000000000000
0000000000000000
0000000000000000
0000000000000000
0000000000000000
0000000000000000
0000000000000000
0000000000000000
0000000000000000
0000000000000000
0000000000000000
0000000000000000
0000000000000000
0000000000000000
0000000000000000
0000000000000000
0000000000000000
0000000000000000
0000000000000000
0000000000000000
0000000000000000
0000000000000000
0000000000000000
0000000000000000
0000000000000000
0000000000000000
0000000000000000
0000000000000000
0000000000000000
0000000000000000
0000000000000000
0000000000000000
0000000000000000
0000000000000000
0000000000000000
0000000000000000
0000000000000000
0000000000000000
0000000000000000
0000000000000000
0000000000000000
0000000000000000
0000000000000000
0000000000000000
0000000000000000
0000000000000000
0000000000000000
0000000000000000
0000000000000000
0000000000000000
0000000000000000
0000000000000000
0000000000000000
0000000000000000
0000000000000000
0000000000000000
0000000000000000
0000000000000000
0000000000000000
0000000000000000
0000000000000000
0000000000000000
0000000000000000
0000000000000000
0000000000000000
0000000000000000
0000000000000000
0000000000000000
0000000000000000
0000000000000000
0000000000000000
0000000000000000
0000000000000000
0000000000000000
0000000000000000
0000000000000000
0000000000000000
0000000000000000
0000000000000000
0000000000000000
0000000000000000
0000000000000000
0000000000000000
0000000000000000
0000000000000000
0000000000000000
0000000000000000
0000000000000000
0000000000000000
0000000000000000
0000000000000000
0000000000000000
0000000000000000
0000000000000000
0000000000000000
0000000000000000
0000000000000000
0000000000000000
0000000000000000
0000000000000000
0000000000000000
0000000000000000
0000000000000000
0000000000000000
0000000000000000
0000000000000000
0000000000000000
0000000000000000
0000000000000000
0000000000000000
0000000000000000
0000000000000000
0000000000000000
0000000000000000
0000000000000000
0000000000000000
0000000000000000
0000000000000000
0000000000000000
0000000000000000
0000000000000000
0000000000000000
0000000000000000
0000000000000000
0000000000000000
0000000000000000
0000000000000000
0000000000000000
0000000000000000
0000000000000000
0000000000000000
0000000000000000
0000000000000000
0000000000000000
0000000000000000
0000000000000000
0000000000000000
0000000000000000
0000000000000000
0000000000000000
0000000000000000
0000000000000000
0000000000000000
0000000000000000
0000000000000000
0000000000000000
0000000000000000
0000000000000000
0000000000000000
0000000000000000
0000000000000000
0000000000000000
0000000000000000
0000000000000000
0000000000000000
0000000000000000
0000000000000000
0000000000000000
0000000000000000
0000000000000000
0000000000000000
0000000000000000
0000000000000000
0000000000000000
0000000000000000
0000000000000000
0000000000000000
0000000000000000
0000000000000000
0000000000000000
0000000000000000
0000000000000000
0000000000000000
0000000000000000
0000000000000000
0000000000000000
0000000000000000
0000000000000000
0000000000000000
0000000000000000
0000000000000000
0000000000000000
0000000000000000
0000000000000000
0000000000000000
0000000000000000
0000000000000000
0000000000000000
0000000000000000
0000000000000000
0000000000000000
0000000000000000
0000000000000000
0000000000000000
0000000000000000
0000000000000000
0000000000000000
0000000000000000
0000000000000000
0000000000000000
0000000000000000
0000000000000000
0000000000000000
0000000000000000
0000000000000000
0000000000000000
0000000000000000
0000000000000000
0000000000000000
0000000000000000
0000000000000000
0000000000000000
0000000000000000
0000000000000000
0000000000000000
0000000000000000
0000000000000000
0000000000000000
0000000000000000
0000000000000000
0000000000000000
0000000000000000
0000000000000000
0000000000000000
0000000000000000
0000000000000000
0000000000000000
0000000000000000
0000000000000000
0000000000000000
0000000000000000
0000000000000000
0000000000000000
0000000000000000
0000000000000000
0000000000000000
0000000000000000
0000000000000000
0000000000000000
0000000000000000
0000000000000000
0000000000000000
0000000000000000
0000000000000000
0000000000000000
0000000000000000
0000000000000000
0000000000000000
0000000000000000
0000000000000000
0000000000000000
0000000000000000
0000000000000000
0000000000000000
0000000000000000
0000000000000000
0000000000000000
0000000000000000
0000000000000000
0000000000000000
0000000000000000
0000000000000000
0000000000000000
0000000000000000
0000000000000000
0000000000000000
0000000000000000
0000000000000000
0000000000000000
0000000000000000
0000000000000000
0000000000000000
0000000000000000
0000000000000000
0000000000000000
0000000000000000
0000000000000000
0000000000000000
0000000000000000
0000000000000000
0000000000000000
0000000000000000
0000000000000000
0000000000000000
0000000000000000
0000000000000000
0000000000000000
0000000000000000
0000000000000000
0000000000000000
0000000000000000
0000000000000000
0000000000000000
0000000000000000
0000000000000000
0000000000000000
0000000000000000
0000000000000000
0000000000000000
0000000000000000
0000000000000000
0000000000000000
0000000000000000
0000000000000000
0000000000000000
0000000000000000
0000000000000000
0000000000000000
0000000000000000
0000000000000000
0000000000000000
0000000000000000
0000000000000000
0000000000000000
0000000000000000
0000000000000000
0000000000000000
0000000000000000
0000000000000000
0000000000000000
0000000000000000
0000000000000000
0000000000000000
0000000000000000
0000000000000000
0000000000000000
0000000000000000
0000000000000000
0000000000000000
0000000000000000
0000000000000000
0000000000000000
0000000000000000
0000000000000000
0000000000000000
0000000000000000
0000000000000000
0000000000000000
0000000000000000
0000000000000000
0000000000000000
0000000000000000
0000000000000000
0000000000000000
0000000000000000
0000000000000000
0000000000000000
0000000000000000
0000000000000000
0000000000000000
0000000000000000
0000000000000000
0000000000000000
0000000000000000
0000000000000000
0000000000000000
0000000000000000
0000000000000000
0000000000000000
0000000000000000
0000000000000000
0000000000000000
0000000000000000
0000000000000000
0000000000000000
0000000000000000
0000000000000000
0000000000000000
0000000000000000
0000000000000000
0000000000000000
0000000000000000
0000000000000000
0000000000000000
0000000000000000
0000000000000000
0000000000000000
0000000000000000
0000000000000000
0000000000000000
0000000000000000
0000000000000000
0000000000000000
0000000000000000
0000000000000000
0000000000000000
0000000000000000
0000000000000000
0000000000000000
0000000000000000
0000000000000000
0000000000000000
0000000000000000
0000000000000000
0000000000000000
0000000000000000
0000000000000000
0000000000000000
00000080ffffff80
0000000000000000
0000000000000000
0000000000000000
0000000000000000
0000000000000000
0000000000000000
0000000000000000
0000000000000000
0000000000000000
0000000000000000
0000000000000000
0000000000000000
0000000000000000
0000000000000000
0000000000000000
0000000000000000
0000000000000000
0000000000000000
0000000000000000
0000000000000000
0000000000000000
0000000000000000
0000000000000000
0000000000000000
0000000000000000
0000000000000000
0000000000000000
0000000000000000
0000000000000000
0000000000000000
0000000000000000
0000000000000000
0000000000000000
0000000000000000
0000000000000000
0000000000000000
0000000000000000
0000000000000000
0000000000000000
0000000000000000
0000000000000000
0000000000000000
0000000000000000
0000000000000000
0000000000000000
0000000000000000
0000000000000000
0000000000000000
0000000000000000
0000000000000000
0000000000000000
0000000000000000
0000000000000000
0000000000000000
0000000000000000
0000000000000000
0000000000000000
0000000000000000
0000000000000000
0000000000000000
0000000000000000
0000000000000000
0000000000000000
0000000000000000
0000000000000000
0000000000000000
0000000000000000
0000000000000000
0000000000000000
0000000000000000
0000000000000000
0000000000000000
0000000000000000
0000000000000000
0000000000000000
0000000000000000
0000000000000000
0000000000000000
0000000000000000
0000000000000000
0000000000000000
0000000000000000
0000000000000000
0000000000000000
0000000000000000
0000000000000000
0000000000000000
0000000000000000
0000000000000000
0000000000000000
0000000000000000
0000000000000000
0000000000000000
0000000000000000
0000000000000000
0000000000000000
0000000000000000
0000000000000000
0000000000000000
0000000000000000
0000000000000000
0000000000000000
0000000000000000
0000000000000000
0000000000000000
0000000000000000
0000000000000000
0000000000000000
0000000000000000
0000000000000000
0000000000000000
0000000000000000
0000000000000000
0000000000000000
0000000000000000
0000000000000000
0000000000000000
0000000000000000
0000000000000000
0000000000000000
0000000000000000
0000000000000000
0000000000000000
0000000000000000
0000000000000000
0000000000000000
0000000000000000
0000000004000007
0000000000000000
0000000000000000
0000000000000000
0000000000000000
0000000000000000
0000000000000000
0000000000000000
0000000000000000
0000000000000000
0000000000000000
0000000000000000
0000000000000000
0000000000000000
0000000000000000
0000000000000000
0000000000000000
0000000000000000
0000000000000000
0000000000000000
0000000000000000
0000000000000000
0000000000000000
0000000000000000
0000000000000000
0000000000000000
0000000000000000
0000000000000000
0000000000000000
0000000000000000
0000000000000000
0000000000000000
0000000000000000
0000000000000000
0000000000000000
0000000000000000
0000000000000000
0000000000000000
0000000000000000
0000000000000000
0000000000000000
0000000000000000
0000000000000000
0000000000000000
0000000000000000
0000000000000000
0000000000000000
0000000000000000
0000000000000000
0000000000000000
0000000000000000
0000000000000000
0000000000000000
0000000000000000
0000000000000000
0000000000000000
0000000000000000
0000000000000000
0000000000000000
0000000000000000
0000000000000000
0000000000000000
0000000000000000
0000000000000000
0000000000000000
0000000000000000
0000000000000000
0000000000000000
0000000000000000
0000000000000000
0000000000000000
0000000000000000
0000000000000000
0000000000000000
0000000000000000
0000000000000000
0000000000000000
0000000000000000
0000000000000000
0000000000000000
0000000000000000
0000000000000000
0000000000000000
0000000000000000
0000000000000000
0000000000000000
0000000000000000
0000000000000000
0000000000000000
0000000000000000
0000000000000000
0000000000000000
0000000000000000
0000000000000000
0000000000000000
0000000000000000
0000000000000000
0000000000000000
0000000000000000
0000000000000000
0000000000000000
0000000000000000
0000000000000000
0000000000000000
0000000000000000
0000000000000000
0000000000000000
0000000000000000
0000000000000000
0000000000000000
0000000000000000
0000000000000000
0000000000000000
0000000000000000
0000000000000000
0000000000000000
0000000000000000
0000000000000000
0000000000000000
0000000000000000
0000000000000000
0000000000000000
0000000000000000
0000000000000000
0000000000000000
0000000000000000
0000000000000000
0000000000000000
0000010900000045
0000000000000000
0000000000000000
0000000000000000
0000000000000000
0000000000000000
0000000000000000
0000000000000000
0000000000000000
0000000000000000
0000000000000000
0000000000000000
0000000000000000
0000000000000000
0000000000000000
0000000000000000
0000000000000000
0000000000000000
0000000000000000
0000000000000000
0000000000000000
0000000000000000
0000000000000000
0000000000000000
0000000000000000
0000000000000000
0000000000000000
0000000000000000
0000000000000000
0000000000000000
0000000000000000
0000000000000000
0000000000000000
0000000000000000
0000000000000000
0000000000000000
0000000000000000
0000000000000000
0000000000000000
0000000000000000
0000000000000000
0000000000000000
0000000000000000
0000000000000000
0000000000000000
0000000000000000
0000000000000000
0000000000000000
0000000000000000
0000000000000000
0000000000000000
0000000000000000
0000000000000000
0000000000000000
0000000000000000
0000000000000000
0000000000000000
0000000000000000
0000000000000000
0000000000000000
0000000000000000
0000000000000000
0000000000000000
0000000000000000
0000000000000000
0000000000000000
0000000000000000
0000000000000000
0000000000000000
0000000000000000
0000000000000000
0000000000000000
0000000000000000
0000000000000000
0000000000000000
0000000000000000
0000000000000000
0000000000000000
0000000000000000
0000000000000000
0000000000000000
0000000000000000
0000000000000000
0000000000000000
0000000000000000
0000000000000000
0000000000000000
0000000000000000
0000000000000000
0000000000000000
0000000000000000
0000000000000000
0000000000000000
0000000000000000
0000000000000000
0000000000000000
0000000000000000
0000000000000000
0000000000000000
0000000000000000
0000000000000000
0000000000000000
0000000000000000
0000000000000000
0000000000000000
0000000000000000
0000000000000000
0000000000000000
0000000000000000
0000000000000000
0000000000000000
0000000000000000
0000000000000000
0000000000000000
0000000000000000
0000000000000000
0000000000000000
0000000000000000
0000000000000000
0000000000000000
0000000000000000
0000000000000000
0000000000000000
0000000000000000
0000000000000000
0000000000000000
0000000000000000
0000000000000000
000000d500000000
0000000000000000
0000000000000000
0000000000000000
0000000000000000
0000000000000000
0000000000000000
0000000000000000
0000000000000000
0000000000000000
0000000000000000
0000000000000000
0000000000000000
0000000000000000
0000000000000000
0000000000000000
0000000000000000
0000000000000000
0000000000000000
0000000000000000
0000000000000000
0000000000000000
0000000000000000
0000000000000000
0000000000000000
0000000000000000
0000000000000000
0000000000000000
0000000000000000
0000000000000000
0000000000000000
0000000000000000
0000000000000000
0000000000000000
0000000000000000
0000000000000000
0000000000000000
0000000000000000
0000000000000000
0000000000000000
0000000000000000
0000000000000000
0000000000000000
0000000000000000
0000000000000000
0000000000000000
0000000000000000
0000000000000000
0000000000000000
0000000000000000
0000000000000000
0000000000000000
0000000000000000
0000000000000000
0000000000000000
0000000000000000
0000000000000000
0000000000000000
0000000000000000
0000000000000000
0000000000000000
0000000000000000
0000000000000000
0000000000000000
0000000000000000
0000000000000000
0000000000000000
0000000000000000
0000000000000000
0000000000000000
0000000000000000
0000000000000000
0000000000000000
0000000000000000
0000000000000000
0000000000000000
0000000000000000
0000000000000000
0000000000000000
0000000000000000
0000000000000000
0000000000000000
0000000000000000
0000000000000000
0000000000000000
0000000000000000
0000000000000000
0000000000000000
0000000000000000
0000000000000000
0000000000000000
0000000000000000
0000000000000000
0000000000000000
0000000000000000
0000000000000000
0000000000000000
0000000000000000
0000000000000000
0000000000000000
0000000000000000
0000000000000000
0000000000000000
0000000000000000
0000000000000000
0000000000000000
0000000000000000
0000000000000000
0000000000000000
0000000000000000
0000000000000000
0000000000000000
0000000000000000
0000000000000000
0000000000000000
0000000000000000
0000000000000000
0000000000000000
0000000000000000
0000000000000000
0000000000000000
0000000000000000
0000000000000000
0000000000000000
0000000000000000
0000000000000000
0000000000000000
0000000000000000
00974ef301e9215b
0000000000000000
0000000000000000
0000000000000000
0000000000000000
0000000000000000
0000000000000000
0000000000000000
0000000000000000
0000000000000000
0000000000000000
0000000000000000
0000000000000000
0000000000000000
0000000000000000
0000000000000000
0000000000000000
0000000000000000
0000000000000000
0000000000000000
0000000000000000
0000000000000000
0000000000000000
0000000000000000
0000000000000000
0000000000000000
0000000000000000
0000000000000000
0000000000000000
0000000000000000
0000000000000000
0000000000000000
0000000000000000
0000000000000000
0000000000000000
0000000000000000
0000000000000000
0000000000000000
0000000000000000
0000000000000000
0000000000000000
0000000000000000
0000000000000000
0000000000000000
0000000000000000
0000000000000000
0000000000000000
0000000000000000
0000000000000000
0000000000000000
0000000000000000
0000000000000000
0000000000000000
0000000000000000
0000000000000000
0000000000000000
0000000000000000
0000000000000000
0000000000000000
0000000000000000
0000000000000000
0000000000000000
0000000000000000
0000000000000000
0000000000000000
0000000000000000
0000000000000000
0000000000000000
0000000000000000
0000000000000000
0000000000000000
0000000000000000
0000000000000000
0000000000000000
0000000000000000
0000000000000000
0000000000000000
0000000000000000
0000000000000000
0000000000000000
0000000000000000
0000000000000000
0000000000000000
0000000000000000
0000000000000000
0000000000000000
0000000000000000
0000000000000000
0000000000000000
0000000000000000
0000000000000000
0000000000000000
0000000000000000
0000000000000000
0000000000000000
0000000000000000
0000000000000000
0000000000000000
0000000000000000
0000000000000000
0000000000000000
0000000000000000
0000000000000000
0000000000000000
0000000000000000
0000000000000000
0000000000000000
0000000000000000
0000000000000000
0000000000000000
0000000000000000
0000000000000000
0000000000000000
0000000000000000
0000000000000000
0000000000000000
0000000000000000
0000000000000000
0000000000000000
0000000000000000
0000000000000000
0000000000000000
0000000000000000
0000000000000000
0000000000000000
0000000000000000
0000000000000000
0000000000000000
00000000ffffff50
0000000000000000
0000000000000000
0000000000000000
0000000000000000
0000000000000000
0000000000000000
0000000000000000
0000000000000000
0000000000000000
0000000000000000
0000000000000000
0000000000000000
0000000000000000
0000000000000000
0000000000000000
0000000000000000
0000000000000000
0000000000000000
0000000000000000
0000000000000000
0000000000000000
0000000000000000
0000000000000000
0000000000000000
0000000000000000
0000000000000000
0000000000000000
0000000000000000
0000000000000000
0000000000000000
0000000000000000
0000000000000000
0000000000000000
0000000000000000
0000000000000000
0000000000000000
0000000000000000
0000000000000000
0000000000000000
0000000000000000
0000000000000000
0000000000000000
0000000000000000
0000000000000000
0000000000000000
0000000000000000
0000000000000000
0000000000000000
0000000000000000
0000000000000000
0000000000000000
0000000000000000
0000000000000000
0000000000000000
0000000000000000
0000000000000000
0000000000000000
0000000000000000
0000000000000000
0000000000000000
0000000000000000
0000000000000000
0000000000000000
0000000000000000
0000000000000000
0000000000000000
0000000000000000
0000000000000000
0000000000000000
0000000000000000
0000000000000000
0000000000000000
0000000000000000
0000000000000000
0000000000000000
0000000000000000
0000000000000000
0000000000000000
0000000000000000
0000000000000000
0000000000000000
0000000000000000
0000000000000000
0000000000000000
0000000000000000
0000000000000000
0000000000000000
0000000000000000
0000000000000000
0000000000000000
0000000000000000
0000000000000000
0000000000000000
0000000000000000
0000000000000000
0000000000000000
0000000000000000
0000000000000000
0000000000000000
0000000000000000
0000000000000000
0000000000000000
0000000000000000
0000000000000000
0000000000000000
0000000000000000
0000000000000000
0000000000000000
0000000000000000
0000000000000000
0000000000000000
0000000000000000
0000000000000000
0000000000000000
0000000000000000
0000000000000000
0000000000000000
0000000000000000
0000000000000000
0000000000000000
0000000000000000
0000000000000000
0000000000000000
0000000000000000
0000000000000000
0000000000000000
0000000000000000
fffffef7ffffffbb
0000000000000000
0000000000000000
0000000000000000
0000000000000000
0000000000000000
0000000000000000
0000000000000000
0000000000000000
0000000000000000
0000000000000000
0000000000000000
0000000000000000
0000000000000000
0000000000000000
0000000000000000
0000000000000000
0000000000000000
0000000000000000
0000000000000000
0000000000000000
0000000000000000
0000000000000000
0000000000000000
0000000000000000
0000000000000000
0000000000000000
0000000000000000
0000000000000000
0000000000000000
0000000000000000
0000000000000000
0000000000000000
0000000000000000
0000000000000000
0000000000000000
0000000000000000
0000000000000000
0000000000000000
0000000000000000
0000000000000000
0000000000000000
0000000000000000
0000000000000000
0000000000000000
0000000000000000
0000000000000000
0000000000000000
0000000000000000
0000000000000000
0000000000000000
0000000000000000
0000000000000000
0000000000000000
0000000000000000
0000000000000000
0000000000000000
0000000000000000
0000000000000000
0000000000000000
0000000000000000
0000000000000000
0000000000000000
0000000000000000
0000000000000000
0000000000000000
0000000000000000
0000000000000000
0000000000000000
0000000000000000
0000000000000000
0000000000000000
0000000000000000
0000000000000000
0000000000000000
0000000000000000
0000000000000000
0000000000000000
0000000000000000
0000000000000000
0000000000000000
0000000000000000
0000000000000000
0000000000000000
0000000000000000
0000000000000000
0000000000000000
0000000000000000
0000000000000000
0000000000000000
0000000000000000
0000000000000000
0000000000000000
0000000000000000
0000000000000000
0000000000000000
0000000000000000
0000000000000000
0000000000000000
0000000000000000
0000000000000000
0000000000000000
0000000000000000
0000000000000000
0000000000000000
0000000000000000
0000000000000000
0000000000000000
0000000000000000
0000000000000000
0000000000000000
0000000000000000
0000000000000000
0000000000000000
0000000000000000
0000000000000000
0000000000000000
0000000000000000
0000000000000000
0000000000000000
0000000000000000
0000000000000000
0000000000000000
0000000000000000
0000000000000000
0000000000000000
0000000000000000
0000000000000000
0000003200000000
0000000000000000
0000000000000000
0000000000000000
0000000000000000
0000000000000000
0000000000000000
0000000000000000
0000000000000000
0000000000000000
0000000000000000
0000000000000000
0000000000000000
0000000000000000
0000000000000000
0000000000000000
0000000000000000
0000000000000000
0000000000000000
0000000000000000
0000000000000000
0000000000000000
0000000000000000
0000000000000000
0000000000000000
0000000000000000
0000000000000000
0000000000000000
0000000000000000
0000000000000000
0000000000000000
0000000000000000
0000000000000000
0000000000000000
0000000000000000
0000000000000000
0000000000000000
0000000000000000
0000000000000000
0000000000000000
0000000000000000
0000000000000000
0000000000000000
0000000000000000
0000000000000000
0000000000000000
0000000000000000
0000000000000000
0000000000000000
0000000000000000
0000000000000000
0000000000000000
0000000000000000
0000000000000000
0000000000000000
0000000000000000
0000000000000000
0000000000000000
0000000000000000
0000000000000000
0000000000000000
0000000000000000
0000000000000000
0000000000000000
0000000000000000
0000000000000000
0000000000000000
0000000000000000
0000000000000000
0000000000000000
0000000000000000
0000000000000000
0000000000000000
0000000000000000
0000000000000000
0000000000000000
0000000000000000
0000000000000000
0000000000000000
0000000000000000
0000000000000000
0000000000000000
0000000000000000
0000000000000000
0000000000000000
0000000000000000
0000000000000000
0000000000000000
0000000000000000
0000000000000000
0000000000000000
0000000000000000
0000000000000000
0000000000000000
0000000000000000
0000000000000000
0000000000000000
0000000000000000
0000000000000000
0000000000000000
0000000000000000
0000000000000000
0000000000000000
0000000000000000
0000000000000000
0000000000000000
0000000000000000
0000000000000000
0000000000000000
0000000000000000
0000000000000000
0000000000000000
0000000000000000
0000000000000000
0000000000000000
0000000000000000
0000000000000000
0000000000000000
0000000000000000
0000000000000000
0000000000000000
0000000000000000
0000000000000000
0000000000000000
0000000000000000
0000000000000000
0000000000000000
0000000000000000
00000080ffffff80
0000000000000000
0000000000000000
0000000000000000
0000000000000000
0000000000000000
0000000000000000
0000000000000000
0000000000000000
0000000000000000
0000000000000000
0000000000000000
0000000000000000
0000000000000000
0000000000000000
0000000000000000
0000000000000000
0000000000000000
0000000000000000
0000000000000000
0000000000000000
0000000000000000
0000000000000000
0000000000000000
0000000000000000
0000000000000000
0000000000000000
0000000000000000
0000000000000000
0000000000000000
0000000000000000
0000000000000000
0000000000000000
0000000000000000
0000000000000000
0000000000000000
0000000000000000
0000000000000000
0000000000000000
0000000000000000
0000000000000000
0000000000000000
0000000000000000
0000000000000000
0000000000000000
0000000000000000
0000000000000000
0000000000000000
0000000000000000
0000000000000000
0000000000000000
0000000000000000
0000000000000000
0000000000000000
0000000000000000
0000000000000000
0000000000000000
0000000000000000
0000000000000000
0000000000000000
0000000000000000
0000000000000000
0000000000000000
0000000000000000
0000000000000000
0000000000000000
0000000000000000
0000000000000000
0000000000000000
0000000000000000
0000000000000000
0000000000000000
0000000000000000
0000000000000000
0000000000000000
0000000000000000
0000000000000000
0000000000000000
0000000000000000
0000000000000000
0000000000000000
0000000000000000
0000000000000000
0000000000000000
0000000000000000
0000000000000000
0000000000000000
0000000000000000
0000000000000000
0000000000000000
0000000000000000
0000000000000000
0000000000000000
0000000000000000
0000000000000000
0000000000000000
0000000000000000
0000000000000000
0000000000000000
0000000000000000
0000000000000000
0000000000000000
0000000000000000
0000000000000000
0000000000000000
0000000000000000
0000000000000000
0000000000000000
0000000000000000
0000000000000000
0000000000000000
0000000000000000
0000000000000000
0000000000000000
0000000000000000
0000000000000000
0000000000000000
0000000000000000
0000000000000000
0000000000000000
0000000000000000
0000000000000000
0000000000000000
0000000000000000
0000000000000000
0000000000000000
0000000000000000
0000000000000000
00000000fffffe9c
0000000000000000
0000000000000000
0000000000000000
0000000000000000
0000000000000000
0000000000000000
0000000000000000
0000000000000000
0000000000000000
0000000000000000
0000000000000000
0000000000000000
0000000000000000
0000000000000000
0000000000000000
0000000000000000
0000000000000000
0000000000000000
0000000000000000
0000000000000000
0000000000000000
0000000000000000
0000000000000000
0000000000000000
0000000000000000
0000000000000000
0000000000000000
0000000000000000
0000000000000000
0000000000000000
0000000000000000
0000000000000000
0000000000000000
0000000000000000
0000000000000000
0000000000000000
0000000000000000
0000000000000000
0000000000000000
0000000000000000
0000000000000000
0000000000000000
0000000000000000
0000000000000000
0000000000000000
0000000000000000
0000000000000000
0000000000000000
0000000000000000
0000000000000000
0000000000000000
0000000000000000
0000000000000000
0000000000000000
0000000000000000
0000000000000000
0000000000000000
0000000000000000
0000000000000000
0000000000000000
0000000000000000
0000000000000000
0000000000000000
0000000000000000
0000000000000000
0000000000000000
0000000000000000
0000000000000000
0000000000000000
0000000000000000
0000000000000000
0000000000000000
0000000000000000
0000000000000000
0000000000000000
0000000000000000
0000000000000000
0000000000000000
0000000000000000
0000000000000000
0000000000000000
0000000000000000
0000000000000000
0000000000000000
0000000000000000
0000000000000000
0000000000000000
0000000000000000
0000000000000000
0000000000000000
0000000000000000
0000000000000000
0000000000000000
0000000000000000
0000000000000000
0000000000000000
0000000000000000
0000000000000000
0000000000000000
0000000000000000
0000000000000000
0000000000000000
0000000000000000
0000000000000000
0000000000000000
0000000000000000
0000000000000000
0000000000000000
0000000000000000
0000000000000000
0000000000000000
0000000000000000
0000000000000000
0000000000000000
0000000000000000
0000000000000000
0000000000000000
0000000000000000
0000000000000000
0000000000000000
0000000000000000
0000000000000000
0000000000000000
0000000000000000
0000000000000000
0000000000000000
0000000000000000
00000132ffffff59
0000000000000000
0000000000000000
0000000000000000
0000000000000000
0000000000000000
0000000000000000
0000000000000000
0000000000000000
0000000000000000
0000000000000000
0000000000000000
0000000000000000
0000000000000000
0000000000000000
0000000000000000
0000000000000000
0000000000000000
0000000000000000
0000000000000000
0000000000000000
0000000000000000
0000000000000000
0000000000000000
0000000000000000
0000000000000000
0000000000000000
0000000000000000
0000000000000000
0000000000000000
0000000000000000
0000000000000000
0000000000000000
0000000000000000
0000000000000000
0000000000000000
0000000000000000
0000000000000000
0000000000000000
0000000000000000
0000000000000000
0000000000000000
0000000000000000
0000000000000000
0000000000000000
0000000000000000
0000000000000000
0000000000000000
0000000000000000
0000000000000000
0000000000000000
0000000000000000
0000000000000000
0000000000000000
0000000000000000
0000000000000000
0000000000000000
0000000000000000
0000000000000000
0000000000000000
0000000000000000
0000000000000000
0000000000000000
0000000000000000
0000000000000000
0000000000000000
0000000000000000
0000000000000000
0000000000000000
0000000000000000
0000000000000000
0000000000000000
0000000000000000
0000000000000000
0000000000000000
0000000000000000
0000000000000000
0000000000000000
0000000000000000
0000000000000000
0000000000000000
0000000000000000
0000000000000000
0000000000000000
0000000000000000
0000000000000000
0000000000000000
0000000000000000
0000000000000000
0000000000000000
0000000000000000
0000000000000000
0000000000000000
0000000000000000
0000000000000000
0000000000000000
0000000000000000
0000000000000000
0000000000000000
0000000000000000
0000000000000000
0000000000000000
0000000000000000
0000000000000000
0000000000000000
0000000000000000
0000000000000000
0000000000000000
0000000000000000
0000000000000000
0000000000000000
0000000000000000
0000000000000000
0000000000000000
0000000000000000
0000000000000000
0000000000000000
0000000000000000
0000000000000000
0000000000000000
0000000000000000
0000000000000000
0000000000000000
0000000000000000
0000000000000000
0000000000000000
0000000000000000
0000000000000000
ffffff7200000000
0000000000000000
0000000000000000
0000000000000000
0000000000000000
0000000000000000
0000000000000000
0000000000000000
0000000000000000
0000000000000000
0000000000000000
0000000000000000
0000000000000000
0000000000000000
0000000000000000
0000000000000000
0000000000000000
0000000000000000
0000000000000000
0000000000000000
0000000000000000
0000000000000000
0000000000000000
0000000000000000
0000000000000000
0000000000000000
0000000000000000
0000000000000000
0000000000000000
0000000000000000
0000000000000000
0000000000000000
0000000000000000
0000000000000000
0000000000000000
0000000000000000
0000000000000000
0000000000000000
0000000000000000
0000000000000000
0000000000000000
0000000000000000
0000000000000000
0000000000000000
0000000000000000
0000000000000000
0000000000000000
0000000000000000
0000000000000000
0000000000000000
0000000000000000
0000000000000000
0000000000000000
0000000000000000
0000000000000000
0000000000000000
0000000000000000
0000000000000000
0000000000000000
0000000000000000
0000000000000000
0000000000000000
0000000000000000
0000000000000000
0000000000000000
0000000000000000
0000000000000000
0000000000000000
0000000000000000
0000000000000000
0000000000000000
0000000000000000
0000000000000000
0000000000000000
0000000000000000
0000000000000000
0000000000000000
0000000000000000
0000000000000000
0000000000000000
0000000000000000
0000000000000000
0000000000000000
0000000000000000
0000000000000000
0000000000000000
0000000000000000
0000000000000000
0000000000000000
0000000000000000
0000000000000000
0000000000000000
0000000000000000
0000000000000000
0000000000000000
0000000000000000
0000000000000000
0000000000000000
0000000000000000
0000000000000000
0000000000000000
0000000000000000
0000000000000000
0000000000000000
0000000000000000
0000000000000000
0000000000000000
0000000000000000
0000000000000000
0000000000000000
0000000000000000
0000000000000000
0000000000000000
0000000000000000
0000000000000000
0000000000000000
0000000000000000
0000000000000000
0000000000000000
0000000000000000
0000000000000000
0000000000000000
0000000000000000
0000000000000000
0000000000000000
0000000000000000
0000000000000000
0000000000000000
0000000000000000
0000000000000000
0000000000000000
0000000000000000
0000000000000000
0000000000000000
0000000000000000
0000000000000000
0000000000000000
0000000000000000
0000000000000000
0000000000000000
0000000000000000
0000000000000000
0000000000000000
0000000000000000
0000000000000000
0000000000000000
0000000000000000
0000000000000000
0000000000000000
0000000000000000
0000000000000000
0000000000000000
0000000000000000
0000000000000000
0000000000000000
0000000000000000
0000000000000000
0000000000000000
0000000000000000
0000000000000000
0000000000000000
0000000000000000
0000000000000000
0000000000000000
0000000000000000
0000000000000000
0000000000000000
0000000000000000
0000000000000000
0000000000000000
0000000000000000
0000000000000000
0000000000000000
0000000000000000
0000000000000000
0000000000000000
0000000000000000
0000000000000000
0000000000000000
0000000000000000
0000000000000000
0000000000000000
0000000000000000
0000000000000000
0000000000000000
0000000000000000
0000000000000000
0000000000000000
0000000000000000
0000000000000000
0000000000000000
0000000000000000
0000000000000000
0000000000000000
0000000000000000
0000000000000000
0000000000000000
0000000000000000
0000000000000000
0000000000000000
0000000000000000
0000000000000000
0000000000000000
0000000000000000
0000000000000000
0000000000000000
0000000000000000
0000000000000000
0000000000000000
0000000000000000
0000000000000000
0000000000000000
0000000000000000
0000000000000000
0000000000000000
0000000000000000
0000000000000000
0000000000000000
0000000000000000
0000000000000000
0000000000000000
0000000000000000
0000000000000000
0000000000000000
0000000000000000
0000000000000000
0000000000000000
0000000000000000
0000000000000000
0000000000000000
0000000000000000
0000000000000000
0000000000000000
0000000000000000
0000000000000000
0000000000000000
0000000000000000
0000000000000000
0000000000000000
0000000000000000
0000000000000000
0000000000000000
0000000000000000
0000000000000000
0000000000000000
0000000000000000
0000000000000000
0000000000000000
0000000000000000
0000000000000000
0000000000000000
0000000000000000
0000000000000000
0000000000000000
0000000000000000
0000000000000000
000000000000012b
0000000000000000
0000000000000000
0000000000000000
0000000000000000
0000000000000000
0000000000000000
0000000000000000
0000000000000000
0000000000000000
0000000000000000
0000000000000000
0000000000000000
0000000000000000
0000000000000000
0000000000000000
0000000000000000
0000000000000000
0000000000000000
0000000000000000
0000000000000000
0000000000000000
0000000000000000
0000000000000000
0000000000000000
0000000000000000
0000000000000000
0000000000000000
0000000000000000
0000000000000000
0000000000000000
0000000000000000
0000000000000000
0000000000000000
0000000000000000
0000000000000000
0000000000000000
0000000000000000
0000000000000000
0000000000000000
0000000000000000
0000000000000000
0000000000000000
0000000000000000
0000000000000000
0000000000000000
0000000000000000
0000000000000000
0000000000000000
0000000000000000
0000000000000000
0000000000000000
0000000000000000
0000000000000000
0000000000000000
0000000000000000
0000000000000000
0000000000000000
0000000000000000
0000000000000000
0000000000000000
0000000000000000
0000000000000000
0000000000000000
0000000000000000
0000000000000000
0000000000000000
0000000000000000
0000000000000000
0000000000000000
0000000000000000
0000000000000000
0000000000000000
0000000000000000
0000000000000000
0000000000000000
0000000000000000
0000000000000000
0000000000000000
0000000000000000
0000000000000000
0000000000000000
0000000000000000
0000000000000000
0000000000000000
0000000000000000
0000000000000000
0000000000000000
0000000000000000
0000000000000000
0000000000000000
0000000000000000
0000000000000000
0000000000000000
0000000000000000
0000000000000000
0000000000000000
0000000000000000
0000000000000000
0000000000000000
0000000000000000
0000000000000000
0000000000000000
0000000000000000
0000000000000000
0000000000000000
0000000000000000
0000000000000000
0000000000000000
0000000000000000
0000000000000000
0000000000000000
0000000000000000
0000000000000000
0000000000000000
0000000000000000
0000000000000000
0000000000000000
0000000000000000
0000000000000000
0000000000000000
0000000000000000
0000000000000000
0000000000000000
0000000000000000
0000000000000000
0000000000000000
0000000000000000
00000132ffffff59
0000000000000000
0000000000000000
0000000000000000
0000000000000000
0000000000000000
0000000000000000
0000000000000000
0000000000000000
0000000000000000
0000000000000000
0000000000000000
0000000000000000
0000000000000000
0000000000000000
0000000000000000
0000000000000000
0000000000000000
0000000000000000
0000000000000000
0000000000000000
0000000000000000
0000000000000000
0000000000000000
0000000000000000
0000000000000000
0000000000000000
0000000000000000
0000000000000000
0000000000000000
0000000000000000
0000000000000000
0000000000000000
0000000000000000
0000000000000000
0000000000000000
0000000000000000
0000000000000000
0000000000000000
0000000000000000
0000000000000000
0000000000000000
0000000000000000
0000000000000000
0000000000000000
0000000000000000
0000000000000000
0000000000000000
0000000000000000
0000000000000000
0000000000000000
0000000000000000
0000000000000000
0000000000000000
0000000000000000
0000000000000000
0000000000000000
0000000000000000
0000000000000000
0000000000000000
0000000000000000
0000000000000000
0000000000000000
0000000000000000
0000000000000000
0000000000000000
0000000000000000
0000000000000000
0000000000000000
0000000000000000
0000000000000000
0000000000000000
0000000000000000
0000000000000000
0000000000000000
0000000000000000
0000000000000000
0000000000000000
0000000000000000
0000000000000000
0000000000000000
0000000000000000
0000000000000000
0000000000000000
0000000000000000
0000000000000000
0000000000000000
0000000000000000
0000000000000000
0000000000000000
0000000000000000
0000000000000000
0000000000000000
0000000000000000
0000000000000000
0000000000000000
0000000000000000
0000000000000000
0000000000000000
0000000000000000
0000000000000000
0000000000000000
0000000000000000
0000000000000000
0000000000000000
0000000000000000
0000000000000000
0000000000000000
0000000000000000
0000000000000000
0000000000000000
0000000000000000
0000000000000000
0000000000000000
0000000000000000
0000000000000000
0000000000000000
0000000000000000
0000000000000000
0000000000000000
0000000000000000
0000000000000000
0000000000000000
0000000000000000
0000000000000000
0000000000000000
0000000000000000
0000000000000000
ffffff0500000000
0000000000000000
0000000000000000
0000000000000000
0000000000000000
0000000000000000
0000000000000000
0000000000000000
0000000000000000
0000000000000000
0000000000000000
0000000000000000
0000000000000000
0000000000000000
0000000000000000
0000000000000000
0000000000000000
0000000000000000
0000000000000000
0000000000000000
0000000000000000
0000000000000000
0000000000000000
0000000000000000
0000000000000000
0000000000000000
0000000000000000
0000000000000000
0000000000000000
0000000000000000
0000000000000000
0000000000000000
0000000000000000
0000000000000000
0000000000000000
0000000000000000
0000000000000000
0000000000000000
0000000000000000
0000000000000000
0000000000000000
0000000000000000
0000000000000000
0000000000000000
0000000000000000
0000000000000000
0000000000000000
0000000000000000
0000000000000000
0000000000000000
0000000000000000
0000000000000000
0000000000000000
0000000000000000
0000000000000000
0000000000000000
0000000000000000
0000000000000000
0000000000000000
0000000000000000
0000000000000000
0000000000000000
0000000000000000
0000000000000000
0000000000000000
0000000000000000
0000000000000000
0000000000000000
0000000000000000
0000000000000000
0000000000000000
0000000000000000
0000000000000000
0000000000000000
0000000000000000
0000000000000000
0000000000000000
0000000000000000
0000000000000000
0000000000000000
0000000000000000
0000000000000000
0000000000000000
0000000000000000
0000000000000000
0000000000000000
0000000000000000
0000000000000000
0000000000000000
0000000000000000
0000000000000000
0000000000000000
0000000000000000
0000000000000000
0000000000000000
0000000000000000
0000000000000000
0000000000000000
0000000000000000
0000000000000000
0000000000000000
0000000000000000
0000000000000000
0000000000000000
0000000000000000
0000000000000000
0000000000000000
0000000000000000
0000000000000000
0000000000000000
0000000000000000
0000000000000000
0000000000000000
0000000000000000
0000000000000000
0000000000000000
0000000000000000
0000000000000000
0000000000000000
0000000000000000
0000000000000000
0000000000000000
0000000000000000
0000000000000000
0000000000000000
0000000000000000
0000000000000000
0000000000000000
ffffff8000000080
0000000000000000
0000000000000000
0000000000000000
0000000000000000
0000000000000000
0000000000000000
0000000000000000
0000000000000000
0000000000000000
0000000000000000
0000000000000000
0000000000000000
0000000000000000
0000000000000000
0000000000000000
0000000000000000
0000000000000000
0000000000000000
0000000000000000
0000000000000000
0000000000000000
0000000000000000
0000000000000000
0000000000000000
0000000000000000
0000000000000000
0000000000000000
0000000000000000
0000000000000000
0000000000000000
0000000000000000
0000000000000000
0000000000000000
0000000000000000
0000000000000000
0000000000000000
0000000000000000
0000000000000000
0000000000000000
0000000000000000
0000000000000000
0000000000000000
0000000000000000
0000000000000000
0000000000000000
0000000000000000
0000000000000000
0000000000000000
0000000000000000
0000000000000000
0000000000000000
0000000000000000
0000000000000000
0000000000000000
0000000000000000
0000000000000000
0000000000000000
0000000000000000
0000000000000000
0000000000000000
0000000000000000
0000000000000000
0000000000000000
0000000000000000
0000000000000000
0000000000000000
0000000000000000
0000000000000000
0000000000000000
0000000000000000
0000000000000000
0000000000000000
0000000000000000
0000000000000000
0000000000000000
0000000000000000
0000000000000000
0000000000000000
0000000000000000
0000000000000000
0000000000000000
0000000000000000
0000000000000000
0000000000000000
0000000000000000
0000000000000000
0000000000000000
0000000000000000
0000000000000000
0000000000000000
0000000000000000
0000000000000000
0000000000000000
0000000000000000
0000000000000000
0000000000000000
0000000000000000
0000000000000000
0000000000000000
0000000000000000
0000000000000000
0000000000000000
0000000000000000
0000000000000000
0000000000000000
0000000000000000
0000000000000000
0000000000000000
0000000000000000
0000000000000000
0000000000000000
0000000000000000
0000000000000000
0000000000000000
0000000000000000
0000000000000000
0000000000000000
0000000000000000
0000000000000000
0000000000000000
0000000000000000
0000000000000000
0000000000000000
0000000000000000
0000000000000000
0000000000000000
0000000000000000
0000000000000026
0000000000000000
0000000000000000
0000000000000000
0000000000000000
0000000000000000
0000000000000000
0000000000000000
0000000000000000
0000000000000000
0000000000000000
0000000000000000
0000000000000000
0000000000000000
0000000000000000
0000000000000000
0000000000000000
0000000000000000
0000000000000000
0000000000000000
0000000000000000
0000000000000000
0000000000000000
0000000000000000
0000000000000000
0000000000000000
0000000000000000
0000000000000000
0000000000000000
0000000000000000
0000000000000000
0000000000000000
0000000000000000
0000000000000000
0000000000000000
0000000000000000
0000000000000000
0000000000000000
0000000000000000
0000000000000000
0000000000000000
0000000000000000
0000000000000000
0000000000000000
0000000000000000
0000000000000000
0000000000000000
0000000000000000
0000000000000000
0000000000000000
0000000000000000
0000000000000000
0000000000000000
0000000000000000
0000000000000000
0000000000000000
0000000000000000
0000000000000000
0000000000000000
0000000000000000
0000000000000000
0000000000000000
0000000000000000
0000000000000000
0000000000000000
0000000000000000
0000000000000000
0000000000000000
0000000000000000
0000000000000000
0000000000000000
0000000000000000
0000000000000000
0000000000000000
0000000000000000
0000000000000000
0000000000000000
0000000000000000
0000000000000000
0000000000000000
0000000000000000
0000000000000000
0000000000000000
0000000000000000
0000000000000000
0000000000000000
0000000000000000
0000000000000000
0000000000000000
0000000000000000
0000000000000000
0000000000000000
0000000000000000
0000000000000000
0000000000000000
0000000000000000
0000000000000000
0000000000000000
0000000000000000
0000000000000000
0000000000000000
0000000000000000
0000000000000000
0000000000000000
0000000000000000
0000000000000000
0000000000000000
0000000000000000
0000000000000000
0000000000000000
0000000000000000
0000000000000000
0000000000000000
0000000000000000
0000000000000000
0000000000000000
0000000000000000
0000000000000000
0000000000000000
0000000000000000
0000000000000000
0000000000000000
0000000000000000
0000000000000000
0000000000000000
0000000000000000
0000000000000000
0000000000000000
fffffef7ffffffbb
0000000000000000
0000000000000000
0000000000000000
0000000000000000
0000000000000000
0000000000000000
0000000000000000
0000000000000000
0000000000000000
0000000000000000
0000000000000000
0000000000000000
0000000000000000
0000000000000000
0000000000000000
0000000000000000
0000000000000000
0000000000000000
0000000000000000
0000000000000000
0000000000000000
0000000000000000
0000000000000000
0000000000000000
0000000000000000
0000000000000000
0000000000000000
0000000000000000
0000000000000000
0000000000000000
0000000000000000
0000000000000000
0000000000000000
0000000000000000
0000000000000000
0000000000000000
0000000000000000
0000000000000000
0000000000000000
0000000000000000
0000000000000000
0000000000000000
0000000000000000
0000000000000000
0000000000000000
0000000000000000
0000000000000000
0000000000000000
0000000000000000
0000000000000000
0000000000000000
0000000000000000
0000000000000000
0000000000000000
0000000000000000
0000000000000000
0000000000000000
0000000000000000
0000000000000000
0000000000000000
0000000000000000
0000000000000000
0000000000000000
0000000000000000
0000000000000000
0000000000000000
0000000000000000
0000000000000000
0000000000000000
0000000000000000
0000000000000000
0000000000000000
0000000000000000
0000000000000000
0000000000000000
0000000000000000
0000000000000000
0000000000000000
0000000000000000
0000000000000000
0000000000000000
0000000000000000
0000000000000000
0000000000000000
0000000000000000
0000000000000000
0000000000000000
0000000000000000
0000000000000000
0000000000000000
0000000000000000
0000000000000000
0000000000000000
0000000000000000
0000000000000000
0000000000000000
0000000000000000
0000000000000000
0000000000000000
0000000000000000
0000000000000000
0000000000000000
0000000000000000
0000000000000000
0000000000000000
0000000000000000
0000000000000000
0000000000000000
0000000000000000
0000000000000000
0000000000000000
0000000000000000
0000000000000000
0000000000000000
0000000000000000
0000000000000000
0000000000000000
0000000000000000
0000000000000000
0000000000000000
0000000000000000
0000000000000000
0000000000000000
0000000000000000
0000000000000000
0000000000000000
0000000000000000
ffffff2b00000000
0000000000000000
0000000000000000
0000000000000000
0000000000000000
0000000000000000
0000000000000000
0000000000000000
0000000000000000
0000000000000000
0000000000000000
0000000000000000
0000000000000000
0000000000000000
0000000000000000
0000000000000000
0000000000000000
0000000000000000
0000000000000000
0000000000000000
0000000000000000
0000000000000000
0000000000000000
0000000000000000
0000000000000000
0000000000000000
0000000000000000
0000000000000000
0000000000000000
0000000000000000
0000000000000000
0000000000000000
0000000000000000
0000000000000000
0000000000000000
0000000000000000
0000000000000000
0000000000000000
0000000000000000
0000000000000000
0000000000000000
0000000000000000
0000000000000000
0000000000000000
0000000000000000
0000000000000000
0000000000000000
0000000000000000
0000000000000000
0000000000000000
0000000000000000
0000000000000000
0000000000000000
0000000000000000
0000000000000000
0000000000000000
0000000000000000
0000000000000000
0000000000000000
0000000000000000
0000000000000000
0000000000000000
0000000000000000
0000000000000000
0000000000000000
0000000000000000
0000000000000000
0000000000000000
0000000000000000
0000000000000000
0000000000000000
0000000000000000
0000000000000000
0000000000000000
0000000000000000
0000000000000000
0000000000000000
0000000000000000
0000000000000000
0000000000000000
0000000000000000
0000000000000000
0000000000000000
0000000000000000
0000000000000000
0000000000000000
0000000000000000
0000000000000000
0000000000000000
0000000000000000
0000000000000000
0000000000000000
0000000000000000
0000000000000000
0000000000000000
0000000000000000
0000000000000000
0000000000000000
0000000000000000
0000000000000000
0000000000000000
0000000000000000
0000000000000000
0000000000000000
0000000000000000
0000000000000000
0000000000000000
0000000000000000
0000000000000000
0000000000000000
0000000000000000
0000000000000000
0000000000000000
0000000000000000
0000000000000000
0000000000000000
0000000000000000
0000000000000000
0000000000000000
0000000000000000
0000000000000000
0000000000000000
0000000000000000
0000000000000000
0000000000000000
0000000000000000
0000000000000000
0000000000000000
0000010dfffffea5
0000000000000000
0000000000000000
0000000000000000
0000000000000000
0000000000000000
0000000000000000
0000000000000000
0000000000000000
0000000000000000
0000000000000000
0000000000000000
0000000000000000
0000000000000000
0000000000000000
0000000000000000
0000000000000000
0000000000000000
0000000000000000
0000000000000000
0000000000000000
0000000000000000
0000000000000000
0000000000000000
0000000000000000
0000000000000000
0000000000000000
0000000000000000
0000000000000000
0000000000000000
0000000000000000
0000000000000000
0000000000000000
0000000000000000
0000000000000000
0000000000000000
0000000000000000
0000000000000000
0000000000000000
0000000000000000
0000000000000000
0000000000000000
0000000000000000
0000000000000000
0000000000000000
0000000000000000
0000000000000000
0000000000000000
0000000000000000
0000000000000000
0000000000000000
0000000000000000
0000000000000000
0000000000000000
0000000000000000
0000000000000000
0000000000000000
0000000000000000
0000000000000000
0000000000000000
0000000000000000
0000000000000000
0000000000000000
0000000000000000
0000000000000000
0000000000000000
0000000000000000
0000000000000000
0000000000000000
0000000000000000
0000000000000000
0000000000000000
0000000000000000
0000000000000000
0000000000000000
0000000000000000
0000000000000000
0000000000000000
0000000000000000
0000000000000000
0000000000000000
0000000000000000
0000000000000000
0000000000000000
0000000000000000
0000000000000000
0000000000000000
0000000000000000
0000000000000000
0000000000000000
0000000000000000
0000000000000000
0000000000000000
0000000000000000
0000000000000000
0000000000000000
0000000000000000
0000000000000000
0000000000000000
0000000000000000
0000000000000000
0000000000000000
0000000000000000
0000000000000000
0000000000000000
0000000000000000
0000000000000000
0000000000000000
0000000000000000
0000000000000000
0000000000000000
0000000000000000
0000000000000000
0000000000000000
0000000000000000
0000000000000000
0000000000000000
0000000000000000
0000000000000000
0000000000000000
0000000000000000
0000000000000000
0000000000000000
0000000000000000
0000000000000000
0000000000000000
0000000000000000
0000000000000000
0000000000000265
0000000000000000
0000000000000000
0000000000000000
0000000000000000
0000000000000000
0000000000000000
0000000000000000
0000000000000000
0000000000000000
0000000000000000
0000000000000000
0000000000000000
0000000000000000
0000000000000000
0000000000000000
0000000000000000
0000000000000000
0000000000000000
0000000000000000
0000000000000000
0000000000000000
0000000000000000
0000000000000000
0000000000000000
0000000000000000
0000000000000000
0000000000000000
0000000000000000
0000000000000000
0000000000000000
0000000000000000
0000000000000000
0000000000000000
0000000000000000
0000000000000000
0000000000000000
0000000000000000
0000000000000000
0000000000000000
0000000000000000
0000000000000000
0000000000000000
0000000000000000
0000000000000000
0000000000000000
0000000000000000
0000000000000000
0000000000000000
0000000000000000
0000000000000000
0000000000000000
0000000000000000
0000000000000000
0000000000000000
0000000000000000
0000000000000000
0000000000000000
0000000000000000
0000000000000000
0000000000000000
0000000000000000
0000000000000000
0000000000000000
0000000000000000
0000000000000000
0000000000000000
0000000000000000
0000000000000000
0000000000000000
0000000000000000
0000000000000000
0000000000000000
0000000000000000
0000000000000000
0000000000000000
0000000000000000
0000000000000000
0000000000000000
0000000000000000
0000000000000000
0000000000000000
0000000000000000
0000000000000000
0000000000000000
0000000000000000
0000000000000000
0000000000000000
0000000000000000
0000000000000000
0000000000000000
0000000000000000
0000000000000000
0000000000000000
0000000000000000
0000000000000000
0000000000000000
0000000000000000
0000000000000000
0000000000000000
0000000000000000
0000000000000000
0000000000000000
0000000000000000
0000000000000000
0000000000000000
0000000000000000
0000000000000000
0000000000000000
0000000000000000
0000000000000000
0000000000000000
0000000000000000
0000000000000000
0000000000000000
0000000000000000
0000000000000000
0000000000000000
0000000000000000
0000000000000000
0000000000000000
0000000000000000
0000000000000000
0000000000000000
0000000000000000
0000000000000000
0000000000000000
0000000000000000
0000010900000045
0000000000000000
0000000000000000
0000000000000000
0000000000000000
0000000000000000
0000000000000000
0000000000000000
0000000000000000
0000000000000000
0000000000000000
0000000000000000
0000000000000000
0000000000000000
0000000000000000
0000000000000000
0000000000000000
0000000000000000
0000000000000000
0000000000000000
0000000000000000
0000000000000000
0000000000000000
0000000000000000
0000000000000000
0000000000000000
0000000000000000
0000000000000000
0000000000000000
0000000000000000
0000000000000000
0000000000000000
0000000000000000
0000000000000000
0000000000000000
0000000000000000
0000000000000000
0000000000000000
0000000000000000
0000000000000000
0000000000000000
0000000000000000
0000000000000000
0000000000000000
0000000000000000
0000000000000000
0000000000000000
0000000000000000
0000000000000000
0000000000000000
0000000000000000
0000000000000000
0000000000000000
0000000000000000
0000000000000000
0000000000000000
0000000000000000
0000000000000000
0000000000000000
0000000000000000
0000000000000000
0000000000000000
0000000000000000
0000000000000000
0000000000000000
0000000000000000
0000000000000000
0000000000000000
0000000000000000
0000000000000000
0000000000000000
0000000000000000
0000000000000000
0000000000000000
0000000000000000
0000000000000000
0000000000000000
0000000000000000
0000000000000000
0000000000000000
0000000000000000
0000000000000000
0000000000000000
0000000000000000
0000000000000000
0000000000000000
0000000000000000
0000000000000000
0000000000000000
0000000000000000
0000000000000000
0000000000000000
0000000000000000
0000000000000000
0000000000000000
0000000000000000
0000000000000000
0000000000000000
0000000000000000
0000000000000000
0000000000000000
0000000000000000
0000000000000000
0000000000000000
0000000000000000
0000000000000000
0000000000000000
0000000000000000
0000000000000000
0000000000000000
0000000000000000
0000000000000000
0000000000000000
0000000000000000
0000000000000000
0000000000000000
0000000000000000
0000000000000000
0000000000000000
0000000000000000
0000000000000000
0000000000000000
0000000000000000
0000000000000000
0000000000000000
0000000000000000
0000000000000000
0000000000000000
ffffffce00000000
0000000000000000
0000000000000000
0000000000000000
0000000000000000
0000000000000000
0000000000000000
0000000000000000
0000000000000000
0000000000000000
0000000000000000
0000000000000000
0000000000000000
0000000000000000
0000000000000000
0000000000000000
0000000000000000
0000000000000000
0000000000000000
0000000000000000
0000000000000000
0000000000000000
0000000000000000
0000000000000000
0000000000000000
0000000000000000
0000000000000000
0000000000000000
0000000000000000
0000000000000000
0000000000000000
0000000000000000
0000000000000000
0000000000000000
0000000000000000
0000000000000000
0000000000000000
0000000000000000
0000000000000000
0000000000000000
0000000000000000
0000000000000000
0000000000000000
0000000000000000
0000000000000000
0000000000000000
0000000000000000
0000000000000000
0000000000000000
0000000000000000
0000000000000000
0000000000000000
0000000000000000
0000000000000000
0000000000000000
0000000000000000
0000000000000000
0000000000000000
0000000000000000
0000000000000000
0000000000000000
0000000000000000
0000000000000000
0000000000000000
0000000000000000
0000000000000000
0000000000000000
0000000000000000
0000000000000000
0000000000000000
0000000000000000
0000000000000000
0000000000000000
0000000000000000
0000000000000000
0000000000000000
0000000000000000
0000000000000000
0000000000000000
0000000000000000
0000000000000000
0000000000000000
0000000000000000
0000000000000000
0000000000000000
0000000000000000
0000000000000000
0000000000000000
0000000000000000
0000000000000000
0000000000000000
0000000000000000
0000000000000000
0000000000000000
0000000000000000
0000000000000000
0000000000000000
0000000000000000
0000000000000000
0000000000000000
0000000000000000
0000000000000000
0000000000000000
0000000000000000
0000000000000000
0000000000000000
0000000000000000
0000000000000000
0000000000000000
0000000000000000
0000000000000000
0000000000000000
0000000000000000
0000000000000000
0000000000000000
0000000000000000
0000000000000000
0000000000000000
0000000000000000
0000000000000000
0000000000000000
0000000000000000
0000000000000000
0000000000000000
0000000000000000
0000000000000000
0000000000000000
0000000000000000
ffffff8000000080
0000000000000000
0000000000000000
0000000000000000
0000000000000000
0000000000000000
0000000000000000
0000000000000000
0000000000000000
0000000000000000
0000000000000000
0000000000000000
0000000000000000
0000000000000000
0000000000000000
0000000000000000
0000000000000000
0000000000000000
0000000000000000
0000000000000000
0000000000000000
0000000000000000
0000000000000000
0000000000000000
0000000000000000
0000000000000000
0000000000000000
0000000000000000
0000000000000000
0000000000000000
0000000000000000
0000000000000000
0000000000000000
0000000000000000
0000000000000000
0000000000000000
0000000000000000
0000000000000000
0000000000000000
0000000000000000
0000000000000000
0000000000000000
0000000000000000
0000000000000000
0000000000000000
0000000000000000
0000000000000000
0000000000000000
0000000000000000
0000000000000000
0000000000000000
0000000000000000
0000000000000000
0000000000000000
0000000000000000
0000000000000000
0000000000000000
0000000000000000
0000000000000000
0000000000000000
0000000000000000
0000000000000000
0000000000000000
0000000000000000
0000000000000000
0000000000000000
0000000000000000
0000000000000000
0000000000000000
0000000000000000
0000000000000000
0000000000000000
0000000000000000
0000000000000000
0000000000000000
0000000000000000
0000000000000000
0000000000000000
0000000000000000
0000000000000000
0000000000000000
0000000000000000
0000000000000000
0000000000000000
0000000000000000
0000000000000000
0000000000000000
0000000000000000
0000000000000000
0000000000000000
0000000000000000
0000000000000000
0000000000000000
0000000000000000
0000000000000000
0000000000000000
0000000000000000
0000000000000000
0000000000000000
0000000000000000
0000000000000000
0000000000000000
0000000000000000
0000000000000000
0000000000000000
0000000000000000
0000000000000000
0000000000000000
0000000000000000
0000000000000000
0000000000000000
0000000000000000
0000000000000000
0000000000000000
0000000000000000
0000000000000000
0000000000000000
0000000000000000
0000000000000000
0000000000000000
0000000000000000
0000000000000000
0000000000000000
0000000000000000
0000000000000000
0000000000000000
0000000000000000
0000000000000000
00000000fffffe88
0000000000000000
0000000000000000
0000000000000000
0000000000000000
0000000000000000
0000000000000000
0000000000000000
0000000000000000
0000000000000000
0000000000000000
0000000000000000
0000000000000000
0000000000000000
0000000000000000
0000000000000000
0000000000000000
0000000000000000
0000000000000000
0000000000000000
0000000000000000
0000000000000000
0000000000000000
0000000000000000
0000000000000000
0000000000000000
0000000000000000
0000000000000000
0000000000000000
0000000000000000
0000000000000000
0000000000000000
0000000000000000
0000000000000000
0000000000000000
0000000000000000
0000000000000000
0000000000000000
0000000000000000
0000000000000000
0000000000000000
0000000000000000
0000000000000000
0000000000000000
0000000000000000
0000000000000000
0000000000000000
0000000000000000
0000000000000000
0000000000000000
0000000000000000
0000000000000000
0000000000000000
0000000000000000
0000000000000000
0000000000000000
0000000000000000
0000000000000000
0000000000000000
0000000000000000
0000000000000000
0000000000000000
0000000000000000
0000000000000000
0000000000000000
0000000000000000
0000000000000000
0000000000000000
0000000000000000
0000000000000000
0000000000000000
0000000000000000
0000000000000000
0000000000000000
0000000000000000
0000000000000000
0000000000000000
0000000000000000
0000000000000000
0000000000000000
0000000000000000
0000000000000000
0000000000000000
0000000000000000
0000000000000000
0000000000000000
0000000000000000
0000000000000000
0000000000000000
0000000000000000
0000000000000000
0000000000000000
0000000000000000
0000000000000000
0000000000000000
0000000000000000
0000000000000000
0000000000000000
0000000000000000
0000000000000000
0000000000000000
0000000000000000
0000000000000000
0000000000000000
0000000000000000
0000000000000000
0000000000000000
0000000000000000
0000000000000000
0000000000000000
0000000000000000
0000000000000000
0000000000000000
0000000000000000
0000000000000000
0000000000000000
0000000000000000
0000000000000000
0000000000000000
0000000000000000
0000000000000000
0000000000000000
0000000000000000
0000000000000000
0000000000000000
0000000000000000
0000000000000000
0000000000000000
fffffece000000a7
0000000000000000
0000000000000000
0000000000000000
0000000000000000
0000000000000000
0000000000000000
0000000000000000
0000000000000000
0000000000000000
0000000000000000
0000000000000000
0000000000000000
0000000000000000
0000000000000000
0000000000000000
0000000000000000
0000000000000000
0000000000000000
0000000000000000
0000000000000000
0000000000000000
0000000000000000
0000000000000000
0000000000000000
0000000000000000
0000000000000000
0000000000000000
0000000000000000
0000000000000000
0000000000000000
0000000000000000
0000000000000000
0000000000000000
0000000000000000
0000000000000000
0000000000000000
0000000000000000
0000000000000000
0000000000000000
0000000000000000
0000000000000000
0000000000000000
0000000000000000
0000000000000000
0000000000000000
0000000000000000
0000000000000000
0000000000000000
0000000000000000
0000000000000000
0000000000000000
0000000000000000
0000000000000000
0000000000000000
0000000000000000
0000000000000000
0000000000000000
0000000000000000
0000000000000000
0000000000000000
0000000000000000
0000000000000000
0000000000000000
0000000000000000
0000000000000000
0000000000000000
0000000000000000
0000000000000000
0000000000000000
0000000000000000
0000000000000000
0000000000000000
0000000000000000
0000000000000000
0000000000000000
0000000000000000
0000000000000000
0000000000000000
0000000000000000
0000000000000000
0000000000000000
0000000000000000
0000000000000000
0000000000000000
0000000000000000
0000000000000000
0000000000000000
0000000000000000
0000000000000000
0000000000000000
0000000000000000
0000000000000000
0000000000000000
0000000000000000
0000000000000000
0000000000000000
0000000000000000
0000000000000000
0000000000000000
0000000000000000
0000000000000000
0000000000000000
0000000000000000
0000000000000000
0000000000000000
0000000000000000
0000000000000000
0000000000000000
0000000000000000
0000000000000000
0000000000000000
0000000000000000
0000000000000000
0000000000000000
0000000000000000
0000000000000000
0000000000000000
0000000000000000
0000000000000000
0000000000000000
0000000000000000
0000000000000000
0000000000000000
0000000000000000
0000000000000000
0000000000000000
0000000000000000
0000008e00000000
0000000000000000
0000000000000000
0000000000000000
0000000000000000
0000000000000000
0000000000000000
0000000000000000
0000000000000000
0000000000000000
0000000000000000
0000000000000000
0000000000000000
0000000000000000
0000000000000000
0000000000000000
0000000000000000
0000000000000000
0000000000000000
0000000000000000
0000000000000000
0000000000000000
0000000000000000
0000000000000000
0000000000000000
0000000000000000
0000000000000000
0000000000000000
0000000000000000
0000000000000000
0000000000000000
0000000000000000
0000000000000000
0000000000000000
0000000000000000
0000000000000000
0000000000000000
0000000000000000
0000000000000000
0000000000000000
0000000000000000
0000000000000000
0000000000000000
0000000000000000
0000000000000000
0000000000000000
0000000000000000
0000000000000000
0000000000000000
0000000000000000
0000000000000000
0000000000000000
0000000000000000
0000000000000000
0000000000000000
0000000000000000
0000000000000000
0000000000000000
0000000000000000
0000000000000000
0000000000000000
0000000000000000
0000000000000000
0000000000000000
0000000000000000
0000000000000000
0000000000000000
0000000000000000
0000000000000000
0000000000000000
0000000000000000
0000000000000000
0000000000000000
0000000000000000
0000000000000000
0000000000000000
0000000000000000
0000000000000000
0000000000000000
0000000000000000
0000000000000000
0000000000000000
0000000000000000
0000000000000000
0000000000000000
0000000000000000
0000000000000000
0000000000000000
0000000000000000
0000000000000000
0000000000000000
0000000000000000
0000000000000000
0000000000000000
0000000000000000
0000000000000000
0000000000000000
0000000000000000
0000000000000000
0000000000000000
0000000000000000
0000000000000000
0000000000000000
0000000000000000
0000000000000000
0000000000000000
0000000000000000
0000000000000000
0000000000000000
0000000000000000
0000000000000000
0000000000000000
0000000000000000
0000000000000000
0000000000000000
0000000000000000
0000000000000000
0000000000000000
0000000000000000
0000000000000000
0000000000000000
0000000000000000
0000000000000000
0000000000000000
0000000000000000
0000000000000000
0000000000000000
0000000000000000
0000000000000000
0000000000000000
0000000000000000
0000000000000000
0000000000000000
0000000000000000
0000000000000000
0000000000000000
0000000000000000
0000000000000000
0000000000000000
0000000000000000
0000000000000000
0000000000000000
0000000000000000
0000000000000000
0000000000000000
0000000000000000
0000000000000000
0000000000000000
0000000000000000
0000000000000000
0000000000000000
0000000000000000
0000000000000000
0000000000000000
0000000000000000
0000000000000000
0000000000000000
0000000000000000
0000000000000000
0000000000000000
0000000000000000
0000000000000000
0000000000000000
0000000000000000
0000000000000000
0000000000000000
0000000000000000
0000000000000000
0000000000000000
0000000000000000
0000000000000000
0000000000000000
0000000000000000
0000000000000000
0000000000000000
0000000000000000
0000000000000000
0000000000000000
0000000000000000
0000000000000000
0000000000000000
0000000000000000
0000000000000000
0000000000000000
0000000000000000
0000000000000000
0000000000000000
0000000000000000
0000000000000000
0000000000000000
0000000000000000
0000000000000000
0000000000000000
0000000000000000
0000000000000000
0000000000000000
0000000000000000
0000000000000000
0000000000000000
0000000000000000
0000000000000000
0000000000000000
0000000000000000
0000000000000000
0000000000000000
0000000000000000
0000000000000000
0000000000000000
0000000000000000
0000000000000000
0000000000000000
0000000000000000
0000000000000000
0000000000000000
0000000000000000
0000000000000000
0000000000000000
0000000000000000
0000000000000000
0000000000000000
0000000000000000
0000000000000000
0000000000000000
0000000000000000
0000000000000000
0000000000000000
0000000000000000
0000000000000000
0000000000000000
0000000000000000
0000000000000000
0000000000000000
0000000000000000
0000000000000000
0000000000000000
0000000000000000
0000000000000000
0000000000000000
0000000000000000
0000000000000000
0000000000000000
0000000000000000
0000000000000000
0000000000000000
0000000000000000
0000000000000000
0000000000000000
0000000000000000
0000000000000000
0000000000000000
0000000000000000
0000000000000000
0000000000000000
0000000000000000
0000000000000000
0000000000000000
00000000ffffffd0
0000000000000000
0000000000000000
0000000000000000
0000000000000000
0000000000000000
0000000000000000
0000000000000000
0000000000000000
0000000000000000
0000000000000000
0000000000000000
0000000000000000
0000000000000000
0000000000000000
0000000000000000
0000000000000000
0000000000000000
0000000000000000
0000000000000000
0000000000000000
0000000000000000
0000000000000000
0000000000000000
0000000000000000
0000000000000000
0000000000000000
0000000000000000
0000000000000000
0000000000000000
0000000000000000
0000000000000000
0000000000000000
0000000000000000
0000000000000000
0000000000000000
0000000000000000
0000000000000000
0000000000000000
0000000000000000
0000000000000000
0000000000000000
0000000000000000
0000000000000000
0000000000000000
0000000000000000
0000000000000000
0000000000000000
0000000000000000
0000000000000000
0000000000000000
0000000000000000
0000000000000000
0000000000000000
0000000000000000
0000000000000000
0000000000000000
0000000000000000
0000000000000000
0000000000000000
0000000000000000
0000000000000000
0000000000000000
0000000000000000
0000000000000000
0000000000000000
0000000000000000
0000000000000000
0000000000000000
0000000000000000
0000000000000000
0000000000000000
0000000000000000
0000000000000000
0000000000000000
0000000000000000
0000000000000000
0000000000000000
0000000000000000
0000000000000000
0000000000000000
0000000000000000
0000000000000000
0000000000000000
0000000000000000
0000000000000000
0000000000000000
0000000000000000
0000000000000000
0000000000000000
0000000000000000
0000000000000000
0000000000000000
0000000000000000
0000000000000000
0000000000000000
0000000000000000
0000000000000000
0000000000000000
0000000000000000
0000000000000000
0000000000000000
0000000000000000
0000000000000000
0000000000000000
0000000000000000
0000000000000000
0000000000000000
0000000000000000
0000000000000000
0000000000000000
0000000000000000
0000000000000000
0000000000000000
0000000000000000
0000000000000000
0000000000000000
0000000000000000
0000000000000000
0000000000000000
0000000000000000
0000000000000000
0000000000000000
0000000000000000
0000000000000000
0000000000000000
0000000000000000
0000000000000000
fffffece000000a7
0000000000000000
0000000000000000
0000000000000000
0000000000000000
0000000000000000
0000000000000000
0000000000000000
0000000000000000
0000000000000000
0000000000000000
0000000000000000
0000000000000000
0000000000000000
0000000000000000
0000000000000000
0000000000000000
0000000000000000
0000000000000000
0000000000000000
0000000000000000
0000000000000000
0000000000000000
0000000000000000
0000000000000000
0000000000000000
0000000000000000
0000000000000000
0000000000000000
0000000000000000
0000000000000000
0000000000000000
0000000000000000
0000000000000000
0000000000000000
0000000000000000
0000000000000000
0000000000000000
0000000000000000
0000000000000000
0000000000000000
0000000000000000
0000000000000000
0000000000000000
0000000000000000
0000000000000000
0000000000000000
0000000000000000
0000000000000000
0000000000000000
0000000000000000
0000000000000000
0000000000000000
0000000000000000
0000000000000000
0000000000000000
0000000000000000
0000000000000000
0000000000000000
0000000000000000
0000000000000000
0000000000000000
0000000000000000
0000000000000000
0000000000000000
0000000000000000
0000000000000000
0000000000000000
0000000000000000
0000000000000000
0000000000000000
0000000000000000
0000000000000000
0000000000000000
0000000000000000
0000000000000000
0000000000000000
0000000000000000
0000000000000000
0000000000000000
0000000000000000
0000000000000000
0000000000000000
0000000000000000
0000000000000000
0000000000000000
0000000000000000
0000000000000000
0000000000000000
0000000000000000
0000000000000000
0000000000000000
0000000000000000
0000000000000000
0000000000000000
0000000000000000
0000000000000000
0000000000000000
0000000000000000
0000000000000000
0000000000000000
0000000000000000
0000000000000000
0000000000000000
0000000000000000
0000000000000000
0000000000000000
0000000000000000
0000000000000000
0000000000000000
0000000000000000
0000000000000000
0000000000000000
0000000000000000
0000000000000000
0000000000000000
0000000000000000
0000000000000000
0000000000000000
0000000000000000
0000000000000000
0000000000000000
0000000000000000
0000000000000000
0000000000000000
0000000000000000
0000000000000000
0000000000000000
000000fb00000000
0000000000000000
0000000000000000
0000000000000000
0000000000000000
0000000000000000
0000000000000000
0000000000000000
0000000000000000
0000000000000000
0000000000000000
0000000000000000
0000000000000000
0000000000000000
0000000000000000
0000000000000000
0000000000000000
0000000000000000
0000000000000000
0000000000000000
0000000000000000
0000000000000000
0000000000000000
0000000000000000
0000000000000000
0000000000000000
0000000000000000
0000000000000000
0000000000000000
0000000000000000
0000000000000000
0000000000000000
0000000000000000
0000000000000000
0000000000000000
0000000000000000
0000000000000000
0000000000000000
0000000000000000
0000000000000000
0000000000000000
0000000000000000
0000000000000000
0000000000000000
0000000000000000
0000000000000000
0000000000000000
0000000000000000
0000000000000000
0000000000000000
0000000000000000
0000000000000000
0000000000000000
0000000000000000
0000000000000000
0000000000000000
0000000000000000
0000000000000000
0000000000000000
0000000000000000
0000000000000000
0000000000000000
0000000000000000
0000000000000000
0000000000000000
0000000000000000
0000000000000000
0000000000000000
0000000000000000
0000000000000000
0000000000000000
0000000000000000
0000000000000000
0000000000000000
0000000000000000
0000000000000000
0000000000000000
0000000000000000
0000000000000000
0000000000000000
0000000000000000
0000000000000000
0000000000000000
0000000000000000
0000000000000000
0000000000000000
0000000000000000
0000000000000000
0000000000000000
0000000000000000
0000000000000000
0000000000000000
0000000000000000
0000000000000000
0000000000000000
0000000000000000
0000000000000000
0000000000000000
0000000000000000
0000000000000000
0000000000000000
0000000000000000
0000000000000000
0000000000000000
0000000000000000
0000000000000000
0000000000000000
0000000000000000
0000000000000000
0000000000000000
0000000000000000
0000000000000000
0000000000000000
0000000000000000
0000000000000000
0000000000000000
0000000000000000
0000000000000000
0000000000000000
0000000000000000
0000000000000000
0000000000000000
0000000000000000
0000000000000000
0000000000000000
0000000000000000
0000000000000000
0000000000000000
00000001fffffff6
00000003fffffff0
00000016fffffff6
ffffffe600000000
fffffff0ffffffe8
ffffffe500000007
000000080000001a
ffffffea00000016
0000000afffffff9
0000000100000002
00000022fffffffb
00000015fffffffd
ffffffdefffffff6
fffffff6ffffffff
000000090000000e
00000007fffffff9
00000028ffffffed
0000000ffffffff8
00000011fffffff3
fffffff200000009
0000000900000021
0000000d0000000a
00000010ffffffe6
fffffff1ffffffea
ffffffe400000007
fffffffcfffffffe
fffffffcffffffdf
ffffffe5ffffffe2
fffffffdffffffef
0000001500000001
00000003fffffffa
ffffffef0000000b
fffffffd00000011
0000000a00000007
000000140000000b
00000003fffffffa
0000001000000009
0000000e0000001a
fffffff8ffffffe6
00000003fffffff3
00000016fffffff7
00000003ffffffff
0000001fffffffe3
fffffffb00000009
00000027fffffff2
00000001fffffff5
0000001600000000
fffffff9fffffff9
0000000dfffffffe
fffffff200000000
0000000dfffffff2
0000000affffffee
ffffffeffffffff1
ffffffee00000001
0000001200000007
fffffff7ffffffd9
ffffffebfffffff4
00000003fffffff8
ffffffdf0000000e
0000000b0000000f
0000000400000012
0000001800000004
fffffffb00000017
fffffff1fffffff9
fffffff30266665b
fffffffb0000000a
fffffff0ffffffec
0000000c00000036
0000001000000007
ffffffed0000001c
0000000affffffde
00000004fffffff6
fffffffbfffffffe
ffffffefffffffff
ffffffd60000002c
00000005fffffff2
0000000600000004
fffffffb00000016
fffffff5ffffffe0
fffffff5fffffffa
00000029ffffffe9
00000014fffffff1
ffffffe700000013
ffffffff0000002d
0000001a00000002
00000004ffffffee
00000026fffffff3
fffffff10000000e
00000007fffffffe
fffffff500000009
fffffffa00000000
fffffff500000005
fffffffb00000003
fffffff6fffffffd
0000000a00000003
ffffffe800000002
00000021fffffff2
ffffffea00000002
0000001200000006
ffffffff00000019
0000000f0000001e
fffffffe00000025
ffffffddffffffee
000000030000000e
0000000900000000
0000001800000003
ffffffecffffffe2
0000000800000012
ffffffeafffffff7
0000000afffffffd
0000000200000007
000000050000001b
0000001000000009
fffffff9fffffff9
00000015ffffffef
0000000c00000007
00000008fffffffd
0000001200000002
00000025ffffffde
0000001f00000009
0000001a00000004
fffffff7ffffffea
ffffffce00000003
fffffff500000018
0000000500000009
0000001900000018
ffffffdbffffffee
0000000500000009
0000001effffffec
0000000a0000000e
fffffff8ffffffe6
fffffff400000020
0000000effffffed
fffffff6fffffff8
000000020000002d
ffffffe00000001a
fffffffb0000000d
00000000ffffffdd
00000001ffffffe1
0000000700000018
ffffffd000000027
fffffff80000000c
00000019fffffff2
fffffffdfffffffb
000000220000001a
ffffffefffffffe8
fffffff600000010
ffffffe700000001
00000006ffffffe3
0000000c00000000
00000018fffffff2
00000007fffffffb
00000004fffffff3
0000000dffffffe3
fffffffb00000005
00000011ffffffed
0000000300000015
fffffffbfffffffc
fffffffcfffffffe
0000001affffffcc
0000000200000005
00000001fffffffa
0000002dfffffffe
ffffffed0000002a
ffffffdefffffffc
fffffffa00000006
fffffffd0000001f
ffffffe00000000c
0000000700000020
ffffffebfffffffb
ffffffdb0000000d
ffffffecfffffff8
00000008fffffff2
0000000600000013
00000002ffffffee
00000004fffffff0
0000001200000006
fffffff100000009
ffffffecffffffeb
fffffffb00000004
00000007fffffff5
ffffffe800000005
00000009ffffffe7
0000001400000001
0000000800000004
0000000d00000011
fffffffaffffffee
000000210000001a
0000000bffffffd9
ffffffed00000013
00000008fffffffe
0000001afffffffe
00000006fffffffe
fffffff8fffffff9
ffffffe9ffffffe3
ffffffe500000028
00000002fffffff5
fffffffefffffff8
ffffffe000000008
0000000000000006
0000001100000017
00000006ffffffee
fffffff0fffffff4
0000000900000000
fffffffe00000002
ffffffe100000009
fffffff9ffffffdf
ffffffe6fffffff2
0000000d00000013
0000000600000017
fffffffbfffffff9
0000000efffffffc
0000000f00000001
ffffffe5ffffffef
0000000affffffff
0000000f00000011
fffffffeffffffdf
00000017ffffffdc
ffffffecfffffffa
0000000800000008
00000023ffffffd9
ffffffeefffffff5
ffffffebffffffdf
0000000800000006
0000001afffffff7
fffffff400000007
0000003300000003
ffffffe800000008
0000000bfffffff1
fffffff8fffffff9
0000002b00000009
0000000dfffffff0
fffffff700000022
ffffffeefffffff0
00000006fffffff9
ffffffccffffffe4
fffffffb0000001d
0000000700000012
00000012ffffffe1
0000001200000013
000000130000000d
ffffffe40000000e
ffffffe200000018
fffffffb00000001
0000000800000017
0000000a00000013
fffffffb00000002
fffffff900000006
ffffffe0ffffffe1
ffffffe9ffffffdc
ffffffe300000006
fffffff200000006
fffffffbffffffff
fffffff90000002d
fffffff9ffffffec
0000000400000008
ffffffee00000005
00000003fffffff8
fffffff400000003
000000050000001f
00000005fffffffd
fffffffdfffffff2
0000001dffffffea
0000001900000002
ffffffecfffffff7
00000016fffffff9
ffffffe6fffffff8
0000001000000009
00000015ffffffff
0000000affffffe6
000000210000000f
0000000900000001
0000002b0000000d
fffffffc00000007
ffffffea00000007
00000000fffffff9
00000009ffffffd6
0000000afffffff5
ffffffd300000013
fffffff200000007
00000024ffffffec
ffffffdffffffffc
0000000affffffca
0000001cffffffd7
ffffffdefffffff5
ffffffecfffffff3
ffffffdd0000000c
0000001affffffee
fffffff50000001c
0000001100000022
00000010fffffff1
fffffffafffffff4
fffffff4ffffffff
00000013ffffffe5
fffffff40000001f
0000001d0000000b
00000009fffffff1
00000010fffffff4
fffffffcffffffd4
fffffff200000000
00000008fffffffa
0000001900000007
00000007fffffff7
0000000000000003
00000012fffffff1
fffffffb00000008
0000000800000007
0000000c00000001
ffffffeefffffff3
00000002ffffffe0
fffffff30000000e
0000000b00000026
00000017fffffff8
0000001ffffffffb
0000000800000015
fffffffcfffffff6
fffffff0fffffffb
0000000600000005
ffffffdaffffffe2
0000000cfffffffd
ffffffebfffffff4
fffffff7fffffffe
0000000fffffffda
0000000f00000020
00000006ffffffed
0000000800000007
ffffffe800000021
ffffffeafffffffc
0000000affffffe6
fffffffd00000001
ffffffefffffffe7
00000013fffffff8
000000070000001a
0065b7ee01f5cb2c
fffffff8fffffff8
0000000100000001
fffffff7ffffffe4
ffffffea00000016
fffffff1fffffff3
fffffff800000009
fffffffe00000017
00000015fffffffc
ffffffe1ffffffed
fffffffdffffffec
ffffffedfffffff0
0000000b00000002
0000001600000005
000000000000000c
000000050000000b
ffffffe8ffffffef
0000003300000005
ffffffe20000001e
0000000afffffff8
00000003fffffffe
fffffff9fffffff0
fffffff3ffffffe7
ffffffdb00000030
ffffffe9fffffff3
ffffffffffffffed
0000000500000010
00000004fffffff9
ffffffe800000005
fffffff50000002e
0000000600000006
000000060000000c
fffffff2ffffffec
ffffffe100000006
fffffff20000000c
fffffffd00000012
fffffff3ffffffff
ffffffd8fffffffa
00000019fffffff1
fffffffdffffffeb
fffffff80000000b
fffffff7fffffffc
0000001effffffde
fffffffe0000001f
000000170000000f
fffffff0fffffffe
00000017ffffffee
fffffff90000001b
00000008fffffff9
0000001b0000000b
0000000000000012
ffffffdd0000000f
fffffff80000000b
fffffff500000016
fffffff7fffffff5
ffffffe1fffffff2
fffffffd00000009
fffffff700000018
fffffffc00000013
ffffffdf00000015
0000001c0000000a
000000240000000b
ffffffe7fffffffa
fffffffc00000022
fffffff800000009
ffffffe5fffffffa
0000000a00000007
00000016fffffffd
0000000e0000000d
ffffffef0000001e
0000000effffffef
00000005fffffffd
0000000700000001
ffffffffffffffef
fffffff800000016
fffffff1fffffff9
0000001200000008
ffffffeffffffffe
0000000f0000000d
00000014ffffffd8
fffffff90000000a
00000034fffffffe
00000008fffffffe
00000012fffffffd
ffffffef0000001f
ffffffebffffffff
00000000ffffffe7
0000001dfffffffa
0000000100000023
fffffffefffffff9
0000002100000002
fffffff6fffffff5
00000004fffffff9
ffffffffffffffcd
000000130000000a
0000001d00000002
00000003fffffffe
0000000b00000006
0000000200000011
ffffffeffffffffd
fffffff4ffffffe0
ffffffec0000000a
0000001400000000
ffffffdafffffff3
fffffff6ffffffef
ffffffe10000000d
00000008ffffffeb
fffffff800000008
fffffff900000014
0000000f00000003
00000011fffffffa
fffffff300000016
00000012fffffff6
ffffffe90000000a
00000000ffffffe7
ffffffebffffffeb
000000100000001c
00000013ffffffeb
0000000b00000010
0000000cfffffff7
000000100000001c
0000000000000002
ffffffe600000015
fffffffcfffffff4
00000006fffffffe
0000001dfffffff9
00000014fffffff6
00000006ffffffe9
fffffff30000000f
00000011fffffffb
fffffffd00000006
fffffffdfffffffa
fffffff70000001d
0000000500000014
0000000efffffffb
0000000bffffffe7
00000010ffffffeb
0000000d00000005
fffffff100000000
fffffff50000001e
fffffff8fffffff6
fffffff60000001c
00000008ffffffd8
ffffffffffffffed
00000006ffffffed
fffffff000000017
ffffffef00000003
ffffffdaffffffd7
00000021fffffffa
0000000d0000001c
0000000700000017
000000120000002d
fffffff0fffffff3
fffffff200000022
fffffff400000008
00000008ffffffda
fffffff6ffffffe7
ffffffe500000009
fffffff600000014
fffffff4fffffffc
ffffffe7fffffff4
00000005fffffff8
00000006fffffff8
fffffff60000001d
fffffffafffffffe
ffffffd100000002
ffffffdd0000000d
ffffffea0000001b
ffffffef0000000a
00000001ffffffeb
fffffff200000003
ffffffeffffffff1
fffffffc00000006
ffffffdcffffffeb
0000000fffffffe5
fffffffd00000012
00000012fffffff9
0000001bfffffff7
fffffffc00000000
0000000100000005
0000002000000028
00000008fffffff9
0000001b0000000c
00000004fffffffd
fffffff8ffffffea
00000004ffffffea
00000002ffffffe6
0000001100000007
fffffff500000008
0000000700000009
00000004ffffffe7
ffffffd000000023
ffffffedffffffee
0000001300000004
0000001bfffffffb
fffffffafffffff9
00000017fffffff3
ffffffdbfffffff9
ffffffedfffffff3
00000001ffffffef
0000001400000033
0000001600000006
00000002fffffff0
fffffff2ffffffec
000000140000000b
fffffff70000001b
00000004fffffff3
0000001600000000
00000009ffffffeb
0000001700000002
ffffffd3fffffff7
0000000f00000011
ffffffee00000012
0000000200000002
fffffff900000010
ffffffeefffffff7
fffffffdfffffff3
0000001dffffffef
0000001400000013
fffffffeffffffe9
0000001cfffffff0
0000000600000000
0000001600000004
ffffffe70000000a
ffffffe8ffffffe5
ffffffd800000009
ffffffec00000002
00000019fffffff3
000000120000000d
0000000700000003
0000001b00000007
00000000ffffffe4
00000017fffffff2
ffffffef00000012
fffffff600000002
ffffffeaffffffee
0000001c00000005
0000000f00000006
ffffffdcfffffff3
0000002800000005
fffffffcfffffff9
fffffff6ffffffe9
0000000b00000011
ffffffe3fffffff7
fffffffb00000017
0000000800000008
ffffffff0000000a
fffffffbfffffffe
ffffffee00000017
000000280000000d
ffffffe800000008
00000004fffffff4
0000000700000017
00000012ffffffef
00000005fffffff2
0000001300000011
fffffffafffffff7
fffffff2ffffffe5
ffffffeefffffffd
0000000c00000008
0000000300000019
00000016fffffffe
0000000fffffffe4
00000025fffffff4
00000018fffffff8
0000000afffffff6
fffffff10000000f
0000000cffffffda
fffffffcffffffee
0000001300000000
fffffffdffffffd9
00000006fffffff2
fffffffc00000007
fffffff6ffffffdd
ffffffdaffffffec
00000018ffffffff
fffffffdfffffff2
ffffffe200000001
fffffff7fffffff8
0000000f00000000
ffffffedffffffe8
ffffffea00000008
fffffff200000005
ffffffedfffffff7
0000000200000019
fffffffc00000005
00000002fffffff4
000000060000000e
ffffffe7ffffffd9
ffffffe700000005
00000006ffffffe4
0000001600000009
0000001c00000017
fffffff30000000f
0000000800000003
fffffff0fffffff1
ffffffdb00000000
fffffffd00000009
0000001500000005
fffffff100000029
fffffff9ffffffff
0000000500000014
0000002200000010
fffffff700000001
0000000a00000002
00000014fffffffd
fffffff6fffffff8
fffffffbfffffff7
ffffffdbffffffec
fffffff200000021
00000009fffffff7
ffffffeb00000016
fffffff100000023
fffffffeffffffe8
ffffffe90000000f
000000180000000a
000000150000000e
ffffffe20000002b
00000015ffffffe5
fffffff0fffffffd
ffffffe200000000
fffffffb00000007
0000000cfffffff0
0000000200000006
00000001ffffffec
0000000efffffffa
ffffffedfffffff3
fffffff6ffffffec
fffffffdfffffff9
000000070000001f
fffffffcfffffffe
fffffff600000005
fffffff800000009
0000000f00000028
ffffffe7ffffffff
fffffff500000000
ffffffe7fffffffd
0000000efffffffb
0000000000000011
ffffffed0000001d
ffffffeefffffff8
0000002900000008
fffffff8ffffffe8
fffffffcffffffe4
000000030000000b
ffffffeffffffffa
fffffff700000004
0000000600000002
00000024fffffffe
ffffffff0000001b
ffffffe900000003
ffffffe200000024
00000005ffffffdb
ffffffe10000000d
00000001fffffffe
00000001fffffff7
0000000d00000002
ffffffdb0000001d
0000000900000006
fffffffe00000016
0000002100000004
fffffff2ffffffef
fffffff7fffffff6
fffffff0ffffffff
00000007ffffffea
fffffffeffffffef
0000000afffffffe
fffffff500000000
fffffffc00000008
ffffffef00000006
fffffffc00000003
00000019fffffff1
00000007fffffffd
fffffff500000002
fffffffcfffffffa
ffffffeeffffffe7
fffffffd00000017
0000000900000022
000000040000000f
fffffff2ffffffe3
ffffffdc0000000f
fffffff9fffffff3
fffffff4fffffff2
fffffffdfffffffe
0000000e00000013
0000000cfffffff3
0000000bfffffff6
00000003ffffffe5
00000017fffffffc
fffffff100000020
0000000a00000005
00000011fffffff0
0000001900000005
00000004ffffffe3
fffffff300000007
ffffffecffffffe8
fffffffefffffffa
00000002ffffffd1
ffffffecfffffff2
0000001c0000000c
0000002900000002
fffffff000000002
fffffff10000000a
0000001600000019
fffffffb00000007
fffffff9fffffff1
0000000bfffffffa
fffffffbfffffffa
0000001d00000017
000000180000000e
00000001fffffff2
0000000800000019
00000008fffffffa
ffffffef00000023
0000000200000005
000000140000000b
0000002a0000000e
fffffff2fffffff1
ffffffe200000010
00000018fffffff2
ffffffe9fffffff7
ffffffedfffffff9
ffffffe000000002
ffffffe5fffffffb
000000080000001b
0000000b0000002a
00000001fffffff8
fffffff4fffffffc
00000005fffffff7
000000010000000f
fffffff50000000c
fffffffffffffffd
0000001000000000
fffffffefffffff6
fffffffe00000008
fffffff000000008
000000020000001c
fffffffa00000001
fffffff400000022
0000001300000005
0000000500000013
ffffffe0ffffffed
fffffffd0000000c
0000001dfffffff8
fffffffeffffffef
ffffffe9fffffff5
ffffffff00000018
0000000200000008
fffffffa00000027
ffffffeafffffff1
00000014fffffffa
0000000400000008
ffffffe10000002e
0000000dfffffff8
fffffff30000000d
fffffff80000001d
ffffffe0ffffffd7
00000013ffffffea
0000000c00000016
fffffff5ffffffe5
fffffffeffffffe7
fffffffb00000000
0000001400000005
fffffffcfffffffb
fffffff300000005
fffffffc0000000e
fffffff70000000e
0000002d00000010
fffffff1fffffff8
000000260000000f
ffffffe7fffffffc
00000011fffffff6
fffffffbfffffff9
0000001d00000000
0000000200000005
fffffff5fffffff3
fffffffeffffffec
fffffff6ffffffea
00000002ffffffed
0000000d00000018
0000000300000014
00000008fffffff7
0000000affffffec
ffffffeefffffff8
00000003fffffff3
ffffffffffffffd4
00000012ffffffef
ffffffc8fffffff9
0000000f00000001
ffffffeefffffff1
0000001800000016
fffffffdfffffff0
fffffffbfffffff0
00000017fffffffc
0000000c0000001d
fffffff7fffffffa
0000000400000007
ffffffed00000003
ffffffd900000014
0000000b00000012
fffffffb0000000c
0000000d00000013
ffffffe8ffffffde
fffffff6ffffffe1
0000001cffffffdb
0000000dfffffff4
fffffffdffffffeb
00000002fffffffc
fffffff4ffffffe5
ffffffeefffffff9
0000000afffffff3
0000000e00000004
0000000efffffff8
00000001fffffff5
fffffff800000016
ffffffeaffffffed
00000008ffffffec
0000000000000010
fffffff9ffffffe1
0000000cfffffffd
00000018ffffffea
000000110000000a
ffffffff0000002c
fffffff2fffffff7
ffffffeb00000020
fffffff8fffffff6
fffffff60000002f
0000000fffffffdf
ffffffed00000002
fffffff8ffffffed
fffffff9fffffffe
fffffff60000000f
00000015ffffffff
00000012ffffffed
00000012fffffff9
ffffffde00000021
000000240000000a
ffffffe200000013
fffffffdfffffff7
fffffff7fffffff3
00000003fffffff4
ffffffe8fffffffe
0000000c0000000e
00000001fffffff8
0000002b00000010
0000002200000001
00000001ffffffff
ffffffe60000000a
ffffffebfffffff6
fffffffa00000002
00000033ffffffef
ffffffec00000008
ffffffe7fffffffd
ffffffdc00000003
fffffff200000001
0000000ffffffff7
0000001700000019
00000009fffffffe
ffffffec0000000e
0000001600000008
ffffffea00000012
0000000600000022
ffffffddfffffff6
00000003fffffff6
00000005ffffffe9
000000040000000e
ffffffdd00000005
fffffff2fffffff0
0000001900000001
fffffffc00000003
000000160000000e
0000000600000004
fffffffdfffffff8
00000004fffffff1
00000000fffffff9
ffffffecffffffde
00000011ffffffe2
0000002d00000010
00000000fffffff8
fffffffeffffffed
ffffffef00000001
ffffffea0000001c
00000008ffffffee
0000000e00000007
00000010fffffffd
ffffffeaffffffdd
fffffffd00000021
00000001ffffffff
0000000300000004
fffffffbffffffef
0000000f0000000d
00000021ffffffe0
00000003ffffffeb
0000000a0000000d
fffffff900000003
0000000200000017
0000001ffffffffe
fffffff3fffffff8
00000006fffffff2
fffffff700000007
ffffffed00000007
fffffffdfffffff6
ffffffecfffffff4
ffffffd000000004
ffffffe8fffffffb
00000008ffffffe4
ffffffeffffffffb
ffffffedffffffe1
fffffff5ffffffec
ffffffc8ffffffe7
ffffffe200000001
fffffff400000011
ffffffe2ffffffed
00000017fffffff1
000000050000000e
000000220000001e
fffffffbfffffff2
ffffffedfffffffe
ffffffd9fffffffc
00000009fffffffc
0000000800000024
fffffff800000010
fffffff3fffffff8
0000000b00000018
00000002fffffffb
0000000e00000027
fffffff600000001
0000000600000001
ffffffe7ffffffda
000000070000002b
0000000700000016
00000013fffffff3
fffffff9fffffff2
0000000200000018
000000190000000b
fffffff900000013
00000019ffffffe3
ffffffeefffffff7
00000008fffffff1
00000013ffffffeb
0000002000000000
ffffffda00000002
fffffff2fffffff3
fffffff3fffffffb
00000005ffffffff
fffffffafffffffe
0000002100000016
000000330000000e
fffffff6fffffff3
ffffffe500000007
00000008ffffffe0
fffffff2fffffff2
0000000bfffffff2
00000006fffffff7
ffffffff00000018
ffffffd700000009
000000060000001c
ffffffe6ffffffde
fffffff1ffffffeb
0000000dffffffef
fffffff5ffffffff
0000000cfffffff8
0000001affffffd3
000000200000000a
ffffffe80000000d
ffffffec0000000e
fffffff30000001b
0000000600000003
ffffffdeffffffef
fffffffdffffffef
00000008ffffffff
ffffffeffffffff5
ffffffe5fffffff7
fffffff2fffffffd
fffffff3ffffffed
ffffffe8ffffffe0
ffffffedfffffff8
0000002c00000009
000000050000000c
00000004fffffff0
ffffffffffffffe8
fffffff800000004
00000003fffffff6
ffffffeefffffff7
fffffff1fffffffe
0000000200000003
00000008fffffffc
fffffff5ffffffeb
ffffffef00000009
ffffffe80000001e
00000011fffffffb
ff607e9001794417
0000001300000012
ffffffe00000000e
ffffffe500000009
ffffffe3ffffffdf
0000001000000005
0000000affffffdd
00000004fffffff9
ffffffecffffffe3
00000011fffffffe
00000004ffffffee
00000007fffffffc
fffffffffffffff4
fffffff8ffffffdf
0000001600000000
fffffffaffffffe3
0000000b00000009
0000000400000018
0000000d00000001
fffffff4fffffff3
fffffffe00000020
ffffffddfffffff4
fffffff7fffffff6
00000004fffffff7
ffffffbfffffffde
00000008fffffffb
00000016fffffff3
000000020000000d
fffffffefffffff3
fffffffdffffffe2
ffffffe0fffffff8
fffffff5fffffffa
ffffffef00000006
0000001e00000006
0000003bfffffff9
00000002fffffff4
ffffffe2fffffffd
ffffffdffffffff2
00000003ffffffda
fffffff900000011
ffffffea00000005
fffffffcffffffcc
00000013ffffffdf
0000000affffffff
fffffff4fffffffb
fffffff7ffffffd6
fffffff400000004
0000001600000017
fffffffd0000000b
ffffffecffffffe1
fffffff9fffffffe
00000003ffffffe6
00000000ffffffee
0000000500000006
0000000500000000
0000001d00000007
00000012ffffffed
0000000000000022
ffffffd1fffffff0
fffffffa00000009
fffffff000000004
00000013ffffffef
000000050000000e
fffffff200000009
fffffffbffffffeb
fffffff700000023
0000000c00000010
0000000a00000002
0000000300000019
00000001ffffffff
ffffffdeffffffff
0000001200000003
ffffffed00000005
ffffffff00000000
000000220000000b
00000016fffffff6
00000019fffffffe
fffffff500000020
ffffffe1ffffffff
00000015fffffffe
fffffff000000007
ffffffe100000013
fffffff5fffffff2
000000040000000f
0000001effffffdc
ffffffeefffffffe
fffffffd0000000c
00000012fffffffa
fffffffefffffff1
00000027fffffff6
ffffffe3fffffff8
000000000000001a
ffffffdd00000011
000000110000000b
ffffffe900000006
00000004ffffffde
0000000efffffff1
fffffff900000014
0000000900000001
0000000a0000000e
0000000a0000002e
fffffff7ffffffed
fffffff90000000a
fffffff8fffffff4
fffffffc00000015
fffffffcfffffff1
00000002ffffffef
fffffff20000000a
fffffff1fffffffb
0000000900000006
ffffffec00000019
ffffffecffffffed
fffffffeffffffe9
0000001400000022
ffffffedfffffff7
0000000b00000004
fffffff500000006
0000001cffffffeb
000000100000001a
fffffff300000002
ffffffcfffffffd4
0000001800000007
fffffffcffffffeb
00000006fffffff4
fffffffbfffffff5
fffffff6ffffffd9
ffffffec0000000e
ffffffea0000000e
fffffff9fffffff2
00000002fffffff5
fffffff100000006
fffffff500000010
00000000fffffff9
fffffffefffffff5
0000000bfffffff9
fffffffcffffffed
ffffffe400000011
fffffffc00000004
ffffffedfffffffb
0000000ffffffff9
0000000700000011
0000002100000000
ffffffe6fffffffc
fffffff900000005
00000016fffffff6
ffffffe300000010
fffffffa00000023
fffffff200000039
0000001b00000017
0000002bfffffff2
ffffffe8fffffffd
00000026ffffffee
fffffffe0000000c
00000010ffffffee
000000020000000c
00000007fffffffe
0000000800000003
0000000b0000000b
00000025fffffffe
fffffff4fffffffc
00000013fffffffe
00000016ffffffec
00000007fffffffe
ffffffe5fffffffb
fffffffafffffffb
fffffffffffffff4
fffffffdfffffffa
0000000500000012
00000000fffffffb
00000008fffffff9
ffffffbfffffffdd
fffffff20000000b
ffffffec00000013
fffffff7fffffffd
fffffffa0000001f
ffffffec0000001e
00000004ffffffee
0000000900000014
00000027ffffffea
00000009ffffffff
ffffffdd0000001e
ffffffe3fffffff0
0000001c00000002
0000000fffffffe0
0000000400000016
ffffffee00000007
ffffffd700000015
ffffffe800000020
00000027fffffffc
0000000c0000000d
ffffffe8fffffff7
ffffffef0000000d
00000009fffffffc
fffffffd0000000b
0000001efffffffb
0000000c00000017
0000000f0000000a
ffffffffffffffee
fffffffbfffffff8
fffffff8ffffffee
fffffffdffffffe3
fffffff6ffffffec
0000001500000000
0000000600000021
fffffffe0000001d
fffffffeffffffed
fffffffcfffffffc
fffffffd00000008
000000220000000a
fffffffcfffffff6
0000001600000011
0000000300000013
0000001f00000035
fffffff000000004
00000009ffffffec
ffffffff0000001d
00000025ffffffff
0000000ffffffffe
00000006fffffff9
fffffffc00000003
fffffff500000010
fffffff7ffffffe6
ffffffdc0000000b
00000007ffffffe0
00000015ffffffe9
00000015ffffffe4
0000000a00000021
ffffffdc0000000c
ffffffceffffffe8
0000000600000013
ffffffed00000024
fffffffbfffffff4
00000007ffffffde
0000002200000007
fffffffb00000014
fffffff100000010
00000029fffffffe
0000001400000007
00000009fffffffc
00000013ffffffd4
000000050000001c
0000000800000005
ffffffdd00000007
fffffffdffffffe9
0000001500000002
0000001500000001
0000001f00000014
0000000900000004
fffffff70000001d
0000000a00000000
0000000afffffffd
fffffffd00000005
ffffffe3fffffff6
fffffffc0000001e
0000001500000018
fffffff2fffffff1
fffffff9ffffffed
ffffffee00000001
ffffffe6fffffff2
00000006ffffffff
0000001c00000009
fffffff30000000a
00000009ffffffe6
fffffffcffffffed
00000007fffffff8
0000001000000005
00000006fffffff5
000000060000001a
fffffff5fffffffc
ffffffef00000015
fffffffbfffffff8
ffffffff00000003
ffffffeefffffff0
00000015ffffffef
00000013fffffff8
fffffff40000000c
000000170000001b
ffffffe80000000d
ffffffebffffffbf
0000000a0000000a
0000001300000024
ffffffe00000000a
00000006fffffff7
0000001f00000025
00000006ffffffdf
0000001a0000000f
0000000a00000002
0000000e0000000a
ffffffeefffffffe
ffffffe600000012
ffffffdd00000022
00000014ffffffff
0000000100000012
fffffffc0000001b
0000000e00000004
00000005fffffffb
fffffff6ffffffe7
0000000b0000002f
00000011ffffffdf
0000001e00000001
fffffff30000000a
0000000000000009
ffffffe900000006
000000160000001c
fffffff9fffffffd
0000001bfffffff4
0000001efffffff9
00000024ffffffed
000000000000000d
0000000a00000000
ffffffe8fffffff5
000000110000001d
ffffffffffffffec
0000001000000002
ffffffe8fffffffc
00000006ffffffed
ffffffff0000000c
fffffff2fffffff5
0000000a00000000
ffffffeffffffffe
00000002fffffff0
ffffffeb0000000d
ffffffe9fffffffb
ffffffe5ffffffef
00000004fffffff5
fffffffbfffffffd
ffffffe6fffffff3
0000000ffffffff2
fffffff6fffffff2
fffffff8fffffffe
fffffff800000017
0000000c00000005
0000001d00000012
0000000c00000000
0000001400000017
fffffff6ffffffe8
fffffff000000017
ffffffe400000009
fffffff700000004
0000000d00000017
0000002000000013
fffffff900000000
000000100000000d
000000090000000e
00000012fffffff2
0000000800000006
00000018ffffffff
fffffffdffffffff
00000009ffffffe1
ffffffff00000006
00000025fffffff5
fffffffa00000008
0000000d0000001d
fffffff6fffffffe
0000001500000002
0000000afffffff0
ffffffd00000000b
00000007ffffffed
0000000300000002
00000001ffffffff
00000029fffffffe
fffffffcffffffee
0000001cffffffe0
0000000f00000008
0000000effffffe6
ffffffff0000001c
ffffffe7fffffff3
fffffff40000000c
ffffffe100000011
ffffffff0000000b
00000008ffffffef
fffffff70000001e
00000014ffffffdc
fffffffb0000002f
fffffff6ffffffe1
0000000e0000000b
fffffff2fffffff6
fffffffafffffff2
fffffff8fffffff4
ffffffe7ffffffd7
00000019ffffffee
0000000100000009
ffffffe60000000f
ffffffe9ffffffe9
fffffff60000000a
fffffff800000003
ffffffe6ffffffef
0000002f00000013
0000002000000003
0000001900000001
fffffffeffffffed
00000000ffffffea
00000023ffffffe7
0000000700000018
fffffffefffffff3
fffffff000000013
fffffffaffffffc5
0000002dffffffff
000000180000000e
0000000200000001
0000001700000005
0000000800000005
ffffffe000000009
fffffff200000016
fffffffcfffffffc
ffffffe900000003
0000001c00000022
00000005ffffffec
ffffffe5fffffff7
ffffffef00000012
ffffffeb00000011
fffffff0fffffff7
fffffffc00000001
00000000ffffffe9
0000000afffffff6
0000000700000017
0000001e00000016
ffffffe000000018
ffffffdf00000007
fffffff6fffffff4
00000015ffffffff
00000029fffffff6
000000030000000f
fffffffb0000000d
ffffffec00000017
fffffffb00000010
fffffffbfffffff9
00000002fffffff9
fffffff30000002a
fffffff200000010
ffffffe700000010
ffffffe2ffffffe4
ffffffdf00000015
fffffffffffffff4
0000002300000003
ffffffe50000001a
00000014fffffffe
00000009fffffffb
0000001400000011
fffffffefffffff8
00000004fffffffe
ffffffe9fffffff1
fffffff900000005
00000000ffffffdb
fffffffafffffff7
0000000100000011
0000000efffffffa
fffffff9fffffffe
0000000e0000000b
0000002100000018
0000001400000014
00000013ffffffdf
fffffff70000000b
ffffffff00000004
00000002fffffff9
00000011fffffff2
ffffffca00000022
ffffffeaffffffe8
ffffffeb00000012
ffffffe600000013
fffffff4ffffffe0
00000018ffffffe6
ffffffeb00000019
0000001800000010
ffffffff00000029
ffffffe9fffffffb
fffffffe00000005
fffffff100000009
ffffffe6ffffffec
0000002800000004
000000170000000c
0000001900000006
ffffffd3fffffff3
00000007fffffff8
fffffffcfffffff3
fffffff20000000f
0000000fffffffe7
00000019ffffffe7
fffffffaffffffe2
ffffffe8fffffffb
0000000900000022
fffffff3ffffffea
fffffffbffffffe1
fffffff8fffffff0
fffffffdffffffe4
fffffff80000000c
00000009ffffffef
00000006fffffff3
fffffff80000001b
fffffffb00000010
000000210000001a
00000009fffffff8
0000000700000011
0000001c0000001a
fffffff90000000b
000000290000000e
ffffffd6ffffffe7
0000000000000021
0000000800000003
0000002f00000007
00000010ffffffff
00000013ffffffee
0000000d0000000d
fffffffdfffffffc
fffffff6ffffffeb
000000000000000a
0000001d0000001b
fffffff1fffffff1
00000008ffffffe7
fffffffafffffff4
000000040000002e
fffffffeffffffed
ffffffe800000003
00000003fffffff7
ffffffdf00000011
0000000b0000000b
00000004fffffffd
fffffffbfffffff4
fffffff5fffffff7
fffffff800000002
00000009ffffffed
0000001300000010
0000001b00000002
00000011fffffff5
0000000bfffffff6
00000005ffffffd1
00000004fffffff3
00000001fffffffd
fffffffdffffffd8
fffffff1ffffffea
000000080000000a
fffffff100000005
ffffffeb00000019
ffffffdb0000000d
fffffff10000000d
fffffff6ffffffe9
00000006ffffffe1
0000001000000000
ffffffeb00000001
fffffffaffffffec
0000001000000000
ffffffe700000016
00000003ffffffe6
0000000200000009
00000016fffffffe
ffffffe9ffffffee
0000000b0000001c
0000000b00000022
ffffffedfffffff5
0000000000000016
ffffffeafffffff4
ffffffe8fffffff9
000000170000000f
fffffff5ffffffe8
ffffffe9fffffffb
fffffffd00000019
00000003ffffffee
0000000700000009
0000000400000027
ffffffebfffffff6
fffffff100000022
0000000cfffffffa
00000002ffffffef
fffffff600000010
ffffffef00000008
fffffff7fffffffc
0000000600000005
00000001fffffffb
ffffffe200000000
ffffffe600000003
ffffffe60000000b
00000019ffffffe3
ffffffedffffffe5
0000000400000015
ffffffe600000017
fffffffd00000019
fffffff200000004
fffffff6ffffffe4
fffffff1ffffffff
00000007fffffff3
0000000b00000000
0000001bffffffef
0000000ffffffffc
00000003fffffff6
000000130000000d
ffffffec00000026
000000030000000d
0000001dfffffff3
fffffffdfffffff1
ffffffd7ffffffed
fffffff100000006
00000006fffffff8
fffffff8fffffffc
ffffffee00000020
fffffff500000017
0000000900000005
ffffffd500000004
ffffffedffffffed
0000001000000013
000000010000000b
00000015fffffff9
0000002600000001
0000001f00000011
0000000800000000
ffffffd0ffffffec
ffffffe3fffffff8
0000000900000014
ffffffeaffffffe3
ffffffeb00000013
fffffffeffffffef
ffffffcfffffffd8
0000000100000014
00000010fffffff2
fffffff50000001e
ffffffeffffffffb
0000000bfffffff0
00000003fffffffc
0000000000000006
0000001300000001
00000008ffffffef
0000000b00000005
ffffffe800000005
ffffffeb00000014
0000000ffffffffc
00000002fffffff3
ffffffe0ffffffde
fffffff700000003
fffffffcfffffff8
fffffffcffffffd2
fffffffafffffff5
ffffffecffffffd8
fffffffafffffffd
00000015fffffff9
ffffffee00000019
ffffffe400000003
fffffff1fffffff2
fffffff500000007
fffffff30000000f
ffffffec0000001c
00000019fffffffe
ffffffe3ffffffee
fffffffd00000015
ffffffedfffffffa
0000000500000000
0000000900000009
0000002e0000000a
ffffffe8fffffffe
fffffffcffffffee
0000000efffffff7
0000000e0000001c
00000010fffffffd
fffffff2ffffffe6
0000000f00000027
ffffffeb00000006
00000015fffffff5
fffffff6fffffff2
0000000900000012
ffffffec00000005
00000014fffffff4
00000004fffffff8
ffffffe4fffffffe
0000000600000002
ffffffd800000009
0000000700000021
ffffffffffffffe3
0000002000000019
ffffffec00000021
00000005ffffffe8
00000025ffffffee
fffffffd00000015
00000006ffffffe6
ffffffe200000022
0000000500000017
fffffff300000025
ffffffef00000000
ffffffe1fffffff9
fffffffa0000002b
00000009fffffff9
fffffffcffffffea
fffffff5ffffffe9
0000000500000004
ffffffe5ffffffea
00000013fffffff2
0000000b00000007
fffffff900000006
fffffff7fffffffe
fffffffdfffffff4
0000001bfffffff9
fffffff6ffffffed
fffffff400000006
0000002100000020
fffffffe0000000e
fffffff0fffffffb
0000001100000005
fffffff80000000d
0000002100000006
ffffffdc0000000f
0000000800000007
fffffff1fffffffa
fffffffc0000000b
0000003000000009
ffffffe9ffffffde
000000190000000e
fffffff2fffffff8
0000001fffffffdd
fffffffe00000003
fffffffd0000001a
0000001100000008
0000001000000005
fffffffffffffffe
ffffffd700000006
0000000b00000010
fffffffdffffffeb
fffffff1ffffffea
00000028fffffff6
000000010000001d
fffffff7ffffffef
0000002a0000001a
fffffffcfffffff1
fffffff0ffffffea
00000000fffffff3
fffffff80000000d
fffffffdfffffffd
fffffff3ffffffee
0000000d00000003
00000005fffffff9
0000000c0000000d
ffffffe20000000b
ffffffd6fffffff0
00000006fffffffa
0000000f00000002
ffffffe400000016
000000030000001e
000000220000000d
fffffff3ffffffdd
00000006fffffff8
0000001600000022
00000018fffffff9
0000001600000002
0000000cfffffff6
0000001dffffffde
000000040000000b
00000013fffffff7
fffffff8ffffffef
ffffffee00000012
ffffffeafffffff6
fffffffbfffffff8
ffffffe7fffffffe
fffffff1ffffffe6
ffffffff00000011
ffffffef00000013
ffffffe500000011
fffffffe0000001e
0000000c0000000c
ffffffeefffffff9
000000110000000b
fffffffdffffffd8
0000001200000006
fffffff6fffffff8
0000000400000012
fffffff400000017
fffffffb0000000e
0000000000000001
00000019fffffff6
00000006fffffff0
ffffffebffffffee
000000130000001b
0000000f0000000b
fffffffc0000000b
0000000800000013
00000008fffffff9
fffffff2fffffff4
0000000efffffff7
0000000000000004
fffffff500000011
fffffffaffffffff
fffffffdfffffff1
00000015ffffffee
ffffffee00000016
fffffffe00000002
ffffffeb0000001e
000000110000000a
fffffff900000020
ffffffe700000010
0000000700000002
fffffff100000004
0000000400000019
fffffffa00000007
00000013fffffffb
fffffff6ffffffff
00000009ffffffee
fffffff9ffffffed
0000001b00000003
00000001ffffffe0
0000000300000017
fffffff30000000c
fffffffd00000026
fffffff400000002
ffffffcafffffff1
fffffff8fffffffd
ffffffe9ffffffef
ffffffe8fffffffd
0000000b00000008
fffffffffffffff4
0000000bffffffec
ffffffeefffffffe
000000320000000e
fffffffbffffffed
0000000bfffffff8
0000001300000015
0000000e00000017
0000000500000004
ffffffef00000012
fffffffefffffffa
fffffff2fffffffb
fffffffb0000000f
0000000200000015
000000100000000c
0000002700000011
0000000400000012
fffffffb00000001
00000015fffffff3
00000036ffffffed
0000000d00000005
0000001700000018
00000014fffffffc
fffffff6ffffffda
0000000400000001
fffffff7fffffffd
fffffffdffffffe1
0000000900000025
00000017fffffffe
fffffff70000000e
ffffffef00000010
000000100000000b
0000000effffffeb
ffffffecfffffff3
0000000cffffffeb
000000070000000d
0000000400000004
000000090000001a
fffffff500000003
0000001200000019
0000000fffffffec
fffffffe00000016
fffffff400000018
ffffffffffffffe6
ffffffdfffffffe5
0000001100000000
00000008ffffffe8
00000020ffffffe5
ffffffeefffffff6
fffffffaffffffef
fffffff100000004
fffffff100000019
fffffff10000000f
fffffff0fffffffd
fffffff0fffffff8
fffffff2ffffffe9
00000000ffffffde
0000000cfffffff5
fffffff50000000f
fffffff1ffffffec
0000000200000013
fffffffbffffffdf
0000000dffffffec
ffffffee00000005
ffffffee00000006
00000007fffffffc
0000001800000025
ffffffd200000003
000000070000001f
ffffffffffffffef
0000000b00000010
0000002300000016
fffffffdfffffffc
ffffffd100000021
00000003ffffffec
fffffff60000000e
fffffffdffffffef
fffffff000000005
fffffff6fffffff3
00000006fffffff0
fffffff2fffffff2
0000001affffffff
fffffffa00000008
00000003fffffffd
0000000200000000
ffffffee00000000
fffffffd0000000d
ffffffd600000013
fffffff600000019
00000001fffffff9
00000004fffffff1
0000001b00000015
ffffffe8ffffffe7
000000070000000d
fffffffafffffff8
fffffff1fffffffe
0000001100000003
ffffffc80000000c
0000000300000006
ffffffe400000002
00000012ffffffdb
000000150000001a
0000000400000004
0000003100000001
0000000bffffffe9
fffffffd00000022
00000007fffffffa
0000001500000015
0000000ffffffff6
00000022fffffffd
fffffff3fffffff9
000000000000000b
ffffffe7ffffffff
0000000700000007
ffffffe000000000
ffffffe600000002
ffffffff00000007
000000010000000c
fffffff7ffffffe9
0000000900000003
fffffffc0000000c
0000000700000028
0000000e00000012
ffffffed0000000b
ffffffe700000008
fffffff4fffffff9
ffffffec00000014
00000016ffffffe9
00000002fffffff9
fffffff700000022
00000015ffffffe9
0000000effffffee
00000029ffffffee
fffffffbffffffed
fffffffafffffff7
fffffff900000027
0000000b00000012
ffffffff00000044
000000120000000c
000000110000000a
0000000a00000012
ffffffe800000019
0000000900000012
0000000500000009
00000027fffffff5
ffffffdd00000012
0000000a00000001
000000010000000c
fffffff200000004
ffffffed00000021
fffffff3fffffff0
fffffff1fffffff3
fffffffeffffffe4
fffffff9fffffff8
fffffff400000004
0000001400000008
ffffffea00000023
00000004ffffffe9
fffffff3fffffff2
00000010fffffff7
ffffffeffffffffc
fffffffefffffff3
ffffffe800000010
0000000300000003
fffffff600000014
0000002ffffffffd
fffffffd00000003
ffffffdd00000005
ffffffdfffffffe4
fffffff0ffffffdf
0000001500000010
0000000800000009
ffffffe300000008
0000000300000005
0000000700000009
fffffffcfffffff5
00000002fffffff6
ffffffeefffffff7
ffffffff00000002
fffffff0ffffffe8
0000001500000002
fffffff70000001c
fffffffc00000005
0000001400000009
0000000100000014
fffffffc00000025
fffffff1fffffffa
fffffff50000000b
00000002ffffffeb
0000000500000006
ffffffd2fffffffa
fffffffcfffffff6
ffffffeafffffffb
0000001c00000004
00000018fffffff6
ffffffe9ffffffe6
fffffff200000004
fffffff0fffffff3
0000000000000005
ffffffef00000001
fffffff300000013
0000000b00000014
ffffffe700000014
00000001ffffffe3
00000015fffffff5
fffffffa00000002
0000002100000002
ffffffe100000010
00000011fffffff3
0000002800000011
0000002000000014
0000001affffffc4
00000001ffffffe9
fffffff8fffffffc
00000008ffffffdf
ffffffcdfffffff6
0000001000000003
ffffffe300000003
fffffff9fffffff3
ffffffbe00000012
0000000500000006
ffffffd70000000a
ffffffef00000017
00000003ffffffd6
ffffffe2fffffff6
fffffff600000028
0000000ffffffffb
ffffffdafffffff8
000000200000000f
0000000100000008
00000009ffffffe6
ffffffec00000006
00000016fffffff4
fffffffd00000002
0000000ffffffffe
000000150000000b
0000000d00000009
0000002000000018
ffffffeffffffffc
fffffffc00000007
0000000efffffff6
ffffffeb00000007
0000001300000015
ffffffdbfffffffd
fffffffafffffff8
00000000fffffff6
fffffff000000017
fffffffd00000016
fffffffd0000000a
0000000dffffffe8
fffffffaffffffe2
ffffffe20000000e
fffffffeffffffd6
0000000dffffffee
00000004fffffffc
0000001dffffffef
0000000bfffffffc
0000000600000015
00000008ffffffeb
fffffffd0000001f
fffffffe00000016
ffffffe100000005
000000120000001f
ffffffd6ffffffe6
00000012fffffff1
fffffffbfffffff4
00000015ffffffed
0000000cffffffff
00000005fffffffc
ffffffe8ffffffeb
ffffffec00000014
0000000300000010
ffffffedffffffff
ffffffe4ffffffeb
00000022fffffff1
ffffffdefffffffa
00000001ffffffdd
00000005fffffff6
fffffffd0000001a
fffffff5fffffff7
0000000400000002
0000000400000001
0000002300000000
00000004fffffff7
0000000c00000019
ffffffecffffffeb
ffffffecffffffe2
00000005ffffffd4
fffffffb00000009
fffffff6ffffffe9
0000001300000008
00000004ffffffdd
ffffffffffffffe8
00000015fffffff8
ffffffe60000000d
00000008fffffffa
00000008fffffff0
ffffffecfffffffc
00000032fffffff9
0000002200000002
00000006ffffffdc
ffffffff00000009
fffffffefffffff6
00000003ffffffee
ffffffecfffffff4
ffffffddfffffff6
0000000700000019
00000025fffffff4
00000006ffffffd7
000000120000002f
0000001d00000023
0000002cfffffff6
00000008ffffffe3
ffffffffffffffe2
fffffffafffffff6
ffffffee00000024
fffffff6fffffff4
fffffff200000007
00000003fffffff8
0000000b00000009
0000000b0000000f
0000001100000019
0000000100000013
000000160000002e
fffffffdfffffff6
00000001fffffff0
fffffffbfffffffc
fffffff7ffffffee
0000002b0000000a
ffffffe8fffffff9
00000005fffffff8
fffffff200000008
00000018fffffffe
0000000a0000000a
00000016fffffff9
fffffff4fffffff7
0000000cffffffee
ffffffecffffffef
0000000fffffffed
ffffffff00000009
0000000800000019
000000010000002e
ffffffe3fffffff7
0000000bfffffff4
fffffffb00000019
fffffff1fffffffd
0000001700000028
fffffffd00000014
fffffffe00000010
ffffffe8fffffffd
0000000e00000002
ffffffec00000032
00000003fffffffb
ffffffd9ffffffe9
fffffff1fffffff6
ffffffffffffffe8
ffffffdd0000000a
0000000800000013
0000000b00000011
0000000a0000000a
0000000afffffff5
ffffffed00000002
fffffff7ffffffe6
000000020000001b
00000002fffffffd
ffffffeffffffffc
0000000a00000012
fffffffdfffffff3
ffffffffffffffed
000000020000001e
fffffff900000007
00000007fffffff3
0000001afffffff8
0000001f0000000f
ffffffea00000015
00000014fffffffe
00000006ffffffef
0000002affffffe5
00000000fffffff7
000000040000000d
0000000900000017
fffffff80000002e
fffffff5fffffff9
00000015fffffff4
00000007fffffff1
fffffff30000001f
ffffffdf0000001b
00000016fffffff4
0000001b00000001
fffffffbffffffe8
0000000affffffdb
0000001b00000003
0000000efffffff9
00000010fffffffc
ffffffe90000002f
0000000800000012
ffffffe200000011
fffffff9ffffffff
fffffff7fffffff4
0000002bfffffff7
ffffffebffffffe0
00000010ffffffdf
fffffff6fffffff2
000000010000001b
00000025ffffffee
ffffffd6fffffffd
ffffffe600000012
ffffffee00000004
fffffffcfffffffc
fffffff9fffffff5
ffffffd500000010
fffffffbfffffff9
ffffffdb00000022
ffffffcf00000005
fffffffd00000018
00000009fffffffa
00000005ffffffef
ffffffeafffffff3
0000001a00000006
ffffffee0000000a
fffffff400000007
fffffff0ffffffbd
fffffff2ffffffec
ffffffe70000000e
0000001400000004
ffffffcefffffff3
fffffffafffffff2
0000001e00000004
0000000b00000014
ffffffe7ffffffe7
0000001e00000004
fffffffeffffffdd
ffffffef00000016
ffffffea00000002
0000000f00000012
fffffff0fffffffc
0000001c00000020
ffffffeb00000001
ffffffe400000005
0000002100000016
fffffff7fffffff1
ffffffe90000001c
fffffffcffffffef
fffffff6ffffffea
fffffffbfffffff1
fffffffd00000007
fffffff8fffffff9
fffffff40000000b
fffffff7fffffff3
fffffffbffffffdb
000000050000002a
fffffff0fffffff8
0000000b0000001b
fffffff6fffffff5
fffffffbfffffff1
0000000cfffffffa
0000000e00000002
00000016ffffffe9
ffffffefffffffe6
fffffffefffffff3
0000000000000000
00000000fffffffc
000000030000000f
fffffffafffffff7
0000000efffffffd
ffffffeb0000000f
00000005fffffff5
0000001a00000006
ffffffe5fffffff7
0000001c00000031
00000012fffffffe
0000002400000015
0000000c00000005
fffffff7fffffff2
ffffffe3fffffff1
0000000bffffffe1
ffffffeb00000011
ffffffdd00000012
ffffffe8fffffff8
0000000000000003
00000008fffffffd
00000008fffffffe
00000006fffffff8
fffffff0fffffff2
fffffff300000003
fffffff300000023
0000000300000002
00000001fffffff6
00000004fffffff4
000000390000001b
0000000100000002
ffffffde00000001
fffffffb0000000d
ffffffe1fffffffe
fffffff400000010
00000018ffffffeb
0000001d00000005
0000000000000009
00000013ffffffd8
0000000300000009
0000001000000002
0000000bffffffec
0000001a00000001
000000100000000e
fffffff900000001
fffffff3fffffffc
ffffffff0000000d
ffffffed00000033
fffffffa00000004
fffffffafffffffd
fffffffafffffffe
00000013ffffffee
fffffff200000012
fffffff6ffffffea
0000000dfffffffe
0000000e00000005
0000000500000007
00000001ffffffff
fffffff400000006
0000000700000020
0000000800000017
0000001900000017
ffffffdf00000005
0000000000000021
00000002fffffff7
00000016ffffffff
00000008ffffffeb
ffffffd500000029
00000015fffffffa
ffffffeeffffffeb
fffffff700000003
fffffff40000001f
00000001fffffffe
fffffff8fffffff5
fffffffdffffffde
ffffffe300000012
ffffffddfffffffe
ffffffeefffffffe
fffffff0fffffff1
00000022ffffffeb
ffffffea0000000f
00000011ffffffe2
00000001ffffffe9
0000001c00000004
000000020000000a
fffffff3ffffffed
00000006fffffffc
00000009fffffffe
00000009ffffffff
0000000e0000001b
0000000200000012
0000000effffffec
fffffffb00000004
00000005fffffffe
ffffffff00000005
0000000cfffffffc
00000029ffffffe8
0000001700000007
fffffff7fffffff1
0000000dfffffffd
fffffffc00000001
0000000300000003
0000002ffffffff3
00000013ffffffdc
00000001ffffffe2
fffffff6ffffffff
00000001ffffffe9
00000000ffffffea
0000001200000007
00000026ffffffea
fffffffdfffffffd
fffffff7fffffffa
00000008fffffff6
0000001effffffe5
0000002d00000014
ffffffe0fffffffb
00000005fffffffc
0000000b0000001d
0000000bfffffff3
000000110000000c
00000028fffffff8
0000002000000002
fffffff2fffffff9
fffffff0ffffffe7
00000003ffffffef
0000000800000003
ffffffe8ffffffed
ffffffe5ffffffe0
00000004ffffffcd
fffffff7ffffffc6
ffffffef00000010
0000000ffffffff0
00000012fffffff4
fffffffc00000004
fffffff400000003
0000000c00000012
00000012fffffff9
000000160000000a
0000001400000003
00000011fffffff4
fffffff100000003
ffffffeafffffff4
00000006ffffffed
00000028ffffffef
ffffffef00000018
0000000700000002
fffffff500000001
fffffff9ffffffee
fffffff100000000
ffffffec00000017
0000000c0000000a
0000000cfffffff9
fffffff0fffffffb
00000007fffffffd
ffffffed00000010
fffffffbffffffd5
fffffff6fffffff2
0000000a00000014
fffffff70000001d
0000002a00000019
0000001dfffffff6
00000004fffffff9
0000000b00000023
00000006fffffffc
fffffffafffffff7
fffffffe0000000d
ffffffec00000023
fffffff500000011
000000190000000f
fffffff1fffffff3
00000010ffffffff
fffffff90000000a
000000130000000f
fffffffcfffffff1
0000000f0000000d
ffffffd1fffffffd
00000004ffffffee
0000000d00000020
0000000400000008
0000001f0000000a
00000024ffffffec
0000002400000007
fffffffdfffffffd
00000007ffffffe8
fffffff800000005
fffffff9ffffffff
0000000800000000
0000001cffffffdc
fffffffa00000011
fffffff60000000f
fffffff900000004
fffffff600000003
fffffff700000005
0000000e0000002e
00000007ffffffd9
fffffff0ffffffee
fffffff1ffffffed
fffffffefffffff0
0000002100000015
ffffffdbfffffff8
0000001500000022
ffffffec00000001
0000000700000009
0000000700000008
00000000fffffff9
ffffffedfffffffe
000000030000000a
fffffff5fffffff8
fffffff30000000c
fffffffb0000003d
fffffffa00000018
fffffffaffffffd8
00000011ffffffe2
0000000000000014
fffffff3fffffffc
0000000000000004
0000000100000008
ffffffe700000012
ffffffdafffffff1
fffffffefffffff0
fffffff6fffffff3
ffffffe7fffffffc
fffffff90000001d
ffffffd200000000
00000011fffffffc
fffffffafffffffc
fffffff6ffffffed
fffffffc00000006
0000001bffffffea
0000000efffffffe
fffffff7fffffffe
fffffffeffffffee
00000012ffffffef
fffffff500000000
ffffffe500000009
0000001efffffffd
00000012ffffffea
000000070000000e
000000020000000b
0000000b00000017
0000001200000000
fffffffbfffffff1
00000000ffffffec
000000080000000b
00000003ffffffed
fffffff9ffffffec
ffffffe4fffffff0
ffffffe3ffffffe9
00000001fffffffc
fffffff2fffffffb
0000000500000010
0000002ffffffffb
0000000affffffff
000000090000001d
000000120000000f
fffffff8ffffffe9
ffffffff00000011
0000001c00000007
0000001200000000
0000000d0000001b
0000000700000012
fffffff600000009
ffffffecfffffffe
000000050000001e
ffffffedffffffe3
00000000fffffffd
00000013ffffffed
ffffffdcfffffff5
00000007fffffff8
00000008ffffffe0
fffffff600000002
00000019fffffffc
fffffff60000000c
ffffffef00000003
fffffffd00000000
ffffffeb0000000e
0000000600000006
ffffffffffffffe9
ffffffe600000002
0000000700000011
0000001affffffe9
fffffff8ffffffe7
00000002ffffffe9
fffffff8ffffffed
0000000afffffffb
0000000100000014
0000000100000005
fffffff2fffffffa
00000018ffffffe9
fffffff900000008
0000000400000004
0000000000000009
00000009fffffff9
ffffffff00000004
fffffff0fffffff4
ffffffe4fffffffa
00000003ffffffed
0000000ffffffffb
000000020000000c
0000000dfffffffd
ffffffee00000005
fffffff1fffffff6
0000001c0000000b
fffffff400000009
fffffff000000008
0000000100000014
fffffffb00000004
fffffffb00000004
fffffffe00000004
00000013fffffffb
00000009ffffffee
00000015ffffffe7
000000020000000e
ffffffedfffffffe
0000000900000012
fffffffd0000001a
00000009fffffffd
ffffffffffffffff
ffffffeefffffff7
fffffff900000014
fffffff50000000e
fffffffe0000000b
fffffffdffffffe6
fffffffc00000008
0000000ffffffff8
0000002500000009
fffffffd0000000f
fffffff1fffffffa
fffffffaffffffee
0000000a0000000d
00000001fffffffb
00000009fffffff3
ffffffefffffffeb
fffffffe0000001b
00000011fffffff9
fffffff9ffffffeb
0000001e00000000
ffffffef0000000a
0000002400000000
ffffffeaffffffe7
00000006fffffff9
00000012fffffffb
0000001a0000000a
ffffffed0000000d
ffffffe300000019
0000001dffffffe8
fffffff3ffffffe6
00000011fffffffd
00000005fffffff4
fffffffd00000016
0000000800000015
ffffffea00000003
fffffff100000010
ffffffed00000022
fffffff90000000b
0000000a00000002
ffffffeb00000003
0000000c0000001d
ffffffeb00000004
fffffff5ffffffeb
00000004fffffffc
000000010000000e
ffffffd800000006
0000001c0000000c
0000000dfffffff9
ffffffddfffffffa
ffffffebffffffe3
ffffffffffffffdf
0000000e0000001b
fffffff500000003
0000000f0000001b
ffffffeefffffffd
0000001400000004
00000007fffffff1
00000007fffffff3
ffffffe000000002
0000000200000003
ffffffea00000009
ffffffee00000017
fffffff500000017
000000150000000c
fffffff9fffffff3
0000000e00000000
ffffffed00000005
ffffffefffffffff
ffffffed00000000
000000170000001b
fffffff70000000b
00000004fffffff7
00000018fffffff9
00000005fffffffd
00000018fffffff7
0000002ffffffffc
0000001500000002
0000001000000002
0000000800000018
0000000b00000004
00000015fffffff4
00000001fffffff8
0000000300000002
fffffff9fffffff9
fffffff50000001b
00000021ffffffe0
0000000afffffff8
0000001cfffffff2
fffffff800000001
ffffffd000000021
fffffff200000016
fffffffbfffffffc
ffffffee00000010
00000005fffffffb
fffffff6ffffffed
00000014fffffff1
00000016ffffffff
00000014fffffff6
0000000100000022
0000000300000009
0000000000000002
ffffffdaffffffe7
0000000afffffff9
00000012ffffffff
0000001800000002
0000001400000009
000000230000001c
0000001a0000001b
0000001200000006
000000050000000b
fffffff1fffffff3
fffffffcffffffff
ffffffe20000000a
0000000400000003
0000001100000010
fffffffffffffffe
fffffffaffffffe9
0000001500000008
0000000c00000022
ffffffe5fffffff8
fffffff0ffffffcf
ffffffee0000000a
fffffffb00000017
00000013ffffffef
0000000300000005
fffffffc00000012
000000070000000a
ffffffecffffffee
ffffffc300000009
00000004fffffff4
ffffffeb00000008
000000170000000d
ffffffd0fffffffd
0000002e00000003
0000001400000008
00000013fffffff2
0000001a00000000
fffffffbfffffff9
0000001600000014
fffffff7ffffffee
00000010ffffffe5
00000000fffffffd
000000010000000a
ffffffef00000011
0000001e00000003
fffffff1ffffffe9
fffffffb00000000
00000002fffffffe
ffffffe50000001d
0000000000000000
fffffff000000012
0000000afffffff4
fffffff200000013
fffffff700000006
000000030000001a
fffffffcfffffffe
00000006ffffffe3
00000000fffffffe
fffffffdffffffff
fffffff500000016
0000000400000005
00000017fffffffb
00000024ffffffea
fffffff4ffffffe6
0000002100000012
0000000700000003
00000018ffffffe2
fffffffd00000014
fffffffc00000002
ffffffe600000032
0000000a0000000a
0000000500000015
0000000700000018
fffffffd0000000e
fffffff8ffffffe6
0000000dfffffffb
0000001c00000035
ffffffe800000001
0000000bffffffde
fffffff8fffffffa
ffffffdeffffffeb
ffffffdf00000029
fffffff900000004
fffffff700000018
ffffffecffffffed
0000000a00000022
ffffffcafffffff9
0000001efffffff4
ffffffd5ffffffef
00000009fffffffa
fffffff8ffffffd0
fffffffa00000033
ffffffe9ffffffe8
ffffffe9ffffffe9
fffffff600000002
ffffffe9fffffffd
00000006fffffff5
00000009ffffffe7
000000050000001e
0000002700000033
ffffffe800000016
ffffffedfffffff1
fffffff1fffffff4
0000001200000013
fffffffe00000006
ffffffddfffffffe
ffffffee0000000a
000000000000000b
fffffff9ffffffdd
fffffffdfffffff3
0000000ffffffff2
0000000100000006
fffffff7fffffff8
00000005ffffffe5
00000019ffffffe4
ffffffed0000000e
ffffffe7fffffffe
0000001a00000027
ffffffeffffffff5
ffffffe7fffffff1
ffffffd500000011
fffffffd00000003
0000001300000006
fffffffb00000015
ffffffde00000002
ffffffe5fffffff5
ffffffe3fffffffa
ffffffeb00000005
ffffffe7fffffffd
0000000dffffffe3
fffffffdfffffffb
fffffffe0000000c
fffffff8ffffffe3
fffffff700000006
fffffff200000015
fffffff7fffffff7
0000001f00000001
0000000bffffffef
fffffffbffffffef
fffffff8fffffff8
ffffffdffffffff7
fffffff300000001
0000001e0000001e
ffffffee00000008
00000014fffffffc
ffffffe700000011
fffffffbffffffef
fffffff9ffffffe7
0000002a00000010
fffffffc0000001d
fffffff800000001
ffffffffffffffe0
fffffff700000002
0000000c00000013
fffffff100000001
ffffffd500000010
ffffffe2ffffffff
00000007ffffffe7
fffffffcfffffff4
fffffffcffffffed
ffffffeb0000000a
ffffffdc00000005
fffffffcfffffff8
ffffffeefffffff2
fffffff7fffffff8
00000003fffffff9
ffffffe700000007
fffffffb0000000e
0000001fffffffe6
ffffffe500000000
fffffff200000020
0000000500000010
ffffffe2fffffff7
00000000ffffffeb
0000000300000015
00000005fffffff0
000000180000000b
fffffffaffffffe7
fffffff600000001
fffffff5fffffffc
fffffff6fffffffc
0000001fffffffe9
00000015ffffffe3
00000001fffffff4
0000000dfffffff7
ffffffe60000000b
fffffff7fffffff5
fffffff90000000b
0000000d0000002b
ffffffe6fffffffb
fffffff500000002
000000070000000b
00000008fffffff2
00000004fffffffd
0000000c00000018
fffffff9fffffff7
ffffffecfffffff7
00000002fffffffe
ffffffe4ffffffe9
fffffffe00000013
0000002400000000
0000002000000026
0000000700000010
000000140000001c
000000240000000e
fffffffcffffffff
ffffffe200000001
0000000d00000002
fffffff7ffffffee
0000000700000005
fffffffb00000023
0000000efffffff9
ffffffd800000017
00000011fffffff1
ffffffeefffffff5
fffffffb00000002
0000000effffffe0
ffffffdffffffff7
ffffffe20000000b
00000000fffffff4
ffffffddfffffffc
ffffffef0000000f
0000000a00000002
0000000100000005
00000002ffffffe7
ffffffe00000000a
fffffff9fffffffc
00000007ffffffeb
fffffff80000000b
0000000000000000
ffffffe800000014
00000012fffffffc
fffffffefffffff0
fffffffafffffff4
fffffff0ffffffe3
fffffffafffffff1
ffffffe500000006
0000000200000024
ffffffe4ffffffe9
00000016ffffffed
00000001fffffff7
fffffff8fffffffc
ffffffd4fffffffd
ffffffea00000004
ffffffef00000017
fffffff200000011
ffffffef00000001
fffffff300000006
0000000c0000000a
00000016fffffff9
00000034fffffffa
ffffffe2fffffff1
0000000800000016
fffffffefffffff5
ffffffeaffffffdf
fffffff0fffffff1
0000000b0000000a
ffffffebffffffef
00000007fffffff8
fffffff700000013
00000016ffffffec
ffffffecfffffffe
ffffffebfffffffe
fffffffe00000002
0000000200000013
ffffffeafffffff4
0000001700000006
0000001b00000004
ffffffeafffffffb
00000021fffffff9
0000000f0000000a
fffffffdfffffffe
0000002000000011
00000009fffffffa
00000010fffffffc
fffffffbfffffff2
ffffffde00000012
fffffff60000000b
0000001cfffffff1
00000011ffffffd9
fffffff10000000e
0000000100000002
0000001300000004
0000001d00000009
0000001300000002
ffffffebfffffff1
ffffffe7fffffff1
0000000700000017
00000015fffffffd
0000000e00000007
fffffff900000009
ffffffdd00000008
ffffffee00000008
fffffffd00000000
fffffffa00000002
fffffff7ffffffe3
0000000100000036
fffffff300000006
00000025fffffff7
00000003fffffffb
00000001ffffffff
ffffffe800000003
00000002fffffffc
00000007fffffff7
fffffff600000015
ffffffe3fffffffd
fffffffa0000001c
ffffffdf00000015
000000050000000d
ffffffff00000005
ffffffd800000004
fffffffdffffffed
ffffffd0ffffffff
fffffff2fffffff3
ffffffe700000014
0000001500000015
00000013ffffffe5
ffffffdc0000000f
fffffff600000015
00000002ffffffff
0000000afffffff1
000000200000001f
ffffffe3ffffffef
0000000e00000005
0000000b0000000a
00000013fffffffb
fffffff200000014
00000004ffffffe2
0000001c00000008
00000000ffffffe7
fffffffa00000001
fffffffdfffffffd
0000001bffffffe6
ffffffeefffffffb
00000001ffffffff
fffffff60000000b
fffffffd00000019
0000001a00000014
fffffff0fffffffa
fffffff500000011
ffffffeaffffffe7
fffffff9ffffffe0
0000000cfffffff2
fffffffeffffffeb
fffffffc0000000d
ffffffea00000001
0000000b0000000e
00000001fffffff7
00000012ffffffff
ffffffff00000000
fffffffbfffffff7
fffffff000000001
ffffffecffffffe1
00000002ffffffff
fffffff100000003
0000001e00000007
00000013fffffff0
0000000efffffffb
00000007ffffffeb
ffffffe4ffffffd8
0000002400000008
00000018fffffff9
fffffff900000009
fffffffafffffff7
0000000dfffffff0
ffffffe400000006
ffffffeefffffffd
ffffffec00000018
0000001000000009
00000001ffffffeb
fffffffbffffffeb
fffffffc00000001
0000000bffffffe6
fffffff2fffffffa
0000001600000007
ffffffebfffffff0
00000007fffffffd
fffffff900000006
fffffff3ffffffd7
0000001900000003
00000010fffffff4
0000001900000006
ffffffec00000034
0000000900000013
000000040000001a
fffffff8fffffffc
0000000000000014
ffffffe9fffffffd
0000000effffffe8
fffffff10000000f
ffffffedffffffff
0000000b00000011
ffffffff00000008
ffffffebfffffff6
0000001b00000019
fffffff800000008
ffffffe2ffffffe1
fffffffc00000017
00000005ffffffef
fffffff8ffffffd3
fffffffd00000018
fffffff700000004
fffffff4ffffffee
fffffff400000017
fffffffc0000001b
00000028ffffffdd
fffffff0fffffffc
0000000300000012
00000001ffffffe5
0000001100000012
ffffffffffffffef
0000000e00000014
fffffff8fffffff6
0000001600000022
0000000900000006
00000023fffffff8
0000000400000017
fffffff6ffffffec
fffffffb0000000d
0000000500000013
fffffff8ffffffe8
ffffffec00000007
ffffffe800000016
0000002200000015
ffffffe6ffffffe2
00000005fffffff3
fffffffb00000014
0000001300000001
ffffffe300000003
fffffff7ffffffe8
0000001f0000000c
0000000a00000012
fffffffafffffffc
000000040000002b
000000060000001c
ffffffd500000001
ffffffeaffffffeb
fffffff9fffffffe
fffffff500000002
ffffffe700000014
ffffffffffffffff
ffffffe4ffffffed
0000000dffffffda
0000001dfffffff1
00000011ffffffe7
0000000200000012
00000007fffffff1
000000040000001f
00000017fffffffb
0000001000000015
ffffffff0000000d
0000000600000007
fffffff200000010
00000005ffffffe7
ffffffe90000001a
00000000fffffff4
fffffff3fffffff0
0000000100000008
00000009ffffffef
fffffffd0000000c
ffffffff00000007
0000000f00000017
fffffffe00000002
fffffff8ffffffe2
ffffffed00000021
fffffff20000000b
ffffffe7fffffff1
000000020000001d
00000006ffffffea
ffffffffffffffe7
fffffff1fffffff9
fffffff7fffffff5
0000000c00000007
00000003fffffffa
0000000000000006
ffffffdcfffffffc
ffffffebffffffea
ffffffe90000000c
ffffffe0fffffff0
0000000ffffffffa
fffffff90000001f
0000000afffffff9
0000001400000018
0000001400000005
00000007ffffffe5
fffffff6fffffffd
fffffff50000000a
00000004fffffff9
fffffffe00000014
00000001ffffffea
00000004fffffffa
ffffffef0000001b
0000002f00000001
ffffffecffffffef
0000000400000024
0000002100000006
fffffff300000005
000000160000001b
0000001100000016
ffffffdc0000002b
0000000900000010
ffffffdc0000000b
fffffffbffffffda
0000000afffffff0
0000000affffffeb
0000000d00000000
ffffffedfffffff6
000000030000000b
fffffff0fffffffd
00000019fffffff4
ffffffd500000008
00000007ffffffd3
ffffffee00000024
fffffffe0000000f
fffffff80000002f
0000000f0000000d
fffffffa00000010
00000008ffffffea
ffffffee0000000b
fffffff3ffffffd3
fffffff2fffffffa
ffffffd300000024
00000021fffffffe
00000003fffffff9
00000006ffffffeb
00000010fffffff5
000000060000000c
ffffffe8ffffffeb
00000008fffffff2
00000012fffffff2
0000002500000007
fffffff500000014
0000000f00000007
0000000fffffffe9
fffffffcfffffffb
00000017fffffff1
0000001700000002
000000180000000a
00000015fffffff7
ffffffe4ffffffe6
0000000afffffffc
0000003000000033
fffffff700000001
ffffffe2fffffff1
00000007fffffffb
00000006fffffff7
000000100000000e
fffffff6fffffff8
fffffff400000003
ffffffe6fffffff0
0000000dffffffdb
fffffff300000013
fffffff100000017
0000001b00000015
fffffff800000011
00000000fffffff5
fffffff3ffffffec
fffffff9ffffffec
00000003fffffffe
000000010000000b
fffffffb00000013
fffffffefffffff2
0000001300000006
fffffff60000000f
00000024fffffff8
ffffffe8fffffffe
fffffffe0000000a
ffffffd7fffffffb
ffffffe400000011
fffffffdffffffea
fffffff200000008
ffffffe500000003
0000000500000018
fffffffb00000013
ffffffe700000016
ffffffe2fffffffc
000000010000001f
fffffff3fffffff6
fffffffd0000001e
ffffffeafffffff4
fffffffeffffffe8
00000017ffffffe2
ffffffe70000000a
fffffffbffffffde
fffffff3fffffff3
0000000600000011
0000000cfffffff9
0000001a00000000
00000026fffffffd
fffffff7fffffff2
0000000700000011
fffffffe0000000a
0000000300000006
0000002500000000
0000001700000005
ffffffeafffffff7
0000000effffffe5
fffffffb00000022
0000000efffffff1
0000000dffffffff
0000000500000005
ffffffdb00000016
fffffffe00000021
0000001000000005
fffffff9fffffffd
ffffffe8fffffff9
0000000600000014
fffffffeffffffee
00000012ffffffe6
000000150000000e
0000001500000021
ffffffdffffffffe
000000020000000c
fffffff200000023
fffffff8ffffffe1
0000000e00000003
0000000dfffffff8
fffffffefffffff9
fffffffdffffffff
fffffff9fffffffd
fffffffbffffffed
00000016fffffffd
ffffffdc00000011
0000000500000015
00000000fffffff7
00000026ffffffcc
ffffffe7fffffffe
00000008fffffffa
0000000fffffffea
fffffffd00000004
fffffff80000000a
ffffffee00000000
fffffff3fffffff3
ffffffec00000004
00000019ffffffe9
fffffff5fffffffb
fffffff2fffffffc
ffffffffffffffdd
ffffffe100000009
0000001700000002
ffffffe600000005
ffffffe000000020
0000001000000012
ffffffeffffffffa
ffffffe600000002
ffffffdf0000000d
0000001dffffffdc
000000000000000c
ffffffedffffffe6
0000000ffffffff7
0000002efffffffe
fffffff800000007
ffffffe2ffffffdc
fffffff800000005
000000190000001a
00000001fffffff3
00000009ffffffdc
fffffff9fffffff6
00000004fffffff0
fffffff6fffffffc
fffffff8fffffffe
ffffffffffffffd9
ffffffeffffffff9
ffffffe600000009
000000100000000d
ffffffffffffffee
fffffffbfffffff5
0000000affffffed
00000022fffffffd
ffffffd8fffffff2
0000000afffffff3
0000000e00000007
0000001afffffff4
00000011fffffffa
00000006fffffffd
0000001ffffffff4
ffffffd9fffffff3
00000003fffffff4
00000000ffffffe8
fffffffcfffffff8
fffffff200000008
ffffffe8fffffff5
00000005fffffff5
0000000c00000002
00000011fffffff2
000000240000001b
fffffffdfffffffa
ffffffe000000002
0000002500000003
00000013ffffffec
00000013fffffff8
fffffff400000014
fffffffefffffffd
fffffff500000006
fffffffafffffff9
fffffffa0000000c
ffffffe80000000f
ffffffe0fffffff5
00000008fffffffa
0000000500000009
fffffffaffffffff
ffffffe100000005
fffffffeffffffe9
00000007ffffffef
fffffffd00000001
00000012ffffffd2
000000150000001a
ffffffedfffffff5
fffffff3fffffffb
0000000100000015
000000100000001b
00000002fffffffc
00000003ffffffd8
ffffffed00000016
0000002affffffe1
0000001300000019
ffffffffffffffe9
ffffffeefffffff9
0000001cfffffff1
ffffffffffffffe3
0000000800000012
fffffffa0000000f
0000000dffffffd9
fffffff000000018
fffffff8ffffffee
fffffff100000010
0000001e00000003
0000000700000016
fffffffc0000000c
0000000a00000000
fffffffe00000005
fffffff400000002
0000000100000026
ffffffecfffffff5
ffffffeefffffff1
ffffffeafffffff4
00000003ffffffe8
000000050000002b
0000000b00000000
0000001500000011
0000001a0000000d
0000000e0000000b
00000013fffffffd
ffffffebffffffd9
0000000100000008
fffffffb0000000f
fffffffafffffffe
00000005ffffffe9
00000004ffffffee
00000017fffffff5
000000120000001f
00000018ffffffee
00000014ffffffee
fffffff8ffffffef
fffffff100000015
ffffffee00000016
fffffff000000004
0000001b00000006
fffffff20000000f
ffffffe900000001
0000000600000012
0000001000000010
fffffff600000017
fffffff3ffffffdf
000000140000000d
fffffffb00000000
fffffff700000007
fffffff30000000c
fffffffeffffffda
fffffff900000006
fffffff10000001e
0000000bfffffff8
fffffff000000002
0000000100000004
ffffffedfffffff2
fffffff0fffffffb
0000000100000008
0000001000000011
0000000700000000
0000000800000002
00000020fffffffc
0000001a00000016
fffffffb00000007
ffffffee0000000f
00000015fffffff0
ffffffe6ffffffd9
00000006fffffff7
0000000800000006
00000008fffffffb
ffffffecfffffff7
0000000000000001
0000000600000005
fffffff30000000e
000000030000001d
0000000e00000012
00000005ffffffeb
ffffffe5ffffffe8
fffffffa0000000b
ffffffed00000003
fffffffdffffffe4
00000001fffffff6
00000014fffffff6
fffffffbffffffe7
fffffff3ffffffee
fffffff90000001b
0000000afffffff1
0000000200000017
fffffffbfffffff3
000000070000001d
fffffffaffffffeb
00000003fffffff1
0000000200000012
fffffffffffffff1
ffffffee0000001f
00000013fffffff5
ffffffdefffffff8
00000009fffffffb
ffffffdc00000018
fffffff7fffffffc
0000000bfffffffe
0000001dfffffff4
ffffffeffffffff9
0000000a00000008
00000014fffffff3
0000000b0000000a
00000001ffffffdf
0000001300000004
fffffff5ffffffe7
fffffffcfffffffb
00000010ffffffe4
0000000100000011
0000000700000010
fffffff0fffffff0
00000010fffffff0
00000007fffffff9
ffffffddffffffda
fffffff600000010
fffffff7ffffffd5
fffffff600000012
fffffffa00000004
fffffff8ffffffd4
fffffffa00000006
00000001ffffffe5
fffffff300000006
0000002300000009
000000090000000a
00000033ffffffe2
00000008ffffffe6
00000011fffffff1
0000000dffffffe1
fffffff4ffffffeb
00000013ffffffe0
00000001fffffff4
fffffffe00000000
0000001effffffe6
0000000000000009
ffffffe6ffffffee
ffffffd9fffffff0
fffffffd0000000c
00000014fffffffb
00000013fffffff6
0000000dffffffef
ffffffe4ffffffea
0000000200000018
000000300000000d
0000000cfffffffe
00000020fffffffd
0000001bfffffffc
0000000300000024
fffffff100000025
0000001200000004
fffffffd00000016
ffffffd400000007
fffffff600000007
fffffff200000014
fffffff500000007
fffffff9fffffff0
0000000200000012
0000002000000035
fffffff60000001f
00000028ffffffe5
ffffffebfffffff3
0000000300000025
00000000ffffffda
ffffffecfffffff6
0000001400000001
ffffffeb00000008
ffffffff00000026
fffffff70000000b
0000000a0000000f
ffffffffffffffef
ffffffe4fffffff9
0000000b00000009
ffffffe8ffffffed
ffffffec00000010
fffffffefffffffa
ffffffea00000016
0000001800000003
0000001cffffffe8
00000026ffffffeb
ffffffec00000014
fffffffd0000000d
fffffff0fffffffd
00000005ffffffed
0000000dfffffffd
fffffff40000000c
ffffffef00000016
00000012fffffff0
fffffff8fffffffc
00000009ffffffff
000000100000001e
00000011ffffffef
000000020000002a
0000000ffffffff8
fffffff3ffffffda
fffffff600000016
fffffffdfffffff6
0000000d0000000d
0000000dffffffea
fffffff1ffffffe9
00000008ffffffe7
fffffff50000000d
00000002fffffff2
000000170000000d
0000001900000010
0000002affffffec
0000000400000011
fffffff3ffffffeb
0000001500000005
fffffff0fffffff9
fffffffa0000001a
0000001000000013
0000000900000006
00000028fffffffe
fffffff800000014
fffffff2ffffffef
0000000200000007
fffffff900000001
ffffffda00000010
00000014fffffff6
00000014ffffffee
00000014fffffffd
0000000f00000010
fffffffdfffffffa
000000050000000d
00000006fffffffc
0000001ffffffffc
fffffff4ffffffef
fffffffe00000011
00000004fffffff3
fffffff7ffffffd9
00000020fffffffd
00000014ffffffef
0000001afffffff7
0000000e0000000e
fffffff9fffffff4
ffffffd700000011
fffffffa00000022
0000000dffffffe4
00000003fffffff9
0000000700000002
00000000fffffff6
0000000900000007
00000010fffffff3
000000260000000a
fffffffa0000000f
ffffffdeffffffde
00000001fffffff1
fffffffdfffffffa
00000008ffffffef
0000000100000001
ffffffe000000011
ffffffe3fffffff0
fffffff800000008
00000006ffffffe0
fffffffa00000009
00000003ffffffe5
fffffff00000001c
0000000000000008
00000013ffffffed
0000002600000009
0000001600000016
ffffffec00000005
0000000f00000008
0000001d00000000
ffffffee0000000d
ffffffdf00000004
ffffffe500000000
fffffff700000007
fffffffd00000010
0000001efffffffa
fffffff7ffffffdd
00000009ffffffff
0000000600000006
fffffff60000000a
fffffff700000001
00000010ffffffea
0000000f00000019
fffffffd00000005
fffffff7ffffffca
0000000700000014
000000000000000f
00000008ffffffff
fffffff70000000b
fffffff5fffffff0
ffffffe0fffffffc
0000000d00000015
00000004fffffff4
0000000200000011
fffffff4fffffff2
0000000100000000
0000001bfffffff1
fffffff6fffffffb
fffffff2ffffffda
ffffffee00000000
0000001100000014
0000001dfffffff3
0000000d0000001d
0000000dffffffd7
0000000100000019
fffffff00000000c
00000009fffffff0
00000012fffffff3
fffffff300000007
fffffff30000000a
fffffffe0000000f
00000001ffffffef
ffffffdd00000005
fffffffcfffffff3
0000000ffffffff1
00000010fffffffc
fffffff200000002
fffffffa0000001f
0000000afffffffb
fffffff000000006
00000010ffffffee
ffffffe80000000b
ffffffe500000010
0000001000000012
fffffff4fffffff4
ffffffe5fffffff3
ffffffd3fffffffa
ffffffe500000025
000000150000001d
fffffff1fffffff8
0000000dffffffe9
0000000500000012
fffffff4fffffff1
0000003000000016
00000002fffffffa
fffffff5fffffff2
0000002100000007
000000050000000b
ffffffeafffffffc
ffffffe1ffffffda
fffffff0ffffffe5
0000000300000013
00000001fffffffe
fffffffeffffffe0
00000008fffffffd
00000002fffffff6
0000000efffffffb
fffffff0fffffffc
fffffffdfffffffd
0000000c00000016
00000009ffffffdf
00000029ffffffe1
0000003200000013
fffffff9fffffff3
fffffffafffffff7
fffffffffffffff9
fffffffffffffff9
fffffff700000018
0000000efffffffe
ffffffebffffffd4
00000019fffffffd
ffffffeb00000008
fffffff60000000b
0000001d00000018
ffffffde00000007
00000004fffffffb
0000000200000000
00000012ffffffea
fffffffffffffff2
fffffff7ffffffea
0000002f0000000c
000000110000000b
fffffff100000001
00000002fffffff9
00000021fffffffe
fffffff20000002a
fffffff1ffffffee
0000000c0000000e
00000018fffffffe
ffffffe600000014
00000020ffffffff
0000000c00000005
fffffff200000000
00000003fffffff2
00000001ffffffec
fffffffa0000000e
fffffff6ffffffe8
fffffffd00000004
ffffffe700000008
ffffffe20000001d
0000000600000005
000000060000002c
fffffffffffffff1
fffffffafffffff2
00000007ffffffe2
000000090000000e
fffffffcffffffec
00000018ffffffd4
0000001500000003
00000025ffffffdc
0000000f00000003
fffffff400000016
0000001b00000034
fffffffb00000013
0000001400000014
0000000fffffffe3
ffffffe6fffffff1
000000040000000e
0000000200000000
0000001bfffffff4
fffffff900000002
0000000a00000001
0000000efffffff2
0000001c0000000a
000000130000000b
ffffffc90000000b
000000070000000e
00000004fffffff3
0000001200000018
00000023fffffffa
ffffffed00000004
00000001ffffffd9
0000000b00000005
0000000dfffffff0
fffffff9ffffffed
fffffff40000001d
0000001e0000000e
0000001800000037
0000000a00000007
0000000600000015
fffffff600000003
fffffff6ffffffee
00000016fffffffa
fffffffbfffffff3
0000000000000007
fffffff8fffffffa
fffffffb00000000
ffffffe5ffffffdb
fffffffa0000001a
0000000300000013
0000000000000003
ffffffcafffffff1
00000007fffffffe
0000000cfffffffb
0000000a00000029
00000016fffffff7
0000000c00000001
0000001500000011
ffffffe20000000b
0000000700000002
fffffff9fffffff4
0000000a00000017
00000025fffffff4
fffffff7ffffffee
00000010fffffff1
ffffffe800000007
ffffffe700000002
0000000cfffffff7
fffffffdfffffff9
0000001000000002
00000003ffffffe1
fffffff7ffffffd4
fffffff3fffffffc
0000000800000025
ffffffd600000004
00000016fffffff1
ffffffe6fffffffe
00000023ffffffff
00000010ffffffe9
00000013fffffff6
0000001a00000005
ffffffdffffffffd
0000001bfffffff9
fffffff2fffffff7
0000001b00000012
00000016fffffff6
fffffff500000008
ffffffe6ffffffda
00000004fffffffd
fffffff300000007
fffffffa00000005
fffffff100000000
0000000ffffffff9
ffffffe8ffffffe7
fffffffdffffffe7
00000016ffffffee
00000021ffffffff
0000000800000004
ffffffebfffffff0
00000014fffffff8
fffffff3fffffff4
fffffff900000007
00000003fffffff8
0000000400000007
0000001100000012
fffffff500000026
000000060000000a
ffffffe9fffffff3
0000000300000007
ffffffee0000000b
0000000700000008
fffffff0fffffff3
fffffff4fffffff5
fffffffcffffffeb
fffffff0ffffffdc
00000011fffffff2
0000000700000013
00000005ffffffda
0000000300000004
fffffffe00000001
fffffffa00000013
0000001100000000
0000000dffffffeb
ffffffeafffffff7
0000000efffffffc
fffffff00000000f
fffffff7fffffff3
0000000d00000016
0000000c00000006
ffffffeefffffff0
00000008ffffffec
ffffffecfffffffa
fffffffeffffffe5
00000015ffffffeb
fffffff4ffffffdc
fffffff300000023
00000017ffffffe7
0000000cfffffffc
00000008ffffffe9
00000009ffffffed
fffffff200000018
fffffffbffffffd0
00000000ffffffd6
fffffff3fffffff0
00000013fffffffa
ffffffe4fffffffa
fffffffbfffffff4
fffffff90000001f
fffffff60000000e
ffffffe0ffffffdd
ffffffe40000002a
0000001600000005
fffffffe0000001b
0000002400000013
fffffffffffffffb
ffffffe8ffffffe8
0000002500000000
ffffffda00000017
fffffff1ffffffee
00000000fffffffd
0000000100000018
ffffffe4ffffffe9
fffffff600000013
fffffff6ffffffef
000000060000001f
fffffffdfffffff0
000000230000000a
0000002300000006
fffffff900000007
fffffffe0000000c
ffffffe6ffffffe8
000000080000001c
fffffff100000007
ffffffea00000007
ffffffe8fffffffb
ffffffebffffffe9
0000000c0000000c
fffffffc00000012
fffffff7fffffff1
fffffff500000017
fffffff900000000
ffffffd5ffffffea
00000001ffffffed
ffffffe100000000
ffffffe0fffffffb
ffffffe4fffffff5
ffffffed00000026
ffffffff00000012
fffffff5ffffffe5
0000000e00000013
0000000e0000000c
ffffffeeffffffe3
0000000f00000008
000000110000001f
00000011ffffffcc
fffffff1fffffff1
fffffff6fffffffd
00000010ffffffcb
00000007ffffffec
000000050000000a
0000001200000009
fffffffbfffffff3
00000005ffffffea
fffffff8ffffffe8
0000000a00000002
0000000effffffef
fffffff400000019
00000016fffffffd
0000000800000004
ffffffdc0000000e
00000023fffffffa
0000000e00000014
0000000e00000002
00000007ffffffe6
fffffff7ffffffdc
fffffff500000005
0000002700000001
ffffffe1ffffffe9
0000000200000008
0000000b00000020
00000004ffffffe8
ffffffeaffffffec
fffffff100000001
00000005fffffffd
00000012ffffffde
fffffff10000000b
fffffff0fffffff4
0000001efffffff7
0000000bfffffffe
00000007ffffffeb
000000060000000a
fffffffd0000001f
00000006ffffffe1
000000120000000b
0000000e00000008
0000001200000014
fffffff5fffffff5
fffffff700000024
00000009ffffffdf
000000090000000a
0000000bffffffee
ffffffe5fffffff5
0000001e00000010
00000010ffffffed
0000003b00000007
00000018ffffffe7
fffffff5fffffff1
00000009fffffffd
fffffffeffffffe9
fffffffd00000003
0000001a00000016
fffffff100000003
ffffffef0000000c
fffffffdfffffff0
0000000efffffff9
0000000c00000000
ffffffe2fffffffb
000000050000000d
fffffff600000014
ffffffddfffffffe
00000016ffffffde
fffffff200000026
fffffffcffffffd5
0000001500000027
0000000900000015
0000000000000010
fffffff500000017
00000020ffffffd6
fffffff2ffffffd9
0000000400000006
ffffffdf00000008
000000020000000b
0000000500000025
0000000e00000015
00000000fffffff6
00000003fffffffa
00000003ffffffed
0000000e00000010
00000006fffffffd
ffffffff00000001
0000000e0000001a
00000017ffffffff
0000001dfffffffc
00000007fffffffe
fffffffa0000000e
00000024ffffffef
0000000bfffffff6
fffff800fffff800
0000000000000000
0000000000000000
0000000000000000
0000000000000000
0000000000000000
0000000000000000
0000000000000000
0000000000000000
0000000000000000
0000000000000000
0000000000000000
0000000000000000
0000000000000000
0000000000000000
0000000000000000
0000000000000000
0000000000000000
0000000000000000
0000000000000000
0000000000000000
0000000000000000
0000000000000000
0000000000000000
0000000000000000
0000000000000000
0000000000000000
0000000000000000
0000000000000000
0000000000000000
0000000000000000
0000000000000000
0000000000000000
0000000000000000
0000000000000000
0000000000000000
0000000000000000
0000000000000000
0000000000000000
0000000000000000
0000000000000000
0000000000000000
0000000000000000
0000000000000000
0000000000000000
0000000000000000
0000000000000000
0000000000000000
0000000000000000
0000000000000000
0000000000000000
0000000000000000
0000000000000000
0000000000000000
0000000000000000
0000000000000000
0000000000000000
0000000000000000
0000000000000000
0000000000000000
0000000000000000
0000000000000000
0000000000000000
0000000000000000
0000000000000000
0000000000000000
0000000000000000
0000000000000000
0000000000000000
0000000000000000
0000000000000000
0000000000000000
0000000000000000
0000000000000000
0000000000000000
0000000000000000
0000000000000000
0000000000000000
0000000000000000
0000000000000000
0000000000000000
0000000000000000
0000000000000000
0000000000000000
0000000000000000
0000000000000000
0000000000000000
0000000000000000
0000000000000000
0000000000000000
0000000000000000
0000000000000000
0000000000000000
0000000000000000
0000000000000000
0000000000000000
0000000000000000
0000000000000000
0000000000000000
0000000000000000
0000000000000000
0000000000000000
0000000000000000
0000000000000000
0000000000000000
0000000000000000
0000000000000000
0000000000000000
0000000000000000
0000000000000000
0000000000000000
0000000000000000
0000000000000000
0000000000000000
0000000000000000
0000000000000000
0000000000000000
0000000000000000
0000000000000000
0000000000000000
0000000000000000
0000000000000000
0000000000000000
0000000000000000
0000000000000000
0000000000000000
0000000000000000
0000000000000000
0000000000000000
0000000000000000
0000000000000000
0000000000000000
0000000000000000
0000000000000000
0000000000000000
0000000000000000
0000000000000000
0000000000000000
0000000000000000
0000000000000000
0000000000000000
0000000000000000
0000000000000000
0000000000000000
0000000000000000
0000000000000000
0000000000000000
0000000000000000
0000000000000000
0000000000000000
0000000000000000
0000000000000000
0000000000000000
0000000000000000
0000000000000000
0000000000000000
0000000000000000
0000000000000000
0000000000000000
0000000000000000
0000000000000000
0000000000000000
0000000000000000
0000000000000000
0000000000000000
0000000000000000
0000000000000000
0000000000000000
0000000000000000
0000000000000000
0000000000000000
0000000000000000
0000000000000000
0000000000000000
0000000000000000
0000000000000000
0000000000000000
0000000000000000
0000000000000000
0000000000000000
0000000000000000
0000000000000000
0000000000000000
0000000000000000
0000000000000000
0000000000000000
0000000000000000
0000000000000000
0000000000000000
0000000000000000
0000000000000000
0000000000000000
0000000000000000
0000000000000000
0000000000000000
0000000000000000
0000000000000000
0000000000000000
0000000000000000
0000000000000000
0000000000000000
0000000000000000
0000000000000000
0000000000000000
0000000000000000
0000000000000000
0000000000000000
0000000000000000
0000000000000000
0000000000000000
0000000000000000
0000000000000000
0000000000000000
0000000000000000
0000000000000000
0000000000000000
0000000000000000
0000000000000000
0000000000000000
0000000000000000
0000000000000000
0000000000000000
0000000000000000
0000000000000000
0000000000000000
0000000000000000
0000000000000000
0000000000000000
0000000000000000
0000000000000000
0000000000000000
0000000000000000
0000000000000000
0000000000000000
0000000000000000
0000000000000000
0000000000000000
0000000000000000
0000000000000000
0000000000000000
0000000000000000
0000000000000000
0000000000000000
0000000000000000
0000000000000000
0000000000000000
0000000000000000
0000000000000000
0000000000000000
0000000000000000
0000000000000000
0000000000000000
0000000000000000
0000000000000000
0000000000000000
0000000000000000
0000000000000000
0000000000000000
0000000000000000
0000000000000000
0000000000000000
0000000000000000
0000000000000000
0000000000000000
0000000000000000
0000000000000000
0000000000000000
0000000000000000
0000000000000000
0000000000000000
0000000000000000
0000000000000000
0000000000000000
0000000000000000
0000000000000000
0000000000000000
0000000000000000
0000000000000000
0000000000000000
0000000000000000
0000000000000000
0000000000000000
0000000000000000
0000000000000000
0000000000000000
0000000000000000
0000000000000000
0000000000000000
0000000000000000
0000000000000000
0000000000000000
0000000000000000
0000000000000000
0000000000000000
0000000000000000
0000000000000000
0000000000000000
0000000000000000
0000000000000000
0000000000000000
0000000000000000
0000000000000000
0000000000000000
0000000000000000
0000000000000000
0000000000000000
0000000000000000
0000000000000000
0000000000000000
0000000000000000
0000000000000000
0000000000000000
0000000000000000
0000000000000000
0000000000000000
0000000000000000
0000000000000000
0000000000000000
0000000000000000
0000000000000000
0000000000000000
0000000000000000
0000000000000000
0000000000000000
0000000000000000
0000000000000000
0000000000000000
0000000000000000
0000000000000000
0000000000000000
0000000000000000
0000000000000000
0000000000000000
0000000000000000
0000000000000000
0000000000000000
0000000000000000
0000000000000000
0000000000000000
0000000000000000
0000000000000000
0000000000000000
0000000000000000
0000000000000000
0000000000000000
0000000000000000
0000000000000000
0000000000000000
0000000000000000
0000000000000000
0000000000000000
0000000000000000
0000000000000000
0000000000000000
0000000000000000
0000000000000000
0000000000000000
0000000000000000
0000000000000000
0000000000000000
0000000000000000
0000000000000000
0000000000000000
0000000000000000
0000000000000000
0000000000000000
0000000000000000
0000000000000000
0000000000000000
0000000000000000
0000000000000000
0000000000000000
0000000000000000
0000000000000000
0000000000000000
0000000000000000
0000000000000000
0000000000000000
0000000000000000
0000000000000000
0000000000000000
0000000000000000
0000000000000000
0000000000000000
0000000000000000
0000000000000000
0000000000000000
0000000000000000
0000000000000000
0000000000000000
0000000000000000
0000000000000000
0000000000000000
0000000000000000
0000000000000000
0000000000000000
0000000000000000
0000000000000000
0000000000000000
0000000000000000
0000000000000000
0000000000000000
0000000000000000
0000000000000000
0000000000000000
0000000000000000
0000000000000000
0000000000000000
0000000000000000
0000000000000000
0000000000000000
0000000000000000
0000000000000000
0000000000000000
0000000000000000
0000000000000000
0000000000000000
0000000000000000
0000000000000000
0000000000000000
0000000000000000
0000000000000000
0000000000000000
0000000000000000
0000000000000000
0000000000000000
0000000000000000
0000000000000000
0000000000000000
0000000000000000
0000000000000000
0000000000000000
0000000000000000
0000000000000000
0000000000000000
0000000000000000
0000000000000000
0000000000000000
0000000000000000
0000000000000000
0000000000000000
0000000000000000
0000000000000000
0000000000000000
0000000000000000
0000000000000000
0000000000000000
0000000000000000
0000000000000000
0000000000000000
0000000000000000
0000000000000000
0000000000000000
0000000000000000
0000000000000000
0000000000000000
0000000000000000
0000000000000000
0000000000000000
0000000000000000
0000000000000000
0000000000000000
0000000000000000
0000000000000000
0000000000000000
0000000000000000
0000000000000000
0000000000000000
0000000000000000
0000000000000000
0000000000000000
0000000000000000
0000000000000000
0000000000000000
0000000000000000
0000000000000000
0000000000000000
0000000000000000
0000000000000000
0000000000000000
0000000000000000
0000000000000000
0000000000000000
0000000000000000
0000000000000000
0000000000000000
0000000000000000
0000000000000000
0000000000000000
0000000000000000
0000000000000000
0000000000000000
0000000000000000
0000000000000000
0000000000000000
0000000000000000
0000000000000000
0000000000000000
0000000000000000
0000000000000000
0000000000000000
0000000000000000
0000000000000000
0000000000000000
0000000000000000
0000000000000000
0000000000000000
0000000000000000
0000000000000000
0000000000000000
0000000000000000
0000000000000000
0000000000000000
0000000000000000
0000000000000000
0000000000000000
0000000000000000
0000000000000000
0000000000000000
0000000000000000
0000000000000000
0000000000000000
0000000000000000
0000000000000000
0000000000000000
0000000000000000
0000000000000000
0000000000000000
0000000000000000
0000000000000000
0000000000000000
0000000000000000
0000000000000000
0000000000000000
0000000000000000
0000000000000000
0000000000000000
0000000000000000
0000000000000000
0000000000000000
0000000000000000
0000000000000000
0000000000000000
0000000000000000
0000000000000000
0000000000000000
0000000000000000
0000000000000000
0000000000000000
0000000000000000
0000000000000000
0000000000000000
0000000000000000
0000000000000000
0000000000000000
0000000000000000
0000000000000000
0000000000000000
0000000000000000
0000000000000000
0000000000000000
0000000000000000
0000000000000000
0000000000000000
0000000000000000
0000000000000000
0000000000000000
0000000000000000
0000000000000000
0000000000000000
0000000000000000
0000000000000000
0000000000000000
0000000000000000
0000000000000000
0000000000000000
0000000000000000
0000000000000000
0000000000000000
0000000000000000
0000000000000000
0000000000000000
0000000000000000
0000000000000000
0000000000000000
0000000000000000
0000000000000000
0000000000000000
0000000000000000
0000000000000000
0000000000000000
0000000000000000
0000000000000000
0000000000000000
0000000000000000
0000000000000000
0000000000000000
0000000000000000
0000000000000000
0000000000000000
0000000000000000
0000000000000000
0000000000000000
0000000000000000
0000000000000000
0000000000000000
0000000000000000
0000000000000000
0000000000000000
0000000000000000
0000000000000000
0000000000000000
0000000000000000
0000000000000000
0000000000000000
0000000000000000
0000000000000000
0000000000000000
0000000000000000
0000000000000000
0000000000000000
0000000000000000
0000000000000000
0000000000000000
0000000000000000
0000000000000000
0000000000000000
0000000000000000
0000000000000000
0000000000000000
0000000000000000
0000000000000000
0000000000000000
0000000000000000
0000000000000000
0000000000000000
0000000000000000
0000000000000000
0000000000000000
0000000000000000
0000000000000000
0000000000000000
0000000000000000
0000000000000000
0000000000000000
0000000000000000
0000000000000000
0000000000000000
0000000000000000
0000000000000000
0000000000000000
0000000000000000
0000000000000000
0000000000000000
0000000000000000
0000000000000000
0000000000000000
0000000000000000
0000000000000000
0000000000000000
0000000000000000
0000000000000000
0000000000000000
0000000000000000
0000000000000000
0000000000000000
0000000000000000
0000000000000000
0000000000000000
0000000000000000
0000000000000000
0000000000000000
0000000000000000
0000000000000000
0000000000000000
0000000000000000
0000000000000000
0000000000000000
0000000000000000
0000000000000000
0000000000000000
0000000000000000
0000000000000000
0000000000000000
0000000000000000
0000000000000000
0000000000000000
0000000000000000
0000000000000000
0000000000000000
0000000000000000
0000000000000000
0000000000000000
0000000000000000
0000000000000000
0000000000000000
0000000000000000
0000000000000000
0000000000000000
0000000000000000
0000000000000000
0000000000000000
0000000000000000
0000000000000000
0000000000000000
0000000000000000
0000000000000000
0000000000000000
0000000000000000
0000000000000000
0000000000000000
0000000000000000
0000000000000000
0000000000000000
0000000000000000
0000000000000000
0000000000000000
0000000000000000
0000000000000000
0000000000000000
0000000000000000
0000000000000000
0000000000000000
0000000000000000
0000000000000000
0000000000000000
0000000000000000
0000000000000000
0000000000000000
0000000000000000
0000000000000000
0000000000000000
0000000000000000
0000000000000000
0000000000000000
0000000000000000
0000000000000000
0000000000000000
0000000000000000
0000000000000000
0000000000000000
0000000000000000
0000000000000000
0000000000000000
0000000000000000
0000000000000000
0000000000000000
0000000000000000
0000000000000000
0000000000000000
0000000000000000
0000000000000000
0000000000000000
0000000000000000
0000000000000000
0000000000000000
0000000000000000
0000000000000000
0000000000000000
0000000000000000
0000000000000000
0000000000000000
0000000000000000
0000000000000000
0000000000000000
0000000000000000
0000000000000000
0000000000000000
0000000000000000
0000000000000000
0000000000000000
0000000000000000
0000000000000000
0000000000000000
0000000000000000
0000000000000000
0000000000000000
0000000000000000
0000000000000000
0000000000000000
0000000000000000
0000000000000000
0000000000000000
0000000000000000
0000000000000000
0000000000000000
0000000000000000
0000000000000000
0000000000000000
0000000000000000
0000000000000000
0000000000000000
0000000000000000
0000000000000000
0000000000000000
0000000000000000
0000000000000000
0000000000000000
0000000000000000
0000000000000000
0000000000000000
0000000000000000
0000000000000000
0000000000000000
0000000000000000
0000000000000000
0000000000000000
0000000000000000
0000000000000000
0000000000000000
0000000000000000
0000000000000000
0000000000000000
0000000000000000
0000000000000000
0000000000000000
0000000000000000
0000000000000000
0000000000000000
0000000000000000
0000000000000000
0000000000000000
0000000000000000
0000000000000000
0000000000000000
0000000000000000
0000000000000000
0000000000000000
0000000000000000
0000000000000000
0000000000000000
0000000000000000
0000000000000000
0000000000000000
0000000000000000
0000000000000000
0000000000000000
0000000000000000
0000000000000000
0000000000000000
0000000000000000
0000000000000000
0000000000000000
0000000000000000
0000000000000000
0000000000000000
0000000000000000
0000000000000000
0000000000000000
0000000000000000
0000000000000000
0000000000000000
0000000000000000
0000000000000000
0000000000000000
0000000000000000
0000000000000000
0000000000000000
0000000000000000
0000000000000000
0000000000000000
0000000000000000
0000000000000000
0000000000000000
0000000000000000
0000000000000000
0000000000000000
0000000000000000
0000000000000000
0000000000000000
0000000000000000
0000000000000000
0000000000000000
0000000000000000
0000000000000000
0000000000000000
0000000000000000
0000000000000000
0000000000000000
0000000000000000
0000000000000000
0000000000000000
0000000000000000
0000000000000000
0000000000000000
0000000000000000
0000000000000000
0000000000000000
0000000000000000
0000000000000000
0000000000000000
0000000000000000
0000000000000000
0000000000000000
0000000000000000
0000000000000000
0000000000000000
0000000000000000
0000000000000000
0000000000000000
0000000000000000
0000000000000000
0000000000000000
0000000000000000
0000000000000000
0000000000000000
0000000000000000
0000000000000000
0000000000000000
0000000000000000
0000000000000000
0000000000000000
0000000000000000
0000000000000000
0000000000000000
0000000000000000
0000000000000000
0000000000000000
0000000000000000
0000000000000000
0000000000000000
0000000000000000
0000000000000000
0000000000000000
0000000000000000
0000000000000000
0000000000000000
0000000000000000
0000000000000000
0000000000000000
0000000000000000
0000000000000000
0000000000000000
0000000000000000
0000000000000000
0000000000000000
0000000000000000
0000000000000000
0000000000000000
0000000000000000
0000000000000000
0000000000000000
0000000000000000
0000000000000000
0000000000000000
0000000000000000
0000000000000000
0000000000000000
0000000000000000
0000000000000000
0000000000000000
0000000000000000
0000000000000000
0000000000000000
0000000000000000
0000000000000000
0000000000000000
0000000000000000
0000000000000000
0000000000000000
0000000000000000
0000000000000000
0000000000000000
0000000000000000
0000000000000000
0000000000000000
0000000000000000
0000000000000000
0000000000000000
0000000000000000
0000000000000000
0000000000000000
0000000000000000
0000000000000000
0000000000000000
0000000000000000
0000000000000000
0000000000000000
0000000000000000
0000000000000000
0000000000000000
0000000000000000
0000000000000000
0000000000000000
0000000000000000
0000000000000000
0000000000000000
0000000000000000
0000000000000000
0000000000000000
0000000000000000
0000000000000000
0000000000000000
0000000000000000
0000000000000000
0000000000000000
0000000000000000
0000000000000000
0000000000000000
0000000000000000
0000000000000000
0000000000000000
0000000000000000
0000000000000000
0000000000000000
0000000000000000
0000000000000000
0000000000000000
0000000000000000
0000000000000000
0000000000000000
0000000000000000
0000000000000000
0000000000000000
0000000000000000
0000000000000000
0000000000000000
0000000000000000
0000000000000000
0000000000000000
0000000000000000
0000000000000000
0000000000000000
0000000000000000
0000000000000000
0000000000000000
0000000000000000
0000000000000000
0000000000000000
0000000000000000
0000000000000000
0000000000000000
0000000000000000
0000000000000000
0000000000000000
0000000000000000
0000000000000000
0000000000000000
0000000000000000
0000000000000000
0000000000000000
0000000000000000
0000000000000000
0000000000000000
0000000000000000
0000000000000000
0000000000000000
0000000000000000
0000000000000000
0000000000000000
0000000000000000
0000000000000000
0000000000000000
0000000000000000
0000000000000000
0000000000000000
0000000000000000
0000000000000000
0000000000000000
0000000000000000
0000000000000000
0000000000000000
0000000000000000
0000000000000000
0000000000000000
0000000000000000
0000000000000000
0000000000000000
0000000000000000
0000000000000000
0000000000000000
0000000000000000
0000000000000000
0000000000000000
0000000000000000
0000000000000000
0000000000000000
0000000000000000
0000000000000000
0000000000000000
0000000000000000
0000000000000000
0000000000000000
0000000000000000
0000000000000000
0000000000000000
0000000000000000
0000000000000000
0000000000000000
0000000000000000
0000000000000000
0000000000000000
0000000000000000
0000000000000000
0000000000000000
0000000000000000
0000000000000000
0000000000000000
0000000000000000
0000000000000000
0000000000000000
0000000000000000
0000000000000000
0000000000000000
0000000000000000
0000000000000000
0000000000000000
0000000000000000
0000000000000000
0000000000000000
0000000000000000
0000000000000000
0000000000000000
0000000000000000
0000000000000000
0000000000000000
0000000000000000
0000000000000000
0000000000000000
0000000000000000
0000000000000000
0000000000000000
0000000000000000
0000000000000000
0000000000000000
0000000000000000
0000000000000000
0000000000000000
0000000000000000
0000000000000000
0000000000000000
0000000000000000
0000000000000000
0000000000000000
0000000000000000
0000000000000000
0000000000000000
0000000000000000
0000000000000000
0000000000000000
0000000000000000
0000000000000000
0000000000000000
0000000000000000
0000000000000000
0000000000000000
0000000000000000
0000000000000000
0000000000000000
0000000000000000
0000000000000000
0000000000000000
0000000000000000
0000000000000000
0000000000000000
0000000000000000
0000000000000000
0000000000000000
0000000000000000
0000000000000000
0000000000000000
0000000000000000
0000000000000000
0000000000000000
0000000000000000
0000000000000000
0000000000000000
0000000000000000
0000000000000000
0000000000000000
0000000000000000
0000000000000000
0000000000000000
0000000000000000
0000000000000000
0000000000000000
0000000000000000
0000000000000000
0000000000000000
0000000000000000
0000000000000000
0000000000000000
0000000000000000
0000000000000000
0000000000000000
0000000000000000
0000000000000000
0000000000000000
0000000000000000
0000000000000000
0000000000000000
0000000000000000
0000000000000000
0000000000000000
0000000000000000
0000000000000000
0000000000000000
0000000000000000
0000000000000000
0000000000000000
0000000000000000
0000000000000000
0000000000000000
0000000000000000
0000000000000000
0000000000000000
0000000000000000
0000000000000000
0000000000000000
0000000000000000
0000000000000000
0000000000000000
0000000000000000
0000000000000000
0000000000000000
0000000000000000
0000000000000000
0000000000000000
0000000000000000
0000000000000000
0000000000000000
0000000000000000
0000000000000000
0000000000000000
0000000000000000
0000000000000000
0000000000000000
0000000000000000
0000000000000000
0000000000000000
0000000000000000
0000000000000000
0000000000000000
0000000000000000
0000000000000000
0000000000000000
0000000000000000
0000000000000000
0000000000000000
0000000000000000
0000000000000000
0000000000000000
0000000000000000
0000000000000000
0000000000000000
0000000000000000
0000000000000000
0000000000000000
0000000000000000
0000000000000000
0000000000000000
0000000000000000
0000000000000000
0000000000000000
0000000000000000
0000000000000000
0000000000000000
0000000000000000
0000000000000000
0000000000000000
0000000000000000
0000000000000000
0000000000000000
0000000000000000
0000000000000000
0000000000000000
0000000000000000
0000000000000000
0000000000000000
0000000000000000
0000000000000000
0000000000000000
0000000000000000
0000000000000000
0000000000000000
0000000000000000
0000000000000000
0000000000000000
0000000000000000
0000000000000000
0000000000000000
0000000000000000
0000000000000000
0000000000000000
0000000000000000
0000000000000000
0000000000000000
0000000000000000
0000000000000000
0000000000000000
0000000000000000
0000000000000000
0000000000000000
0000000000000000
0000000000000000
0000000000000000
0000000000000000
0000000000000000
0000000000000000
0000000000000000
0000000000000000
0000000000000000
0000000000000000
0000000000000000
0000000000000000
0000000000000000
0000000000000000
0000000000000000
0000000000000000
0000000000000000
0000000000000000
0000000000000000
0000000000000000
0000000000000000
0000000000000000
0000000000000000
0000000000000000
0000000000000000
0000000000000000
0000000000000000
0000000000000000
0000000000000000
0000000000000000
0000000000000000
0000000000000000
0000000000000000
0000000000000000
0000000000000000
0000000000000000
0000000000000000
0000000000000000
0000000000000000
0000000000000000
0000000000000000
0000000000000000
0000000000000000
0000000000000000
0000000000000000
0000000000000000
0000000000000000
0000000000000000
0000000000000000
0000000000000000
0000000000000000
0000000000000000
0000000000000000
0000000000000000
0000000000000000
0000000000000000
0000000000000000
0000000000000000
0000000000000000
0000000000000000
0000000000000000
0000000000000000
0000000000000000
0000000000000000
0000000000000000
0000000000000000
0000000000000000
0000000000000000
0000000000000000
0000000000000000
0000000000000000
0000000000000000
0000000000000000
0000000000000000
0000000000000000
0000000000000000
0000000000000000
0000000000000000
0000000000000000
0000000000000000
0000000000000000
0000000000000000
0000000000000000
0000000000000000
0000000000000000
0000000000000000
0000000000000000
0000000000000000
0000000000000000
0000000000000000
0000000000000000
0000000000000000
0000000000000000
0000000000000000
0000000000000000
0000000000000000
0000000000000000
0000000000000000
0000000000000000
0000000000000000
0000000000000000
0000000000000000
0000000000000000
0000000000000000
0000000000000000
0000000000000000
0000000000000000
0000000000000000
0000000000000000
0000000000000000
0000000000000000
0000000000000000
0000000000000000
0000000000000000
0000000000000000
0000000000000000
0000000000000000
0000000000000000
0000000000000000
0000000000000000
0000000000000000
0000000000000000
0000000000000000
0000000000000000
0000000000000000
0000000000000000
0000000000000000
0000000000000000
0000000000000000
0000000000000000
0000000000000000
0000000000000000
0000000000000000
0000000000000000
0000000000000000
0000000000000000
0000000000000000
0000000000000000
0000000000000000
0000000000000000
0000000000000000
0000000000000000
0000000000000000
0000000000000000
0000000000000000
0000000000000000
0000000000000000
0000000000000000
0000000000000000
0000000000000000
0000000000000000
0000000000000000
0000000000000000
0000000000000000
0000000000000000
0000000000000000
0000000000000000
0000000000000000
0000000000000000
0000000000000000
0000000000000000
0000000000000000
0000000000000000
0000000000000000
0000000000000000
0000000000000000
0000000000000000
0000000000000000
0000000000000000
0000000000000000
0000000000000000
0000000000000000
0000000000000000
0000000000000000
0000000000000000
0000000000000000
0000000000000000
0000000000000000
0000000000000000
0000000000000000
0000000000000000
0000000000000000
0000000000000000
0000000000000000
0000000000000000
0000000000000000
0000000000000000
0000000000000000
0000000000000000
0000000000000000
0000000000000000
0000000000000000
0000000000000000
0000000000000000
0000000000000000
0000000000000000
0000000000000000
0000000000000000
0000000000000000
0000000000000000
0000000000000000
0000000000000000
0000000000000000
0000000000000000
0000000000000000
0000000000000000
0000000000000000
0000000000000000
0000000000000000
0000000000000000
0000000000000000
0000000000000000
0000000000000000
0000000000000000
0000000000000000
0000000000000000
0000000000000000
0000000000000000
0000000000000000
0000000000000000
0000000000000000
0000000000000000
0000000000000000
0000000000000000
0000000000000000
0000000000000000
0000000000000000
0000000000000000
0000000000000000
0000000000000000
0000000000000000
0000000000000000
0000000000000000
0000000000000000
0000000000000000
0000000000000000
0000000000000000
0000000000000000
0000000000000000
0000000000000000
0000000000000000
0000000000000000
0000000000000000
0000000000000000
0000000000000000
0000000000000000
0000000000000000
0000000000000000
0000000000000000
0000000000000000
0000000000000000
0000000000000000
0000000000000000
0000000000000000
0000000000000000
0000000000000000
0000000000000000
0000000000000000
0000000000000000
0000000000000000
0000000000000000
0000000000000000
0000000000000000
0000000000000000
0000000000000000
0000000000000000
0000000000000000
0000000000000000
0000000000000000
0000000000000000
0000000000000000
0000000000000000
0000000000000000
0000000000000000
0000000000000000
0000000000000000
0000000000000000
0000000000000000
0000000000000000
0000000000000000
0000000000000000
0000000000000000
0000000000000000
0000000000000000
0000000000000000
0000000000000000
0000000000000000
0000000000000000
0000000000000000
0000000000000000
0000000000000000
0000000000000000
0000000000000000
0000000000000000
0000000000000000
0000000000000000
0000000000000000
0000000000000000
0000000000000000
0000000000000000
0000000000000000
0000000000000000
0000000000000000
0000000000000000
0000000000000000
0000000000000000
0000000000000000
0000000000000000
0000000000000000
0000000000000000
0000000000000000
0000000000000000
0000000000000000
0000000000000000
0000000000000000
0000000000000000
0000000000000000
0000000000000000
0000000000000000
0000000000000000
0000000000000000
0000000000000000
0000000000000000
0000000000000000
0000000000000000
0000000000000000
0000000000000000
0000000000000000
0000000000000000
0000000000000000
0000000000000000
0000000000000000
0000000000000000
0000000000000000
0000000000000000
0000000000000000
0000000000000000
0000000000000000
0000000000000000
0000000000000000
0000000000000000
0000000000000000
0000000000000000
0000000000000000
0000000000000000
0000000000000000
0000000000000000
0000000000000000
0000000000000000
0000000000000000
0000000000000000
0000000000000000
0000000000000000
0000000000000000
0000000000000000
0000000000000000
0000000000000000
0000000000000000
0000000000000000
0000000000000000
0000000000000000
0000000000000000
0000000000000000
0000000000000000
0000000000000000
0000000000000000
0000000000000000
0000000000000000
0000000000000000
0000000000000000
0000000000000000
0000000000000000
0000000000000000
0000000000000000
0000000000000000
0000000000000000
0000000000000000
0000000000000000
0000000000000000
0000000000000000
0000000000000000
0000000000000000
0000000000000000
0000000000000000
0000000000000000
0000000000000000
0000000000000000
0000000000000000
0000000000000000
0000000000000000
0000000000000000
0000000000000000
0000000000000000
0000000000000000
0000000000000000
0000000000000000
0000000000000000
0000000000000000
0000000000000000
0000000000000000
0000000000000000
0000000000000000
0000000000000000
0000000000000000
0000000000000000
0000000000000000
0000000000000000
0000000000000000
0000000000000000
0000000000000000
0000000000000000
0000000000000000
0000000000000000
0000000000000000
0000000000000000
0000000000000000
0000000000000000
0000000000000000
0000000000000000
0000000000000000
0000000000000000
0000000000000000
0000000000000000
0000000000000000
0000000000000000
0000000000000000
0000000000000000
0000000000000000
0000000000000000
0000000000000000
0000000000000000
0000000000000000
0000000000000000
0000000000000000
0000000000000000
0000000000000000
0000000000000000
0000000000000000
0000000000000000
0000000000000000
0000000000000000
0000000000000000
0000000000000000
0000000000000000
0000000000000000
0000000000000000
0000000000000000
0000000000000000
0000000000000000
0000000000000000
0000000000000000
0000000000000000
0000000000000000
0000000000000000
0000000000000000
0000000000000000
0000000000000000
0000000000000000
0000000000000000
0000000000000000
0000000000000000
0000000000000000
0000000000000000
0000000000000000
0000000000000000
0000000000000000
0000000000000000
0000000000000000
0000000000000000
0000000000000000
0000000000000000
0000000000000000
0000000000000000
0000000000000000
0000000000000000
0000000000000000
0000000000000000
0000000000000000
0000000000000000
0000000000000000
0000000000000000
0000000000000000
0000000000000000
0000000000000000
0000000000000000
0000000000000000
0000000000000000
0000000000000000
0000000000000000
0000000000000000
0000000000000000
0000000000000000
0000000000000000
0000000000000000
0000000000000000
0000000000000000
0000000000000000
0000000000000000
0000000000000000
0000000000000000
0000000000000000
0000000000000000
0000000000000000
0000000000000000
0000000000000000
0000000000000000
0000000000000000
0000000000000000
0000000000000000
0000000000000000
0000000000000000
0000000000000000
0000000000000000
0000000000000000
0000000000000000
0000000000000000
0000000000000000
0000000000000000
0000000000000000
0000000000000000
0000000000000000
0000000000000000
0000000000000000
0000000000000000
0000000000000000
0000000000000000
0000000000000000
0000000000000000
0000000000000000
0000000000000000
0000000000000000
0000000000000000
0000000000000000
0000000000000000
0000000000000000
0000000000000000
0000000000000000
0000000000000000
0000000000000000
0000000000000000
0000000000000000
0000000000000000
0000000000000000
0000000000000000
0000000000000000
0000000000000000
0000000000000000
0000000000000000
0000000000000000
0000000000000000
0000000000000000
0000000000000000
0000000000000000
0000000000000000
0000000000000000
0000000000000000
0000000000000000
0000000000000000
0000000000000000
0000000000000000
0000000000000000
0000000000000000
0000000000000000
0000000000000000
0000000000000000
0000000000000000
0000000000000000
0000000000000000
0000000000000000
0000000000000000
0000000000000000
0000000000000000
0000000000000000
0000000000000000
0000000000000000
0000000000000000
0000000000000000
0000000000000000
0000000000000000
0000000000000000
0000000000000000
0000000000000000
0000000000000000
0000000000000000
0000000000000000
0000000000000000
0000000000000000
0000000000000000
0000000000000000
0000000000000000
0000000000000000
0000000000000000
0000000000000000
0000000000000000
0000000000000000
0000000000000000
0000000000000000
0000000000000000
0000000000000000
0000000000000000
0000000000000000
0000000000000000
0000000000000000
0000000000000000
0000000000000000
0000000000000000
0000000000000000
0000000000000000
0000000000000000
0000000000000000
0000000000000000
0000000000000000
0000000000000000
0000000000000000
0000000000000000
0000000000000000
0000000000000000
0000000000000000
0000000000000000
0000000000000000
0000000000000000
0000000000000000
0000000000000000
0000000000000000
0000000000000000
0000000000000000
0000000000000000
0000000000000000
0000000000000000
0000000000000000
0000000000000000
0000000000000000
0000000000000000
0000000000000000
0000000000000000
0000000000000000
0000000000000000
0000000000000000
0000000000000000
0000000000000000
0000000000000000
0000000000000000
0000000000000000
0000000000000000
0000000000000000
0000000000000000
0000000000000000
0000000000000000
0000000000000000
0000000000000000
0000000000000000
0000000000000000
0000000000000000
0000000000000000
0000000000000000
0000000000000000
0000000000000000
0000000000000000
0000000000000000
0000000000000000
0000000000000000
0000000000000000
0000000000000000
0000000000000000
0000000000000000
0000000000000000
0000000000000000
0000000000000000
0000000000000000
0000000000000000
0000000000000000
0000000000000000
0000000000000000
0000000000000000
0000000000000000
0000000000000000
0000000000000000
0000000000000000
0000000000000000
0000000000000000
0000000000000000
0000000000000000
0000000000000000
0000000000000000
0000000000000000
0000000000000000
0000000000000000
0000000000000000
0000000000000000
0000000000000000
0000000000000000
0000000000000000
0000000000000000
0000000000000000
0000000000000000
0000000000000000
0000000000000000
0000000000000000
0000000000000000
0000000000000000
0000000000000000
0000000000000000
0000000000000000
0000000000000000
0000000000000000
0000000000000000
0000000000000000
0000000000000000
0000000000000000
0000000000000000
0000000000000000
0000000000000000
0000000000000000
0000000000000000
0000000000000000
0000000000000000
0000000000000000
0000000000000000
0000000000000000
0000000000000000
0000000000000000
0000000000000000
0000000000000000
0000000000000000
0000000000000000
0000000000000000
0000000000000000
0000000000000000
0000000000000000
0000000000000000
0000000000000000
0000000000000000
0000000000000000
0000000000000000
0000000000000000
0000000000000000
0000000000000000
0000000000000000
0000000000000000
0000000000000000
0000000000000000
0000000000000000
0000000000000000
0000000000000000
0000000000000000
0000000000000000
0000000000000000
0000000000000000
0000000000000000
0000000000000000
0000000000000000
0000000000000000
0000000000000000
0000000000000000
0000000000000000
07fff800f8000800
0000000000000000
0000000000000000
0000000000000000
0000000000000000
0000000000000000
0000000000000000
0000000000000000
0000000000000000
0000000000000000
0000000000000000
0000000000000000
0000000000000000
0000000000000000
0000000000000000
0000000000000000
0000000000000000
0000000000000000
0000000000000000
0000000000000000
0000000000000000
0000000000000000
0000000000000000
0000000000000000
0000000000000000
0000000000000000
0000000000000000
0000000000000000
0000000000000000
0000000000000000
0000000000000000
0000000000000000
0000000000000000
0000000000000000
0000000000000000
0000000000000000
0000000000000000
0000000000000000
0000000000000000
0000000000000000
0000000000000000
0000000000000000
0000000000000000
0000000000000000
0000000000000000
0000000000000000
0000000000000000
0000000000000000
0000000000000000
0000000000000000
0000000000000000
0000000000000000
0000000000000000
0000000000000000
0000000000000000
0000000000000000
0000000000000000
0000000000000000
0000000000000000
0000000000000000
0000000000000000
0000000000000000
0000000000000000
0000000000000000
0000000000000000
0000000000000000
0000000000000000
0000000000000000
0000000000000000
0000000000000000
0000000000000000
0000000000000000
0000000000000000
0000000000000000
0000000000000000
0000000000000000
0000000000000000
0000000000000000
0000000000000000
0000000000000000
0000000000000000
0000000000000000
0000000000000000
0000000000000000
0000000000000000
0000000000000000
0000000000000000
0000000000000000
0000000000000000
0000000000000000
0000000000000000
0000000000000000
0000000000000000
0000000000000000
0000000000000000
0000000000000000
0000000000000000
0000000000000000
0000000000000000
0000000000000000
0000000000000000
0000000000000000
0000000000000000
0000000000000000
0000000000000000
0000000000000000
0000000000000000
0000000000000000
0000000000000000
0000000000000000
0000000000000000
0000000000000000
0000000000000000
0000000000000000
0000000000000000
0000000000000000
0000000000000000
0000000000000000
0000000000000000
0000000000000000
0000000000000000
0000000000000000
0000000000000000
0000000000000000
0000000000000000
0000000000000000
0000000000000000
0000000000000000
0000000000000000
0000000000000000
0000000000000000
0000000000000000
0000000000000000
0000000000000000
0000000000000000
0000000000000000
0000000000000000
0000000000000000
0000000000000000
0000000000000000
0000000000000000
0000000000000000
0000000000000000
0000000000000000
0000000000000000
0000000000000000
0000000000000000
0000000000000000
0000000000000000
0000000000000000
0000000000000000
0000000000000000
0000000000000000
0000000000000000
0000000000000000
0000000000000000
0000000000000000
0000000000000000
0000000000000000
0000000000000000
0000000000000000
0000000000000000
0000000000000000
0000000000000000
0000000000000000
0000000000000000
0000000000000000
0000000000000000
0000000000000000
0000000000000000
0000000000000000
0000000000000000
0000000000000000
0000000000000000
0000000000000000
0000000000000000
0000000000000000
0000000000000000
0000000000000000
0000000000000000
0000000000000000
0000000000000000
0000000000000000
0000000000000000
0000000000000000
0000000000000000
0000000000000000
0000000000000000
0000000000000000
0000000000000000
0000000000000000
0000000000000000
0000000000000000
0000000000000000
0000000000000000
0000000000000000
0000000000000000
0000000000000000
0000000000000000
0000000000000000
0000000000000000
0000000000000000
0000000000000000
0000000000000000
0000000000000000
0000000000000000
0000000000000000
0000000000000000
0000000000000000
0000000000000000
0000000000000000
0000000000000000
0000000000000000
0000000000000000
0000000000000000
0000000000000000
0000000000000000
0000000000000000
0000000000000000
0000000000000000
0000000000000000
0000000000000000
0000000000000000
0000000000000000
0000000000000000
0000000000000000
0000000000000000
0000000000000000
0000000000000000
0000000000000000
0000000000000000
0000000000000000
0000000000000000
0000000000000000
0000000000000000
0000000000000000
0000000000000000
0000000000000000
0000000000000000
0000000000000000
0000000000000000
0000000000000000
0000000000000000
0000000000000000
0000000000000000
0000000000000000
0000000000000000
0000000000000000
0000000000000000
0000000000000000
0000000000000000
0000000000000000
0000000000000000
0000000000000000
0000000000000000
0000000000000000
0000000000000000
0000000000000000
0000000000000000
0000000000000000
0000000000000000
0000000000000000
0000000000000000
0000000000000000
0000000000000000
0000000000000000
0000000000000000
0000000000000000
0000000000000000
0000000000000000
0000000000000000
0000000000000000
0000000000000000
0000000000000000
0000000000000000
0000000000000000
0000000000000000
0000000000000000
0000000000000000
0000000000000000
0000000000000000
0000000000000000
0000000000000000
0000000000000000
0000000000000000
0000000000000000
0000000000000000
0000000000000000
0000000000000000
0000000000000000
0000000000000000
0000000000000000
0000000000000000
0000000000000000
0000000000000000
0000000000000000
0000000000000000
0000000000000000
0000000000000000
0000000000000000
0000000000000000
0000000000000000
0000000000000000
0000000000000000
0000000000000000
0000000000000000
0000000000000000
0000000000000000
0000000000000000
0000000000000000
0000000000000000
0000000000000000
0000000000000000
0000000000000000
0000000000000000
0000000000000000
0000000000000000
0000000000000000
0000000000000000
0000000000000000
0000000000000000
0000000000000000
0000000000000000
0000000000000000
0000000000000000
0000000000000000
0000000000000000
0000000000000000
0000000000000000
0000000000000000
0000000000000000
0000000000000000
0000000000000000
0000000000000000
0000000000000000
0000000000000000
0000000000000000
0000000000000000
0000000000000000
0000000000000000
0000000000000000
0000000000000000
0000000000000000
0000000000000000
0000000000000000
0000000000000000
0000000000000000
0000000000000000
0000000000000000
0000000000000000
0000000000000000
0000000000000000
0000000000000000
0000000000000000
0000000000000000
0000000000000000
0000000000000000
0000000000000000
0000000000000000
0000000000000000
0000000000000000
0000000000000000
0000000000000000
0000000000000000
0000000000000000
0000000000000000
0000000000000000
0000000000000000
0000000000000000
0000000000000000
0000000000000000
0000000000000000
0000000000000000
0000000000000000
0000000000000000
0000000000000000
0000000000000000
0000000000000000
0000000000000000
0000000000000000
0000000000000000
0000000000000000
0000000000000000
0000000000000000
0000000000000000
0000000000000000
0000000000000000
0000000000000000
0000000000000000
0000000000000000
0000000000000000
0000000000000000
0000000000000000
0000000000000000
0000000000000000
0000000000000000
0000000000000000
0000000000000000
0000000000000000
0000000000000000
0000000000000000
0000000000000000
0000000000000000
0000000000000000
0000000000000000
0000000000000000
0000000000000000
0000000000000000
0000000000000000
0000000000000000
0000000000000000
0000000000000000
0000000000000000
0000000000000000
0000000000000000
0000000000000000
0000000000000000
0000000000000000
0000000000000000
0000000000000000
0000000000000000
0000000000000000
0000000000000000
0000000000000000
0000000000000000
0000000000000000
0000000000000000
0000000000000000
0000000000000000
0000000000000000
0000000000000000
0000000000000000
0000000000000000
0000000000000000
0000000000000000
0000000000000000
0000000000000000
0000000000000000
0000000000000000
0000000000000000
0000000000000000
0000000000000000
0000000000000000
0000000000000000
0000000000000000
0000000000000000
0000000000000000
0000000000000000
0000000000000000
0000000000000000
0000000000000000
0000000000000000
0000000000000000
0000000000000000
0000000000000000
0000000000000000
0000000000000000
0000000000000000
0000000000000000
0000000000000000
0000000000000000
0000000000000000
0000000000000000
0000000000000000
0000000000000000
0000000000000000
0000000000000000
0000000000000000
0000000000000000
0000000000000000
0000000000000000
0000000000000000
0000000000000000
0000000000000000
0000000000000000
0000000000000000
0000000000000000
0000000000000000
0000000000000000
0000000000000000
0000000000000000
0000000000000000
0000000000000000
0000000000000000
0000000000000000
0000000000000000
0000000000000000
0000000000000000
0000000000000000
0000000000000000
0000000000000000
0000000000000000
0000000000000000
0000000000000000
0000000000000000
0000000000000000
0000000000000000
0000000000000000
0000000000000000
0000000000000000
0000000000000000
0000000000000000
0000000000000000
0000000000000000
0000000000000000
0000000000000000
0000000000000000
0000000000000000
0000000000000000
0000000000000000
0000000000000000
0000000000000000
0000000000000000
0000000000000000
0000000000000000
0000000000000000
0000000000000000
0000000000000000
0000000000000000
0000000000000000
0000000000000000
0000000000000000
0000000000000000
0000000000000000
0000000000000000
0000000000000000
0000000000000000
0000000000000000
0000000000000000
0000000000000000
0000000000000000
0000000000000000
0000000000000000
0000000000000000
0000000000000000
0000000000000000
0000000000000000
0000000000000000
0000000000000000
0000000000000000
0000000000000000
0000000000000000
0000000000000000
0000000000000000
0000000000000000
0000000000000000
0000000000000000
0000000000000000
0000000000000000
0000000000000000
0000000000000000
0000000000000000
0000000000000000
0000000000000000
0000000000000000
0000000000000000
0000000000000000
0000000000000000
0000000000000000
0000000000000000
0000000000000000
0000000000000000
0000000000000000
0000000000000000
0000000000000000
0000000000000000
0000000000000000
0000000000000000
0000000000000000
0000000000000000
0000000000000000
0000000000000000
0000000000000000
0000000000000000
0000000000000000
0000000000000000
0000000000000000
0000000000000000
0000000000000000
0000000000000000
0000000000000000
0000000000000000
0000000000000000
0000000000000000
0000000000000000
0000000000000000
0000000000000000
0000000000000000
0000000000000000
0000000000000000
0000000000000000
0000000000000000
0000000000000000
0000000000000000
0000000000000000
0000000000000000
0000000000000000
0000000000000000
0000000000000000
0000000000000000
0000000000000000
0000000000000000
0000000000000000
0000000000000000
0000000000000000
0000000000000000
0000000000000000
0000000000000000
0000000000000000
0000000000000000
0000000000000000
0000000000000000
0000000000000000
0000000000000000
0000000000000000
0000000000000000
0000000000000000
0000000000000000
0000000000000000
0000000000000000
0000000000000000
0000000000000000
0000000000000000
0000000000000000
0000000000000000
0000000000000000
0000000000000000
0000000000000000
0000000000000000
0000000000000000
0000000000000000
0000000000000000
0000000000000000
0000000000000000
0000000000000000
0000000000000000
0000000000000000
0000000000000000
0000000000000000
0000000000000000
0000000000000000
0000000000000000
0000000000000000
0000000000000000
0000000000000000
0000000000000000
0000000000000000
0000000000000000
0000000000000000
0000000000000000
0000000000000000
0000000000000000
0000000000000000
0000000000000000
0000000000000000
0000000000000000
0000000000000000
0000000000000000
0000000000000000
0000000000000000
0000000000000000
0000000000000000
0000000000000000
0000000000000000
0000000000000000
0000000000000000
0000000000000000
0000000000000000
0000000000000000
0000000000000000
0000000000000000
0000000000000000
0000000000000000
0000000000000000
0000000000000000
0000000000000000
0000000000000000
0000000000000000
0000000000000000
0000000000000000
0000000000000000
0000000000000000
0000000000000000
0000000000000000
0000000000000000
0000000000000000
0000000000000000
0000000000000000
0000000000000000
0000000000000000
0000000000000000
0000000000000000
0000000000000000
0000000000000000
0000000000000000
0000000000000000
0000000000000000
0000000000000000
0000000000000000
0000000000000000
0000000000000000
0000000000000000
0000000000000000
0000000000000000
0000000000000000
0000000000000000
0000000000000000
0000000000000000
0000000000000000
0000000000000000
0000000000000000
0000000000000000
0000000000000000
0000000000000000
0000000000000000
0000000000000000
0000000000000000
0000000000000000
0000000000000000
0000000000000000
0000000000000000
0000000000000000
0000000000000000
0000000000000000
0000000000000000
0000000000000000
0000000000000000
0000000000000000
0000000000000000
0000000000000000
0000000000000000
0000000000000000
0000000000000000
0000000000000000
0000000000000000
0000000000000000
0000000000000000
0000000000000000
0000000000000000
0000000000000000
0000000000000000
0000000000000000
0000000000000000
0000000000000000
0000000000000000
0000000000000000
0000000000000000
0000000000000000
0000000000000000
0000000000000000
0000000000000000
0000000000000000
0000000000000000
0000000000000000
0000000000000000
0000000000000000
0000000000000000
0000000000000000
0000000000000000
0000000000000000
0000000000000000
0000000000000000
0000000000000000
0000000000000000
0000000000000000
0000000000000000
0000000000000000
0000000000000000
0000000000000000
0000000000000000
0000000000000000
0000000000000000
0000000000000000
0000000000000000
0000000000000000
0000000000000000
0000000000000000
0000000000000000
0000000000000000
0000000000000000
0000000000000000
0000000000000000
0000000000000000
0000000000000000
0000000000000000
0000000000000000
0000000000000000
0000000000000000
0000000000000000
0000000000000000
0000000000000000
0000000000000000
0000000000000000
0000000000000000
0000000000000000
0000000000000000
0000000000000000
0000000000000000
0000000000000000
0000000000000000
0000000000000000
0000000000000000
0000000000000000
0000000000000000
0000000000000000
0000000000000000
0000000000000000
0000000000000000
0000000000000000
0000000000000000
0000000000000000
0000000000000000
0000000000000000
0000000000000000
0000000000000000
0000000000000000
0000000000000000
0000000000000000
0000000000000000
0000000000000000
0000000000000000
0000000000000000
0000000000000000
0000000000000000
0000000000000000
0000000000000000
0000000000000000
0000000000000000
0000000000000000
0000000000000000
0000000000000000
0000000000000000
0000000000000000
0000000000000000
0000000000000000
0000000000000000
0000000000000000
0000000000000000
0000000000000000
0000000000000000
0000000000000000
0000000000000000
0000000000000000
0000000000000000
0000000000000000
0000000000000000
0000000000000000
0000000000000000
0000000000000000
0000000000000000
0000000000000000
0000000000000000
0000000000000000
0000000000000000
0000000000000000
0000000000000000
0000000000000000
0000000000000000
0000000000000000
0000000000000000
0000000000000000
0000000000000000
0000000000000000
0000000000000000
0000000000000000
0000000000000000
0000000000000000
0000000000000000
0000000000000000
0000000000000000
0000000000000000
0000000000000000
0000000000000000
0000000000000000
0000000000000000
0000000000000000
0000000000000000
0000000000000000
0000000000000000
0000000000000000
0000000000000000
0000000000000000
0000000000000000
0000000000000000
0000000000000000
0000000000000000
0000000000000000
0000000000000000
0000000000000000
0000000000000000
0000000000000000
0000000000000000
0000000000000000
0000000000000000
0000000000000000
0000000000000000
0000000000000000
0000000000000000
0000000000000000
0000000000000000
0000000000000000
0000000000000000
0000000000000000
0000000000000000
0000000000000000
0000000000000000
0000000000000000
0000000000000000
0000000000000000
0000000000000000
0000000000000000
0000000000000000
0000000000000000
0000000000000000
0000000000000000
0000000000000000
0000000000000000
0000000000000000
0000000000000000
0000000000000000
0000000000000000
0000000000000000
0000000000000000
0000000000000000
0000000000000000
0000000000000000
0000000000000000
0000000000000000
0000000000000000
0000000000000000
0000000000000000
0000000000000000
0000000000000000
0000000000000000
0000000000000000
0000000000000000
0000000000000000
0000000000000000
0000000000000000
0000000000000000
0000000000000000
0000000000000000
0000000000000000
0000000000000000
0000000000000000
0000000000000000
0000000000000000
0000000000000000
0000000000000000
0000000000000000
0000000000000000
0000000000000000
0000000000000000
0000000000000000
0000000000000000
0000000000000000
0000000000000000
0000000000000000
0000000000000000
0000000000000000
0000000000000000
0000000000000000
0000000000000000
0000000000000000
0000000000000000
0000000000000000
0000000000000000
0000000000000000
0000000000000000
0000000000000000
0000000000000000
0000000000000000
0000000000000000
0000000000000000
0000000000000000
0000000000000000
0000000000000000
0000000000000000
0000000000000000
0000000000000000
0000000000000000
0000000000000000
0000000000000000
0000000000000000
0000000000000000
0000000000000000
0000000000000000
0000000000000000
0000000000000000
0000000000000000
0000000000000000
0000000000000000
0000000000000000
0000000000000000
0000000000000000
0000000000000000
0000000000000000
0000000000000000
0000000000000000
0000000000000000
0000000000000000
0000000000000000
0000000000000000
0000000000000000
0000000000000000
0000000000000000
0000000000000000
0000000000000000
0000000000000000
0000000000000000
0000000000000000
0000000000000000
0000000000000000
0000000000000000
0000000000000000
0000000000000000
0000000000000000
0000000000000000
0000000000000000
0000000000000000
0000000000000000
0000000000000000
0000000000000000
0000000000000000
0000000000000000
0000000000000000
0000000000000000
0000000000000000
0000000000000000
0000000000000000
0000000000000000
0000000000000000
0000000000000000
0000000000000000
0000000000000000
0000000000000000
0000000000000000
0000000000000000
0000000000000000
0000000000000000
0000000000000000
0000000000000000
0000000000000000
0000000000000000
0000000000000000
0000000000000000
0000000000000000
0000000000000000
0000000000000000
0000000000000000
0000000000000000
0000000000000000
0000000000000000
0000000000000000
0000000000000000
0000000000000000
0000000000000000
0000000000000000
0000000000000000
0000000000000000
0000000000000000
0000000000000000
0000000000000000
0000000000000000
0000000000000000
0000000000000000
0000000000000000
0000000000000000
0000000000000000
0000000000000000
0000000000000000
0000000000000000
0000000000000000
0000000000000000
0000000000000000
0000000000000000
0000000000000000
0000000000000000
0000000000000000
0000000000000000
0000000000000000
0000000000000000
0000000000000000
0000000000000000
0000000000000000
0000000000000000
0000000000000000
0000000000000000
0000000000000000
0000000000000000
0000000000000000
0000000000000000
0000000000000000
0000000000000000
0000000000000000
0000000000000000
0000000000000000
0000000000000000
0000000000000000
0000000000000000
0000000000000000
0000000000000000
0000000000000000
0000000000000000
0000000000000000
0000000000000000
0000000000000000
0000000000000000
0000000000000000
0000000000000000
0000000000000000
0000000000000000
0000000000000000
0000000000000000
0000000000000000
0000000000000000
0000000000000000
0000000000000000
0000000000000000
0000000000000000
0000000000000000
0000000000000000
0000000000000000
0000000000000000
0000000000000000
0000000000000000
0000000000000000
0000000000000000
0000000000000000
0000000000000000
0000000000000000
0000000000000000
0000000000000000
0000000000000000
0000000000000000
0000000000000000
0000000000000000
0000000000000000
0000000000000000
0000000000000000
0000000000000000
0000000000000000
0000000000000000
0000000000000000
0000000000000000
0000000000000000
0000000000000000
0000000000000000
0000000000000000
0000000000000000
0000000000000000
0000000000000000
0000000000000000
0000000000000000
0000000000000000
0000000000000000
0000000000000000
0000000000000000
0000000000000000
0000000000000000
0000000000000000
0000000000000000
0000000000000000
0000000000000000
0000000000000000
0000000000000000
0000000000000000
0000000000000000
0000000000000000
0000000000000000
0000000000000000
0000000000000000
0000000000000000
0000000000000000
0000000000000000
0000000000000000
0000000000000000
0000000000000000
0000000000000000
0000000000000000
0000000000000000
0000000000000000
0000000000000000
0000000000000000
0000000000000000
0000000000000000
0000000000000000
0000000000000000
0000000000000000
0000000000000000
0000000000000000
0000000000000000
0000000000000000
0000000000000000
0000000000000000
0000000000000000
0000000000000000
0000000000000000
0000000000000000
0000000000000000
0000000000000000
0000000000000000
0000000000000000
0000000000000000
0000000000000000
0000000000000000
0000000000000000
0000000000000000
0000000000000000
0000000000000000
0000000000000000
0000000000000000
0000000000000000
0000000000000000
0000000000000000
0000000000000000
0000000000000000
0000000000000000
0000000000000000
0000000000000000
0000000000000000
0000000000000000
0000000000000000
0000000000000000
0000000000000000
0000000000000000
0000000000000000
0000000000000000
0000000000000000
0000000000000000
0000000000000000
0000000000000000
0000000000000000
0000000000000000
0000000000000000
0000000000000000
0000000000000000
0000000000000000
0000000000000000
0000000000000000
0000000000000000
0000000000000000
0000000000000000
0000000000000000
0000000000000000
0000000000000000
0000000000000000
0000000000000000
0000000000000000
0000000000000000
0000000000000000
0000000000000000
0000000000000000
0000000000000000
0000000000000000
0000000000000000
0000000000000000
0000000000000000
0000000000000000
0000000000000000
0000000000000000
0000000000000000
0000000000000000
0000000000000000
0000000000000000
0000000000000000
0000000000000000
0000000000000000
0000000000000000
0000000000000000
0000000000000000
0000000000000000
0000000000000000
0000000000000000
0000000000000000
0000000000000000
0000000000000000
0000000000000000
0000000000000000
0000000000000000
0000000000000000
0000000000000000
0000000000000000
0000000000000000
0000000000000000
0000000000000000
0000000000000000
0000000000000000
0000000000000000
0000000000000000
0000000000000000
0000000000000000
0000000000000000
0000000000000000
0000000000000000
0000000000000000
0000000000000000
0000000000000000
0000000000000000
0000000000000000
0000000000000000
0000000000000000
0000000000000000
0000000000000000
0000000000000000
0000000000000000
0000000000000000
0000000000000000
0000000000000000
0000000000000000
0000000000000000
0000000000000000
0000000000000000
0000000000000000
0000000000000000
0000000000000000
0000000000000000
0000000000000000
0000000000000000
0000000000000000
0000000000000000
0000000000000000
0000000000000000
0000000000000000
0000000000000000
0000000000000000
0000000000000000
0000000000000000
0000000000000000
0000000000000000
0000000000000000
0000000000000000
0000000000000000
0000000000000000
0000000000000000
0000000000000000
0000000000000000
0000000000000000
0000000000000000
0000000000000000
0000000000000000
0000000000000000
0000000000000000
0000000000000000
0000000000000000
0000000000000000
0000000000000000
0000000000000000
0000000000000000
0000000000000000
0000000000000000
0000000000000000
0000000000000000
0000000000000000
0000000000000000
0000000000000000
0000000000000000
0000000000000000
0000000000000000
0000000000000000
0000000000000000
0000000000000000
0000000000000000
0000000000000000
0000000000000000
0000000000000000
0000000000000000
0000000000000000
0000000000000000
0000000000000000
0000000000000000
0000000000000000
0000000000000000
0000000000000000
0000000000000000
0000000000000000
0000000000000000
0000000000000000
0000000000000000
0000000000000000
0000000000000000
0000000000000000
0000000000000000
0000000000000000
0000000000000000
0000000000000000
0000000000000000
0000000000000000
0000000000000000
0000000000000000
0000000000000000
0000000000000000
0000000000000000
0000000000000000
0000000000000000
0000000000000000
0000000000000000
0000000000000000
0000000000000000
0000000000000000
0000000000000000
0000000000000000
0000000000000000
0000000000000000
0000000000000000
0000000000000000
0000000000000000
0000000000000000
0000000000000000
0000000000000000
0000000000000000
0000000000000000
0000000000000000
0000000000000000
0000000000000000
0000000000000000
0000000000000000
0000000000000000
0000000000000000
0000000000000000
0000000000000000
0000000000000000
0000000000000000
0000000000000000
0000000000000000
0000000000000000
0000000000000000
0000000000000000
0000000000000000
0000000000000000
0000000000000000
0000000000000000
0000000000000000
0000000000000000
0000000000000000
0000000000000000
0000000000000000
0000000000000000
0000000000000000
0000000000000000
0000000000000000
0000000000000000
0000000000000000
0000000000000000
0000000000000000
0000000000000000
0000000000000000
0000000000000000
0000000000000000
0000000000000000
0000000000000000
0000000000000000
0000000000000000
0000000000000000
0000000000000000
0000000000000000
0000000000000000
0000000000000000
0000000000000000
0000000000000000
0000000000000000
0000000000000000
0000000000000000
0000000000000000
0000000000000000
0000000000000000
0000000000000000
0000000000000000
0000000000000000
0000000000000000
0000000000000000
0000000000000000
0000000000000000
0000000000000000
0000000000000000
0000000000000000
0000000000000000
0000000000000000
0000000000000000
0000000000000000
0000000000000000
0000000000000000
0000000000000000
0000000000000000
0000000000000000
0000000000000000
0000000000000000
0000000000000000
0000000000000000
0000000000000000
0000000000000000
0000000000000000
0000000000000000
0000000000000000
0000000000000000
0000000000000000
0000000000000000
0000000000000000
0000000000000000
0000000000000000
0000000000000000
0000000000000000
0000000000000000
0000000000000000
0000000000000000
0000000000000000
0000000000000000
0000000000000000
0000000000000000
0000000000000000
0000000000000000
0000000000000000
0000000000000000
0000000000000000
0000000000000000
0000000000000000
0000000000000000
0000000000000000
0000000000000000
0000000000000000
0000000000000000
0000000000000000
0000000000000000
0000000000000000
0000000000000000
0000000000000000
0000000000000000
0000000000000000
0000000000000000
0000000000000000
0000000000000000
0000000000000000
0000000000000000
0000000000000000
0000000000000000
0000000000000000
0000000000000000
0000000000000000
0000000000000000
0000000000000000
0000000000000000
0000000000000000
0000000000000000
0000000000000000
0000000000000000
0000000000000000
0000000000000000
0000000000000000
0000000000000000
0000000000000000
0000000000000000
0000000000000000
0000000000000000
0000000000000000
0000000000000000
0000000000000000
0000000000000000
0000000000000000
0000000000000000
0000000000000000
0000000000000000
0000000000000000
0000000000000000
0000000000000000
0000000000000000
0000000000000000
0000000000000000
0000000000000000
0000000000000000
0000000000000000
0000000000000000
0000000000000000
0000000000000000
0000000000000000
0000000000000000
0000000000000000
0000000000000000
0000000000000000
0000000000000000
0000000000000000
0000000000000000
0000000000000000
0000000000000000
0000000000000000
0000000000000000
0000000000000000
0000000000000000
0000000000000000
0000000000000000
0000000000000000
0000000000000000
0000000000000000
0000000000000000
0000000000000000
0000000000000000
0000000000000000
0000000000000000
0000000000000000
0000000000000000
0000000000000000
0000000000000000
0000000000000000
0000000000000000
0000000000000000
0000000000000000
0000000000000000
0000000000000000
0000000000000000
0000000000000000
0000000000000000
0000000000000000
0000000000000000
0000000000000000
0000000000000000
0000000000000000
0000000000000000
0000000000000000
0000000000000000
0000000000000000
0000000000000000
0000000000000000
0000000000000000
0000000000000000
0000000000000000
0000000000000000
0000000000000000
0000000000000000
0000000000000000
0000000000000000
0000000000000000
0000000000000000
0000000000000000
0000000000000000
0000000000000000
0000000000000000
0000000000000000
0000000000000000
0000000000000000
0000000000000000
0000000000000000
0000000000000000
0000000000000000
0000000000000000
0000000000000000
0000000000000000
0000000000000000
0000000000000000
0000000000000000
0000000000000000
0000000000000000
0000000000000000
0000000000000000
0000000000000000
0000000000000000
0000000000000000
0000000000000000
0000000000000000
0000000000000000
0000000000000000
0000000000000000
0000000000000000
0000000000000000
0000000000000000
0000000000000000
0000000000000000
0000000000000000
0000000000000000
0000000000000000
0000000000000000
0000000000000000
0000000000000000
0000000000000000
0000000000000000
0000000000000000
0000000000000000
0000000000000000
0000000000000000
0000000000000000
0000000000000000
0000000000000000
0000000000000000
0000000000000000
0000000000000000
0000000000000000
0000000000000000
0000000000000000
0000000000000000
0000000000000000
0000000000000000
0000000000000000
0000000000000000
0000000000000000
0000000000000000
0000000000000000
0000000000000000
0000000000000000
0000000000000000
0000000000000000
0000000000000000
0000000000000000
0000000000000000
0000000000000000
0000000000000000
0000000000000000
0000000000000000
0000000000000000
0000000000000000
0000000000000000
0000000000000000
0000000000000000
0000000000000000
0000000000000000
0000000000000000
0000000000000000
0000000000000000
0000000000000000
0000000000000000
0000000000000000
0000000000000000
0000000000000000
0000000000000000
0000000000000000
0000000000000000
0000000000000000
0000000000000000
0000000000000000
0000000000000000
0000000000000000
0000000000000000
0000000000000000
0000000000000000
0000000000000000
0000000000000000
0000000000000000
0000000000000000
0000000000000000
0000000000000000
0000000000000000
0000000000000000
0000000000000000
0000000000000000
0000000000000000
0000000000000000
0000000000000000
0000000000000000
0000000000000000
0000000000000000
0000000000000000
0000000000000000
0000000000000000
0000000000000000
0000000000000000
0000000000000000
0000000000000000
0000000000000000
0000000000000000
0000000000000000
0000000000000000
0000000000000000
0000000000000000
0000000000000000
0000000000000000
0000000000000000
0000000000000000
0000000000000000
0000000000000000
0000000000000000
0000000000000000
0000000000000000
0000000000000000
0000000000000000
0000000000000000
0000000000000000
0000000000000000
0000000000000000
0000000000000000
0000000000000000
0000000000000000
0000000000000000
0000000000000000
0000000000000000
0000000000000000
0000000000000000
0000000000000000
0000000000000000
0000000000000000
0000000000000000
0000000000000000
0000000000000000
0000000000000000
0000000000000000
0000000000000000
0000000000000000
0000000000000000
0000000000000000
0000000000000000
0000000000000000
0000000000000000
0000000000000000
0000000000000000
0000000000000000
0000000000000000
0000000000000000
0000000000000000
0000000000000000
0000000000000000
0000000000000000
0000000000000000
0000000000000000
0000000000000000
0000000000000000
0000000000000000
0000000000000000
0000000000000000
0000000000000000
0000000000000000
0000000000000000
0000000000000000
0000000000000000
0000000000000000
0000000000000000
0000000000000000
0000000000000000
0000000000000000
0000000000000000
0000000000000000
0000000000000000
0000000000000000
0000000000000000
0000000000000000
0000000000000000
0000000000000000
0000000000000000
0000000000000000
0000000000000000
0000000000000000
0000000000000000
0000000000000000
0000000000000000
0000000000000000
0000000000000000
0000000000000000
0000000000000000
0000000000000000
0000000000000000
0000000000000000
0000000000000000
0000000000000000
0000000000000000
0000000000000000
0000000000000000
0000000000000000
0000000000000000
0000000000000000
0000000000000000
0000000000000000
0000000000000000
0000000000000000
0000000000000000
0000000000000000
0000000000000000
0000000000000000
0000000000000000
0000000000000000
0000000000000000
0000000000000000
0000000000000000
0000000000000000
0000000000000000
0000000000000000
0000000000000000
0000000000000000
0000000000000000
0000000000000000
0000000000000000
0000000000000000
0000000000000000
0000000000000000
0000000000000000
0000000000000000
0000000000000000
0000000000000000
0000000000000000
0000000000000000
0000000000000000
0000000000000000
0000000000000000
0000000000000000
0000000000000000
0000000000000000
0000000000000000
0000000000000000
0000000000000000
0000000000000000
0000000000000000
0000000000000000
0000000000000000
0000000000000000
0000000000000000
0000000000000000
0000000000000000
0000000000000000
0000000000000000
0000000000000000
0000000000000000
0000000000000000
0000000000000000
0000000000000000
0000000000000000
0000000000000000
0000000000000000
0000000000000000
0000000000000000
0000000000000000
0000000000000000
0000000000000000
0000000000000000
0000000000000000
0000000000000000
0000000000000000
0000000000000000
0000000000000000
0000000000000000
0000000000000000
0000000000000000
0000000000000000
0000000000000000
0000000000000000
0000000000000000
0000000000000000
0000000000000000
0000000000000000
0000000000000000
0000000000000000
0000000000000000
0000000000000000
0000000000000000
0000000000000000
0000000000000000
0000000000000000
0000000000000000
0000000000000000
0000000000000000
0000000000000000
0000000000000000
0000000000000000
0000000000000000
0000000000000000
0000000000000000
0000000000000000
0000000000000000
0000000000000000
0000000000000000
0000000000000000
0000000000000000
0000000000000000
0000000000000000
0000000000000000
0000000000000000
0000000000000000
0000000000000000
0000000000000000
0000000000000000
0000000000000000
0000000000000000
0000000000000000
0000000000000000
0000000000000000
0000000000000000
0000000000000000
0000000000000000
0000000000000000
0000000000000000
0000000000000000
0000000000000000
0000000000000000
0000000000000000
0000000000000000
0000000000000000
0000000000000000
0000000000000000
0000000000000000
0000000000000000
0000000000000000
0000000000000000
0000000000000000
0000000000000000
0000000000000000
0000000000000000
0000000000000000
0000000000000000
0000000000000000
0000000000000000
0000000000000000
0000000000000000
0000000000000000
0000000000000000
0000000000000000
0000000000000000
0000000000000000
0000000000000000
0000000000000000
0000000000000000
0000000000000000
0000000000000000
0000000000000000
0000000000000000
0000000000000000
0000000000000000
0000000000000000
0000000000000000
0000000000000000
0000000000000000
0000000000000000
0000000000000000
0000000000000000
0000000000000000
0000000000000000
0000000000000000
0000000000000000
0000000000000000
0000000000000000
0000000000000000
0000000000000000
0000000000000000
0000000000000000
0000000000000000
0000000000000000
0000000000000000
0000000000000000
0000000000000000
0000000000000000
0000000000000000
0000000000000000
0000000000000000
0000000000000000
0000000000000000
0000000000000000
0000000000000000
0000000000000000
0000000000000000
0000000000000000
0000000000000000
0000000000000000
0000000000000000
0000000000000000
0000000000000000
0000000000000000
f800000007fff000
0000000000000000
0000000000000000
0000000000000000
0000000000000000
0000000000000000
0000000000000000
0000000000000000
0000000000000000
0000000000000000
0000000000000000
0000000000000000
0000000000000000
0000000000000000
0000000000000000
0000000000000000
0000000000000000
0000000000000000
0000000000000000
0000000000000000
0000000000000000
0000000000000000
0000000000000000
0000000000000000
0000000000000000
0000000000000000
0000000000000000
0000000000000000
0000000000000000
0000000000000000
0000000000000000
0000000000000000
0000000000000000
0000000000000000
0000000000000000
0000000000000000
0000000000000000
0000000000000000
0000000000000000
0000000000000000
0000000000000000
0000000000000000
0000000000000000
0000000000000000
0000000000000000
0000000000000000
0000000000000000
0000000000000000
0000000000000000
0000000000000000
0000000000000000
0000000000000000
0000000000000000
0000000000000000
0000000000000000
0000000000000000
0000000000000000
0000000000000000
0000000000000000
0000000000000000
0000000000000000
0000000000000000
0000000000000000
0000000000000000
0000000000000000
0000000000000000
0000000000000000
0000000000000000
0000000000000000
0000000000000000
0000000000000000
0000000000000000
0000000000000000
0000000000000000
0000000000000000
0000000000000000
0000000000000000
0000000000000000
0000000000000000
0000000000000000
0000000000000000
0000000000000000
0000000000000000
0000000000000000
0000000000000000
0000000000000000
0000000000000000
0000000000000000
0000000000000000
0000000000000000
0000000000000000
0000000000000000
0000000000000000
0000000000000000
0000000000000000
0000000000000000
0000000000000000
0000000000000000
0000000000000000
0000000000000000
0000000000000000
0000000000000000
0000000000000000
0000000000000000
0000000000000000
0000000000000000
0000000000000000
0000000000000000
0000000000000000
0000000000000000
0000000000000000
0000000000000000
0000000000000000
0000000000000000
0000000000000000
0000000000000000
0000000000000000
0000000000000000
0000000000000000
0000000000000000
0000000000000000
0000000000000000
0000000000000000
0000000000000000
0000000000000000
0000000000000000
0000000000000000
0000000000000000
0000000000000000
0000000000000000
0000000000000000
0000000000000000
0000000000000000
0000000000000000
0000000000000000
0000000000000000
0000000000000000
0000000000000000
0000000000000000
0000000000000000
0000000000000000
0000000000000000
0000000000000000
0000000000000000
0000000000000000
0000000000000000
0000000000000000
0000000000000000
0000000000000000
0000000000000000
0000000000000000
0000000000000000
0000000000000000
0000000000000000
0000000000000000
0000000000000000
0000000000000000
0000000000000000
0000000000000000
0000000000000000
0000000000000000
0000000000000000
0000000000000000
0000000000000000
0000000000000000
0000000000000000
0000000000000000
0000000000000000
0000000000000000
0000000000000000
0000000000000000
0000000000000000
0000000000000000
0000000000000000
0000000000000000
0000000000000000
0000000000000000
0000000000000000
0000000000000000
0000000000000000
0000000000000000
0000000000000000
0000000000000000
0000000000000000
0000000000000000
0000000000000000
0000000000000000
0000000000000000
0000000000000000
0000000000000000
0000000000000000
0000000000000000
0000000000000000
0000000000000000
0000000000000000
0000000000000000
0000000000000000
0000000000000000
0000000000000000
0000000000000000
0000000000000000
0000000000000000
0000000000000000
0000000000000000
0000000000000000
0000000000000000
0000000000000000
0000000000000000
0000000000000000
0000000000000000
0000000000000000
0000000000000000
0000000000000000
0000000000000000
0000000000000000
0000000000000000
0000000000000000
0000000000000000
0000000000000000
0000000000000000
0000000000000000
0000000000000000
0000000000000000
0000000000000000
0000000000000000
0000000000000000
0000000000000000
0000000000000000
0000000000000000
0000000000000000
0000000000000000
0000000000000000
0000000000000000
0000000000000000
0000000000000000
0000000000000000
0000000000000000
0000000000000000
0000000000000000
0000000000000000
0000000000000000
0000000000000000
0000000000000000
0000000000000000
0000000000000000
0000000000000000
0000000000000000
0000000000000000
0000000000000000
0000000000000000
0000000000000000
0000000000000000
0000000000000000
0000000000000000
0000000000000000
0000000000000000
0000000000000000
0000000000000000
0000000000000000
0000000000000000
0000000000000000
0000000000000000
0000000000000000
0000000000000000
0000000000000000
0000000000000000
0000000000000000
0000000000000000
0000000000000000
0000000000000000
0000000000000000
0000000000000000
0000000000000000
0000000000000000
0000000000000000
0000000000000000
0000000000000000
0000000000000000
0000000000000000
0000000000000000
0000000000000000
0000000000000000
0000000000000000
0000000000000000
0000000000000000
0000000000000000
0000000000000000
0000000000000000
0000000000000000
0000000000000000
0000000000000000
0000000000000000
0000000000000000
0000000000000000
0000000000000000
0000000000000000
0000000000000000
0000000000000000
0000000000000000
0000000000000000
0000000000000000
0000000000000000
0000000000000000
0000000000000000
0000000000000000
0000000000000000
0000000000000000
0000000000000000
0000000000000000
0000000000000000
0000000000000000
0000000000000000
0000000000000000
0000000000000000
0000000000000000
0000000000000000
0000000000000000
0000000000000000
0000000000000000
0000000000000000
0000000000000000
0000000000000000
0000000000000000
0000000000000000
0000000000000000
0000000000000000
0000000000000000
0000000000000000
0000000000000000
0000000000000000
0000000000000000
0000000000000000
0000000000000000
0000000000000000
0000000000000000
0000000000000000
0000000000000000
0000000000000000
0000000000000000
0000000000000000
0000000000000000
0000000000000000
0000000000000000
0000000000000000
0000000000000000
0000000000000000
0000000000000000
0000000000000000
0000000000000000
0000000000000000
0000000000000000
0000000000000000
0000000000000000
0000000000000000
0000000000000000
0000000000000000
0000000000000000
0000000000000000
0000000000000000
0000000000000000
0000000000000000
0000000000000000
0000000000000000
0000000000000000
0000000000000000
0000000000000000
0000000000000000
0000000000000000
0000000000000000
0000000000000000
0000000000000000
0000000000000000
0000000000000000
0000000000000000
0000000000000000
0000000000000000
0000000000000000
0000000000000000
0000000000000000
0000000000000000
0000000000000000
0000000000000000
0000000000000000
0000000000000000
0000000000000000
0000000000000000
0000000000000000
0000000000000000
0000000000000000
0000000000000000
0000000000000000
0000000000000000
0000000000000000
0000000000000000
0000000000000000
0000000000000000
0000000000000000
0000000000000000
0000000000000000
0000000000000000
0000000000000000
0000000000000000
0000000000000000
0000000000000000
0000000000000000
0000000000000000
0000000000000000
0000000000000000
0000000000000000
0000000000000000
0000000000000000
0000000000000000
0000000000000000
0000000000000000
0000000000000000
0000000000000000
0000000000000000
0000000000000000
0000000000000000
0000000000000000
0000000000000000
0000000000000000
0000000000000000
0000000000000000
0000000000000000
0000000000000000
0000000000000000
0000000000000000
0000000000000000
0000000000000000
0000000000000000
0000000000000000
0000000000000000
0000000000000000
0000000000000000
0000000000000000
0000000000000000
0000000000000000
0000000000000000
0000000000000000
0000000000000000
0000000000000000
0000000000000000
0000000000000000
0000000000000000
0000000000000000
0000000000000000
0000000000000000
0000000000000000
0000000000000000
0000000000000000
0000000000000000
0000000000000000
0000000000000000
0000000000000000
0000000000000000
0000000000000000
0000000000000000
0000000000000000
0000000000000000
0000000000000000
0000000000000000
0000000000000000
0000000000000000
0000000000000000
0000000000000000
0000000000000000
0000000000000000
0000000000000000
0000000000000000
0000000000000000
0000000000000000
0000000000000000
0000000000000000
0000000000000000
0000000000000000
0000000000000000
0000000000000000
0000000000000000
0000000000000000
0000000000000000
0000000000000000
0000000000000000
0000000000000000
0000000000000000
0000000000000000
0000000000000000
0000000000000000
0000000000000000
0000000000000000
0000000000000000
0000000000000000
0000000000000000
0000000000000000
0000000000000000
0000000000000000
0000000000000000
0000000000000000
0000000000000000
0000000000000000
0000000000000000
0000000000000000
0000000000000000
0000000000000000
0000000000000000
0000000000000000
0000000000000000
0000000000000000
0000000000000000
0000000000000000
0000000000000000
0000000000000000
0000000000000000
0000000000000000
0000000000000000
0000000000000000
0000000000000000
0000000000000000
0000000000000000
0000000000000000
0000000000000000
0000000000000000
0000000000000000
0000000000000000
0000000000000000
0000000000000000
0000000000000000
0000000000000000
0000000000000000
0000000000000000
0000000000000000
0000000000000000
0000000000000000
0000000000000000
0000000000000000
0000000000000000
0000000000000000
0000000000000000
0000000000000000
0000000000000000
0000000000000000
0000000000000000
0000000000000000
0000000000000000
0000000000000000
0000000000000000
0000000000000000
0000000000000000
0000000000000000
0000000000000000
0000000000000000
0000000000000000
0000000000000000
0000000000000000
0000000000000000
0000000000000000
0000000000000000
0000000000000000
0000000000000000
0000000000000000
0000000000000000
0000000000000000
0000000000000000
0000000000000000
0000000000000000
0000000000000000
0000000000000000
0000000000000000
0000000000000000
0000000000000000
0000000000000000
0000000000000000
0000000000000000
0000000000000000
0000000000000000
0000000000000000
0000000000000000
0000000000000000
0000000000000000
0000000000000000
0000000000000000
0000000000000000
0000000000000000
0000000000000000
0000000000000000
0000000000000000
0000000000000000
0000000000000000
0000000000000000
0000000000000000
0000000000000000
0000000000000000
0000000000000000
0000000000000000
0000000000000000
0000000000000000
0000000000000000
0000000000000000
0000000000000000
0000000000000000
0000000000000000
0000000000000000
0000000000000000
0000000000000000
0000000000000000
0000000000000000
0000000000000000
0000000000000000
0000000000000000
0000000000000000
0000000000000000
0000000000000000
0000000000000000
0000000000000000
0000000000000000
0000000000000000
0000000000000000
0000000000000000
0000000000000000
0000000000000000
0000000000000000
0000000000000000
0000000000000000
0000000000000000
0000000000000000
0000000000000000
0000000000000000
0000000000000000
0000000000000000
0000000000000000
0000000000000000
0000000000000000
0000000000000000
0000000000000000
0000000000000000
0000000000000000
0000000000000000
0000000000000000
0000000000000000
0000000000000000
0000000000000000
0000000000000000
0000000000000000
0000000000000000
0000000000000000
0000000000000000
0000000000000000
0000000000000000
0000000000000000
0000000000000000
0000000000000000
0000000000000000
0000000000000000
0000000000000000
0000000000000000
0000000000000000
0000000000000000
0000000000000000
0000000000000000
0000000000000000
0000000000000000
0000000000000000
0000000000000000
0000000000000000
0000000000000000
0000000000000000
0000000000000000
0000000000000000
0000000000000000
0000000000000000
0000000000000000
0000000000000000
0000000000000000
0000000000000000
0000000000000000
0000000000000000
0000000000000000
0000000000000000
0000000000000000
0000000000000000
0000000000000000
0000000000000000
0000000000000000
0000000000000000
0000000000000000
0000000000000000
0000000000000000
0000000000000000
0000000000000000
0000000000000000
0000000000000000
0000000000000000
0000000000000000
0000000000000000
0000000000000000
0000000000000000
0000000000000000
0000000000000000
0000000000000000
0000000000000000
0000000000000000
0000000000000000
0000000000000000
0000000000000000
0000000000000000
0000000000000000
0000000000000000
0000000000000000
0000000000000000
0000000000000000
0000000000000000
0000000000000000
0000000000000000
0000000000000000
0000000000000000
0000000000000000
0000000000000000
0000000000000000
0000000000000000
0000000000000000
0000000000000000
0000000000000000
0000000000000000
0000000000000000
0000000000000000
0000000000000000
0000000000000000
0000000000000000
0000000000000000
0000000000000000
0000000000000000
0000000000000000
0000000000000000
0000000000000000
0000000000000000
0000000000000000
0000000000000000
0000000000000000
0000000000000000
0000000000000000
0000000000000000
0000000000000000
0000000000000000
0000000000000000
0000000000000000
0000000000000000
0000000000000000
0000000000000000
0000000000000000
0000000000000000
0000000000000000
0000000000000000
0000000000000000
0000000000000000
0000000000000000
0000000000000000
0000000000000000
0000000000000000
0000000000000000
0000000000000000
0000000000000000
0000000000000000
0000000000000000
0000000000000000
0000000000000000
0000000000000000
0000000000000000
0000000000000000
0000000000000000
0000000000000000
0000000000000000
0000000000000000
0000000000000000
0000000000000000
0000000000000000
0000000000000000
0000000000000000
0000000000000000
0000000000000000
0000000000000000
0000000000000000
0000000000000000
0000000000000000
0000000000000000
0000000000000000
0000000000000000
0000000000000000
0000000000000000
0000000000000000
0000000000000000
0000000000000000
0000000000000000
0000000000000000
0000000000000000
0000000000000000
0000000000000000
0000000000000000
0000000000000000
0000000000000000
0000000000000000
0000000000000000
0000000000000000
0000000000000000
0000000000000000
0000000000000000
0000000000000000
0000000000000000
0000000000000000
0000000000000000
0000000000000000
0000000000000000
0000000000000000
0000000000000000
0000000000000000
0000000000000000
0000000000000000
0000000000000000
0000000000000000
0000000000000000
0000000000000000
0000000000000000
0000000000000000
0000000000000000
0000000000000000
0000000000000000
0000000000000000
0000000000000000
0000000000000000
0000000000000000
0000000000000000
0000000000000000
0000000000000000
0000000000000000
0000000000000000
0000000000000000
0000000000000000
0000000000000000
0000000000000000
0000000000000000
0000000000000000
0000000000000000
0000000000000000
0000000000000000
0000000000000000
0000000000000000
0000000000000000
0000000000000000
0000000000000000
0000000000000000
0000000000000000
0000000000000000
0000000000000000
0000000000000000
0000000000000000
0000000000000000
0000000000000000
0000000000000000
0000000000000000
0000000000000000
0000000000000000
0000000000000000
0000000000000000
0000000000000000
0000000000000000
0000000000000000
0000000000000000
0000000000000000
0000000000000000
0000000000000000
0000000000000000
0000000000000000
0000000000000000
0000000000000000
0000000000000000
0000000000000000
0000000000000000
0000000000000000
0000000000000000
0000000000000000
0000000000000000
0000000000000000
0000000000000000
0000000000000000
0000000000000000
0000000000000000
0000000000000000
0000000000000000
0000000000000000
0000000000000000
0000000000000000
0000000000000000
0000000000000000
0000000000000000
0000000000000000
0000000000000000
0000000000000000
0000000000000000
0000000000000000
0000000000000000
0000000000000000
0000000000000000
0000000000000000
0000000000000000
0000000000000000
0000000000000000
0000000000000000
0000000000000000
0000000000000000
0000000000000000
0000000000000000
0000000000000000
0000000000000000
0000000000000000
0000000000000000
0000000000000000
0000000000000000
0000000000000000
0000000000000000
0000000000000000
0000000000000000
0000000000000000
0000000000000000
0000000000000000
0000000000000000
0000000000000000
0000000000000000
0000000000000000
0000000000000000
0000000000000000
0000000000000000
0000000000000000
0000000000000000
0000000000000000
0000000000000000
0000000000000000
0000000000000000
0000000000000000
0000000000000000
0000000000000000
0000000000000000
0000000000000000
0000000000000000
0000000000000000
0000000000000000
0000000000000000
0000000000000000
0000000000000000
0000000000000000
0000000000000000
0000000000000000
0000000000000000
0000000000000000
0000000000000000
0000000000000000
0000000000000000
0000000000000000
0000000000000000
0000000000000000
0000000000000000
0000000000000000
0000000000000000
0000000000000000
0000000000000000
0000000000000000
0000000000000000
0000000000000000
0000000000000000
0000000000000000
0000000000000000
0000000000000000
0000000000000000
0000000000000000
0000000000000000
0000000000000000
0000000000000000
0000000000000000
0000000000000000
0000000000000000
0000000000000000
0000000000000000
0000000000000000
0000000000000000
0000000000000000
0000000000000000
0000000000000000
0000000000000000
0000000000000000
0000000000000000
0000000000000000
0000000000000000
0000000000000000
0000000000000000
0000000000000000
0000000000000000
0000000000000000
0000000000000000
0000000000000000
0000000000000000
0000000000000000
0000000000000000
0000000000000000
0000000000000000
0000000000000000
0000000000000000
0000000000000000
0000000000000000
0000000000000000
0000000000000000
0000000000000000
0000000000000000
0000000000000000
0000000000000000
0000000000000000
0000000000000000
0000000000000000
0000000000000000
0000000000000000
0000000000000000
0000000000000000
0000000000000000
0000000000000000
0000000000000000
0000000000000000
0000000000000000
0000000000000000
0000000000000000
0000000000000000
0000000000000000
0000000000000000
0000000000000000
0000000000000000
0000000000000000
0000000000000000
0000000000000000
0000000000000000
0000000000000000
0000000000000000
0000000000000000
0000000000000000
0000000000000000
0000000000000000
0000000000000000
0000000000000000
0000000000000000
0000000000000000
0000000000000000
0000000000000000
0000000000000000
0000000000000000
0000000000000000
0000000000000000
0000000000000000
0000000000000000
0000000000000000
0000000000000000
0000000000000000
0000000000000000
0000000000000000
0000000000000000
0000000000000000
0000000000000000
0000000000000000
0000000000000000
0000000000000000
0000000000000000
0000000000000000
0000000000000000
0000000000000000
0000000000000000
0000000000000000
0000000000000000
0000000000000000
0000000000000000
0000000000000000
0000000000000000
0000000000000000
0000000000000000
0000000000000000
0000000000000000
0000000000000000
0000000000000000
0000000000000000
0000000000000000
0000000000000000
0000000000000000
0000000000000000
0000000000000000
0000000000000000
0000000000000000
0000000000000000
0000000000000000
0000000000000000
0000000000000000
0000000000000000
0000000000000000
0000000000000000
0000000000000000
0000000000000000
0000000000000000
0000000000000000
0000000000000000
0000000000000000
0000000000000000
0000000000000000
0000000000000000
0000000000000000
0000000000000000
0000000000000000
0000000000000000
0000000000000000
0000000000000000
0000000000000000
0000000000000000
0000000000000000
0000000000000000
0000000000000000
0000000000000000
0000000000000000
0000000000000000
0000000000000000
0000000000000000
0000000000000000
0000000000000000
0000000000000000
0000000000000000
0000000000000000
0000000000000000
0000000000000000
0000000000000000
0000000000000000
0000000000000000
0000000000000000
0000000000000000
0000000000000000
0000000000000000
0000000000000000
0000000000000000
0000000000000000
0000000000000000
0000000000000000
0000000000000000
0000000000000000
0000000000000000
0000000000000000
0000000000000000
0000000000000000
0000000000000000
0000000000000000
0000000000000000
0000000000000000
0000000000000000
0000000000000000
0000000000000000
0000000000000000
0000000000000000
0000000000000000
0000000000000000
0000000000000000
0000000000000000
0000000000000000
0000000000000000
0000000000000000
0000000000000000
0000000000000000
0000000000000000
0000000000000000
0000000000000000
0000000000000000
0000000000000000
0000000000000000
0000000000000000
0000000000000000
0000000000000000
0000000000000000
0000000000000000
0000000000000000
0000000000000000
0000000000000000
0000000000000000
0000000000000000
0000000000000000
0000000000000000
0000000000000000
0000000000000000
0000000000000000
0000000000000000
0000000000000000
0000000000000000
0000000000000000
0000000000000000
0000000000000000
0000000000000000
0000000000000000
0000000000000000
0000000000000000
0000000000000000
0000000000000000
0000000000000000
0000000000000000
0000000000000000
0000000000000000
0000000000000000
0000000000000000
0000000000000000
0000000000000000
0000000000000000
0000000000000000
0000000000000000
0000000000000000
0000000000000000
0000000000000000
0000000000000000
0000000000000000
0000000000000000
0000000000000000
0000000000000000
0000000000000000
0000000000000000
0000000000000000
0000000000000000
0000000000000000
0000000000000000
0000000000000000
0000000000000000
0000000000000000
0000000000000000
0000000000000000
0000000000000000
0000000000000000
0000000000000000
0000000000000000
0000000000000000
0000000000000000
0000000000000000
0000000000000000
0000000000000000
0000000000000000
0000000000000000
0000000000000000
0000000000000000
0000000000000000
0000000000000000
0000000000000000
0000000000000000
0000000000000000
0000000000000000
0000000000000000
0000000000000000
0000000000000000
0000000000000000
0000000000000000
0000000000000000
0000000000000000
0000000000000000
0000000000000000
0000000000000000
0000000000000000
0000000000000000
0000000000000000
0000000000000000
0000000000000000
0000000000000000
0000000000000000
0000000000000000
0000000000000000
0000000000000000
0000000000000000
0000000000000000
0000000000000000
0000000000000000
0000000000000000
0000000000000000
0000000000000000
0000000000000000
0000000000000000
0000000000000000
0000000000000000
0000000000000000
0000000000000000
0000000000000000
0000000000000000
0000000000000000
0000000000000000
0000000000000000
0000000000000000
0000000000000000
0000000000000000
0000000000000000
0000000000000000
0000000000000000
0000000000000000
0000000000000000
0000000000000000
0000000000000000
0000000000000000
0000000000000000
0000000000000000
0000000000000000
0000000000000000
0000000000000000
0000000000000000
0000000000000000
0000000000000000
0000000000000000
0000000000000000
0000000000000000
0000000000000000
0000000000000000
0000000000000000
0000000000000000
0000000000000000
0000000000000000
0000000000000000
0000000000000000
0000000000000000
0000000000000000
0000000000000000
0000000000000000
0000000000000000
0000000000000000
0000000000000000
0000000000000000
0000000000000000
0000000000000000
0000000000000000
0000000000000000
0000000000000000
0000000000000000
0000000000000000
0000000000000000
0000000000000000
0000000000000000
0000000000000000
0000000000000000
0000000000000000
0000000000000000
0000000000000000
0000000000000000
0000000000000000
0000000000000000
0000000000000000
0000000000000000
0000000000000000
0000000000000000
0000000000000000
0000000000000000
0000000000000000
0000000000000000
0000000000000000
0000000000000000
0000000000000000
0000000000000000
0000000000000000
0000000000000000
0000000000000000
0000000000000000
0000000000000000
0000000000000000
0000000000000000
0000000000000000
0000000000000000
0000000000000000
0000000000000000
0000000000000000
0000000000000000
0000000000000000
0000000000000000
0000000000000000
0000000000000000
0000000000000000
0000000000000000
0000000000000000
0000000000000000
0000000000000000
0000000000000000
0000000000000000
0000000000000000
0000000000000000
0000000000000000
0000000000000000
0000000000000000
0000000000000000
0000000000000000
0000000000000000
0000000000000000
0000000000000000
0000000000000000
0000000000000000
0000000000000000
0000000000000000
0000000000000000
0000000000000000
0000000000000000
0000000000000000
0000000000000000
0000000000000000
0000000000000000
0000000000000000
0000000000000000
0000000000000000
0000000000000000
0000000000000000
0000000000000000
0000000000000000
0000000000000000
0000000000000000
0000000000000000
0000000000000000
0000000000000000
0000000000000000
0000000000000000
0000000000000000
0000000000000000
0000000000000000
0000000000000000
0000000000000000
0000000000000000
0000000000000000
0000000000000000
0000000000000000
0000000000000000
0000000000000000
0000000000000000
0000000000000000
0000000000000000
0000000000000000
0000000000000000
0000000000000000
0000000000000000
0000000000000000
0000000000000000
0000000000000000
0000000000000000
0000000000000000
0000000000000000
0000000000000000
0000000000000000
0000000000000000
0000000000000000
0000000000000000
0000000000000000
0000000000000000
0000000000000000
0000000000000000
0000000000000000
0000000000000000
0000000000000000
0000000000000000
0000000000000000
0000000000000000
0000000000000000
0000000000000000
0000000000000000
0000000000000000
0000000000000000
0000000000000000
0000000000000000
0000000000000000
0000000000000000
0000000000000000
0000000000000000
0000000000000000
0000000000000000
0000000000000000
0000000000000000
0000000000000000
0000000000000000
0000000000000000
0000000000000000
0000000000000000
0000000000000000
0000000000000000
0000000000000000
0000000000000000
0000000000000000
0000000000000000
0000000000000000
0000000000000000
0000000000000000
0000000000000000
0000000000000000
0000000000000000
0000000000000000
0000000000000000
0000000000000000
0000000000000000
0000000000000000
0000000000000000
0000000000000000
0000000000000000
0000000000000000
0000000000000000
0000000000000000
0000000000000000
0000000000000000
0000000000000000
0000000000000000
0000000000000000
0000000000000000
0000000000000000
0000000000000000
0000000000000000
0000000000000000
0000000000000000
0000000000000000
0000000000000000
0000000000000000
0000000000000000
0000000000000000
0000000000000000
0000000000000000
0000000000000000
0000000000000000
0000000000000000
0000000000000000
0000000000000000
0000000000000000
0000000000000000
0000000000000000
0000000000000000
0000000000000000
0000000000000000
0000000000000000
0000000000000000
0000000000000000
0000000000000000
0000000000000000
0000000000000000
0000000000000000
0000000000000000
0000000000000000
0000000000000000
0000000000000000
0000000000000000
0000000000000000
0000000000000000
0000000000000000
0000000000000000
0000000000000000
0000000000000000
0000000000000000
0000000000000000
0000000000000000
0000000000000000
0000000000000000
0000000000000000
0000000000000000
0000000000000000
0000000000000000
0000000000000000
0000000000000000
0000000000000000
0000000000000000
0000000000000000
0000000000000000
0000000000000000
0000000000000000
0000000000000000
0000000000000000
0000000000000000
0000000000000000
0000000000000000
0000000000000000
0000000000000000
0000000000000000
0000000000000000
0000000000000000
0000000000000000
0000000000000000
0000000000000000
0000000000000000
0000000000000000
0000000000000000
0000000000000000
0000000000000000
0000000000000000
0000000000000000
0000000000000000
0000000000000000
0000000000000000
0000000000000000
0000000000000000
0000000000000000
0000000000000000
0000000000000000
0000000000000000
0000000000000000
0000000000000000
0000000000000000
0000000000000000
0000000000000000
0000000000000000
0000000000000000
0000000000000000
0000000000000000
0000000000000000
0000000000000000
0000000000000000
0000000000000000
0000000000000000
0000000000000000
0000000000000000
0000000000000000
0000000000000000
0000000000000000
0000000000000000
0000000000000000
0000000000000000
0000000000000000
0000000000000000
0000000000000000
0000000000000000
0000000000000000
0000000000000000
0000000000000000
0000000000000000
0000000000000000
0000000000000000
0000000000000000
0000000000000000
0000000000000000
0000000000000000
0000000000000000
0000000000000000
0000000000000000
0000000000000000
0000000000000000
0000000000000000
0000000000000000
0000000000000000
0000000000000000
0000000000000000
0000000000000000
0000000000000000
0000000000000000
0000000000000000
0000000000000000
0000000000000000
0000000000000000
0000000000000000
0000000000000000
0000000000000000
0000000000000000
0000000000000000
0000000000000000
0000000000000000
0000000000000000
0000000000000000
0000000000000000
0000000000000000
0000000000000000
0000000000000000
0000000000000000
0000000000000000
0000000000000000
0000000000000000
0000000000000000
0000000000000000
0000000000000000
0000000000000000
0000000000000000
0000000000000000
0000000000000000
0000000000000000
0000000000000000
0000000000000000
0000000000000000
0000000000000000
0000000000000000
0000000000000000
0000000000000000
0000000000000000
0000000000000000
0000000000000000
0000000000000000
0000000000000000
0000000000000000
0000000000000000
0000000000000000
0000000000000000
0000000000000000
0000000000000000
0000000000000000
0000000000000000
0000000000000000
0000000000000000
0000000000000000
0000000000000000
0000000000000000
0000000000000000
0000000000000000
0000000000000000
0000000000000000
0000000000000000
0000000000000000
0000000000000000
0000000000000000
0000000000000000
0000000000000000
0000000000000000
0000000000000000
0000000000000000
0000000000000000
0000000000000000
0000000000000000
0000000000000000
0000000000000000
0000000000000000
0000000000000000
0000000000000000
0000000000000000
0000000000000000
0000000000000000
0000000000000000
0000000000000000
0000000000000000
0000000000000000
0000000000000000
0000000000000000
0000000000000000
0000000000000000
0000000000000000
0000000000000000
0000000000000000
0000000000000000
0000000000000000
0000000000000000
0000000000000000
0000000000000000
0000000000000000
0000000000000000
0000000000000000
0000000000000000
0000000000000000
0000000000000000
0000000000000000
0000000000000000
0000000000000000
0000000000000000
0000000000000000
0000000000000000
0000000000000000
0000000000000000
0000000000000000
0000000000000000
0000000000000000
0000000000000000
0000000000000000
0000000000000000
0000000000000000
0000000000000000
0000000000000000
0000000000000000
0000000000000000
0000000000000000
0000000000000000
0000000000000000
0000000000000000
0000000000000000
0000000000000000
0000000000000000
0000000000000000
0000000000000000
0000000000000000
0000000000000000
0000000000000000
0000000000000000
0000000000000000
0000000000000000
0000000000000000
0000000000000000
0000000000000000
0000000000000000
0000000000000000
0000000000000000
0000000000000000
0000000000000000
0000000000000000
0000000000000000
0000000000000000
0000000000000000
0000000000000000
0000000000000000
0000000000000000
0000000000000000
0000000000000000
0000000000000000
0000000000000000
0000000000000000
0000000000000000
0000000000000000
0000000000000000
0000000000000000
0000000000000000
0000000000000000
0000000000000000
0000000000000000
0000000000000000
0000000000000000
0000000000000000
0000000000000000
0000000000000000
0000000000000000
0000000000000000
0000000000000000
0000000000000000
0000000000000000
0000000000000000
0000000000000000
0000000000000000
0000000000000000
0000000000000000
0000000000000000
0000000000000000
0000000000000000
0000000000000000
0000000000000000
0000000000000000
0000000000000000
0000000000000000
0000000000000000
0000000000000000
0000000000000000
0000000000000000
0000000000000000
0000000000000000
0000000000000000
0000000000000000
0000000000000000
0000000000000000
0000000000000000
0000000000000000
0000000000000000
0000000000000000
0000000000000000
0000000000000000
0000000000000000
0000000000000000
0000000000000000
0000000000000000
0000000000000000
0000000000000000
0000000000000000
0000000000000000
0000000000000000
0000000000000000
0000000000000000
0000000000000000
0000000000000000
0000000000000000
0000000000000000
0000000000000000
0000000000000000
0000000000000000
0000000000000000
0000000000000000
0000000000000000
0000000000000000
0000000000000000
0000000000000000
0000000000000000
0000000000000000
0000000000000000
0000000000000000
0000000000000000
0000000000000000
0000000000000000
0000000000000000
0000000000000000
0000000000000000
0000000000000000
0000000000000000
0000000000000000
0000000000000000
0000000000000000
0000000000000000
0000000000000000
0000000000000000
0000000000000000
0000000000000000
0000000000000000
0000000000000000
0000000000000000
0000000000000000
0000000000000000
0000000000000000
0000000000000000
0000000000000000
0000000000000000
0000000000000000
0000000000000000
0000000000000000
0000000000000000
0000000000000000
0000000000000000
0000000000000000
0000000000000000
0000000000000000
0000000000000000
0000000000000000
0000000000000000
0000000000000000
0000000000000000
0000000000000000
0000000000000000
0000000000000000
0000000000000000
0000000000000000
0000000000000000
0000000000000000
0000000000000000
0000000000000000
0000000000000000
0000000000000000
0000000000000000
0000000000000000
0000000000000000
0000000000000000
0000000000000000
0000000000000000
0000000000000000
0000000000000000
0000000000000000
0000000000000000
0000000000000000
0000000000000000
0000000000000000
0000000000000000
0000000000000000
0000000000000000
0000000000000000
0000000000000000
0000000000000000
0000000000000000
0000000000000000
0000000000000000
0000000000000000
0000000000000000
0000000000000000
0000000000000000
0000000000000000
0000000000000000
0000000000000000
0000000000000000
0000000000000000
0000000000000000
0000000000000000
0000000000000000
0000000000000000
0000000000000000
0000000000000000
0000000000000000
0000000000000000
0000000000000000
0000000000000000
0000000000000000
0000000000000000
0000000000000000
0000000000000000
0000000000000000
0000000000000000
0000000000000000
0000000000000000
0000000000000000
0000000000000000
0000000000000000
0000000000000000
0000000000000000
0000000000000000
0000000000000000
0000000000000000
0000000000000000
0000000000000000
0000000000000000
0000000000000000
0000000000000000
0000000000000000
0000000000000000
0000000000000000
0000000000000000
0000000000000000
0000000000000000
0000000000000000
0000000000000000
0000000000000000
0000000000000000
0000000000000000
0000000000000000
0000000000000000
0000000000000000
0000000000000000
0000000000000000
0000000000000000
0000000000000000
0000000000000000
0000000000000000
0000000000000000
0000000000000000
0000000000000000
0000000000000000
0000000000000000
0000000000000000
0000000000000000
0000000000000000
0000000000000000
0000000000000000
0000000000000000
0000000000000000
0000000000000000
0000000000000000
0000000000000000
0000000000000000
0000000000000000
0000000000000000
0000000000000000
0000000000000000
0000000000000000
0000000000000000
0000000000000000
0000000000000000
0000000000000000
0000000000000000
0000000000000000
0000000000000000
0000000000000000
0000000000000000
0000000000000000
0000000000000000
0000000000000000
0000000000000000
0000000000000000
0000000000000000
0000000000000000
0000000000000000
0000000000000000
0000000000000000
0000000000000000
0000000000000000
0000000000000000
0000000000000000
0000000000000000
0000000000000000
0000000000000000
0000000000000000
0000000000000000
0000000000000000
0000000000000000
0000000000000000
0000000000000000
0000000000000000
0000000000000000
0000000000000000
0000000000000000
0000000000000000
0000000000000000
0000000000000000
0000000000000000
0000000000000000
0000000000000000
0000000000000000
0000000000000000
0000000000000000
0000000000000000
0000000000000000
0000000000000000
0000000000000000
0000000000000000
0000000000000000
0000000000000000
0000000000000000
0000000000000000
0000000000000000
0000000000000000
0000000000000000
0000000000000000
0000000000000000
0000000000000000
0000000000000000
0000000000000000
0000000000000000
0000000000000000
0000000000000000
0000000000000000
0000000000000000
0000000000000000
0000000000000000
0000000000000000
0000000000000000
0000000000000000
0000000000000000
0000000000000000
0000000000000000
0000000000000000
0000000000000000
0000000000000000
0000000000000000
0000000000000000
0000000000000000
0000000000000000
0000000000000000
0000000000000000
0000000000000000
0000000000000000
0000000000000000
0000000000000000
0000000000000000
0000000000000000
0000000000000000
0000000000000000
0000000000000000
0000000000000000
0000000000000000
0000000000000000
0000000000000000
0000000000000000
0000000000000000
0000000000000000
0000000000000000
0000000000000000
0000000000000000
0000000000000000
0000000000000000
0000000000000000
0000000000000000
0000000000000000
0000000000000000
0000000000000000
0000000000000000
0000000000000000
0000000000000000
0000000000000000
0000000000000000
0000000000000000
0000000000000000
0000000000000000
0000000000000000
0000000000000000
0000000000000000
0000000000000000
0000000000000000
0000000000000000
0000000000000000
0000000000000000
0000000000000000
0000000000000000
0000000000000000
0000000000000000
0000000000000000
0000000000000000
0000000000000000
0000000000000000
0000000000000000
0000000000000000
0000000000000000
0000000000000000
0000000000000000
0000000000000000
0000000000000000
0000000000000000
0000000000000000
0000000000000000
0000000000000000
0000000000000000
0000000000000000
0000000000000000
0000000000000000
0000000000000000
0000000000000000
0000000000000000
0000000000000000
0000000000000000
0000000000000000
0000000000000000
0000000000000000
0000000000000000
0000000000000000
0000000000000000
0000000000000000
0000000000000000
0000000000000000
0000000000000000
0000000000000000
0000000000000000
0000000000000000
0000000000000000
0000000000000000
0000000000000000
0000000000000000
0000000000000000
0000000000000000
0000000000000000
0000000000000000
0000000000000000
0000000000000000
0000000000000000
0000000000000000
0000000000000000
0000000000000000
0000000000000000
0000000000000000
0000000000000000
0000000000000000
0000000000000000
0000000000000000
0000000000000000
0000000000000000
0000000000000000
0000000000000000
0000000000000000
0000000000000000
0000000000000000
0000000000000000
0000000000000000
0000000000000000
0000000000000000
0000000000000000
0000000000000000
0000000000000000
0000000000000000
0000000000000000
0000000000000000
0000000000000000
0000000000000000
0000000000000000
0000000000000000
0000000000000000
0000000000000000
0000000000000000
0000000000000000
0000000000000000
0000000000000000
0000000000000000
0000000000000000
0000000000000000
0000000000000000
0000000000000000
0000000000000000
0000000000000000
0000000000000000
0000000000000000
0000000000000000
0000000000000000
0000000000000000
0000000000000000
0000000000000000
0000000000000000
0000000000000000
0000000000000000
0000000000000000
0000000000000000
0000000000000000
0000000000000000
0000000000000000
0000000000000000
0000000000000000
0000000000000000
0000000000000000
0000000000000000
0000000000000000
0000000000000000
0000000000000000
0000000000000000
0000000000000000
0000000000000000
0000000000000000
0000000000000000
0000000000000000
0000000000000000
0000000000000000
0000000000000000
0000000000000000
0000000000000000
0000000000000000
0000000000000000
0000000000000000
0000000000000000
0000000000000000
0000000000000000
0000000000000000
0000000000000000
0000000000000000
0000000000000000
0000000000000000
0000000000000000
0000000000000000
0000000000000000
0000000000000000
0000000000000000
0000000000000000
0000000000000000
0000000000000000
0000000000000000
0000000000000000
0000000000000000
0000000000000000
0000000000000000
0000000000000000
0000000000000000
0000000000000000
0000000000000000
0000000000000000
0000000000000000
0000000000000000
0000000000000000
0000000000000000
0000000000000000
0000000000000000
0000000000000000
0000000000000000
0000000000000000
0000000000000000
0000000000000000
0000000000000000
0000000000000000
0000000000000000
0000000000000000
0000000000000000
0000000000000000
0000000000000000
0000000000000000
0000000000000000
0000000000000000
0000000000000000
0000000000000000
0000000000000000
0000000000000000
0000000000000000
0000000000000000
0000000000000000
0000000000000000
0000000000000000
0000000000000000
0000000000000000
0000000000000000
0000000000000000
0000000000000000
0000000000000000
0000000000000000
0000000000000000
0000000000000000
0000000000000000
0000000000000000
0000000000000000
0000000000000000
0000000000000000
0000000000000000
0000000000000000
0000000000000000
0000000000000000
0000000000000000
0000000000000000
0000000000000000
0000000000000000
0000000000000000
0000000000000000
0000000000000000
0000000000000000
0000000000000000
0000000000000000
0000000000000000
0000000000000000
0000000000000000
0000000000000000
0000000000000000
0000000000000000
0000000000000000
0000000000000000
0000000000000000
0000000000000000
0000000000000000
0000000000000000
0000000000000000
0000000000000000
0000000000000000
0000000000000000
0000000000000000
0000000000000000
0000000000000000
0000000000000000
0000000000000000
0000000000000000
0000000000000000
0000000000000000
0000000000000000
0000000000000000
0000000000000000
0000000000000000
0000000000000000
0000000000000000
0000000000000000
0000000000000000
0000000000000000
0000000000000000
0000000000000000
0000000000000000
0000000000000000
0000000000000000
0000000000000000
0000000000000000
0000000000000000
0000000000000000
0000000000000000
0000000000000000
0000000000000000
0000000000000000
0000000000000000
0000000000000000
0000000000000000
0000000000000000
0000000000000000
0000000000000000
0000000000000000
0000000000000000
0000000000000000
0000000000000000
0000000000000000
0000000000000000
0000000000000000
0000000000000000
0000000000000000
0000000000000000
0000000000000000
0000000000000000
0000000000000000
0000000000000000
0000000000000000
0000000000000000
0000000000000000
0000000000000000
0000000000000000
0000000000000000
0000000000000000
0000000000000000
0000000000000000
0000000000000000
0000000000000000
0000000000000000
0000000000000000
0000000000000000
0000000000000000
0000000000000000
0000000000000000
0000000000000000
0000000000000000
0000000000000000
0000000000000000
0000000000000000
0000000000000000
0000000000000000
0000000000000000
0000000000000000
0000000000000000
0000000000000000
0000000000000000
0000000000000000
0000000000000000
0000000000000000
0000000000000000
0000000000000000
0000000000000000
0000000000000000
0000000000000000
0000000000000000
0000000000000000
0000000000000000
0000000000000000
0000000000000000
0000000000000000
0000000000000000
0000000000000000
0000000000000000
0000000000000000
0000000000000000
0000000000000000
0000000000000000
0000000000000000
0000000000000000
0000000000000000
0000000000000000
0000000000000000
0000000000000000
0000000000000000
0000000000000000
0000000000000000
0000000000000000
0000000000000000
0000000000000000
0000000000000000
0000000000000000
0000000000000000
0000000000000000
0000000000000000
0000000000000000
0000000000000000
0000000000000000
0000000000000000
0000000000000000
0000000000000000
0000000000000000
0000000000000000
0000000000000000
0000000000000000
0000000000000000
0000000000000000
0000000000000000
0000000000000000
0000000000000000
0000000000000000
0000000000000000
0000000000000000
0000000000000000
0000000000000000
0000000000000000
0000000000000000
0000000000000000
0000000000000000
0000000000000000
0000000000000000
0000000000000000
0000000000000000
0000000000000000
0000000000000000
0000000000000000
0000000000000000
0000000000000000
0000000000000000
0000000000000000
0000000000000000
0000000000000000
0000000000000000
0000000000000000
0000000000000000
0000000000000000
0000000000000000
0000000000000000
0000000000000000
0000000000000000
0000000000000000
0000000000000000
0000000000000000
0000000000000000
0000000000000000
0000000000000000
0000000000000000
0000000000000000
0000000000000000
0000000000000000
0000000000000000
0000000000000000
0000000000000000
0000000000000000
0000000000000000
0000000000000000
0000000000000000
0000000000000000
0000000000000000
0000000000000000
0000000000000000
0000000000000000
0000000000000000
0000000000000000
0000000000000000
0000000000000000
0000000000000000
0000000000000000
0000000000000000
0000000000000000
0000000000000000
0000000000000000
0000000000000000
0000000000000000
0000000000000000
0000000000000000
0000000000000000
0000000000000000
0000000000000000
0000000000000000
0000000000000000
0000000000000000
0000000000000000
0000000000000000
0000000000000000
0000000000000000
0000000000000000
0000000000000000
0000000000000000
0000000000000000
0000000000000000
0000000000000000
0000000000000000
0000000000000000
0000000000000000
0000000000000000
0000000000000000
0000000000000000
0000000000000000
0000000000000000
0000000000000000
0000000000000000
0000000000000000
0000000000000000
0000000000000000
0000000000000000
0000000000000000
0000000000000000
0000000000000000
0000000000000000
0000000000000000
0000000000000000
0000000000000000
0000000000000000
0000000000000000
0000000000000000
0000000000000000
0000000000000000
0000000000000000
0000000000000000
0000000000000000
0000000000000000
0000000000000000
0000000000000000
0000000000000000
0000000000000000
0000000000000000
0000000000000000
0000000000000000
0000000000000000
0000000000000000
0000000000000000
0000000000000000
0000000000000000
0000000000000000
0000000000000000
0000000000000000
0000000000000000
0000000000000000
0000000000000000
0000000000000000
0000000000000000
0000000000000000
0000000000000000
0000000000000000
0000000000000000
0000000000000000
0000000000000000
0000000000000000
0000000000000000
0000000000000000
0000000000000000
0000000000000000
0000000000000000
0000000000000000
0000000000000000
0000000000000000
0000000000000000
0000000000000000
0000000000000000
0000000000000000
0000000000000000
0000000000000000
0000000000000000
0000000000000000
0000000000000000
0000000000000000
0000000000000000
0000000000000000
0000000000000000
0000000000000000
0000000000000000
0000000000000000
0000000000000000
0000000000000000
0000000000000000
0000000000000000
0000000000000000
0000000000000000
0000000000000000
0000000000000000
0000000000000000
0000000000000000
0000000000000000
0000000000000000
0000000000000000
0000000000000000
0000000000000000
0000000000000000
0000000000000000
0000000000000000
0000000000000000
0000000000000000
0000000000000000
0000000000000000
0000000000000000
0000000000000000
0000000000000000
0000000000000000
0000000000000000
0000000000000000
0000000000000000
0000000000000000
0000000000000000
0000000000000000
0000000000000000
0000000000000000
0000000000000000
0000000000000000
0000000000000000
0000000000000000
0000000000000000
0000000000000000
0000000000000000
0000000000000000
0000000000000000
0000000000000000
0000000000000000
0000000000000000
0000000000000000
0000000000000000
0000000000000000
0000000000000000
0000000000000000
0000000000000000
0000000000000000
0000000000000000
0000000000000000
0000000000000000
0000000000000000
0000000000000000
0000000000000000
0000000000000000
0000000000000000
0000000000000000
0000000000000000
0000000000000000
0000000000000000
0000000000000000
0000000000000000
0000000000000000
0000000000000000
0000000000000000
0000000000000000
0000000000000000
0000000000000000
0000000000000000
0000000000000000
0000000000000000
0000000000000000
0000000000000000
0000000000000000
0000000000000000
0000000000000000
0000000000000000
0000000000000000
0000000000000000
0000000000000000
0000000000000000
0000000000000000
0000000000000000
0000000000000000
0000000000000000
0000000000000000
0000000000000000
0000000000000000
0000000000000000
0000000000000000
0000000000000000
0000000000000000
0000000000000000
0000000000000000
0000000000000000
0000000000000000
0000000000000000
0000000000000000
0000000000000000
0000000000000000
0000000000000000
0000000000000000
0000000000000000
0000000000000000
0000000000000000
0000000000000000
0000000000000000
0000000000000000
0000000000000000
0000000000000000
0000000000000000
0000000000000000
0000000000000000
0000000000000000
0000000000000000
0000000000000000
0000000000000000
0000000000000000
0000000000000000
0000000000000000
0000000000000000
0000000000000000
0000000000000000
0000000000000000
0000000000000000
0000000000000000
0000000000000000
0000000000000000
0000000000000000
0000000000000000
0000000000000000
0000000000000000
0000000000000000
0000000000000000
0000000000000000
0000000000000000
0000000000000000
0000000000000000
0000000000000000
0000000000000000
0000000000000000
0000000000000000
0000000000000000
0000000000000000
0000000000000000
0000000000000000
0000000000000000
0000000000000000
0000000000000000
0000000000000000
0000000000000000
0000000000000000
0000000000000000
0000000000000000
0000000000000000
0000000000000000
0000000000000000
0000000000000000
0000000000000000
0000000000000000
0000000000000000
0000000000000000
0000000000000000
0000000000000000
0000000000000000
0000000000000000
0000000000000000
0000000000000000
0000000000000000
0000000000000000
0000000000000000
0000000000000000
0000000000000000
0000000000000000
0000000000000000
0000000000000000
0000000000000000
0000000000000000
0000000000000000
0000000000000000
0000000000000000
0000000000000000
0000000000000000
0000000000000000
0000000000000000
0000000000000000
0000000000000000
0000000000000000
0000000000000000
0000000000000000
0000000000000000
0000000000000000
0000000000000000
0000000000000000
0000000000000000
0000000000000000
0000000000000000
0000000000000000
0000000000000000
0000000000000000
0000000000000000
0000000000000000
0000000000000000
0000000000000000
0000000000000000
0000000000000000
0000000000000000
0000000000000000
0000000000000000
0000000000000000
0000000000000000
0000000000000000
0000000000000000
0000000000000000
0000000000000000
0000000000000000
0000000000000000
0000000000000000
0000000000000000
0000000000000000
0000000000000000
0000000000000000
0000000000000000
0000000000000000
0000000000000000
0000000000000000
0000000000000000
0000000000000000
0000000000000000
0000000000000000
0000000000000000
0000000000000000
0000000000000000
0000000000000000
0000000000000000
0000000000000000
0000000000000000
0000000000000000
0000000000000000
0000000000000000
0000000000000000
0000000000000000
0000000000000000
0000000000000000
0000000000000000
0000000000000000
0000000000000000
0000000000000000
0000000000000000
0000000000000000
0000000000000000
0000000000000000
0000000000000000
0000000000000000
0000000000000000
0000000000000000
0000000000000000
0000000000000000
0000000000000000
0000000000000000
0000000000000000
0000000000000000
0000000000000000
0000000000000000
0000000000000000
0000000000000000
0000000000000000
0000000000000000
0000000000000000
0000000000000000
0000000000000000
0000000000000000
0000000000000000
0000000000000000
0000000000000000
0000000000000000
0000000000000000
0000000000000000
0000000000000000
0000000000000000
0000000000000000
0000000000000000
0000000000000000
0000000000000000
0000000000000000
0000000000000000
0000000000000000
0000000000000000
0000000000000000
0000000000000000
0000000000000000
0000000000000000
0000000000000000
0000000000000000
0000000000000000
0000000000000000
0000000000000000
0000000000000000
0000000000000000
0000000000000000
0000000000000000
0000000000000000
0000000000000000
0000000000000000
0000000000000000
0000000000000000
0000000000000000
0000000000000000
0000000000000000
0000000000000000
0000000000000000
0000000000000000
0000000000000000
0000000000000000
0000000000000000
0000000000000000
0000000000000000
0000000000000000
0000000000000000
0000000000000000
0000000000000000
0000000000000000
0000000000000000
0000000000000000
0000000000000000
0000000000000000
0000000000000000
0000000000000000
0000000000000000
0000000000000000
0000000000000000
0000000000000000
0000000000000000
0000000000000000
0000000000000000
0000000000000000
0000000000000000
0000000000000000
0000000000000000
0000000000000000
0000000000000000
0000000000000000
0000000000000000
0000000000000000
0000000000000000
0000000000000000
0000000000000000
0000000000000000
0000000000000000
0000000000000000
0000000000000000
0000000000000000
0000000000000000
0000000000000000
0000000000000000
0000000000000000
0000000000000000
0000000000000000
0000000000000000
0000000000000000
0000000000000000
0000000000000000
0000000000000000
0000000000000000
0000000000000000
0000000000000000
0000000000000000
0000000000000000
0000000000000000
0000000000000000
0000000000000000
0000000000000000
0000000000000000
0000000000000000
0000000000000000
0000000000000000
0000000000000000
0000000000000000
0000000000000000
0000000000000000
0000000000000000
0000000000000000
0000000000000000
0000000000000000
0000000000000000
0000000000000000
0000000000000000
0000000000000000
0000000000000000
0000000000000000
0000000000000000
0000000000000000
0000000000000000
0000000000000000
0000000000000000
0000000000000000
0000000000000000
0000000000000000
0000000000000000
0000000000000000
0000000000000000
0000000000000000
0000000000000000
0000000000000000
0000000000000000
0000000000000000
0000000000000000
0000000000000000
0000000000000000
0000000000000000
0000000000000000
0000000000000000
0000000000000000
0000000000000000
0000000000000000
0000000000000000
0000000000000000
0000000000000000
0000000000000000
0000000000000000
0000000000000000
0000000000000000
0000000000000000
0000000000000000
0000000000000000
0000000000000000
0000000000000000
0000000000000000
0000000000000000
0000000000000000
0000000000000000
0000000000000000
0000000000000000
0000000000000000
0000000000000000
0000000000000000
0000000000000000
0000000000000000
0000000000000000
0000000000000000
0000000000000000
0000000000000000
0000000000000000
0000000000000000
0000000000000000
0000000000000000
0000000000000000
0000000000000000
0000000000000000
0000000000000000
0000000000000000
0000000000000000
0000000000000000
0000000000000000
0000000000000000
0000000000000000
0000000000000000
0000000000000000
0000000000000000
0000000000000000
0000000000000000
0000000000000000
0000000000000000
0000000000000000
0000000000000000
0000000000000000
0000000000000000
0000000000000000
0000000000000000
0000000000000000
0000000000000000
0000000000000000
0000000000000000
0000000000000000
0000000000000000
0000000000000000
0000000000000000
0000000000000000
0000000000000000
0000000000000000
0000000000000000
0000000000000000
0000000000000000
0000000000000000
0000000000000000
0000000000000000
0000000000000000
0000000000000000
0000000000000000
0000000000000000
0000000000000000
0000000000000000
0000000000000000
0000000000000000
0000000000000000
0000000000000000
0000000000000000
0000000000000000
0000000000000000
0000000000000000
0000000000000000
0000000000000000
0000000000000000
0000000000000000
0000000000000000
0000000000000000
0000000000000000
0000000000000000
0000000000000000
0000000000000000
0000000000000000
0000000000000000
0000000000000000
0000000000000000
0000000000000000
0000000000000000
0000000000000000
0000000000000000
0000000000000000
0000000000000000
0000000000000000
0000000000000000
0000000000000000
0000000000000000
0000000000000000
0000000000000000
0000000000000000
0000000000000000
0000000000000000
0000000000000000
0000000000000000
0000000000000000
0000000000000000
0000000000000000
0000000000000000
0000000000000000
0000000000000000
0000000000000000
0000000000000000
0000000000000000
0000000000000000
0000000000000000
0000000000000000
0000000000000000
0000000000000000
0000000000000000
0000000000000000
0000000000000000
0000000000000000
0000000000000000
0000000000000000
0000000000000000
0000000000000000
0000000000000000
0000000000000000
0000000000000000
0000000000000000
0000000000000000
0000000000000000
0000000000000000
0000000000000000
0000000000000000
0000000000000000
0000000000000000
0000000000000000
0000000000000000
0000000000000000
0000000000000000
0000000000000000
0000000000000000
0000000000000000
0000000000000000
0000000000000000
0000000000000000
0000000000000000
0000000000000000
0000000000000000
0000000000000000
0000000000000000
0000000000000000
0000000000000000
0000000000000000
0000000000000000
0000000000000000
0000000000000000
0000000000000000
0000000000000000
0000000000000000
0000000000000000
0000000000000000
0000000000000000
0000000000000000
0000000000000000
0000000000000000
0000000000000000
0000000000000000
0000000000000000
0000000000000000
0000000000000000
0000000000000000
0000000000000000
0000000000000000
0000000000000000
0000000000000000
0000000000000000
0000000000000000
0000000000000000
0000000000000000
0000000000000000
0000000000000000
0000000000000000
0000000000000000
0000000000000000
0000000000000000
0000000000000000
0000000000000000
0000000000000000
0000000000000000
0000000000000000
0000000000000000
0000000000000000
0000000000000000
0000000000000000
0000000000000000
0000000000000000
0000000000000000
0000000000000000
0000000000000000
0000000000000000
0000000000000000
0000000000000000
0000000000000000
0000000000000000
0000000000000000
0000000000000000
0000000000000000
0000000000000000
0000000000000000
0000000000000000
0000000000000000
0000000000000000
0000000000000000
0000000000000000
0000000000000000
0000000000000000
0000000000000000
0000000000000000
0000000000000000
0000000000000000
0000000000000000
0000000000000000
0000000000000000
0000000000000000
0000000000000000
0000000000000000
0000000000000000
0000000000000000
0000000000000000
0000000000000000
0000000000000000
0000000000000000
0000000000000000
0000000000000000
0000000000000000
0000000000000000
0000000000000000
0000000000000000
0000000000000000
0000000000000000
0000000000000000
0000000000000000
0000000000000000
0000000000000000
0000000000000000
0000000000000000
0000000000000000
0000000000000000
0000000000000000
0000000000000000
0000000000000000
0000000000000000
0000000000000000
0000000000000000
0000000000000000
0000000000000000
0000000000000000
0000000000000000
0000000000000000
0000000000000000
0000000000000000
0000000000000000
0000000000000000
0000000000000000
0000000000000000
0000000000000000
0000000000000000
0000000000000000
0000000000000000
0000000000000000
0000000000000000
0000000000000000
0000000000000000
0000000000000000
0000000000000000
0000000000000000
0000000000000000
0000000000000000
0000000000000000
0000000000000000
0000000000000000
0000000000000000
0000000000000000
0000000000000000
0000000000000000
0000000000000000
0000000000000000
0000000000000000
0000000000000000
0000000000000000
0000000000000000
0000000000000000
0000000000000000
0000000000000000
0000000000000000
0000000000000000
0000000000000000
0000000000000000
0000000000000000
0000000000000000
0000000000000000
0000000000000000
0000000000000000
0000000000000000
0000000000000000
0000000000000000
0000000000000000
0000000000000000
0000000000000000
0000000000000000
0000000000000000
0000000000000000
0000000000000000
0000000000000000
0000000000000000
0000000000000000
0000000000000000
0000000000000000
0000000000000000
0000000000000000
0000000000000000
0000000000000000
0000000000000000
0000000000000000
0000000000000000
0000000000000000
0000000000000000
0000000000000000
0000000000000000
0000000000000000
0000000000000000
0000000000000000
0000000000000000
0000000000000000
0000000000000000
0000000000000000
0000000000000000
0000000000000000
0000000000000000
0000000000000000
0000000000000000
0000000000000000
0000000000000000
0000000000000000
0000000000000000
0000000000000000
0000000000000000
0000000000000000
0000000000000000
0000000000000000
0000000000000000
0000000000000000
0000000000000000
0000000000000000
0000000000000000
0000000000000000
0000000000000000
0000000000000000
0000000000000000
0000000000000000
0000000000000000
0000000000000000
0000000000000000
0000000000000000
0000000000000000
0000000000000000
0000000000000000
0000000000000000
0000000000000000
0000000000000000
0000000000000000
0000000000000000
0000000000000000
0000000000000000
0000000000000000
0000000000000000
0000000000000000
0000000000000000
0000000000000000
0000000000000000
0000000000000000
0000000000000000
0000000000000000
0000000000000000
0000000000000000
0000000000000000
0000000000000000
0000000000000000
0000000000000000
0000000000000000
0000000000000000
0000000000000000
0000000000000000
0000000000000000
0000000000000000
0000000000000000
0000000000000000
0000000000000000
0000000000000000
0000000000000000
0000000000000000
0000000000000000
0000000000000000
0000000000000000
0000000000000000
0000000000000000
0000000000000000
0000000000000000
0000000000000000
0000000000000000
0000000000000000
0000000000000000
0000000000000000
0000000000000000
0000000000000000
0000000000000000
0000000000000000
0000000000000000
0000000000000000
0000000000000000
0000000000000000
0000000000000000
0000000000000000
0000000000000000
0000000000000000
0000000000000000
0000000000000000
0000000000000000
0000000000000000
0000000000000000
0000000000000000
0000000000000000
0000000000000000
0000000000000000
0000000000000000
0000000000000000
0000000000000000
0000000000000000
0000000000000000
0000000000000000
0000000000000000
0000000000000000
0000000000000000
0000000000000000
0000000000000000
0000000000000000
0000000000000000
0000000000000000
0000000000000000
0000000000000000
0000000000000000
0000000000000000
0000000000000000
0000000000000000
0000000000000000
0000000000000000
0000000000000000
0000000000000000
0000000000000000
0000000000000000
0000000000000000
0000000000000000
0000000000000000
0000000000000000
0000000000000000
0000000000000000
0000000000000000
0000000000000000
0000000000000000
0000000000000000
0000000000000000
0000000000000000
0000000000000000
0000000000000000
0000000000000000
0000000000000000
0000000000000000
0000000000000000
0000000000000000
0000000000000000
0000000000000000
0000000000000000
0000000000000000
0000000000000000
0000000000000000
0000000000000000
0000000000000000
0000000000000000
0000000000000000
0000000000000000
0000000000000000
0000000000000000
0000000000000000
0000000000000000
0000000000000000
0000000000000000
0000000000000000
0000000000000000
0000000000000000
0000000000000000
0000000000000000
0000000000000000
0000000000000000
0000000000000000
0000000000000000
0000000000000000
0000000000000000
0000000000000000
0000000000000000
0000000000000000
0000000000000000
0000000000000000
0000000000000000
0000000000000000
0000000000000000
0000000000000000
0000000000000000
0000000000000000
0000000000000000
0000000000000000
0000000000000000
0000000000000000
0000000000000000
0000000000000000
0000000000000000
0000000000000000
0000000000000000
0000000000000000
0000000000000000
0000000000000000
0000000000000000
0000000000000000
0000000000000000
0000000000000000
0000000000000000
0000000000000000
0000000000000000
0000000000000000
0000000000000000
0000000000000000
0000000000000000
0000000000000000
0000000000000000
0000000000000000
0000000000000000
0000000000000000
0000000000000000
0000000000000000
0000000000000000
0000000000000000
0000000000000000
0000000000000000
0000000000000000
0000000000000000
0000000000000000
0000000000000000
0000000000000000
0000000000000000
0000000000000000
0000000000000000
0000000000000000
0000000000000000
0000000000000000
0000000000000000
0000000000000000
0000000000000000
0000000000000000
0000000000000000
0000000000000000
0000000000000000
0000000000000000
0000000000000000
0000000000000000
0000000000000000
0000000000000000
0000000000000000
0000000000000000
0000000000000000
0000000000000000
0000000000000000
0000000000000000
0000000000000000
0000000000000000
0000000000000000
0000000000000000
0000000000000000
0000000000000000
0000000000000000
0000000000000000
0000000000000000
0000000000000000
0000000000000000
0000000000000000
0000000000000000
0000000000000000
0000000000000000
0000000000000000
0000000000000000
0000000000000000
0000000000000000
0000000000000000
0000000000000000
0000000000000000
0000000000000000
0000000000000000
0000000000000000
0000000000000000
0000000000000000
0000000000000000
0000000000000000
0000000000000000
0000000000000000
0000000000000000
0000000000000000
0000000000000000
0000000000000000
0000000000000000
0000000000000000
0000000000000000
0000000000000000
0000000000000000
0000000000000000
0000000000000000
0000000000000000
0000000000000000
0000000000000000
0000000000000000
0000000000000000
0000000000000000
0000000000000000
0000000000000000
0000000000000000
0000000000000000
0000000000000000
0000000000000000
0000000000000000
0000000000000000
0000000000000000
0000000000000000
0000000000000000
0000000000000000
0000000000000000
0000000000000000
0000000000000000
0000000000000000
0000000000000000
0000000000000000
0000000000000000
0000000000000000
0000000000000000
0000000000000000
0000000000000000
0000000000000000
0000000000000000
0000000000000000
0000000000000000
0000000000000000
0000000000000000
0000000000000000
0000000000000000
0000000000000000
0000000000000000
0000000000000000
0000000000000000
0000000000000000
0000000000000000
0000000000000000
0000000000000000
0000000000000000
0000000000000000
0000000000000000
0000000000000000
0000000000000000
0000000000000000
0000000000000000
0000000000000000
0000000000000000
0000000000000000
0000000000000000
0000000000000000
0000000000000000
0000000000000000
0000000000000000
0000000000000000
0000000000000000
0000000000000000
0000000000000000
0000000000000000
0000000000000000
0000000000000000
0000000000000000
0000000000000000
0000000000000000
0000000000000000
0000000000000000
0000000000000000
0000000000000000
0000000000000000
0000000000000000
0000000000000000
0000000000000000
0000000000000000
0000000000000000
0000000000000000
0000000000000000
0000000000000000
0000000000000000
0000000000000000
0000000000000000
0000000000000000
0000000000000000
0000000000000000
0000000000000000
0000000000000000
0000000000000000
0000000000000000
0000000000000000
0000000000000000
0000000000000000
0000000000000000
0000000000000000
0000000000000000
0000000000000000
0000000000000000
0000000000000000
0000000000000000
0000000000000000
0000000000000000
0000000000000000
0000000000000000
0000000000000000
0000000000000000
0000000000000000
0000000000000000
0000000000000000
0000000000000000
0000000000000000
0000000000000000
0000000000000000
0000000000000000
0000000000000000
0000000000000000
0000000000000000
0000000000000000
0000000000000000
0000000000000000
0000000000000000
0000000000000000
0000000000000000
0000000000000000
0000000000000000
0000000000000000
0000000000000000
0000000000000000
0000000000000000
0000000000000000
0000000000000000
0000000000000000
0000000000000000
0000000000000000
0000000000000000
0000000000000000
0000000000000000
0000000000000000
0000000000000000
0000000000000000
0000000000000000
0000000000000000
0000000000000000
0000000000000000
0000000000000000
0000000000000000
0000000000000000
0000000000000000
0000000000000000
0000000000000000
0000000000000000
0000000000000000
0000000000000000
0000000000000000
0000000000000000
0000000000000000
0000000000000000
0000000000000000
0000000000000000
0000000000000000
0000000000000000
0000000000000000
0000000000000000
0000000000000000
0000000000000000
0000000000000000
0000000000000000
0000000000000000
0000000000000000
0000000000000000
0000000000000000
0000000000000000
0000000000000000
0000000000000000
0000000000000000
0000000000000000
0000000000000000
0000000000000000
0000000000000000
0000000000000000
0000000000000000
0000000000000000
0000000000000000
0000000000000000
0000000000000000
0000000000000000
0000000000000000
0000000000000000
0000000000000000
0000000000000000
0000000000000000
0000000000000000
0000000000000000
0000000000000000
0000000000000000
0000000000000000
0000000000000000
0000000000000000
0000000000000000
0000000000000000
0000000000000000
0000000000000000
0000000000000000
0000000000000000
0000000000000000
0000000000000000
0000000000000000
0000000000000000
0000000000000000
0000000000000000
0000000000000000
0000000000000000
0000000000000000
0000000000000000
0000000000000000
0000000000000000
0000000000000000
0000000000000000
0000000000000000
0000000000000000
0000000000000000
0000000000000000
0000000000000000
0000000000000000
0000000000000000
0000000000000000
0000000000000000
0000000000000000
0000000000000000
0000000000000000
0000000000000000
0000000000000000
0000000000000000
0000000000000000
0000000000000000
0000000000000000
0000000000000000
0000000000000000
0000000000000000
0000000000000000
0000000000000000
0000000000000000
0000000000000000
0000000000000000
0000000000000000
0000000000000000
0000000000000000
0000000000000000
0000000000000000
0000000000000000
0000000000000000
0000000000000000
0000000000000000
0000000000000000
0000000000000000
0000000000000000
0000000000000000
0000000000000000
0000000000000000
0000000000000000
0000000000000000
0000000000000000
0000000000000000
0000000000000000
0000000000000000
0000000000000000
0000000000000000
0000000000000000
0000000000000000
0000000000000000
0000000000000000
0000000000000000
0000000000000000
0000000000000000
0000000000000000
0000000000000000
0000000000000000
0000000000000000
0000000000000000
0000000000000000
0000000000000000
0000000000000000
0000000000000000
0000000000000000
0000000000000000
0000000000000000
0000000000000000
0000000000000000
0000000000000000
0000000000000000
0000000000000000
0000000000000000
0000000000000000
0000000000000000
0000000000000000
0000000000000000
0000000000000000
0000000000000000
0000000000000000
0000000000000000
0000000000000000
0000000000000000
0000000000000000
0000000000000000
0000000000000000
0000000000000000
0000000000000000
0000000000000000
0000000000000000
0000000000000000
0000000000000000
0000000000000000
0000000000000000
0000000000000000
0000000000000000
0000000000000000
0000000000000000
0000000000000000
0000000000000000
0000000000000000
0000000000000000
0000000000000000
0000000000000000
0000000000000000
0000000000000000
0000000000000000
0000000000000000
0000000000000000
0000000000000000
0000000000000000
0000000000000000
0000000000000000
0000000000000000
0000000000000000
0000000000000000
0000000000000000
0000000000000000
0000000000000000
0000000000000000
0000000000000000
0000000000000000
0000000000000000
0000000000000000
0000000000000000
0000000000000000
0000000000000000
0000000000000000
0000000000000000
0000000000000000
0000000000000000
0000000000000000
0000000000000000
0000000000000000
0000000000000000
0000000000000000
0000000000000000
0000000000000000
0000000000000000
0000000000000000
0000000000000000
0000000000000000
0000000000000000
0000000000000000
0000000000000000
0000000000000000
0000000000000000
00000000fffffff6
0000000000000014
00000000fffffffc
000000000000000b
00000000fffffff5
0000000000000006
00000000fffffffd
0000000000000023
00000000fffffffc
0000000000000006
0000000000000003
00000000ffffffe2
00000000fffffff2
0000000000000032
000000000000000c
00000000ffffffd2
0000000000000005
0000000000000034
00000000fffffffb
00000000ffffffb4
0000000000000005
0000000000000017
00000000fffffffd
00000000ffffffd2
00000000fffffffe
000000000000001c
0000000000000004
00000000ffffffdf
00000000fffffff6
00000000ffffffe3
00000000fffffff9
00000000ffffffdb
00000000fffffff9
00000000ffffffed
00000000fffffff3
00000000fffffff8
0000000000000002
0000000000000008
00000000fffffff4
00000000ffffffeb
00000000ffffffff
00000000ffffffed
00000000fffffff9
0000000000000018
00000000fffffffc
00000000ffffffcf
0000000000000009
0000000000000036
00000000fffffff8
000000000000004c
00000000fffffffd
00000000fffffff1
0000000000000005
00000000ffffffd9
00000000fffffffb
0000000000000043
0000000000000009
00000000fffffff0
0000000000000001
0000000000000018
00000000fffffff7
000000000000000f
0000000000000007
00000000ffffffe0
0000000000000008
00000000ffffffda
0000000000000003
0000000000000012
0000000000000001
00000000ffffffd6
0000000000000000
0000000000000016
00000000fffffff9
00000000ffffffc2
0000000000000005
000000000000004d
0000000000000001
00000000ffffffee
0000000000000000
00000000ffffffe5
00000000fffffff2
0000000000000014
0000000000000002
00000000ffffffe7
0000000000000016
0000000000000022
0000000000000009
0000000000000010
00000000fffffffc
00000000fffffff3
00000000ffffffff
00000000ffffffee
0000000000000007
0000000000000027
00000000ffffffff
00000000ffffffc6
000000000000000c
00000000ffffffd8
000000000000000b
000000000000004a
0000000000000006
00000000fffffffa
00000000fffffffb
00000000fffffffd
00000000fffffff1
00000000ffffffeb
00000000fffffffb
00000000ffffffdb
000000000000000c
0000000000000042
00000000fffffff7
000000000000000d
000000000000000a
000000000000001d
0000000000000010
0000000000000005
00000000fffffffa
00000000fffffff8
0000000000000003
00000000ffffffef
00000000ffffffe5
0000000000000010
000000000000000b
000000000000001c
0000000000000000
0000000000000001
0000000000000001
000000000000000e
00000000fffffffa
00000000fffffff2
000000000000000d
0000000000000017
00000000fffffff5
00000000ffffffe4
0000000000000004
00000000fffffff4
00000000fffffff9
0000000000000029
00000000fffffff0
000000000000001e
000000000000000d
0000000000000022
000000000000000a
000000000000000c
0000000000000005
00000000ffffffe3
00000000fffffff7
0000000000000017
0000000000000006
00000000ffffffff
00000000ffffffec
00000000ffffffc8
00000000fffffff6
0000000000000011
0000000000000006
0000000000000033
0000000000000009
00000000fffffff9
0000000000000005
0000000000000050
0000000000000000
00000000ffffffe1
00000000ffffffff
00000000ffffffde
00000000fffffff5
0000000000000015
000000000000000c
00000000ffffffb9
00000000ffffffeb
0000000000000011
000000000000000a
000000000000003b
00000000ffffffff
00000000ffffffe1
0000000000000009
0000000000000000
00000000fffffff6
00000000ffffffe4
00000000fffffff7
00000000fffffff3
0000000000000005
0000000000000001
0000000000000002
00000000ffffffed
000000000000000a
0000000000000042
00000000ffffffff
00000000ffffffea
000000000000000d
0000000000000009
00000000fffffff6
00000000ffffffff
00000000ffffffff
00000000ffffffef
00000000fffffffa
00000000fffffff9
00000000fffffffe
0000000000000015
000000000000000b
00000000ffffffee
00000000fffffffa
00000000fffffffc
00000000ffffffed
00000000ffffffef
00000000fffffffd
00000000fffffff6
00000000fffffffc
0000000000000010
00000000ffffffff
00000000ffffff98
0000000000000003
00000000ffffffda
000000000000000d
00000000ffffffdc
00000000fffffffc
00000000ffffffdf
00000000fffffffe
00000000ffffffce
00000000fffffffb
00000000fffffff2
0000000000000003
00000000fffffffc
00000000fffffff5
000000000000002a
0000000000000007
00000000ffffffd6
0000000000000008
0000000000000018
0000000000000006
00000000fffffff9
00000000ffffffff
00000000ffffffbb
00000000ffffffff
0000000000000008
00000000fffffffb
0000000000000028
00000000ffffffeb
00000000ffffffec
0000000000000003
0000000000000006
000000000000000b
00000000fffffffb
0000000000000001
0000000000000000
0000000000000007
0000000000000003
00000000fffffff9
00000000ffffffd2
00000000fffffff5
000000000000002d
00000000fffffff8
000000000000001f
0000000000000005
000000000000001e
00000000fffffff9
00000000fe70833c
00000000031ef98b
00000000fe708312
00000000fffffffd
0000000000000016
0000000000000003
0000000000000022
00000000fffffffa
000000000000002d
00000000fffffffe
00000000ffffffbe
00000000ffffffff
0000000000000018
0000000000000006
00000000ffffffdf
0000000000000008
0000000000000007
0000000000000001
000000000000000d
0000000000000003
0000000000000023
00000000fffffff7
0000000000000032
00000000fffffffd
00000000fffffffe
00000000fffffff7
00000000ffffffc7
0000000000000003
0000000000000002
0000000000000008
00000000ffffffd3
0000000000000009
00000000ffffffe6
000000000000000d
000000000000004d
00000000fffffffe
00000000fffffff2
00000000fffffff7
0000000000000001
00000000fffffff5
00000000fffffff8
0000000000000011
0000000000000000
00000000ffffffff
00000000ffffffee
0000000000000006
00000000ffffffba
00000000fffffffe
00000000ffffffb9
0000000000000003
000000000000001f
00000000fffffffb
00000000ffffffff
00000000fffffffb
0000000000000042
00000000fffffff1
0000000000000011
00000000fffffffc
0000000000000002
00000000fffffffc
0000000000000023
00000000fffffffc
00000000ffffffd3
00000000fffffffc
00000000ffffffc7
00000000ffffffee
0000000000000034
00000000fffffffd
00000000ffffffea
00000000fffffffb
00000000ffffffe6
0000000000000000
000000000000006c
000000000000000d
00000000ffffffe5
00000000fffffffc
00000000fffffff8
0000000000000002
0000000000000019
0000000000000000
0000000000000006
00000000fffffff5
00000000ffffffed
0000000000000003
000000000000000b
00000000fffffff7
000000000000003a
0000000000000004
00000000ffffffff
0000000000000000
00000000ffffffba
00000000fffffffc
0000000000000027
00000000fffffff8
0000000000000011
00000000ffffffec
00000000ffffffd3
0000000000000004
000000000000002b
0000000000000015
000000000000000b
0000000000000001
0000000000000032
00000000fffffffe
0000000000000049
0000000000000007
00000000ffffffee
00000000fffffff1
0000000000000002
0000000000000002
00000000fffffff7
000000000000000c
00000000ffffffdd
0000000000000004
0000000000000039
0000000000000008
0000000000000032
00000000fffffffe
0000000000000012
0000000000000007
00000000fffffffb
0000000000000011
0000000000000034
00000000fffffffa
00000000ffffffd3
00000000fffffffc
000000000000001f
0000000000000008
0000000000000002
0000000000000009
00000000ffffffee
0000000000000001
0000000000000004
00000000ffffffff
0000000000000006
0000000000000004
0000000000000013
00000000ffffffff
00000000ffffffef
00000000fffffffa
0000000000000022
0000000000000002
00000000ffffffd4
0000000000000007
00000000ffffffbb
000000000000000b
00000000fffffff3
0000000000000003
000000000000001e
0000000000000003
00000000ffffffd7
00000000fffffffd
00000000ffffffdc
00000000ffffffff
00000000fffffffb
00000000fffffffb
0000000000000034
00000000fffffffe
0000000000000020
0000000000000006
0000000000000020
00000000fffffffe
00000000ffffffb5
00000000fffffff9
000000000000000c
00000000ffffffff
0000000000000029
00000000fffffff8
00000000ffffffe1
000000000000000c
00000000ffffffee
00000000fffffffd
0000000000000015
0000000000000000
0000000000000005
00000000fffffffb
0000000000000019
0000000000000005
00000000ffffffcf
00000000fffffff5
0000000000000020
00000000fffffff8
0000000000000021
00000000fffffffb
00000000ffffffd7
00000000fffffffe
0000000000000028
00000000fffffffe
0000000000000004
00000000fffffffe
00000000fffffff8
00000000fffffff9
00000000fffffff9
00000000ffffffff
0000000000000006
00000000ffffffff
00000000ffffffe9
0000000000000001
0000000000000035
0000000000000003
0000000000000000
0000000000000000
000000000000003f
0000000000000001
0000000000000013
0000000000000000
00000000ffffffea
00000000fffffffa
00000000ffffffff
00000000fffffffe
0000000000000023
000000000000000c
00000000ffffffe9
00000000fffffffb
00000000fffffff6
00000000fffffffa
00000000ffffffcc
0000000000000003
0000000000000005
0000000000000001
0000000000000016
0000000000000009
00000000ffffffec
00000000fffffff8
00000000ffffffda
0000000000000002
00000000ffffffc8
00000000fffffff7
00000000fffffffb
00000000fffffff6
00000000fffffffd
0000000000000003
0000000000000025
0000000000000006
00000000ffffffbd
0000000000000006
0000000000000025
0000000000000004
0000000000000013
00000000fffffffe
0000000000000056
0000000000000000
00000000ffffffff
000000000000000d
000000000000000a
0000000000000001
00000000ffffffd9
0000000000000005
0000000000000028
00000000fffffffe
00000000ffffffe6
0000000000000004
00000000fffffffb
00000000fffffff8
00000000fffffffb
000000000000000c
0000000000000033
00000000ffffffea
000000000000001e
00000000fffffff3
0000000000000023
0000000000000007
0000000000000013
0000000000000001
00000000ffffffbc
00000000fffffff6
00000000fffffff3
000000000000000e
00000000ffffffdd
0000000000000008
00000000ffffffb7
0000000000000000
00000000fffffff1
00000000fffffff5
00000000ffffffe4
00000000fffffffb
00000000ffffffcf
0000000000000005
00000000ffffffc0
000000000000000c
0000000000000017
0000000000000002
0000000000000005
0000000000000011
000000000000004d
00000000fffffffa
0000000000000017
00000000fffffffd
0000000000000006
00000000fffffff4
00000000ffffffe6
0000000000000000
000000000000002b
0000000000000011
00000000ffffffc3
00000000fffffffb
00000000fffffff6
00000000fffffffd
0000000000000039
00000000fffffffc
000000000000000a
00000000fffffffe
00000000ffffffe6
0000000000000005
00000000ffffffdf
00000000ffffffe5
00000000ffffffe8
000000000000000b
0000000000000009
000000000000000b
000000000000000c
0000000000000011
0000000000000027
0000000000000005
00000000ffffffc7
000000000000000a
0000000000000013
00000000fffffff0
00000000ffffffca
0000000000000018
0000000000000019
00000000fffffff6
00000000ffffffd1
0000000000000002
00000000fffffffb
0000000000000008
00000000ffffffed
00000000fffffff6
000000000000004b
00000000fffffffc
000000000000000e
00000000fffffffd
00000000ffffffdf
0000000000000005
00000000ffffffeb
00000000fffffff3
00000000ffffffcc
00000000ffffffff
00000000fffffffc
00000000fffffff9
0000000000000010
0000000000000011
0000000000000034
00000000fffffff4
00000000ffffffb1
0000000000000002
0000000000000022
0000000000000001
000000000000005d
00000000fffffff0
00000000ffffffda
0000000000000011
00000000fffffff3
00000000fffffffb
00000000ffffffef
00000000fffffffe
00000000ffffffc5
00000000fffffff2
0000000000000006
0000000000000011
0000000000000007
00000000ffffffed
0000000000000008
0000000000000003
00000000ffffffe4
0000000000000004
0000000000000026
00000000fffffff9
00000000ffffffe6
0000000000000005
00000000ffffffbe
00000000ffffffee
000000000000004f
00000000ffffffee
0000000000000011
00000000fffffff7
00000000ffffffaf
0000000000000006
00000000ffffffea
0000000000000001
0000000000000007
0000000000000011
00000000ffffffca
00000000fffffffd
0000000000000020
00000000fffffff5
0000000000000019
00000000fffffff8
0000000000000008
0000000000000007
00000000ffffffef
000000000000000a
000000000000001b
0000000000000003
000000000000001b
0000000000000005
00000000fffffff4
0000000000000004
00000000fffffff1
00000000fffffffc
00000000ffffffe4
00000000fffffff5
00000000fffffffa
0000000000000001
00000000ffffffc2
0000000000000003
00000000ffffffeb
00000000fffffffe
0000000000000020
0000000000000011
0000000000000006
0000000000000014
00000000ffffffee
0000000000000000
000000000000001f
00000000fffffffa
00000000ffffffde
00000000ffffffff
00000000ffffffde
00000000fffffffd
00000000ffffffca
0000000000000000
00000000ffffffa6
0000000000000012
000000000000000d
00000000ffffffff
00000000ffffffc9
0000000000000011
0000000000000023
00000000fffffffd
00000000ffffffec
00000000fffffffb
0000000000000007
00000000fffffffb
0000000000000046
0000000000000009
00000000ffffffec
000000000000000a
00000000ffffffca
0000000000000001
00000000fffffff1
000000000000000e
000000000000000b
00000000fffffffa
0000000000000014
00000000ffffffff
00000000fffffff6
00000000fffffff2
00000000ffffffd5
0000000000000000
0000000000000022
0000000000000002
00000000fffffffd
0000000000000001
00000000ffffffed
000000000000000b
0000000000000001
00000000fffffff9
00000000ffffffe4
00000000fffffffd
000000000000002f
00000000fffffff9
0000000000000001
00000000fffffffa
0000000000000012
00000000fffffff8
0000000000000020
000000000000000e
0000000000000023
00000000ffffffec
0000000000000017
00000000ffffffff
000000000000003f
00000000fffffff9
0000000000000010
00000000ffffffff
00000000ffffffea
00000000fffffff8
00000000ffffffbb
000000000000000a
00000000ffffffc8
0000000000000005
0000000000000021
00000000fffffff9
00000000ffffffe4
00000000ffffffff
00000000ffffffef
00000000fffffffc
00000000fffffffc
0000000000000000
00000000ffffffe6
00000000fffffffa
0000000000000008
00000000fffffffe
0000000000000018
00000000fffffff9
00000000ffffffe8
00000000fffffffd
0000000000000032
00000000fffffff0
0000000000000007
0000000000000002
0000000000000055
0000000000000009
00000000ffffffa7
00000000fffffff4
0000000000000008
0000000000000005
0000000000000009
0000000000000001
00000000ffffffea
0000000000000006
0000000000000012
0000000000000010
0000000000000034
00000000fffffffa
00000000fffffff2
00000000fffffff8
0000000000000010
0000000000000006
0000000000000005
00000000fffffffe
000000000000004e
0000000000000015
00000000ffffffe6
0000000000000004
0000000000000023
00000000fffffffd
00000000ffffffda
0000000000000003
00000000ffffffdd
00000000fffffff8
00000000ffffffba
0000000000000003
00000000ffffffef
00000000fffffffb
00000000ffffffe6
0000000000000008
0000000000000045
0000000000000001
0000000000000038
00000000fffffff9
000000000000006c
00000000fffffff9
0000000000000000
000000000000000d
0000000000000026
00000000fffffff6
0000000000000014
0000000000000002
000000000000001b
000000000000000f
0000000000000018
000000000000000e
0000000000000011
0000000000000004
00000000fffffff2
00000000fffffffd
00000000ffffffef
00000000fffffffc
00000000ffffffc9
0000000000000010
00000000fffffff5
00000000fffffff9
000000000000000c
00000000fffffff9
0000000000000029
00000000fffffff6
000000000000004b
0000000000000007
00000000fffffff2
00000000fffffff9
000000000000000a
00000000fffffffb
000000000000000b
00000000fffffff8
0000000000000008
0000000000000001
00000000ffffffdd
0000000000000004
00000000ffffffb5
0000000000000002
00000000ffffffe5
00000000fffffffc
000000000000000f
0000000000000009
00000000fffffffc
00000000fffffff9
00000000fffffff8
0000000000000000
0000000000000067
0000000000000002
00000000fffffff3
000000000000000b
00000000ffffffff
0000000000000000
00000000ffffffff
00000000fffffff7
0000000000000046
0000000000000006
0000000000000009
000000000000000f
00000000ffffffd3
00000000fffffff4
00000000fffffff5
00000000ffffffff
0000000000000008
00000000fffffff2
00000000ffffffd3
0000000000000006
0000000000000036
0000000000000003
00000000ffffffd1
00000000fffffffe
000000000000001a
00000000fffffff3
000000000000000d
00000000fffffffe
0000000000000015
00000000fffffffa
00000000fffffff4
0000000000000009
00000000ffffffee
000000000000000b
0000000000000000
0000000000000003
00000000fffffff4
0000000000000004
000000000000001e
0000000000000004
0000000000000034
00000000fffffffe
000000000000001b
00000000fffffffe
00000000fffffffc
00000000fffffffb
0000000000000037
0000000000000008
00000000ffffffce
00000000fffffff4
0000000000000021
00000000fffffff9
000000000000002d
0000000000000005
0000000000000022
00000000fffffff9
00000000fffffff7
00000000ffffffff
0000000000000040
00000000fffffffb
0000000000000000
0000000000000002
0000000000000014
00000000fffffffa
0000000000000005
00000000fffffffa
0000000000000033
0000000000000000
0000000000000018
000000000000000c
0000000000000007
00000000fffffffd
0000000000000029
00000000fffffff3
00000000fffffff0
0000000000000001
00000000fffffffb
00000000fffffff4
00000000fffffff4
0000000000000009
000000000000001d
000000000000000a
00000000ffffffd3
00000000fffffffc
0000000000000028
00000000fffffffe
00000000fffffffe
0000000000000008
000000000000001a
00000000fffffff4
0000000000000029
0000000000000002
000000000000000b
00000000fffffffd
0000000000000021
00000000fffffff7
00000000ffffffcd
0000000000000009
0000000000000008
00000000fffffffd
00000000fffffffe
0000000000000005
0000000000000023
0000000000000000
0000000000000017
000000000000000d
00000000ffffffcc
00000000fffffff6
00000000ffffffe8
0000000000000000
00000000ffffffdd
000000000000000b
00000000ffffffe5
0000000000000005
00000000ffffffe2
0000000000000003
0000000000000006
0000000000000000
0000000000000026
0000000000000009
000000000000000f
00000000fffffffb
00000000fffffff9
0000000000000001
00000000fffffff4
00000000fffffffd
0000000000000009
0000000000000007
00000000fffffff5
0000000000000007
000000000000000b
000000000000000c
00000000ffffffdb
0000000000000009
0000000000000013
00000000fffffffe
0000000000000016
000000000000000b
00000000ffffffc4
00000000fffffff6
00000000ffffffe5
00000000ffffffee
0000000000000006
0000000000000015
00000000ffffffd6
00000000fffffffc
000000000000002e
0000000000000000
0000000000000033
00000000fffffffb
00000000fffffffa
0000000000000001
00000000ffffffb7
0000000000000000
00000000ffffffff
0000000000000000
000000000000000f
00000000fffffff8
00000000fffffff0
0000000000000008
0000000000000007
00000000fffffffd
0000000000000008
00000000fffffffc
00000000ffffffb4
0000000000000008
000000000000004b
00000000fffffffc
000000000000002f
0000000000000000
0000000000000032
00000000fffffff0
00000000ffffffdd
00000000fffffffe
00000000ffffffe0
00000000fffffffa
000000000000000b
0000000000000001
000000000000003d
00000000fffffffe
00000000ffffffd9
00000000fffffffe
00000000fffffff7
0000000000000009
00000000ffffffd4
00000000ffffffe2
00000000fffffffc
00000000fffffff8
0000000000000021
00000000fffffff6
00000000ffffffd0
0000000000000008
0000000000000009
00000000ffffffef
0000000000000009
0000000000000014
000000000000001c
00000000fffffff2
0000000000000018
00000000fffffffd
00000000ffffffe5
000000000000000d
0000000000000036
0000000000000000
0000000000000007
0000000000000006
00000000fffffffd
00000000fffffff8
0000000000000014
000000000000000b
000000000000002c
00000000fffffff7
0000000000000039
0000000000000010
0000000000000023
00000000fffffffe
0000000000000009
00000000fffffff4
0000000000000016
00000000fffffff6
00000000ffffffc7
0000000000000000
00000000ffffffbc
0000000000000003
0000000000000018
0000000000000008
00000000ffffffe6
00000000ffffffff
0000000000000015
0000000000000004
0000000000000023
0000000000000010
00000000ffffffd3
00000000fffffffc
00000000ffffffc6
0000000000000008
00000000ffffffc0
00000000fffffff9
00000000ffffffd2
000000000000000a
0000000000000005
0000000000000010
0000000000000035
00000000fffffffc
000000000000000c
000000000000000b
000000000000000a
0000000000000009
00000000fffffff5
00000000fffffffb
00000000ffffffd4
0000000000000000
00000000ffffffe9
000000000000000a
00000000ffffffc2
00000000fffffff2
00000000fffffff6
0000000000000007
000000000000003d
00000000fffffff5
00000000ffffffcb
0000000000000002
000000000000005d
0000000000000006
00000000ffffffe7
00000000fffffffa
00000000fffffffb
00000000fffffff6
00000000fffffffc
0000000000000004
00000000ffffffeb
00000000fffffffd
000000000000002e
0000000000000012
00000000ffffffe5
00000000fffffff7
000000000000000f
000000000000000a
0000000000000025
000000000000000c
00000000fffffffe
0000000000000006
0000000000000015
00000000ffffffe9
0000000000000021
00000000fffffffd
0000000000000047
00000000fffffffa
00000000ffffffb3
00000000fffffffb
00000000ffffffcb
0000000000000006
00000000ffffffe7
0000000000000000
0000000000000016
00000000fffffff4
00000000ffffffac
00000000fffffff6
00000000ffffffb0
00000000fffffffc
00000000ffffffc4
0000000000000003
00000000ffffffe9
0000000000000001
000000000000001f
0000000000000001
000000000000000f
00000000fffffffc
0000000000000034
0000000000000003
000000000000000d
0000000000000004
0000000000000015
00000000fffffffd
000000000000004c
00000000fffffffe
000000000000000e
0000000000000005
00000000fffffff1
00000000fffffff1
00000000ffffffe1
0000000000000012
0000000000000002
0000000000000005
0000000000000010
0000000000000003
00000000ffffffe0
00000000fffffff1
00000000fffffffa
0000000000000006
0000000000000004
00000000fffffff7
00000000ffffffa3
00000000fffffffb
0000000000000008
00000000fffffffb
000000000000001c
0000000000000008
00000000ffffffc8
0000000000000006
00000000ffffffdc
00000000fffffff5
00000000ffffffdd
0000000000000000
00000000fffffffc
00000000fffffffe
00000000ffffffdb
000000000000000e
0000000000000003
0000000000000001
00000000ffffffc2
0000000000000005
00000000ffffffea
00000000ffffffff
000000000000000b
00000000ffffffff
0000000000000024
00000000fffffffa
00000000fffffff4
00000000fffffffd
00000000fffffff8
00000000fffffffe
00000000ffffffd8
0000000000000004
00000000fffffff9
0000000000000001
00000000ffffffd9
00000000fffffff6
0000000000000046
0000000000000006
0000000000000019
00000000fffffffc
00000000ffffffe6
0000000000000009
0000000000000018
00000000fffffff4
00000000ffffffd3
0000000000000008
0000000000000013
0000000000000005
00000000fffffff6
00000000fffffff9
00000000ffffffb9
00000000fffffffe
0000000000000027
00000000fffffff4
000000000000000e
0000000000000007
0000000000000026
0000000000000000
00000000ffffffe7
0000000000000001
00000000ffffffc3
0000000000000002
00000000ffffffeb
000000000000000b
00000000ffffffec
00000000ffffffff
0000000000000005
00000000fffffffd
00000000ffffffe2
0000000000000001
0000000000000035
0000000000000003
0000000000000016
0000000000000008
00000000ffffffcf
00000000fffffffb
0000000000000002
00000000ffffffff
0000000000000003
0000000000000006
000000000000000b
000000000000000a
000000000000003c
0000000000000000
000000000000001b
00000000fffffff6
0000000000000026
0000000000000007
0000000000000020
0000000000000008
0000000000000040
0000000000000002
00000000ffffffd6
0000000000000004
0000000000000015
00000000fffffffc
0000000000000035
0000000000000000
00000000ffffffd8
00000000fffffff6
00000000ffffffd8
00000000ffffffff
0000000000009b83
00000000fffec8bb
0000000000009b64
0000000000000007
0000000000000037
00000000fffffff5
00000000fffffffe
0000000000000005
0000000000000047
0000000000000004
0000000000000019
000000000000000e
0000000000000022
00000000fffffff4
000000000000006e
0000000000000009
000000000000000d
0000000000000000
0000000000000012
00000000ffffffec
0000000000000011
0000000000000001
000000000000002f
00000000fffffff6
0000000000000059
00000000fffffff7
00000000fffffffd
0000000000000007
00000000ffffffe1
00000000fffffff9
00000000ffffffde
00000000fffffff9
00000000ffffffff
00000000fffffffe
000000000000003f
00000000fffffff6
00000000ffffffe5
0000000000000000
00000000ffffffd9
000000000000000f
0000000000000001
00000000fffffff1
00000000ffffffd9
0000000000000003
00000000ffffffd7
00000000fffffffc
00000000ffffffe9
0000000000000001
0000000000000005
0000000000000002
0000000000000015
00000000fffffff5
00000000ffffffe9
00000000fffffffd
00000000fffffffd
00000000fffffffd
0000000000000000
00000000ffffffff
00000000ffffffe8
0000000000000009
0000000000000003
00000000fffffffb
0000000000000004
00000000fffffff4
0000000000000042
00000000fffffff4
00000000ffffffcf
0000000000000000
0000000000000019
00000000fffffff9
00000000ffffffef
0000000000000007
00000000ffffffb7
0000000000000001
00000000ffffffb1
0000000000000003
00000000ffffffcb
000000000000000a
00000000fffffff6
000000000000000c
0000000000000020
0000000000000001
00000000ffffff95
00000000fffffffd
00000000ffffffd9
000000000000000a
00000000ffffffee
000000000000000a
000000000000000b
000000000000000c
00000000ffffffc8
00000000fffffffa
00000000ffffffd2
0000000000000007
00000000ffffffcb
00000000fffffff0
00000000ffffffbe
0000000000000006
000000000000000e
00000000fffffffe
0000000000000004
0000000000000001
0000000000000011
0000000000000000
00000000ffffffeb
0000000000000007
000000000000000f
000000000000000c
00000000fffffff7
00000000fffffffe
00000000fffffffa
0000000000000008
00000000fffffff0
0000000000000000
00000000ffffffee
00000000fffffffe
0000000000000003
0000000000000003
00000000ffffffe2
0000000000000006
000000000000001f
0000000000000005
0000000000000014
0000000000000005
0000000000000008
0000000000000011
0000000000000045
00000000ffffffef
000000000000001b
0000000000000007
0000000000000035
00000000fffffff0
0000000000000036
00000000fffffff3
0000000000000024
0000000000000008
00000000ffffffcd
000000000000000d
00000000ffffffe2
00000000ffffffed
00000000ffffff9e
00000000fffffffa
0000000000000018
00000000fffffff6
0000000000000031
00000000fffffff5
00000000ffffffc7
00000000fffffffd
00000000ffffffea
000000000000000d
0000000000000023
00000000fffffffc
0000000000000052
0000000000000007
00000000ffffffe8
00000000fffffffc
00000000fffffff9
000000000000000b
00000000ffffffe8
00000000fffffffa
0000000000000021
00000000fffffff0
0000000000000026
00000000fffffff8
00000000fffffffd
0000000000000007
00000000fffffffe
00000000fffffff2
00000000fffffff9
0000000000000008
000000000000002a
00000000fffffffd
00000000ffffffc1
00000000fffffffa
000000000000000d
00000000fffffffe
00000000ffffffea
00000000ffffffef
000000000000005b
0000000000000007
00000000ffffffe7
0000000000000009
00000000fffffff9
0000000000000005
0000000000000021
00000000fffffff9
00000000ffffffe0
0000000000000003
00000000ffffffc3
0000000000000002
00000000ffffffe5
00000000fffffff5
00000000fffffffe
0000000000000006
0000000000000024
0000000000000002
00000000fffffff9
0000000000000010
000000000000001a
00000000fffffff6
00000000fffffffd
000000000000000b
00000000ffffffbd
00000000fffffff8
000000000000000b
000000000000000d
0000000000000010
00000000fffffffd
00000000ffffffd3
00000000fffffffe
000000000000000a
0000000000000003
0000000000000002
00000000fffffffd
00000000ffffffdb
0000000000000006
0000000000000004
00000000ffffffee
0000000000000025
0000000000000008
0000000000000017
0000000000000013
000000000000000d
0000000000000001
0000000000000033
00000000fffffff6
00000000ffffffe8
0000000000000010
00000000ffffffe8
00000000ffffffee
000000000000001c
0000000000000005
00000000fffffff1
00000000ffffffff
00000000ffffffec
00000000fffffffe
00000000ffffffc6
000000000000000d
000000000000004c
00000000fffffffe
00000000ffffffdd
00000000fffffffd
00000000ffffffa2
00000000fffffff1
0000000000000024
0000000000000007
00000000ffffffec
0000000000000001
00000000fffffff4
000000000000000b
00000000fffffff8
0000000000000004
0000000000000019
0000000000000009
0000000000000009
00000000fffffffa
0000000000000015
00000000fffffffb
000000000000006d
00000000fffffff5
00000000ffffffc9
00000000fffffff8
00000000fffffffb
0000000000000007
000000000000002f
00000000fffffff7
000000000000001d
0000000000000007
00000000ffffffbe
000000000000000e
0000000000000013
0000000000000003
00000000ffffffc2
00000000fffffff2
0000000000000012
00000000fffffff2
000000000000003b
0000000000000003
0000000000000037
000000000000001a
0000000000000032
0000000000000005
000000000000002f
0000000000000003
00000000ffffffef
0000000000000003
00000000fffffff1
00000000fffffff1
00000000fffffff9
00000000fffffffa
000000000000002b
0000000000000003
00000000ffffffd8
000000000000000d
0000000000000025
00000000ffffffff
000000000000000b
000000000000000c
00000000fffffff6
00000000fffffffa
0000000000000025
00000000fffffff6
00000000ffffffa3
00000000fffffff4
000000000000000a
00000000fffffff9
0000000000000046
0000000000000003
00000000ffffffda
0000000000000006
0000000000000046
00000000fffffffd
0000000000000031
0000000000000006
00000000ffffffeb
00000000fffffff3
0000000000000032
0000000000000005
0000000000000003
0000000000000000
00000000ffffffd1
0000000000000008
000000000000001b
0000000000000005
000000000000001c
0000000000000002
000000000000003f
00000000fffffffd
00000000ffffffce
0000000000000004
00000000ffffffd0
00000000fffffff1
00000000fffffff3
00000000ffffffe6
00000000ffffffef
0000000000000005
0000000000000029
00000000fffffffd
00000000ffffffe1
0000000000000008
00000000ffffffe7
00000000fffffffa
0000000000000011
00000000fffffff0
000000000000001b
00000000fffffffd
000000000000003f
0000000000000001
0000000000000018
0000000000000000
00000000fffffff1
0000000000000002
00000000fffffffb
000000000000000c
00000000ffffffd7
00000000fffffffe
00000000ffffffd1
0000000000000006
00000000fffffffb
00000000fffffff2
0000000000000012
0000000000000009
00000000fffffffb
00000000fffffff8
00000000fffffff6
0000000000000008
00000000ffffffef
000000000000000a
0000000000000021
000000000000000e
0000000000000011
00000000fffffffd
00000000fffffff5
00000000ffffffeb
0000000000000049
00000000fffffffa
00000000ffffffcf
00000000fffffffd
00000000fffffff9
0000000000000014
00000000ffffffe5
00000000fffffff4
000000000000002d
0000000000000013
00000000ffffffe5
00000000fffffffb
000000000000003e
00000000fffffffd
00000000fffffff4
000000000000000a
00000000fffffffd
0000000000000006
000000000000001b
000000000000000d
0000000000000024
0000000000000011
000000000000000e
0000000000000008
000000000000001c
00000000ffffffff
0000000000000016
00000000fffffffe
000000000000003b
00000000fffffffd
000000000000003c
0000000000000002
00000000fffffff9
0000000000000000
00000000ffffffea
00000000fffffffb
00000000ffffffcc
0000000000000007
000000000000002d
00000000fffffffa
00000000ffffffe1
0000000000000003
0000000000000005
00000000fffffffb
00000000ffffffd4
0000000000000006
00000000ffffffec
00000000fffffff9
00000000fffffffb
00000000ffffffff
0000000000000041
0000000000000007
0000000000000051
0000000000000007
000000000000002b
00000000fffffff3
00000000ffffffe9
00000000fffffffd
00000000fffffff1
00000000fffffff7
00000000ffffff97
0000000000000008
0000000000000044
0000000000000003
000000000000001b
00000000ffffffff
0000000000000008
0000000000000003
0000000000000002
00000000fffffff8
0000000000000025
00000000ffffffe4
0000000000000020
0000000000000006
00000000ffffffdf
00000000fffffff8
0000000000000027
0000000000000005
00000000ffffffd4
00000000fffffff3
000000000000001b
0000000000000002
00000000ffffffd3
00000000fffffff6
000000000000003e
00000000fffffff3
0000000000000038
0000000000000001
00000000fffffff4
0000000000000003
00000000ffffffe4
0000000000000007
00000000ffffffde
0000000000000007
00000000fffffff7
00000000fffffffe
0000000000000007
00000000fffffffc
0000000000000000
00000000fffffffd
0000000000000027
00000000fffffff8
000000000000001a
00000000fffffff4
00000000fffffffa
000000000000000c
00000000fffffff4
000000000000000a
00000000ffffffed
0000000000000005
000000000000001f
00000000fffffff4
0000000000000035
0000000000000008
0000000000000010
0000000000000000
00000000fffffffb
00000000fffffffd
00000000ffffffbc
000000000000000a
0000000000000007
0000000000000000
00000000ffffffe2
0000000000000006
00000000ffffffea
0000000000000008
0000000000000036
00000000fffffff9
00000000ffffffb7
0000000000000003
00000000ffffffef
0000000000000002
00000000fffffff0
00000000fffffff8
00000000fffffffd
0000000000000002
0000000000000004
0000000000000011
00000000fffffff6
0000000000000008
00000000ffffffda
0000000000000004
00000000ffffffd0
0000000000000002
000000000000001c
0000000000000000
000000000000000e
00000000fffffff9
0000000000000010
0000000000000003
0000000000000054
00000000fffffffd
000000000000000a
0000000000000007
00000000ffffffde
0000000000000008
0000000000000026
00000000fffffffb
00000000ffffffc2
000000000000000b
000000000000004e
00000000ffffffea
00000000ffffffe3
0000000000000005
00000000ffffffd6
000000000000000d
00000000ffffffe1
00000000fffffff5
00000000ffffffe0
00000000fffffff3
0000000000000015
0000000000000007
00000000ffffffee
00000000fffffffe
00000000ffffffd8
00000000ffffffff
00000000ffffffea
0000000000000008
0000000000000006
00000000ffffffeb
000000000000000a
0000000000000004
00000000fffffffb
00000000fffffffd
0000000000000000
000000000000000a
00000000ffffffef
000000000000000f
0000000000000012
0000000000000003
000000000000000a
00000000fffffffa
00000000fffffff4
00000000fffffff5
0000000000000003
00000000fffffffc
0000000000000027
0000000000000000
0000000000000003
00000000fffffff6
00000000ffffffe7
00000000fffffffd
00000000ffffffda
0000000000000005
0000000000000021
00000000fffffffb
00000000ffffffc1
0000000000000000
00000000ffffffca
00000000ffffffff
000000000000000f
00000000fffffff6
0000000000000023
0000000000000002
00000000ffffffcf
0000000000000010
0000000000000018
0000000000000002
0000000000000025
00000000fffffff8
00000000ffffffd2
0000000000000008
00000000ffffffe4
0000000000000005
00000000fffffffa
0000000000000000
00000000ffffffe1
00000000fffffffa
00000000ffffffd4
0000000000000004
00000000fffffff2
00000000ffffffff
00000000ffffffc8
0000000000000004
00000000fffffff6
0000000000000002
0000000000000011
00000000fffffff6
0000000000000002
00000000fffffffe
0000000000000014
0000000000000002
0000000000000013
00000000ffffffeb
00000000ffffffcf
0000000000000007
00000000ffffffd1
00000000fffffff8
0000000000000018
0000000000000000
00000000ffffffce
00000000fffffffa
00000000ffffffdb
0000000000000007
0000000000000036
000000000000000c
00000000ffffffe1
000000000000000a
00000000ffffffdd
00000000fffffff1
00000000ffffffdb
0000000000000005
000000000000000c
000000000000000f
0000000000000019
00000000fffffff5
00000000ffffffeb
00000000ffffffff
00000000ffffffda
00000000fffffff5
00000000ffffffe7
0000000000000004
000000000000003b
0000000000000007
00000000fffffff7
00000000fffffff5
00000000ffffffd0
00000000fffffff0
000000000000000e
0000000000000003
00000000ffffffe4
00000000fffffff9
00000000fffffffa
00000000ffffffff
0000000000000033
0000000000000013
0000000000000015
000000000000000e
000000000000001c
00000000fffffffa
00000000ffffffee
00000000fffffff6
000000000000001f
0000000000000005
00000000fffffff2
00000000fffffff6
0000000000000009
0000000000000016
00000000ffffffc1
0000000000000005
00000000fffffff9
000000000000000e
00000000ffffffc6
0000000000000002
000000000000002e
00000000fffffffd
000000000000000c
0000000000000001
00000000ffffffe8
00000000fffffff3
0000000000000021
000000000000000a
0000000000000004
0000000000000002
0000000000000031
0000000000000006
00000000ffffffd5
00000000fffffff5
00000000ffffffce
000000000000000c
00000000fffffffc
00000000fffffff2
0000000000000002
000000000000000a
00000000ffffffef
00000000fffffff4
0000000000000024
000000000000000b
00000000fffffff9
000000000000000f
00000000ffffffc5
000000000000000b
0000000000000035
0000000000000002
000000000000001a
0000000000000000
000000000000001b
00000000fffffffc
0000000000000012
00000000fffffff4
000000000000001e
0000000000000000
000000000000007e
0000000000000002
0000000000000000
0000000000000005
000000000000001e
00000000fffffff8
000000000000000e
00000000fffffffb
00000000fffffffb
00000000fffffff7
0000000000000004
00000000fffffff6
000000000000001e
0000000000000008
00000000fffffff6
00000000fffffff8
00000000ffffffc2
0000000000000012
00000000ffffffe2
00000000ffffffec
00000000ffffffcd
00000000ffffffff
00000000ffffffd8
00000000fffffff6
00000000ffffffe9
00000000fffffff8
0000000000000023
00000000fffffffe
000000000000000c
0000000000000002
0000000000000004
00000000ffffffff
00000000ffffffd4
0000000000000006
00000000fffffff3
00000000fffffff8
00000000ffffffd9
00000000fffffffa
00000000ffffffdb
00000000fffffff5
00000000fffffffb
0000000000000004
00000000fffffff9
0000000000000001
0000000000000013
0000000000000004
00000000ffffffd0
00000000fffffffb
00000000ffffffdf
00000000ffffffff
0000000000000024
00000000ffffffe9
0000000000000009
0000000000000006
0000000000000004
000000000000000a
000000000000000e
0000000000000003
00000000ffffffd0
0000000000000007
00000000fffffff3
00000000fffffffa
0000000000000021
000000000000000a
000000000000000b
0000000000000004
00000000ffffffd5
00000000fffffff8
000000000000000c
00000000fffffffc
00000000fffffffc
000000000000000c
0000000000000050
00000000fffffffc
000000000000001e
000000000000000b
00000000ffffffe4
0000000000000009
000000000000001b
00000000ffffffff
00000000ffffffda
0000000000000004
000000000000003f
00000000fffffffc
0000000000000009
0000000000000016
0000000000000007
00000000fffffffd
000000000000000c
000000000000000f
00000000ffffffdf
00000000fffffffd
00000000ffffffd9
0000000000000007
00000000fffffff4
00000000fffffff6
00000000ffffffdd
00000000fffffff7
0000000000000003
0000000000000003
00000000fffffff4
0000000000000004
00000000ffffffe4
000000000000000f
00000000ffffffe9
00000000fffffff3
000000000000003b
000000000000000c
00000000fffffff2
00000000fffffff2
0000000000000052
0000000000000001
00000000fffffff4
000000000000000f
00000000fffffffe
0000000000000009
00000000fffffff3
00000000fffffff7
000000000000001f
00000000fffffffb
00000000ffffffcf
00000000fffffffd
000000000000002f
00000000ffffffff
0000000000000031
0000000000000008
00000000ffffffea
00000000fffffff7
0000000000000015
0000000000000002
0000000000000015
00000000fffffffb
0000000000000020
0000000000000002
0000000000000001
00000000fffffff9
00000000ffffffca
00000000ffffffef
00000000ffffffe7
00000000fffffff7
00000000ffffffed
0000000000000005
00000000ffffffd6
00000000fffffffb
000000000000004f
00000000ffffffff
00000000ffffffd3
00000000ffffffff
00000000ffffffea
00000000fffffff7
000000000000001e
0000000000000003
00000000ffffffb5
0000000000000000
00000000ffffffea
0000000000000003
0000000000000007
000000000000000f
00000000fffffffb
00000000ffffffff
00000000ffffffc1
0000000000000001
00000000ffffffea
00000000ffffffff
00000000ffffffda
00000000fffffffd
0000000000000011
00000000fffffff1
00000000ffffffd0
00000000fffffff7
0000000000000053
00000000ffffffff
0000000000000026
0000000000000008
00000000fffffff0
0000000000000007
00000000ffffffe9
00000000fffffff2
00000000fffffffc
0000000000000002
0000000000000011
0000000000000004
00000000fffffff5
00000000fffffff5
0000000000000023
000000000000000b
0000000000000013
00000000fffffffc
00000000ffffffe1
0000000000000012
00000000fffffff1
000000000000000f
00000000fffffff2
00000000fffffff8
0000000000000003
00000000fffffff1
000000000000003b
000000000000000f
00000000fffffff5
0000000000000000
00000000ffffffe8
00000000fffffffe
00000000ffffffec
0000000000000009
0000000000000023
000000000000000a
0000000000000034
00000000fffffff4
0000000000000024
00000000fffffff5
00000000ffffffed
0000000000000003
0000000000000017
00000000fffffffe
0000000000000026
00000000fffffff7
00000000fffffff2
00000000fffffffb
00000000ffffffff
00000000fffffff9
00000000ffffffe4
0000000000000010
000000000000001c
0000000000000009
0000000000000019
00000000fffffffe
00000000ffffffed
0000000000000007
00000000ffffffee
00000000fffffffe
000000000000003b
0000000000000000
0000000000000039
0000000000000005
0000000000000015
0000000000000000
00000000ffffffe3
0000000000000009
0000000000000033
00000000fffffffb
0000000000000011
00000000fffffff6
0000000000000026
0000000000000003
00000000ffffffe4
00000000fffffff0
00000000ffffffc9
0000000000000007
00000000ffffffdd
0000000000000004
000000000000003d
00000000fffffff9
0000000000000036
0000000000000004
00000000ffffffd8
0000000000000009
0000000000000025
0000000000000005
000000000000001a
00000000fffffff9
0000000000000011
0000000000000001
00000000fffffff4
0000000000000001
00000000ffffffe7
00000000fffffffe
0000000000000030
0000000000000005
0000000000000027
0000000000000008
0000000000000039
0000000000000008
00000000fffffffe
0000000000000001
00000000fffffff2
0000000000000005
0000000000000003
00000000fffffff5
0000000000000046
0000000000000004
00000000ffffffc3
00000000fffffff8
00000000ffffffde
0000000000000008
0000000000000029
00000000fffffff9
00000000fffffff9
0000000000000003
00000000fffffff7
0000000000000002
000000000000005e
00000000fffffff6
00000000ffffffec
00000000fffffff3
00000000ffffffe6
0000000000000011
00000000ffffffe3
00000000fffffff5
0000000000000016
0000000000000009
00000000ffffffe5
0000000000000006
0000000000000018
00000000fffffffb
00000000fffffffe
0000000000000004
000000000000000a
0000000000000000
00000000fffeab07
000000000002a998
00000000fffeab31
00000000fffffffc
0000000000000012
0000000000000005
00000000fffffffc
00000000fffffff9
0000000000000019
00000000fffffffc
00000000fffffff9
0000000000000004
0000000000000001
00000000fffffff6
0000000000000004
000000000000000a
00000000ffffffda
00000000fffffffd
00000000ffffffe5
00000000fffffff6
0000000000000028
00000000fffffff6
00000000ffffffed
0000000000000002
0000000000000003
0000000000000001
000000000000001e
0000000000000004
00000000ffffffd5
00000000fffffff6
0000000000000008
0000000000000003
0000000000000036
00000000ffffffee
00000000ffffffe1
00000000fffffffc
00000000fffffffc
000000000000000d
00000000ffffffee
000000000000000e
000000000000000f
00000000fffffff5
0000000000000007
0000000000000003
000000000000001f
0000000000000005
0000000000000007
0000000000000007
00000000ffffffd3
00000000fffffffd
0000000000000002
00000000fffffffa
0000000000000011
0000000000000008
00000000ffffffd3
0000000000000005
00000000ffffffc3
0000000000000001
0000000000000022
0000000000000008
000000000000002f
0000000000000006
0000000000000003
0000000000000006
00000000fffffff0
0000000000000000
00000000ffffffaf
00000000fffffffc
0000000000000044
0000000000000007
0000000000000015
00000000fffffffa
000000000000000a
0000000000000007
00000000ffffffea
0000000000000007
000000000000001e
0000000000000009
0000000000000013
00000000fffffff6
0000000000000019
00000000ffffffff
0000000000000001
000000000000000d
00000000ffffffc4
0000000000000006
000000000000001a
0000000000000010
000000000000002e
00000000fffffffb
00000000ffffffe3
000000000000000a
00000000ffffffee
00000000fffffff8
00000000ffffffbf
000000000000000a
0000000000000034
00000000fffffffa
000000000000003b
00000000fffffff2
00000000ffffffdb
00000000fffffffd
0000000000000025
00000000fffffffc
00000000fffffffc
00000000fffffff9
00000000fffffffd
0000000000000003
00000000ffffffe9
0000000000000002
0000000000000008
00000000ffffffeb
00000000fffffffa
0000000000000010
000000000000000e
00000000fffffff4
00000000fffffff2
0000000000000008
00000000fffffffe
00000000fffffff7
000000000000001f
00000000fffffffa
00000000ffffffa1
0000000000000005
0000000000000025
0000000000000005
000000000000001a
00000000fffffffb
00000000ffffffe5
00000000fffffff5
0000000000000030
0000000000000003
00000000fffffff9
00000000fffffff3
00000000fffffffe
000000000000000e
00000000ffffffec
00000000ffffffee
0000000000000026
0000000000000008
000000000000002a
00000000ffffffef
0000000000000001
00000000fffffffa
0000000000000073
00000000fffffffb
00000000fffffff3
00000000fffffff3
000000000000000f
000000000000000a
00000000ffffffc5
00000000fffffffd
000000000000000a
0000000000000000
0000000000000009
0000000000000002
00000000ffffffb0
0000000000000008
00000000ffffffdf
0000000000000008
00000000ffffffd5
0000000000000005
00000000fffffffb
0000000000000005
00000000ffffffee
0000000000000006
0000000000000014
0000000000000001
00000000ffffffe8
00000000fffffff4
000000000000000f
0000000000000002
00000000fffffff4
0000000000000005
00000000ffffffac
0000000000000001
00000000fffffffc
00000000ffffffef
0000000000000036
0000000000000005
00000000ffffffe3
000000000000000a
0000000000000041
0000000000000001
00000000ffffffd6
0000000000000003
000000000000001f
0000000000000002
0000000000000001
0000000000000000
00000000ffffffe9
0000000000000004
0000000000000000
0000000000000000
00000000ffffffcd
0000000000000011
0000000000000024
0000000000000005
00000000ffffffd6
00000000ffffffff
0000000000000042
00000000fffffffb
00000000fffffff6
0000000000000006
0000000000000002
00000000fffffff8
00000000fffffff0
0000000000000013
0000000000000031
00000000fffffffe
0000000000000006
0000000000000000
00000000ffffffe9
00000000fffffff7
00000000ffffffff
00000000fffffff5
0000000000000015
0000000000000003
00000000ffffffbf
00000000fffffff0
00000000ffffffd1
0000000000000009
0000000000000019
00000000fffffff8
000000000000001a
000000000000000c
000000000000001c
00000000fffffffe
0000000000000028
0000000000000004
00000000ffffffbb
0000000000000000
0000000000000012
0000000000000000
00000000fffffffa
0000000000000002
0000000000000010
00000000fffffffd
00000000fffffff2
000000000000000a
00000000ffffffda
0000000000000001
00000000ffffffdf
00000000fffffff7
00000000fffffffc
00000000fffffff5
0000000000000014
0000000000000008
00000000ffffffff
00000000fffffff8
000000000000002f
0000000000000000
00000000ffffffdc
0000000000000000
000000000000001d
00000000fffffffa
00000000ffffffe6
0000000000000012
00000000ffffffd0
0000000000000000
00000000ffffffe7
00000000fffffff4
00000000ffffffbc
00000000fffffffb
0000000000000014
000000000000000e
000000000000001b
00000000fffffff1
000000000000001e
0000000000000008
00000000fffffff0
00000000fffffffc
000000000000000c
000000000000000b
000000000000000b
00000000fffffff8
00000000ffffffe0
0000000000000003
00000000fffffff5
0000000000000002
000000000000000d
0000000000000002
00000000ffffffe6
00000000fffffffe
00000000fffffffd
0000000000000000
00000000ffffffc3
00000000fffffffa
00000000ffffffbf
0000000000000001
00000000ffffffe6
00000000fffffff8
00000000ffffffec
0000000000000002
000000000000000d
00000000ffffffff
00000000ffffffdb
0000000000000005
00000000ffffffd2
00000000fffffffb
00000000ffffffff
00000000fffffff3
000000000000000c
00000000fffffff8
00000000ffffffe8
0000000000000011
0000000000000019
000000000000000a
00000000ffffffea
00000000fffffff9
0000000000000048
00000000fffffff3
0000000000000017
00000000fffffff7
0000000000000021
00000000fffffffa
000000000000000e
000000000000000b
0000000000000047
00000000ffffffee
0000000000000039
000000000000000e
0000000000000005
000000000000000b
0000000000000010
00000000fffffff9
0000000000000020
0000000000000002
00000000ffffffee
0000000000000009
00000000ffffffe1
00000000fffffff6
000000000000002d
00000000fffffffb
00000000ffffffc9
00000000fffffffe
0000000000000008
000000000000000e
0000000000000033
0000000000000002
00000000ffffffe0
00000000fffffff4
00000000fffffff8
0000000000000001
00000000ffffffde
0000000000000000
00000000ffffffe5
00000000fffffff4
0000000000000008
000000000000000c
0000000000000004
0000000000000001
00000000ffffffcf
0000000000000009
00000000fffffff3
0000000000000019
0000000000000030
00000000fffffff9
000000000000000c
00000000fffffffa
0000000000000002
0000000000000005
0000000000000004
00000000fffffffe
000000000000000f
0000000000000007
00000000ffffffef
000000000000000f
0000000000000008
0000000000000004
0000000000000018
0000000000000000
0000000000000010
0000000000000005
0000000000000009
0000000000000002
000000000000000d
00000000fffffff6
000000000000001c
0000000000000002
0000000000000030
00000000fffffffa
00000000ffffffe2
0000000000000001
00000000ffffffad
0000000000000009
000000000000000d
00000000fffffff7
0000000000000011
00000000ffffffff
0000000000000017
00000000fffffffc
00000000ffffffcd
0000000000000003
00000000ffffffb0
0000000000000006
00000000ffffffe9
0000000000000001
000000000000002b
0000000000000004
00000000ffffffd9
0000000000000004
00000000ffffffad
00000000fffffffe
0000000000000019
0000000000000003
00000000ffffffdd
0000000000000001
0000000000000007
00000000ffffffec
000000000000001f
00000000ffffffee
0000000000000024
00000000ffffffff
000000000000002c
00000000fffffffd
000000000000000f
00000000fffffff9
0000000000000007
00000000ffffffff
0000000000000026
00000000fffffffd
000000000000001f
00000000fffffff1
00000000fffffff2
00000000fffffffd
00000000fffffff4
0000000000000005
00000000ffffffd6
00000000fffffff7
0000000000000020
000000000000000a
00000000fffffff1
00000000fffffffe
0000000000000010
00000000fffffffd
000000000000002a
0000000000000005
00000000ffffffe4
00000000fffffff9
0000000000000040
000000000000000a
00000000ffffffe9
00000000fffffff8
00000000ffffffd4
0000000000000000
00000000ffffffc8
00000000fffffffd
000000000000004a
0000000000000005
00000000ffffffe1
0000000000000001
00000000fffffff8
0000000000000001
000000000000000b
00000000fffffff0
0000000000000003
0000000000000005
00000000fffffffd
00000000fffffff6
00000000ffffffe9
00000000fffffffe
00000000ffffffd6
000000000000000f
0000000000000002
000000000000000a
0000000000000004
0000000000000001
00000000fffffff8
0000000000000006
00000000ffffffdc
000000000000000e
0000000000000000
0000000000000001
0000000000000007
0000000000000008
00000000fffffff5
000000000000000a
00000000ffffffed
0000000000000000
00000000ffffffde
00000000fffffffd
00000000fffffff7
00000000ffffffff
00000000ffffffee
0000000000000003
000000000000002c
0000000000000000
0000000000000027
0000000000000008
00000000ffffffea
00000000fffffff5
0000000000000033
0000000000000008
00000000fffffff7
00000000fffffffb
0000000000000019
0000000000000000
00000000fffffff2
000000000000000e
000000000000001b
00000000fffffffd
0000000000000034
0000000000000002
0000000000000033
0000000000000001
00000000fffffff1
00000000fffffffb
000000000000001b
0000000000000006
00000000ffffffe2
00000000fffffffb
00000000ffffffbb
00000000fffffffc
00000000ffffffb7
0000000000000005
00000000ffffffe6
0000000000000012
000000000000000a
00000000fffffff8
00000000fffffff1
00000000fffffff9
00000000ffffffb5
00000000fffffff5
00000000ffffffed
00000000fffffffb
00000000fffffffa
0000000000000004
000000000000002b
00000000fffffff4
000000000000004e
0000000000000005
0000000000000011
00000000fffffff9
00000000ffffffe1
0000000000000001
00000000fffffff0
00000000fffffff2
0000000000000015
0000000000000008
00000000fffffffd
00000000fffffffd
00000000ffffffd7
0000000000000006
00000000ffffffe5
00000000fffffff2
000000000000003d
0000000000000013
0000000000000031
0000000000000006
000000000000001b
00000000ffffffed
00000000fffffff1
00000000fffffffc
00000000ffffffe6
00000000fffffff6
000000000000002d
0000000000000009
000000000000001e
00000000fffffffe
00000000ffffffe2
0000000000000005
00000000ffffffdc
0000000000000000
0000000000000030
0000000000000009
0000000000000039
00000000fffffff8
0000000000000005
00000000fffffff6
00000000ffffffce
0000000000000009
000000000000000d
00000000fffffff9
00000000fffffffd
000000000000001c
00000000ffffffef
00000000ffffffef
0000000000000000
0000000000000001
0000000000000030
00000000ffffffe8
0000000000000036
0000000000000009
00000000ffffffe9
00000000ffffffff
0000000000000001
000000000000000c
0000000000000025
0000000000000009
0000000000000009
0000000000000003
00000000ffffffaf
00000000fffffff3
00000000ffffffd9
00000000fffffffb
00000000ffffffe8
0000000000000009
00000000ffffffd9
0000000000000002
000000000000001f
00000000fffffffc
000000000000004f
0000000000000002
0000000000000009
000000000000000a
00000000ffffffab
0000000000000002
00000000ffffffd3
00000000fffffff7
00000000ffffffc1
00000000fffffff2
00000000ffffffd7
0000000000000001
000000000000000c
0000000000000010
0000000000000004
00000000fffffffb
00000000fffffff2
0000000000000009
00000000ffffffd8
00000000fffffffa
000000000000004e
00000000fffffff6
000000000000003e
00000000fffffff6
000000000000002d
00000000fffffffc
00000000ffffffcf
0000000000000002
0000000000000016
000000000000000b
0000000000000017
000000000000000a
000000000000003e
000000000000000b
00000000fffffffe
00000000fffffffd
0000000000000003
00000000fffffffe
000000000000000c
00000000fffffffe
00000000ffffffd9
0000000000000002
000000000000004a
0000000000000008
00000000ffffffd7
0000000000000010
00000000ffffffe0
00000000fffffff4
00000000ffffffcf
0000000000000002
000000000000001b
00000000fffffff0
00000000fffffff9
00000000fffffff9
00000000ffffffe3
0000000000000007
0000000000000008
00000000fffffff9
00000000ffffffd5
0000000000000016
00000000ffffffe1
0000000000000001
0000000000000014
0000000000000002
0000000000000011
0000000000000004
0000000000000034
00000000fffffff8
00000000ffffffc8
00000000fffffff9
00000000ffffffb8
000000000000001a
0000000000000000
0000000000000006
00000000ffffffc8
00000000fffffffd
00000000fffffffe
00000000fffffffe
0000000000000034
00000000fffffffe
0000000000000024
0000000000000002
00000000ffffffdf
00000000fffffffe
0000000000000001
0000000000000005
00000000ffffffee
00000000fffffffa
0000000000000000
0000000000000002
00000000ffffffbb
00000000ffffffeb
000000000000001a
00000000fffffff8
00000000ffffffff
0000000000000000
0000000000000000
0000000000000000
00000000ffffffe1
00000000fffffff2
000000000000004d
0000000000000006
0000000000000026
0000000000000008
00000000ffffffce
00000000fffffffa
00000000ffffffe5
0000000000000001
0000000000000016
00000000fffffff9
00000000fffffff4
000000000000000a
000000000000002a
00000000fffffff8
0000000000000008
0000000000000008
00000000ffffffe2
0000000000000005
000000000000002c
00000000fffffff0
000000000000001f
00000000fffffff2
00000000ffffffcf
00000000fffffff3
0000000000000008
00000000ffffffef
0000000000000007
0000000000000007
0000000000000001
0000000000000012
0000000000000039
00000000fffffffa
000000000000002a
0000000000000000
0000000000000014
00000000fffffff3
0000000000000010
00000000fffffffd
00000000ffffffe8
00000000fffffffa
000000000000001d
000000000000000d
000000000000003e
0000000000000004
00000000ffffffff
0000000000000016
0000000000000010
00000000ffffffff
000000000000002b
00000000fffffffa
00000000ffffffd4
00000000ffffffff
0000000000000012
00000000fffffffc
0000000000000002
000000000000000a
00000000ffffffac
000000000000000a
000000000000000f
0000000000000009
000000000000004e
0000000000000008
000000000000003b
00000000fffffff9
00000000ffffffad
00000000fffffff6
0000000000000027
00000000fffffffe
0000000000000029
0000000000000002
0000000000000007
00000000fffffff9
000000000000000d
0000000000000014
00000000ffffffe8
0000000000000010
00000000fffffff3
0000000000000004
0000000000000024
0000000000000002
0000000000000026
0000000000000002
00000000fffffffb
00000000fffffffe
000000000000000c
0000000000000009
000000000000002e
000000000000000b
00000000ffffffd6
00000000fffffffa
00000000fffffff1
0000000000000001
00000000ffffffca
0000000000000009
000000000000005c
00000000fffffff2
00000000fffffffe
00000000fffffffd
0000000000000007
0000000000000002
00000000ffffffee
00000000fffffff6
00000000fffffff1
00000000ffffffff
0000000000000002
000000000000000e
0000000000000039
0000000000000003
000000000000003b
00000000fffffff7
00000000ffffffdf
00000000ffffffee
0000000000000001
0000000000000001
00000000fffffffc
0000000000000006
00000000fffffff4
00000000fffffffb
00000000ffffffe9
00000000fffffff7
0000000000000000
00000000fffffffa
00000000ffffffcd
0000000000000003
0000000000000035
00000000fffffffa
000000000000002c
0000000000000008
00000000fffffff0
00000000fffffff7
000000000000000f
0000000000000008
0000000000000005
00000000fffffff1
00000000ffffffcc
00000000fffffff3
0000000000000008
0000000000000009
00000000ffffffd2
00000000fffffffb
000000000000001b
00000000fffffff8
0000000000000002
000000000000000c
00000000fffffff5
00000000fffffff8
00000000ffffffe4
00000000fffffffc
0000000000000034
00000000fffffffc
00000000ffffffaf
00000000ffffffff
00000000fffffff6
0000000000000006
0000000000000016
000000000000000c
00000000fffffffe
00000000fffffff6
00000000fffffff9
0000000000000007
00000000ffffffbd
00000000ffffffef
000000000000000d
0000000000000006
0000000000000046
000000000000000c
0000000000000004
00000000fffffff1
0000000000000032
0000000000000001
00000000ffffffd0
000000000000000d
000000000000005b
0000000000000006
00000000fffffff4
000000000000000d
00000000fffffffc
00000000fffffffe
00000000fffffff7
0000000000000002
000000000000003f
00000000fffffffb
000000000000003f
0000000000000007
00000000fffffff9
00000000fffffffd
000000000000000a
0000000000000003
0000000000000001
00000000fffffffc
0000000000000039
0000000000000004
00000000fffffffe
00000000fffffff1
000000000000003b
0000000000000011
0000000000000010
00000000fffffff6
0000000000000024
0000000000000002
00000000fffffff5
0000000000000003
0000000000000002
0000000000000005
0000000000000054
0000000000000007
00000000ffffffe2
0000000000000003
00000000ffffffef
00000000fffffffe
00000000ffffffea
00000000fffffff9
00000000ffffffb9
000000000000000a
0000000000000002
00000000ffffffff
000000000000003f
00000000ffffffff
000000000000001f
00000000fffffffe
000000000000001c
0000000000000004
00000000ffffffea
0000000000000004
00000000fffffffe
00000000fffffff9
0000000000000000
0000000000000003
00000000ffffffe8
00000000fffffff2
000000000000000a
0000000000000001
00000000ffffffde
00000000fffffff6
00000000ffffffbf
00000000fffffffe
00000000ffffffdb
0000000000000004
00000000fffffff9
0000000000000003
00000000ffffffe1
000000000000000a
00000000ffffffa2
00000000fffffff9
00000000ffffffd8
00000000fffffffc
00000000ffffffdd
000000000000000a
00000000ffffffb2
000000000000000a
00000000fffffffe
0000000000000008
00000000ffffffcd
0000000000000000
00000000ffffffe9
0000000000000006
00000000fffffff8
00000000fffffff9
00000000ffffffcd
00000000ffffffee
0000000000000064
00000000fffffffb
00000000fffffff3
000000000000000d
000000000000001f
00000000fffffffd
00000000ffffffe7
00000000fffffff8
0000000000000006
00000000fffffffd
00000000ffffffe5
0000000000000003
0000000000000006
0000000000000004
0000000000000007
00000000fffffff5
0000000000000010
000000000000000a
0000000000000005
0000000000000003
0000000000000011
0000000000000007
0000000000000019
00000000fffffff3
00000000ffffffb3
000000000000000b
00000000fffffff3
0000000000000002
00000000ffffffec
00000000fffffffb
0000000000000000
00000000fffffffb
0000000000000003
00000000fffffffe
0000000000000011
000000000000000e
00000000ffffffd2
00000000fffffff9
0000000000000005
0000000000000004
000000000000006d
00000000ffffffe2
000000000000000c
0000000000000000
00000000ffffffe1
00000000fffffff3
0000000000000013
0000000000000003
00000000fffffff9
0000000000000002
0000000000000000
00000000fffffffd
00000000fffffff6
0000000000000002
00000000ffffffea
00000000fffffff5
000000000000002c
0000000000000002
0000000000000012
00000000ffffffff
0000000000000013
0000000000000010
00000000000035ab
00000000ffff945a
00000000000035ca
0000000000000008
00000000ffffffb4
0000000000000000
00000000ffffffec
00000000fffffffd
000000000000001a
00000000ffffffed
00000000ffffffe5
00000000fffffff7
00000000ffffffa9
000000000000000a
00000000ffffffd2
0000000000000001
000000000000000c
000000000000000a
0000000000000027
00000000fffffffc
00000000ffffffea
00000000fffffffe
0000000000000018
00000000fffffff6
000000000000001f
0000000000000012
000000000000000a
00000000fffffff1
00000000fffffff3
0000000000000010
0000000000000002
000000000000000d
0000000000000019
0000000000000001
00000000fffffff7
0000000000000006
00000000ffffffe9
00000000ffffffff
000000000000001f
00000000fffffffa
00000000ffffff9f
000000000000000d
000000000000002b
0000000000000007
00000000fffffffd
0000000000000007
0000000000000003
000000000000000a
0000000000000031
00000000fffffff9
00000000ffffffff
0000000000000003
0000000000000045
0000000000000004
00000000ffffffa1
00000000fffffff9
00000000fffffffc
00000000fffffffe
0000000000000012
00000000fffffffb
00000000fffffff0
0000000000000006
0000000000000006
0000000000000010
0000000000000007
00000000fffffff6
0000000000000017
00000000ffffffff
0000000000000025
0000000000000003
00000000ffffffd2
00000000fffffffb
000000000000000f
000000000000000b
0000000000000025
0000000000000005
00000000ffffffdf
00000000fffffffd
00000000ffffffdb
00000000ffffffea
00000000ffffffdc
00000000fffffff7
0000000000000017
000000000000000b
00000000fffffff1
00000000fffffffe
00000000ffffffcd
00000000fffffffb
00000000ffffffd4
0000000000000000
00000000ffffffd2
00000000fffffff9
0000000000000007
00000000fffffffa
000000000000001c
00000000fffffff7
0000000000000006
0000000000000003
00000000ffffffba
0000000000000003
0000000000000016
00000000fffffffe
00000000ffffffe1
00000000ffffffff
00000000ffffffd4
00000000ffffffee
0000000000000014
00000000fffffff8
0000000000000042
00000000fffffff2
00000000ffffffe8
0000000000000005
00000000ffffffd8
00000000fffffffe
00000000fffffffe
0000000000000013
00000000ffffffcc
00000000fffffff1
00000000fffffff1
0000000000000006
0000000000000043
00000000fffffffe
000000000000003a
00000000fffffffc
0000000000000002
00000000fffffff5
00000000ffffffec
000000000000000a
0000000000000029
0000000000000006
0000000000000015
0000000000000002
00000000ffffffe8
0000000000000012
00000000fffffffe
00000000fffffff7
00000000fffffff8
00000000fffffff2
00000000ffffffd8
0000000000000006
0000000000000007
0000000000000001
000000000000003d
0000000000000005
00000000fffffff5
0000000000000013
00000000fffffffb
00000000fffffffb
00000000ffffffc5
00000000fffffffb
0000000000000018
0000000000000007
000000000000002a
00000000ffffffee
00000000fffffffc
000000000000000c
0000000000000037
00000000fffffff2
0000000000000041
000000000000001c
0000000000000034
000000000000000d
00000000ffffffcc
000000000000000a
00000000ffffffee
00000000fffffffd
00000000ffffffe6
0000000000000007
0000000000000001
00000000fffffff9
00000000ffffffe7
0000000000000002
000000000000001c
000000000000000b
00000000fffffffe
00000000ffffffff
0000000000000014
0000000000000002
00000000ffffffc6
00000000fffffff7
0000000000000004
00000000fffffff5
00000000ffffffcb
00000000fffffffd
00000000ffffffe3
0000000000000002
00000000ffffffc6
0000000000000001
000000000000003a
00000000fffffffa
00000000fffffff1
0000000000000008
0000000000000013
00000000fffffffe
000000000000001f
0000000000000005
00000000fffffffc
0000000000000002
00000000ffffffe3
00000000fffffffd
00000000fffffff8
0000000000000000
00000000ffffffd6
00000000fffffffe
00000000ffffffc8
00000000fffffffb
00000000fffffffc
0000000000000003
0000000000000035
0000000000000007
00000000ffffffd8
0000000000000006
0000000000000017
00000000fffffff4
00000000ffffffc0
00000000fffffff1
00000000fffffffe
000000000000000c
000000000000002a
00000000fffffffa
00000000fffffff4
00000000ffffffe9
0000000000000007
0000000000000005
00000000fffffff4
0000000000000002
000000000000004c
00000000fffffff9
000000000000002a
00000000fffffffc
000000000000003c
000000000000000a
00000000ffffffe0
0000000000000002
000000000000003b
0000000000000009
00000000fffffff5
00000000fffffffa
00000000fffffffb
00000000fffffffd
000000000000004b
0000000000000015
0000000000000062
0000000000000000
000000000000000b
0000000000000003
0000000000000008
00000000fffffff9
0000000000000020
00000000fffffffc
00000000ffffffec
00000000fffffff3
00000000ffffffc8
00000000fffffff9
00000000fffffff5
0000000000000007
00000000ffffffed
0000000000000001
00000000fffffff8
0000000000000002
00000000ffffffef
00000000fffffffb
000000000000001f
00000000ffffffff
00000000fffffffc
0000000000000002
0000000000000024
0000000000000003
000000000000001d
00000000fffffff9
000000000000003a
0000000000000001
0000000000000004
0000000000000009
00000000ffffffca
0000000000000005
00000000fffffff7
0000000000000004
00000000ffffffc9
00000000fffffff4
00000000ffffffdd
0000000000000000
000000000000000d
000000000000000b
00000000ffffffe4
00000000fffffff8
00000000fffffff1
0000000000000007
000000000000004a
00000000fffffff9
0000000000000017
00000000fffffff9
0000000000000028
0000000000000002
0000000000000019
0000000000000000
00000000ffffffdb
00000000fffffff2
00000000ffffffd5
0000000000000000
00000000fffffff9
00000000fffffffb
000000000000003f
0000000000000007
00000000fffffff0
0000000000000003
00000000fffffff0
0000000000000009
00000000fffffffd
000000000000000a
00000000ffffffcc
00000000fffffff9
00000000ffffffed
0000000000000005
0000000000000003
0000000000000002
00000000fffffff3
0000000000000005
0000000000000008
00000000fffffffa
0000000000000002
0000000000000003
00000000ffffffee
0000000000000006
0000000000000016
00000000fffffffb
00000000ffffff7e
0000000000000004
000000000000001a
00000000fffffff3
00000000fffffffb
0000000000000013
000000000000003e
0000000000000005
00000000ffffffee
0000000000000002
00000000ffffffd5
00000000fffffffa
0000000000000015
0000000000000006
00000000ffffffe7
00000000fffffffc
00000000ffffffef
000000000000000f
0000000000000014
0000000000000002
000000000000001e
00000000fffffff1
0000000000000000
0000000000000005
00000000ffffffd6
0000000000000002
000000000000002d
000000000000000a
00000000ffffffb4
0000000000000006
0000000000000015
00000000fffffffb
000000000000002d
0000000000000005
00000000fffffff9
00000000fffffffa
000000000000000a
00000000fffffffc
0000000000000014
000000000000000b
00000000ffffffed
00000000fffffffa
00000000ffffffff
00000000fffffffa
0000000000000004
00000000fffffff6
0000000000000009
00000000ffffffff
00000000ffffffe5
000000000000000a
0000000000000000
00000000fffffff3
0000000000000028
00000000fffffffb
00000000ffffffe8
000000000000000d
0000000000000040
00000000fffffff3
0000000000000021
00000000fffffffc
00000000ffffffef
00000000fffffff6
00000000ffffffde
00000000fffffffb
0000000000000039
0000000000000000
000000000000001f
00000000fffffffb
000000000000000e
00000000fffffff8
000000000000003c
00000000fffffffe
00000000ffffffd1
0000000000000002
000000000000000b
00000000fffffffa
0000000000000004
0000000000000004
0000000000000001
0000000000000000
00000000ffffffd3
0000000000000002
000000000000001d
00000000fffffffe
0000000000000045
00000000fffffffd
00000000fffffff9
0000000000000005
00000000ffffffc7
00000000fffffff2
00000000fffffff2
0000000000000003
00000000ffffffd1
00000000ffffffed
00000000ffffffc6
0000000000000010
0000000000000002
00000000fffffff6
00000000ffffffe1
0000000000000004
00000000ffffffd7
0000000000000001
00000000fffffff3
000000000000000d
00000000fffffffd
00000000fffffffe
00000000ffffffe7
0000000000000007
000000000000000a
00000000fffffffd
000000000000002b
0000000000000007
0000000000000003
0000000000000006
00000000fffffff5
0000000000000006
00000000fffffff6
000000000000000d
00000000fffffff6
0000000000000005
00000000ffffffc6
00000000ffffffff
00000000fffffffe
00000000fffffff9
00000000ffffffd1
000000000000000f
0000000000000034
0000000000000001
00000000fffffffc
0000000000000000
00000000ffffffed
0000000000000007
0000000000000012
00000000fffffffb
000000000000002a
0000000000000000
0000000000000049
00000000fffffff6
00000000ffffffed
000000000000000e
00000000ffffffcd
00000000fffffff3
0000000000000016
0000000000000009
0000000000000018
00000000fffffffe
00000000fffffff7
000000000000000d
00000000ffffffe2
0000000000000004
000000000000001c
0000000000000015
000000000000004b
00000000fffffffd
000000000000006f
00000000fffffff4
00000000fffffff7
00000000fffffffa
0000000000000024
0000000000000002
0000000000000000
0000000000000001
000000000000004a
00000000fffffffa
00000000ffffffda
00000000ffffffff
0000000000000015
00000000fffffff2
00000000ffffffc4
00000000fffffffe
0000000000000049
00000000fffffff1
000000000000001b
00000000fffffffa
00000000ffffffe7
0000000000000006
000000000000001c
0000000000000006
0000000000000014
00000000fffffff4
0000000000000006
0000000000000005
000000000000001c
0000000000000008
00000000ffffffd4
00000000ffffffee
00000000fffffff5
0000000000000004
00000000fffffff3
00000000fffffffd
00000000fffffffc
0000000000000005
0000000000000008
0000000000000000
00000000ffffffec
00000000fffffffb
00000000ffffffca
0000000000000008
0000000000000035
0000000000000002
0000000000000018
00000000fffffff7
0000000000000047
00000000fffffff5
00000000ffffffdc
00000000fffffffa
000000000000004c
00000000fffffffb
00000000ffffffec
0000000000000004
00000000ffffffed
0000000000000003
000000000000004d
00000000ffffffef
000000000000003a
000000000000000c
00000000fffffff2
0000000000000005
0000000000000002
00000000fffffffb
00000000ffffffb9
000000000000000d
00000000ffffffd0
0000000000000003
00000000fffffff5
0000000000000000
0000000000000011
000000000000000e
0000000000000035
0000000000000009
00000000fffffff8
00000000fffffff5
000000000000001b
0000000000000005
0000000000000036
00000000fffffff3
0000000000000002
0000000000000006
00000000ffffffcc
00000000fffffffd
0000000000000023
00000000fffffffe
00000000ffffffdf
0000000000000002
00000000ffffffde
00000000fffffffa
00000000fffffff6
000000000000000b
000000000000000e
0000000000000006
0000000000000029
0000000000000000
00000000fffffffe
00000000fffffff4
00000000fffffffd
00000000ffffffff
000000000000001d
00000000fffffff3
00000000ffffffe5
0000000000000022
000000000000000f
00000000fffffff9
00000000ffffffdf
00000000ffffffff
00000000ffffffff
0000000000000003
0000000000000031
0000000000000001
0000000000000026
00000000fffffffd
0000000000000027
00000000ffffffef
00000000ffffffff
0000000000000015
00000000ffffffdd
0000000000000003
000000000000002b
00000000ffffffff
00000000ffffffd3
00000000fffffffe
0000000000000029
00000000fffffff9
00000000ffffffef
00000000fffffff5
00000000ffffffdc
0000000000000001
0000000000000049
0000000000000001
00000000fffffffe
00000000ffffffff
0000000000000012
0000000000000011
0000000000000059
00000000fffffff8
00000000fffffff7
000000000000000e
00000000ffffffc4
00000000fffffffe
00000000ffffffda
00000000ffffffff
00000000ffffffe2
00000000fffffffa
00000000ffffffe6
00000000fffffff9
00000000fffffffc
0000000000000000
00000000ffffffee
0000000000000016
000000000000000d
0000000000000002
00000000fffffffa
00000000fffffff7
0000000000000001
00000000fffffff9
000000000000003b
00000000ffffffff
00000000fffffff2
0000000000000009
00000000ffffffc5
0000000000000008
00000000fffffffb
00000000fffffffc
0000000000000010
0000000000000007
00000000ffffffed
0000000000000009
000000000000000c
00000000fffffff0
000000000000007a
00000000fffffff4
00000000ffffffdc
000000000000000a
00000000ffffffbb
00000000fffffff5
0000000000000000
00000000fffffffd
00000000ffffffd7
0000000000000007
000000000000001e
00000000fffffffc
00000000ffffffea
0000000000000006
0000000000000020
00000000fffffff6
00000000ffffffec
0000000000000002
0000000000000021
00000000ffffffff
00000000ffffffc9
0000000000000005
0000000000000018
00000000fffffffa
0000000000000038
00000000fffffff8
00000000fffffffb
0000000000000001
00000000ffffffa8
0000000000000002
000000000000000b
00000000fffffffb
00000000ffffffec
00000000fffffff9
00000000fffffffe
0000000000000006
0000000000000000
00000000fffffffc
00000000ffffffe6
00000000fffffff4
0000000000000011
0000000000000000
00000000ffffffed
00000000fffffffb
000000000000004a
0000000000000003
00000000ffffffea
00000000fffffff5
0000000000000012
00000000fffffffe
0000000000000011
00000000fffffff9
000000000000001c
0000000000000004
00000000fffffff7
00000000fffffffc
0000000000000006
0000000000000008
00000000ffffffd6
0000000000000007
0000000000000020
0000000000000004
00000000ffffffd7
0000000000000001
00000000fffffff3
0000000000000010
00000000ffffffe3
00000000fffffffe
00000000ffffffb9
0000000000000002
00000000fffffff7
00000000fffffffb
0000000000000005
0000000000000002
00000000ffffffed
00000000fffffffa
00000000ffffffdb
0000000000000003
000000000000000d
0000000000000002
0000000000000035
000000000000000c
00000000fffffffe
00000000fffffff6
00000000ffffffed
0000000000000001
00000000fffffff1
0000000000000002
0000000000000027
0000000000000010
00000000ffffffdf
0000000000000001
0000000000000020
0000000000000010
00000000ffffffe1
0000000000000002
00000000ffffffbc
00000000fffffffb
0000000000000016
0000000000000006
0000000000000022
0000000000000007
00000000ffffffac
000000000000000c
0000000000000001
00000000fffffffe
00000000fffffffa
0000000000000000
0000000000000000
0000000000000001
00000000fffffff0
00000000fffffffc
00000000ffffffe6
0000000000000009
00000000ffffffe5
