0000000000000000
0000000000000000
0000000000000000
0000000000000000
0000000000000000
0000000000000000
0000000000000000
0000000000000000
0000000000000000
0000000000000000
0000000000000000
0000000000000000
0000000000000000
0000000000000000
0000000000000000
0000000000000000
0000000000000000
0000000000000000
0000000000000000
0000000000000000
0000000000000000
0000000000000000
0000000000000000
0000000000000000
0000000000000000
0000000000000000
0000000000000000
0000000000000000
0000000000000000
0000000000000000
0000000000000000
0000000000000000
0000000000000000
0000000000000000
0000000000000000
0000000000000000
0000000000000000
0000000000000000
0000000000000000
0000000000000000
0000000000000000
0000000000000000
0000000000000000
0000000000000000
0000000000000000
0000000000000000
0000000000000000
0000000000000000
0000000000000000
0000000000000000
0000000000000000
0000000000000000
0000000000000000
0000000000000000
0000000000000000
0000000000000000
0000000000000000
0000000000000000
0000000000000000
0000000000000000
0000000000000000
0000000000000000
0000000000000000
0000000000000000
0000000000000000
0000000000000000
0000000000000000
0000000000000000
0000000000000000
0000000000000000
0000000000000000
0000000000000000
0000000000000000
0000000000000000
0000000000000000
0000000000000000
0000000000000000
0000000000000000
0000000000000000
0000000000000000
0000000000000000
0000000000000000
0000000000000000
0000000000000000
0000000000000000
0000000000000000
0000000000000000
0000000000000000
0000000000000000
0000000000000000
0000000000000000
0000000000000000
0000000000000000
0000000000000000
0000000000000000
0000000000000000
0000000000000000
0000000000000000
0000000000000000
0000000000000000
0000000000000000
0000000000000000
0000000000000000
0000000000000000
0000000000000000
0000000000000000
0000000000000000
0000000000000000
0000000000000000
0000000000000000
0000000000000000
0000000000000000
0000000000000000
0000000000000000
0000000000000000
0000000000000000
0000000000000000
0000000000000000
0000000000000000
0000000000000000
0000000000000000
0000000000000000
0000000000000000
0000000000000000
0000000000000000
0000000000000000
0000000000000000
0000000000000000
0000000000000000
0000000000000000
0000000000000000
0000000000000000
0000000000000000
0000000000000000
0000000000000000
0000000000000000
0000000000000000
0000000000000000
0000000000000000
0000000000000000
0000000000000000
0000000000000000
0000000000000000
0000000000000000
0000000000000000
0000000000000000
0000000000000000
0000000000000000
0000000000000000
0000000000000000
0000000000000000
0000000000000000
0000000000000000
0000000000000000
0000000000000000
0000000000000000
0000000000000000
0000000000000000
0000000000000000
0000000000000000
0000000000000000
0000000000000000
0000000000000000
0000000000000000
0000000000000000
0000000000000000
0000000000000000
0000000000000000
0000000000000000
0000000000000000
0000000000000000
0000000000000000
0000000000000000
0000000000000000
0000000000000000
0000000000000000
0000000000000000
0000000000000000
0000000000000000
0000000000000000
0000000000000000
0000000000000000
0000000000000000
0000000000000000
0000000000000000
0000000000000000
0000000000000000
0000000000000000
0000000000000000
0000000000000000
0000000000000000
0000000000000000
0000000000000000
0000000000000000
0000000000000000
0000000000000000
0000000000000000
0000000000000000
0000000000000000
0000000000000000
0000000000000000
0000000000000000
0000000000000000
0000000000000000
0000000000000000
0000000000000000
0000000000000000
0000000000000000
0000000000000000
0000000000000000
0000000000000000
0000000000000000
0000000000000000
0000000000000000
0000000000000000
0000000000000000
0000000000000000
0000000000000000
0000000000000000
0000000000000000
0000000000000000
0000000000000000
0000000000000000
0000000000000000
0000000000000000
0000000000000000
0000000000000000
0000000000000000
0000000000000000
0000000000000000
0000000000000000
0000000000000000
0000000000000000
0000000000000000
0000000000000000
0000000000000000
0000000000000000
0000000000000000
0000000000000000
0000000000000000
0000000000000000
0000000000000000
0000000000000000
0000000000000000
0000000000000000
0000000000000000
0000000000000000
0000000000000000
0000000000000000
0000000000000000
0000000000000000
0000000000000000
0000000000000000
0000000000000000
0000000000000000
0000000000000000
0000000000000000
0000000000000000
0000000000000000
0000000000000000
0000000000000000
0000000000000000
0000000000000000
0000000000000000
0000000000000000
0000000000000000
0000000000000000
0000000000000000
0000000000000000
0000000000000000
0000000000000000
0000000000000000
0000000000000000
0000000000000000
0000000000000000
0000000000000000
0000000000000000
0000000000000000
0000000000000000
0000000000000000
0000000000000000
0000000000000000
0000000000000000
0000000000000000
0000000000000000
0000000000000000
0000000000000000
0000000000000000
0000000000000000
0000000000000000
0000000000000000
0000000000000000
0000000000000000
0000000000000000
0000000000000000
0000000000000000
0000000000000000
0000000000000000
0000000000000000
0000000000000000
0000000000000000
0000000000000000
0000000000000000
0000000000000000
0000000000000000
0000000000000000
0000000000000000
0000000000000000
0000000000000000
0000000000000000
0000000000000000
0000000000000000
0000000000000000
0000000000000000
0000000000000000
0000000000000000
0000000000000000
0000000000000000
0000000000000000
0000000000000000
0000000000000000
0000000000000000
0000000000000000
0000000000000000
0000000000000000
0000000000000000
0000000000000000
0000000000000000
0000000000000000
0000000000000000
0000000000000000
0000000000000000
0000000000000000
0000000000000000
0000000000000000
0000000000000000
0000000000000000
0000000000000000
0000000000000000
0000000000000000
0000000000000000
0000000000000000
0000000000000000
0000000000000000
0000000000000000
0000000000000000
0000000000000000
0000000000000000
0000000000000000
0000000000000000
0000000000000000
0000000000000000
0000000000000000
0000000000000000
0000000000000000
0000000000000000
0000000000000000
0000000000000000
0000000000000000
0000000000000000
0000000000000000
0000000000000000
0000000000000000
0000000000000000
0000000000000000
0000000000000000
0000000000000000
0000000000000000
0000000000000000
0000000000000000
0000000000000000
0000000000000000
0000000000000000
0000000000000000
0000000000000000
0000000000000000
0000000000000000
0000000000000000
0000000000000000
0000000000000000
0000000000000000
0000000000000000
0000000000000000
0000000000000000
0000000000000000
0000000000000000
0000000000000000
0000000000000000
0000000000000000
0000000000000000
0000000000000000
0000000000000000
0000000000000000
0000000000000000
0000000000000000
0000000000000000
0000000000000000
0000000000000000
0000000000000000
0000000000000000
0000000000000000
0000000000000000
0000000000000000
0000000000000000
0000000000000000
0000000000000000
0000000000000000
0000000000000000
0000000000000000
0000000000000000
0000000000000000
0000000000000000
0000000000000000
0000000000000000
0000000000000000
0000000000000000
0000000000000000
0000000000000000
0000000000000000
0000000000000000
0000000000000000
0000000000000000
0000000000000000
0000000000000000
0000000000000000
0000000000000000
0000000000000000
0000000000000000
0000000000000000
0000000000000000
0000000000000000
0000000000000000
0000000000000000
0000000000000000
0000000000000000
0000000000000000
0000000000000000
0000000000000000
0000000000000000
0000000000000000
0000000000000000
0000000000000000
0000000000000000
0000000000000000
0000000000000000
0000000000000000
0000000000000000
0000000000000000
0000000000000000
0000000000000000
0000000000000000
0000000000000000
0000000000000000
0000000000000000
0000000000000000
0000000000000000
0000000000000000
0000000000000000
0000000000000000
0000000000000000
0000000000000000
0000000000000000
0000000000000000
0000000000000000
0000000000000000
0000000000000000
0000000000000000
0000000000000000
0000000000000000
0000000000000000
0000000000000000
0000000000000000
0000000000000000
0000000000000000
0000000000000000
0000000000000000
0000000000000000
0000000000000000
0000000000000000
0000000000000000
0000000000000000
0000000000000000
0000000000000000
0000000000000000
0000000000000000
0000000000000000
0000000000000000
0000000000000000
0000000000000000
0000000000000000
0000000000000000
0000000000000000
0000000000000000
0000000000000000
0000000000000000
0000000000000000
0000000000000000
0000000000000000
0000000000000000
0000000000000000
0000000000000000
0000000000000000
0000000000000000
0000000000000000
0000000000000000
0000000000000000
0000000000000000
0000000000000000
0000000000000000
0000000000000000
0000000000000000
0000000000000000
0000000000000000
0000000000000000
0000000000000000
0000000000000000
0000000000000000
0000000000000000
0000000000000000
0000000000000000
0000000000000000
0000000000000000
0000000000000000
0000000000000000
0000000000000000
0000000000000000
0000000000000000
0000000000000000
0000000000000000
0000000000000000
0000000000000000
0000000000000000
0000000000000000
0000000000000000
0000000000000000
0000000000000000
0000000000000000
0000000000000000
0000000000000000
0000000000000000
0000000000000000
0000000000000000
0000000000000000
0000000000000000
0000000000000000
0000000000000000
0000000000000000
0000000000000000
0000000000000000
0000000000000000
0000000000000000
0000000000000000
0000000000000000
0000000000000000
0000000000000000
0000000000000000
0000000000000000
0000000000000000
0000000000000000
0000000000000000
0000000000000000
0000000000000000
0000000000000000
0000000000000000
0000000000000000
0000000000000000
0000000000000000
0000000000000000
0000000000000000
0000000000000000
0000000000000000
0000000000000000
0000000000000000
0000000000000000
0000000000000000
0000000000000000
0000000000000000
0000000000000000
0000000000000000
0000000000000000
0000000000000000
0000000000000000
0000000000000000
0000000000000000
0000000000000000
0000000000000000
0000000000000000
0000000000000000
0000000000000000
0000000000000000
0000000000000000
0000000000000000
0000000000000000
0000000000000000
0000000000000000
0000000000000000
0000000000000000
0000000000000000
0000000000000000
0000000000000000
0000000000000000
0000000000000000
0000000000000000
0000000000000000
0000000000000000
0000000000000000
0000000000000000
0000000000000000
0000000000000000
0000000000000000
0000000000000000
0000000000000000
0000000000000000
0000000000000000
0000000000000000
0000000000000000
0000000000000000
0000000000000000
0000000000000000
0000000000000000
0000000000000000
0000000000000000
0000000000000000
0000000000000000
0000000000000000
0000000000000000
0000000000000000
0000000000000000
0000000000000000
0000000000000000
0000000000000000
0000000000000000
0000000000000000
0000000000000000
0000000000000000
0000000000000000
0000000000000000
0000000000000000
0000000000000000
0000000000000000
0000000000000000
0000000000000000
0000000000000000
0000000000000000
0000000000000000
0000000000000000
0000000000000000
0000000000000000
0000000000000000
0000000000000000
0000000000000000
0000000000000000
0000000000000000
0000000000000000
0000000000000000
0000000000000000
0000000000000000
0000000000000000
0000000000000000
0000000000000000
0000000000000000
0000000000000000
0000000000000000
0000000000000000
0000000000000000
0000000000000000
0000000000000000
0000000000000000
0000000000000000
0000000000000000
0000000000000000
0000000000000000
0000000000000000
0000000000000000
0000000000000000
0000000000000000
0000000000000000
0000000000000000
0000000000000000
0000000000000000
0000000000000000
0000000000000000
0000000000000000
0000000000000000
0000000000000000
0000000000000000
0000000000000000
0000000000000000
0000000000000000
0000000000000000
0000000000000000
0000000000000000
0000000000000000
0000000000000000
0000000000000000
0000000000000000
0000000000000000
0000000000000000
0000000000000000
0000000000000000
0000000000000000
0000000000000000
0000000000000000
0000000000000000
0000000000000000
0000000000000000
0000000000000000
0000000000000000
0000000000000000
0000000000000000
0000000000000000
0000000000000000
0000000000000000
0000000000000000
0000000000000000
0000000000000000
0000000000000000
0000000000000000
0000000000000000
0000000000000000
0000000000000000
0000000000000000
0000000000000000
0000000000000000
0000000000000000
0000000000000000
0000000000000000
0000000000000000
0000000000000000
0000000000000000
0000000000000000
0000000000000000
0000000000000000
0000000000000000
0000000000000000
0000000000000000
0000000000000000
0000000000000000
0000000000000000
0000000000000000
0000000000000000
0000000000000000
0000000000000000
0000000000000000
0000000000000000
0000000000000000
0000000000000000
0000000000000000
0000000000000000
0000000000000000
0000000000000000
0000000000000000
0000000000000000
0000000000000000
0000000000000000
0000000000000000
0000000000000000
0000000000000000
0000000000000000
0000000000000000
0000000000000000
0000000000000000
0000000000000000
0000000000000000
0000000000000000
0000000000000000
0000000000000000
0000000000000000
0000000000000000
0000000000000000
0000000000000000
0000000000000000
0000000000000000
0000000000000000
0000000000000000
0000000000000000
0000000000000000
0000000000000000
0000000000000000
0000000000000000
0000000000000000
0000000000000000
0000000000000000
0000000000000000
0000000000000000
0000000000000000
0000000000000000
0000000000000000
0000000000000000
0000000000000000
0000000000000000
0000000000000000
0000000000000000
0000000000000000
0000000000000000
0000000000000000
0000000000000000
0000000000000000
0000000000000000
0000000000000000
0000000000000000
0000000000000000
0000000000000000
0000000000000000
0000000000000000
0000000000000000
0000000000000000
0000000000000000
0000000000000000
0000000000000000
0000000000000000
0000000000000000
0000000000000000
0000000000000000
0000000000000000
0000000000000000
0000000000000000
0000000000000000
0000000000000000
0000000000000000
0000000000000000
0000000000000000
0000000000000000
0000000000000000
0000000000000000
0000000000000000
0000000000000000
0000000000000000
0000000000000000
0000000000000000
0000000000000000
0000000000000000
0000000000000000
0000000000000000
0000000000000000
0000000000000000
0000000000000000
0000000000000000
0000000000000000
0000000000000000
0000000000000000
0000000000000000
0000000000000000
0000000000000000
0000000000000000
0000000000000000
0000000000000000
0000000000000000
0000000000000000
0000000000000000
0000000000000000
0000000000000000
0000000000000000
0000000000000000
0000000000000000
0000000000000000
0000000000000000
0000000000000000
0000000000000000
0000000000000000
0000000000000000
0000000000000000
0000000000000000
0000000000000000
0000000000000000
0000000000000000
0000000000000000
0000000000000000
0000000000000000
0000000000000000
0000000000000000
0000000000000000
0000000000000000
0000000000000000
0000000000000000
0000000000000000
0000000000000000
0000000000000000
0000000000000000
0000000000000000
0000000000000000
0000000000000000
0000000000000000
0000000000000000
0000000000000000
0000000000000000
0000000000000000
0000000000000000
0000000000000000
0000000000000000
0000000000000000
0000000000000000
0000000000000000
0000000000000000
0000000000000000
0000000000000000
0000000000000000
0000000000000000
0000000000000000
0000000000000000
0000000000000000
0000000000000000
0000000000000000
0000000000000000
0000000000000000
0000000000000000
0000000000000000
0000000000000000
0000000000000000
0000000000000000
0000000000000000
0000000000000000
0000000000000000
0000000000000000
0000000000000000
0000000000000000
0000000000000000
0000000000000000
0000000000000000
0000000000000000
0000000000000000
0000000000000000
0000000000000000
0000000000000000
0000000000000000
0000000000000000
0000000000000000
0000000000000000
0000000000000000
0000000000000000
0000000000000000
0000000000000000
0000000000000000
0000000000000000
0000000000000000
0000000000000000
0000000000000000
0000000000000000
0000000000000000
0000000000000000
0000000000000000
0000000000000000
0000000000000000
0000000000000000
0000000000000000
0000000000000000
0000000000000000
0000000000000000
0000000000000000
0000000000000000
0000000000000000
0000000000000000
0000000000000000
0000000000000000
0000000000000000
0000000000000000
0000000000000000
0000000000000000
0000000000000000
0000000000000000
0000000000000000
0000000000000000
0000000000000000
0000000000000000
0000000000000000
0000000000000000
0000000000000000
0000000000000000
0000000000000000
0000000000000000
0000000000000000
0000000000000000
0000000000000000
0000000000000000
0000000000000000
0000000000000000
0000000000000000
0000000000000000
0000000000000000
0000000000000000
0000000000000000
0000000000000000
0000000000000000
0000000000000000
0000000000000000
0000000000000000
0000000000000000
0000000000000000
0000000000000000
0000000000000000
0000000000000000
0000000000000000
0000000000000000
0000000000000000
0000000000000000
0000000000000000
0000000000000000
0000000000000000
0000000000000000
0000000000000000
0000000000000000
0000000000000000
0000000000000000
0000000000000000
0000000000000000
0000000000000000
0000000000000000
0000000000000000
0000000000000000
0000000000000000
0000000000000000
0000000000000000
0000000000000000
0000000000000000
0000000000000000
0000000000000000
0000000000000000
0000000000000000
0000000000000000
0000000000000000
0000000000000000
0000000000000000
0000000000000000
0000000000000000
0000000000000000
0000000000000000
0000000000000000
0000000000000000
0000000000000000
0000000000000000
0000000000000000
0000000000000000
0000000000000000
0000000000000000
0000000000000000
0000000000000000
0000000000000000
0000000000000000
0000000000000000
0000000000000000
0000000000000000
0000000000000000
0000000000000000
0000000000000000
0000000000000000
0000000000000000
0000000000000000
0000000000000000
0000000000000000
0000000000000000
0000000000000000
0000000000000000
0000000000000000
0000000000000000
0000000000000000
0000000000000000
0000000000000000
0000000000000000
0000000000000000
0000000000000000
0000000000000000
0000000000000000
0000000000000000
0000000000000000
0000000000000000
0000000000000000
0000000000000000
0000000000000000
0000000000000000
0000000000000000
0000000000000000
0000000000000000
0000000000000000
0000000000000000
0000000000000000
0000000000000000
0000000000000000
0000000000000000
0000000000000000
0000000000000000
0000000000000000
0000000000000000
0000000000000000
0000000000000000
0000000000000000
0000000000000000
0000000000000000
0000000000000000
0000000000000000
0000000000000000
0000000000000000
0000000000000000
0000000000000000
0000000000000000
0000000000000000
0000000000000000
0000000000000000
0000000000000000
0000000000000000
0000000000000000
0000000000000000
0000000000000000
0000000000000000
0000000000000000
0000000000000000
0000000000000000
0000000000000000
0000000000000000
0000000000000000
0000000000000000
0000000000000000
0000000000000000
0000000000000000
0000000000000000
0000000000000000
0000000000000000
0000000000000000
0000000000000000
0000000000000000
0000000000000000
0000000000000000
0000000000000000
0000000000000000
0000000000000000
0000000000000000
0000000000000000
0000000000000000
0000000000000000
0000000000000000
0000000000000000
0000000000000000
0000000000000000
0000000000000000
0000000000000000
0000000000000000
0000000000000000
0000000000000000
0000000000000000
0000000000000000
0000000000000000
0000000000000000
0000000000000000
0000000000000000
0000000000000000
0000000000000000
0000000000000000
0000000000000000
0000000000000000
0000000000000000
0000000000000000
0000000000000000
0000000000000000
0000000000000000
0000000000000000
0000000000000000
0000000000000000
0000000000000000
0000000000000000
0000000000000000
0000000000000000
0000000000000000
0000000000000000
0000000000000000
0000000000000000
0000000000000000
0000000000000000
0000000000000000
0000000000000000
0000000000000000
0000000000000000
0000000000000000
0000000000000000
0000000000000000
0000000000000000
0000000000000000
0000000000000000
0000000000000000
0000000000000000
0000000000000000
0000000000000000
0000000000000000
0000000000000000
0000000000000000
0000000000000000
0000000000000000
0000000000000000
0000000000000000
0000000000000000
0000000000000000
0000000000000000
0000000000000000
0000000000000000
0000000000000000
0000000000000000
0000000000000000
0000000000000000
0000000000000000
0000000000000000
0000000000000000
0000000000000000
0000000000000000
0000000000000000
0000000000000000
0000000000000000
0000000000000000
0000000000000000
0000000000000000
0000000000000000
0000000000000000
0000000000000000
0000000000000000
0000000000000000
0000000000000000
0000000000000000
0000000000000000
0000000000000000
0000000000000000
0000000000000000
0000000000000000
0000000000000000
0000000000000000
0000000000000000
0000000000000000
0000000000000000
0000000000000000
0000000000000000
0000000000000000
0000000000000000
0000000000000000
0000000000000000
0000000000000000
0000000000000000
0000000000000000
0000000000000000
0000000000000000
0000000000000000
0000000000000000
0000000000000000
0000000000000000
0000000000000000
0000000000000000
0000000000000000
0000000000000000
0000000000000000
0000000000000000
0000000000000000
0000000000000000
0000000000000000
0000000000000000
0000000000000000
0000000000000000
0000000000000000
0000000000000000
0000000000000000
0000000000000000
0000000000000000
0000000000000000
0000000000000000
0000000000000000
0000000000000000
0000000000000000
0000000000000000
0000000000000000
0000000000000000
0000000000000000
0000000000000000
0000000000000000
0000000000000000
0000000000000000
0000000000000000
0000000000000000
0000000000000000
0000000000000000
0000000000000000
0000000000000000
0000000000000000
0000000000000000
0000000000000000
0000000000000000
0000000000000000
0000000000000000
0000000000000000
0000000000000000
0000000000000000
0000000000000000
0000000000000000
0000000000000000
0000000000000000
0000000000000000
0000000000000000
0000000000000000
0000000000000000
0000000000000000
0000000000000000
0000000000000000
0000000000000000
0000000000000000
0000000000000000
0000000000000000
0000000000000000
0000000000000000
0000000000000000
0000000000000000
0000000000000000
0000000000000000
0000000000000000
0000000000000000
0000000000000000
0000000000000000
0000000000000000
0000000000000000
0000000000000000
0000000000000000
0000000000000000
0000000000000000
0000000000000000
0000000000000000
0000000000000000
0000000000000000
0000000000000000
0000000000000000
0000000000000000
0000000000000000
0000000000000000
0000000000000000
0000000000000000
0000000000000000
0000000000000000
0000000000000000
0000000000000000
0000000000000000
0000000000000000
0000000000000000
0000000000000000
0000000000000000
0000000000000000
0000000000000000
0000000000000000
0000000000000000
0000000000000000
0000000000000000
0000000000000000
0000000000000000
0000000000000000
0000000000000000
0000000000000000
0000000000000000
0000000000000000
0000000000000000
0000000000000000
0000000000000000
0000000000000000
0000000000000000
0000000000000000
0000000000000000
0000000000000000
0000000000000000
0000000000000000
0000000000000000
0000000000000000
0000000000000000
0000000000000000
0000000000000000
0000000000000000
0000000000000000
0000000000000000
0000000000000000
0000000000000000
0000000000000000
0000000000000000
0000000000000000
0000000000000000
0000000000000000
0000000000000000
0000000000000000
0000000000000000
0000000000000000
0000000000000000
0000000000000000
0000000000000000
0000000000000000
0000000000000000
0000000000000000
0000000000000000
0000000000000000
0000000000000000
0000000000000000
0000000000000000
0000000000000000
0000000000000000
0000000000000000
0000000000000000
0000000000000000
0000000000000000
0000000000000000
0000000000000000
0000000000000000
0000000000000000
0000000000000000
0000000000000000
0000000000000000
0000000000000000
0000000000000000
0000000000000000
0000000000000000
0000000000000000
0000000000000000
0000000000000000
0000000000000000
0000000000000000
0000000000000000
0000000000000000
0000000000000000
0000000000000000
0000000000000000
0000000000000000
0000000000000000
0000000000000000
0000000000000000
0000000000000000
0000000000000000
0000000000000000
0000000000000000
0000000000000000
0000000000000000
0000000000000000
0000000000000000
0000000000000000
0000000000000000
0000000000000000
0000000000000000
0000000000000000
0000000000000000
0000000000000000
0000000000000000
0000000000000000
0000000000000000
0000000000000000
0000000000000000
0000000000000000
0000000000000000
0000000000000000
0000000000000000
0000000000000000
0000000000000000
0000000000000000
0000000000000000
0000000000000000
0000000000000000
0000000000000000
0000000000000000
0000000000000000
0000000000000000
0000000000000000
0000000000000000
0000000000000000
0000000000000000
0000000000000000
0000000000000000
0000000000000000
0000000000000000
0000000000000000
0000000000000000
0000000000000000
0000000000000000
0000000000000000
0000000000000000
0000000000000000
0000000000000000
0000000000000000
0000000000000000
0000000000000000
0000000000000000
0000000000000000
0000000000000000
0000000000000000
0000000000000000
0000000000000000
0000000000000000
0000000000000000
0000000000000000
0000000000000000
0000000000000000
0000000000000000
0000000000000000
0000000000000000
0000000000000000
0000000000000000
0000000000000000
0000000000000000
0000000000000000
0000000000000000
0000000000000000
0000000000000000
0000000000000000
0000000000000000
0000000000000000
0000000000000000
0000000000000000
0000000000000000
0000000000000000
0000000000000000
0000000000000000
0000000000000000
0000000000000000
0000000000000000
0000000000000000
0000000000000000
0000000000000000
0000000000000000
0000000000000000
0000000000000000
0000000000000000
0000000000000000
0000000000000000
0000000000000000
0000000000000000
0000000000000000
0000000000000000
0000000000000000
0000000000000000
0000000000000000
0000000000000000
0000000000000000
0000000000000000
0000000000000000
0000000000000000
0000000000000000
0000000000000000
0000000000000000
0000000000000000
0000000000000000
0000000000000000
0000000000000000
0000000000000000
0000000000000000
0000000000000000
0000000000000000
0000000000000000
0000000000000000
0000000000000000
0000000000000000
0000000000000000
0000000000000000
0000000000000000
0000000000000000
0000000000000000
0000000000000000
0000000000000000
0000000000000000
0000000000000000
0000000000000000
0000000000000000
0000000000000000
0000000000000000
0000000000000000
0000000000000000
0000000000000000
0000000000000000
0000000000000000
0000000000000000
0000000000000000
0000000000000000
0000000000000000
0000000000000000
0000000000000000
0000000000000000
0000000000000000
0000000000000000
0000000000000000
0000000000000000
0000000000000000
0000000000000000
0000000000000000
0000000000000000
0000000000000000
0000000000000000
0000000000000000
0000000000000000
0000000000000000
0000000000000000
0000000000000000
0000000000000000
0000000000000000
0000000000000000
0000000000000000
0000000000000000
0000000000000000
0000000000000000
0000000000000000
0000000000000000
0000000000000000
0000000000000000
0000000000000000
0000000000000000
0000000000000000
0000000000000000
0000000000000000
0000000000000000
0000000000000000
0000000000000000
0000000000000000
0000000000000000
0000000000000000
0000000000000000
0000000000000000
0000000000000000
0000000000000000
0000000000000000
0000000000000000
0000000000000000
0000000000000000
0000000000000000
0000000000000000
0000000000000000
0000000000000000
0000000000000000
0000000000000000
0000000000000000
0000000000000000
0000000000000000
0000000000000000
0000000000000000
0000000000000000
0000000000000000
0000000000000000
0000000000000000
0000000000000000
0000000000000000
0000000000000000
0000000000000000
0000000000000000
0000000000000000
0000000000000000
0000000000000000
0000000000000000
0000000000000000
0000000000000000
0000000000000000
0000000000000000
0000000000000000
0000000000000000
0000000000000000
0000000000000000
0000000000000000
0000000000000000
0000000000000000
0000000000000000
0000000000000000
0000000000000000
0000000000000000
0000000000000000
0000000000000000
0000000000000000
0000000000000000
0000000000000000
0000000000000000
0000000000000000
0000000000000000
0000000000000000
0000000000000000
0000000000000000
0000000000000000
0000000000000000
0000000000000000
0000000000000000
0000000000000000
0000000000000000
0000000000000000
0000000000000000
0000000000000000
0000000000000000
0000000000000000
0000000000000000
0000000000000000
0000000000000000
0000000000000000
0000000000000000
0000000000000000
0000000000000000
0000000000000000
0000000000000000
0000000000000000
0000000000000000
0000000000000000
0000000000000000
0000000000000000
0000000000000000
0000000000000000
0000000000000000
0000000000000000
0000000000000000
0000000000000000
0000000000000000
0000000000000000
0000000000000000
0000000000000000
0000000000000000
0000000000000000
0000000000000000
0000000000000000
0000000000000000
0000000000000000
0000000000000000
0000000000000000
0000000000000000
0000000000000000
0000000000000000
0000000000000000
0000000000000000
0000000000000000
0000000000000000
0000000000000000
0000000000000000
0000000000000000
0000000000000000
0000000000000000
0000000000000000
0000000000000000
0000000000000000
0000000000000000
0000000000000000
0000000000000000
0000000000000000
0000000000000000
0000000000000000
0000000000000000
0000000000000000
0000000000000000
0000000000000000
0000000000000000
0000000000000000
0000000000000000
0000000000000000
0000000000000000
0000000000000000
0000000000000000
0000000000000000
0000000000000000
0000000000000000
0000000000000000
0000000000000000
0000000000000000
0000000000000000
0000000000000000
0000000000000000
0000000000000000
0000000000000000
0000000000000000
0000000000000000
0000000000000000
0000000000000000
0000000000000000
0000000000000000
0000000000000000
0000000000000000
0000000000000000
0000000000000000
0000000000000000
0000000000000000
0000000000000000
0000000000000000
0000000000000000
0000000000000000
0000000000000000
0000000000000000
0000000000000000
0000000000000000
0000000000000000
0000000000000000
0000000000000000
0000000000000000
0000000000000000
0000000000000000
0000000000000000
0000000000000000
0000000000000000
0000000000000000
0000000000000000
0000000000000000
0000000000000000
0000000000000000
0000000000000000
0000000000000000
0000000000000000
0000000000000000
0000000000000000
0000000000000000
0000000000000000
0000000000000000
0000000000000000
0000000000000000
0000000000000000
0000000000000000
0000000000000000
0000000000000000
0000000000000000
0000000000000000
0000000000000000
0000000000000000
0000000000000000
0000000000000000
0000000000000000
0000000000000000
0000000000000000
0000000000000000
0000000000000000
0000000000000000
0000000000000000
0000000000000000
0000000000000000
0000000000000000
0000000000000000
0000000000000000
0000000000000000
0000000000000000
0000000000000000
0000000000000000
0000000000000000
0000000000000000
0000000000000000
0000000000000000
0000000000000000
0000000000000000
0000000000000000
0000000000000000
0000000000000000
0000000000000000
0000000000000000
0000000000000000
0000000000000000
0000000000000000
0000000000000000
0000000000000000
0000000000000000
0000000000000000
0000000000000000
0000000000000000
0000000000000000
0000000000000000
0000000000000000
0000000000000000
0000000000000000
0000000000000000
0000000000000000
0000000000000000
0000000000000000
0000000000000000
0000000000000000
0000000000000000
0000000000000000
0000000000000000
0000000000000000
0000000000000000
0000000000000000
0000000000000000
0000000000000000
0000000000000000
0000000000000000
0000000000000000
0000000000000000
0000000000000000
0000000000000000
0000000000000000
0000000000000000
0000000000000000
0000000000000000
0000000000000000
0000000000000000
0000000000000000
0000000000000000
0000000000000000
0000000000000000
0000000000000000
0000000000000000
0000000000000000
0000000000000000
0000000000000000
0000000000000000
0000000000000000
0000000000000000
0000000000000000
0000000000000000
0000000000000000
0000000000000000
0000000000000000
0000000000000000
0000000000000000
0000000000000000
0000000000000000
0000000000000000
0000000000000000
0000000000000000
0000000000000000
0000000000000000
0000000000000000
0000000000000000
0000000000000000
0000000000000000
0000000000000000
0000000000000000
0000000000000000
0000000000000000
0000000000000000
0000000000000000
0000000000000000
0000000000000000
0000000000000000
0000000000000000
0000000000000000
0000000000000000
0000000000000000
0000000000000000
0000000000000000
0000000000000000
0000000000000000
0000000000000000
0000000000000000
0000000000000000
0000000000000000
0000000000000000
0000000000000000
0000000000000000
0000000000000000
0000000000000000
0000000000000000
0000000000000000
0000000000000000
0000000000000000
0000000000000000
0000000000000000
0000000000000000
0000000000000000
0000000000000000
0000000000000000
0000000000000000
0000000000000000
0000000000000000
0000000000000000
0000000000000000
0000000000000000
0000000000000000
0000000000000000
0000000000000000
0000000000000000
0000000000000000
0000000000000000
0000000000000000
0000000000000000
0000000000000000
0000000000000000
0000000000000000
0000000000000000
0000000000000000
0000000000000000
0000000000000000
0000000000000000
0000000000000000
0000000000000000
0000000000000000
0000000000000000
0000000000000000
0000000000000000
0000000000000000
0000000000000000
0000000000000000
0000000000000000
0000000000000000
0000000000000000
0000000000000000
0000000000000000
0000000000000000
0000000000000000
0000000000000000
0000000000000000
0000000000000000
0000000000000000
0000000000000000
0000000000000000
0000000000000000
0000000000000000
0000000000000000
0000000000000000
0000000000000000
0000000000000000
0000000000000000
0000000000000000
0000000000000000
0000000000000000
0000000000000000
0000000000000000
0000000000000000
0000000000000000
0000000000000000
0000000000000000
0000000000000000
0000000000000000
0000000000000000
0000000000000000
0000000000000000
0000000000000000
0000000000000000
0000000000000000
0000000000000000
0000000000000000
0000000000000000
0000000000000000
0000000000000000
0000000000000000
0000000000000000
0000000000000000
0000000000000000
0000000000000000
0000000000000000
0000000000000000
0000000000000000
0000000000000000
0000000000000000
0000000000000000
0000000000000000
0000000000000000
0000000000000000
0000000000000000
0000000000000000
0000000000000000
0000000000000000
0000000000000000
0000000000000000
0000000000000000
0000000000000000
0000000000000000
0000000000000000
0000000000000000
0000000000000000
0000000000000000
0000000000000000
0000000000000000
0000000000000000
0000000000000000
0000000000000000
0000000000000000
0000000000000000
0000000000000000
0000000000000000
0000000000000000
0000000000000000
0000000000000000
0000000000000000
0000000000000000
0000000000000000
0000000000000000
0000000000000000
0000000000000000
0000000000000000
0000000000000000
0000000000000000
0000000000000000
0000000000000000
0000000000000000
0000000000000000
0000000000000000
0000000000000000
0000000000000000
0000000000000000
0000000000000000
0000000000000000
0000000000000000
0000000000000000
0000000000000000
0000000000000000
0000000000000000
0000000000000000
0000000000000000
0000000000000000
0000000000000000
0000000000000000
0000000000000000
0000000000000000
0000000000000000
0000000000000000
0000000000000000
0000000000000000
0000000000000000
0000000000000000
0000000000000000
0000000000000000
0000000000000000
0000000000000000
0000000000000000
0000000000000000
0000000000000000
0000000000000000
0000000000000000
0000000000000000
0000000000000000
0000000000000000
0000000000000000
0000000000000000
0000000000000000
0000000000000000
0000000000000000
0000000000000000
0000000000000000
0000000000000000
0000000000000000
0000000000000000
0000000000000000
0000000000000000
0000000000000000
0000000000000000
0000000000000000
0000000000000000
0000000000000000
0000000000000000
0000000000000000
0000000000000000
0000000000000000
0000000000000000
0000000000000000
0000000000000000
0000000000000000
0000000000000000
0000000000000000
0000000000000000
0000000000000000
0000000000000000
0000000000000000
0000000000000000
0000000000000000
0000000000000000
0000000000000000
0000000000000000
0000000000000000
0000000000000000
0000000000000000
0000000000000000
0000000000000000
0000000000000000
0000000000000000
0000000000000000
0000000000000000
0000000000000000
0000000000000000
0000000000000000
0000000000000000
0000000000000000
0000000000000000
0000000000000000
0000000000000000
0000000000000000
0000000000000000
0000000000000000
0000000000000000
0000000000000000
0000000000000000
0000000000000000
0000000000000000
0000000000000000
0000000000000000
0000000000000000
0000000000000000
0000000000000000
0000000000000000
0000000000000000
0000000000000000
0000000000000000
0000000000000000
0000000000000000
0000000000000000
0000000000000000
0000000000000000
0000000000000000
0000000000000000
0000000000000000
0000000000000000
0000000000000000
0000000000000000
0000000000000000
0000000000000000
0000000000000000
0000000000000000
0000000000000000
0000000000000000
0000000000000000
0000000000000000
0000000000000000
0000000000000000
0000000000000000
0000000000000000
0000000000000000
0000000000000000
0000000000000000
0000000000000000
0000000000000000
0000000000000000
0000000000000000
0000000000000000
0000000000000000
0000000000000000
0000000000000000
0000000000000000
0000000000000000
0000000000000000
0000000000000000
0000000000000000
0000000000000000
0000000000000000
0000000000000000
0000000000000000
0000000000000000
0000000000000000
0000000000000000
0000000000000000
0000000000000000
0000000000000000
0000000000000000
0000000000000000
0000000000000000
0000000000000000
0000000000000000
0000000000000000
0000000000000000
0000000000000000
0000000000000000
0000000000000000
0000000000000000
0000000000000000
0000000000000000
0000000000000000
0000000000000000
0000000000000000
0000000000000000
0000000000000000
0000000000000000
0000000000000000
0000000000000000
0000000000000000
0000000000000000
0000000000000000
0000000000000000
0000000000000000
0000000000000000
0000000000000000
0000000000000000
0000000000000000
0000000000000000
0000000000000000
0000000000000000
0000000000000000
0000000000000000
0000000000000000
0000000000000000
0000000000000000
0000000000000000
0000000000000000
0000000000000000
0000000000000000
0000000000000000
0000000000000000
0000000000000000
0000000000000000
0000000000000000
0000000000000000
0000000000000000
0000000000000000
0000000000000000
0000000000000000
0000000000000000
0000000000000000
0000000000000000
0000000000000000
0000000000000000
0000000000000000
0000000000000000
0000000000000000
0000000000000000
0000000000000000
0000000000000000
0000000000000000
0000000000000000
0000000000000000
0000000000000000
0000000000000000
0000000000000000
0000000000000000
0000000000000000
0000000000000000
0000000000000000
0000000000000000
0000000000000000
0000000000000000
0000000000000000
0000000000000000
0000000000000000
0000000000000000
0000000000000000
0000000000000000
0000000000000000
0000000000000000
0000000000000000
0000000000000000
0000000000000000
0000000000000000
0000000000000000
0000000000000000
0000000000000000
0000000000000000
0000000000000000
0000000000000000
0000000000000000
0000000000000000
0000000000000000
0000000000000000
0000000000000000
0000000000000000
0000000000000000
0000000000000000
0000000000000000
0000000000000000
0000000000000000
0000000000000000
0000000000000000
0000000000000000
0000000000000000
0000000000000000
0000000000000000
0000000000000000
0000000000000000
0000000000000000
0000000000000000
0000000000000000
0000000000000000
0000000000000000
0000000000000000
0000000000000000
0000000000000000
0000000000000000
0000000000000000
0000000000000000
0000000000000000
0000000000000000
0000000000000000
0000000000000000
0000000000000000
0000000000000000
0000000000000000
0000000000000000
0000000000000000
0000000000000000
0000000000000000
0000000000000000
0000000000000000
0000000000000000
0000000000000000
0000000000000000
0000000000000000
0000000000000000
0000000000000000
0000000000000000
0000000000000000
0000000000000000
0000000000000000
0000000000000000
0000000000000000
0000000000000000
0000000000000000
0000000000000000
0000000000000000
0000000000000000
0000000000000000
0000000000000000
0000000000000000
0000000000000000
0000000000000000
0000000000000000
0000000000000000
0000000000000000
0000000000000000
0000000000000000
0000000000000000
0000000000000000
0000000000000000
0000000000000000
0000000000000000
0000000000000000
0000000000000000
0000000000000000
0000000000000000
0000000000000000
0000000000000000
0000000000000000
0000000000000000
0000000000000000
0000000000000000
0000000000000000
0000000000000000
0000000000000000
0000000000000000
0000000000000000
0000000000000000
0000000000000000
0000000000000000
0000000000000000
0000000000000000
0000000000000000
0000000000000000
0000000000000000
0000000000000000
0000000000000000
0000000000000000
0000000000000000
0000000000000000
0000000000000000
0000000000000000
0000000000000000
0000000000000000
0000000000000000
0000000000000000
0000000000000000
0000000000000000
0000000000000000
0000000000000000
0000000000000000
0000000000000000
0000000000000000
0000000000000000
0000000000000000
0000000000000000
0000000000000000
0000000000000000
0000000000000000
0000000000000000
0000000000000000
0000000000000000
0000000000000000
0000000000000000
0000000000000000
0000000000000000
0000000000000000
0000000000000000
0000000000000000
0000000000000000
0000000000000000
0000000000000000
0000000000000000
0000000000000000
0000000000000000
0000000000000000
0000000000000000
0000000000000000
0000000000000000
0000000000000000
0000000000000000
0000000000000000
0000000000000000
0000000000000000
0000000000000000
0000000000000000
0000000000000000
0000000000000000
0000000000000000
0000000000000000
0000000000000000
0000000000000000
0000000000000000
0000000000000000
0000000000000000
0000000000000000
0000000000000000
0000000000000000
0000000000000000
0000000000000000
0000000000000000
0000000000000000
0000000000000000
0000000000000000
0000000000000000
0000000000000000
0000000000000000
0000000000000000
0000000000000000
0000000000000000
0000000000000000
0000000000000000
0000000000000000
0000000000000000
0000000000000000
0000000000000000
0000000000000000
0000000000000000
0000000000000000
0000000000000000
0000000000000000
0000000000000000
0000000000000000
0000000000000000
0000000000000000
0000000000000000
0000000000000000
0000000000000000
0000000000000000
0000000000000000
0000000000000000
0000000000000000
0000000000000000
0000000000000000
0000000000000000
0000000000000000
0000000000000000
0000000000000000
0000000000000000
0000000000000000
0000000000000000
0000000000000000
0000000000000000
0000000000000000
0000000000000000
0000000000000000
0000000000000000
0000000000000000
0000000000000000
0000000000000000
0000000000000000
0000000000000000
0000000000000000
0000000000000000
0000000000000000
0000000000000000
0000000000000000
0000000000000000
0000000000000000
0000000000000000
0000000000000000
0000000000000000
0000000000000000
0000000000000000
0000000000000000
0000000000000000
0000000000000000
0000000000000000
0000000000000000
0000000000000000
0000000000000000
0000000000000000
0000000000000000
0000000000000000
0000000000000000
0000000000000000
0000000000000000
0000000000000000
0000000000000000
0000000000000000
0000000000000000
0000000000000000
0000000000000000
0000000000000000
0000000000000000
0000000000000000
0000000000000000
0000000000000000
0000000000000000
0000000000000000
0000000000000000
0000000000000000
0000000000000000
0000000000000000
0000000000000000
0000000000000000
0000000000000000
0000000000000000
0000000000000000
0000000000000000
0000000000000000
0000000000000000
0000000000000000
0000000000000000
0000000000000000
0000000000000000
0000000000000000
0000000000000000
0000000000000000
0000000000000000
0000000000000000
0000000000000000
0000000000000000
0000000000000000
0000000000000000
0000000000000000
0000000000000000
0000000000000000
0000000000000000
0000000000000000
0000000000000000
0000000000000000
0000000000000000
0000000000000000
0000000000000000
0000000000000000
0000000000000000
0000000000000000
0000000000000000
0000000000000000
0000000000000000
0000000000000000
0000000000000000
0000000000000000
0000000000000000
0000000000000000
0000000000000000
0000000000000000
0000000000000000
0000000000000000
0000000000000000
0000000000000000
0000000000000000
0000000000000000
0000000000000000
0000000000000000
0000000000000000
0000000000000000
0000000000000000
0000000000000000
0000000000000000
0000000000000000
0000000000000000
0000000000000000
0000000000000000
0000000000000000
0000000000000000
0000000000000000
0000000000000000
0000000000000000
0000000000000000
0000000000000000
0000000000000000
0000000000000000
0000000000000000
0000000000000000
0000000000000000
0000000000000000
0000000000000000
0000000000000000
0000000000000000
0000000000000000
0000000000000000
0000000000000000
0000000000000000
0000000000000000
0000000000000000
0000000000000000
0000000000000000
0000000000000000
0000000000000000
0000000000000000
0000000000000000
0000000000000000
0000000000000000
0000000000000000
0000000000000000
0000000000000000
0000000000000000
0000000000000000
0000000000000000
0000000000000000
0000000000000000
0000000000000000
0000000000000000
0000000000000000
0000000000000000
0000000000000000
0000000000000000
0000000000000000
0000000000000000
0000000000000000
0000000000000000
0000000000000000
0000000000000000
0000000000000000
0000000000000000
0000000000000000
0000000000000000
0000000000000000
0000000000000000
0000000000000000
0000000000000000
0000000000000000
0000000000000000
0000000000000000
0000000000000000
0000000000000000
0000000000000000
0000000000000000
0000000000000000
0000000000000000
0000000000000000
0000000000000000
0000000000000000
0000000000000000
0000000000000000
0000000000000000
0000000000000000
0000000000000000
0000000000000000
0000000000000000
0000000000000000
0000000000000000
0000000000000000
0000000000000000
0000000000000000
0000000000000000
0000000000000000
0000000000000000
0000000000000000
0000000000000000
0000000000000000
0000000000000000
0000000000000000
0000000000000000
0000000000000000
0000000000000000
0000000000000000
0000000000000000
0000000000000000
0000000000000000
0000000000000000
0000000000000000
0000000000000000
0000000000000000
0000000000000000
0000000000000000
0000000000000000
0000000000000000
0000000000000000
0000000000000000
0000000000000000
0000000000000000
0000000000000000
0000000000000000
0000000000000000
0000000000000000
0000000000000000
0000000000000000
0000000000000000
0000000000000000
0000000000000000
0000000000000000
0000000000000000
0000000000000000
0000000000000000
0000000000000000
0000000000000000
0000000000000000
0000000000000000
0000000000000000
0000000000000000
0000000000000000
0000000000000000
0000000000000000
0000000000000000
0000000000000000
0000000000000000
0000000000000000
0000000000000000
0000000000000000
0000000000000000
0000000000000000
0000000000000000
0000000000000000
0000000000000000
0000000000000000
0000000000000000
0000000000000000
0000000000000000
0000000000000000
0000000000000000
0000000000000000
0000000000000000
0000000000000000
0000000000000000
0000000000000000
0000000000000000
0000000000000000
0000000000000000
0000000000000000
0000000000000000
0000000000000000
0000000000000000
0000000000000000
0000000000000000
0000000000000000
0000000000000000
0000000000000000
0000000000000000
0000000000000000
0000000000000000
0000000000000000
0000000000000000
0000000000000000
0000000000000000
0000000000000000
0000000000000000
0000000000000000
0000000000000000
0000000000000000
0000000000000000
0000000000000000
0000000000000000
0000000000000000
0000000000000000
0000000000000000
0000000000000000
0000000000000000
0000000000000000
0000000000000000
0000000000000000
0000000000000000
0000000000000000
0000000000000000
0000000000000000
0000000000000000
0000000000000000
0000000000000000
0000000000000000
0000000000000000
0000000000000000
0000000000000000
0000000000000000
0000000000000000
0000000000000000
0000000000000000
0000000000000000
0000000000000000
0000000000000000
0000000000000000
0000000000000000
0000000000000000
0000000000000000
0000000000000000
0000000000000000
0000000000000000
0000000000000000
0000000000000000
0000000000000000
0000000000000000
0000000000000000
0000000000000000
0000000000000000
0000000000000000
0000000000000000
0000000000000000
0000000000000000
0000000000000000
0000000000000000
0000000000000000
0000000000000000
0000000000000000
0000000000000000
0000000000000000
0000000000000000
0000000000000000
0000000000000000
0000000000000000
0000000000000000
0000000000000000
0000000000000000
0000000000000000
0000000000000000
0000000000000000
0000000000000000
0000000000000000
0000000000000000
0000000000000000
0000000000000000
0000000000000000
0000000000000000
0000000000000000
0000000000000000
0000000000000000
0000000000000000
0000000000000000
0000000000000000
0000000000000000
0000000000000000
0000000000000000
0000000000000000
0000000000000000
0000000000000000
0000000000000000
0000000000000000
0000000000000000
0000000000000000
0000000000000000
0000000000000000
0000000000000000
0000000000000000
0000000000000000
0000000000000000
0000000000000000
0000000000000000
0000000000000000
0000000000000000
0000000000000000
0000000000000000
0000000000000000
0000000000000000
0000000000000000
0000000000000000
0000000000000000
0000000000000000
0000000000000000
0000000000000000
0000000000000000
0000000000000000
0000000000000000
0000000000000000
0000000000000000
0000000000000000
0000000000000000
0000000000000000
0000000000000000
0000000000000000
0000000000000000
0000000000000000
0000000000000000
0000000000000000
0000000000000000
0000000000000000
0000000000000000
0000000000000000
0000000000000000
0000000000000000
0000000000000000
0000000000000000
0000000000000000
0000000000000000
0000000000000000
0000000000000000
0000000000000000
0000000000000000
0000000000000000
0000000000000000
0000000000000000
0000000000000000
0000000000000000
0000000000000000
0000000000000000
0000000000000000
0000000000000000
0000000000000000
0000000000000000
0000000000000000
0000000000000000
0000000000000000
0000000000000000
0000000000000000
0000000000000000
0000000000000000
0000000000000000
0000000000000000
0000000000000000
0000000000000000
0000000000000000
0000000000000000
0000000000000000
0000000000000000
0000000000000000
0000000000000000
0000000000000000
0000000000000000
0000000000000000
0000000000000000
0000000000000000
0000000000000000
0000000000000000
0000000000000000
0000000000000000
0000000000000000
0000000000000000
0000000000000000
0000000000000000
0000000000000000
0000000000000000
0000000000000000
0000000000000000
0000000000000000
0000000000000000
0000000000000000
0000000000000000
0000000000000000
0000000000000000
0000000000000000
0000000000000000
0000000000000000
0000000000000000
0000000000000000
0000000000000000
0000000000000000
0000000000000000
0000000000000000
0000000000000000
0000000000000000
0000000000000000
0000000000000000
0000000000000000
0000000000000000
0000000000000000
0000000000000000
0000000000000000
0000000000000000
0000000000000000
0000000000000000
0000000000000000
0000000000000000
0000000000000000
0000000000000000
0000000000000000
0000000000000000
0000000000000000
0000000000000000
0000000000000000
0000000000000000
0000000000000000
0000000000000000
0000000000000000
0000000000000000
0000000000000000
0000000000000000
0000000000000000
0000000000000000
0000000000000000
0000000000000000
0000000000000000
0000000000000000
0000000000000000
0000000000000000
0000000000000000
0000000000000000
0000000000000000
0000000000000000
0000000000000000
0000000000000000
0000000000000000
0000000000000000
0000000000000000
0000000000000000
0000000000000000
0000000000000000
0000000000000000
0000000000000000
0000000000000000
0000000000000000
0000000000000000
0000000000000000
0000000000000000
0000000000000000
0000000000000000
0000000000000000
0000000000000000
0000000000000000
0000000000000000
0000000000000000
0000000000000000
0000000000000000
0000000000000000
0000000000000000
0000000000000000
0000000000000000
0000000000000000
0000000000000000
0000000000000000
0000000000000000
0000000000000000
0000000000000000
0000000000000000
0000000000000000
0000000000000000
0000000000000000
0000000000000000
0000000000000000
0000000000000000
0000000000000000
0000000000000000
0000000000000000
0000000000000000
0000000000000000
0000000000000000
0000000000000000
0000000000000000
0000000000000000
0000000000000000
0000000000000000
0000000000000000
0000000000000000
0000000000000000
0000000000000000
0000000000000000
0000000000000000
0000000000000000
0000000000000000
0000000000000000
0000000000000000
0000000000000000
0000000000000000
0000000000000000
0000000000000000
0000000000000000
0000000000000000
0000000000000000
0000000000000000
0000000000000000
0000000000000000
0000000000000000
0000000000000000
0000000000000000
0000000000000000
0000000000000000
0000000000000000
0000000000000000
0000000000000000
0000000000000000
0000000000000000
0000000000000000
0000000000000000
0000000000000000
0000000000000000
0000000000000000
0000000000000000
0000000000000000
0000000000000000
0000000000000000
0000000000000000
0000000000000000
0000000000000000
0000000000000000
0000000000000000
0000000000000000
0000000000000000
0000000000000000
0000000000000000
0000000000000000
0000000000000000
0000000000000000
0000000000000000
0000000000000000
0000000000000000
0000000000000000
0000000000000000
0000000000000000
0000000000000000
0000000000000000
0000000000000000
0000000000000000
0000000000000000
0000000000000000
0000000000000000
0000000000000000
0000000000000000
0000000000000000
0000000000000000
0000000000000000
0000000000000000
0000000000000000
0000000000000000
0000000000000000
0000000000000000
0000000000000000
0000000000000000
0000000000000000
0000000000000000
0000000000000000
0000000000000000
0000000000000000
0000000000000000
0000000000000000
0000000000000000
0000000000000000
0000000000000000
0000000000000000
0000000000000000
0000000000000000
0000000000000000
0000000000000000
0000000000000000
0000000000000000
0000000000000000
0000000000000000
0000000000000000
0000000000000000
0000000000000000
0000000000000000
0000000000000000
0000000000000000
0000000000000000
0000000000000000
0000000000000000
0000000000000000
0000000000000000
0000000000000000
0000000000000000
0000000000000000
0000000000000000
0000000000000000
0000000000000000
0000000000000000
0000000000000000
0000000000000000
0000000000000000
0000000000000000
0000000000000000
0000000000000000
0000000000000000
0000000000000000
0000000000000000
0000000000000000
0000000000000000
0000000000000000
0000000000000000
0000000000000000
0000000000000000
0000000000000000
0000000000000000
0000000000000000
0000000000000000
0000000000000000
0000000000000000
0000000000000000
0000000000000000
0000000000000000
0000000000000000
0000000000000000
0000000000000000
0000000000000000
0000000000000000
0000000000000000
0000000000000000
0000000000000000
0000000000000000
0000000000000000
0000000000000000
0000000000000000
0000000000000000
0000000000000000
0000000000000000
0000000000000000
0000000000000000
0000000000000000
0000000000000000
0000000000000000
0000000000000000
0000000000000000
0000000000000000
0000000000000000
0000000000000000
0000000000000000
0000000000000000
0000000000000000
0000000000000000
0000000000000000
0000000000000000
0000000000000000
0000000000000000
0000000000000000
0000000000000000
0000000000000000
0000000000000000
0000000000000000
0000000000000000
0000000000000000
0000000000000000
0000000000000000
0000000000000000
0000000000000000
0000000000000000
0000000000000000
0000000000000000
0000000000000000
0000000000000000
0000000000000000
0000000000000000
0000000000000000
0000000000000000
0000000000000000
0000000000000000
0000000000000000
0000000000000000
0000000000000000
0000000000000000
0000000000000000
0000000000000000
0000000000000000
0000000000000000
0000000000000000
0000000000000000
0000000000000000
0000000000000000
0000000000000000
0000000000000000
0000000000000000
0000000000000000
0000000000000000
0000000000000000
0000000000000000
0000000000000000
0000000000000000
0000000000000000
0000000000000000
0000000000000000
0000000000000000
0000000000000000
0000000000000000
0000000000000000
0000000000000000
0000000000000000
0000000000000000
0000000000000000
0000000000000000
0000000000000000
0000000000000000
0000000000000000
0000000000000000
0000000000000000
0000000000000000
0000000000000000
0000000000000000
0000000000000000
0000000000000000
0000000000000000
0000000000000000
0000000000000000
0000000000000000
0000000000000000
0000000000000000
0000000000000000
0000000000000000
0000000000000000
0000000000000000
0000000000000000
0000000000000000
0000000000000000
0000000000000000
0000000000000000
0000000000000000
0000000000000000
0000000000000000
0000000000000000
0000000000000000
0000000000000000
0000000000000000
0000000000000000
0000000000000000
0000000000000000
0000000000000000
0000000000000000
0000000000000000
0000000000000000
0000000000000000
0000000000000000
0000000000000000
0000000000000000
0000000000000000
0000000000000000
0000000000000000
0000000000000000
0000000000000000
0000000000000000
0000000000000000
0000000000000000
0000000000000000
0000000000000000
0000000000000000
0000000000000000
0000000000000000
0000000000000000
0000000000000000
0000000000000000
0000000000000000
0000000000000000
0000000000000000
0000000000000000
0000000000000000
0000000000000000
0000000000000000
0000000000000000
0000000000000000
0000000000000000
0000000000000000
0000000000000000
0000000000000000
0000000000000000
0000000000000000
0000000000000000
0000000000000000
0000000000000000
0000000000000000
0000000000000000
0000000000000000
0000000000000000
0000000000000000
0000000000000000
0000000000000000
0000000000000000
0000000000000000
0000000000000000
0000000000000000
0000000000000000
0000000000000000
0000000000000000
0000000000000000
0000000000000000
0000000000000000
0000000000000000
0000000000000000
0000000000000000
0000000000000000
0000000000000000
0000000000000000
0000000000000000
0000000000000000
0000000000000000
0000000000000000
0000000000000000
0000000000000000
0000000000000000
0000000000000000
0000000000000000
0000000000000000
0000000000000000
0000000000000000
0000000000000000
0000000000000000
0000000000000000
0000000000000000
0000000000000000
0000000000000000
0000000000000000
0000000000000000
0000000000000000
0000000000000000
0000000000000000
0000000000000000
0000000000000000
0000000000000000
0000000000000000
0000000000000000
0000000000000000
0000000000000000
0000000000000000
0000000000000000
0000000000000000
0000000000000000
0000000000000000
0000000000000000
0000000000000000
0000000000000000
0000000000000000
0000000000000000
0000000000000000
0000000000000000
0000000000000000
0000000000000000
0000000000000000
0000000000000000
0000000000000000
0000000000000000
0000000000000000
0000000000000000
0000000000000000
0000000000000000
0000000000000000
0000000000000000
0000000000000000
0000000000000000
0000000000000000
0000000000000000
0000000000000000
0000000000000000
0000000000000000
0000000000000000
0000000000000000
0000000000000000
0000000000000000
0000000000000000
0000000000000000
0000000000000000
0000000000000000
0000000000000000
0000000000000000
0000000000000000
0000000000000000
0000000000000000
0000000000000000
0000000000000000
0000000000000000
0000000000000000
0000000000000000
0000000000000000
0000000000000000
0000000000000000
0000000000000000
0000000000000000
0000000000000000
0000000000000000
0000000000000000
0000000000000000
0000000000000000
0000000000000000
0000000000000000
0000000000000000
0000000000000000
0000000000000000
0000000000000000
0000000000000000
0000000000000000
0000000000000000
0000000000000000
0000000000000000
0000000000000000
0000000000000000
0000000000000000
0000000000000000
0000000000000000
0000000000000000
0000000000000000
0000000000000000
0000000000000000
0000000000000000
0000000000000000
0000000000000000
0000000000000000
0000000000000000
0000000000000000
0000000000000000
0000000000000000
0000000000000000
0000000000000000
0000000000000000
0000000000000000
0000000000000000
0000000000000000
0000000000000000
0000000000000000
0000000000000000
0000000000000000
0000000000000000
0000000000000000
0000000000000000
0000000000000000
0000000000000000
0000000000000000
0000000000000000
0000000000000000
0000000000000000
0000000000000000
0000000000000000
0000000000000000
0000000000000000
0000000000000000
0000000000000000
0000000000000000
0000000000000000
0000000000000000
0000000000000000
0000000000000000
0000000000000000
0000000000000000
0000000000000000
0000000000000000
0000000000000000
0000000000000000
0000000000000000
0000000000000000
0000000000000000
0000000000000000
0000000000000000
0000000000000000
0000000000000000
0000000000000000
0000000000000000
0000000000000000
0000000000000000
0000000000000000
0000000000000000
0000000000000000
0000000000000000
0000000000000000
0000000000000000
0000000000000000
0000000000000000
0000000000000000
0000000000000000
0000000000000000
0000000000000000
0000000000000000
0000000000000000
0000000000000000
0000000000000000
0000000000000000
0000000000000000
0000000000000000
0000000000000000
0000000000000000
0000000000000000
0000000000000000
0000000000000000
0000000000000000
0000000000000000
0000000000000000
0000000000000000
0000000000000000
0000000000000000
0000000000000000
0000000000000000
0000000000000000
0000000000000000
0000000000000000
0000000000000000
0000000000000000
0000000000000000
0000000000000000
0000000000000000
0000000000000000
0000000000000000
0000000000000000
0000000000000000
0000000000000000
0000000000000000
0000000000000000
0000000000000000
0000000000000000
0000000000000000
0000000000000000
0000000000000000
0000000000000000
0000000000000000
0000000000000000
0000000000000000
0000000000000000
0000000000000000
0000000000000000
0000000000000000
0000000000000000
0000000000000000
0000000000000000
0000000000000000
0000000000000000
0000000000000000
0000000000000000
0000000000000000
0000000000000000
0000000000000000
0000000000000000
0000000000000000
0000000000000000
0000000000000000
0000000000000000
0000000000000000
0000000000000000
0000000000000000
0000000000000000
0000000000000000
0000000000000000
0000000000000000
0000000000000000
0000000000000000
0000000000000000
0000000000000000
0000000000000000
0000000000000000
0000000000000000
0000000000000000
0000000000000000
0000000000000000
0000000000000000
0000000000000000
0000000000000000
0000000000000000
0000000000000000
0000000000000000
0000000000000000
0000000000000000
0000000000000000
0000000000000000
0000000000000000
0000000000000000
0000000000000000
0000000000000000
0000000000000000
0000000000000000
0000000000000000
0000000000000000
0000000000000000
0000000000000000
0000000000000000
0000000000000000
0000000000000000
0000000000000000
0000000000000000
0000000000000000
0000000000000000
0000000000000000
0000000000000000
0000000000000000
0000000000000000
0000000000000000
0000000000000000
0000000000000000
0000000000000000
0000000000000000
0000000000000000
0000000000000000
0000000000000000
0000000000000000
0000000000000000
0000000000000000
0000000000000000
0000000000000000
0000000000000000
0000000000000000
0000000000000000
0000000000000000
0000000000000000
0000000000000000
0000000000000000
0000000000000000
0000000000000000
0000000000000000
0000000000000000
0000000000000000
0000000000000000
0000000000000000
0000000000000000
0000000000000000
0000000000000000
0000000000000000
0000000000000000
0000000000000000
0000000000000000
0000000000000000
0000000000000000
0000000000000000
0000000000000000
0000000000000000
0000000000000000
0000000000000000
0000000000000000
0000000000000000
0000000000000000
0000000000000000
0000000000000000
0000000000000000
0000000000000000
0000000000000000
0000000000000000
0000000000000000
0000000000000000
0000000000000000
0000000000000000
0000000000000000
0000000000000000
0000000000000000
0000000000000000
0000000000000000
0000000000000000
0000000000000000
0000000000000000
0000000000000000
0000000000000000
0000000000000000
0000000000000000
0000000000000000
0000000000000000
0000000000000000
0000000000000000
0000000000000000
0000000000000000
0000000000000000
0000000000000000
0000000000000000
0000000000000000
0000000000000000
0000000000000000
0000000000000000
0000000000000000
0000000000000000
0000000000000000
0000000000000000
0000000000000000
0000000000000000
0000000000000000
0000000000000000
0000000000000000
0000000000000000
0000000000000000
0000000000000000
0000000000000000
0000000000000000
0000000000000000
0000000000000000
0000000000000000
0000000000000000
0000000000000000
0000000000000000
0000000000000000
0000000000000000
0000000000000000
0000000000000000
0000000000000000
0000000000000000
0000000000000000
0000000000000000
0000000000000000
0000000000000000
0000000000000000
0000000000000000
0000000000000000
0000000000000000
0000000000000000
0000000000000000
0000000000000000
0000000000000000
0000000000000000
0000000000000000
0000000000000000
0000000000000000
0000000000000000
0000000000000000
0000000000000000
0000000000000000
0000000000000000
0000000000000000
0000000000000000
0000000000000000
0000000000000000
0000000000000000
0000000000000000
0000000000000000
0000000000000000
0000000000000000
0000000000000000
0000000000000000
0000000000000000
0000000000000000
0000000000000000
0000000000000000
0000000000000000
0000000000000000
0000000000000000
0000000000000000
0000000000000000
0000000000000000
0000000000000000
0000000000000000
0000000000000000
0000000000000000
0000000000000000
0000000000000000
0000000000000000
0000000000000000
0000000000000000
0000000000000000
0000000000000000
0000000000000000
0000000000000000
0000000000000000
0000000000000000
0000000000000000
0000000000000000
0000000000000000
0000000000000000
0000000000000000
0000000000000000
0000000000000000
0000000000000000
0000000000000000
0000000000000000
0000000000000000
0000000000000000
0000000000000000
0000000000000000
0000000000000000
0000000000000000
0000000000000000
0000000000000000
0000000000000000
0000000000000000
0000000000000000
0000000000000000
0000000000000000
0000000000000000
0000000000000000
0000000000000000
0000000000000000
0000000000000000
0000000000000000
0000000000000000
0000000000000000
0000000000000000
0000000000000000
0000000000000000
0000000000000000
0000000000000000
0000000000000000
0000000000000000
0000000000000000
0000000000000000
0000000000000000
0000000000000000
0000000000000000
0000000000000000
0000000000000000
0000000000000000
0000000000000000
0000000000000000
0000000000000000
0000000000000000
0000000000000000
0000000000000000
0000000000000000
0000000000000000
0000000000000000
0000000000000000
0000000000000000
0000000000000000
0000000000000000
0000000000000000
0000000000000000
0000000000000000
0000000000000000
0000000000000000
0000000000000000
0000000000000000
0000000000000000
0000000000000000
0000000000000000
0000000000000000
0000000000000000
0000000000000000
0000000000000000
0000000000000000
0000000000000000
0000000000000000
0000000000000000
0000000000000000
0000000000000000
0000000000000000
0000000000000000
0000000000000000
0000000000000000
0000000000000000
0000000000000000
0000000000000000
0000000000000000
0000000000000000
0000000000000000
0000000000000000
0000000000000000
0000000000000000
0000000000000000
0000000000000000
0000000000000000
0000000000000000
0000000000000000
0000000000000000
0000000000000000
0000000000000000
0000000000000000
0000000000000000
0000000000000000
0000000000000000
0000000000000000
0000000000000000
0000000000000000
0000000000000000
0000000000000000
0000000000000000
0000000000000000
0000000000000000
0000000000000000
0000000000000000
0000000000000000
0000000000000000
0000000000000000
0000000000000000
0000000000000000
0000000000000000
0000000000000000
0000000000000000
0000000000000000
0000000000000000
0000000000000000
0000000000000000
0000000000000000
0000000000000000
0000000000000000
0000000000000000
0000000000000000
0000000000000000
0000000000000000
0000000000000000
0000000000000000
0000000000000000
0000000000000000
0000000000000000
0000000000000000
0000000000000000
0000000000000000
0000000000000000
0000000000000000
0000000000000000
0000000000000000
0000000000000000
0000000000000000
0000000000000000
0000000000000000
0000000000000000
0000000000000000
0000000000000000
0000000000000000
0000000000000000
0000000000000000
0000000000000000
0000000000000000
0000000000000000
0000000000000000
0000000000000000
0000000000000000
0000000000000000
0000000000000000
0000000000000000
0000000000000000
0000000000000000
0000000000000000
0000000000000000
0000000000000000
0000000000000000
0000000000000000
0000000000000000
0000000000000000
0000000000000000
0000000000000000
0000000000000000
0000000000000000
0000000000000000
0000000000000000
0000000000000000
0000000000000000
0000000000000000
0000000000000000
0000000000000000
0000000000000000
0000000000000000
0000000000000000
0000000000000000
0000000000000000
0000000000000000
0000000000000000
0000000000000000
0000000000000000
0000000000000000
0000000000000000
0000000000000000
0000000000000000
0000000000000000
0000000000000000
0000000000000000
0000000000000000
0000000000000000
0000000000000000
0000000000000000
0000000000000000
0000000000000000
0000000000000000
0000000000000000
0000000000000000
0000000000000000
0000000000000000
0000000000000000
0000000000000000
0000000000000000
0000000000000000
0000000000000000
0000000000000000
0000000000000000
0000000000000000
0000000000000000
0000000000000000
0000000000000000
0000000000000000
0000000000000000
0000000000000000
0000000000000000
0000000000000000
0000000000000000
0000000000000000
0000000000000000
0000000000000000
0000000000007fff
0000000000000000
0000000000000000
0000000000000000
0000000000000000
0000000000000000
0000000000000000
0000000000000000
0000000000000000
0000000000000000
0000000000000000
0000000000000000
0000000000000000
0000000000000000
0000000000000000
0000000000000000
0000000000000000
0000000000000000
0000000000000000
0000000000000000
0000000000000000
0000000000000000
0000000000000000
0000000000000000
0000000000000000
0000000000000000
0000000000000000
0000000000000000
0000000000000000
0000000000000000
0000000000000000
0000000000000000
0000000000000000
0000000000000000
0000000000000000
0000000000000000
0000000000000000
0000000000000000
0000000000000000
0000000000000000
0000000000000000
0000000000000000
0000000000000000
0000000000000000
0000000000000000
0000000000000000
0000000000000000
0000000000000000
0000000000000000
0000000000000000
0000000000000000
0000000000000000
0000000000000000
0000000000000000
0000000000000000
0000000000000000
0000000000000000
0000000000000000
0000000000000000
0000000000000000
0000000000000000
0000000000000000
0000000000000000
0000000000000000
0000000000000000
0000000000000000
0000000000000000
0000000000000000
0000000000000000
0000000000000000
0000000000000000
0000000000000000
0000000000000000
0000000000000000
0000000000000000
0000000000000000
0000000000000000
0000000000000000
0000000000000000
0000000000000000
0000000000000000
0000000000000000
0000000000000000
0000000000000000
0000000000000000
0000000000000000
0000000000000000
0000000000000000
0000000000000000
0000000000000000
0000000000000000
0000000000000000
0000000000000000
0000000000000000
0000000000000000
0000000000000000
0000000000000000
0000000000000000
0000000000000000
0000000000000000
0000000000000000
0000000000000000
0000000000000000
0000000000000000
0000000000000000
0000000000000000
0000000000000000
0000000000000000
0000000000000000
0000000000000000
0000000000000000
0000000000000000
0000000000000000
0000000000000000
0000000000000000
0000000000000000
0000000000000000
0000000000000000
0000000000000000
0000000000000000
0000000000000000
0000000000000000
0000000000000000
0000000000000000
0000000000000000
0000000000000000
0000000000000000
0000000000000000
0000000000000000
0000000000000000
0000000000000000
0000000000000000
0000000000000000
0000000000000000
0000000000000000
0000000000000000
0000000000000000
0000000000000000
0000000000000000
0000000000000000
0000000000000000
0000000000000000
0000000000000000
0000000000000000
0000000000000000
0000000000000000
0000000000000000
0000000000000000
0000000000000000
0000000000000000
0000000000000000
0000000000000000
0000000000000000
0000000000000000
0000000000000000
0000000000000000
0000000000000000
0000000000000000
0000000000000000
0000000000000000
0000000000000000
0000000000000000
0000000000000000
0000000000000000
0000000000000000
0000000000000000
0000000000000000
0000000000000000
0000000000000000
0000000000000000
0000000000000000
0000000000000000
0000000000000000
0000000000000000
0000000000000000
0000000000000000
0000000000000000
0000000000000000
0000000000000000
0000000000000000
0000000000000000
0000000000000000
0000000000000000
0000000000000000
0000000000000000
0000000000000000
0000000000000000
0000000000000000
0000000000000000
0000000000000000
0000000000000000
0000000000000000
0000000000000000
0000000000000000
0000000000000000
0000000000000000
0000000000000000
0000000000000000
0000000000000000
0000000000000000
0000000000000000
0000000000000000
0000000000000000
0000000000000000
0000000000000000
0000000000000000
0000000000000000
0000000000000000
0000000000000000
0000000000000000
0000000000000000
0000000000000000
0000000000000000
0000000000000000
0000000000000000
0000000000000000
0000000000000000
0000000000000000
0000000000000000
0000000000000000
0000000000000000
0000000000000000
0000000000000000
0000000000000000
0000000000000000
0000000000000000
0000000000000000
0000000000000000
0000000000000000
0000000000000000
0000000000000000
0000000000000000
0000000000000000
0000000000000000
0000000000000000
0000000000000000
0000000000000000
0000000000000000
0000000000000000
0000000000000000
0000000000000000
0000000000000000
0000000000000000
0000000000000000
0000000000000000
0000000000000000
0000000000000000
0000000000000000
0000000000000000
0000000000000000
0000000000000000
0000000000000000
0000000000000000
0000000000000000
0000000000000000
0000000000000000
0000000000000000
0000000000000000
0000000000000000
0000000000000000
0000000000000000
0000000000000000
0000000000000000
0000000000000000
0000000000000000
0000000000000000
0000000000000000
0000000000000000
0000000000000000
0000000000000000
0000000000000000
0000000000000000
0000000000000000
0000000000000000
0000000000000000
0000000000000000
0000000000000000
0000000000000000
0000000000000000
0000000000000000
0000000000000000
0000000000000000
0000000000000000
0000000000000000
0000000000000000
0000000000000000
0000000000000000
0000000000000000
0000000000000000
0000000000000000
0000000000000000
0000000000000000
0000000000000000
0000000000000000
0000000000000000
0000000000000000
0000000000000000
0000000000000000
0000000000000000
0000000000000000
0000000000000000
0000000000000000
0000000000000000
0000000000000000
0000000000000000
0000000000000000
0000000000000000
0000000000000000
0000000000000000
0000000000000000
0000000000000000
0000000000000000
0000000000000000
0000000000000000
0000000000000000
0000000000000000
0000000000000000
0000000000000000
0000000000000000
0000000000000000
0000000000000000
0000000000000000
0000000000000000
0000000000000000
0000000000000000
0000000000000000
0000000000000000
0000000000000000
0000000000000000
0000000000000000
0000000000000000
0000000000000000
0000000000000000
0000000000000000
0000000000000000
0000000000000000
0000000000000000
0000000000000000
0000000000000000
0000000000000000
0000000000000000
0000000000000000
0000000000000000
0000000000000000
0000000000000000
0000000000000000
0000000000000000
0000000000000000
0000000000000000
0000000000000000
0000000000000000
0000000000000000
0000000000000000
0000000000000000
0000000000000000
0000000000000000
0000000000000000
0000000000000000
0000000000000000
0000000000000000
0000000000000000
0000000000000000
0000000000000000
0000000000000000
0000000000000000
0000000000000000
0000000000000000
0000000000000000
0000000000000000
0000000000000000
0000000000000000
0000000000000000
0000000000000000
0000000000000000
0000000000000000
0000000000000000
0000000000000000
0000000000000000
0000000000000000
0000000000000000
0000000000000000
0000000000000000
0000000000000000
0000000000000000
0000000000000000
0000000000000000
0000000000000000
0000000000000000
0000000000000000
0000000000000000
0000000000000000
0000000000000000
0000000000000000
0000000000000000
0000000000000000
0000000000000000
0000000000000000
0000000000000000
0000000000000000
0000000000000000
0000000000000000
0000000000000000
0000000000000000
0000000000000000
0000000000000000
0000000000000000
0000000000000000
0000000000000000
0000000000000000
0000000000000000
0000000000000000
0000000000000000
0000000000000000
0000000000000000
0000000000000000
0000000000000000
0000000000000000
0000000000000000
0000000000000000
0000000000000000
0000000000000000
0000000000000000
0000000000000000
0000000000000000
0000000000000000
0000000000000000
0000000000000000
0000000000000000
0000000000000000
0000000000000000
0000000000000000
0000000000000000
0000000000000000
0000000000000000
0000000000000000
0000000000000000
0000000000000000
0000000000000000
0000000000000000
0000000000000000
0000000000000000
0000000000000000
0000000000000000
0000000000000000
0000000000000000
0000000000000000
0000000000000000
0000000000000000
0000000000000000
0000000000000000
0000000000000000
0000000000000000
0000000000000000
0000000000000000
0000000000000000
0000000000000000
0000000000000000
0000000000000000
0000000000000000
0000000000000000
0000000000000000
0000000000000000
0000000000000000
0000000000000000
0000000000000000
0000000000000000
0000000000000000
0000000000000000
0000000000000000
0000000000000000
0000000000000000
0000000000000000
0000000000000000
0000000000000000
0000000000000000
0000000000000000
0000000000000000
0000000000000000
0000000000000000
0000000000000000
0000000000000000
0000000000000000
0000000000000000
0000000000000000
0000000000000000
0000000000000000
0000000000000000
0000000000000000
0000000000000000
0000000000000000
0000000000000000
0000000000000000
0000000000000000
0000000000000000
0000000000000000
0000000000000000
0000000000000000
0000000000000000
0000000000000000
0000000000000000
0000000000000000
0000000000000000
0000000000000000
0000000000000000
0000000000000000
0000000000000000
0000000000000000
0000000000000000
0000000000000000
0000000000000000
0000000000000000
0000000000000000
0000000000000000
0000000000000000
0000000000000000
0000000000000000
0000000000000000
0000000000000000
0000000000000000
0000000000000000
0000000000000000
0000000000000000
0000000000000000
0000000000000000
0000000000000000
0000000000000000
0000000000000000
0000000000000000
0000000000000000
0000000000000000
0000000000000000
0000000000000000
0000000000000000
0000000000000000
0000000000000000
0000000000000000
0000000000000000
0000000000000000
0000000000000000
0000000000000000
0000000000000000
0000000000000000
0000000000000000
0000000000000000
0000000000000000
0000000000000000
0000000000000000
0000000000000000
0000000000000000
0000000000000000
0000000000000000
0000000000000000
0000000000000000
0000000000000000
0000000000000000
0000000000000000
0000000000000000
0000000000000000
0000000000000000
0000000000000000
0000000000000000
0000000000000000
0000000000000000
0000000000000000
0000000000000000
0000000000000000
0000000000000000
0000000000000000
0000000000000000
0000000000000000
0000000000000000
0000000000000000
0000000000000000
0000000000000000
0000000000000000
0000000000000000
0000000000000000
0000000000000000
0000000000000000
0000000000000000
0000000000000000
0000000000000000
0000000000000000
0000000000000000
0000000000000000
0000000000000000
0000000000000000
0000000000000000
0000000000000000
0000000000000000
0000000000000000
0000000000000000
0000000000000000
0000000000000000
0000000000000000
0000000000000000
0000000000000000
0000000000000000
0000000000000000
0000000000000000
0000000000000000
0000000000000000
0000000000000000
0000000000000000
0000000000000000
0000000000000000
0000000000000000
0000000000000000
0000000000000000
0000000000000000
0000000000000000
0000000000000000
0000000000000000
0000000000000000
0000000000000000
0000000000000000
0000000000000000
0000000000000000
0000000000000000
0000000000000000
0000000000000000
0000000000000000
0000000000000000
0000000000000000
0000000000000000
0000000000000000
0000000000000000
0000000000000000
0000000000000000
0000000000000000
0000000000000000
0000000000000000
0000000000000000
0000000000000000
0000000000000000
0000000000000000
0000000000000000
0000000000000000
0000000000000000
0000000000000000
0000000000000000
0000000000000000
0000000000000000
0000000000000000
0000000000000000
0000000000000000
0000000000000000
0000000000000000
0000000000000000
0000000000000000
0000000000000000
0000000000000000
0000000000000000
0000000000000000
0000000000000000
0000000000000000
0000000000000000
0000000000000000
0000000000000000
0000000000000000
0000000000000000
0000000000000000
0000000000000000
0000000000000000
0000000000000000
0000000000000000
0000000000000000
0000000000000000
0000000000000000
0000000000000000
0000000000000000
0000000000000000
0000000000000000
0000000000000000
0000000000000000
0000000000000000
0000000000000000
0000000000000000
0000000000000000
0000000000000000
0000000000000000
0000000000000000
0000000000000000
0000000000000000
0000000000000000
0000000000000000
0000000000000000
0000000000000000
0000000000000000
0000000000000000
0000000000000000
0000000000000000
0000000000000000
0000000000000000
0000000000000000
0000000000000000
0000000000000000
0000000000000000
0000000000000000
0000000000000000
0000000000000000
0000000000000000
0000000000000000
0000000000000000
0000000000000000
0000000000000000
0000000000000000
0000000000000000
0000000000000000
0000000000000000
0000000000000000
0000000000000000
0000000000000000
0000000000000000
0000000000000000
0000000000000000
0000000000000000
0000000000000000
0000000000000000
0000000000000000
0000000000000000
0000000000000000
0000000000000000
0000000000000000
0000000000000000
0000000000000000
0000000000000000
0000000000000000
0000000000000000
0000000000000000
0000000000000000
0000000000000000
0000000000000000
0000000000000000
0000000000000000
0000000000000000
0000000000000000
0000000000000000
0000000000000000
0000000000000000
0000000000000000
0000000000000000
0000000000000000
0000000000000000
0000000000000000
0000000000000000
0000000000000000
0000000000000000
0000000000000000
0000000000000000
0000000000000000
0000000000000000
0000000000000000
0000000000000000
0000000000000000
0000000000000000
0000000000000000
0000000000000000
0000000000000000
0000000000000000
0000000000000000
0000000000000000
0000000000000000
0000000000000000
0000000000000000
0000000000000000
0000000000000000
0000000000000000
0000000000000000
0000000000000000
0000000000000000
0000000000000000
0000000000000000
0000000000000000
0000000000000000
0000000000000000
0000000000000000
0000000000000000
0000000000000000
0000000000000000
0000000000000000
0000000000000000
0000000000000000
0000000000000000
0000000000000000
0000000000000000
0000000000000000
0000000000000000
0000000000000000
0000000000000000
0000000000000000
0000000000000000
0000000000000000
0000000000000000
0000000000000000
0000000000000000
0000000000000000
0000000000000000
0000000000000000
0000000000000000
0000000000000000
0000000000000000
0000000000000000
0000000000000000
0000000000000000
0000000000000000
0000000000000000
0000000000000000
0000000000000000
0000000000000000
0000000000000000
0000000000000000
0000000000000000
0000000000000000
0000000000000000
0000000000000000
0000000000000000
0000000000000000
0000000000000000
0000000000000000
0000000000000000
0000000000000000
0000000000000000
0000000000000000
0000000000000000
0000000000000000
0000000000000000
0000000000000000
0000000000000000
0000000000000000
0000000000000000
0000000000000000
0000000000000000
0000000000000000
0000000000000000
0000000000000000
0000000000000000
0000000000000000
0000000000000000
0000000000000000
0000000000000000
0000000000000000
0000000000000000
0000000000000000
0000000000000000
0000000000000000
0000000000000000
0000000000000000
0000000000000000
0000000000000000
0000000000000000
0000000000000000
0000000000000000
0000000000000000
0000000000000000
0000000000000000
0000000000000000
0000000000000000
0000000000000000
0000000000000000
0000000000000000
0000000000000000
0000000000000000
0000000000000000
0000000000000000
0000000000000000
0000000000000000
0000000000000000
0000000000000000
0000000000000000
0000000000000000
0000000000000000
0000000000000000
0000000000000000
0000000000000000
0000000000000000
0000000000000000
0000000000000000
0000000000000000
0000000000000000
0000000000000000
0000000000000000
0000000000000000
0000000000000000
0000000000000000
0000000000000000
0000000000000000
0000000000000000
0000000000000000
0000000000000000
0000000000000000
0000000000000000
0000000000000000
0000000000000000
0000000000000000
0000000000000000
0000000000000000
0000000000000000
0000000000000000
0000000000000000
0000000000000000
0000000000000000
0000000000000000
0000000000000000
0000000000000000
0000000000000000
0000000000000000
0000000000000000
0000000000000000
0000000000000000
0000000000000000
0000000000000000
0000000000000000
0000000000000000
0000000000000000
0000000000000000
0000000000000000
0000000000000000
0000000000000000
0000000000000000
0000000000000000
0000000000000000
0000000000000000
0000000000000000
0000000000000000
0000000000000000
0000000000000000
0000000000000000
0000000000000000
0000000000000000
0000000000000000
0000000000000000
0000000000000000
0000000000000000
0000000000000000
0000000000000000
0000000000000000
0000000000000000
0000000000000000
0000000000000000
0000000000000000
0000000000000000
0000000000000000
0000000000000000
0000000000000000
0000000000000000
0000000000000000
0000000000000000
0000000000000000
0000000000000000
0000000000000000
0000000000000000
0000000000000000
0000000000000000
0000000000000000
0000000000000000
0000000000000000
0000000000000000
0000000000000000
0000000000000000
0000000000000000
0000000000000000
0000000000000000
0000000000000000
0000000000000000
0000000000000000
0000000000000000
0000000000000000
0000000000000000
0000000000000000
0000000000000000
0000000000000000
0000000000000000
0000000000000000
0000000000000000
0000000000000000
0000000000000000
0000000000000000
0000000000000000
0000000000000000
0000000000000000
0000000000000000
0000000000000000
0000000000000000
0000000000000000
0000000000000000
0000000000000000
0000000000000000
0000000000000000
0000000000000000
0000000000000000
0000000000000000
0000000000000000
0000000000000000
0000000000000000
0000000000000000
0000000000000000
0000000000000000
0000000000000000
0000000000000000
0000000000000000
0000000000000000
0000000000000000
0000000000000000
0000000000000000
0000000000000000
0000000000000000
0000000000000000
0000000000000000
0000000000000000
0000000000000000
0000000000000000
0000000000000000
0000000000000000
0000000000000000
0000000000000000
0000000000000000
0000000000000000
0000000000000000
0000000000000000
0000000000000000
0000000000000000
0000000000000000
0000000000000000
0000000000000000
0000000000000000
0000000000000000
0000000000000000
0000000000000000
0000000000000000
0000000000000000
0000000000000000
0000000000000000
0000000000000000
0000000000000000
0000000000000000
0000000000000000
0000000000000000
0000000000000000
0000000000000000
0000000000000000
0000000000000000
0000000000000000
0000000000000000
0000000000000000
0000000000000000
0000000000000000
0000000000000000
0000000000000000
0000000000000000
0000000000000000
0000000000000000
0000000000000000
0000000000000000
0000000000000000
0000000000000000
0000000000000000
0000000000000000
0000000000000000
0000000000000000
0000000000000000
0000000000000000
0000000000000000
0000000000000000
0000000000000000
0000000000000000
0000000000000000
0000000000000000
0000000000000000
0000000000000000
0000000000000000
0000000000000000
0000000000000000
0000000000000000
0000000000000000
0000000000000000
0000000000000000
0000000000000000
0000000000000000
0000000000000000
0000000000000000
0000000000000000
0000000000000000
0000000000000000
0000000000000000
0000000000000000
0000000000000000
0000000000000000
0000000000000000
0000000000000000
0000000000000000
0000000000000000
0000000000000000
0000000000000000
0000000000000000
0000000000000000
0000000000000000
0000000000000000
0000000000000000
0000000000000000
0000000000000000
0000000000000000
0000000000000000
0000000000000000
0000000000000000
0000000000000000
0000000000000000
0000000000000000
0000000000000000
0000000000000000
0000000000000000
0000000000000000
0000000000000000
0000000000000000
0000000000000000
0000000000000000
0000000000000000
0000000000000000
0000000000000000
0000000000000000
0000000000000000
0000000000000000
0000000000000000
0000000000000000
0000000000000000
0000000000000000
0000000000000000
0000000000000000
0000000000000000
0000000000000000
0000000000000000
0000000000000000
0000000000000000
0000000000000000
0000000000000000
0000000000000000
0000000000000000
0000000000000000
0000000000000000
0000000000000000
0000000000000000
0000000000000000
0000000000000000
0000000000000000
0000000000000000
0000000000000000
0000000000000000
0000000000000000
0000000000000000
0000000000000000
0000000000000000
0000000000000000
0000000000000000
0000000000000000
0000000000000000
0000000000000000
0000000000000000
0000000000000000
0000000000000000
0000000000000000
0000000000000000
0000000000000000
0000000000000000
0000000000000000
0000000000000000
0000000000000000
0000000000000000
0000000000000000
0000000000000000
0000000000000000
0000000000000000
0000000000000000
0000000000000000
0000000000000000
0000000000000000
0000000000000000
0000000000000000
0000000000000000
0000000000000000
0000000000000000
0000000000000000
0000000000000000
0000000000000000
0000000000000000
0000000000000000
0000000000000000
0000000000000000
0000000000000000
0000000000000000
0000000000000000
0000000000000000
0000000000000000
0000000000000000
0000000000000000
0000000000000000
0000000000000000
0000000000000000
0000000000000000
0000000000000000
0000000000000000
0000000000000000
0000000000000000
0000000000000000
0000000000000000
0000000000000000
0000000000000000
0000000000000000
0000000000000000
0000000000000000
0000000000000000
0000000000000000
0000000000000000
0000000000000000
0000000000000000
0000000000000000
0000000000000000
0000000000000000
0000000000000000
0000000000000000
0000000000000000
0000000000000000
0000000000000000
0000000000000000
0000000000000000
0000000000000000
0000000000000000
0000000000000000
0000000000000000
0000000000000000
0000000000000000
0000000000000000
0000000000000000
0000000000000000
0000000000000000
0000000000000000
0000000000000000
0000000000000000
0000000000000000
0000000000000000
0000000000000000
0000000000000000
0000000000000000
0000000000000000
0000000000000000
0000000000000000
0000000000000000
0000000000000000
0000000000000000
0000000000000000
0000000000000000
0000000000000000
0000000000000000
0000000000000000
0000000000000000
0000000000000000
0000000000000000
0000000000000000
0000000000000000
0000000000000000
0000000000000000
0000000000000000
0000000000000000
0000000000000000
0000000000000000
0000000000000000
0000000000000000
0000000000000000
0000000000000000
0000000000000000
0000000000000000
0000000000000000
0000000000000000
0000000000000000
0000000000000000
0000000000000000
0000000000000000
0000000000000000
0000000000000000
0000000000000000
0000000000000000
0000000000000000
0000000000000000
0000000000000000
0000000000000000
0000000000000000
0000000000000000
0000000000000000
0000000000000000
0000000000000000
0000000000000000
0000000000000000
0000000000000000
0000000000000000
0000000000000000
0000000000000000
0000000000000000
0000000000000000
0000000000000000
0000000000000000
0000000000000000
0000000000000000
0000000000000000
0000000000000000
0000000000000000
0000000000000000
0000000000000000
0000000000000000
0000000000000000
0000000000000000
0000000000000000
0000000000000000
0000000000000000
0000000000000000
0000000000000000
0000000000000000
0000000000000000
0000000000000000
0000000000000000
0000000000000000
0000000000000000
0000000000000000
0000000000000000
0000000000000000
0000000000000000
0000000000000000
0000000000000000
0000000000000000
0000000000000000
0000000000000000
0000000000000000
0000000000000000
0000000000000000
0000000000000000
0000000000000000
0000000000000000
0000000000000000
0000000000000000
0000000000000000
0000000000000000
0000000000000000
0000000000000000
0000000000000000
0000000000000000
0000000000000000
0000000000000000
0000000000000000
0000000000000000
0000000000000000
0000000000000000
0000000000000000
0000000000000000
0000000000000000
0000000000000000
0000000000000000
0000000000000000
0000000000000000
0000000000000000
0000000000000000
0000000000000000
0000000000000000
0000000000000000
0000000000000000
0000000000000000
0000000000000000
0000000000000000
0000000000000000
0000000000000000
0000000000000000
0000000000000000
0000000000000000
0000000000000000
0000000000000000
0000000000000000
0000000000000000
0000000000000000
0000000000000000
0000000000000000
0000000000000000
0000000000000000
0000000000000000
0000000000000000
0000000000000000
0000000000000000
0000000000000000
0000000000000000
0000000000000000
0000000000000000
0000000000000000
0000000000000000
0000000000000000
0000000000000000
0000000000000000
0000000000000000
0000000000000000
0000000000000000
0000000000000000
0000000000000000
0000000000000000
0000000000000000
0000000000000000
0000000000000000
0000000000000000
0000000000000000
0000000000000000
0000000000000000
0000000000000000
0000000000000000
0000000000000000
0000000000000000
0000000000000000
0000000000000000
0000000000000000
0000000000000000
0000000000000000
0000000000000000
0000000000000000
0000000000000000
0000000000000000
0000000000000000
0000000000000000
0000000000000000
0000000000000000
0000000000000000
0000000000000000
0000000000000000
0000000000000000
0000000000000000
0000000000000000
0000000000000000
0000000000000000
0000000000000000
0000000000000000
0000000000000000
0000000000000000
0000000000000000
0000000000000000
0000000000000000
0000000000000000
0000000000000000
0000000000000000
0000000000000000
0000000000000000
0000000000000000
0000000000000000
0000000000000000
0000000000000000
0000000000000000
0000000000000000
0000000000000000
0000000000000000
0000000000000000
0000000000000000
0000000000000000
0000000000000000
0000000000000000
0000000000000000
0000000000000000
0000000000000000
0000000000000000
0000000000000000
0000000000000000
0000000000000000
0000000000000000
0000000000000000
0000000000000000
0000000000000000
0000000000000000
0000000000000000
0000000000000000
0000000000000000
0000000000000000
0000000000000000
0000000000000000
0000000000000000
0000000000000000
0000000000000000
0000000000000000
0000000000000000
0000000000000000
0000000000000000
0000000000000000
0000000000000000
0000000000000000
0000000000000000
0000000000000000
0000000000000000
0000000000000000
0000000000000000
0000000000000000
0000000000000000
0000000000000000
0000000000000000
0000000000000000
0000000000000000
0000000000000000
0000000000000000
0000000000000000
0000000000000000
0000000000000000
0000000000000000
0000000000000000
0000000000000000
0000000000000000
0000000000000000
0000000000000000
0000000000000000
0000000000000000
0000000000000000
0000000000000000
0000000000000000
0000000000000000
0000000000000000
0000000000000000
0000000000000000
0000000000000000
0000000000000000
0000000000000000
0000000000000000
0000000000000000
0000000000000000
0000000000000000
0000000000000000
0000000000000000
0000000000000000
0000000000000000
0000000000000000
0000000000000000
0000000000000000
0000000000000000
0000000000000000
0000000000000000
0000000000000000
0000000000000000
0000000000000000
0000000000000000
0000000000000000
0000000000000000
0000000000000000
0000000000000000
0000000000000000
0000000000000000
0000000000000000
0000000000000000
0000000000000000
0000000000000000
0000000000000000
0000000000000000
0000000000000000
0000000000000000
0000000000000000
0000000000000000
0000000000000000
0000000000000000
0000000000000000
0000000000000000
0000000000000000
0000000000000000
0000000000000000
0000000000000000
0000000000000000
0000000000000000
0000000000000000
0000000000000000
0000000000000000
0000000000000000
0000000000000000
0000000000000000
0000000000000000
0000000000000000
0000000000000000
0000000000000000
0000000000000000
0000000000000000
0000000000000000
0000000000000000
0000000000000000
0000000000000000
0000000000000000
0000000000000000
0000000000000000
0000000000000000
0000000000000000
0000000000000000
0000000000000000
0000000000000000
0000000000000000
0000000000000000
0000000000000000
0000000000000000
0000000000000000
0000000000000000
0000000000000000
0000000000000000
0000000000000000
0000000000000000
0000000000000000
0000000000000000
0000000000000000
0000000000000000
0000000000000000
0000000000000000
0000000000000000
0000000000000000
0000000000000000
0000000000000000
0000000000000000
0000000000000000
0000000000000000
0000000000000000
0000000000000000
0000000000000000
0000000000000000
0000000000000000
0000000000000000
0000000000000000
0000000000000000
0000000000000000
0000000000000000
0000000000000000
0000000000000000
0000000000000000
0000000000000000
0000000000000000
0000000000000000
0000000000000000
0000000000000000
0000000000000000
0000000000000000
0000000000000000
0000000000000000
0000000000000000
0000000000000000
0000000000000000
0000000000000000
0000000000000000
0000000000000000
0000000000000000
0000000000000000
0000000000000000
0000000000000000
0000000000000000
0000000000000000
0000000000000000
0000000000000000
0000000000000000
0000000000000000
0000000000000000
0000000000000000
0000000000000000
0000000000000000
0000000000000000
0000000000000000
0000000000000000
0000000000000000
0000000000000000
0000000000000000
0000000000000000
0000000000000000
0000000000000000
0000000000000000
0000000000000000
0000000000000000
0000000000000000
0000000000000000
0000000000000000
0000000000000000
0000000000000000
0000000000000000
0000000000000000
0000000000000000
0000000000000000
0000000000000000
0000000000000000
0000000000000000
0000000000000000
0000000000000000
0000000000000000
0000000000000000
0000000000000000
0000000000000000
0000000000000000
0000000000000000
0000000000000000
0000000000000000
0000000000000000
0000000000000000
0000000000000000
0000000000000000
0000000000000000
0000000000000000
0000000000000000
0000000000000000
0000000000000000
0000000000000000
0000000000000000
0000000000000000
0000000000000000
0000000000000000
0000000000000000
0000000000000000
0000000000000000
0000000000000000
0000000000000000
0000000000000000
0000000000000000
0000000000000000
0000000000000000
0000000000000000
0000000000000000
0000000000000000
0000000000000000
0000000000000000
0000000000000000
0000000000000000
0000000000000000
0000000000000000
0000000000000000
0000000000000000
0000000000000000
0000000000000000
0000000000000000
0000000000000000
0000000000000000
0000000000000000
0000000000000000
0000000000000000
0000000000000000
0000000000000000
0000000000000000
0000000000000000
0000000000000000
0000000000000000
0000000000000000
0000000000000000
0000000000000000
0000000000000000
0000000000000000
0000000000000000
0000000000000000
0000000000000000
0000000000000000
0000000000000000
0000000000000000
0000000000000000
0000000000000000
0000000000000000
0000000000000000
0000000000000000
0000000000000000
0000000000000000
0000000000000000
0000000000000000
0000000000000000
0000000000000000
0000000000000000
0000000000000000
0000000000000000
0000000000000000
0000000000000000
0000000000000000
0000000000000000
0000000000000000
0000000000000000
0000000000000000
0000000000000000
0000000000000000
0000000000000000
0000000000000000
0000000000000000
0000000000000000
0000000000000000
0000000000000000
0000000000000000
0000000000000000
0000000000000000
0000000000000000
0000000000000000
0000000000000000
0000000000000000
0000000000000000
0000000000000000
0000000000000000
0000000000000000
0000000000000000
0000000000000000
0000000000000000
0000000000000000
0000000000000000
0000000000000000
0000000000000000
0000000000000000
0000000000000000
0000000000000000
0000000000000000
0000000000000000
0000000000000000
0000000000000000
0000000000000000
0000000000000000
0000000000000000
0000000000000000
0000000000000000
0000000000000000
0000000000000000
0000000000000000
0000000000000000
0000000000000000
0000000000000000
0000000000000000
0000000000000000
0000000000000000
0000000000000000
0000000000000000
0000000000000000
0000000000000000
0000000000000000
0000000000000000
0000000000000000
0000000000000000
0000000000000000
0000000000000000
0000000000000000
0000000000000000
0000000000000000
0000000000000000
0000000000000000
0000000000000000
0000000000000000
0000000000000000
0000000000000000
0000000000000000
0000000000000000
0000000000000000
0000000000000000
0000000000000000
0000000000000000
0000000000000000
0000000000000000
0000000000000000
0000000000000000
0000000000000000
0000000000000000
0000000000000000
0000000000000000
0000000000000000
0000000000000000
0000000000000000
0000000000000000
0000000000000000
0000000000000000
0000000000000000
0000000000000000
0000000000000000
0000000000000000
0000000000000000
0000000000000000
0000000000000000
0000000000000000
0000000000000000
0000000000000000
0000000000000000
0000000000000000
0000000000000000
0000000000000000
0000000000000000
0000000000000000
0000000000000000
0000000000000000
0000000000000000
0000000000000000
0000000000000000
0000000000000000
0000000000000000
0000000000000000
0000000000000000
0000000000000000
0000000000000000
0000000000000000
0000000000000000
0000000000000000
0000000000000000
0000000000000000
0000000000000000
0000000000000000
0000000000000000
0000000000000000
0000000000000000
0000000000000000
0000000000000000
0000000000000000
0000000000000000
0000000000000000
0000000000000000
0000000000000000
0000000000000000
0000000000000000
0000000000000000
0000000000000000
0000000000000000
0000000000000000
0000000000000000
0000000000000000
0000000000000000
0000000000000000
0000000000000000
0000000000000000
0000000000000000
0000000000000000
0000000000000000
0000000000000000
0000000000000000
0000000000000000
0000000000000000
0000000000000000
0000000000000000
0000000000000000
0000000000000000
0000000000000000
0000000000000000
0000000000000000
0000000000000000
0000000000000000
0000000000000000
0000000000000000
0000000000000000
0000000000000000
0000000000000000
0000000000000000
0000000000000000
0000000000000000
0000000000000000
0000000000000000
0000000000000000
0000000000000000
0000000000000000
0000000000000000
0000000000000000
0000000000000000
0000000000000000
0000000000000000
0000000000000000
0000000000000000
0000000000000000
0000000000000000
0000000000000000
0000000000000000
0000000000000000
0000000000000000
0000000000000000
0000000000000000
0000000000000000
0000000000000000
0000000000000000
0000000000000000
0000000000000000
0000000000000000
0000000000000000
0000000000000000
0000000000000000
0000000000000000
0000000000000000
0000000000000000
0000000000000000
0000000000000000
0000000000000000
0000000000000000
0000000000000000
0000000000000000
0000000000000000
0000000000000000
0000000000000000
0000000000000000
0000000000000000
0000000000000000
0000000000000000
0000000000000000
0000000000000000
0000000000000000
0000000000000000
0000000000000000
0000000000000000
0000000000000000
0000000000000000
0000000000000000
0000000000000000
0000000000000000
0000000000000000
0000000000000000
0000000000000000
0000000000000000
0000000000000000
0000000000000000
0000000000000000
0000000000000000
0000000000000000
0000000000000000
0000000000000000
0000000000000000
0000000000000000
0000000000000000
0000000000000000
0000000000000000
0000000000000000
0000000000000000
0000000000000000
0000000000000000
0000000000000000
0000000000000000
0000000000000000
0000000000000000
0000000000000000
0000000000000000
0000000000000000
0000000000000000
0000000000000000
0000000000000000
0000000000000000
0000000000000000
0000000000000000
0000000000000000
0000000000000000
0000000000000000
0000000000000000
0000000000000000
0000000000000000
0000000000000000
0000000000000000
0000000000000000
0000000000000000
0000000000000000
0000000000000000
0000000000000000
0000000000000000
0000000000000000
0000000000000000
0000000000000000
0000000000000000
0000000000000000
0000000000000000
0000000000000000
0000000000000000
0000000000000000
0000000000000000
0000000000000000
0000000000000000
0000000000000000
0000000000000000
0000000000000000
0000000000000000
0000000000000000
0000000000000000
0000000000000000
0000000000000000
0000000000000000
0000000000000000
0000000000000000
0000000000000000
0000000000000000
0000000000000000
0000000000000000
0000000000000000
0000000000000000
0000000000000000
0000000000000000
0000000000000000
0000000000000000
0000000000000000
0000000000000000
0000000000000000
0000000000000000
0000000000000000
0000000000000000
0000000000000000
0000000000000000
0000000000000000
0000000000000000
0000000000000000
0000000000000000
0000000000000000
0000000000000000
0000000000000000
0000000000000000
0000000000000000
0000000000000000
0000000000000000
0000000000000000
0000000000000000
0000000000000000
0000000000000000
0000000000000000
0000000000000000
0000000000000000
0000000000000000
0000000000000000
0000000000000000
0000000000000000
0000000000000000
0000000000000000
0000000000000000
0000000000000000
0000000000000000
0000000000000000
0000000000000000
0000000000000000
0000000000000000
0000000000000000
0000000000000000
0000000000000000
0000000000000000
0000000000000000
0000000000000000
0000000000000000
0000000000000000
0000000000000000
0000000000000000
0000000000000000
0000000000000000
0000000000000000
0000000000000000
0000000000000000
0000000000000000
0000000000000000
0000000000000000
0000000000000000
0000000000000000
0000000000000000
0000000000000000
0000000000000000
0000000000000000
0000000000000000
0000000000000000
0000000000000000
0000000000000000
0000000000000000
0000000000000000
0000000000000000
0000000000000000
0000000000000000
0000000000000000
0000000000000000
0000000000000000
0000000000000000
0000000000000000
0000000000000000
0000000000000000
0000000000000000
0000000000000000
0000000000000000
0000000000000000
0000000000000000
0000000000000000
0000000000000000
0000000000000000
0000000000000000
0000000000000000
0000000000000000
0000000000000000
0000000000000000
0000000000000000
0000000000000000
0000000000000000
0000000000000000
0000000000000000
0000000000000000
0000000000000000
0000000000000000
0000000000000000
0000000000000000
0000000000000000
0000000000000000
0000000000000000
0000000000000000
0000000000000000
0000000000000000
0000000000000000
0000000000000000
0000000000000000
0000000000000000
0000000000000000
0000000000000000
0000000000000000
0000000000000000
0000000000000000
0000000000000000
0000000000000000
0000000000000000
0000000000000000
0000000000000000
0000000000000000
0000000000000000
0000000000000000
0000000000000000
0000000000000000
0000000000000000
0000000000000000
0000000000000000
0000000000000000
0000000000000000
0000000000000000
0000000000000000
0000000000000000
0000000000000000
0000000000000000
0000000000000000
0000000000000000
0000000000000000
0000000000000000
0000000000000000
0000000000000000
0000000000000000
0000000000000000
0000000000000000
0000000000000000
0000000000000000
0000000000000000
0000000000000000
0000000000000000
0000000000000000
0000000000000000
0000000000000000
0000000000000000
0000000000000000
0000000000000000
0000000000000000
0000000000000000
0000000000000000
0000000000000000
0000000000000000
0000000000000000
0000000000000000
0000000000000000
0000000000000000
0000000000000000
0000000000000000
0000000000000000
0000000000000000
0000000000000000
0000000000000000
0000000000000000
0000000000000000
0000000000000000
0000000000000000
0000000000000000
0000000000000000
0000000000000000
0000000000000000
0000000000000000
0000000000000000
0000000000000000
0000000000000000
0000000000000000
0000000000000000
0000000000000000
0000000000000000
0000000000000000
0000000000000000
0000000000000000
0000000000000000
0000000000000000
0000000000000000
0000000000000000
0000000000000000
0000000000000000
0000000000000000
0000000000000000
0000000000000000
0000000000000000
0000000000000000
0000000000000000
0000000000000000
0000000000000000
0000000000000000
0000000000000000
0000000000000000
0000000000000000
0000000000000000
0000000000000000
0000000000000000
0000000000000000
0000000000000000
0000000000000000
0000000000000000
0000000000000000
0000000000000000
0000000000000000
0000000000000000
0000000000000000
0000000000000000
0000000000000000
0000000000000000
0000000000000000
0000000000000000
0000000000000000
0000000000000000
0000000000000000
0000000000000000
0000000000000000
0000000000000000
0000000000000000
0000000000000000
0000000000000000
0000000000000000
0000000000000000
0000000000000000
0000000000000000
0000000000000000
0000000000000000
0000000000000000
0000000000000000
0000000000000000
0000000000000000
0000000000000000
0000000000000000
0000000000000000
0000000000000000
0000000000000000
0000000000000000
0000000000000000
0000000000000000
0000000000000000
0000000000000000
0000000000000000
0000000000000000
0000000000000000
0000000000000000
0000000000000000
0000000000000000
0000000000000000
0000000000000000
0000000000000000
0000000000000000
0000000000000000
0000000000000000
0000000000000000
0000000000000000
0000000000000000
0000000000000000
0000000000000000
0000000000000000
0000000000000000
0000000000000000
0000000000000000
0000000000000000
0000000000000000
0000000000000000
0000000000000000
0000000000000000
0000000000000000
0000000000000000
0000000000000000
0000000000000000
0000000000000000
0000000000000000
0000000000000000
0000000000000000
0000000000000000
0000000000000000
0000000000000000
0000000000000000
0000000000000000
0000000000000000
0000000000000000
0000000000000000
0000000000000000
0000000000000000
0000000000000000
0000000000000000
0000000000000000
0000000000000000
0000000000000000
0000000000000000
0000000000000000
0000000000000000
0000000000000000
0000000000000000
0000000000000000
0000000000000000
0000000000000000
0000000000000000
0000000000000000
0000000000000000
0000000000000000
0000000000000000
0000000000000000
0000000000000000
0000000000000000
0000000000000000
0000000000000000
0000000000000000
0000000000000000
0000000000000000
0000000000000000
0000000000000000
0000000000000000
0000000000000000
0000000000000000
0000000000000000
0000000000000000
0000000000000000
0000000000000000
0000000000000000
0000000000000000
0000000000000000
0000000000000000
0000000000000000
0000000000000000
0000000000000000
0000000000000000
0000000000000000
0000000000000000
0000000000000000
0000000000000000
0000000000000000
0000000000000000
0000000000000000
0000000000000000
0000000000000000
0000000000000000
0000000000000000
0000000000000000
0000000000000000
0000000000000000
0000000000000000
0000000000000000
0000000000000000
0000000000000000
0000000000000000
0000000000000000
0000000000000000
0000000000000000
0000000000000000
0000000000000000
0000000000000000
0000000000000000
0000000000000000
0000000000000000
0000000000000000
0000000000000000
0000000000000000
0000000000000000
0000000000000000
0000000000000000
0000000000000000
0000000000000000
0000000000000000
0000000000000000
0000000000000000
0000000000000000
0000000000000000
0000000000000000
0000000000000000
0000000000000000
0000000000000000
0000000000000000
0000000000000000
0000000000000000
0000000000000000
0000000000000000
0000000000000000
0000000000000000
0000000000000000
0000000000000000
0000000000000000
0000000000000000
0000000000000000
0000000000000000
0000000000000000
0000000000000000
0000000000000000
0000000000000000
0000000000000000
0000000000000000
0000000000000000
0000000000000000
0000000000000000
0000000000000000
0000000000000000
0000000000000000
0000000000000000
0000000000000000
0000000000000000
0000000000000000
0000000000000000
0000000000000000
0000000000000000
0000000000000000
0000000000000000
0000000000000000
0000000000000000
0000000000000000
0000000000000000
0000000000000000
0000000000000000
0000000000000000
0000000000000000
0000000000000000
0000000000000000
0000000000000000
0000000000000000
0000000000000000
0000000000000000
0000000000000000
0000000000000000
0000000000000000
0000000000000000
0000000000000000
0000000000000000
0000000000000000
0000000000000000
0000000000000000
0000000000000000
0000000000000000
0000000000000000
0000000000000000
0000000000000000
0000000000000000
0000000000000000
0000000000000000
0000000000000000
0000000000000000
0000000000000000
0000000000000000
0000000000000000
0000000000000000
0000000000000000
0000000000000000
0000000000000000
0000000000000000
0000000000000000
0000000000000000
0000000000000000
0000000000000000
0000000000000000
0000000000000000
0000000000000000
0000000000000000
0000000000000000
0000000000000000
0000000000000000
0000000000000000
0000000000000000
0000000000000000
0000000000000000
0000000000000000
0000000000000000
0000000000000000
0000000000000000
0000000000000000
0000000000000000
0000000000000000
0000000000000000
0000000000000000
0000000000000000
0000000000000000
0000000000000000
0000000000000000
0000000000000000
0000000000000000
0000000000000000
0000000000000000
0000000000000000
0000000000000000
0000000000000000
0000000000000000
0000000000000000
0000000000000000
0000000000000000
0000000000000000
0000000000000000
0000000000000000
0000000000000000
0000000000000000
0000000000000000
0000000000000000
0000000000000000
0000000000000000
0000000000000000
0000000000000000
0000000000000000
0000000000000000
0000000000000000
0000000000000000
0000000000000000
0000000000000000
0000000000000000
0000000000000000
0000000000000000
0000000000000000
0000000000000000
0000000000000000
0000000000000000
0000000000000000
0000000000000000
0000000000000000
0000000000000000
0000000000000000
0000000000000000
0000000000000000
0000000000000000
0000000000000000
0000000000000000
0000000000000000
0000000000000000
0000000000000000
0000000000000000
0000000000000000
0000000000000000
0000000000000000
0000000000000000
0000000000000000
0000000000000000
0000000000000000
0000000000000000
0000000000000000
0000000000000000
0000000000000000
0000000000000000
0000000000000000
0000000000000000
0000000000000000
0000000000000000
0000000000000000
0000000000000000
0000000000000000
0000000000000000
0000000000000000
0000000000000000
0000000000000000
0000000000000000
0000000000000000
0000000000000000
0000000000000000
0000000000000000
0000000000000000
0000000000000000
0000000000000000
0000000000000000
0000000000000000
0000000000000000
0000000000000000
0000000000000000
0000000000000000
0000000000000000
0000000000000000
0000000000000000
0000000000000000
0000000000000000
0000000000000000
0000000000000000
0000000000000000
0000000000000000
0000000000000000
0000000000000000
0000000000000000
0000000000000000
0000000000000000
0000000000000000
0000000000000000
0000000000000000
0000000000000000
0000000000000000
0000000000000000
0000000000000000
0000000000000000
0000000000000000
0000000000000000
0000000000000000
0000000000000000
0000000000000000
0000000000000000
0000000000000000
0000000000000000
0000000000000000
0000000000000000
0000000000000000
0000000000000000
0000000000000000
0000000000000000
0000000000000000
0000000000000000
0000000000000000
0000000000000000
0000000000000000
0000000000000000
0000000000000000
0000000000000000
0000000000000000
0000000000000000
0000000000000000
0000000000000000
0000000000000000
0000000000000000
0000000000000000
0000000000000000
0000000000000000
0000000000000000
0000000000000000
0000000000000000
0000000000000000
0000000000000000
0000000000000000
0000000000000000
0000000000000000
0000000000000000
0000000000000000
0000000000000000
0000000000000000
0000000000000000
0000000000000000
0000000000000000
0000000000000000
0000000000000000
0000000000000000
0000000000000000
0000000000000000
0000000000000000
0000000000000000
0000000000000000
0000000000000000
0000000000000000
0000000000000000
0000000000000000
0000000000000000
0000000000000000
0000000000000000
0000000000000000
0000000000000000
0000000000000000
0000000000000000
0000000000000000
0000000000000000
0000000000000000
0000000000000000
0000000000000000
0000000000000000
0000000000000000
0000000000000000
0000000000000000
0000000000000000
0000000000000000
0000000000000000
0000000000000000
0000000000000000
0000000000000000
0000000000000000
0000000000000000
0000000000000000
0000000000000000
0000000000000000
0000000000000000
0000000000000000
0000000000000000
0000000000000000
0000000000000000
0000000000000000
0000000000000000
0000000000000000
0000000000000000
0000000000000000
0000000000000000
0000000000000000
0000000000000000
0000000000000000
0000000000000000
0000000000000000
0000000000000000
0000000000000000
0000000000000000
0000000000000000
0000000000000000
0000000000000000
0000000000000000
0000000000000000
0000000000000000
0000000000000000
0000000000000000
0000000000000000
0000000000000000
0000000000000000
0000000000000000
0000000000000000
0000000000000000
0000000000000000
0000000000000000
0000000000000000
0000000000000000
0000000000000000
0000000000000000
0000000000000000
0000000000000000
0000000000000000
0000000000000000
0000000000000000
0000000000000000
0000000000000000
0000000000000000
0000000000000000
0000000000000000
0000000000000000
0000000000000000
0000000000000000
0000000000000000
0000000000000000
0000000000000000
0000000000000000
0000000000000000
0000000000000000
0000000000000000
0000000000000000
0000000000000000
0000000000000000
0000000000000000
0000000000000000
0000000000000000
0000000000000000
0000000000000000
0000000000000000
0000000000000000
0000000000000000
0000000000000000
0000000000000000
0000000000000000
0000000000000000
0000000000000000
0000000000000000
0000000000000000
0000000000000000
0000000000000000
0000000000000000
0000000000000000
0000000000000000
0000000000000000
0000000000000000
0000000000000000
0000000000000000
0000000000000000
0000000000000000
0000000000000000
0000000000000000
0000000000000000
0000000000000000
0000000000000000
0000000000000000
0000000000000000
0000000000000000
0000000000000000
0000000000000000
0000000000000000
0000000000000000
0000000000000000
0000000000000000
0000000000000000
0000000000000000
0000000000000000
0000000000000000
0000000000000000
0000000000000000
0000000000000000
0000000000000000
0000000000000000
0000000000000000
0000000000000000
0000000000000000
0000000000000000
0000000000000000
0000000000000000
0000000000000000
0000000000000000
0000000000000000
0000000000000000
0000000000000000
0000000000000000
0000000000000000
0000000000000000
0000000000000000
0000000000000000
0000000000000000
0000000000000000
0000000000000000
0000000000000000
0000000000000000
0000000000000000
0000000000000000
0000000000000000
0000000000000000
0000000000000000
0000000000000000
0000000000000000
0000000000000000
0000000000000000
0000000000000000
0000000000000000
0000000000000000
0000000000000000
0000000000000000
0000000000000000
0000000000000000
0000000000000000
0000000000000000
0000000000000000
0000000000000000
0000000000000000
0000000000000000
0000000000000000
0000000000000000
0000000000000000
0000000000000000
0000000000000000
0000000000000000
0000000000000000
0000000000000000
0000000000000000
0000000000000000
0000000000000000
0000000000000000
0000000000000000
0000000000000000
0000000000000000
0000000000000000
0000000000000000
0000000000000000
0000000000000000
0000000000000000
0000000000000000
0000000000000000
0000000000000000
0000000000000000
0000000000000000
0000000000000000
0000000000000000
0000000000000000
0000000000000000
0000000000000000
0000000000000000
0000000000000000
0000000000000000
0000000000000000
0000000000000000
0000000000000000
0000000000000000
0000000000000000
0000000000000000
0000000000000000
0000000000000000
0000000000000000
0000000000000000
0000000000000000
0000000000000000
0000000000000000
0000000000000000
0000000000000000
0000000000000000
0000000000000000
0000000000000000
0000000000000000
0000000000000000
0000000000000000
0000000000000000
0000000000000000
0000000000000000
0000000000000000
0000000000000000
0000000000000000
0000000000000000
0000000000000000
0000000000000000
0000000000000000
0000000000000000
0000000000000000
0000000000000000
0000000000000000
0000000000000000
0000000000000000
0000000000000000
0000000000000000
0000000000000000
0000000000000000
0000000000000000
0000000000000000
0000000000000000
0000000000000000
0000000000000000
0000000000000000
0000000000000000
0000000000000000
0000000000000000
0000000000000000
0000000000000000
0000000000000000
0000000000000000
0000000000000000
0000000000000000
0000000000000000
0000000000000000
0000000000000000
0000000000000000
0000000000000000
0000000000000000
0000000000000000
0000000000000000
0000000000000000
0000000000000000
0000000000000000
0000000000000000
0000000000000000
0000000000000000
0000000000000000
0000000000000000
0000000000000000
0000000000000000
0000000000000000
0000000000000000
0000000000000000
0000000000000000
0000000000000000
0000000000000000
0000000000000000
0000000000000000
0000000000000000
0000000000000000
0000000000000000
0000000000000000
0000000000000000
0000000000000000
0000000000000000
0000000000000000
0000000000000000
0000000000000000
0000000000000000
0000000000000000
0000000000000000
0000000000000000
0000000000000000
0000000000000000
0000000000000000
0000000000000000
0000000000000000
0000000000000000
0000000000000000
0000000000000000
0000000000000000
0000000000000000
0000000000000000
0000000000000000
0000000000000000
0000000000000000
0000000000000000
0000000000000000
0000000000000000
0000000000000000
0000000000000000
0000000000000000
0000000000000000
0000000000000000
0000000000000000
0000000000000000
0000000000000000
0000000000000000
0000000000000000
0000000000000000
0000000000000000
0000000000000000
0000000000000000
0000000000000000
0000000000000000
0000000000000000
0000000000000000
0000000000000000
0000000000000000
0000000000000000
0000000000000000
0000000000000000
0000000000000000
0000000000000000
0000000000000000
0000000000000000
0000000000000000
0000000000000000
0000000000000000
0000000000000000
0000000000000000
0000000000000000
0000000000000000
0000000000000000
0000000000000000
0000000000000000
0000000000000000
0000000000000000
0000000000000000
0000000000000000
0000000000000000
0000000000000000
0000000000000000
0000000000000000
0000000000000000
0000000000000000
0000000000000000
0000000000000000
0000000000000000
0000000000000000
0000000000000000
0000000000000000
0000000000000000
0000000000000000
0000000000000000
0000000000000000
0000000000000000
0000000000000000
0000000000000000
0000000000000000
0000000000000000
0000000000000000
0000000000000000
0000000000000000
0000000000000000
0000000000000000
0000000000000000
0000000000000000
0000000000000000
0000000000000000
0000000000000000
0000000000000000
0000000000000000
0000000000000000
0000000000000000
0000000000000000
0000000000000000
0000000000000000
0000000000000000
0000000000000000
0000000000000000
0000000000000000
0000000000000000
0000000000000000
0000000000000000
0000000000000000
0000000000000000
0000000000000000
0000000000000000
0000000000000000
0000000000000000
0000000000000000
0000000000000000
0000000000000000
0000000000000000
0000000000000000
0000000000000000
0000000000000000
0000000000000000
0000000000000000
0000000000000000
0000000000000000
0000000000000000
0000000000000000
0000000000000000
0000000000000000
0000000000000000
0000000000000000
0000000000000000
0000000000000000
0000000000000000
0000000000000000
0000000000000000
0000000000000000
0000000000000000
0000000000000000
0000000000000000
0000000000000000
0000000000000000
0000000000000000
0000000000000000
0000000000000000
0000000000000000
0000000000000000
0000000000000000
0000000000000000
0000000000000000
0000000000000000
0000000000000000
0000000000000000
0000000000000000
0000000000000000
0000000000000000
0000000000000000
0000000000000000
0000000000000000
0000000000000000
0000000000000000
0000000000000000
0000000000000000
0000000000000000
0000000000000000
0000000000000000
0000000000000000
0000000000000000
0000000000000000
0000000000000000
0000000000000000
0000000000000000
0000000000000000
0000000000000000
0000000000000000
0000000000000000
0000000000000000
0000000000000000
0000000000000000
0000000000000000
0000000000000000
0000000000000000
0000000000000000
0000000000000000
0000000000000000
0000000000000000
0000000000000000
0000000000000000
0000000000000000
0000000000000000
0000000000000000
0000000000000000
0000000000000000
0000000000000000
0000000000000000
0000000000000000
0000000000000000
0000000000000000
0000000000000000
0000000000000000
0000000000000000
0000000000000000
0000000000000000
0000000000000000
0000000000000000
0000000000000000
0000000000000000
0000000000000000
0000000000000000
0000000000000000
0000000000000000
0000000000000000
0000000000000000
0000000000000000
0000000000000000
0000000000000000
0000000000000000
0000000000000000
0000000000000000
0000000000000000
0000000000000000
0000000000000000
0000000000000000
0000000000000000
0000000000000000
0000000000000000
0000000000000000
0000000000000000
0000000000000000
0000000000000000
0000000000000000
0000000000000000
0000000000000000
0000000000000000
0000000000000000
0000000000000000
0000000000000000
0000000000000000
0000000000000000
0000000000000000
0000000000000000
0000000000000000
0000000000000000
0000000000000000
0000000000000000
0000000000000000
0000000000000000
0000000000000000
0000000000000000
0000000000000000
0000000000000000
0000000000000000
0000000000000000
0000000000000000
0000000000000000
0000000000000000
0000000000000000
0000000000000000
0000000000000000
0000000000000000
0000000000000000
0000000000000000
0000000000000000
0000000000000000
0000000000000000
0000000000000000
0000000000000000
0000000000000000
0000000000000000
0000000000000000
0000000000000000
0000000000000000
0000000000000000
0000000000000000
0000000000000000
0000000000000000
0000000000000000
0000000000000000
0000000000000000
0000000000000000
0000000000000000
0000000000000000
0000000000000000
0000000000000000
0000000000000000
0000000000000000
0000000000000000
0000000000000000
0000000000000000
0000000000000000
0000000000000000
0000000000000000
0000000000000000
0000000000000000
0000000000000000
0000000000000000
0000000000000000
0000000000000000
0000000000000000
0000000000000000
0000000000000000
0000000000000000
0000000000000000
0000000000000000
0000000000000000
0000000000000000
0000000000000000
0000000000000000
0000000000000000
0000000000000000
0000000000000000
0000000000000000
0000000000000000
0000000000000000
0000000000000000
0000000000000000
0000000000000000
0000000000000000
0000000000000000
0000000000000000
0000000000000000
0000000000000000
0000000000000000
0000000000000000
0000000000000000
0000000000000000
0000000000000000
0000000000000000
0000000000000000
0000000000000000
0000000000000000
0000000000000000
0000000000000000
0000000000000000
0000000000000000
0000000000000000
0000000000000000
0000000000000000
0000000000000000
0000000000000000
0000000000000000
0000000000000000
0000000000000000
0000000000000000
0000000000000000
0000000000000000
0000000000000000
0000000000000000
0000000000000000
0000000000000000
0000000000000000
0000000000000000
0000000000000000
0000000000000000
0000000000000000
0000000000000000
0000000000000000
0000000000000000
0000000000000000
0000000000000000
0000000000000000
0000000000000000
0000000000000000
0000000000000000
0000000000000000
0000000000000000
0000000000000000
0000000000000000
0000000000000000
0000000000000000
0000000000000000
0000000000000000
0000000000000000
0000000000000000
0000000000000000
0000000000000000
0000000000000000
0000000000000000
0000000000000000
0000000000000000
0000000000000000
0000000000000000
0000000000000000
0000000000000000
0000000000000000
0000000000000000
0000000000000000
0000000000000000
0000000000000000
0000000000000000
0000000000000000
0000000000000000
0000000000000000
0000000000000000
0000000000000000
0000000000000000
0000000000000000
0000000000000000
0000000000000000
0000000000000000
0000000000000000
0000000000000000
0000000000000000
0000000000000000
0000000000000000
0000000000000000
0000000000000000
0000000000000000
0000000000000000
0000000000000000
0000000000000000
0000000000000000
0000000000000000
0000000000000000
0000000000000000
0000000000000000
0000000000000000
0000000000000000
0000000000000000
0000000000000000
0000000000000000
0000000000000000
0000000000000000
0000000000000000
0000000000000000
0000000000000000
0000000000000000
0000000000000000
0000000000000000
0000000000000000
0000000000000000
0000000000000000
0000000000000000
0000000000000000
0000000000000000
0000000000000000
0000000000000000
0000000000000000
0000000000000000
0000000000000000
0000000000000000
0000000000000000
0000000000000000
0000000000000000
0000000000000000
0000000000000000
0000000000000000
0000000000000000
0000000000000000
0000000000000000
0000000000000000
0000000000000000
0000000000000000
0000000000000000
0000000000000000
0000000000000000
0000000000000000
0000000000000000
0000000000000000
0000000000000000
0000000000000000
0000000000000000
0000000000000000
0000000000000000
0000000000000000
0000000000000000
0000000000000000
0000000000000000
0000000000000000
0000000000000000
0000000000000000
0000000000000000
0000000000000000
0000000000000000
0000000000000000
0000000000000000
0000000000000000
0000000000000000
0000000000000000
0000000000000000
0000000000000000
0000000000000000
0000000000000000
0000000000000000
0000000000000000
0000000000000000
0000000000000000
0000000000000000
0000000000000000
0000000000000000
0000000000000000
0000000000000000
0000000000000000
0000000000000000
0000000000000000
0000000000000000
0000000000000000
0000000000000000
0000000000000000
0000000000000000
0000000000000000
0000000000000000
0000000000000000
0000000000000000
0000000000000000
0000000000000000
0000000000000000
0000000000000000
0000000000000000
0000000000000000
0000000000000000
0000000000000000
0000000000000000
0000000000000000
0000000000000000
0000000000000000
0000000000000000
0000000000000000
0000000000000000
0000000000000000
0000000000000000
0000000000000000
0000000000000000
0000000000000000
0000000000000000
0000000000000000
0000000000000000
0000000000000000
0000000000000000
0000000000000000
0000000000000000
0000000000000000
0000000000000000
0000000000000000
0000000000000000
0000000000000000
0000000000000000
0000000000000000
0000000000000000
0000000000000000
0000000000000000
0000000000000000
0000000000000000
0000000000000000
0000000000000000
0000000000000000
0000000000000000
0000000000000000
0000000000000000
0000000000000000
0000000000000000
0000000000000000
0000000000000000
0000000000000000
0000000000000000
0000000000000000
0000000000000000
0000000000000000
0000000000000000
0000000000000000
0000000000000000
0000000000000000
0000000000000000
0000000000000000
0000000000000000
0000000000000000
0000000000000000
0000000000000000
0000000000000000
0000000000000000
0000000000000000
0000000000000000
0000000000000000
0000000000000000
0000000000000000
0000000000000000
0000000000000000
0000000000000000
0000000000000000
0000000000000000
0000000000000000
0000000000000000
0000000000000000
0000000000000000
0000000000000000
0000000000000000
0000000000000000
0000000000000000
0000000000000000
0000000000000000
0000000000000000
0000000000000000
0000000000000000
0000000000000000
0000000000000000
0000000000000000
0000000000000000
0000000000000000
0000000000000000
0000000000000000
0000000000000000
0000000000000000
0000000000000000
0000000000000000
0000000000000000
0000000000000000
0000000000000000
0000000000000000
0000000000000000
0000000000000000
0000000000000000
0000000000000000
0000000000000000
0000000000000000
0000000000000000
0000000000000000
0000000000000000
0000000000000000
0000000000000000
0000000000000000
0000000000000000
0000000000000000
0000000000000000
0000000000000000
0000000000000000
0000000000000000
0000000000000000
0000000000000000
0000000000000000
0000000000000000
0000000000000000
0000000000000000
0000000000000000
0000000000000000
0000000000000000
0000000000000000
0000000000000000
0000000000000000
0000000000000000
0000000000000000
0000000000000000
0000000000000000
0000000000000000
0000000000000000
0000000000000000
0000000000000000
0000000000000000
0000000000000000
0000000000000000
0000000000000000
0000000000000000
0000000000000000
0000000000000000
0000000000000000
0000000000000000
0000000000000000
0000000000000000
0000000000000000
0000000000000000
0000000000000000
0000000000000000
0000000000000000
0000000000000000
0000000000000000
0000000000000000
0000000000000000
0000000000000000
0000000000000000
0000000000000000
0000000000000000
0000000000000000
0000000000000000
0000000000000000
0000000000000000
0000000000000000
0000000000000000
0000000000000000
0000000000000000
0000000000000000
0000000000000000
0000000000000000
0000000000000000
0000000000000000
0000000000000000
0000000000000000
0000000000000000
0000000000000000
0000000000000000
0000000000000000
0000000000000000
0000000000000000
0000000000000000
0000000000000000
0000000000000000
0000000000000000
0000000000000000
0000000000000000
0000000000000000
0000000000000000
0000000000000000
0000000000000000
0000000000000000
0000000000000000
0000000000000000
0000000000000000
0000000000000000
0000000000000000
0000000000000000
0000000000000000
0000000000000000
0000000000000000
0000000000000000
0000000000000000
0000000000000000
0000000000000000
0000000000000000
0000000000000000
0000000000000000
0000000000000000
0000000000000000
0000000000000000
0000000000000000
0000000000000000
0000000000000000
0000000000000000
0000000000000000
0000000000000000
0000000000000000
0000000000000000
0000000000000000
0000000000000000
0000000000000000
0000000000000000
0000000000000000
0000000000000000
0000000000000000
0000000000000000
0000000000000000
0000000000000000
0000000000000000
0000000000000000
0000000000000000
0000000000000000
0000000000000000
0000000000000000
0000000000000000
0000000000000000
0000000000000000
0000000000000000
0000000000000000
0000000000000000
0000000000000000
0000000000000000
0000000000000000
0000000000000000
0000000000000000
0000000000000000
0000000000000000
0000000000000000
0000000000000000
0000000000000000
0000000000000000
0000000000000000
0000000000000000
0000000000000000
0000000000000000
0000000000000000
0000000000000000
0000000000000000
0000000000000000
0000000000000000
0000000000000000
0000000000000000
0000000000000000
0000000000000000
0000000000000000
0000000000000000
0000000000000000
0000000000000000
0000000000000000
0000000000000000
0000000000000000
0000000000000000
0000000000000000
0000000000000000
0000000000000000
0000000000000000
0000000000000000
0000000000000000
0000000000000000
0000000000000000
0000000000000000
0000000000000000
0000000000000000
0000000000000000
0000000000000000
0000000000000000
0000000000000000
0000000000000000
0000000000000000
0000000000000000
0000000000000000
0000000000000000
0000000000000000
0000000000000000
0000000000000000
0000000000000000
0000000000000000
0000000000000000
0000000000000000
0000000000000000
0000000000000000
0000000000000000
0000000000000000
0000000000000000
0000000000000000
0000000000000000
0000000000000000
0000000000000000
0000000000000000
0000000000000000
0000000000000000
0000000000000000
0000000000000000
0000000000000000
0000000000000000
0000000000000000
0000000000000000
0000000000000000
0000000000000000
0000000000000000
0000000000000000
0000000000000000
0000000000000000
0000000000000000
0000000000000000
0000000000000000
0000000000000000
0000000000000000
0000000000000000
0000000000000000
0000000000000000
0000000000000000
0000000000000000
0000000000000000
0000000000000000
0000000000000000
0000000000000000
0000000000000000
0000000000000000
0000000000000000
0000000000000000
0000000000000000
0000000000000000
0000000000000000
0000000000000000
0000000000000000
0000000000000000
0000000000000000
0000000000000000
0000000000000000
0000000000000000
0000000000000000
0000000000000000
0000000000000000
0000000000000000
0000000000000000
0000000000000000
0000000000000000
0000000000000000
0000000000000000
0000000000000000
0000000000000000
0000000000000000
0000000000000000
0000000000000000
0000000000000000
0000000000000000
0000000000000000
0000000000000000
0000000000000000
0000000000000000
0000000000000000
0000000000000000
0000000000000000
0000000000000000
0000000000000000
0000000000000000
0000000000000000
0000000000000000
0000000000000000
0000000000000000
0000000000000000
0000000000000000
0000000000000000
0000000000000000
0000000000000000
0000000000000000
0000000000000000
0000000000000000
0000000000000000
0000000000000000
0000000000000000
0000000000000000
0000000000000000
0000000000000000
0000000000000000
0000000000000000
0000000000000000
0000000000000000
0000000000000000
0000000000000000
0000000000000000
0000000000000000
0000000000000000
0000000000000000
0000000000000000
0000000000000000
0000000000000000
0000000000000000
0000000000000000
0000000000000000
0000000000000000
0000000000000000
0000000000000000
0000000000000000
0000000000000000
0000000000000000
0000000000000000
0000000000000000
0000000000000000
0000000000000000
0000000000000000
0000000000000000
0000000000000000
0000000000000000
0000000000000000
0000000000000000
0000000000000000
0000000000000000
0000000000000000
0000000000000000
0000000000000000
0000000000000000
0000000000000000
0000000000000000
0000000000000000
0000000000000000
0000000000000000
0000000000000000
0000000000000000
0000000000000000
0000000000000000
0000000000000000
0000000000000000
0000000000000000
0000000000000000
0000000000000000
0000000000000000
0000000000000000
0000000000000000
0000000000000000
0000000000000000
0000000000000000
0000000000000000
0000000000000000
0000000000000000
0000000000000000
0000000000000000
0000000000000000
0000000000000000
0000000000000000
0000000000000000
0000000000000000
0000000000000000
0000000000000000
0000000000000000
0000000000000000
0000000000000000
0000000000000000
0000000000000000
0000000000000000
0000000000000000
0000000000000000
0000000000000000
0000000000000000
0000000000000000
0000000000000000
0000000000000000
0000000000000000
0000000000000000
0000000000000000
0000000000000000
0000000000000000
0000000000000000
0000000000000000
0000000000000000
0000000000000000
0000000000000000
0000000000000000
0000000000000000
0000000000000000
0000000000000000
0000000000000000
0000000000000000
0000000000000000
0000000000000000
0000000000000000
0000000000000000
0000000000000000
0000000000000000
0000000000000000
0000000000000000
0000000000000000
0000000000000000
0000000000000000
0000000000000000
0000000000000000
0000000000000000
0000000000000000
0000000000000000
0000000000000000
0000000000000000
0000000000000000
0000000000000000
0000000000000000
0000000000000000
0000000000000000
0000000000000000
0000000000000000
0000000000000000
0000000000000000
0000000000000000
0000000000000000
0000000000000000
0000000000000000
0000000000000000
0000000000000000
0000000000000000
0000000000000000
0000000000000000
0000000000000000
0000000000000000
0000000000000000
0000000000000000
0000000000000000
0000000000000000
0000000000000000
0000000000000000
0000000000000000
0000000000000000
0000000000000000
0000000000000000
0000000000000000
0000000000000000
0000000000000000
0000000000000000
0000000000000000
0000000000000000
0000000000000000
0000000000000000
0000000000000000
0000000000000000
0000000000000000
0000000000000000
0000000000000000
0000000000000000
0000000000000000
0000000000000000
0000000000004000
0000000000004000
0000000000004000
0000000000004000
0000000000004000
0000000000004000
0000000000004000
0000000000004000
0000000000004000
0000000000004000
0000000000004000
0000000000004000
0000000000004000
0000000000004000
0000000000004000
0000000000004000
0000000000004000
0000000000004000
0000000000004000
0000000000004000
0000000000004000
0000000000004000
0000000000004000
0000000000004000
0000000000004000
0000000000004000
0000000000004000
0000000000004000
0000000000004000
0000000000004000
0000000000004000
0000000000004000
0000000000004000
0000000000004000
0000000000004000
0000000000004000
0000000000004000
0000000000004000
0000000000004000
0000000000004000
0000000000004000
0000000000004000
0000000000004000
0000000000004000
0000000000004000
0000000000004000
0000000000004000
0000000000004000
0000000000004000
0000000000004000
0000000000004000
0000000000004000
0000000000004000
0000000000004000
0000000000004000
0000000000004000
0000000000004000
0000000000004000
0000000000004000
0000000000004000
0000000000004000
0000000000004000
0000000000004000
0000000000004000
0000000000004000
0000000000004000
0000000000004000
0000000000004000
0000000000004000
0000000000004000
0000000000004000
0000000000004000
0000000000004000
0000000000004000
0000000000004000
0000000000004000
0000000000004000
0000000000004000
0000000000004000
0000000000004000
0000000000004000
0000000000004000
0000000000004000
0000000000004000
0000000000004000
0000000000004000
0000000000004000
0000000000004000
0000000000004000
0000000000004000
0000000000004000
0000000000004000
0000000000004000
0000000000004000
0000000000004000
0000000000004000
0000000000004000
0000000000004000
0000000000004000
0000000000004000
0000000000004000
0000000000004000
0000000000004000
0000000000004000
0000000000004000
0000000000004000
0000000000004000
0000000000004000
0000000000004000
0000000000004000
0000000000004000
0000000000004000
0000000000004000
0000000000004000
0000000000004000
0000000000004000
0000000000004000
0000000000004000
0000000000004000
0000000000004000
0000000000004000
0000000000004000
0000000000004000
0000000000004000
0000000000004000
0000000000004000
0000000000004000
0000000000004000
0000000000004000
0000000000004000
0000000000004000
0000000000004000
0000000000004000
0000000000004000
0000000000004000
0000000000004000
0000000000004000
0000000000004000
0000000000004000
0000000000004000
0000000000004000
0000000000004000
0000000000004000
0000000000004000
0000000000004000
0000000000004000
0000000000004000
0000000000004000
0000000000004000
0000000000004000
0000000000004000
0000000000004000
0000000000004000
0000000000004000
0000000000004000
0000000000004000
0000000000004000
0000000000004000
0000000000004000
0000000000004000
0000000000004000
0000000000004000
0000000000004000
0000000000004000
0000000000004000
0000000000004000
0000000000004000
0000000000004000
0000000000004000
0000000000004000
0000000000004000
0000000000004000
0000000000004000
0000000000004000
0000000000004000
0000000000004000
0000000000004000
0000000000004000
0000000000004000
0000000000004000
0000000000004000
0000000000004000
0000000000004000
0000000000004000
0000000000004000
0000000000004000
0000000000004000
0000000000004000
0000000000004000
0000000000004000
0000000000004000
0000000000004000
0000000000004000
0000000000004000
0000000000004000
0000000000004000
0000000000004000
0000000000004000
0000000000004000
0000000000004000
0000000000004000
0000000000004000
0000000000004000
0000000000004000
0000000000004000
0000000000004000
0000000000004000
0000000000004000
0000000000004000
0000000000004000
0000000000004000
0000000000004000
0000000000004000
0000000000004000
0000000000004000
0000000000004000
0000000000004000
0000000000004000
0000000000004000
0000000000004000
0000000000004000
0000000000004000
0000000000004000
0000000000004000
0000000000004000
0000000000004000
0000000000004000
0000000000004000
0000000000004000
0000000000004000
0000000000004000
0000000000004000
0000000000004000
0000000000004000
0000000000004000
0000000000004000
0000000000004000
0000000000004000
0000000000004000
0000000000004000
0000000000004000
0000000000004000
0000000000004000
0000000000004000
0000000000004000
0000000000004000
0000000000004000
0000000000004000
0000000000004000
0000000000004000
0000000000004000
0000000000004000
0000000000004000
0000000000004000
0000000000004000
0000000000004000
0000000000004000
0000000000004000
0000000000004000
0000000000004000
0000000000004000
0000000000004000
0000000000004000
0000000000004000
0000000000004000
0000000000004000
0000000000004000
0000000000004000
0000000000004000
0000000000004000
0000000000004000
0000000000004000
0000000000004000
0000000000004000
0000000000004000
0000000000004000
0000000000004000
0000000000004000
0000000000004000
0000000000004000
0000000000004000
0000000000004000
0000000000004000
0000000000004000
0000000000004000
0000000000004000
0000000000004000
0000000000004000
0000000000004000
0000000000004000
0000000000004000
0000000000004000
0000000000004000
0000000000004000
0000000000004000
0000000000004000
0000000000004000
0000000000004000
0000000000004000
0000000000004000
0000000000004000
0000000000004000
0000000000004000
0000000000004000
0000000000004000
0000000000004000
0000000000004000
0000000000004000
0000000000004000
0000000000004000
0000000000004000
0000000000004000
0000000000004000
0000000000004000
0000000000004000
0000000000004000
0000000000004000
0000000000004000
0000000000004000
0000000000004000
0000000000004000
0000000000004000
0000000000004000
0000000000004000
0000000000004000
0000000000004000
0000000000004000
0000000000004000
0000000000004000
0000000000004000
0000000000004000
0000000000004000
0000000000004000
0000000000004000
0000000000004000
0000000000004000
0000000000004000
0000000000004000
0000000000004000
0000000000004000
0000000000004000
0000000000004000
0000000000004000
0000000000004000
0000000000004000
0000000000004000
0000000000004000
0000000000004000
0000000000004000
0000000000004000
0000000000004000
0000000000004000
0000000000004000
0000000000004000
0000000000004000
0000000000004000
0000000000004000
0000000000004000
0000000000004000
0000000000004000
0000000000004000
0000000000004000
0000000000004000
0000000000004000
0000000000004000
0000000000004000
0000000000004000
0000000000004000
0000000000004000
0000000000004000
0000000000004000
0000000000004000
0000000000004000
0000000000004000
0000000000004000
0000000000004000
0000000000004000
0000000000004000
0000000000004000
0000000000004000
0000000000004000
0000000000004000
0000000000004000
0000000000004000
0000000000004000
0000000000004000
0000000000004000
0000000000004000
0000000000004000
0000000000004000
0000000000004000
0000000000004000
0000000000004000
0000000000004000
0000000000004000
0000000000004000
0000000000004000
0000000000004000
0000000000004000
0000000000004000
0000000000004000
0000000000004000
0000000000004000
0000000000004000
0000000000004000
0000000000004000
0000000000004000
0000000000004000
0000000000004000
0000000000004000
0000000000004000
0000000000004000
0000000000004000
0000000000004000
0000000000004000
0000000000004000
0000000000004000
0000000000004000
0000000000004000
0000000000004000
0000000000004000
0000000000004000
0000000000004000
0000000000004000
0000000000004000
0000000000004000
0000000000004000
0000000000004000
0000000000004000
0000000000004000
0000000000004000
0000000000004000
0000000000004000
0000000000004000
0000000000004000
0000000000004000
0000000000004000
0000000000004000
0000000000004000
0000000000004000
0000000000004000
0000000000004000
0000000000004000
0000000000004000
0000000000004000
0000000000004000
0000000000004000
0000000000004000
0000000000004000
0000000000004000
0000000000004000
0000000000004000
0000000000004000
0000000000004000
0000000000004000
0000000000004000
0000000000004000
0000000000004000
0000000000004000
0000000000004000
0000000000004000
0000000000004000
0000000000004000
0000000000004000
0000000000004000
0000000000004000
0000000000004000
0000000000004000
0000000000004000
0000000000004000
0000000000004000
0000000000004000
0000000000004000
0000000000004000
0000000000004000
0000000000004000
0000000000004000
0000000000004000
0000000000004000
0000000000004000
0000000000004000
0000000000004000
0000000000004000
0000000000004000
0000000000004000
0000000000004000
0000000000004000
0000000000004000
0000000000004000
0000000000004000
0000000000004000
0000000000004000
0000000000004000
0000000000004000
0000000000004000
0000000000004000
0000000000004000
0000000000004000
0000000000004000
0000000000004000
0000000000004000
0000000000004000
0000000000004000
0000000000004000
0000000000004000
0000000000004000
0000000000004000
0000000000004000
0000000000004000
0000000000004000
0000000000004000
0000000000004000
0000000000004000
0000000000004000
0000000000004000
0000000000004000
0000000000004000
0000000000004000
0000000000004000
0000000000004000
0000000000004000
0000000000004000
0000000000004000
0000000000004000
0000000000004000
0000000000004000
0000000000004000
0000000000004000
0000000000004000
0000000000004000
0000000000004000
0000000000004000
0000000000004000
0000000000004000
0000000000004000
0000000000004000
0000000000004000
0000000000004000
0000000000004000
0000000000004000
0000000000004000
0000000000004000
0000000000004000
0000000000004000
0000000000004000
0000000000004000
0000000000004000
0000000000004000
0000000000004000
0000000000004000
0000000000004000
0000000000004000
0000000000004000
0000000000004000
0000000000004000
0000000000004000
0000000000004000
0000000000004000
0000000000004000
0000000000004000
0000000000004000
0000000000004000
0000000000004000
0000000000004000
0000000000004000
0000000000004000
0000000000004000
0000000000004000
0000000000004000
0000000000004000
0000000000004000
0000000000004000
0000000000004000
0000000000004000
0000000000004000
0000000000004000
0000000000004000
0000000000004000
0000000000004000
0000000000004000
0000000000004000
0000000000004000
0000000000004000
0000000000004000
0000000000004000
0000000000004000
0000000000004000
0000000000004000
0000000000004000
0000000000004000
0000000000004000
0000000000004000
0000000000004000
0000000000004000
0000000000004000
0000000000004000
0000000000004000
0000000000004000
0000000000004000
0000000000004000
0000000000004000
0000000000004000
0000000000004000
0000000000004000
0000000000004000
0000000000004000
0000000000004000
0000000000004000
0000000000004000
0000000000004000
0000000000004000
0000000000004000
0000000000004000
0000000000004000
0000000000004000
0000000000004000
0000000000004000
0000000000004000
0000000000004000
0000000000004000
0000000000004000
0000000000004000
0000000000004000
0000000000004000
0000000000004000
0000000000004000
0000000000004000
0000000000004000
0000000000004000
0000000000004000
0000000000004000
0000000000004000
0000000000004000
0000000000004000
0000000000004000
0000000000004000
0000000000004000
0000000000004000
0000000000004000
0000000000004000
0000000000004000
0000000000004000
0000000000004000
0000000000004000
0000000000004000
0000000000004000
0000000000004000
0000000000004000
0000000000004000
0000000000004000
0000000000004000
0000000000004000
0000000000004000
0000000000004000
0000000000004000
0000000000004000
0000000000004000
0000000000004000
0000000000004000
0000000000004000
0000000000004000
0000000000004000
0000000000004000
0000000000004000
0000000000004000
0000000000004000
0000000000004000
0000000000004000
0000000000004000
0000000000004000
0000000000004000
0000000000004000
0000000000004000
0000000000004000
0000000000004000
0000000000004000
0000000000004000
0000000000004000
0000000000004000
0000000000004000
0000000000004000
0000000000004000
0000000000004000
0000000000004000
0000000000004000
0000000000004000
0000000000004000
0000000000004000
0000000000004000
0000000000004000
0000000000004000
0000000000004000
0000000000004000
0000000000004000
0000000000004000
0000000000004000
0000000000004000
0000000000004000
0000000000004000
0000000000004000
0000000000004000
0000000000004000
0000000000004000
0000000000004000
0000000000004000
0000000000004000
0000000000004000
0000000000004000
0000000000004000
0000000000004000
0000000000004000
0000000000004000
0000000000004000
0000000000004000
0000000000004000
0000000000004000
0000000000004000
0000000000004000
0000000000004000
0000000000004000
0000000000004000
0000000000004000
0000000000004000
0000000000004000
0000000000004000
0000000000004000
0000000000004000
0000000000004000
0000000000004000
0000000000004000
0000000000004000
0000000000004000
0000000000004000
0000000000004000
0000000000004000
0000000000004000
0000000000004000
0000000000004000
0000000000004000
0000000000004000
0000000000004000
0000000000004000
0000000000004000
0000000000004000
0000000000004000
0000000000004000
0000000000004000
0000000000004000
0000000000004000
0000000000004000
0000000000004000
0000000000004000
0000000000004000
0000000000004000
0000000000004000
0000000000004000
0000000000004000
0000000000004000
0000000000004000
0000000000004000
0000000000004000
0000000000004000
0000000000004000
0000000000004000
0000000000004000
0000000000004000
0000000000004000
0000000000004000
0000000000004000
0000000000004000
0000000000004000
0000000000004000
0000000000004000
0000000000004000
0000000000004000
0000000000004000
0000000000004000
0000000000004000
0000000000004000
0000000000004000
0000000000004000
0000000000004000
0000000000004000
0000000000004000
0000000000004000
0000000000004000
0000000000004000
0000000000004000
0000000000004000
0000000000004000
0000000000004000
0000000000004000
0000000000004000
0000000000004000
0000000000004000
0000000000004000
0000000000004000
0000000000004000
0000000000004000
0000000000004000
0000000000004000
0000000000004000
0000000000004000
0000000000004000
0000000000004000
0000000000004000
0000000000004000
0000000000004000
0000000000004000
0000000000004000
0000000000004000
0000000000004000
0000000000004000
0000000000004000
0000000000004000
0000000000004000
0000000000004000
0000000000004000
0000000000004000
0000000000004000
0000000000004000
0000000000004000
0000000000004000
0000000000004000
0000000000004000
0000000000004000
0000000000004000
0000000000004000
0000000000004000
0000000000004000
0000000000004000
0000000000004000
0000000000004000
0000000000004000
0000000000004000
0000000000004000
0000000000004000
0000000000004000
0000000000004000
0000000000004000
0000000000004000
0000000000004000
0000000000004000
0000000000004000
0000000000004000
0000000000004000
0000000000004000
0000000000004000
0000000000004000
0000000000004000
0000000000004000
0000000000004000
0000000000004000
0000000000004000
0000000000004000
0000000000004000
0000000000004000
0000000000004000
0000000000004000
0000000000004000
0000000000004000
0000000000004000
0000000000004000
0000000000004000
0000000000004000
0000000000004000
0000000000004000
0000000000004000
0000000000004000
0000000000004000
0000000000004000
0000000000004000
0000000000004000
0000000000004000
0000000000004000
0000000000004000
0000000000004000
0000000000004000
0000000000004000
0000000000004000
0000000000004000
0000000000004000
0000000000004000
0000000000004000
0000000000004000
0000000000004000
0000000000004000
0000000000004000
0000000000004000
0000000000004000
0000000000004000
0000000000004000
0000000000004000
0000000000004000
0000000000004000
0000000000004000
0000000000004000
0000000000004000
0000000000004000
0000000000004000
0000000000004000
0000000000004000
0000000000004000
0000000000004000
0000000000004000
0000000000004000
0000000000004000
0000000000004000
0000000000004000
0000000000004000
0000000000004000
0000000000004000
0000000000004000
0000000000004000
0000000000004000
0000000000004000
0000000000004000
0000000000004000
0000000000004000
0000000000004000
0000000000004000
0000000000004000
0000000000004000
0000000000004000
0000000000004000
0000000000004000
0000000000004000
0000000000004000
0000000000004000
0000000000004000
0000000000004000
0000000000004000
0000000000004000
0000000000004000
0000000000004000
0000000000004000
0000000000004000
0000000000004000
0000000000004000
0000000000004000
0000000000004000
0000000000004000
0000000000004000
0000000000004000
0000000000004000
0000000000004000
0000000000004000
0000000000004000
0000000000004000
0000000000004000
0000000000004000
0000000000004000
0000000000004000
0000000000004000
0000000000004000
0000000000004000
0000000000004000
0000000000004000
0000000000004000
0000000000004000
0000000000004000
0000000000004000
0000000000004000
0000000000004000
0000000000004000
0000000000004000
0000000000004000
0000000000004000
0000000000004000
0000000000004000
0000000000004000
0000000000004000
0000000000004000
0000000000004000
0000000000004000
0000000000004000
0000000000004000
0000000000004000
0000000000004000
0000000000004000
0000000000004000
0000000000004000
0000000000004000
0000000000004000
0000000000004000
0000000000004000
0000000000004000
0000000000004000
0000000000004000
0000000000004000
0000000000004000
0000000000004000
0000000000004000
0000000000004000
0000000000004000
0000000000004000
0000000000004000
0000000000004000
0000000000004000
0000000000004000
0000000000004000
0000000000004000
0000000000004000
0000000000004000
0000000000004000
0000000000004000
0000000000004000
0000000000004000
0000000000004000
0000000000004000
0000000000004000
0000000000004000
0000000000004000
0000000000004000
0000000000004000
0000000000004000
0000000000004000
0000000000004000
0000000000004000
0000000000004000
0000000000004000
0000000000004000
0000000000004000
0000000000004000
0000000000004000
0000000000004000
0000000000004000
0000000000004000
0000000000004000
0000000000004000
0000000000004000
0000000000004000
0000000000004000
0000000000004000
0000000000004000
0000000000004000
0000000000004000
0000000000004000
0000000000004000
0000000000004000
0000000000004000
0000000000004000
0000000000004000
0000000000004000
0000000000004000
0000000000004000
0000000000004000
0000000000004000
0000000000004000
0000000000004000
0000000000004000
0000000000004000
0000000000004000
0000000000004000
0000000000004000
0000000000004000
0000000000004000
0000000000004000
0000000000004000
0000000000004000
0000000000004000
0000000000004000
0000000000004000
0000000000004000
0000000000004000
0000000000004000
0000000000004000
0000000000004000
0000000000004000
0000000000004000
0000000000004000
0000000000004000
0000000000004000
0000000000004000
0000000000004000
0000000000004000
0000000000004000
0000000000004000
0000000000004000
0000000000004000
0000000000004000
0000000000004000
0000000000004000
0000000000004000
0000000000004000
0000000000004000
0000000000004000
0000000000004000
0000000000004000
0000000000004000
0000000000004000
0000000000004000
0000000000004000
0000000000004000
0000000000004000
0000000000004000
0000000000004000
0000000000004000
0000000000004000
0000000000004000
0000000000004000
0000000000004000
0000000000004000
0000000000004000
0000000000004000
0000000000004000
0000000000004000
0000000000004000
0000000000004000
0000000000004000
0000000000004000
0000000000004000
0000000000004000
0000000000004000
0000000000004000
0000000000004000
0000000000004000
0000000000004000
0000000000004000
0000000000004000
0000000000004000
0000000000004000
0000000000004000
0000000000004000
0000000000004000
0000000000004000
0000000000004000
0000000000004000
0000000000004000
0000000000004000
0000000000004000
0000000000004000
0000000000004000
0000000000004000
0000000000004000
0000000000004000
0000000000004000
0000000000004000
0000000000004000
0000000000004000
0000000000004000
0000000000004000
0000000000004000
0000000000004000
0000000000004000
0000000000004000
0000000000004000
0000000000004000
0000000000004000
0000000000004000
0000000000004000
0000000000004000
0000000000004000
0000000000004000
0000000000004000
0000000000004000
0000000000004000
0000000000004000
0000000000004000
0000000000004000
0000000000004000
0000000000004000
0000000000004000
0000000000004000
0000000000004000
0000000000004000
0000000000004000
0000000000004000
0000000000004000
0000000000004000
0000000000004000
0000000000004000
0000000000004000
0000000000004000
0000000000004000
0000000000004000
0000000000004000
0000000000004000
0000000000004000
0000000000004000
0000000000004000
0000000000004000
0000000000004000
0000000000004000
0000000000004000
0000000000004000
0000000000004000
0000000000004000
0000000000004000
0000000000004000
0000000000004000
0000000000004000
0000000000004000
0000000000004000
0000000000004000
0000000000004000
0000000000004000
0000000000004000
0000000000004000
0000000000004000
0000000000004000
0000000000004000
0000000000004000
0000000000004000
0000000000004000
0000000000004000
0000000000004000
0000000000004000
0000000000004000
0000000000004000
0000000000004000
0000000000004000
0000000000004000
0000000000004000
0000000000004000
0000000000004000
0000000000004000
0000000000004000
0000000000004000
0000000000004000
0000000000004000
0000000000004000
0000000000004000
0000000000004000
0000000000004000
0000000000004000
0000000000004000
0000000000004000
0000000000004000
0000000000004000
0000000000004000
0000000000004000
0000000000004000
0000000000004000
0000000000004000
0000000000004000
0000000000004000
0000000000004000
0000000000004000
0000000000004000
0000000000004000
0000000000004000
0000000000004000
0000000000004000
0000000000004000
0000000000004000
0000000000004000
0000000000004000
0000000000004000
0000000000004000
0000000000004000
0000000000004000
0000000000004000
0000000000004000
0000000000004000
0000000000004000
0000000000004000
0000000000004000
0000000000004000
0000000000004000
0000000000004000
0000000000004000
0000000000004000
0000000000004000
0000000000004000
0000000000004000
0000000000004000
0000000000004000
0000000000004000
0000000000004000
0000000000004000
0000000000004000
0000000000004000
0000000000004000
0000000000004000
0000000000004000
0000000000004000
0000000000004000
0000000000004000
0000000000004000
0000000000004000
0000000000004000
0000000000004000
0000000000004000
0000000000004000
0000000000004000
0000000000004000
0000000000004000
0000000000004000
0000000000004000
0000000000004000
0000000000004000
0000000000004000
0000000000004000
0000000000004000
0000000000004000
0000000000004000
0000000000004000
0000000000004000
0000000000004000
0000000000004000
0000000000004000
0000000000004000
0000000000004000
0000000000004000
0000000000004000
0000000000004000
0000000000004000
0000000000004000
0000000000004000
0000000000004000
0000000000004000
0000000000004000
0000000000004000
0000000000004000
0000000000004000
0000000000004000
0000000000004000
0000000000004000
0000000000004000
0000000000004000
0000000000004000
0000000000004000
0000000000004000
0000000000004000
0000000000004000
0000000000004000
0000000000004000
0000000000004000
0000000000004000
0000000000004000
0000000000004000
0000000000004000
0000000000004000
0000000000004000
0000000000004000
0000000000004000
0000000000004000
0000000000004000
0000000000004000
0000000000004000
0000000000004000
0000000000004000
0000000000004000
0000000000004000
0000000000004000
0000000000004000
0000000000004000
0000000000004000
0000000000004000
0000000000004000
0000000000004000
0000000000004000
0000000000004000
0000000000004000
0000000000004000
0000000000004000
0000000000004000
0000000000004000
0000000000004000
0000000000004000
0000000000004000
0000000000004000
0000000000004000
0000000000004000
0000000000004000
0000000000004000
0000000000004000
0000000000004000
0000000000004000
0000000000004000
0000000000004000
0000000000004000
0000000000004000
0000000000004000
0000000000004000
0000000000004000
0000000000004000
0000000000004000
0000000000004000
0000000000004000
0000000000004000
0000000000004000
0000000000004000
0000000000004000
0000000000004000
0000000000004000
0000000000004000
0000000000004000
0000000000004000
0000000000004000
0000000000004000
0000000000004000
0000000000004000
0000000000004000
0000000000004000
0000000000004000
0000000000004000
0000000000004000
0000000000004000
0000000000004000
0000000000004000
0000000000004000
0000000000004000
0000000000004000
0000000000004000
0000000000004000
0000000000004000
0000000000004000
0000000000004000
0000000000004000
0000000000004000
0000000000004000
0000000000004000
0000000000004000
0000000000004000
0000000000004000
0000000000004000
0000000000004000
0000000000004000
0000000000004000
0000000000004000
0000000000004000
0000000000004000
0000000000004000
0000000000004000
0000000000004000
0000000000004000
0000000000004000
0000000000004000
0000000000004000
0000000000004000
0000000000004000
0000000000004000
0000000000004000
0000000000004000
0000000000004000
0000000000004000
0000000000004000
0000000000004000
0000000000004000
0000000000004000
0000000000004000
0000000000004000
0000000000004000
0000000000004000
0000000000004000
0000000000004000
0000000000004000
0000000000004000
0000000000004000
0000000000004000
0000000000004000
0000000000004000
0000000000004000
0000000000004000
0000000000004000
0000000000004000
0000000000004000
0000000000004000
0000000000004000
0000000000004000
0000000000004000
0000000000004000
0000000000004000
0000000000004000
0000000000004000
0000000000004000
0000000000004000
0000000000004000
0000000000004000
0000000000004000
0000000000004000
0000000000004000
0000000000004000
0000000000004000
0000000000004000
0000000000004000
0000000000004000
0000000000004000
0000000000004000
0000000000004000
0000000000004000
0000000000004000
0000000000004000
0000000000004000
0000000000004000
0000000000004000
0000000000004000
0000000000004000
0000000000004000
0000000000004000
0000000000004000
0000000000004000
0000000000004000
0000000000004000
0000000000004000
0000000000004000
0000000000004000
0000000000004000
0000000000004000
0000000000004000
0000000000004000
0000000000004000
0000000000004000
0000000000004000
0000000000004000
0000000000004000
0000000000004000
0000000000004000
0000000000004000
0000000000004000
0000000000004000
0000000000004000
0000000000004000
0000000000004000
0000000000004000
0000000000004000
0000000000004000
0000000000004000
0000000000004000
0000000000004000
0000000000004000
0000000000004000
0000000000004000
0000000000004000
0000000000004000
0000000000004000
0000000000004000
0000000000004000
0000000000004000
0000000000004000
0000000000004000
0000000000004000
0000000000004000
0000000000004000
0000000000004000
0000000000004000
0000000000004000
0000000000004000
0000000000004000
0000000000004000
0000000000004000
0000000000004000
0000000000004000
0000000000004000
0000000000004000
0000000000004000
0000000000004000
0000000000004000
0000000000004000
0000000000004000
0000000000004000
0000000000004000
0000000000004000
0000000000004000
0000000000004000
0000000000004000
0000000000004000
0000000000004000
0000000000004000
0000000000004000
0000000000004000
0000000000004000
0000000000004000
0000000000004000
0000000000004000
0000000000004000
0000000000004000
0000000000004000
0000000000004000
0000000000004000
0000000000004000
0000000000004000
0000000000004000
0000000000004000
0000000000004000
0000000000004000
0000000000004000
0000000000004000
0000000000004000
0000000000004000
0000000000004000
0000000000004000
0000000000004000
0000000000004000
0000000000004000
0000000000004000
0000000000004000
0000000000004000
0000000000004000
0000000000004000
0000000000004000
0000000000004000
0000000000004000
0000000000004000
0000000000004000
0000000000004000
0000000000004000
0000000000004000
0000000000004000
0000000000004000
0000000000004000
0000000000004000
0000000000004000
0000000000004000
0000000000004000
0000000000004000
0000000000004000
0000000000004000
0000000000004000
0000000000004000
0000000000004000
0000000000004000
0000000000004000
0000000000004000
0000000000004000
0000000000004000
0000000000004000
0000000000004000
0000000000004000
0000000000004000
0000000000004000
0000000000004000
0000000000004000
0000000000004000
0000000000004000
0000000000004000
0000000000004000
0000000000004000
0000000000004000
0000000000004000
0000000000004000
0000000000004000
0000000000004000
0000000000004000
0000000000004000
0000000000004000
0000000000004000
0000000000004000
0000000000004000
0000000000004000
0000000000004000
0000000000004000
0000000000004000
0000000000004000
0000000000004000
0000000000004000
0000000000004000
0000000000004000
0000000000004000
0000000000004000
0000000000004000
0000000000004000
0000000000004000
0000000000004000
0000000000004000
0000000000004000
0000000000004000
0000000000004000
0000000000004000
0000000000004000
0000000000004000
0000000000004000
0000000000004000
0000000000004000
0000000000004000
0000000000004000
0000000000004000
0000000000004000
0000000000004000
0000000000004000
0000000000004000
0000000000004000
0000000000004000
0000000000004000
0000000000004000
0000000000004000
0000000000004000
0000000000004000
0000000000004000
0000000000004000
0000000000004000
0000000000004000
0000000000004000
0000000000004000
0000000000004000
0000000000004000
0000000000004000
0000000000004000
0000000000004000
0000000000004000
0000000000004000
0000000000004000
0000000000004000
0000000000004000
0000000000004000
0000000000004000
0000000000004000
0000000000004000
0000000000004000
0000000000004000
0000000000004000
0000000000004000
0000000000004000
0000000000004000
0000000000004000
0000000000004000
0000000000004000
0000000000004000
0000000000004000
0000000000004000
0000000000004000
0000000000004000
0000000000004000
0000000000004000
0000000000004000
0000000000004000
0000000000004000
0000000000004000
0000000000004000
0000000000004000
0000000000004000
0000000000004000
0000000000004000
0000000000004000
0000000000004000
0000000000004000
0000000000004000
0000000000004000
0000000000004000
0000000000004000
0000000000004000
0000000000004000
0000000000004000
0000000000004000
0000000000004000
0000000000004000
0000000000004000
0000000000004000
0000000000004000
0000000000004000
0000000000004000
0000000000004000
0000000000004000
0000000000004000
0000000000004000
0000000000004000
0000000000004000
0000000000004000
0000000000004000
0000000000004000
0000000000004000
0000000000004000
0000000000004000
0000000000004000
0000000000004000
0000000000004000
0000000000004000
0000000000004000
0000000000004000
0000000000004000
0000000000004000
0000000000004000
0000000000004000
0000000000004000
0000000000004000
0000000000004000
0000000000004000
0000000000004000
0000000000004000
0000000000004000
0000000000004000
0000000000004000
0000000000004000
0000000000004000
0000000000004000
0000000000004000
0000000000004000
0000000000004000
0000000000004000
0000000000004000
0000000000004000
0000000000004000
0000000000004000
0000000000004000
0000000000004000
0000000000004000
0000000000004000
0000000000004000
0000000000004000
0000000000004000
0000000000004000
0000000000004000
0000000000004000
0000000000004000
0000000000004000
0000000000004000
0000000000004000
0000000000004000
0000000000004000
0000000000004000
0000000000004000
0000000000004000
0000000000004000
0000000000004000
0000000000004000
0000000000004000
0000000000004000
0000000000004000
0000000000004000
0000000000004000
0000000000004000
0000000000004000
0000000000004000
0000000000004000
0000000000004000
0000000000004000
0000000000004000
0000000000004000
0000000000004000
0000000000004000
0000000000004000
0000000000004000
0000000000004000
0000000000004000
0000000000004000
0000000000004000
0000000000004000
0000000000004000
0000000000004000
0000000000004000
0000000000004000
0000000000004000
0000000000004000
0000000000004000
0000000000004000
0000000000004000
0000000000004000
0000000000004000
0000000000004000
0000000000004000
0000000000004000
0000000000004000
0000000000004000
0000000000004000
0000000000004000
0000000000004000
0000000000004000
0000000000004000
0000000000004000
0000000000004000
0000000000004000
0000000000004000
0000000000004000
0000000000004000
0000000000004000
0000000000004000
0000000000004000
0000000000004000
0000000000004000
0000000000004000
0000000000004000
0000000000004000
0000000000004000
0000000000004000
0000000000004000
0000000000004000
0000000000004000
0000000000004000
0000000000004000
0000000000004000
0000000000004000
0000000000004000
0000000000004000
0000000000004000
0000000000004000
0000000000004000
0000000000004000
0000000000004000
0000000000004000
0000000000004000
0000000000004000
0000000000004000
0000000000004000
0000000000004000
0000000000004000
0000000000004000
0000000000004000
0000000000004000
0000000000004000
0000000000004000
0000000000004000
0000000000004000
0000000000004000
0000000000004000
0000000000004000
0000000000004000
0000000000004000
0000000000004000
0000000000004000
0000000000004000
0000000000004000
0000000000004000
0000000000004000
0000000000004000
0000000000004000
0000000000004000
0000000000004000
0000000000004000
0000000000004000
0000000000004000
0000000000004000
0000000000004000
0000000000004000
0000000000004000
0000000000004000
0000000000004000
0000000000004000
0000000000004000
0000000000004000
0000000000004000
0000000000004000
0000000000004000
0000000000004000
0000000000004000
0000000000004000
0000000000004000
0000000000004000
0000000000004000
0000000000004000
0000000000004000
0000000000004000
0000000000004000
0000000000004000
0000000000004000
0000000000004000
0000000000004000
0000000000004000
0000000000004000
0000000000004000
0000000000004000
0000000000004000
0000000000004000
0000000000004000
0000000000004000
0000000000004000
0000000000004000
0000000000004000
0000000000004000
0000000000004000
0000000000004000
0000000000004000
0000000000004000
0000000000004000
0000000000004000
0000000000004000
0000000000004000
0000000000004000
0000000000004000
0000000000004000
0000000000004000
0000000000004000
0000000000004000
0000000000004000
0000000000004000
0000000000004000
0000000000004000
0000000000004000
0000000000004000
0000000000004000
0000000000004000
0000000000004000
0000000000004000
0000000000004000
0000000000004000
0000000000004000
0000000000004000
0000000000004000
0000000000004000
0000000000004000
0000000000004000
0000000000004000
0000000000004000
0000000000004000
0000000000004000
0000000000004000
0000000000004000
0000000000004000
0000000000004000
0000000000004000
0000000000004000
0000000000004000
0000000000004000
0000000000004000
0000000000004000
0000000000004000
0000000000004000
0000000000004000
0000000000004000
0000000000004000
0000000000004000
0000000000004000
0000000000004000
0000000000004000
0000000000004000
0000000000004000
0000000000004000
0000000000004000
0000000000004000
0000000000004000
0000000000004000
0000000000004000
0000000000004000
0000000000004000
0000000000004000
0000000000004000
0000000000004000
0000000000004000
0000000000004000
0000000000004000
0000000000004000
0000000000004000
0000000000004000
0000000000004000
0000000000004000
0000000000004000
0000000000004000
0000000000004000
0000000000004000
0000000000004000
0000000000004000
0000000000004000
0000000000004000
0000000000004000
0000000000004000
0000000000004000
0000000000004000
0000000000004000
0000000000004000
0000000000004000
0000000000004000
0000000000004000
0000000000004000
0000000000004000
0000000000004000
0000000000004000
0000000000004000
0000000000004000
0000000000004000
0000000000004000
0000000000004000
0000000000004000
0000000000004000
0000000000004000
0000000000004000
0000000000004000
0000000000004000
0000000000004000
0000000000004000
0000000000004000
0000000000004000
0000000000004000
0000000000004000
0000000000004000
0000000000004000
0000000000004000
0000000000004000
0000000000004000
0000000000004000
0000000000004000
0000000000004000
0000000000004000
0000000000004000
0000000000004000
0000000000004000
0000000000004000
0000000000004000
0000000000004000
0000000000004000
0000000000004000
0000000000004000
0000000000004000
0000000000004000
0000000000004000
0000000000004000
0000000000004000
0000000000004000
0000000000004000
0000000000004000
0000000000004000
0000000000004000
0000000000004000
0000000000004000
0000000000004000
0000000000004000
0000000000004000
0000000000004000
0000000000004000
0000000000004000
0000000000004000
0000000000004000
0000000000004000
0000000000004000
0000000000004000
0000000000004000
0000000000004000
0000000000004000
0000000000004000
0000000000004000
0000000000004000
0000000000004000
0000000000004000
0000000000004000
0000000000004000
0000000000004000
0000000000004000
0000000000004000
0000000000004000
0000000000004000
0000000000004000
0000000000004000
0000000000004000
0000000000004000
0000000000004000
0000000000004000
0000000000004000
0000000000004000
0000000000004000
0000000000004000
0000000000004000
0000000000004000
0000000000004000
0000000000004000
0000000000004000
0000000000004000
0000000000004000
0000000000004000
0000000000004000
0000000000004000
0000000000004000
0000000000004000
0000000000004000
0000000000004000
0000000000004000
0000000000004000
0000000000004000
0000000000004000
0000000000004000
0000000000004000
0000000000004000
0000000000004000
0000000000004000
0000000000004000
0000000000004000
0000000000004000
0000000000004000
0000000000004000
0000000000004000
0000000000004000
0000000000004000
0000000000004000
0000000000004000
0000000000004000
0000000000004000
0000000000004000
0000000000004000
0000000000004000
0000000000004000
0000000000004000
0000000000004000
0000000000004000
0000000000004000
0000000000004000
0000000000004000
0000000000004000
0000000000004000
0000000000004000
0000000000004000
0000000000004000
0000000000004000
0000000000004000
0000000000004000
0000000000004000
0000000000004000
0000000000004000
0000000000004000
0000000000004000
0000000000004000
0000000000004000
0000000000004000
0000000000004000
0000000000004000
0000000000004000
0000000000004000
0000000000004000
0000000000004000
0000000000004000
0000000000004000
0000000000004000
0000000000004000
0000000000004000
0000000000004000
0000000000004000
0000000000004000
0000000000004000
0000000000004000
0000000000004000
0000000000004000
0000000000004000
0000000000004000
0000000000004000
0000000000004000
0000000000004000
0000000000004000
0000000000004000
0000000000004000
0000000000004000
0000000000004000
0000000000004000
0000000000004000
0000000000004000
0000000000004000
0000000000004000
0000000000004000
0000000000004000
0000000000004000
0000000000004000
0000000000004000
0000000000004000
0000000000004000
0000000000004000
0000000000004000
0000000000004000
0000000000004000
0000000000004000
0000000000004000
0000000000004000
0000000000004000
0000000000004000
0000000000004000
0000000000004000
0000000000004000
0000000000004000
0000000000004000
0000000000004000
0000000000004000
0000000000004000
0000000000004000
0000000000004000
0000000000004000
0000000000004000
0000000000004000
0000000000004000
0000000000004000
0000000000004000
0000000000004000
0000000000004000
0000000000004000
0000000000004000
0000000000004000
0000000000004000
0000000000004000
0000000000004000
0000000000004000
0000000000004000
0000000000004000
0000000000004000
0000000000004000
0000000000004000
0000000000004000
0000000000004000
0000000000004000
0000000000004000
0000000000004000
0000000000004000
0000000000004000
0000000000004000
0000000000004000
0000000000004000
0000000000004000
0000000000004000
0000000000004000
0000000000004000
0000000000004000
0000000000004000
0000000000004000
0000000000004000
0000000000004000
0000000000004000
0000000000004000
0000000000004000
0000000000004000
0000000000004000
0000000000004000
0000000000004000
0000000000004000
0000000000004000
0000000000004000
0000000000004000
0000000000004000
0000000000004000
0000000000004000
0000000000004000
0000000000004000
0000000000004000
0000000000004000
0000000000004000
0000000000004000
0000000000004000
0000000000004000
0000000000004000
0000000000004000
0000000000004000
0000000000004000
0000000000004000
0000000000004000
0000000000004000
0000000000004000
0000000000004000
0000000000004000
0000000000004000
0000000000004000
0000000000004000
0000000000004000
0000000000004000
0000000000004000
0000000000004000
0000000000004000
0000000000004000
0000000000004000
0000000000004000
0000000000004000
0000000000004000
0000000000004000
0000000000004000
0000000000004000
0000000000004000
0000000000004000
0000000000004000
0000000000004000
0000000000004000
0000000000004000
0000000000004000
0000000000004000
0000000000004000
0000000000004000
0000000000004000
0000000000004000
0000000000004000
0000000000004000
0000000000004000
0000000000004000
0000000000004000
0000000000004000
0000000000004000
0000000000004000
0000000000004000
0000000000004000
0000000000004000
0000000000004000
0000000000004000
0000000000004000
0000000000004000
0000000000004000
0000000000004000
0000000000004000
0000000000004000
0000000000004000
0000000000004000
0000000000004000
0000000000004000
0000000000004000
0000000000004000
0000000000004000
0000000000004000
0000000000004000
0000000000004000
0000000000004000
0000000000004000
0000000000004000
0000000000004000
0000000000004000
0000000000004000
0000000000004000
0000000000004000
0000000000004000
0000000000004000
0000000000004000
0000000000004000
0000000000004000
0000000000004000
0000000000004000
0000000000004000
0000000000004000
0000000000004000
0000000000004000
0000000000004000
0000000000004000
0000000000004000
0000000000004000
0000000000004000
0000000000004000
0000000000004000
0000000000004000
0000000000004000
0000000000004000
0000000000004000
0000000000004000
0000000000004000
0000000000004000
0000000000004000
0000000000004000
0000000000004000
0000000000004000
0000000000004000
0000000000004000
0000000000004000
0000000000004000
0000000000004000
0000000000004000
0000000000004000
0000000000004000
0000000000004000
0000000000004000
0000000000004000
0000000000004000
0000000000004000
0000000000004000
0000000000004000
0000000000004000
0000000000004000
0000000000004000
0000000000004000
0000000000004000
0000000000004000
0000000000004000
0000000000004000
0000000000004000
0000000000004000
0000000000004000
0000000000004000
0000000000004000
0000000000004000
0000000000004000
0000000000004000
0000000000004000
0000000000004000
0000000000004000
0000000000004000
0000000000004000
0000000000004000
0000000000004000
0000000000004000
0000000000004000
0000000000004000
0000000000004000
0000000000004000
0000000000004000
0000000000004000
0000000000004000
0000000000004000
0000000000004000
0000000000004000
0000000000004000
0000000000004000
0000000000004000
0000000000004000
0000000000004000
0000000000004000
0000000000004000
0000000000004000
0000000000004000
0000000000004000
0000000000004000
0000000000004000
0000000000004000
0000000000004000
0000000000004000
0000000000004000
0000000000004000
0000000000004000
0000000000004000
0000000000004000
0000000000004000
0000000000004000
0000000000004000
0000000000004000
0000000000004000
0000000000004000
0000000000004000
0000000000004000
0000000000004000
0000000000004000
0000000000004000
0000000000004000
0000000000004000
0000000000004000
0000000000004000
0000000000004000
0000000000004000
0000000000004000
0000000000004000
0000000000004000
0000000000004000
0000000000004000
0000000000004000
0000000000004000
0000000000004000
0000000000004000
0000000000004000
0000000000004000
0000000000004000
0000000000004000
0000000000004000
0000000000004000
0000000000004000
0000000000004000
0000000000004000
0000000000004000
0000000000004000
0000000000004000
0000000000004000
0000000000004000
0000000000004000
0000000000004000
0000000000004000
0000000000004000
0000000000004000
0000000000004000
0000000000004000
0000000000004000
0000000000004000
0000000000004000
0000000000004000
0000000000004000
0000000000004000
0000000000004000
0000000000004000
0000000000004000
0000000000004000
0000000000004000
0000000000004000
0000000000004000
0000000000004000
0000000000004000
0000000000004000
0000000000004000
0000000000004000
0000000000004000
0000000000004000
0000000000004000
0000000000004000
0000000000004000
0000000000004000
0000000000004000
0000000000004000
0000000000004000
0000000000004000
0000000000004000
0000000000004000
0000000000004000
0000000000004000
0000000000004000
0000000000004000
0000000000004000
0000000000004000
0000000000004000
0000000000004000
0000000000004000
0000000000004000
0000000000004000
0000000000004000
0000000000004000
0000000000004000
0000000000004000
0000000000004000
0000000000004000
0000000000004000
0000000000004000
0000000000004000
0000000000004000
0000000000004000
0000000000004000
0000000000004000
0000000000004000
0000000000004000
0000000000004000
0000000000004000
0000000000004000
0000000000004000
0000000000004000
0000000000004000
0000000000004000
0000000000004000
0000000000004000
0000000000004000
0000000000004000
0000000000004000
0000000000004000
0000000000004000
0000000000004000
0000000000004000
0000000000004000
0000000000004000
0000000000004000
0000000000004000
0000000000004000
0000000000004000
0000000000004000
0000000000004000
0000000000004000
0000000000004000
0000000000004000
0000000000004000
0000000000004000
0000000000004000
0000000000004000
0000000000004000
0000000000004000
0000000000004000
0000000000004000
0000000000004000
0000000000004000
0000000000004000
0000000000004000
0000000000004000
0000000000004000
0000000000004000
0000000000004000
0000000000004000
0000000000004000
0000000000004000
0000000000004000
0000000000004000
0000000000004000
0000000000004000
0000000000004000
0000000000004000
0000000000004000
0000000000004000
0000000000004000
0000000000004000
0000000000004000
0000000000004000
0000000000004000
0000000000004000
0000000000004000
0000000000004000
0000000000004000
0000000000004000
0000000000004000
0000000000004000
0000000000004000
0000000000004000
0000000000004000
0000000000004000
0000000000004000
0000000000004000
0000000000004000
0000000000004000
0000000000004000
0000000000004000
0000000000004000
0000000000004000
0000000000004000
0000000000004000
0000000000004000
0000000000004000
0000000000004000
0000000000004000
0000000000004000
0000000000004000
0000000000004000
0000000000004000
0000000000004000
0000000000004000
0000000000004000
0000000000004000
0000000000004000
0000000000004000
0000000000004000
0000000000004000
0000000000004000
0000000000004000
0000000000004000
0000000000004000
0000000000004000
0000000000004000
0000000000004000
0000000000004000
0000000000004000
0000000000004000
0000000000004000
0000000000004000
0000000000004000
0000000000004000
0000000000004000
0000000000004000
0000000000004000
0000000000004000
0000000000004000
0000000000004000
0000000000004000
0000000000004000
0000000000004000
0000000000004000
0000000000004000
0000000000004000
0000000000004000
0000000000004000
0000000000004000
0000000000004000
0000000000004000
0000000000004000
0000000000004000
0000000000004000
0000000000004000
0000000000004000
0000000000004000
0000000000004000
0000000000004000
0000000000004000
0000000000004000
0000000000004000
0000000000004000
0000000000004000
0000000000004000
0000000000004000
0000000000004000
0000000000004000
0000000000004000
0000000000004000
0000000000004000
0000000000004000
0000000000004000
0000000000004000
0000000000004000
0000000000004000
0000000000004000
0000000000004000
0000000000004000
0000000000004000
0000000000004000
0000000000004000
0000000000004000
0000000000004000
0000000000004000
0000000000004000
0000000000004000
0000000000004000
0000000000004000
0000000000004000
0000000000004000
0000000000004000
0000000000004000
0000000000004000
0000000000004000
0000000000004000
0000000000004000
0000000000004000
0000000000004000
0000000000004000
0000000000004000
0000000000004000
0000000000004000
0000000000004000
0000000000004000
0000000000004000
0000000000004000
0000000000004000
0000000000004000
0000000000004000
0000000000004000
0000000000004000
0000000000004000
0000000000004000
0000000000004000
0000000000004000
0000000000004000
0000000000004000
0000000000004000
0000000000004000
0000000000004000
0000000000004000
0000000000004000
0000000000004000
0000000000004000
0000000000004000
0000000000004000
0000000000004000
0000000000004000
0000000000004000
0000000000004000
0000000000004000
0000000000004000
0000000000004000
0000000000004000
0000000000004000
0000000000004000
0000000000004000
0000000000004000
0000000000004000
0000000000004000
0000000000004000
0000000000004000
0000000000004000
0000000000004000
0000000000004000
0000000000004000
0000000000004000
0000000000004000
0000000000004000
0000000000004000
0000000000004000
0000000000004000
0000000000004000
0000000000004000
0000000000004000
0000000000004000
0000000000004000
0000000000004000
0000000000004000
0000000000004000
0000000000004000
0000000000004000
0000000000004000
0000000000004000
0000000000004000
0000000000004000
0000000000004000
0000000000004000
0000000000004000
0000000000004000
0000000000004000
0000000000004000
0000000000004000
0000000000004000
0000000000004000
0000000000004000
0000000000004000
0000000000004000
0000000000004000
0000000000004000
0000000000004000
0000000000004000
0000000000004000
0000000000004000
0000000000004000
0000000000004000
0000000000004000
0000000000004000
0000000000004000
0000000000004000
0000000000004000
0000000000004000
0000000000004000
0000000000004000
0000000000004000
0000000000004000
0000000000004000
0000000000004000
0000000000004000
0000000000004000
0000000000004000
0000000000004000
0000000000004000
0000000000004000
0000000000004000
0000000000004000
0000000000004000
0000000000004000
0000000000004000
0000000000004000
0000000000004000
0000000000004000
0000000000004000
0000000000004000
0000000000004000
0000000000004000
0000000000004000
0000000000004000
0000000000004000
0000000000004000
0000000000004000
0000000000004000
0000000000004000
0000000000004000
0000000000004000
0000000000004000
0000000000004000
0000000000004000
0000000000004000
0000000000004000
0000000000004000
0000000000004000
0000000000004000
0000000000004000
0000000000004000
0000000000004000
0000000000004000
0000000000004000
0000000000004000
0000000000004000
0000000000004000
0000000000004000
0000000000004000
0000000000004000
0000000000004000
0000000000004000
0000000000004000
0000000000004000
0000000000004000
0000000000004000
0000000000004000
0000000000004000
0000000000004000
0000000000004000
0000000000004000
0000000000004000
0000000000004000
0000000000004000
0000000000004000
0000000000004000
0000000000004000
0000000000004000
0000000000004000
0000000000004000
0000000000004000
0000000000004000
0000000000004000
0000000000004000
0000000000004000
0000000000004000
0000000000004000
0000000000004000
0000000000004000
0000000000004000
0000000000004000
0000000000004000
0000000000004000
0000000000004000
0000000000004000
0000000000004000
0000000000004000
0000000000004000
0000000000004000
0000000000004000
0000000000004000
0000000000004000
0000000000004000
0000000000004000
0000000000004000
0000000000004000
0000000000004000
0000000000004000
0000000000004000
0000000000004000
0000000000004000
0000000000004000
0000000000004000
0000000000004000
0000000000004000
0000000000004000
0000000000004000
0000000000004000
0000000000004000
0000000000004000
0000000000004000
0000000000004000
0000000000004000
0000000000004000
0000000000004000
0000000000004000
0000000000004000
0000000000004000
0000000000004000
0000000000004000
0000000000004000
0000000000004000
0000000000004000
0000000000004000
0000000000004000
0000000000004000
0000000000004000
0000000000004000
0000000000004000
0000000000004000
0000000000004000
0000000000004000
0000000000004000
0000000000004000
0000000000004000
0000000000004000
0000000000004000
0000000000004000
0000000000004000
0000000000004000
0000000000004000
0000000000004000
0000000000004000
0000000000004000
0000000000004000
0000000000004000
0000000000004000
0000000000004000
0000000000004000
0000000000004000
0000000000004000
0000000000004000
0000000000004000
0000000000004000
0000000000004000
0000000000004000
0000000000004000
0000000000004000
0000000000004000
0000000000004000
0000000000004000
0000000000004000
0000000000004000
0000000000004000
0000000000004000
0000000000004000
0000000000004000
0000000000004000
0000000000004000
0000000000004000
0000000000004000
0000000000004000
0000000000004000
0000000000004000
0000000000004000
0000000000004000
0000000000004000
0000000000004000
0000000000004000
0000000000004000
0000000000004000
0000000000004000
0000000000004000
0000000000004000
0000000000004000
0000000000004000
0000000000004000
0000000000004000
0000000000004000
0000000000004000
0000000000004000
0000000000004000
0000000000004000
0000000000004000
0000000000004000
0000000000004000
0000000000004000
0000000000004000
0000000000004000
0000000000004000
0000000000004000
0000000000004000
0000000000004000
0000000000004000
0000000000004000
0000000000004000
0000000000004000
0000000000004000
0000000000004000
0000000000004000
0000000000004000
0000000000004000
0000000000004000
0000000000004000
0000000000004000
0000000000004000
0000000000004000
0000000000004000
0000000000004000
0000000000004000
0000000000004000
0000000000004000
0000000000004000
0000000000004000
0000000000004000
0000000000004000
0000000000004000
0000000000004000
0000000000004000
0000000000004000
0000000000004000
0000000000004000
0000000000004000
0000000000004000
0000000000004000
0000000000004000
0000000000004000
0000000000004000
0000000000004000
0000000000004000
0000000000004000
0000000000004000
0000000000004000
0000000000004000
0000000000004000
0000000000004000
0000000000004000
0000000000004000
0000000000004000
0000000000004000
0000000000004000
0000000000004000
0000000000004000
0000000000004000
0000000000004000
0000000000004000
0000000000004000
0000000000004000
0000000000004000
0000000000004000
0000000000004000
0000000000004000
0000000000004000
0000000000004000
0000000000004000
0000000000004000
0000000000004000
0000000000004000
0000000000004000
0000000000004000
0000000000004000
0000000000004000
0000000000004000
0000000000004000
0000000000004000
0000000000004000
0000000000004000
0000000000004000
0000000000004000
0000000000004000
0000000000004000
0000000000004000
0000000000004000
0000000000004000
0000000000004000
0000000000004000
0000000000004000
0000000000004000
0000000000004000
0000000000004000
0000000000004000
0000000000004000
0000000000004000
0000000000004000
0000000000004000
0000000000004000
0000000000004000
0000000000004000
0000000000004000
0000000000004000
0000000000004000
0000000000004000
0000000000004000
0000000000004000
0000000000004000
0000000000004000
0000000000004000
0000000000004000
0000000000004000
0000000000004000
0000000000004000
0000000000004000
0000000000004000
0000000000004000
0000000000004000
0000000000004000
0000000000004000
0000000000004000
0000000000004000
0000000000004000
0000000000004000
0000000000004000
0000000000004000
0000000000004000
0000000000004000
0000000000004000
0000000000004000
0000000000004000
0000000000004000
0000000000004000
0000000000004000
0000000000004000
0000000000004000
0000000000004000
0000000000004000
0000000000004000
0000000000004000
0000000000004000
0000000000004000
0000000000004000
0000000000004000
0000000000004000
0000000000004000
0000000000004000
0000000000004000
0000000000004000
0000000000004000
0000000000004000
0000000000004000
0000000000004000
0000000000004000
0000000000004000
0000000000004000
0000000000004000
0000000000004000
0000000000004000
0000000000004000
0000000000004000
0000000000004000
0000000000004000
0000000000004000
0000000000004000
0000000000004000
0000000000004000
0000000000004000
0000000000004000
0000000000004000
0000000000004000
0000000000004000
0000000000004000
0000000000004000
0000000000004000
0000000000004000
0000000000004000
0000000000004000
0000000000004000
0000000000004000
0000000000004000
0000000000004000
0000000000004000
0000000000004000
0000000000004000
0000000000004000
0000000000004000
0000000000004000
0000000000004000
0000000000004000
0000000000004000
0000000000004000
0000000000004000
0000000000004000
0000000000004000
0000000000004000
0000000000004000
0000000000004000
0000000000004000
0000000000004000
0000000000004000
0000000000004000
0000000000004000
0000000000004000
0000000000004000
0000000000004000
0000000000004000
0000000000004000
0000000000004000
0000000000004000
0000000000004000
0000000000004000
0000000000004000
0000000000004000
0000000000004000
0000000000004000
0000000000004000
0000000000004000
0000000000004000
0000000000004000
0000000000004000
0000000000004000
0000000000004000
0000000000004000
0000000000004000
0000000000004000
0000000000004000
0000000000004000
0000000000004000
0000000000004000
0000000000004000
0000000000004000
0000000000004000
0000000000004000
0000000000004000
0000000000004000
0000000000004000
0000000000004000
0000000000004000
0000000000004000
0000000000004000
0000000000004000
0000000000004000
0000000000004000
0000000000004000
0000000000004000
0000000000004000
0000000000004000
0000000000004000
0000000000004000
0000000000004000
0000000000004000
0000000000004000
0000000000004000
0000000000004000
0000000000004000
0000000000004000
0000000000004000
0000000000004000
0000000000004000
0000000000004000
0000000000004000
0000000000004000
0000000000004000
0000000000004000
0000000000004000
0000000000004000
0000000000004000
0000000000004000
0000000000004000
0000000000004000
0000000000004000
0000000000004000
0000000000004000
0000000000004000
0000000000004000
0000000000004000
0000000000004000
0000000000004000
0000000000004000
0000000000004000
0000000000004000
0000000000004000
0000000000004000
0000000000004000
0000000000004000
0000000000004000
0000000000004000
0000000000004000
0000000000004000
0000000000004000
0000000000004000
0000000000004000
0000000000004000
0000000000004000
0000000000004000
0000000000004000
0000000000004000
0000000000004000
0000000000004000
0000000000004000
0000000000004000
0000000000004000
0000000000004000
0000000000004000
0000000000004000
0000000000004000
0000000000004000
0000000000004000
0000000000004000
0000000000004000
0000000000004000
0000000000004000
0000000000004000
0000000000004000
0000000000004000
0000000000004000
0000000000004000
0000000000004000
0000000000004000
0000000000004000
0000000000004000
0000000000004000
0000000000004000
0000000000004000
0000000000004000
0000000000004000
0000000000004000
0000000000004000
0000000000004000
0000000000004000
0000000000004000
0000000000004000
0000000000004000
0000000000004000
0000000000004000
0000000000004000
0000000000004000
0000000000004000
0000000000004000
0000000000004000
0000000000004000
0000000000004000
0000000000004000
0000000000004000
0000000000004000
0000000000004000
0000000000004000
0000000000004000
0000000000004000
0000000000004000
0000000000004000
0000000000004000
0000000000004000
0000000000004000
0000000000004000
0000000000004000
0000000000004000
0000000000004000
0000000000004000
0000000000004000
0000000000004000
0000000000004000
0000000000004000
0000000000004000
0000000000004000
0000000000004000
0000000000004000
0000000000004000
0000000000004000
0000000000004000
0000000000004000
0000000000004000
0000000000004000
0000000000004000
0000000000004000
0000000000004000
0000000000004000
0000000000004000
0000000000004000
0000000000004000
0000000000004000
0000000000004000
0000000000004000
0000000000004000
0000000000004000
0000000000004000
0000000000004000
0000000000004000
0000000000004000
0000000000004000
0000000000004000
0000000000004000
0000000000004000
0000000000004000
0000000000004000
0000000000004000
0000000000004000
0000000000004000
0000000000004000
0000000000004000
0000000000004000
0000000000004000
0000000000004000
0000000000004000
0000000000004000
0000000000004000
0000000000004000
0000000000004000
0000000000004000
0000000000004000
0000000000004000
0000000000004000
0000000000004000
0000000000004000
0000000000004000
0000000000004000
0000000000004000
0000000000004000
0000000000004000
0000000000004000
0000000000004000
0000000000004000
0000000000004000
0000000000004000
0000000000004000
0000000000004000
0000000000004000
0000000000004000
0000000000004000
0000000000004000
0000000000004000
0000000000004000
0000000000004000
0000000000004000
0000000000004000
0000000000004000
0000000000004000
0000000000004000
0000000000004000
0000000000004000
0000000000004000
0000000000004000
0000000000004000
0000000000004000
0000000000004000
0000000000004000
0000000000004000
0000000000004000
0000000000004000
0000000000004000
0000000000004000
0000000000004000
0000000000004000
0000000000004000
0000000000004000
0000000000004000
0000000000004000
0000000000004000
0000000000004000
0000000000004000
0000000000004000
0000000000004000
0000000000004000
0000000000004000
0000000000004000
0000000000004000
0000000000004000
0000000000004000
0000000000004000
0000000000004000
0000000000004000
0000000000004000
0000000000004000
0000000000004000
0000000000004000
0000000000004000
0000000000004000
0000000000004000
0000000000004000
0000000000004000
0000000000004000
0000000000004000
0000000000004000
0000000000004000
0000000000004000
0000000000004000
0000000000004000
0000000000004000
0000000000004000
0000000000004000
0000000000004000
0000000000004000
0000000000004000
0000000000004000
0000000000004000
0000000000004000
0000000000004000
0000000000004000
0000000000004000
0000000000004000
0000000000004000
0000000000004000
0000000000004000
0000000000004000
0000000000004000
0000000000004000
0000000000004000
0000000000004000
0000000000004000
0000000000004000
0000000000004000
0000000000004000
0000000000004000
0000000000004000
0000000000004000
0000000000004000
0000000000004000
0000000000004000
0000000000004000
0000000000004000
0000000000004000
0000000000004000
0000000000004000
0000000000004000
0000000000004000
0000000000004000
0000000000004000
0000000000004000
0000000000004000
0000000000004000
0000000000004000
0000000000004000
0000000000004000
0000000000004000
0000000000004000
0000000000004000
0000000000004000
0000000000004000
0000000000004000
0000000000004000
0000000000004000
0000000000004000
0000000000004000
0000000000004000
0000000000004000
0000000000004000
0000000000004000
0000000000004000
0000000000004000
0000000000004000
0000000000004000
0000000000004000
0000000000004000
0000000000004000
0000000000004000
0000000000004000
0000000000004000
0000000000004000
0000000000004000
0000000000004000
0000000000004000
0000000000004000
0000000000004000
0000000000004000
0000000000004000
0000000000004000
0000000000004000
0000000000004000
0000000000004000
0000000000004000
0000000000004000
0000000000004000
0000000000004000
0000000000004000
0000000000004000
0000000000004000
0000000000004000
0000000000004000
0000000000004000
0000000000004000
0000000000004000
0000000000004000
0000000000004000
0000000000004000
0000000000004000
0000000000004000
0000000000004000
0000000000004000
0000000000004000
0000000000004000
0000000000004000
0000000000004000
0000000000004000
0000000000004000
0000000000004000
0000000000004000
0000000000004000
0000000000004000
0000000000004000
0000000000004000
0000000000004000
0000000000004000
0000000000004000
0000000000004000
0000000000004000
0000000000004000
0000000000004000
0000000000004000
0000000000004000
0000000000004000
0000000000004000
0000000000004000
0000000000004000
0000000000004000
0000000000004000
0000000000004000
0000000000004000
0000000000004000
0000000000004000
0000000000004000
0000000000004000
0000000000004000
0000000000004000
0000000000004000
0000000000004000
0000000000004000
0000000000004000
0000000000004000
0000000000004000
0000000000004000
0000000000004000
0000000000004000
0000000000004000
0000000000004000
0000000000004000
0000000000004000
0000000000004000
0000000000004000
0000000000004000
0000000000004000
0000000000004000
0000000000004000
0000000000004000
0000000000004000
0000000000004000
0000000000004000
0000000000004000
0000000000004000
0000000000004000
0000000000004000
0000000000004000
0000000000004000
0000000000004000
0000000000004000
0000000000004000
0000000000004000
0000000000004000
0000000000004000
0000000000004000
0000000000004000
0000000000004000
0000000000004000
0000000000004000
0000000000004000
0000000000004000
0000000000004000
0000000000004000
0000000000004000
0000000000004000
0000000000004000
0000000000004000
0000000000004000
0000000000004000
0000000000004000
0000000000004000
0000000000004000
0000000000004000
0000000000004000
0000000000004000
0000000000004000
0000000000004000
0000000000004000
0000000000004000
0000000000004000
0000000000004000
0000000000004000
0000000000004000
0000000000004000
0000000000004000
0000000000004000
0000000000004000
0000000000004000
0000000000004000
0000000000004000
0000000000004000
0000000000004000
0000000000004000
0000000000004000
0000000000004000
0000000000004000
0000000000004000
0000000000004000
0000000000004000
0000000000004000
0000000000004000
0000000000004000
0000000000004000
0000000000004000
0000000000004000
0000000000004000
0000000000004000
0000000000004000
0000000000004000
0000000000004000
0000000000004000
0000000000004000
0000000000004000
0000000000004000
0000000000004000
0000000000004000
0000000000004000
0000000000004000
0000000000004000
0000000000004000
0000000000004000
0000000000004000
0000000000004000
0000000000004000
0000000000004000
0000000000004000
0000000000004000
0000000000004000
0000000000004000
0000000000004000
0000000000004000
0000000000004000
0000000000004000
0000000000004000
0000000000004000
0000000000004000
0000000000004000
0000000000004000
0000000000004000
0000000000004000
0000000000004000
0000000000004000
0000000000004000
0000000000004000
0000000000004000
0000000000004000
0000000000004000
0000000000004000
0000000000004000
0000000000004000
0000000000004000
0000000000004000
0000000000004000
0000000000004000
0000000000004000
0000000000004000
0000000000004000
0000000000004000
0000000000004000
0000000000004000
0000000000004000
0000000000004000
0000000000004000
0000000000004000
0000000000004000
0000000000004000
0000000000004000
0000000000004000
0000000000004000
0000000000004000
0000000000004000
0000000000004000
0000000000004000
0000000000004000
0000000000004000
0000000000004000
0000000000004000
0000000000004000
0000000000004000
0000000000004000
0000000000004000
0000000000004000
0000000000004000
0000000000004000
0000000000004000
0000000000004000
0000000000004000
0000000000004000
0000000000004000
0000000000004000
0000000000004000
0000000000004000
0000000000004000
0000000000004000
0000000000004000
0000000000004000
0000000000004000
0000000000004000
0000000000004000
0000000000004000
0000000000004000
0000000000004000
0000000000004000
0000000000004000
0000000000004000
0000000000004000
0000000000004000
0000000000004000
0000000000004000
0000000000004000
0000000000004000
0000000000004000
0000000000004000
0000000000004000
0000000000004000
0000000000004000
0000000000004000
0000000000004000
0000000000004000
0000000000004000
0000000000004000
0000000000004000
0000000000004000
0000000000004000
0000000000004000
0000000000004000
0000000000004000
0000000000004000
0000000000004000
0000000000004000
0000000000004000
0000000000004000
0000000000004000
0000000000004000
0000000000004000
0000000000004000
0000000000004000
0000000000004000
0000000000004000
0000000000004000
0000000000004000
0000000000004000
0000000000004000
0000000000004000
0000000000004000
0000000000004000
0000000000004000
0000000000004000
0000000000004000
0000000000004000
0000000000004000
0000000000004000
0000000000004000
0000000000004000
0000000000004000
0000000000004000
0000000000004000
0000000000004000
0000000000004000
0000000000004000
0000000000004000
0000000000004000
0000000000004000
0000000000004000
0000000000004000
0000000000004000
0000000000004000
0000000000004000
0000000000004000
0000000000004000
0000000000004000
0000000000004000
0000000000004000
0000000000004000
0000000000004000
0000000000004000
0000000000004000
0000000000004000
0000000000004000
0000000000004000
0000000000004000
0000000000004000
0000000000004000
0000000000004000
0000000000004000
0000000000004000
0000000000004000
0000000000004000
0000000000004000
0000000000004000
0000000000004000
0000000000004000
0000000000004000
0000000000004000
0000000000004000
0000000000004000
0000000000004000
0000000000004000
0000000000004000
0000000000004000
0000000000004000
0000000000004000
0000000000004000
0000000000004000
0000000000004000
0000000000004000
0000000000004000
0000000000004000
0000000000004000
0000000000004000
0000000000004000
0000000000004000
0000000000004000
0000000000004000
0000000000004000
0000000000004000
0000000000004000
0000000000004000
0000000000004000
0000000000004000
0000000000004000
0000000000004000
0000000000004000
0000000000004000
0000000000004000
0000000000004000
0000000000004000
0000000000004000
0000000000004000
0000000000004000
0000000000004000
0000000000004000
0000000000004000
0000000000004000
0000000000004000
0000000000004000
0000000000004000
0000000000004000
0000000000004000
0000000000004000
0000000000004000
0000000000004000
0000000000004000
0000000000004000
0000000000004000
0000000000004000
0000000000004000
0000000000004000
0000000000004000
0000000000004000
0000000000004000
0000000000004000
0000000000004000
0000000000004000
0000000000004000
0000000000004000
0000000000004000
0000000000004000
0000000000004000
0000000000004000
0000000000004000
0000000000004000
0000000000004000
0000000000004000
0000000000004000
0000000000004000
0000000000004000
0000000000004000
0000000000004000
0000000000004000
0000000000004000
0000000000004000
0000000000004000
0000000000004000
0000000000004000
0000000000004000
0000000000004000
0000000000004000
0000000000004000
0000000000004000
0000000000004000
0000000000004000
0000000000004000
0000000000004000
0000000000004000
0000000000004000
0000000000004000
0000000000004000
0000000000004000
0000000000004000
0000000000004000
0000000000004000
0000000000004000
0000000000004000
0000000000004000
0000000000004000
0000000000004000
0000000000004000
0000000000004000
0000000000004000
0000000000004000
0000000000004000
0000000000004000
0000000000004000
0000000000004000
0000000000004000
0000000000004000
0000000000004000
0000000000004000
0000000000004000
0000000000004000
0000000000004000
0000000000004000
0000000000004000
0000000000004000
0000000000004000
0000000000004000
0000000000004000
0000000000004000
0000000000004000
0000000000004000
0000000000004000
0000000000004000
0000000000004000
0000000000004000
0000000000004000
0000000000004000
0000000000004000
0000000000004000
0000000000004000
0000000000004000
0000000000004000
0000000000004000
0000000000004000
0000000000004000
0000000000004000
00000000ffffc000
00000000ffffc000
00000000ffffc000
00000000ffffc000
00000000ffffc000
00000000ffffc000
00000000ffffc000
00000000ffffc000
00000000ffffc000
00000000ffffc000
00000000ffffc000
00000000ffffc000
00000000ffffc000
00000000ffffc000
00000000ffffc000
00000000ffffc000
00000000ffffc000
00000000ffffc000
00000000ffffc000
00000000ffffc000
00000000ffffc000
00000000ffffc000
00000000ffffc000
00000000ffffc000
00000000ffffc000
00000000ffffc000
00000000ffffc000
00000000ffffc000
00000000ffffc000
00000000ffffc000
00000000ffffc000
00000000ffffc000
00000000ffffc000
00000000ffffc000
00000000ffffc000
00000000ffffc000
00000000ffffc000
00000000ffffc000
00000000ffffc000
00000000ffffc000
00000000ffffc000
00000000ffffc000
00000000ffffc000
00000000ffffc000
00000000ffffc000
00000000ffffc000
00000000ffffc000
00000000ffffc000
00000000ffffc000
00000000ffffc000
00000000ffffc000
00000000ffffc000
00000000ffffc000
00000000ffffc000
00000000ffffc000
00000000ffffc000
00000000ffffc000
00000000ffffc000
00000000ffffc000
00000000ffffc000
00000000ffffc000
00000000ffffc000
00000000ffffc000
00000000ffffc000
00000000ffffc000
00000000ffffc000
00000000ffffc000
00000000ffffc000
00000000ffffc000
00000000ffffc000
00000000ffffc000
00000000ffffc000
00000000ffffc000
00000000ffffc000
00000000ffffc000
00000000ffffc000
00000000ffffc000
00000000ffffc000
00000000ffffc000
00000000ffffc000
00000000ffffc000
00000000ffffc000
00000000ffffc000
00000000ffffc000
00000000ffffc000
00000000ffffc000
00000000ffffc000
00000000ffffc000
00000000ffffc000
00000000ffffc000
00000000ffffc000
00000000ffffc000
00000000ffffc000
00000000ffffc000
00000000ffffc000
00000000ffffc000
00000000ffffc000
00000000ffffc000
00000000ffffc000
00000000ffffc000
00000000ffffc000
00000000ffffc000
00000000ffffc000
00000000ffffc000
00000000ffffc000
00000000ffffc000
00000000ffffc000
00000000ffffc000
00000000ffffc000
00000000ffffc000
00000000ffffc000
00000000ffffc000
00000000ffffc000
00000000ffffc000
00000000ffffc000
00000000ffffc000
00000000ffffc000
00000000ffffc000
00000000ffffc000
00000000ffffc000
00000000ffffc000
00000000ffffc000
00000000ffffc000
00000000ffffc000
00000000ffffc000
00000000ffffc000
00000000ffffc000
00000000ffffc000
00000000ffffc000
00000000ffffc000
00000000ffffc000
00000000ffffc000
00000000ffffc000
00000000ffffc000
00000000ffffc000
00000000ffffc000
00000000ffffc000
00000000ffffc000
00000000ffffc000
00000000ffffc000
00000000ffffc000
00000000ffffc000
00000000ffffc000
00000000ffffc000
00000000ffffc000
00000000ffffc000
00000000ffffc000
00000000ffffc000
00000000ffffc000
00000000ffffc000
00000000ffffc000
00000000ffffc000
00000000ffffc000
00000000ffffc000
00000000ffffc000
00000000ffffc000
00000000ffffc000
00000000ffffc000
00000000ffffc000
00000000ffffc000
00000000ffffc000
00000000ffffc000
00000000ffffc000
00000000ffffc000
00000000ffffc000
00000000ffffc000
00000000ffffc000
00000000ffffc000
00000000ffffc000
00000000ffffc000
00000000ffffc000
00000000ffffc000
00000000ffffc000
00000000ffffc000
00000000ffffc000
00000000ffffc000
00000000ffffc000
00000000ffffc000
00000000ffffc000
00000000ffffc000
00000000ffffc000
00000000ffffc000
00000000ffffc000
00000000ffffc000
00000000ffffc000
00000000ffffc000
00000000ffffc000
00000000ffffc000
00000000ffffc000
00000000ffffc000
00000000ffffc000
00000000ffffc000
00000000ffffc000
00000000ffffc000
00000000ffffc000
00000000ffffc000
00000000ffffc000
00000000ffffc000
00000000ffffc000
00000000ffffc000
00000000ffffc000
00000000ffffc000
00000000ffffc000
00000000ffffc000
00000000ffffc000
00000000ffffc000
00000000ffffc000
00000000ffffc000
00000000ffffc000
00000000ffffc000
00000000ffffc000
00000000ffffc000
00000000ffffc000
00000000ffffc000
00000000ffffc000
00000000ffffc000
00000000ffffc000
00000000ffffc000
00000000ffffc000
00000000ffffc000
00000000ffffc000
00000000ffffc000
00000000ffffc000
00000000ffffc000
00000000ffffc000
00000000ffffc000
00000000ffffc000
00000000ffffc000
00000000ffffc000
00000000ffffc000
00000000ffffc000
00000000ffffc000
00000000ffffc000
00000000ffffc000
00000000ffffc000
00000000ffffc000
00000000ffffc000
00000000ffffc000
00000000ffffc000
00000000ffffc000
00000000ffffc000
00000000ffffc000
00000000ffffc000
00000000ffffc000
00000000ffffc000
00000000ffffc000
00000000ffffc000
00000000ffffc000
00000000ffffc000
00000000ffffc000
00000000ffffc000
00000000ffffc000
00000000ffffc000
00000000ffffc000
00000000ffffc000
00000000ffffc000
00000000ffffc000
00000000ffffc000
00000000ffffc000
00000000ffffc000
00000000ffffc000
00000000ffffc000
00000000ffffc000
00000000ffffc000
00000000ffffc000
00000000ffffc000
00000000ffffc000
00000000ffffc000
00000000ffffc000
00000000ffffc000
00000000ffffc000
00000000ffffc000
00000000ffffc000
00000000ffffc000
00000000ffffc000
00000000ffffc000
00000000ffffc000
00000000ffffc000
00000000ffffc000
00000000ffffc000
00000000ffffc000
00000000ffffc000
00000000ffffc000
00000000ffffc000
00000000ffffc000
00000000ffffc000
00000000ffffc000
00000000ffffc000
00000000ffffc000
00000000ffffc000
00000000ffffc000
00000000ffffc000
00000000ffffc000
00000000ffffc000
00000000ffffc000
00000000ffffc000
00000000ffffc000
00000000ffffc000
00000000ffffc000
00000000ffffc000
00000000ffffc000
00000000ffffc000
00000000ffffc000
00000000ffffc000
00000000ffffc000
00000000ffffc000
00000000ffffc000
00000000ffffc000
00000000ffffc000
00000000ffffc000
00000000ffffc000
00000000ffffc000
00000000ffffc000
00000000ffffc000
00000000ffffc000
00000000ffffc000
00000000ffffc000
00000000ffffc000
00000000ffffc000
00000000ffffc000
00000000ffffc000
00000000ffffc000
00000000ffffc000
00000000ffffc000
00000000ffffc000
00000000ffffc000
00000000ffffc000
00000000ffffc000
00000000ffffc000
00000000ffffc000
00000000ffffc000
00000000ffffc000
00000000ffffc000
00000000ffffc000
00000000ffffc000
00000000ffffc000
00000000ffffc000
00000000ffffc000
00000000ffffc000
00000000ffffc000
00000000ffffc000
00000000ffffc000
00000000ffffc000
00000000ffffc000
00000000ffffc000
00000000ffffc000
00000000ffffc000
00000000ffffc000
00000000ffffc000
00000000ffffc000
00000000ffffc000
00000000ffffc000
00000000ffffc000
00000000ffffc000
00000000ffffc000
00000000ffffc000
00000000ffffc000
00000000ffffc000
00000000ffffc000
00000000ffffc000
00000000ffffc000
00000000ffffc000
00000000ffffc000
00000000ffffc000
00000000ffffc000
00000000ffffc000
00000000ffffc000
00000000ffffc000
00000000ffffc000
00000000ffffc000
00000000ffffc000
00000000ffffc000
00000000ffffc000
00000000ffffc000
00000000ffffc000
00000000ffffc000
00000000ffffc000
00000000ffffc000
00000000ffffc000
00000000ffffc000
00000000ffffc000
00000000ffffc000
00000000ffffc000
00000000ffffc000
00000000ffffc000
00000000ffffc000
00000000ffffc000
00000000ffffc000
00000000ffffc000
00000000ffffc000
00000000ffffc000
00000000ffffc000
00000000ffffc000
00000000ffffc000
00000000ffffc000
00000000ffffc000
00000000ffffc000
00000000ffffc000
00000000ffffc000
00000000ffffc000
00000000ffffc000
00000000ffffc000
00000000ffffc000
00000000ffffc000
00000000ffffc000
00000000ffffc000
00000000ffffc000
00000000ffffc000
00000000ffffc000
00000000ffffc000
00000000ffffc000
00000000ffffc000
00000000ffffc000
00000000ffffc000
00000000ffffc000
00000000ffffc000
00000000ffffc000
00000000ffffc000
00000000ffffc000
00000000ffffc000
00000000ffffc000
00000000ffffc000
00000000ffffc000
00000000ffffc000
00000000ffffc000
00000000ffffc000
00000000ffffc000
00000000ffffc000
00000000ffffc000
00000000ffffc000
00000000ffffc000
00000000ffffc000
00000000ffffc000
00000000ffffc000
00000000ffffc000
00000000ffffc000
00000000ffffc000
00000000ffffc000
00000000ffffc000
00000000ffffc000
00000000ffffc000
00000000ffffc000
00000000ffffc000
00000000ffffc000
00000000ffffc000
00000000ffffc000
00000000ffffc000
00000000ffffc000
00000000ffffc000
00000000ffffc000
00000000ffffc000
00000000ffffc000
00000000ffffc000
00000000ffffc000
00000000ffffc000
00000000ffffc000
00000000ffffc000
00000000ffffc000
00000000ffffc000
00000000ffffc000
00000000ffffc000
00000000ffffc000
00000000ffffc000
00000000ffffc000
00000000ffffc000
00000000ffffc000
00000000ffffc000
00000000ffffc000
00000000ffffc000
00000000ffffc000
00000000ffffc000
00000000ffffc000
00000000ffffc000
00000000ffffc000
00000000ffffc000
00000000ffffc000
00000000ffffc000
00000000ffffc000
00000000ffffc000
00000000ffffc000
00000000ffffc000
00000000ffffc000
00000000ffffc000
00000000ffffc000
00000000ffffc000
00000000ffffc000
00000000ffffc000
00000000ffffc000
00000000ffffc000
00000000ffffc000
00000000ffffc000
00000000ffffc000
00000000ffffc000
00000000ffffc000
00000000ffffc000
00000000ffffc000
00000000ffffc000
00000000ffffc000
00000000ffffc000
00000000ffffc000
00000000ffffc000
00000000ffffc000
00000000ffffc000
00000000ffffc000
00000000ffffc000
00000000ffffc000
00000000ffffc000
00000000ffffc000
00000000ffffc000
00000000ffffc000
00000000ffffc000
00000000ffffc000
00000000ffffc000
00000000ffffc000
00000000ffffc000
00000000ffffc000
00000000ffffc000
00000000ffffc000
00000000ffffc000
00000000ffffc000
00000000ffffc000
00000000ffffc000
00000000ffffc000
00000000ffffc000
00000000ffffc000
00000000ffffc000
00000000ffffc000
00000000ffffc000
00000000ffffc000
00000000ffffc000
00000000ffffc000
00000000ffffc000
00000000ffffc000
00000000ffffc000
00000000ffffc000
00000000ffffc000
00000000ffffc000
00000000ffffc000
00000000ffffc000
00000000ffffc000
00000000ffffc000
00000000ffffc000
00000000ffffc000
00000000ffffc000
00000000ffffc000
00000000ffffc000
00000000ffffc000
00000000ffffc000
00000000ffffc000
00000000ffffc000
00000000ffffc000
00000000ffffc000
00000000ffffc000
00000000ffffc000
00000000ffffc000
00000000ffffc000
00000000ffffc000
00000000ffffc000
00000000ffffc000
00000000ffffc000
00000000ffffc000
00000000ffffc000
00000000ffffc000
00000000ffffc000
00000000ffffc000
00000000ffffc000
00000000ffffc000
00000000ffffc000
00000000ffffc000
00000000ffffc000
00000000ffffc000
00000000ffffc000
00000000ffffc000
00000000ffffc000
00000000ffffc000
00000000ffffc000
00000000ffffc000
00000000ffffc000
00000000ffffc000
00000000ffffc000
00000000ffffc000
00000000ffffc000
00000000ffffc000
00000000ffffc000
00000000ffffc000
00000000ffffc000
00000000ffffc000
00000000ffffc000
00000000ffffc000
00000000ffffc000
00000000ffffc000
00000000ffffc000
00000000ffffc000
00000000ffffc000
00000000ffffc000
00000000ffffc000
00000000ffffc000
00000000ffffc000
00000000ffffc000
00000000ffffc000
00000000ffffc000
00000000ffffc000
00000000ffffc000
00000000ffffc000
00000000ffffc000
00000000ffffc000
00000000ffffc000
00000000ffffc000
00000000ffffc000
00000000ffffc000
00000000ffffc000
00000000ffffc000
00000000ffffc000
00000000ffffc000
00000000ffffc000
00000000ffffc000
00000000ffffc000
00000000ffffc000
00000000ffffc000
00000000ffffc000
00000000ffffc000
00000000ffffc000
00000000ffffc000
00000000ffffc000
00000000ffffc000
00000000ffffc000
00000000ffffc000
00000000ffffc000
00000000ffffc000
00000000ffffc000
00000000ffffc000
00000000ffffc000
00000000ffffc000
00000000ffffc000
00000000ffffc000
00000000ffffc000
00000000ffffc000
00000000ffffc000
00000000ffffc000
00000000ffffc000
00000000ffffc000
00000000ffffc000
00000000ffffc000
00000000ffffc000
00000000ffffc000
00000000ffffc000
00000000ffffc000
00000000ffffc000
00000000ffffc000
00000000ffffc000
00000000ffffc000
00000000ffffc000
00000000ffffc000
00000000ffffc000
00000000ffffc000
00000000ffffc000
00000000ffffc000
00000000ffffc000
00000000ffffc000
00000000ffffc000
00000000ffffc000
00000000ffffc000
00000000ffffc000
00000000ffffc000
00000000ffffc000
00000000ffffc000
00000000ffffc000
00000000ffffc000
00000000ffffc000
00000000ffffc000
00000000ffffc000
00000000ffffc000
00000000ffffc000
00000000ffffc000
00000000ffffc000
00000000ffffc000
00000000ffffc000
00000000ffffc000
00000000ffffc000
00000000ffffc000
00000000ffffc000
00000000ffffc000
00000000ffffc000
00000000ffffc000
00000000ffffc000
00000000ffffc000
00000000ffffc000
00000000ffffc000
00000000ffffc000
00000000ffffc000
00000000ffffc000
00000000ffffc000
00000000ffffc000
00000000ffffc000
00000000ffffc000
00000000ffffc000
00000000ffffc000
00000000ffffc000
00000000ffffc000
00000000ffffc000
00000000ffffc000
00000000ffffc000
00000000ffffc000
00000000ffffc000
00000000ffffc000
00000000ffffc000
00000000ffffc000
00000000ffffc000
00000000ffffc000
00000000ffffc000
00000000ffffc000
00000000ffffc000
00000000ffffc000
00000000ffffc000
00000000ffffc000
00000000ffffc000
00000000ffffc000
00000000ffffc000
00000000ffffc000
00000000ffffc000
00000000ffffc000
00000000ffffc000
00000000ffffc000
00000000ffffc000
00000000ffffc000
00000000ffffc000
00000000ffffc000
00000000ffffc000
00000000ffffc000
00000000ffffc000
00000000ffffc000
00000000ffffc000
00000000ffffc000
00000000ffffc000
00000000ffffc000
00000000ffffc000
00000000ffffc000
00000000ffffc000
00000000ffffc000
00000000ffffc000
00000000ffffc000
00000000ffffc000
00000000ffffc000
00000000ffffc000
00000000ffffc000
00000000ffffc000
00000000ffffc000
00000000ffffc000
00000000ffffc000
00000000ffffc000
00000000ffffc000
00000000ffffc000
00000000ffffc000
00000000ffffc000
00000000ffffc000
00000000ffffc000
00000000ffffc000
00000000ffffc000
00000000ffffc000
00000000ffffc000
00000000ffffc000
00000000ffffc000
00000000ffffc000
00000000ffffc000
00000000ffffc000
00000000ffffc000
00000000ffffc000
00000000ffffc000
00000000ffffc000
00000000ffffc000
00000000ffffc000
00000000ffffc000
00000000ffffc000
00000000ffffc000
00000000ffffc000
00000000ffffc000
00000000ffffc000
00000000ffffc000
00000000ffffc000
00000000ffffc000
00000000ffffc000
00000000ffffc000
00000000ffffc000
00000000ffffc000
00000000ffffc000
00000000ffffc000
00000000ffffc000
00000000ffffc000
00000000ffffc000
00000000ffffc000
00000000ffffc000
00000000ffffc000
00000000ffffc000
00000000ffffc000
00000000ffffc000
00000000ffffc000
00000000ffffc000
00000000ffffc000
00000000ffffc000
00000000ffffc000
00000000ffffc000
00000000ffffc000
00000000ffffc000
00000000ffffc000
00000000ffffc000
00000000ffffc000
00000000ffffc000
00000000ffffc000
00000000ffffc000
00000000ffffc000
00000000ffffc000
00000000ffffc000
00000000ffffc000
00000000ffffc000
00000000ffffc000
00000000ffffc000
00000000ffffc000
00000000ffffc000
00000000ffffc000
00000000ffffc000
00000000ffffc000
00000000ffffc000
00000000ffffc000
00000000ffffc000
00000000ffffc000
00000000ffffc000
00000000ffffc000
00000000ffffc000
00000000ffffc000
00000000ffffc000
00000000ffffc000
00000000ffffc000
00000000ffffc000
00000000ffffc000
00000000ffffc000
00000000ffffc000
00000000ffffc000
00000000ffffc000
00000000ffffc000
00000000ffffc000
00000000ffffc000
00000000ffffc000
00000000ffffc000
00000000ffffc000
00000000ffffc000
00000000ffffc000
00000000ffffc000
00000000ffffc000
00000000ffffc000
00000000ffffc000
00000000ffffc000
00000000ffffc000
00000000ffffc000
00000000ffffc000
00000000ffffc000
00000000ffffc000
00000000ffffc000
00000000ffffc000
00000000ffffc000
00000000ffffc000
00000000ffffc000
00000000ffffc000
00000000ffffc000
00000000ffffc000
00000000ffffc000
00000000ffffc000
00000000ffffc000
00000000ffffc000
00000000ffffc000
00000000ffffc000
00000000ffffc000
00000000ffffc000
00000000ffffc000
00000000ffffc000
00000000ffffc000
00000000ffffc000
00000000ffffc000
00000000ffffc000
00000000ffffc000
00000000ffffc000
00000000ffffc000
00000000ffffc000
00000000ffffc000
00000000ffffc000
00000000ffffc000
00000000ffffc000
00000000ffffc000
00000000ffffc000
00000000ffffc000
00000000ffffc000
00000000ffffc000
00000000ffffc000
00000000ffffc000
00000000ffffc000
00000000ffffc000
00000000ffffc000
00000000ffffc000
00000000ffffc000
00000000ffffc000
00000000ffffc000
00000000ffffc000
00000000ffffc000
00000000ffffc000
00000000ffffc000
00000000ffffc000
00000000ffffc000
00000000ffffc000
00000000ffffc000
00000000ffffc000
00000000ffffc000
00000000ffffc000
00000000ffffc000
00000000ffffc000
00000000ffffc000
00000000ffffc000
00000000ffffc000
00000000ffffc000
00000000ffffc000
00000000ffffc000
00000000ffffc000
00000000ffffc000
00000000ffffc000
00000000ffffc000
00000000ffffc000
00000000ffffc000
00000000ffffc000
00000000ffffc000
00000000ffffc000
00000000ffffc000
00000000ffffc000
00000000ffffc000
00000000ffffc000
00000000ffffc000
00000000ffffc000
00000000ffffc000
00000000ffffc000
00000000ffffc000
00000000ffffc000
00000000ffffc000
00000000ffffc000
00000000ffffc000
00000000ffffc000
00000000ffffc000
00000000ffffc000
00000000ffffc000
00000000ffffc000
00000000ffffc000
00000000ffffc000
00000000ffffc000
00000000ffffc000
00000000ffffc000
00000000ffffc000
00000000ffffc000
00000000ffffc000
00000000ffffc000
00000000ffffc000
00000000ffffc000
00000000ffffc000
00000000ffffc000
00000000ffffc000
00000000ffffc000
00000000ffffc000
00000000ffffc000
00000000ffffc000
00000000ffffc000
00000000ffffc000
00000000ffffc000
00000000ffffc000
00000000ffffc000
00000000ffffc000
00000000ffffc000
00000000ffffc000
00000000ffffc000
00000000ffffc000
00000000ffffc000
00000000ffffc000
00000000ffffc000
00000000ffffc000
00000000ffffc000
00000000ffffc000
00000000ffffc000
00000000ffffc000
00000000ffffc000
00000000ffffc000
00000000ffffc000
00000000ffffc000
00000000ffffc000
00000000ffffc000
00000000ffffc000
00000000ffffc000
00000000ffffc000
00000000ffffc000
00000000ffffc000
00000000ffffc000
00000000ffffc000
00000000ffffc000
00000000ffffc000
00000000ffffc000
00000000ffffc000
00000000ffffc000
00000000ffffc000
00000000ffffc000
00000000ffffc000
00000000ffffc000
00000000ffffc000
00000000ffffc000
00000000ffffc000
00000000ffffc000
00000000ffffc000
00000000ffffc000
00000000ffffc000
00000000ffffc000
00000000ffffc000
00000000ffffc000
00000000ffffc000
00000000ffffc000
00000000ffffc000
00000000ffffc000
00000000ffffc000
00000000ffffc000
00000000ffffc000
00000000ffffc000
00000000ffffc000
00000000ffffc000
00000000ffffc000
00000000ffffc000
00000000ffffc000
00000000ffffc000
00000000ffffc000
00000000ffffc000
00000000ffffc000
00000000ffffc000
00000000ffffc000
00000000ffffc000
00000000ffffc000
00000000ffffc000
00000000ffffc000
00000000ffffc000
00000000ffffc000
00000000ffffc000
00000000ffffc000
00000000ffffc000
00000000ffffc000
00000000ffffc000
00000000ffffc000
00000000ffffc000
00000000ffffc000
00000000ffffc000
00000000ffffc000
00000000ffffc000
00000000ffffc000
00000000ffffc000
00000000ffffc000
00000000ffffc000
00000000ffffc000
00000000ffffc000
00000000ffffc000
00000000ffffc000
00000000ffffc000
00000000ffffc000
00000000ffffc000
00000000ffffc000
00000000ffffc000
00000000ffffc000
00000000ffffc000
00000000ffffc000
00000000ffffc000
00000000ffffc000
00000000ffffc000
00000000ffffc000
00000000ffffc000
00000000ffffc000
00000000ffffc000
00000000ffffc000
00000000ffffc000
00000000ffffc000
00000000ffffc000
00000000ffffc000
00000000ffffc000
00000000ffffc000
00000000ffffc000
00000000ffffc000
00000000ffffc000
00000000ffffc000
00000000ffffc000
00000000ffffc000
00000000ffffc000
00000000ffffc000
00000000ffffc000
00000000ffffc000
00000000ffffc000
00000000ffffc000
00000000ffffc000
00000000ffffc000
00000000ffffc000
00000000ffffc000
00000000ffffc000
00000000ffffc000
00000000ffffc000
00000000ffffc000
00000000ffffc000
00000000ffffc000
00000000ffffc000
00000000ffffc000
00000000ffffc000
00000000ffffc000
00000000ffffc000
00000000ffffc000
00000000ffffc000
00000000ffffc000
00000000ffffc000
00000000ffffc000
00000000ffffc000
00000000ffffc000
00000000ffffc000
00000000ffffc000
00000000ffffc000
00000000ffffc000
00000000ffffc000
00000000ffffc000
00000000ffffc000
00000000ffffc000
00000000ffffc000
00000000ffffc000
00000000ffffc000
00000000ffffc000
00000000ffffc000
00000000ffffc000
00000000ffffc000
00000000ffffc000
00000000ffffc000
00000000ffffc000
00000000ffffc000
00000000ffffc000
00000000ffffc000
00000000ffffc000
00000000ffffc000
00000000ffffc000
00000000ffffc000
00000000ffffc000
00000000ffffc000
00000000ffffc000
00000000ffffc000
00000000ffffc000
00000000ffffc000
00000000ffffc000
00000000ffffc000
00000000ffffc000
00000000ffffc000
00000000ffffc000
00000000ffffc000
00000000ffffc000
00000000ffffc000
00000000ffffc000
00000000ffffc000
00000000ffffc000
00000000ffffc000
00000000ffffc000
00000000ffffc000
00000000ffffc000
00000000ffffc000
00000000ffffc000
00000000ffffc000
00000000ffffc000
00000000ffffc000
00000000ffffc000
00000000ffffc000
00000000ffffc000
00000000ffffc000
00000000ffffc000
00000000ffffc000
00000000ffffc000
00000000ffffc000
00000000ffffc000
00000000ffffc000
00000000ffffc000
00000000ffffc000
00000000ffffc000
00000000ffffc000
00000000ffffc000
00000000ffffc000
00000000ffffc000
00000000ffffc000
00000000ffffc000
00000000ffffc000
00000000ffffc000
00000000ffffc000
00000000ffffc000
00000000ffffc000
00000000ffffc000
00000000ffffc000
00000000ffffc000
00000000ffffc000
00000000ffffc000
00000000ffffc000
00000000ffffc000
00000000ffffc000
00000000ffffc000
00000000ffffc000
00000000ffffc000
00000000ffffc000
00000000ffffc000
00000000ffffc000
00000000ffffc000
00000000ffffc000
00000000ffffc000
00000000ffffc000
00000000ffffc000
00000000ffffc000
00000000ffffc000
00000000ffffc000
00000000ffffc000
00000000ffffc000
00000000ffffc000
00000000ffffc000
00000000ffffc000
00000000ffffc000
00000000ffffc000
00000000ffffc000
00000000ffffc000
00000000ffffc000
00000000ffffc000
00000000ffffc000
00000000ffffc000
00000000ffffc000
00000000ffffc000
00000000ffffc000
00000000ffffc000
00000000ffffc000
00000000ffffc000
00000000ffffc000
00000000ffffc000
00000000ffffc000
00000000ffffc000
00000000ffffc000
00000000ffffc000
00000000ffffc000
00000000ffffc000
00000000ffffc000
00000000ffffc000
00000000ffffc000
00000000ffffc000
00000000ffffc000
00000000ffffc000
00000000ffffc000
00000000ffffc000
00000000ffffc000
00000000ffffc000
00000000ffffc000
00000000ffffc000
00000000ffffc000
00000000ffffc000
00000000ffffc000
00000000ffffc000
00000000ffffc000
00000000ffffc000
00000000ffffc000
00000000ffffc000
00000000ffffc000
00000000ffffc000
00000000ffffc000
00000000ffffc000
00000000ffffc000
00000000ffffc000
00000000ffffc000
00000000ffffc000
00000000ffffc000
00000000ffffc000
00000000ffffc000
00000000ffffc000
00000000ffffc000
00000000ffffc000
00000000ffffc000
00000000ffffc000
00000000ffffc000
00000000ffffc000
00000000ffffc000
00000000ffffc000
00000000ffffc000
00000000ffffc000
00000000ffffc000
00000000ffffc000
00000000ffffc000
00000000ffffc000
00000000ffffc000
00000000ffffc000
00000000ffffc000
00000000ffffc000
00000000ffffc000
00000000ffffc000
00000000ffffc000
00000000ffffc000
00000000ffffc000
00000000ffffc000
00000000ffffc000
00000000ffffc000
00000000ffffc000
00000000ffffc000
00000000ffffc000
00000000ffffc000
00000000ffffc000
00000000ffffc000
00000000ffffc000
00000000ffffc000
00000000ffffc000
00000000ffffc000
00000000ffffc000
00000000ffffc000
00000000ffffc000
00000000ffffc000
00000000ffffc000
00000000ffffc000
00000000ffffc000
00000000ffffc000
00000000ffffc000
00000000ffffc000
00000000ffffc000
00000000ffffc000
00000000ffffc000
00000000ffffc000
00000000ffffc000
00000000ffffc000
00000000ffffc000
00000000ffffc000
00000000ffffc000
00000000ffffc000
00000000ffffc000
00000000ffffc000
00000000ffffc000
00000000ffffc000
00000000ffffc000
00000000ffffc000
00000000ffffc000
00000000ffffc000
00000000ffffc000
00000000ffffc000
00000000ffffc000
00000000ffffc000
00000000ffffc000
00000000ffffc000
00000000ffffc000
00000000ffffc000
00000000ffffc000
00000000ffffc000
00000000ffffc000
00000000ffffc000
00000000ffffc000
00000000ffffc000
00000000ffffc000
00000000ffffc000
00000000ffffc000
00000000ffffc000
00000000ffffc000
00000000ffffc000
00000000ffffc000
00000000ffffc000
00000000ffffc000
00000000ffffc000
00000000ffffc000
00000000ffffc000
00000000ffffc000
00000000ffffc000
00000000ffffc000
00000000ffffc000
00000000ffffc000
00000000ffffc000
00000000ffffc000
00000000ffffc000
00000000ffffc000
00000000ffffc000
00000000ffffc000
00000000ffffc000
00000000ffffc000
00000000ffffc000
00000000ffffc000
00000000ffffc000
00000000ffffc000
00000000ffffc000
00000000ffffc000
00000000ffffc000
00000000ffffc000
00000000ffffc000
00000000ffffc000
00000000ffffc000
00000000ffffc000
00000000ffffc000
00000000ffffc000
00000000ffffc000
00000000ffffc000
00000000ffffc000
00000000ffffc000
00000000ffffc000
00000000ffffc000
00000000ffffc000
00000000ffffc000
00000000ffffc000
00000000ffffc000
00000000ffffc000
00000000ffffc000
00000000ffffc000
00000000ffffc000
00000000ffffc000
00000000ffffc000
00000000ffffc000
00000000ffffc000
00000000ffffc000
00000000ffffc000
00000000ffffc000
00000000ffffc000
00000000ffffc000
00000000ffffc000
00000000ffffc000
00000000ffffc000
00000000ffffc000
00000000ffffc000
00000000ffffc000
00000000ffffc000
00000000ffffc000
00000000ffffc000
00000000ffffc000
00000000ffffc000
00000000ffffc000
00000000ffffc000
00000000ffffc000
00000000ffffc000
00000000ffffc000
00000000ffffc000
00000000ffffc000
00000000ffffc000
00000000ffffc000
00000000ffffc000
00000000ffffc000
00000000ffffc000
00000000ffffc000
00000000ffffc000
00000000ffffc000
00000000ffffc000
00000000ffffc000
00000000ffffc000
00000000ffffc000
00000000ffffc000
00000000ffffc000
00000000ffffc000
00000000ffffc000
00000000ffffc000
00000000ffffc000
00000000ffffc000
00000000ffffc000
00000000ffffc000
00000000ffffc000
00000000ffffc000
00000000ffffc000
00000000ffffc000
00000000ffffc000
00000000ffffc000
00000000ffffc000
00000000ffffc000
00000000ffffc000
00000000ffffc000
00000000ffffc000
00000000ffffc000
00000000ffffc000
00000000ffffc000
00000000ffffc000
00000000ffffc000
00000000ffffc000
00000000ffffc000
00000000ffffc000
00000000ffffc000
00000000ffffc000
00000000ffffc000
00000000ffffc000
00000000ffffc000
00000000ffffc000
00000000ffffc000
00000000ffffc000
00000000ffffc000
00000000ffffc000
00000000ffffc000
00000000ffffc000
00000000ffffc000
00000000ffffc000
00000000ffffc000
00000000ffffc000
00000000ffffc000
00000000ffffc000
00000000ffffc000
00000000ffffc000
00000000ffffc000
00000000ffffc000
00000000ffffc000
00000000ffffc000
00000000ffffc000
00000000ffffc000
00000000ffffc000
00000000ffffc000
00000000ffffc000
00000000ffffc000
00000000ffffc000
00000000ffffc000
00000000ffffc000
00000000ffffc000
00000000ffffc000
00000000ffffc000
00000000ffffc000
00000000ffffc000
00000000ffffc000
00000000ffffc000
00000000ffffc000
00000000ffffc000
00000000ffffc000
00000000ffffc000
00000000ffffc000
00000000ffffc000
00000000ffffc000
00000000ffffc000
00000000ffffc000
00000000ffffc000
00000000ffffc000
00000000ffffc000
00000000ffffc000
00000000ffffc000
00000000ffffc000
00000000ffffc000
00000000ffffc000
00000000ffffc000
00000000ffffc000
00000000ffffc000
00000000ffffc000
00000000ffffc000
00000000ffffc000
00000000ffffc000
00000000ffffc000
00000000ffffc000
00000000ffffc000
00000000ffffc000
00000000ffffc000
00000000ffffc000
00000000ffffc000
00000000ffffc000
00000000ffffc000
00000000ffffc000
00000000ffffc000
00000000ffffc000
00000000ffffc000
00000000ffffc000
00000000ffffc000
00000000ffffc000
00000000ffffc000
00000000ffffc000
00000000ffffc000
00000000ffffc000
00000000ffffc000
00000000ffffc000
00000000ffffc000
00000000ffffc000
00000000ffffc000
00000000ffffc000
00000000ffffc000
00000000ffffc000
00000000ffffc000
00000000ffffc000
00000000ffffc000
00000000ffffc000
00000000ffffc000
00000000ffffc000
00000000ffffc000
00000000ffffc000
00000000ffffc000
00000000ffffc000
00000000ffffc000
00000000ffffc000
00000000ffffc000
00000000ffffc000
00000000ffffc000
00000000ffffc000
00000000ffffc000
00000000ffffc000
00000000ffffc000
00000000ffffc000
00000000ffffc000
00000000ffffc000
00000000ffffc000
00000000ffffc000
00000000ffffc000
00000000ffffc000
00000000ffffc000
00000000ffffc000
00000000ffffc000
00000000ffffc000
00000000ffffc000
00000000ffffc000
00000000ffffc000
00000000ffffc000
00000000ffffc000
00000000ffffc000
00000000ffffc000
00000000ffffc000
00000000ffffc000
00000000ffffc000
00000000ffffc000
00000000ffffc000
00000000ffffc000
00000000ffffc000
00000000ffffc000
00000000ffffc000
00000000ffffc000
00000000ffffc000
00000000ffffc000
00000000ffffc000
00000000ffffc000
00000000ffffc000
00000000ffffc000
00000000ffffc000
00000000ffffc000
00000000ffffc000
00000000ffffc000
00000000ffffc000
00000000ffffc000
00000000ffffc000
00000000ffffc000
00000000ffffc000
00000000ffffc000
00000000ffffc000
00000000ffffc000
00000000ffffc000
00000000ffffc000
00000000ffffc000
00000000ffffc000
00000000ffffc000
00000000ffffc000
00000000ffffc000
00000000ffffc000
00000000ffffc000
00000000ffffc000
00000000ffffc000
00000000ffffc000
00000000ffffc000
00000000ffffc000
00000000ffffc000
00000000ffffc000
00000000ffffc000
00000000ffffc000
00000000ffffc000
00000000ffffc000
00000000ffffc000
00000000ffffc000
00000000ffffc000
00000000ffffc000
00000000ffffc000
00000000ffffc000
00000000ffffc000
00000000ffffc000
00000000ffffc000
00000000ffffc000
00000000ffffc000
00000000ffffc000
00000000ffffc000
00000000ffffc000
00000000ffffc000
00000000ffffc000
00000000ffffc000
00000000ffffc000
00000000ffffc000
00000000ffffc000
00000000ffffc000
00000000ffffc000
00000000ffffc000
00000000ffffc000
00000000ffffc000
00000000ffffc000
00000000ffffc000
00000000ffffc000
00000000ffffc000
00000000ffffc000
00000000ffffc000
00000000ffffc000
00000000ffffc000
00000000ffffc000
00000000ffffc000
00000000ffffc000
00000000ffffc000
00000000ffffc000
00000000ffffc000
00000000ffffc000
00000000ffffc000
00000000ffffc000
00000000ffffc000
00000000ffffc000
00000000ffffc000
00000000ffffc000
00000000ffffc000
00000000ffffc000
00000000ffffc000
00000000ffffc000
00000000ffffc000
00000000ffffc000
00000000ffffc000
00000000ffffc000
00000000ffffc000
00000000ffffc000
00000000ffffc000
00000000ffffc000
00000000ffffc000
00000000ffffc000
00000000ffffc000
00000000ffffc000
00000000ffffc000
00000000ffffc000
00000000ffffc000
00000000ffffc000
00000000ffffc000
00000000ffffc000
00000000ffffc000
00000000ffffc000
00000000ffffc000
00000000ffffc000
00000000ffffc000
00000000ffffc000
00000000ffffc000
00000000ffffc000
00000000ffffc000
00000000ffffc000
00000000ffffc000
00000000ffffc000
00000000ffffc000
00000000ffffc000
00000000ffffc000
00000000ffffc000
00000000ffffc000
00000000ffffc000
00000000ffffc000
00000000ffffc000
00000000ffffc000
00000000ffffc000
00000000ffffc000
00000000ffffc000
00000000ffffc000
00000000ffffc000
00000000ffffc000
00000000ffffc000
00000000ffffc000
00000000ffffc000
00000000ffffc000
00000000ffffc000
00000000ffffc000
00000000ffffc000
00000000ffffc000
00000000ffffc000
00000000ffffc000
00000000ffffc000
00000000ffffc000
00000000ffffc000
00000000ffffc000
00000000ffffc000
00000000ffffc000
00000000ffffc000
00000000ffffc000
00000000ffffc000
00000000ffffc000
00000000ffffc000
00000000ffffc000
00000000ffffc000
00000000ffffc000
00000000ffffc000
00000000ffffc000
00000000ffffc000
00000000ffffc000
00000000ffffc000
00000000ffffc000
00000000ffffc000
00000000ffffc000
00000000ffffc000
00000000ffffc000
00000000ffffc000
00000000ffffc000
00000000ffffc000
00000000ffffc000
00000000ffffc000
00000000ffffc000
00000000ffffc000
00000000ffffc000
00000000ffffc000
00000000ffffc000
00000000ffffc000
00000000ffffc000
00000000ffffc000
00000000ffffc000
00000000ffffc000
00000000ffffc000
00000000ffffc000
00000000ffffc000
00000000ffffc000
00000000ffffc000
00000000ffffc000
00000000ffffc000
00000000ffffc000
00000000ffffc000
00000000ffffc000
00000000ffffc000
00000000ffffc000
00000000ffffc000
00000000ffffc000
00000000ffffc000
00000000ffffc000
00000000ffffc000
00000000ffffc000
00000000ffffc000
00000000ffffc000
00000000ffffc000
00000000ffffc000
00000000ffffc000
00000000ffffc000
00000000ffffc000
00000000ffffc000
00000000ffffc000
00000000ffffc000
00000000ffffc000
00000000ffffc000
00000000ffffc000
00000000ffffc000
00000000ffffc000
00000000ffffc000
00000000ffffc000
00000000ffffc000
00000000ffffc000
00000000ffffc000
00000000ffffc000
00000000ffffc000
00000000ffffc000
00000000ffffc000
00000000ffffc000
00000000ffffc000
00000000ffffc000
00000000ffffc000
00000000ffffc000
00000000ffffc000
00000000ffffc000
00000000ffffc000
00000000ffffc000
00000000ffffc000
00000000ffffc000
00000000ffffc000
00000000ffffc000
00000000ffffc000
00000000ffffc000
00000000ffffc000
00000000ffffc000
00000000ffffc000
00000000ffffc000
00000000ffffc000
00000000ffffc000
00000000ffffc000
00000000ffffc000
00000000ffffc000
00000000ffffc000
00000000ffffc000
00000000ffffc000
00000000ffffc000
00000000ffffc000
00000000ffffc000
00000000ffffc000
00000000ffffc000
00000000ffffc000
00000000ffffc000
00000000ffffc000
00000000ffffc000
00000000ffffc000
00000000ffffc000
00000000ffffc000
00000000ffffc000
00000000ffffc000
00000000ffffc000
00000000ffffc000
00000000ffffc000
00000000ffffc000
00000000ffffc000
00000000ffffc000
00000000ffffc000
00000000ffffc000
00000000ffffc000
00000000ffffc000
00000000ffffc000
00000000ffffc000
00000000ffffc000
00000000ffffc000
00000000ffffc000
00000000ffffc000
00000000ffffc000
00000000ffffc000
00000000ffffc000
00000000ffffc000
00000000ffffc000
00000000ffffc000
00000000ffffc000
00000000ffffc000
00000000ffffc000
00000000ffffc000
00000000ffffc000
00000000ffffc000
00000000ffffc000
00000000ffffc000
00000000ffffc000
00000000ffffc000
00000000ffffc000
00000000ffffc000
00000000ffffc000
00000000ffffc000
00000000ffffc000
00000000ffffc000
00000000ffffc000
00000000ffffc000
00000000ffffc000
00000000ffffc000
00000000ffffc000
00000000ffffc000
00000000ffffc000
00000000ffffc000
00000000ffffc000
00000000ffffc000
00000000ffffc000
00000000ffffc000
00000000ffffc000
00000000ffffc000
00000000ffffc000
00000000ffffc000
00000000ffffc000
00000000ffffc000
00000000ffffc000
00000000ffffc000
00000000ffffc000
00000000ffffc000
00000000ffffc000
00000000ffffc000
00000000ffffc000
00000000ffffc000
00000000ffffc000
00000000ffffc000
00000000ffffc000
00000000ffffc000
00000000ffffc000
00000000ffffc000
00000000ffffc000
00000000ffffc000
00000000ffffc000
00000000ffffc000
00000000ffffc000
00000000ffffc000
00000000ffffc000
00000000ffffc000
00000000ffffc000
00000000ffffc000
00000000ffffc000
00000000ffffc000
00000000ffffc000
00000000ffffc000
00000000ffffc000
00000000ffffc000
00000000ffffc000
00000000ffffc000
00000000ffffc000
00000000ffffc000
00000000ffffc000
00000000ffffc000
00000000ffffc000
00000000ffffc000
00000000ffffc000
00000000ffffc000
00000000ffffc000
00000000ffffc000
00000000ffffc000
00000000ffffc000
00000000ffffc000
00000000ffffc000
00000000ffffc000
00000000ffffc000
00000000ffffc000
00000000ffffc000
00000000ffffc000
00000000ffffc000
00000000ffffc000
00000000ffffc000
00000000ffffc000
00000000ffffc000
00000000ffffc000
00000000ffffc000
00000000ffffc000
00000000ffffc000
00000000ffffc000
00000000ffffc000
00000000ffffc000
00000000ffffc000
00000000ffffc000
00000000ffffc000
00000000ffffc000
00000000ffffc000
00000000ffffc000
00000000ffffc000
00000000ffffc000
00000000ffffc000
00000000ffffc000
00000000ffffc000
00000000ffffc000
00000000ffffc000
00000000ffffc000
00000000ffffc000
00000000ffffc000
00000000ffffc000
00000000ffffc000
00000000ffffc000
00000000ffffc000
00000000ffffc000
00000000ffffc000
00000000ffffc000
00000000ffffc000
00000000ffffc000
00000000ffffc000
00000000ffffc000
00000000ffffc000
00000000ffffc000
00000000ffffc000
00000000ffffc000
00000000ffffc000
00000000ffffc000
00000000ffffc000
00000000ffffc000
00000000ffffc000
00000000ffffc000
00000000ffffc000
00000000ffffc000
00000000ffffc000
00000000ffffc000
00000000ffffc000
00000000ffffc000
00000000ffffc000
00000000ffffc000
00000000ffffc000
00000000ffffc000
00000000ffffc000
00000000ffffc000
00000000ffffc000
00000000ffffc000
00000000ffffc000
00000000ffffc000
00000000ffffc000
00000000ffffc000
00000000ffffc000
00000000ffffc000
00000000ffffc000
00000000ffffc000
00000000ffffc000
00000000ffffc000
00000000ffffc000
00000000ffffc000
00000000ffffc000
00000000ffffc000
00000000ffffc000
00000000ffffc000
00000000ffffc000
00000000ffffc000
00000000ffffc000
00000000ffffc000
00000000ffffc000
00000000ffffc000
00000000ffffc000
00000000ffffc000
00000000ffffc000
00000000ffffc000
00000000ffffc000
00000000ffffc000
00000000ffffc000
00000000ffffc000
00000000ffffc000
00000000ffffc000
00000000ffffc000
00000000ffffc000
00000000ffffc000
00000000ffffc000
00000000ffffc000
00000000ffffc000
00000000ffffc000
00000000ffffc000
00000000ffffc000
00000000ffffc000
00000000ffffc000
00000000ffffc000
00000000ffffc000
00000000ffffc000
00000000ffffc000
00000000ffffc000
00000000ffffc000
00000000ffffc000
00000000ffffc000
00000000ffffc000
00000000ffffc000
00000000ffffc000
00000000ffffc000
00000000ffffc000
00000000ffffc000
00000000ffffc000
00000000ffffc000
00000000ffffc000
00000000ffffc000
00000000ffffc000
00000000ffffc000
00000000ffffc000
00000000ffffc000
00000000ffffc000
00000000ffffc000
00000000ffffc000
00000000ffffc000
00000000ffffc000
00000000ffffc000
00000000ffffc000
00000000ffffc000
00000000ffffc000
00000000ffffc000
00000000ffffc000
00000000ffffc000
00000000ffffc000
00000000ffffc000
00000000ffffc000
00000000ffffc000
00000000ffffc000
00000000ffffc000
00000000ffffc000
00000000ffffc000
00000000ffffc000
00000000ffffc000
00000000ffffc000
00000000ffffc000
00000000ffffc000
00000000ffffc000
00000000ffffc000
00000000ffffc000
00000000ffffc000
00000000ffffc000
00000000ffffc000
00000000ffffc000
00000000ffffc000
00000000ffffc000
00000000ffffc000
00000000ffffc000
00000000ffffc000
00000000ffffc000
00000000ffffc000
00000000ffffc000
00000000ffffc000
00000000ffffc000
00000000ffffc000
00000000ffffc000
00000000ffffc000
00000000ffffc000
00000000ffffc000
00000000ffffc000
00000000ffffc000
00000000ffffc000
00000000ffffc000
00000000ffffc000
00000000ffffc000
00000000ffffc000
00000000ffffc000
00000000ffffc000
00000000ffffc000
00000000ffffc000
00000000ffffc000
00000000ffffc000
00000000ffffc000
00000000ffffc000
00000000ffffc000
00000000ffffc000
00000000ffffc000
00000000ffffc000
00000000ffffc000
00000000ffffc000
00000000ffffc000
00000000ffffc000
00000000ffffc000
00000000ffffc000
00000000ffffc000
00000000ffffc000
00000000ffffc000
00000000ffffc000
00000000ffffc000
00000000ffffc000
00000000ffffc000
00000000ffffc000
00000000ffffc000
00000000ffffc000
00000000ffffc000
00000000ffffc000
00000000ffffc000
00000000ffffc000
00000000ffffc000
00000000ffffc000
00000000ffffc000
00000000ffffc000
00000000ffffc000
00000000ffffc000
00000000ffffc000
00000000ffffc000
00000000ffffc000
00000000ffffc000
00000000ffffc000
00000000ffffc000
00000000ffffc000
00000000ffffc000
00000000ffffc000
00000000ffffc000
00000000ffffc000
00000000ffffc000
00000000ffffc000
00000000ffffc000
00000000ffffc000
00000000ffffc000
00000000ffffc000
00000000ffffc000
00000000ffffc000
00000000ffffc000
00000000ffffc000
00000000ffffc000
00000000ffffc000
00000000ffffc000
00000000ffffc000
00000000ffffc000
00000000ffffc000
00000000ffffc000
00000000ffffc000
00000000ffffc000
00000000ffffc000
00000000ffffc000
00000000ffffc000
00000000ffffc000
00000000ffffc000
00000000ffffc000
00000000ffffc000
00000000ffffc000
00000000ffffc000
00000000ffffc000
00000000ffffc000
00000000ffffc000
00000000ffffc000
00000000ffffc000
00000000ffffc000
00000000ffffc000
00000000ffffc000
00000000ffffc000
00000000ffffc000
00000000ffffc000
00000000ffffc000
00000000ffffc000
00000000ffffc000
00000000ffffc000
00000000ffffc000
00000000ffffc000
00000000ffffc000
00000000ffffc000
00000000ffffc000
00000000ffffc000
00000000ffffc000
00000000ffffc000
00000000ffffc000
00000000ffffc000
00000000ffffc000
00000000ffffc000
00000000ffffc000
00000000ffffc000
00000000ffffc000
00000000ffffc000
00000000ffffc000
00000000ffffc000
00000000ffffc000
00000000ffffc000
00000000ffffc000
00000000ffffc000
00000000ffffc000
00000000ffffc000
00000000ffffc000
00000000ffffc000
00000000ffffc000
00000000ffffc000
00000000ffffc000
00000000ffffc000
00000000ffffc000
00000000ffffc000
00000000ffffc000
00000000ffffc000
00000000ffffc000
00000000ffffc000
00000000ffffc000
00000000ffffc000
00000000ffffc000
00000000ffffc000
00000000ffffc000
00000000ffffc000
00000000ffffc000
00000000ffffc000
00000000ffffc000
00000000ffffc000
00000000ffffc000
00000000ffffc000
00000000ffffc000
00000000ffffc000
00000000ffffc000
00000000ffffc000
00000000ffffc000
00000000ffffc000
00000000ffffc000
00000000ffffc000
00000000ffffc000
00000000ffffc000
00000000ffffc000
00000000ffffc000
00000000ffffc000
00000000ffffc000
00000000ffffc000
00000000ffffc000
00000000ffffc000
00000000ffffc000
00000000ffffc000
00000000ffffc000
00000000ffffc000
00000000ffffc000
00000000ffffc000
00000000ffffc000
00000000ffffc000
00000000ffffc000
00000000ffffc000
00000000ffffc000
00000000ffffc000
00000000ffffc000
00000000ffffc000
00000000ffffc000
00000000ffffc000
00000000ffffc000
00000000ffffc000
00000000ffffc000
00000000ffffc000
00000000ffffc000
00000000ffffc000
00000000ffffc000
00000000ffffc000
00000000ffffc000
00000000ffffc000
00000000ffffc000
00000000ffffc000
00000000ffffc000
00000000ffffc000
00000000ffffc000
00000000ffffc000
00000000ffffc000
00000000ffffc000
00000000ffffc000
00000000ffffc000
00000000ffffc000
00000000ffffc000
00000000ffffc000
00000000ffffc000
00000000ffffc000
00000000ffffc000
00000000ffffc000
00000000ffffc000
00000000ffffc000
00000000ffffc000
00000000ffffc000
00000000ffffc000
00000000ffffc000
00000000ffffc000
00000000ffffc000
00000000ffffc000
00000000ffffc000
00000000ffffc000
00000000ffffc000
00000000ffffc000
00000000ffffc000
00000000ffffc000
00000000ffffc000
00000000ffffc000
00000000ffffc000
00000000ffffc000
00000000ffffc000
00000000ffffc000
00000000ffffc000
00000000ffffc000
00000000ffffc000
00000000ffffc000
00000000ffffc000
00000000ffffc000
00000000ffffc000
00000000ffffc000
00000000ffffc000
00000000ffffc000
00000000ffffc000
00000000ffffc000
00000000ffffc000
00000000ffffc000
00000000ffffc000
00000000ffffc000
00000000ffffc000
00000000ffffc000
00000000ffffc000
00000000ffffc000
00000000ffffc000
00000000ffffc000
00000000ffffc000
00000000ffffc000
00000000ffffc000
00000000ffffc000
00000000ffffc000
00000000ffffc000
00000000ffffc000
00000000ffffc000
00000000ffffc000
00000000ffffc000
00000000ffffc000
00000000ffffc000
00000000ffffc000
00000000ffffc000
00000000ffffc000
00000000ffffc000
00000000ffffc000
00000000ffffc000
00000000ffffc000
00000000ffffc000
00000000ffffc000
00000000ffffc000
00000000ffffc000
00000000ffffc000
00000000ffffc000
00000000ffffc000
00000000ffffc000
00000000ffffc000
00000000ffffc000
00000000ffffc000
00000000ffffc000
00000000ffffc000
00000000ffffc000
00000000ffffc000
00000000ffffc000
00000000ffffc000
00000000ffffc000
00000000ffffc000
00000000ffffc000
00000000ffffc000
00000000ffffc000
00000000ffffc000
00000000ffffc000
00000000ffffc000
00000000ffffc000
00000000ffffc000
00000000ffffc000
00000000ffffc000
00000000ffffc000
00000000ffffc000
00000000ffffc000
00000000ffffc000
00000000ffffc000
00000000ffffc000
00000000ffffc000
00000000ffffc000
00000000ffffc000
00000000ffffc000
00000000ffffc000
00000000ffffc000
00000000ffffc000
00000000ffffc000
00000000ffffc000
00000000ffffc000
00000000ffffc000
00000000ffffc000
00000000ffffc000
00000000ffffc000
00000000ffffc000
00000000ffffc000
00000000ffffc000
00000000ffffc000
00000000ffffc000
00000000ffffc000
00000000ffffc000
00000000ffffc000
00000000ffffc000
00000000ffffc000
00000000ffffc000
00000000ffffc000
00000000ffffc000
00000000ffffc000
00000000ffffc000
00000000ffffc000
00000000ffffc000
00000000ffffc000
00000000ffffc000
00000000ffffc000
00000000ffffc000
00000000ffffc000
00000000ffffc000
00000000ffffc000
00000000ffffc000
00000000ffffc000
00000000ffffc000
00000000ffffc000
00000000ffffc000
00000000ffffc000
00000000ffffc000
00000000ffffc000
00000000ffffc000
00000000ffffc000
00000000ffffc000
00000000ffffc000
00000000ffffc000
00000000ffffc000
00000000ffffc000
00000000ffffc000
00000000ffffc000
00000000ffffc000
00000000ffffc000
00000000ffffc000
00000000ffffc000
00000000ffffc000
00000000ffffc000
00000000ffffc000
00000000ffffc000
00000000ffffc000
00000000ffffc000
00000000ffffc000
00000000ffffc000
00000000ffffc000
00000000ffffc000
00000000ffffc000
00000000ffffc000
00000000ffffc000
00000000ffffc000
00000000ffffc000
00000000ffffc000
00000000ffffc000
00000000ffffc000
00000000ffffc000
00000000ffffc000
00000000ffffc000
00000000ffffc000
00000000ffffc000
00000000ffffc000
00000000ffffc000
00000000ffffc000
00000000ffffc000
00000000ffffc000
00000000ffffc000
00000000ffffc000
00000000ffffc000
00000000ffffc000
00000000ffffc000
00000000ffffc000
00000000ffffc000
00000000ffffc000
00000000ffffc000
00000000ffffc000
00000000ffffc000
00000000ffffc000
00000000ffffc000
00000000ffffc000
00000000ffffc000
00000000ffffc000
00000000ffffc000
00000000ffffc000
00000000ffffc000
00000000ffffc000
00000000ffffc000
00000000ffffc000
00000000ffffc000
00000000ffffc000
00000000ffffc000
00000000ffffc000
00000000ffffc000
00000000ffffc000
00000000ffffc000
00000000ffffc000
00000000ffffc000
00000000ffffc000
00000000ffffc000
00000000ffffc000
00000000ffffc000
00000000ffffc000
00000000ffffc000
00000000ffffc000
00000000ffffc000
00000000ffffc000
00000000ffffc000
00000000ffffc000
00000000ffffc000
00000000ffffc000
00000000ffffc000
00000000ffffc000
00000000ffffc000
00000000ffffc000
00000000ffffc000
00000000ffffc000
00000000ffffc000
00000000ffffc000
00000000ffffc000
00000000ffffc000
00000000ffffc000
00000000ffffc000
00000000ffffc000
00000000ffffc000
00000000ffffc000
00000000ffffc000
00000000ffffc000
00000000ffffc000
00000000ffffc000
00000000ffffc000
00000000ffffc000
00000000ffffc000
00000000ffffc000
00000000ffffc000
00000000ffffc000
00000000ffffc000
00000000ffffc000
00000000ffffc000
00000000ffffc000
00000000ffffc000
00000000ffffc000
00000000ffffc000
00000000ffffc000
00000000ffffc000
00000000ffffc000
00000000ffffc000
00000000ffffc000
00000000ffffc000
00000000ffffc000
00000000ffffc000
00000000ffffc000
00000000ffffc000
00000000ffffc000
00000000ffffc000
00000000ffffc000
00000000ffffc000
00000000ffffc000
00000000ffffc000
00000000ffffc000
00000000ffffc000
00000000ffffc000
00000000ffffc000
00000000ffffc000
00000000ffffc000
00000000ffffc000
00000000ffffc000
00000000ffffc000
00000000ffffc000
00000000ffffc000
00000000ffffc000
00000000ffffc000
00000000ffffc000
00000000ffffc000
00000000ffffc000
00000000ffffc000
00000000ffffc000
00000000ffffc000
00000000ffffc000
00000000ffffc000
00000000ffffc000
00000000ffffc000
00000000ffffc000
00000000ffffc000
00000000ffffc000
00000000ffffc000
00000000ffffc000
00000000ffffc000
00000000ffffc000
00000000ffffc000
00000000ffffc000
00000000ffffc000
00000000ffffc000
00000000ffffc000
00000000ffffc000
00000000ffffc000
00000000ffffc000
00000000ffffc000
00000000ffffc000
00000000ffffc000
00000000ffffc000
00000000ffffc000
00000000ffffc000
00000000ffffc000
00000000ffffc000
00000000ffffc000
00000000ffffc000
00000000ffffc000
00000000ffffc000
00000000ffffc000
00000000ffffc000
00000000ffffc000
00000000ffffc000
00000000ffffc000
00000000ffffc000
00000000ffffc000
00000000ffffc000
00000000ffffc000
00000000ffffc000
00000000ffffc000
00000000ffffc000
00000000ffffc000
00000000ffffc000
00000000ffffc000
00000000ffffc000
00000000ffffc000
00000000ffffc000
00000000ffffc000
00000000ffffc000
00000000ffffc000
00000000ffffc000
00000000ffffc000
00000000ffffc000
00000000ffffc000
00000000ffffc000
00000000ffffc000
00000000ffffc000
00000000ffffc000
00000000ffffc000
00000000ffffc000
00000000ffffc000
00000000ffffc000
00000000ffffc000
00000000ffffc000
00000000ffffc000
00000000ffffc000
00000000ffffc000
00000000ffffc000
00000000ffffc000
00000000ffffc000
00000000ffffc000
00000000ffffc000
00000000ffffc000
00000000ffffc000
00000000ffffc000
00000000ffffc000
00000000ffffc000
00000000ffffc000
00000000ffffc000
00000000ffffc000
00000000ffffc000
00000000ffffc000
00000000ffffc000
00000000ffffc000
00000000ffffc000
00000000ffffc000
00000000ffffc000
00000000ffffc000
00000000ffffc000
00000000ffffc000
00000000ffffc000
00000000ffffc000
00000000ffffc000
00000000ffffc000
00000000ffffc000
00000000ffffc000
00000000ffffc000
00000000ffffc000
00000000ffffc000
00000000ffffc000
00000000ffffc000
00000000ffffc000
00000000ffffc000
00000000ffffc000
00000000ffffc000
00000000ffffc000
00000000ffffc000
00000000ffffc000
00000000ffffc000
00000000ffffc000
00000000ffffc000
00000000ffffc000
00000000ffffc000
00000000ffffc000
00000000ffffc000
00000000ffffc000
00000000ffffc000
00000000ffffc000
00000000ffffc000
00000000ffffc000
00000000ffffc000
00000000ffffc000
00000000ffffc000
00000000ffffc000
00000000ffffc000
00000000ffffc000
00000000ffffc000
00000000ffffc000
00000000ffffc000
00000000ffffc000
00000000ffffc000
00000000ffffc000
00000000ffffc000
00000000ffffc000
00000000ffffc000
00000000ffffc000
00000000ffffc000
00000000ffffc000
00000000ffffc000
00000000ffffc000
00000000ffffc000
00000000ffffc000
00000000ffffc000
00000000ffffc000
00000000ffffc000
00000000ffffc000
00000000ffffc000
00000000ffffc000
00000000ffffc000
00000000ffffc000
00000000ffffc000
00000000ffffc000
00000000ffffc000
00000000ffffc000
00000000ffffc000
00000000ffffc000
00000000ffffc000
00000000ffffc000
00000000ffffc000
00000000ffffc000
00000000ffffc000
00000000ffffc000
00000000ffffc000
00000000ffffc000
00000000ffffc000
00000000ffffc000
00000000ffffc000
00000000ffffc000
00000000ffffc000
00000000ffffc000
00000000ffffc000
00000000ffffc000
00000000ffffc000
00000000ffffc000
00000000ffffc000
00000000ffffc000
00000000ffffc000
00000000ffffc000
00000000ffffc000
00000000ffffc000
00000000ffffc000
00000000ffffc000
00000000ffffc000
00000000ffffc000
00000000ffffc000
00000000ffffc000
00000000ffffc000
00000000ffffc000
00000000ffffc000
00000000ffffc000
00000000ffffc000
00000000ffffc000
00000000ffffc000
00000000ffffc000
00000000ffffc000
00000000ffffc000
00000000ffffc000
00000000ffffc000
00000000ffffc000
00000000ffffc000
00000000ffffc000
00000000ffffc000
00000000ffffc000
00000000ffffc000
00000000ffffc000
00000000ffffc000
00000000ffffc000
00000000ffffc000
00000000ffffc000
00000000ffffc000
00000000ffffc000
00000000ffffc000
00000000ffffc000
00000000ffffc000
00000000ffffc000
00000000ffffc000
00000000ffffc000
00000000ffffc000
00000000ffffc000
00000000ffffc000
00000000ffffc000
00000000ffffc000
00000000ffffc000
00000000ffffc000
00000000ffffc000
00000000ffffc000
00000000ffffc000
00000000ffffc000
00000000ffffc000
00000000ffffc000
00000000ffffc000
00000000ffffc000
00000000ffffc000
00000000ffffc000
00000000ffffc000
00000000ffffc000
00000000ffffc000
00000000ffffc000
00000000ffffc000
00000000ffffc000
00000000ffffc000
00000000ffffc000
00000000ffffc000
00000000ffffc000
00000000ffffc000
00000000ffffc000
00000000ffffc000
00000000ffffc000
00000000ffffc000
00000000ffffc000
00000000ffffc000
00000000ffffc000
00000000ffffc000
00000000ffffc000
00000000ffffc000
00000000ffffc000
00000000ffffc000
00000000ffffc000
00000000ffffc000
00000000ffffc000
00000000ffffc000
00000000ffffc000
00000000ffffc000
00000000ffffc000
00000000ffffc000
00000000ffffc000
00000000ffffc000
00000000ffffc000
00000000ffffc000
00000000ffffc000
00000000ffffc000
00000000ffffc000
00000000ffffc000
00000000ffffc000
00000000ffffc000
00000000ffffc000
00000000ffffc000
00000000ffffc000
00000000ffffc000
00000000ffffc000
00000000ffffc000
00000000ffffc000
00000000ffffc000
00000000ffffc000
00000000ffffc000
00000000ffffc000
00000000ffffc000
00000000ffffc000
00000000ffffc000
00000000ffffc000
00000000ffffc000
00000000ffffc000
00000000ffffc000
00000000ffffc000
00000000ffffc000
00000000ffffc000
00000000ffffc000
00000000ffffc000
00000000ffffc000
00000000ffffc000
00000000ffffc000
00000000ffffc000
00000000ffffc000
00000000ffffc000
00000000ffffc000
00000000ffffc000
00000000ffffc000
00000000ffffc000
00000000ffffc000
00000000ffffc000
00000000ffffc000
00000000ffffc000
00000000ffffc000
00000000ffffc000
00000000ffffc000
00000000ffffc000
00000000ffffc000
00000000ffffc000
00000000ffffc000
00000000ffffc000
00000000ffffc000
00000000ffffc000
00000000ffffc000
00000000ffffc000
00000000ffffc000
00000000ffffc000
00000000ffffc000
00000000ffffc000
00000000ffffc000
00000000ffffc000
00000000ffffc000
00000000ffffc000
00000000ffffc000
00000000ffffc000
00000000ffffc000
00000000ffffc000
00000000ffffc000
00000000ffffc000
00000000ffffc000
00000000ffffc000
00000000ffffc000
00000000ffffc000
00000000ffffc000
00000000ffffc000
00000000ffffc000
00000000ffffc000
00000000ffffc000
00000000ffffc000
00000000ffffc000
00000000ffffc000
00000000ffffc000
00000000ffffc000
00000000ffffc000
00000000ffffc000
00000000ffffc000
00000000ffffc000
00000000ffffc000
00000000ffffc000
00000000ffffc000
00000000ffffc000
00000000ffffc000
00000000ffffc000
00000000ffffc000
00000000ffffc000
00000000ffffc000
00000000ffffc000
00000000ffffc000
00000000ffffc000
00000000ffffc000
00000000ffffc000
00000000ffffc000
00000000ffffc000
00000000ffffc000
00000000ffffc000
00000000ffffc000
00000000ffffc000
00000000ffffc000
00000000ffffc000
00000000ffffc000
00000000ffffc000
00000000ffffc000
00000000ffffc000
00000000ffffc000
00000000ffffc000
00000000ffffc000
00000000ffffc000
00000000ffffc000
00000000ffffc000
00000000ffffc000
00000000ffffc000
00000000ffffc000
00000000ffffc000
00000000ffffc000
00000000ffffc000
00000000ffffc000
00000000ffffc000
00000000ffffc000
00000000ffffc000
00000000ffffc000
00000000ffffc000
00000000ffffc000
00000000ffffc000
00000000ffffc000
00000000ffffc000
00000000ffffc000
00000000ffffc000
00000000ffffc000
00000000ffffc000
00000000ffffc000
00000000ffffc000
00000000ffffc000
00000000ffffc000
00000000ffffc000
00000000ffffc000
00000000ffffc000
00000000ffffc000
00000000ffffc000
00000000ffffc000
00000000ffffc000
00000000ffffc000
00000000ffffc000
00000000ffffc000
00000000ffffc000
00000000ffffc000
00000000ffffc000
00000000ffffc000
00000000ffffc000
00000000ffffc000
00000000ffffc000
00000000ffffc000
00000000ffffc000
00000000ffffc000
00000000ffffc000
00000000ffffc000
00000000ffffc000
00000000ffffc000
00000000ffffc000
00000000ffffc000
00000000ffffc000
00000000ffffc000
00000000ffffc000
00000000ffffc000
00000000ffffc000
00000000ffffc000
00000000ffffc000
00000000ffffc000
00000000ffffc000
00000000ffffc000
00000000ffffc000
00000000ffffc000
00000000ffffc000
00000000ffffc000
00000000ffffc000
00000000ffffc000
00000000ffffc000
00000000ffffc000
00000000ffffc000
00000000ffffc000
00000000ffffc000
00000000ffffc000
00000000ffffc000
00000000ffffc000
00000000ffffc000
00000000ffffc000
00000000ffffc000
00000000ffffc000
00000000ffffc000
00000000ffffc000
00000000ffffc000
00000000ffffc000
00000000ffffc000
00000000ffffc000
00000000ffffc000
00000000ffffc000
00000000ffffc000
00000000ffffc000
00000000ffffc000
00000000ffffc000
00000000ffffc000
00000000ffffc000
00000000ffffc000
00000000ffffc000
00000000ffffc000
00000000ffffc000
00000000ffffc000
00000000ffffc000
00000000ffffc000
00000000ffffc000
00000000ffffc000
00000000ffffc000
00000000ffffc000
00000000ffffc000
00000000ffffc000
00000000ffffc000
00000000ffffc000
00000000ffffc000
00000000ffffc000
00000000ffffc000
00000000ffffc000
00000000ffffc000
00000000ffffc000
00000000ffffc000
00000000ffffc000
00000000ffffc000
00000000ffffc000
00000000ffffc000
00000000ffffc000
00000000ffffc000
00000000ffffc000
00000000ffffc000
00000000ffffc000
00000000ffffc000
00000000ffffc000
00000000ffffc000
00000000ffffc000
00000000ffffc000
00000000ffffc000
00000000ffffc000
00000000ffffc000
00000000ffffc000
00000000ffffc000
00000000ffffc000
00000000ffffc000
00000000ffffc000
00000000ffffc000
00000000ffffc000
00000000ffffc000
00000000ffffc000
00000000ffffc000
00000000ffffc000
00000000ffffc000
00000000ffffc000
00000000ffffc000
00000000ffffc000
00000000ffffc000
00000000ffffc000
00000000ffffc000
00000000ffffc000
00000000ffffc000
00000000ffffc000
00000000ffffc000
00000000ffffc000
00000000ffffc000
00000000ffffc000
00000000ffffc000
00000000ffffc000
00000000ffffc000
00000000ffffc000
00000000ffffc000
00000000ffffc000
00000000ffffc000
00000000ffffc000
00000000ffffc000
00000000ffffc000
00000000ffffc000
00000000ffffc000
00000000ffffc000
00000000ffffc000
00000000ffffc000
00000000ffffc000
00000000ffffc000
00000000ffffc000
00000000ffffc000
00000000ffffc000
00000000ffffc000
00000000ffffc000
00000000ffffc000
00000000ffffc000
00000000ffffc000
00000000ffffc000
00000000ffffc000
00000000ffffc000
00000000ffffc000
00000000ffffc000
00000000ffffc000
00000000ffffc000
00000000ffffc000
00000000ffffc000
00000000ffffc000
00000000ffffc000
00000000ffffc000
00000000ffffc000
00000000ffffc000
00000000ffffc000
00000000ffffc000
00000000ffffc000
00000000ffffc000
00000000ffffc000
00000000ffffc000
00000000ffffc000
00000000ffffc000
00000000ffffc000
00000000ffffc000
00000000ffffc000
00000000ffffc000
00000000ffffc000
00000000ffffc000
00000000ffffc000
00000000ffffc000
00000000ffffc000
00000000ffffc000
00000000ffffc000
00000000ffffc000
00000000ffffc000
00000000ffffc000
00000000ffffc000
00000000ffffc000
00000000ffffc000
00000000ffffc000
00000000ffffc000
00000000ffffc000
00000000ffffc000
00000000ffffc000
00000000ffffc000
00000000ffffc000
00000000ffffc000
00000000ffffc000
00000000ffffc000
00000000ffffc000
00000000ffffc000
00000000ffffc000
00000000ffffc000
00000000ffffc000
00000000ffffc000
00000000ffffc000
00000000ffffc000
00000000ffffc000
00000000ffffc000
00000000ffffc000
00000000ffffc000
00000000ffffc000
00000000ffffc000
00000000ffffc000
00000000ffffc000
00000000ffffc000
00000000ffffc000
00000000ffffc000
00000000ffffc000
00000000ffffc000
00000000ffffc000
00000000ffffc000
00000000ffffc000
00000000ffffc000
00000000ffffc000
00000000ffffc000
00000000ffffc000
00000000ffffc000
00000000ffffc000
00000000ffffc000
00000000ffffc000
00000000ffffc000
00000000ffffc000
00000000ffffc000
00000000ffffc000
00000000ffffc000
00000000ffffc000
00000000ffffc000
00000000ffffc000
00000000ffffc000
00000000ffffc000
00000000ffffc000
00000000ffffc000
00000000ffffc000
00000000ffffc000
00000000ffffc000
00000000ffffc000
00000000ffffc000
00000000ffffc000
00000000ffffc000
00000000ffffc000
00000000ffffc000
00000000ffffc000
00000000ffffc000
00000000ffffc000
00000000ffffc000
00000000ffffc000
00000000ffffc000
00000000ffffc000
00000000ffffc000
00000000ffffc000
00000000ffffc000
00000000ffffc000
00000000ffffc000
00000000ffffc000
00000000ffffc000
00000000ffffc000
00000000ffffc000
00000000ffffc000
00000000ffffc000
00000000ffffc000
00000000ffffc000
00000000ffffc000
00000000ffffc000
00000000ffffc000
00000000ffffc000
00000000ffffc000
00000000ffffc000
00000000ffffc000
00000000ffffc000
00000000ffffc000
00000000ffffc000
00000000ffffc000
00000000ffffc000
00000000ffffc000
00000000ffffc000
00000000ffffc000
00000000ffffc000
00000000ffffc000
00000000ffffc000
00000000ffffc000
00000000ffffc000
00000000ffffc000
00000000ffffc000
00000000ffffc000
00000000ffffc000
00000000ffffc000
00000000ffffc000
00000000ffffc000
00000000ffffc000
00000000ffffc000
00000000ffffc000
00000000ffffc000
00000000ffffc000
00000000ffffc000
00000000ffffc000
00000000ffffc000
00000000ffffc000
00000000ffffc000
00000000ffffc000
00000000ffffc000
00000000ffffc000
00000000ffffc000
00000000ffffc000
00000000ffffc000
00000000ffffc000
00000000ffffc000
00000000ffffc000
00000000ffffc000
00000000ffffc000
00000000ffffc000
00000000ffffc000
00000000ffffc000
00000000ffffc000
00000000ffffc000
00000000ffffc000
00000000ffffc000
00000000ffffc000
00000000ffffc000
00000000ffffc000
00000000ffffc000
00000000ffffc000
00000000ffffc000
00000000ffffc000
00000000ffffc000
00000000ffffc000
00000000ffffc000
00000000ffffc000
00000000ffffc000
00000000ffffc000
00000000ffffc000
00000000ffffc000
00000000ffffc000
00000000ffffc000
00000000ffffc000
00000000ffffc000
00000000ffffc000
00000000ffffc000
00000000ffffc000
00000000ffffc000
00000000ffffc000
00000000ffffc000
00000000ffffc000
00000000ffffc000
00000000ffffc000
00000000ffffc000
00000000ffffc000
00000000ffffc000
00000000ffffc000
00000000ffffc000
00000000ffffc000
00000000ffffc000
00000000ffffc000
00000000ffffc000
00000000ffffc000
00000000ffffc000
00000000ffffc000
00000000ffffc000
00000000ffffc000
00000000ffffc000
00000000ffffc000
00000000ffffc000
00000000ffffc000
00000000ffffc000
00000000ffffc000
00000000ffffc000
00000000ffffc000
00000000ffffc000
00000000ffffc000
00000000ffffc000
00000000ffffc000
00000000ffffc000
00000000ffffc000
00000000ffffc000
00000000ffffc000
00000000ffffc000
00000000ffffc000
00000000ffffc000
00000000ffffc000
00000000ffffc000
00000000ffffc000
00000000ffffc000
00000000ffffc000
00000000ffffc000
00000000ffffc000
00000000ffffc000
00000000ffffc000
00000000ffffc000
00000000ffffc000
00000000ffffc000
00000000ffffc000
00000000ffffc000
00000000ffffc000
00000000ffffc000
00000000ffffc000
00000000ffffc000
00000000ffffc000
00000000ffffc000
00000000ffffc000
00000000ffffc000
00000000ffffc000
00000000ffffc000
00000000ffffc000
00000000ffffc000
00000000ffffc000
00000000ffffc000
00000000ffffc000
00000000ffffc000
00000000ffffc000
00000000ffffc000
00000000ffffc000
00000000ffffc000
00000000ffffc000
00000000ffffc000
00000000ffffc000
00000000ffffc000
00000000ffffc000
00000000ffffc000
00000000ffffc000
00000000ffffc000
00000000ffffc000
00000000ffffc000
00000000ffffc000
00000000ffffc000
00000000ffffc000
00000000ffffc000
00000000ffffc000
00000000ffffc000
00000000ffffc000
00000000ffffc000
00000000ffffc000
00000000ffffc000
00000000ffffc000
00000000ffffc000
00000000ffffc000
00000000ffffc000
00000000ffffc000
00000000ffffc000
00000000ffffc000
00000000ffffc000
00000000ffffc000
00000000ffffc000
00000000ffffc000
00000000ffffc000
00000000ffffc000
00000000ffffc000
00000000ffffc000
00000000ffffc000
00000000ffffc000
00000000ffffc000
00000000ffffc000
00000000ffffc000
00000000ffffc000
00000000ffffc000
00000000ffffc000
00000000ffffc000
00000000ffffc000
00000000ffffc000
00000000ffffc000
00000000ffffc000
00000000ffffc000
00000000ffffc000
00000000ffffc000
00000000ffffc000
00000000ffffc000
00000000ffffc000
00000000ffffc000
00000000ffffc000
00000000ffffc000
00000000ffffc000
00000000ffffc000
00000000ffffc000
00000000ffffc000
00000000ffffc000
00000000ffffc000
00000000ffffc000
00000000ffffc000
00000000ffffc000
00000000ffffc000
00000000ffffc000
00000000ffffc000
00000000ffffc000
00000000ffffc000
00000000ffffc000
00000000ffffc000
00000000ffffc000
00000000ffffc000
00000000ffffc000
00000000ffffc000
00000000ffffc000
00000000ffffc000
00000000ffffc000
00000000ffffc000
00000000ffffc000
00000000ffffc000
00000000ffffc000
00000000ffffc000
00000000ffffc000
00000000ffffc000
00000000ffffc000
00000000ffffc000
00000000ffffc000
00000000ffffc000
00000000ffffc000
00000000ffffc000
00000000ffffc000
00000000ffffc000
00000000ffffc000
00000000ffffc000
00000000ffffc000
00000000ffffc000
00000000ffffc000
00000000ffffc000
00000000ffffc000
00000000ffffc000
00000000ffffc000
00000000ffffc000
00000000ffffc000
00000000ffffc000
00000000ffffc000
00000000ffffc000
00000000ffffc000
00000000ffffc000
00000000ffffc000
00000000ffffc000
00000000ffffc000
00000000ffffc000
00000000ffffc000
00000000ffffc000
00000000ffffc000
00000000ffffc000
00000000ffffc000
00000000ffffc000
00000000ffffc000
00000000ffffc000
00000000ffffc000
00000000ffffc000
00000000ffffc000
00000000ffffc000
00000000ffffc000
00000000ffffc000
00000000ffffc000
00000000ffffc000
00000000ffffc000
00000000ffffc000
00000000ffffc000
00000000ffffc000
00000000ffffc000
00000000ffffc000
00000000ffffc000
00000000ffffc000
00000000ffffc000
00000000ffffc000
00000000ffffc000
00000000ffffc000
00000000ffffc000
00000000ffffc000
00000000ffffc000
00000000ffffc000
00000000ffffc000
00000000ffffc000
00000000ffffc000
00000000ffffc000
00000000ffffc000
00000000ffffc000
00000000ffffc000
00000000ffffc000
00000000ffffc000
00000000ffffc000
00000000ffffc000
00000000ffffc000
00000000ffffc000
00000000ffffc000
00000000ffffc000
00000000ffffc000
00000000ffffc000
00000000ffffc000
00000000ffffc000
00000000ffffc000
00000000ffffc000
00000000ffffc000
00000000ffffc000
00000000ffffc000
00000000ffffc000
00000000ffffc000
00000000ffffc000
00000000ffffc000
00000000ffffc000
00000000ffffc000
00000000ffffc000
00000000ffffc000
00000000ffffc000
00000000ffffc000
00000000ffffc000
00000000ffffc000
00000000ffffc000
00000000ffffc000
00000000ffffc000
00000000ffffc000
00000000ffffc000
00000000ffffc000
00000000ffffc000
00000000ffffc000
00000000ffffc000
00000000ffffc000
00000000ffffc000
00000000ffffc000
00000000ffffc000
00000000ffffc000
00000000ffffc000
00000000ffffc000
00000000ffffc000
00000000ffffc000
00000000ffffc000
00000000ffffc000
00000000ffffc000
00000000ffffc000
00000000ffffc000
00000000ffffc000
00000000ffffc000
00000000ffffc000
00000000ffffc000
00000000ffffc000
00000000ffffc000
00000000ffffc000
00000000ffffc000
00000000ffffc000
00000000ffffc000
00000000ffffc000
00000000ffffc000
00000000ffffc000
00000000ffffc000
00000000ffffc000
00000000ffffc000
00000000ffffc000
00000000ffffc000
00000000ffffc000
00000000ffffc000
00000000ffffc000
00000000ffffc000
00000000ffffc000
00000000ffffc000
00000000ffffc000
00000000ffffc000
00000000ffffc000
00000000ffffc000
00000000ffffc000
00000000ffffc000
00000000ffffc000
00000000ffffc000
00000000ffffc000
00000000ffffc000
00000000ffffc000
00000000ffffc000
00000000ffffc000
00000000ffffc000
00000000ffffc000
00000000ffffc000
00000000ffffc000
00000000ffffc000
00000000ffffc000
00000000ffffc000
00000000ffffc000
00000000ffffc000
00000000ffffc000
00000000ffffc000
00000000ffffc000
00000000ffffc000
00000000ffffc000
00000000ffffc000
00000000ffffc000
00000000ffffc000
00000000ffffc000
00000000ffffc000
00000000ffffc000
00000000ffffc000
00000000ffffc000
00000000ffffc000
00000000ffffc000
00000000ffffc000
00000000ffffc000
00000000ffffc000
00000000ffffc000
00000000ffffc000
00000000ffffc000
00000000ffffc000
00000000ffffc000
00000000ffffc000
00000000ffffc000
00000000ffffc000
00000000ffffc000
00000000ffffc000
00000000ffffc000
00000000ffffc000
00000000ffffc000
00000000ffffc000
00000000ffffc000
00000000ffffc000
00000000ffffc000
00000000ffffc000
00000000ffffc000
00000000ffffc000
00000000ffffc000
00000000ffffc000
00000000ffffc000
00000000ffffc000
00000000ffffc000
00000000ffffc000
00000000ffffc000
00000000ffffc000
00000000ffffc000
00000000ffffc000
00000000ffffc000
00000000ffffc000
00000000ffffc000
00000000ffffc000
00000000ffffc000
00000000ffffc000
00000000ffffc000
00000000ffffc000
00000000ffffc000
00000000ffffc000
00000000ffffc000
00000000ffffc000
00000000ffffc000
00000000ffffc000
00000000ffffc000
00000000ffffc000
00000000ffffc000
00000000ffffc000
00000000ffffc000
00000000ffffc000
00000000ffffc000
00000000ffffc000
00000000ffffc000
00000000ffffc000
00000000ffffc000
00000000ffffc000
00000000ffffc000
00000000ffffc000
00000000ffffc000
00000000ffffc000
00000000ffffc000
00000000ffffc000
00000000ffffc000
00000000ffffc000
00000000ffffc000
00000000ffffc000
00000000ffffc000
00000000ffffc000
00000000ffffc000
00000000ffffc000
00000000ffffc000
00000000ffffc000
00000000ffffc000
00000000ffffc000
00000000ffffc000
00000000ffffc000
00000000ffffc000
00000000ffffc000
00000000ffffc000
00000000ffffc000
00000000ffffc000
00000000ffffc000
00000000ffffc000
00000000ffffc000
00000000ffffc000
00000000ffffc000
00000000ffffc000
00000000ffffc000
00000000ffffc000
00000000ffffc000
00000000ffffc000
00000000ffffc000
00000000ffffc000
00000000ffffc000
00000000ffffc000
00000000ffffc000
00000000ffffc000
00000000ffffc000
00000000ffffc000
00000000ffffc000
00000000ffffc000
00000000ffffc000
00000000ffffc000
00000000ffffc000
00000000ffffc000
00000000ffffc000
00000000ffffc000
00000000ffffc000
00000000ffffc000
00000000ffffc000
00000000ffffc000
00000000ffffc000
00000000ffffc000
00000000ffffc000
00000000ffffc000
00000000ffffc000
00000000ffffc000
00000000ffffc000
00000000ffffc000
00000000ffffc000
00000000ffffc000
00000000ffffc000
00000000ffffc000
00000000ffffc000
00000000ffffc000
00000000ffffc000
00000000ffffc000
00000000ffffc000
00000000ffffc000
00000000ffffc000
00000000ffffc000
00000000ffffc000
00000000ffffc000
00000000ffffc000
00000000ffffc000
00000000ffffc000
00000000ffffc000
00000000ffffc000
00000000ffffc000
00000000ffffc000
00000000ffffc000
00000000ffffc000
00000000ffffc000
00000000ffffc000
00000000ffffc000
00000000ffffc000
00000000ffffc000
00000000ffffc000
00000000ffffc000
00000000ffffc000
00000000ffffc000
00000000ffffc000
00000000ffffc000
00000000ffffc000
00000000ffffc000
00000000ffffc000
00000000ffffc000
00000000ffffc000
00000000ffffc000
00000000ffffc000
00000000ffffc000
00000000ffffc000
00000000ffffc000
00000000ffffc000
00000000ffffc000
00000000ffffc000
00000000ffffc000
00000000ffffc000
00000000ffffc000
00000000ffffc000
00000000ffffc000
00000000ffffc000
00000000ffffc000
00000000ffffc000
00000000ffffc000
00000000ffffc000
00000000ffffc000
00000000ffffc000
00000000ffffc000
00000000ffffc000
00000000ffffc000
00000000ffffc000
00000000ffffc000
00000000ffffc000
00000000ffffc000
00000000ffffc000
00000000ffffc000
00000000ffffc000
00000000ffffc000
00000000ffffc000
00000000ffffc000
00000000ffffc000
00000000ffffc000
00000000ffffc000
00000000ffffc000
00000000ffffc000
00000000ffffc000
00000000ffffc000
00000000ffffc000
00000000ffffc000
00000000ffffc000
00000000ffffc000
00000000ffffc000
00000000ffffc000
00000000ffffc000
00000000ffffc000
00000000ffffc000
00000000ffffc000
00000000ffffc000
00000000ffffc000
00000000ffffc000
00000000ffffc000
00000000ffffc000
00000000ffffc000
00000000ffffc000
00000000ffffc000
00000000ffffc000
00000000ffffc000
00000000ffffc000
00000000ffffc000
00000000ffffc000
00000000ffffc000
00000000ffffc000
00000000ffffc000
00000000ffffc000
00000000ffffc000
00000000ffffc000
00000000ffffc000
00000000ffffc000
00000000ffffc000
00000000ffffc000
00000000ffffc000
00000000ffffc000
00000000ffffc000
00000000ffffc000
00000000ffffc000
00000000ffffc000
00000000ffffc000
00000000ffffc000
00000000ffffc000
00000000ffffc000
00000000ffffc000
00000000ffffc000
00000000ffffc000
00000000ffffc000
00000000ffffc000
00000000ffffc000
00000000ffffc000
00000000ffffc000
00000000ffffc000
00000000ffffc000
00000000ffffc000
00000000ffffc000
00000000ffffc000
00000000ffffc000
00000000ffffc000
00000000ffffc000
00000000ffffc000
00000000ffffc000
00000000ffffc000
00000000ffffc000
00000000ffffc000
00000000ffffc000
00000000ffffc000
00000000ffffc000
00000000ffffc000
00000000ffffc000
00000000ffffc000
00000000ffffc000
00000000ffffc000
00000000ffffc000
00000000ffffc000
00000000ffffc000
00000000ffffc000
00000000ffffc000
00000000ffffc000
00000000ffffc000
00000000ffffc000
00000000ffffc000
00000000ffffc000
00000000ffffc000
00000000ffffc000
00000000ffffc000
00000000ffffc000
00000000ffffc000
00000000ffffc000
00000000ffffc000
00000000ffffc000
00000000ffffc000
00000000ffffc000
00000000ffffc000
00000000ffffc000
00000000ffffc000
00000000ffffc000
00000000ffffc000
00000000ffffc000
00000000ffffc000
00000000ffffc000
00000000ffffc000
00000000ffffc000
00000000ffffc000
00000000ffffc000
00000000ffffc000
00000000ffffc000
00000000ffffc000
00000000ffffc000
00000000ffffc000
00000000ffffc000
00000000ffffc000
00000000ffffc000
00000000ffffc000
00000000ffffc000
00000000ffffc000
00000000ffffc000
00000000ffffc000
00000000ffffc000
00000000ffffc000
00000000ffffc000
00000000ffffc000
00000000ffffc000
00000000ffffc000
00000000ffffc000
00000000ffffc000
00000000ffffc000
00000000ffffc000
00000000ffffc000
00000000ffffc000
0000000000006000
000024bd000058b1
000043e2000043e2
000058b1000024bd
0000600000000000
000058b1ffffdb43
000043e2ffffbc1e
000024bdffffa74f
00000000ffffa000
ffffdb43ffffa74f
ffffbc1effffbc1e
ffffa74fffffdb43
ffffa00000000000
ffffa74f000024bd
ffffbc1e000043e2
ffffdb43000058b1
0000000000006000
000024bd000058b1
000043e2000043e2
000058b1000024bd
0000600000000000
000058b1ffffdb43
000043e2ffffbc1e
000024bdffffa74f
00000000ffffa000
ffffdb43ffffa74f
ffffbc1effffbc1e
ffffa74fffffdb43
ffffa00000000000
ffffa74f000024bd
ffffbc1e000043e2
ffffdb43000058b1
0000000000006000
000024bd000058b1
000043e2000043e2
000058b1000024bd
0000600000000000
000058b1ffffdb43
000043e2ffffbc1e
000024bdffffa74f
00000000ffffa000
ffffdb43ffffa74f
ffffbc1effffbc1e
ffffa74fffffdb43
ffffa00000000000
ffffa74f000024bd
ffffbc1e000043e2
ffffdb43000058b1
0000000000006000
000024bd000058b1
000043e2000043e2
000058b1000024bd
0000600000000000
000058b1ffffdb43
000043e2ffffbc1e
000024bdffffa74f
00000000ffffa000
ffffdb43ffffa74f
ffffbc1effffbc1e
ffffa74fffffdb43
ffffa00000000000
ffffa74f000024bd
ffffbc1e000043e2
ffffdb43000058b1
0000000000006000
000024bd000058b1
000043e2000043e2
000058b1000024bd
0000600000000000
000058b1ffffdb43
000043e2ffffbc1e
000024bdffffa74f
00000000ffffa000
ffffdb43ffffa74f
ffffbc1effffbc1e
ffffa74fffffdb43
ffffa00000000000
ffffa74f000024bd
ffffbc1e000043e2
ffffdb43000058b1
0000000000006000
000024bd000058b1
000043e2000043e2
000058b1000024bd
0000600000000000
000058b1ffffdb43
000043e2ffffbc1e
000024bdffffa74f
00000000ffffa000
ffffdb43ffffa74f
ffffbc1effffbc1e
ffffa74fffffdb43
ffffa00000000000
ffffa74f000024bd
ffffbc1e000043e2
ffffdb43000058b1
0000000000006000
000024bd000058b1
000043e2000043e2
000058b1000024bd
0000600000000000
000058b1ffffdb43
000043e2ffffbc1e
000024bdffffa74f
00000000ffffa000
ffffdb43ffffa74f
ffffbc1effffbc1e
ffffa74fffffdb43
ffffa00000000000
ffffa74f000024bd
ffffbc1e000043e2
ffffdb43000058b1
0000000000006000
000024bd000058b1
000043e2000043e2
000058b1000024bd
0000600000000000
000058b1ffffdb43
000043e2ffffbc1e
000024bdffffa74f
00000000ffffa000
ffffdb43ffffa74f
ffffbc1effffbc1e
ffffa74fffffdb43
ffffa00000000000
ffffa74f000024bd
ffffbc1e000043e2
ffffdb43000058b1
0000000000006000
000024bd000058b1
000043e2000043e2
000058b1000024bd
0000600000000000
000058b1ffffdb43
000043e2ffffbc1e
000024bdffffa74f
00000000ffffa000
ffffdb43ffffa74f
ffffbc1effffbc1e
ffffa74fffffdb43
ffffa00000000000
ffffa74f000024bd
ffffbc1e000043e2
ffffdb43000058b1
0000000000006000
000024bd000058b1
000043e2000043e2
000058b1000024bd
0000600000000000
000058b1ffffdb43
000043e2ffffbc1e
000024bdffffa74f
00000000ffffa000
ffffdb43ffffa74f
ffffbc1effffbc1e
ffffa74fffffdb43
ffffa00000000000
ffffa74f000024bd
ffffbc1e000043e2
ffffdb43000058b1
0000000000006000
000024bd000058b1
000043e2000043e2
000058b1000024bd
0000600000000000
000058b1ffffdb43
000043e2ffffbc1e
000024bdffffa74f
00000000ffffa000
ffffdb43ffffa74f
ffffbc1effffbc1e
ffffa74fffffdb43
ffffa00000000000
ffffa74f000024bd
ffffbc1e000043e2
ffffdb43000058b1
0000000000006000
000024bd000058b1
000043e2000043e2
000058b1000024bd
0000600000000000
000058b1ffffdb43
000043e2ffffbc1e
000024bdffffa74f
00000000ffffa000
ffffdb43ffffa74f
ffffbc1effffbc1e
ffffa74fffffdb43
ffffa00000000000
ffffa74f000024bd
ffffbc1e000043e2
ffffdb43000058b1
0000000000006000
000024bd000058b1
000043e2000043e2
000058b1000024bd
0000600000000000
000058b1ffffdb43
000043e2ffffbc1e
000024bdffffa74f
00000000ffffa000
ffffdb43ffffa74f
ffffbc1effffbc1e
ffffa74fffffdb43
ffffa00000000000
ffffa74f000024bd
ffffbc1e000043e2
ffffdb43000058b1
0000000000006000
000024bd000058b1
000043e2000043e2
000058b1000024bd
0000600000000000
000058b1ffffdb43
000043e2ffffbc1e
000024bdffffa74f
00000000ffffa000
ffffdb43ffffa74f
ffffbc1effffbc1e
ffffa74fffffdb43
ffffa00000000000
ffffa74f000024bd
ffffbc1e000043e2
ffffdb43000058b1
0000000000006000
000024bd000058b1
000043e2000043e2
000058b1000024bd
0000600000000000
000058b1ffffdb43
000043e2ffffbc1e
000024bdffffa74f
00000000ffffa000
ffffdb43ffffa74f
ffffbc1effffbc1e
ffffa74fffffdb43
ffffa00000000000
ffffa74f000024bd
ffffbc1e000043e2
ffffdb43000058b1
0000000000006000
000024bd000058b1
000043e2000043e2
000058b1000024bd
0000600000000000
000058b1ffffdb43
000043e2ffffbc1e
000024bdffffa74f
00000000ffffa000
ffffdb43ffffa74f
ffffbc1effffbc1e
ffffa74fffffdb43
ffffa00000000000
ffffa74f000024bd
ffffbc1e000043e2
ffffdb43000058b1
0000000000006000
000024bd000058b1
000043e2000043e2
000058b1000024bd
0000600000000000
000058b1ffffdb43
000043e2ffffbc1e
000024bdffffa74f
00000000ffffa000
ffffdb43ffffa74f
ffffbc1effffbc1e
ffffa74fffffdb43
ffffa00000000000
ffffa74f000024bd
ffffbc1e000043e2
ffffdb43000058b1
0000000000006000
000024bd000058b1
000043e2000043e2
000058b1000024bd
0000600000000000
000058b1ffffdb43
000043e2ffffbc1e
000024bdffffa74f
00000000ffffa000
ffffdb43ffffa74f
ffffbc1effffbc1e
ffffa74fffffdb43
ffffa00000000000
ffffa74f000024bd
ffffbc1e000043e2
ffffdb43000058b1
0000000000006000
000024bd000058b1
000043e2000043e2
000058b1000024bd
0000600000000000
000058b1ffffdb43
000043e2ffffbc1e
000024bdffffa74f
00000000ffffa000
ffffdb43ffffa74f
ffffbc1effffbc1e
ffffa74fffffdb43
ffffa00000000000
ffffa74f000024bd
ffffbc1e000043e2
ffffdb43000058b1
0000000000006000
000024bd000058b1
000043e2000043e2
000058b1000024bd
0000600000000000
000058b1ffffdb43
000043e2ffffbc1e
000024bdffffa74f
00000000ffffa000
ffffdb43ffffa74f
ffffbc1effffbc1e
ffffa74fffffdb43
ffffa00000000000
ffffa74f000024bd
ffffbc1e000043e2
ffffdb43000058b1
0000000000006000
000024bd000058b1
000043e2000043e2
000058b1000024bd
0000600000000000
000058b1ffffdb43
000043e2ffffbc1e
000024bdffffa74f
00000000ffffa000
ffffdb43ffffa74f
ffffbc1effffbc1e
ffffa74fffffdb43
ffffa00000000000
ffffa74f000024bd
ffffbc1e000043e2
ffffdb43000058b1
0000000000006000
000024bd000058b1
000043e2000043e2
000058b1000024bd
0000600000000000
000058b1ffffdb43
000043e2ffffbc1e
000024bdffffa74f
00000000ffffa000
ffffdb43ffffa74f
ffffbc1effffbc1e
ffffa74fffffdb43
ffffa00000000000
ffffa74f000024bd
ffffbc1e000043e2
ffffdb43000058b1
0000000000006000
000024bd000058b1
000043e2000043e2
000058b1000024bd
0000600000000000
000058b1ffffdb43
000043e2ffffbc1e
000024bdffffa74f
00000000ffffa000
ffffdb43ffffa74f
ffffbc1effffbc1e
ffffa74fffffdb43
ffffa00000000000
ffffa74f000024bd
ffffbc1e000043e2
ffffdb43000058b1
0000000000006000
000024bd000058b1
000043e2000043e2
000058b1000024bd
0000600000000000
000058b1ffffdb43
000043e2ffffbc1e
000024bdffffa74f
00000000ffffa000
ffffdb43ffffa74f
ffffbc1effffbc1e
ffffa74fffffdb43
ffffa00000000000
ffffa74f000024bd
ffffbc1e000043e2
ffffdb43000058b1
0000000000006000
000024bd000058b1
000043e2000043e2
000058b1000024bd
0000600000000000
000058b1ffffdb43
000043e2ffffbc1e
000024bdffffa74f
00000000ffffa000
ffffdb43ffffa74f
ffffbc1effffbc1e
ffffa74fffffdb43
ffffa00000000000
ffffa74f000024bd
ffffbc1e000043e2
ffffdb43000058b1
0000000000006000
000024bd000058b1
000043e2000043e2
000058b1000024bd
0000600000000000
000058b1ffffdb43
000043e2ffffbc1e
000024bdffffa74f
00000000ffffa000
ffffdb43ffffa74f
ffffbc1effffbc1e
ffffa74fffffdb43
ffffa00000000000
ffffa74f000024bd
ffffbc1e000043e2
ffffdb43000058b1
0000000000006000
000024bd000058b1
000043e2000043e2
000058b1000024bd
0000600000000000
000058b1ffffdb43
000043e2ffffbc1e
000024bdffffa74f
00000000ffffa000
ffffdb43ffffa74f
ffffbc1effffbc1e
ffffa74fffffdb43
ffffa00000000000
ffffa74f000024bd
ffffbc1e000043e2
ffffdb43000058b1
0000000000006000
000024bd000058b1
000043e2000043e2
000058b1000024bd
0000600000000000
000058b1ffffdb43
000043e2ffffbc1e
000024bdffffa74f
00000000ffffa000
ffffdb43ffffa74f
ffffbc1effffbc1e
ffffa74fffffdb43
ffffa00000000000
ffffa74f000024bd
ffffbc1e000043e2
ffffdb43000058b1
0000000000006000
000024bd000058b1
000043e2000043e2
000058b1000024bd
0000600000000000
000058b1ffffdb43
000043e2ffffbc1e
000024bdffffa74f
00000000ffffa000
ffffdb43ffffa74f
ffffbc1effffbc1e
ffffa74fffffdb43
ffffa00000000000
ffffa74f000024bd
ffffbc1e000043e2
ffffdb43000058b1
0000000000006000
000024bd000058b1
000043e2000043e2
000058b1000024bd
0000600000000000
000058b1ffffdb43
000043e2ffffbc1e
000024bdffffa74f
00000000ffffa000
ffffdb43ffffa74f
ffffbc1effffbc1e
ffffa74fffffdb43
ffffa00000000000
ffffa74f000024bd
ffffbc1e000043e2
ffffdb43000058b1
0000000000006000
000024bd000058b1
000043e2000043e2
000058b1000024bd
0000600000000000
000058b1ffffdb43
000043e2ffffbc1e
000024bdffffa74f
00000000ffffa000
ffffdb43ffffa74f
ffffbc1effffbc1e
ffffa74fffffdb43
ffffa00000000000
ffffa74f000024bd
ffffbc1e000043e2
ffffdb43000058b1
0000000000006000
000024bd000058b1
000043e2000043e2
000058b1000024bd
0000600000000000
000058b1ffffdb43
000043e2ffffbc1e
000024bdffffa74f
00000000ffffa000
ffffdb43ffffa74f
ffffbc1effffbc1e
ffffa74fffffdb43
ffffa00000000000
ffffa74f000024bd
ffffbc1e000043e2
ffffdb43000058b1
0000000000006000
000024bd000058b1
000043e2000043e2
000058b1000024bd
0000600000000000
000058b1ffffdb43
000043e2ffffbc1e
000024bdffffa74f
00000000ffffa000
ffffdb43ffffa74f
ffffbc1effffbc1e
ffffa74fffffdb43
ffffa00000000000
ffffa74f000024bd
ffffbc1e000043e2
ffffdb43000058b1
0000000000006000
000024bd000058b1
000043e2000043e2
000058b1000024bd
0000600000000000
000058b1ffffdb43
000043e2ffffbc1e
000024bdffffa74f
00000000ffffa000
ffffdb43ffffa74f
ffffbc1effffbc1e
ffffa74fffffdb43
ffffa00000000000
ffffa74f000024bd
ffffbc1e000043e2
ffffdb43000058b1
0000000000006000
000024bd000058b1
000043e2000043e2
000058b1000024bd
0000600000000000
000058b1ffffdb43
000043e2ffffbc1e
000024bdffffa74f
00000000ffffa000
ffffdb43ffffa74f
ffffbc1effffbc1e
ffffa74fffffdb43
ffffa00000000000
ffffa74f000024bd
ffffbc1e000043e2
ffffdb43000058b1
0000000000006000
000024bd000058b1
000043e2000043e2
000058b1000024bd
0000600000000000
000058b1ffffdb43
000043e2ffffbc1e
000024bdffffa74f
00000000ffffa000
ffffdb43ffffa74f
ffffbc1effffbc1e
ffffa74fffffdb43
ffffa00000000000
ffffa74f000024bd
ffffbc1e000043e2
ffffdb43000058b1
0000000000006000
000024bd000058b1
000043e2000043e2
000058b1000024bd
0000600000000000
000058b1ffffdb43
000043e2ffffbc1e
000024bdffffa74f
00000000ffffa000
ffffdb43ffffa74f
ffffbc1effffbc1e
ffffa74fffffdb43
ffffa00000000000
ffffa74f000024bd
ffffbc1e000043e2
ffffdb43000058b1
0000000000006000
000024bd000058b1
000043e2000043e2
000058b1000024bd
0000600000000000
000058b1ffffdb43
000043e2ffffbc1e
000024bdffffa74f
00000000ffffa000
ffffdb43ffffa74f
ffffbc1effffbc1e
ffffa74fffffdb43
ffffa00000000000
ffffa74f000024bd
ffffbc1e000043e2
ffffdb43000058b1
0000000000006000
000024bd000058b1
000043e2000043e2
000058b1000024bd
0000600000000000
000058b1ffffdb43
000043e2ffffbc1e
000024bdffffa74f
00000000ffffa000
ffffdb43ffffa74f
ffffbc1effffbc1e
ffffa74fffffdb43
ffffa00000000000
ffffa74f000024bd
ffffbc1e000043e2
ffffdb43000058b1
0000000000006000
000024bd000058b1
000043e2000043e2
000058b1000024bd
0000600000000000
000058b1ffffdb43
000043e2ffffbc1e
000024bdffffa74f
00000000ffffa000
ffffdb43ffffa74f
ffffbc1effffbc1e
ffffa74fffffdb43
ffffa00000000000
ffffa74f000024bd
ffffbc1e000043e2
ffffdb43000058b1
0000000000006000
000024bd000058b1
000043e2000043e2
000058b1000024bd
0000600000000000
000058b1ffffdb43
000043e2ffffbc1e
000024bdffffa74f
00000000ffffa000
ffffdb43ffffa74f
ffffbc1effffbc1e
ffffa74fffffdb43
ffffa00000000000
ffffa74f000024bd
ffffbc1e000043e2
ffffdb43000058b1
0000000000006000
000024bd000058b1
000043e2000043e2
000058b1000024bd
0000600000000000
000058b1ffffdb43
000043e2ffffbc1e
000024bdffffa74f
00000000ffffa000
ffffdb43ffffa74f
ffffbc1effffbc1e
ffffa74fffffdb43
ffffa00000000000
ffffa74f000024bd
ffffbc1e000043e2
ffffdb43000058b1
0000000000006000
000024bd000058b1
000043e2000043e2
000058b1000024bd
0000600000000000
000058b1ffffdb43
000043e2ffffbc1e
000024bdffffa74f
00000000ffffa000
ffffdb43ffffa74f
ffffbc1effffbc1e
ffffa74fffffdb43
ffffa00000000000
ffffa74f000024bd
ffffbc1e000043e2
ffffdb43000058b1
0000000000006000
000024bd000058b1
000043e2000043e2
000058b1000024bd
0000600000000000
000058b1ffffdb43
000043e2ffffbc1e
000024bdffffa74f
00000000ffffa000
ffffdb43ffffa74f
ffffbc1effffbc1e
ffffa74fffffdb43
ffffa00000000000
ffffa74f000024bd
ffffbc1e000043e2
ffffdb43000058b1
0000000000006000
000024bd000058b1
000043e2000043e2
000058b1000024bd
0000600000000000
000058b1ffffdb43
000043e2ffffbc1e
000024bdffffa74f
00000000ffffa000
ffffdb43ffffa74f
ffffbc1effffbc1e
ffffa74fffffdb43
ffffa00000000000
ffffa74f000024bd
ffffbc1e000043e2
ffffdb43000058b1
0000000000006000
000024bd000058b1
000043e2000043e2
000058b1000024bd
0000600000000000
000058b1ffffdb43
000043e2ffffbc1e
000024bdffffa74f
00000000ffffa000
ffffdb43ffffa74f
ffffbc1effffbc1e
ffffa74fffffdb43
ffffa00000000000
ffffa74f000024bd
ffffbc1e000043e2
ffffdb43000058b1
0000000000006000
000024bd000058b1
000043e2000043e2
000058b1000024bd
0000600000000000
000058b1ffffdb43
000043e2ffffbc1e
000024bdffffa74f
00000000ffffa000
ffffdb43ffffa74f
ffffbc1effffbc1e
ffffa74fffffdb43
ffffa00000000000
ffffa74f000024bd
ffffbc1e000043e2
ffffdb43000058b1
0000000000006000
000024bd000058b1
000043e2000043e2
000058b1000024bd
0000600000000000
000058b1ffffdb43
000043e2ffffbc1e
000024bdffffa74f
00000000ffffa000
ffffdb43ffffa74f
ffffbc1effffbc1e
ffffa74fffffdb43
ffffa00000000000
ffffa74f000024bd
ffffbc1e000043e2
ffffdb43000058b1
0000000000006000
000024bd000058b1
000043e2000043e2
000058b1000024bd
0000600000000000
000058b1ffffdb43
000043e2ffffbc1e
000024bdffffa74f
00000000ffffa000
ffffdb43ffffa74f
ffffbc1effffbc1e
ffffa74fffffdb43
ffffa00000000000
ffffa74f000024bd
ffffbc1e000043e2
ffffdb43000058b1
0000000000006000
000024bd000058b1
000043e2000043e2
000058b1000024bd
0000600000000000
000058b1ffffdb43
000043e2ffffbc1e
000024bdffffa74f
00000000ffffa000
ffffdb43ffffa74f
ffffbc1effffbc1e
ffffa74fffffdb43
ffffa00000000000
ffffa74f000024bd
ffffbc1e000043e2
ffffdb43000058b1
0000000000006000
000024bd000058b1
000043e2000043e2
000058b1000024bd
0000600000000000
000058b1ffffdb43
000043e2ffffbc1e
000024bdffffa74f
00000000ffffa000
ffffdb43ffffa74f
ffffbc1effffbc1e
ffffa74fffffdb43
ffffa00000000000
ffffa74f000024bd
ffffbc1e000043e2
ffffdb43000058b1
0000000000006000
000024bd000058b1
000043e2000043e2
000058b1000024bd
0000600000000000
000058b1ffffdb43
000043e2ffffbc1e
000024bdffffa74f
00000000ffffa000
ffffdb43ffffa74f
ffffbc1effffbc1e
ffffa74fffffdb43
ffffa00000000000
ffffa74f000024bd
ffffbc1e000043e2
ffffdb43000058b1
0000000000006000
000024bd000058b1
000043e2000043e2
000058b1000024bd
0000600000000000
000058b1ffffdb43
000043e2ffffbc1e
000024bdffffa74f
00000000ffffa000
ffffdb43ffffa74f
ffffbc1effffbc1e
ffffa74fffffdb43
ffffa00000000000
ffffa74f000024bd
ffffbc1e000043e2
ffffdb43000058b1
0000000000006000
000024bd000058b1
000043e2000043e2
000058b1000024bd
0000600000000000
000058b1ffffdb43
000043e2ffffbc1e
000024bdffffa74f
00000000ffffa000
ffffdb43ffffa74f
ffffbc1effffbc1e
ffffa74fffffdb43
ffffa00000000000
ffffa74f000024bd
ffffbc1e000043e2
ffffdb43000058b1
0000000000006000
000024bd000058b1
000043e2000043e2
000058b1000024bd
0000600000000000
000058b1ffffdb43
000043e2ffffbc1e
000024bdffffa74f
00000000ffffa000
ffffdb43ffffa74f
ffffbc1effffbc1e
ffffa74fffffdb43
ffffa00000000000
ffffa74f000024bd
ffffbc1e000043e2
ffffdb43000058b1
0000000000006000
000024bd000058b1
000043e2000043e2
000058b1000024bd
0000600000000000
000058b1ffffdb43
000043e2ffffbc1e
000024bdffffa74f
00000000ffffa000
ffffdb43ffffa74f
ffffbc1effffbc1e
ffffa74fffffdb43
ffffa00000000000
ffffa74f000024bd
ffffbc1e000043e2
ffffdb43000058b1
0000000000006000
000024bd000058b1
000043e2000043e2
000058b1000024bd
0000600000000000
000058b1ffffdb43
000043e2ffffbc1e
000024bdffffa74f
00000000ffffa000
ffffdb43ffffa74f
ffffbc1effffbc1e
ffffa74fffffdb43
ffffa00000000000
ffffa74f000024bd
ffffbc1e000043e2
ffffdb43000058b1
0000000000006000
000024bd000058b1
000043e2000043e2
000058b1000024bd
0000600000000000
000058b1ffffdb43
000043e2ffffbc1e
000024bdffffa74f
00000000ffffa000
ffffdb43ffffa74f
ffffbc1effffbc1e
ffffa74fffffdb43
ffffa00000000000
ffffa74f000024bd
ffffbc1e000043e2
ffffdb43000058b1
0000000000006000
000024bd000058b1
000043e2000043e2
000058b1000024bd
0000600000000000
000058b1ffffdb43
000043e2ffffbc1e
000024bdffffa74f
00000000ffffa000
ffffdb43ffffa74f
ffffbc1effffbc1e
ffffa74fffffdb43
ffffa00000000000
ffffa74f000024bd
ffffbc1e000043e2
ffffdb43000058b1
0000000000006000
000024bd000058b1
000043e2000043e2
000058b1000024bd
0000600000000000
000058b1ffffdb43
000043e2ffffbc1e
000024bdffffa74f
00000000ffffa000
ffffdb43ffffa74f
ffffbc1effffbc1e
ffffa74fffffdb43
ffffa00000000000
ffffa74f000024bd
ffffbc1e000043e2
ffffdb43000058b1
0000000000006000
000024bd000058b1
000043e2000043e2
000058b1000024bd
0000600000000000
000058b1ffffdb43
000043e2ffffbc1e
000024bdffffa74f
00000000ffffa000
ffffdb43ffffa74f
ffffbc1effffbc1e
ffffa74fffffdb43
ffffa00000000000
ffffa74f000024bd
ffffbc1e000043e2
ffffdb43000058b1
0000000000006000
000024bd000058b1
000043e2000043e2
000058b1000024bd
0000600000000000
000058b1ffffdb43
000043e2ffffbc1e
000024bdffffa74f
00000000ffffa000
ffffdb43ffffa74f
ffffbc1effffbc1e
ffffa74fffffdb43
ffffa00000000000
ffffa74f000024bd
ffffbc1e000043e2
ffffdb43000058b1
0000000000006000
000024bd000058b1
000043e2000043e2
000058b1000024bd
0000600000000000
000058b1ffffdb43
000043e2ffffbc1e
000024bdffffa74f
00000000ffffa000
ffffdb43ffffa74f
ffffbc1effffbc1e
ffffa74fffffdb43
ffffa00000000000
ffffa74f000024bd
ffffbc1e000043e2
ffffdb43000058b1
0000000000006000
000024bd000058b1
000043e2000043e2
000058b1000024bd
0000600000000000
000058b1ffffdb43
000043e2ffffbc1e
000024bdffffa74f
00000000ffffa000
ffffdb43ffffa74f
ffffbc1effffbc1e
ffffa74fffffdb43
ffffa00000000000
ffffa74f000024bd
ffffbc1e000043e2
ffffdb43000058b1
0000000000006000
000024bd000058b1
000043e2000043e2
000058b1000024bd
0000600000000000
000058b1ffffdb43
000043e2ffffbc1e
000024bdffffa74f
00000000ffffa000
ffffdb43ffffa74f
ffffbc1effffbc1e
ffffa74fffffdb43
ffffa00000000000
ffffa74f000024bd
ffffbc1e000043e2
ffffdb43000058b1
0000000000006000
000024bd000058b1
000043e2000043e2
000058b1000024bd
0000600000000000
000058b1ffffdb43
000043e2ffffbc1e
000024bdffffa74f
00000000ffffa000
ffffdb43ffffa74f
ffffbc1effffbc1e
ffffa74fffffdb43
ffffa00000000000
ffffa74f000024bd
ffffbc1e000043e2
ffffdb43000058b1
0000000000006000
000024bd000058b1
000043e2000043e2
000058b1000024bd
0000600000000000
000058b1ffffdb43
000043e2ffffbc1e
000024bdffffa74f
00000000ffffa000
ffffdb43ffffa74f
ffffbc1effffbc1e
ffffa74fffffdb43
ffffa00000000000
ffffa74f000024bd
ffffbc1e000043e2
ffffdb43000058b1
0000000000006000
000024bd000058b1
000043e2000043e2
000058b1000024bd
0000600000000000
000058b1ffffdb43
000043e2ffffbc1e
000024bdffffa74f
00000000ffffa000
ffffdb43ffffa74f
ffffbc1effffbc1e
ffffa74fffffdb43
ffffa00000000000
ffffa74f000024bd
ffffbc1e000043e2
ffffdb43000058b1
0000000000006000
000024bd000058b1
000043e2000043e2
000058b1000024bd
0000600000000000
000058b1ffffdb43
000043e2ffffbc1e
000024bdffffa74f
00000000ffffa000
ffffdb43ffffa74f
ffffbc1effffbc1e
ffffa74fffffdb43
ffffa00000000000
ffffa74f000024bd
ffffbc1e000043e2
ffffdb43000058b1
0000000000006000
000024bd000058b1
000043e2000043e2
000058b1000024bd
0000600000000000
000058b1ffffdb43
000043e2ffffbc1e
000024bdffffa74f
00000000ffffa000
ffffdb43ffffa74f
ffffbc1effffbc1e
ffffa74fffffdb43
ffffa00000000000
ffffa74f000024bd
ffffbc1e000043e2
ffffdb43000058b1
0000000000006000
000024bd000058b1
000043e2000043e2
000058b1000024bd
0000600000000000
000058b1ffffdb43
000043e2ffffbc1e
000024bdffffa74f
00000000ffffa000
ffffdb43ffffa74f
ffffbc1effffbc1e
ffffa74fffffdb43
ffffa00000000000
ffffa74f000024bd
ffffbc1e000043e2
ffffdb43000058b1
0000000000006000
000024bd000058b1
000043e2000043e2
000058b1000024bd
0000600000000000
000058b1ffffdb43
000043e2ffffbc1e
000024bdffffa74f
00000000ffffa000
ffffdb43ffffa74f
ffffbc1effffbc1e
ffffa74fffffdb43
ffffa00000000000
ffffa74f000024bd
ffffbc1e000043e2
ffffdb43000058b1
0000000000006000
000024bd000058b1
000043e2000043e2
000058b1000024bd
0000600000000000
000058b1ffffdb43
000043e2ffffbc1e
000024bdffffa74f
00000000ffffa000
ffffdb43ffffa74f
ffffbc1effffbc1e
ffffa74fffffdb43
ffffa00000000000
ffffa74f000024bd
ffffbc1e000043e2
ffffdb43000058b1
0000000000006000
000024bd000058b1
000043e2000043e2
000058b1000024bd
0000600000000000
000058b1ffffdb43
000043e2ffffbc1e
000024bdffffa74f
00000000ffffa000
ffffdb43ffffa74f
ffffbc1effffbc1e
ffffa74fffffdb43
ffffa00000000000
ffffa74f000024bd
ffffbc1e000043e2
ffffdb43000058b1
0000000000006000
000024bd000058b1
000043e2000043e2
000058b1000024bd
0000600000000000
000058b1ffffdb43
000043e2ffffbc1e
000024bdffffa74f
00000000ffffa000
ffffdb43ffffa74f
ffffbc1effffbc1e
ffffa74fffffdb43
ffffa00000000000
ffffa74f000024bd
ffffbc1e000043e2
ffffdb43000058b1
0000000000006000
000024bd000058b1
000043e2000043e2
000058b1000024bd
0000600000000000
000058b1ffffdb43
000043e2ffffbc1e
000024bdffffa74f
00000000ffffa000
ffffdb43ffffa74f
ffffbc1effffbc1e
ffffa74fffffdb43
ffffa00000000000
ffffa74f000024bd
ffffbc1e000043e2
ffffdb43000058b1
0000000000006000
000024bd000058b1
000043e2000043e2
000058b1000024bd
0000600000000000
000058b1ffffdb43
000043e2ffffbc1e
000024bdffffa74f
00000000ffffa000
ffffdb43ffffa74f
ffffbc1effffbc1e
ffffa74fffffdb43
ffffa00000000000
ffffa74f000024bd
ffffbc1e000043e2
ffffdb43000058b1
0000000000006000
000024bd000058b1
000043e2000043e2
000058b1000024bd
0000600000000000
000058b1ffffdb43
000043e2ffffbc1e
000024bdffffa74f
00000000ffffa000
ffffdb43ffffa74f
ffffbc1effffbc1e
ffffa74fffffdb43
ffffa00000000000
ffffa74f000024bd
ffffbc1e000043e2
ffffdb43000058b1
0000000000006000
000024bd000058b1
000043e2000043e2
000058b1000024bd
0000600000000000
000058b1ffffdb43
000043e2ffffbc1e
000024bdffffa74f
00000000ffffa000
ffffdb43ffffa74f
ffffbc1effffbc1e
ffffa74fffffdb43
ffffa00000000000
ffffa74f000024bd
ffffbc1e000043e2
ffffdb43000058b1
0000000000006000
000024bd000058b1
000043e2000043e2
000058b1000024bd
0000600000000000
000058b1ffffdb43
000043e2ffffbc1e
000024bdffffa74f
00000000ffffa000
ffffdb43ffffa74f
ffffbc1effffbc1e
ffffa74fffffdb43
ffffa00000000000
ffffa74f000024bd
ffffbc1e000043e2
ffffdb43000058b1
0000000000006000
000024bd000058b1
000043e2000043e2
000058b1000024bd
0000600000000000
000058b1ffffdb43
000043e2ffffbc1e
000024bdffffa74f
00000000ffffa000
ffffdb43ffffa74f
ffffbc1effffbc1e
ffffa74fffffdb43
ffffa00000000000
ffffa74f000024bd
ffffbc1e000043e2
ffffdb43000058b1
0000000000006000
000024bd000058b1
000043e2000043e2
000058b1000024bd
0000600000000000
000058b1ffffdb43
000043e2ffffbc1e
000024bdffffa74f
00000000ffffa000
ffffdb43ffffa74f
ffffbc1effffbc1e
ffffa74fffffdb43
ffffa00000000000
ffffa74f000024bd
ffffbc1e000043e2
ffffdb43000058b1
0000000000006000
000024bd000058b1
000043e2000043e2
000058b1000024bd
0000600000000000
000058b1ffffdb43
000043e2ffffbc1e
000024bdffffa74f
00000000ffffa000
ffffdb43ffffa74f
ffffbc1effffbc1e
ffffa74fffffdb43
ffffa00000000000
ffffa74f000024bd
ffffbc1e000043e2
ffffdb43000058b1
0000000000006000
000024bd000058b1
000043e2000043e2
000058b1000024bd
0000600000000000
000058b1ffffdb43
000043e2ffffbc1e
000024bdffffa74f
00000000ffffa000
ffffdb43ffffa74f
ffffbc1effffbc1e
ffffa74fffffdb43
ffffa00000000000
ffffa74f000024bd
ffffbc1e000043e2
ffffdb43000058b1
0000000000006000
000024bd000058b1
000043e2000043e2
000058b1000024bd
0000600000000000
000058b1ffffdb43
000043e2ffffbc1e
000024bdffffa74f
00000000ffffa000
ffffdb43ffffa74f
ffffbc1effffbc1e
ffffa74fffffdb43
ffffa00000000000
ffffa74f000024bd
ffffbc1e000043e2
ffffdb43000058b1
0000000000006000
000024bd000058b1
000043e2000043e2
000058b1000024bd
0000600000000000
000058b1ffffdb43
000043e2ffffbc1e
000024bdffffa74f
00000000ffffa000
ffffdb43ffffa74f
ffffbc1effffbc1e
ffffa74fffffdb43
ffffa00000000000
ffffa74f000024bd
ffffbc1e000043e2
ffffdb43000058b1
0000000000006000
000024bd000058b1
000043e2000043e2
000058b1000024bd
0000600000000000
000058b1ffffdb43
000043e2ffffbc1e
000024bdffffa74f
00000000ffffa000
ffffdb43ffffa74f
ffffbc1effffbc1e
ffffa74fffffdb43
ffffa00000000000
ffffa74f000024bd
ffffbc1e000043e2
ffffdb43000058b1
0000000000006000
000024bd000058b1
000043e2000043e2
000058b1000024bd
0000600000000000
000058b1ffffdb43
000043e2ffffbc1e
000024bdffffa74f
00000000ffffa000
ffffdb43ffffa74f
ffffbc1effffbc1e
ffffa74fffffdb43
ffffa00000000000
ffffa74f000024bd
ffffbc1e000043e2
ffffdb43000058b1
0000000000006000
000024bd000058b1
000043e2000043e2
000058b1000024bd
0000600000000000
000058b1ffffdb43
000043e2ffffbc1e
000024bdffffa74f
00000000ffffa000
ffffdb43ffffa74f
ffffbc1effffbc1e
ffffa74fffffdb43
ffffa00000000000
ffffa74f000024bd
ffffbc1e000043e2
ffffdb43000058b1
0000000000006000
000024bd000058b1
000043e2000043e2
000058b1000024bd
0000600000000000
000058b1ffffdb43
000043e2ffffbc1e
000024bdffffa74f
00000000ffffa000
ffffdb43ffffa74f
ffffbc1effffbc1e
ffffa74fffffdb43
ffffa00000000000
ffffa74f000024bd
ffffbc1e000043e2
ffffdb43000058b1
0000000000006000
000024bd000058b1
000043e2000043e2
000058b1000024bd
0000600000000000
000058b1ffffdb43
000043e2ffffbc1e
000024bdffffa74f
00000000ffffa000
ffffdb43ffffa74f
ffffbc1effffbc1e
ffffa74fffffdb43
ffffa00000000000
ffffa74f000024bd
ffffbc1e000043e2
ffffdb43000058b1
0000000000006000
000024bd000058b1
000043e2000043e2
000058b1000024bd
0000600000000000
000058b1ffffdb43
000043e2ffffbc1e
000024bdffffa74f
00000000ffffa000
ffffdb43ffffa74f
ffffbc1effffbc1e
ffffa74fffffdb43
ffffa00000000000
ffffa74f000024bd
ffffbc1e000043e2
ffffdb43000058b1
0000000000006000
000024bd000058b1
000043e2000043e2
000058b1000024bd
0000600000000000
000058b1ffffdb43
000043e2ffffbc1e
000024bdffffa74f
00000000ffffa000
ffffdb43ffffa74f
ffffbc1effffbc1e
ffffa74fffffdb43
ffffa00000000000
ffffa74f000024bd
ffffbc1e000043e2
ffffdb43000058b1
0000000000006000
000024bd000058b1
000043e2000043e2
000058b1000024bd
0000600000000000
000058b1ffffdb43
000043e2ffffbc1e
000024bdffffa74f
00000000ffffa000
ffffdb43ffffa74f
ffffbc1effffbc1e
ffffa74fffffdb43
ffffa00000000000
ffffa74f000024bd
ffffbc1e000043e2
ffffdb43000058b1
0000000000006000
000024bd000058b1
000043e2000043e2
000058b1000024bd
0000600000000000
000058b1ffffdb43
000043e2ffffbc1e
000024bdffffa74f
00000000ffffa000
ffffdb43ffffa74f
ffffbc1effffbc1e
ffffa74fffffdb43
ffffa00000000000
ffffa74f000024bd
ffffbc1e000043e2
ffffdb43000058b1
0000000000006000
000024bd000058b1
000043e2000043e2
000058b1000024bd
0000600000000000
000058b1ffffdb43
000043e2ffffbc1e
000024bdffffa74f
00000000ffffa000
ffffdb43ffffa74f
ffffbc1effffbc1e
ffffa74fffffdb43
ffffa00000000000
ffffa74f000024bd
ffffbc1e000043e2
ffffdb43000058b1
0000000000006000
000024bd000058b1
000043e2000043e2
000058b1000024bd
0000600000000000
000058b1ffffdb43
000043e2ffffbc1e
000024bdffffa74f
00000000ffffa000
ffffdb43ffffa74f
ffffbc1effffbc1e
ffffa74fffffdb43
ffffa00000000000
ffffa74f000024bd
ffffbc1e000043e2
ffffdb43000058b1
0000000000006000
000024bd000058b1
000043e2000043e2
000058b1000024bd
0000600000000000
000058b1ffffdb43
000043e2ffffbc1e
000024bdffffa74f
00000000ffffa000
ffffdb43ffffa74f
ffffbc1effffbc1e
ffffa74fffffdb43
ffffa00000000000
ffffa74f000024bd
ffffbc1e000043e2
ffffdb43000058b1
0000000000006000
000024bd000058b1
000043e2000043e2
000058b1000024bd
0000600000000000
000058b1ffffdb43
000043e2ffffbc1e
000024bdffffa74f
00000000ffffa000
ffffdb43ffffa74f
ffffbc1effffbc1e
ffffa74fffffdb43
ffffa00000000000
ffffa74f000024bd
ffffbc1e000043e2
ffffdb43000058b1
0000000000006000
000024bd000058b1
000043e2000043e2
000058b1000024bd
0000600000000000
000058b1ffffdb43
000043e2ffffbc1e
000024bdffffa74f
00000000ffffa000
ffffdb43ffffa74f
ffffbc1effffbc1e
ffffa74fffffdb43
ffffa00000000000
ffffa74f000024bd
ffffbc1e000043e2
ffffdb43000058b1
0000000000006000
000024bd000058b1
000043e2000043e2
000058b1000024bd
0000600000000000
000058b1ffffdb43
000043e2ffffbc1e
000024bdffffa74f
00000000ffffa000
ffffdb43ffffa74f
ffffbc1effffbc1e
ffffa74fffffdb43
ffffa00000000000
ffffa74f000024bd
ffffbc1e000043e2
ffffdb43000058b1
0000000000006000
000024bd000058b1
000043e2000043e2
000058b1000024bd
0000600000000000
000058b1ffffdb43
000043e2ffffbc1e
000024bdffffa74f
00000000ffffa000
ffffdb43ffffa74f
ffffbc1effffbc1e
ffffa74fffffdb43
ffffa00000000000
ffffa74f000024bd
ffffbc1e000043e2
ffffdb43000058b1
0000000000006000
000024bd000058b1
000043e2000043e2
000058b1000024bd
0000600000000000
000058b1ffffdb43
000043e2ffffbc1e
000024bdffffa74f
00000000ffffa000
ffffdb43ffffa74f
ffffbc1effffbc1e
ffffa74fffffdb43
ffffa00000000000
ffffa74f000024bd
ffffbc1e000043e2
ffffdb43000058b1
0000000000006000
000024bd000058b1
000043e2000043e2
000058b1000024bd
0000600000000000
000058b1ffffdb43
000043e2ffffbc1e
000024bdffffa74f
00000000ffffa000
ffffdb43ffffa74f
ffffbc1effffbc1e
ffffa74fffffdb43
ffffa00000000000
ffffa74f000024bd
ffffbc1e000043e2
ffffdb43000058b1
0000000000006000
000024bd000058b1
000043e2000043e2
000058b1000024bd
0000600000000000
000058b1ffffdb43
000043e2ffffbc1e
000024bdffffa74f
00000000ffffa000
ffffdb43ffffa74f
ffffbc1effffbc1e
ffffa74fffffdb43
ffffa00000000000
ffffa74f000024bd
ffffbc1e000043e2
ffffdb43000058b1
0000000000006000
000024bd000058b1
000043e2000043e2
000058b1000024bd
0000600000000000
000058b1ffffdb43
000043e2ffffbc1e
000024bdffffa74f
00000000ffffa000
ffffdb43ffffa74f
ffffbc1effffbc1e
ffffa74fffffdb43
ffffa00000000000
ffffa74f000024bd
ffffbc1e000043e2
ffffdb43000058b1
0000000000006000
000024bd000058b1
000043e2000043e2
000058b1000024bd
0000600000000000
000058b1ffffdb43
000043e2ffffbc1e
000024bdffffa74f
00000000ffffa000
ffffdb43ffffa74f
ffffbc1effffbc1e
ffffa74fffffdb43
ffffa00000000000
ffffa74f000024bd
ffffbc1e000043e2
ffffdb43000058b1
0000000000006000
000024bd000058b1
000043e2000043e2
000058b1000024bd
0000600000000000
000058b1ffffdb43
000043e2ffffbc1e
000024bdffffa74f
00000000ffffa000
ffffdb43ffffa74f
ffffbc1effffbc1e
ffffa74fffffdb43
ffffa00000000000
ffffa74f000024bd
ffffbc1e000043e2
ffffdb43000058b1
0000000000006000
000024bd000058b1
000043e2000043e2
000058b1000024bd
0000600000000000
000058b1ffffdb43
000043e2ffffbc1e
000024bdffffa74f
00000000ffffa000
ffffdb43ffffa74f
ffffbc1effffbc1e
ffffa74fffffdb43
ffffa00000000000
ffffa74f000024bd
ffffbc1e000043e2
ffffdb43000058b1
0000000000006000
000024bd000058b1
000043e2000043e2
000058b1000024bd
0000600000000000
000058b1ffffdb43
000043e2ffffbc1e
000024bdffffa74f
00000000ffffa000
ffffdb43ffffa74f
ffffbc1effffbc1e
ffffa74fffffdb43
ffffa00000000000
ffffa74f000024bd
ffffbc1e000043e2
ffffdb43000058b1
0000000000006000
000024bd000058b1
000043e2000043e2
000058b1000024bd
0000600000000000
000058b1ffffdb43
000043e2ffffbc1e
000024bdffffa74f
00000000ffffa000
ffffdb43ffffa74f
ffffbc1effffbc1e
ffffa74fffffdb43
ffffa00000000000
ffffa74f000024bd
ffffbc1e000043e2
ffffdb43000058b1
0000000000006000
000024bd000058b1
000043e2000043e2
000058b1000024bd
0000600000000000
000058b1ffffdb43
000043e2ffffbc1e
000024bdffffa74f
00000000ffffa000
ffffdb43ffffa74f
ffffbc1effffbc1e
ffffa74fffffdb43
ffffa00000000000
ffffa74f000024bd
ffffbc1e000043e2
ffffdb43000058b1
0000000000006000
000024bd000058b1
000043e2000043e2
000058b1000024bd
0000600000000000
000058b1ffffdb43
000043e2ffffbc1e
000024bdffffa74f
00000000ffffa000
ffffdb43ffffa74f
ffffbc1effffbc1e
ffffa74fffffdb43
ffffa00000000000
ffffa74f000024bd
ffffbc1e000043e2
ffffdb43000058b1
0000000000006000
000024bd000058b1
000043e2000043e2
000058b1000024bd
0000600000000000
000058b1ffffdb43
000043e2ffffbc1e
000024bdffffa74f
00000000ffffa000
ffffdb43ffffa74f
ffffbc1effffbc1e
ffffa74fffffdb43
ffffa00000000000
ffffa74f000024bd
ffffbc1e000043e2
ffffdb43000058b1
0000000000006000
000024bd000058b1
000043e2000043e2
000058b1000024bd
0000600000000000
000058b1ffffdb43
000043e2ffffbc1e
000024bdffffa74f
00000000ffffa000
ffffdb43ffffa74f
ffffbc1effffbc1e
ffffa74fffffdb43
ffffa00000000000
ffffa74f000024bd
ffffbc1e000043e2
ffffdb43000058b1
0000000000006000
000024bd000058b1
000043e2000043e2
000058b1000024bd
0000600000000000
000058b1ffffdb43
000043e2ffffbc1e
000024bdffffa74f
00000000ffffa000
ffffdb43ffffa74f
ffffbc1effffbc1e
ffffa74fffffdb43
ffffa00000000000
ffffa74f000024bd
ffffbc1e000043e2
ffffdb43000058b1
0000000000006000
000024bd000058b1
000043e2000043e2
000058b1000024bd
0000600000000000
000058b1ffffdb43
000043e2ffffbc1e
000024bdffffa74f
00000000ffffa000
ffffdb43ffffa74f
ffffbc1effffbc1e
ffffa74fffffdb43
ffffa00000000000
ffffa74f000024bd
ffffbc1e000043e2
ffffdb43000058b1
0000000000006000
000024bd000058b1
000043e2000043e2
000058b1000024bd
0000600000000000
000058b1ffffdb43
000043e2ffffbc1e
000024bdffffa74f
00000000ffffa000
ffffdb43ffffa74f
ffffbc1effffbc1e
ffffa74fffffdb43
ffffa00000000000
ffffa74f000024bd
ffffbc1e000043e2
ffffdb43000058b1
0000000000006000
000024bd000058b1
000043e2000043e2
000058b1000024bd
0000600000000000
000058b1ffffdb43
000043e2ffffbc1e
000024bdffffa74f
00000000ffffa000
ffffdb43ffffa74f
ffffbc1effffbc1e
ffffa74fffffdb43
ffffa00000000000
ffffa74f000024bd
ffffbc1e000043e2
ffffdb43000058b1
0000000000006000
000024bd000058b1
000043e2000043e2
000058b1000024bd
0000600000000000
000058b1ffffdb43
000043e2ffffbc1e
000024bdffffa74f
00000000ffffa000
ffffdb43ffffa74f
ffffbc1effffbc1e
ffffa74fffffdb43
ffffa00000000000
ffffa74f000024bd
ffffbc1e000043e2
ffffdb43000058b1
0000000000006000
000024bd000058b1
000043e2000043e2
000058b1000024bd
0000600000000000
000058b1ffffdb43
000043e2ffffbc1e
000024bdffffa74f
00000000ffffa000
ffffdb43ffffa74f
ffffbc1effffbc1e
ffffa74fffffdb43
ffffa00000000000
ffffa74f000024bd
ffffbc1e000043e2
ffffdb43000058b1
0000000000006000
000024bd000058b1
000043e2000043e2
000058b1000024bd
0000600000000000
000058b1ffffdb43
000043e2ffffbc1e
000024bdffffa74f
00000000ffffa000
ffffdb43ffffa74f
ffffbc1effffbc1e
ffffa74fffffdb43
ffffa00000000000
ffffa74f000024bd
ffffbc1e000043e2
ffffdb43000058b1
0000000000006000
000024bd000058b1
000043e2000043e2
000058b1000024bd
0000600000000000
000058b1ffffdb43
000043e2ffffbc1e
000024bdffffa74f
00000000ffffa000
ffffdb43ffffa74f
ffffbc1effffbc1e
ffffa74fffffdb43
ffffa00000000000
ffffa74f000024bd
ffffbc1e000043e2
ffffdb43000058b1
0000000000006000
000024bd000058b1
000043e2000043e2
000058b1000024bd
0000600000000000
000058b1ffffdb43
000043e2ffffbc1e
000024bdffffa74f
00000000ffffa000
ffffdb43ffffa74f
ffffbc1effffbc1e
ffffa74fffffdb43
ffffa00000000000
ffffa74f000024bd
ffffbc1e000043e2
ffffdb43000058b1
0000000000006000
000024bd000058b1
000043e2000043e2
000058b1000024bd
0000600000000000
000058b1ffffdb43
000043e2ffffbc1e
000024bdffffa74f
00000000ffffa000
ffffdb43ffffa74f
ffffbc1effffbc1e
ffffa74fffffdb43
ffffa00000000000
ffffa74f000024bd
ffffbc1e000043e2
ffffdb43000058b1
0000000000006000
000024bd000058b1
000043e2000043e2
000058b1000024bd
0000600000000000
000058b1ffffdb43
000043e2ffffbc1e
000024bdffffa74f
00000000ffffa000
ffffdb43ffffa74f
ffffbc1effffbc1e
ffffa74fffffdb43
ffffa00000000000
ffffa74f000024bd
ffffbc1e000043e2
ffffdb43000058b1
0000000000006000
000024bd000058b1
000043e2000043e2
000058b1000024bd
0000600000000000
000058b1ffffdb43
000043e2ffffbc1e
000024bdffffa74f
00000000ffffa000
ffffdb43ffffa74f
ffffbc1effffbc1e
ffffa74fffffdb43
ffffa00000000000
ffffa74f000024bd
ffffbc1e000043e2
ffffdb43000058b1
0000000000006000
000024bd000058b1
000043e2000043e2
000058b1000024bd
0000600000000000
000058b1ffffdb43
000043e2ffffbc1e
000024bdffffa74f
00000000ffffa000
ffffdb43ffffa74f
ffffbc1effffbc1e
ffffa74fffffdb43
ffffa00000000000
ffffa74f000024bd
ffffbc1e000043e2
ffffdb43000058b1
0000000000006000
000024bd000058b1
000043e2000043e2
000058b1000024bd
0000600000000000
000058b1ffffdb43
000043e2ffffbc1e
000024bdffffa74f
00000000ffffa000
ffffdb43ffffa74f
ffffbc1effffbc1e
ffffa74fffffdb43
ffffa00000000000
ffffa74f000024bd
ffffbc1e000043e2
ffffdb43000058b1
0000000000006000
000024bd000058b1
000043e2000043e2
000058b1000024bd
0000600000000000
000058b1ffffdb43
000043e2ffffbc1e
000024bdffffa74f
00000000ffffa000
ffffdb43ffffa74f
ffffbc1effffbc1e
ffffa74fffffdb43
ffffa00000000000
ffffa74f000024bd
ffffbc1e000043e2
ffffdb43000058b1
0000000000006000
000024bd000058b1
000043e2000043e2
000058b1000024bd
0000600000000000
000058b1ffffdb43
000043e2ffffbc1e
000024bdffffa74f
00000000ffffa000
ffffdb43ffffa74f
ffffbc1effffbc1e
ffffa74fffffdb43
ffffa00000000000
ffffa74f000024bd
ffffbc1e000043e2
ffffdb43000058b1
0000000000006000
000024bd000058b1
000043e2000043e2
000058b1000024bd
0000600000000000
000058b1ffffdb43
000043e2ffffbc1e
000024bdffffa74f
00000000ffffa000
ffffdb43ffffa74f
ffffbc1effffbc1e
ffffa74fffffdb43
ffffa00000000000
ffffa74f000024bd
ffffbc1e000043e2
ffffdb43000058b1
0000000000006000
000024bd000058b1
000043e2000043e2
000058b1000024bd
0000600000000000
000058b1ffffdb43
000043e2ffffbc1e
000024bdffffa74f
00000000ffffa000
ffffdb43ffffa74f
ffffbc1effffbc1e
ffffa74fffffdb43
ffffa00000000000
ffffa74f000024bd
ffffbc1e000043e2
ffffdb43000058b1
0000000000006000
000024bd000058b1
000043e2000043e2
000058b1000024bd
0000600000000000
000058b1ffffdb43
000043e2ffffbc1e
000024bdffffa74f
00000000ffffa000
ffffdb43ffffa74f
ffffbc1effffbc1e
ffffa74fffffdb43
ffffa00000000000
ffffa74f000024bd
ffffbc1e000043e2
ffffdb43000058b1
0000000000006000
000024bd000058b1
000043e2000043e2
000058b1000024bd
0000600000000000
000058b1ffffdb43
000043e2ffffbc1e
000024bdffffa74f
00000000ffffa000
ffffdb43ffffa74f
ffffbc1effffbc1e
ffffa74fffffdb43
ffffa00000000000
ffffa74f000024bd
ffffbc1e000043e2
ffffdb43000058b1
0000000000006000
000024bd000058b1
000043e2000043e2
000058b1000024bd
0000600000000000
000058b1ffffdb43
000043e2ffffbc1e
000024bdffffa74f
00000000ffffa000
ffffdb43ffffa74f
ffffbc1effffbc1e
ffffa74fffffdb43
ffffa00000000000
ffffa74f000024bd
ffffbc1e000043e2
ffffdb43000058b1
0000000000006000
000024bd000058b1
000043e2000043e2
000058b1000024bd
0000600000000000
000058b1ffffdb43
000043e2ffffbc1e
000024bdffffa74f
00000000ffffa000
ffffdb43ffffa74f
ffffbc1effffbc1e
ffffa74fffffdb43
ffffa00000000000
ffffa74f000024bd
ffffbc1e000043e2
ffffdb43000058b1
0000000000006000
000024bd000058b1
000043e2000043e2
000058b1000024bd
0000600000000000
000058b1ffffdb43
000043e2ffffbc1e
000024bdffffa74f
00000000ffffa000
ffffdb43ffffa74f
ffffbc1effffbc1e
ffffa74fffffdb43
ffffa00000000000
ffffa74f000024bd
ffffbc1e000043e2
ffffdb43000058b1
0000000000006000
000024bd000058b1
000043e2000043e2
000058b1000024bd
0000600000000000
000058b1ffffdb43
000043e2ffffbc1e
000024bdffffa74f
00000000ffffa000
ffffdb43ffffa74f
ffffbc1effffbc1e
ffffa74fffffdb43
ffffa00000000000
ffffa74f000024bd
ffffbc1e000043e2
ffffdb43000058b1
0000000000006000
000024bd000058b1
000043e2000043e2
000058b1000024bd
0000600000000000
000058b1ffffdb43
000043e2ffffbc1e
000024bdffffa74f
00000000ffffa000
ffffdb43ffffa74f
ffffbc1effffbc1e
ffffa74fffffdb43
ffffa00000000000
ffffa74f000024bd
ffffbc1e000043e2
ffffdb43000058b1
0000000000006000
000024bd000058b1
000043e2000043e2
000058b1000024bd
0000600000000000
000058b1ffffdb43
000043e2ffffbc1e
000024bdffffa74f
00000000ffffa000
ffffdb43ffffa74f
ffffbc1effffbc1e
ffffa74fffffdb43
ffffa00000000000
ffffa74f000024bd
ffffbc1e000043e2
ffffdb43000058b1
0000000000006000
000024bd000058b1
000043e2000043e2
000058b1000024bd
0000600000000000
000058b1ffffdb43
000043e2ffffbc1e
000024bdffffa74f
00000000ffffa000
ffffdb43ffffa74f
ffffbc1effffbc1e
ffffa74fffffdb43
ffffa00000000000
ffffa74f000024bd
ffffbc1e000043e2
ffffdb43000058b1
0000000000006000
000024bd000058b1
000043e2000043e2
000058b1000024bd
0000600000000000
000058b1ffffdb43
000043e2ffffbc1e
000024bdffffa74f
00000000ffffa000
ffffdb43ffffa74f
ffffbc1effffbc1e
ffffa74fffffdb43
ffffa00000000000
ffffa74f000024bd
ffffbc1e000043e2
ffffdb43000058b1
0000000000006000
000024bd000058b1
000043e2000043e2
000058b1000024bd
0000600000000000
000058b1ffffdb43
000043e2ffffbc1e
000024bdffffa74f
00000000ffffa000
ffffdb43ffffa74f
ffffbc1effffbc1e
ffffa74fffffdb43
ffffa00000000000
ffffa74f000024bd
ffffbc1e000043e2
ffffdb43000058b1
0000000000006000
000024bd000058b1
000043e2000043e2
000058b1000024bd
0000600000000000
000058b1ffffdb43
000043e2ffffbc1e
000024bdffffa74f
00000000ffffa000
ffffdb43ffffa74f
ffffbc1effffbc1e
ffffa74fffffdb43
ffffa00000000000
ffffa74f000024bd
ffffbc1e000043e2
ffffdb43000058b1
0000000000006000
000024bd000058b1
000043e2000043e2
000058b1000024bd
0000600000000000
000058b1ffffdb43
000043e2ffffbc1e
000024bdffffa74f
00000000ffffa000
ffffdb43ffffa74f
ffffbc1effffbc1e
ffffa74fffffdb43
ffffa00000000000
ffffa74f000024bd
ffffbc1e000043e2
ffffdb43000058b1
0000000000006000
000024bd000058b1
000043e2000043e2
000058b1000024bd
0000600000000000
000058b1ffffdb43
000043e2ffffbc1e
000024bdffffa74f
00000000ffffa000
ffffdb43ffffa74f
ffffbc1effffbc1e
ffffa74fffffdb43
ffffa00000000000
ffffa74f000024bd
ffffbc1e000043e2
ffffdb43000058b1
0000000000006000
000024bd000058b1
000043e2000043e2
000058b1000024bd
0000600000000000
000058b1ffffdb43
000043e2ffffbc1e
000024bdffffa74f
00000000ffffa000
ffffdb43ffffa74f
ffffbc1effffbc1e
ffffa74fffffdb43
ffffa00000000000
ffffa74f000024bd
ffffbc1e000043e2
ffffdb43000058b1
0000000000006000
000024bd000058b1
000043e2000043e2
000058b1000024bd
0000600000000000
000058b1ffffdb43
000043e2ffffbc1e
000024bdffffa74f
00000000ffffa000
ffffdb43ffffa74f
ffffbc1effffbc1e
ffffa74fffffdb43
ffffa00000000000
ffffa74f000024bd
ffffbc1e000043e2
ffffdb43000058b1
0000000000006000
000024bd000058b1
000043e2000043e2
000058b1000024bd
0000600000000000
000058b1ffffdb43
000043e2ffffbc1e
000024bdffffa74f
00000000ffffa000
ffffdb43ffffa74f
ffffbc1effffbc1e
ffffa74fffffdb43
ffffa00000000000
ffffa74f000024bd
ffffbc1e000043e2
ffffdb43000058b1
0000000000006000
000024bd000058b1
000043e2000043e2
000058b1000024bd
0000600000000000
000058b1ffffdb43
000043e2ffffbc1e
000024bdffffa74f
00000000ffffa000
ffffdb43ffffa74f
ffffbc1effffbc1e
ffffa74fffffdb43
ffffa00000000000
ffffa74f000024bd
ffffbc1e000043e2
ffffdb43000058b1
0000000000006000
000024bd000058b1
000043e2000043e2
000058b1000024bd
0000600000000000
000058b1ffffdb43
000043e2ffffbc1e
000024bdffffa74f
00000000ffffa000
ffffdb43ffffa74f
ffffbc1effffbc1e
ffffa74fffffdb43
ffffa00000000000
ffffa74f000024bd
ffffbc1e000043e2
ffffdb43000058b1
0000000000006000
000024bd000058b1
000043e2000043e2
000058b1000024bd
0000600000000000
000058b1ffffdb43
000043e2ffffbc1e
000024bdffffa74f
00000000ffffa000
ffffdb43ffffa74f
ffffbc1effffbc1e
ffffa74fffffdb43
ffffa00000000000
ffffa74f000024bd
ffffbc1e000043e2
ffffdb43000058b1
0000000000006000
000024bd000058b1
000043e2000043e2
000058b1000024bd
0000600000000000
000058b1ffffdb43
000043e2ffffbc1e
000024bdffffa74f
00000000ffffa000
ffffdb43ffffa74f
ffffbc1effffbc1e
ffffa74fffffdb43
ffffa00000000000
ffffa74f000024bd
ffffbc1e000043e2
ffffdb43000058b1
0000000000006000
000024bd000058b1
000043e2000043e2
000058b1000024bd
0000600000000000
000058b1ffffdb43
000043e2ffffbc1e
000024bdffffa74f
00000000ffffa000
ffffdb43ffffa74f
ffffbc1effffbc1e
ffffa74fffffdb43
ffffa00000000000
ffffa74f000024bd
ffffbc1e000043e2
ffffdb43000058b1
0000000000006000
000024bd000058b1
000043e2000043e2
000058b1000024bd
0000600000000000
000058b1ffffdb43
000043e2ffffbc1e
000024bdffffa74f
00000000ffffa000
ffffdb43ffffa74f
ffffbc1effffbc1e
ffffa74fffffdb43
ffffa00000000000
ffffa74f000024bd
ffffbc1e000043e2
ffffdb43000058b1
0000000000006000
000024bd000058b1
000043e2000043e2
000058b1000024bd
0000600000000000
000058b1ffffdb43
000043e2ffffbc1e
000024bdffffa74f
00000000ffffa000
ffffdb43ffffa74f
ffffbc1effffbc1e
ffffa74fffffdb43
ffffa00000000000
ffffa74f000024bd
ffffbc1e000043e2
ffffdb43000058b1
0000000000006000
000024bd000058b1
000043e2000043e2
000058b1000024bd
0000600000000000
000058b1ffffdb43
000043e2ffffbc1e
000024bdffffa74f
00000000ffffa000
ffffdb43ffffa74f
ffffbc1effffbc1e
ffffa74fffffdb43
ffffa00000000000
ffffa74f000024bd
ffffbc1e000043e2
ffffdb43000058b1
0000000000006000
000024bd000058b1
000043e2000043e2
000058b1000024bd
0000600000000000
000058b1ffffdb43
000043e2ffffbc1e
000024bdffffa74f
00000000ffffa000
ffffdb43ffffa74f
ffffbc1effffbc1e
ffffa74fffffdb43
ffffa00000000000
ffffa74f000024bd
ffffbc1e000043e2
ffffdb43000058b1
0000000000006000
000024bd000058b1
000043e2000043e2
000058b1000024bd
0000600000000000
000058b1ffffdb43
000043e2ffffbc1e
000024bdffffa74f
00000000ffffa000
ffffdb43ffffa74f
ffffbc1effffbc1e
ffffa74fffffdb43
ffffa00000000000
ffffa74f000024bd
ffffbc1e000043e2
ffffdb43000058b1
0000000000006000
000024bd000058b1
000043e2000043e2
000058b1000024bd
0000600000000000
000058b1ffffdb43
000043e2ffffbc1e
000024bdffffa74f
00000000ffffa000
ffffdb43ffffa74f
ffffbc1effffbc1e
ffffa74fffffdb43
ffffa00000000000
ffffa74f000024bd
ffffbc1e000043e2
ffffdb43000058b1
0000000000006000
000024bd000058b1
000043e2000043e2
000058b1000024bd
0000600000000000
000058b1ffffdb43
000043e2ffffbc1e
000024bdffffa74f
00000000ffffa000
ffffdb43ffffa74f
ffffbc1effffbc1e
ffffa74fffffdb43
ffffa00000000000
ffffa74f000024bd
ffffbc1e000043e2
ffffdb43000058b1
0000000000006000
000024bd000058b1
000043e2000043e2
000058b1000024bd
0000600000000000
000058b1ffffdb43
000043e2ffffbc1e
000024bdffffa74f
00000000ffffa000
ffffdb43ffffa74f
ffffbc1effffbc1e
ffffa74fffffdb43
ffffa00000000000
ffffa74f000024bd
ffffbc1e000043e2
ffffdb43000058b1
0000000000006000
000024bd000058b1
000043e2000043e2
000058b1000024bd
0000600000000000
000058b1ffffdb43
000043e2ffffbc1e
000024bdffffa74f
00000000ffffa000
ffffdb43ffffa74f
ffffbc1effffbc1e
ffffa74fffffdb43
ffffa00000000000
ffffa74f000024bd
ffffbc1e000043e2
ffffdb43000058b1
0000000000006000
000024bd000058b1
000043e2000043e2
000058b1000024bd
0000600000000000
000058b1ffffdb43
000043e2ffffbc1e
000024bdffffa74f
00000000ffffa000
ffffdb43ffffa74f
ffffbc1effffbc1e
ffffa74fffffdb43
ffffa00000000000
ffffa74f000024bd
ffffbc1e000043e2
ffffdb43000058b1
0000000000006000
000024bd000058b1
000043e2000043e2
000058b1000024bd
0000600000000000
000058b1ffffdb43
000043e2ffffbc1e
000024bdffffa74f
00000000ffffa000
ffffdb43ffffa74f
ffffbc1effffbc1e
ffffa74fffffdb43
ffffa00000000000
ffffa74f000024bd
ffffbc1e000043e2
ffffdb43000058b1
0000000000006000
000024bd000058b1
000043e2000043e2
000058b1000024bd
0000600000000000
000058b1ffffdb43
000043e2ffffbc1e
000024bdffffa74f
00000000ffffa000
ffffdb43ffffa74f
ffffbc1effffbc1e
ffffa74fffffdb43
ffffa00000000000
ffffa74f000024bd
ffffbc1e000043e2
ffffdb43000058b1
0000000000006000
000024bd000058b1
000043e2000043e2
000058b1000024bd
0000600000000000
000058b1ffffdb43
000043e2ffffbc1e
000024bdffffa74f
00000000ffffa000
ffffdb43ffffa74f
ffffbc1effffbc1e
ffffa74fffffdb43
ffffa00000000000
ffffa74f000024bd
ffffbc1e000043e2
ffffdb43000058b1
0000000000006000
000024bd000058b1
000043e2000043e2
000058b1000024bd
0000600000000000
000058b1ffffdb43
000043e2ffffbc1e
000024bdffffa74f
00000000ffffa000
ffffdb43ffffa74f
ffffbc1effffbc1e
ffffa74fffffdb43
ffffa00000000000
ffffa74f000024bd
ffffbc1e000043e2
ffffdb43000058b1
0000000000006000
000024bd000058b1
000043e2000043e2
000058b1000024bd
0000600000000000
000058b1ffffdb43
000043e2ffffbc1e
000024bdffffa74f
00000000ffffa000
ffffdb43ffffa74f
ffffbc1effffbc1e
ffffa74fffffdb43
ffffa00000000000
ffffa74f000024bd
ffffbc1e000043e2
ffffdb43000058b1
0000000000006000
000024bd000058b1
000043e2000043e2
000058b1000024bd
0000600000000000
000058b1ffffdb43
000043e2ffffbc1e
000024bdffffa74f
00000000ffffa000
ffffdb43ffffa74f
ffffbc1effffbc1e
ffffa74fffffdb43
ffffa00000000000
ffffa74f000024bd
ffffbc1e000043e2
ffffdb43000058b1
0000000000006000
000024bd000058b1
000043e2000043e2
000058b1000024bd
0000600000000000
000058b1ffffdb43
000043e2ffffbc1e
000024bdffffa74f
00000000ffffa000
ffffdb43ffffa74f
ffffbc1effffbc1e
ffffa74fffffdb43
ffffa00000000000
ffffa74f000024bd
ffffbc1e000043e2
ffffdb43000058b1
0000000000006000
000024bd000058b1
000043e2000043e2
000058b1000024bd
0000600000000000
000058b1ffffdb43
000043e2ffffbc1e
000024bdffffa74f
00000000ffffa000
ffffdb43ffffa74f
ffffbc1effffbc1e
ffffa74fffffdb43
ffffa00000000000
ffffa74f000024bd
ffffbc1e000043e2
ffffdb43000058b1
0000000000006000
000024bd000058b1
000043e2000043e2
000058b1000024bd
0000600000000000
000058b1ffffdb43
000043e2ffffbc1e
000024bdffffa74f
00000000ffffa000
ffffdb43ffffa74f
ffffbc1effffbc1e
ffffa74fffffdb43
ffffa00000000000
ffffa74f000024bd
ffffbc1e000043e2
ffffdb43000058b1
0000000000006000
000024bd000058b1
000043e2000043e2
000058b1000024bd
0000600000000000
000058b1ffffdb43
000043e2ffffbc1e
000024bdffffa74f
00000000ffffa000
ffffdb43ffffa74f
ffffbc1effffbc1e
ffffa74fffffdb43
ffffa00000000000
ffffa74f000024bd
ffffbc1e000043e2
ffffdb43000058b1
0000000000006000
000024bd000058b1
000043e2000043e2
000058b1000024bd
0000600000000000
000058b1ffffdb43
000043e2ffffbc1e
000024bdffffa74f
00000000ffffa000
ffffdb43ffffa74f
ffffbc1effffbc1e
ffffa74fffffdb43
ffffa00000000000
ffffa74f000024bd
ffffbc1e000043e2
ffffdb43000058b1
0000000000006000
000024bd000058b1
000043e2000043e2
000058b1000024bd
0000600000000000
000058b1ffffdb43
000043e2ffffbc1e
000024bdffffa74f
00000000ffffa000
ffffdb43ffffa74f
ffffbc1effffbc1e
ffffa74fffffdb43
ffffa00000000000
ffffa74f000024bd
ffffbc1e000043e2
ffffdb43000058b1
0000000000006000
000024bd000058b1
000043e2000043e2
000058b1000024bd
0000600000000000
000058b1ffffdb43
000043e2ffffbc1e
000024bdffffa74f
00000000ffffa000
ffffdb43ffffa74f
ffffbc1effffbc1e
ffffa74fffffdb43
ffffa00000000000
ffffa74f000024bd
ffffbc1e000043e2
ffffdb43000058b1
0000000000006000
000024bd000058b1
000043e2000043e2
000058b1000024bd
0000600000000000
000058b1ffffdb43
000043e2ffffbc1e
000024bdffffa74f
00000000ffffa000
ffffdb43ffffa74f
ffffbc1effffbc1e
ffffa74fffffdb43
ffffa00000000000
ffffa74f000024bd
ffffbc1e000043e2
ffffdb43000058b1
0000000000006000
000024bd000058b1
000043e2000043e2
000058b1000024bd
0000600000000000
000058b1ffffdb43
000043e2ffffbc1e
000024bdffffa74f
00000000ffffa000
ffffdb43ffffa74f
ffffbc1effffbc1e
ffffa74fffffdb43
ffffa00000000000
ffffa74f000024bd
ffffbc1e000043e2
ffffdb43000058b1
0000000000006000
000024bd000058b1
000043e2000043e2
000058b1000024bd
0000600000000000
000058b1ffffdb43
000043e2ffffbc1e
000024bdffffa74f
00000000ffffa000
ffffdb43ffffa74f
ffffbc1effffbc1e
ffffa74fffffdb43
ffffa00000000000
ffffa74f000024bd
ffffbc1e000043e2
ffffdb43000058b1
0000000000006000
000024bd000058b1
000043e2000043e2
000058b1000024bd
0000600000000000
000058b1ffffdb43
000043e2ffffbc1e
000024bdffffa74f
00000000ffffa000
ffffdb43ffffa74f
ffffbc1effffbc1e
ffffa74fffffdb43
ffffa00000000000
ffffa74f000024bd
ffffbc1e000043e2
ffffdb43000058b1
0000000000006000
000024bd000058b1
000043e2000043e2
000058b1000024bd
0000600000000000
000058b1ffffdb43
000043e2ffffbc1e
000024bdffffa74f
00000000ffffa000
ffffdb43ffffa74f
ffffbc1effffbc1e
ffffa74fffffdb43
ffffa00000000000
ffffa74f000024bd
ffffbc1e000043e2
ffffdb43000058b1
0000000000006000
000024bd000058b1
000043e2000043e2
000058b1000024bd
0000600000000000
000058b1ffffdb43
000043e2ffffbc1e
000024bdffffa74f
00000000ffffa000
ffffdb43ffffa74f
ffffbc1effffbc1e
ffffa74fffffdb43
ffffa00000000000
ffffa74f000024bd
ffffbc1e000043e2
ffffdb43000058b1
0000000000006000
000024bd000058b1
000043e2000043e2
000058b1000024bd
0000600000000000
000058b1ffffdb43
000043e2ffffbc1e
000024bdffffa74f
00000000ffffa000
ffffdb43ffffa74f
ffffbc1effffbc1e
ffffa74fffffdb43
ffffa00000000000
ffffa74f000024bd
ffffbc1e000043e2
ffffdb43000058b1
0000000000006000
000024bd000058b1
000043e2000043e2
000058b1000024bd
0000600000000000
000058b1ffffdb43
000043e2ffffbc1e
000024bdffffa74f
00000000ffffa000
ffffdb43ffffa74f
ffffbc1effffbc1e
ffffa74fffffdb43
ffffa00000000000
ffffa74f000024bd
ffffbc1e000043e2
ffffdb43000058b1
0000000000006000
000024bd000058b1
000043e2000043e2
000058b1000024bd
0000600000000000
000058b1ffffdb43
000043e2ffffbc1e
000024bdffffa74f
00000000ffffa000
ffffdb43ffffa74f
ffffbc1effffbc1e
ffffa74fffffdb43
ffffa00000000000
ffffa74f000024bd
ffffbc1e000043e2
ffffdb43000058b1
0000000000006000
000024bd000058b1
000043e2000043e2
000058b1000024bd
0000600000000000
000058b1ffffdb43
000043e2ffffbc1e
000024bdffffa74f
00000000ffffa000
ffffdb43ffffa74f
ffffbc1effffbc1e
ffffa74fffffdb43
ffffa00000000000
ffffa74f000024bd
ffffbc1e000043e2
ffffdb43000058b1
0000000000006000
000024bd000058b1
000043e2000043e2
000058b1000024bd
0000600000000000
000058b1ffffdb43
000043e2ffffbc1e
000024bdffffa74f
00000000ffffa000
ffffdb43ffffa74f
ffffbc1effffbc1e
ffffa74fffffdb43
ffffa00000000000
ffffa74f000024bd
ffffbc1e000043e2
ffffdb43000058b1
0000000000006000
000024bd000058b1
000043e2000043e2
000058b1000024bd
0000600000000000
000058b1ffffdb43
000043e2ffffbc1e
000024bdffffa74f
00000000ffffa000
ffffdb43ffffa74f
ffffbc1effffbc1e
ffffa74fffffdb43
ffffa00000000000
ffffa74f000024bd
ffffbc1e000043e2
ffffdb43000058b1
0000000000006000
000024bd000058b1
000043e2000043e2
000058b1000024bd
0000600000000000
000058b1ffffdb43
000043e2ffffbc1e
000024bdffffa74f
00000000ffffa000
ffffdb43ffffa74f
ffffbc1effffbc1e
ffffa74fffffdb43
ffffa00000000000
ffffa74f000024bd
ffffbc1e000043e2
ffffdb43000058b1
0000000000006000
000024bd000058b1
000043e2000043e2
000058b1000024bd
0000600000000000
000058b1ffffdb43
000043e2ffffbc1e
000024bdffffa74f
00000000ffffa000
ffffdb43ffffa74f
ffffbc1effffbc1e
ffffa74fffffdb43
ffffa00000000000
ffffa74f000024bd
ffffbc1e000043e2
ffffdb43000058b1
0000000000006000
000024bd000058b1
000043e2000043e2
000058b1000024bd
0000600000000000
000058b1ffffdb43
000043e2ffffbc1e
000024bdffffa74f
00000000ffffa000
ffffdb43ffffa74f
ffffbc1effffbc1e
ffffa74fffffdb43
ffffa00000000000
ffffa74f000024bd
ffffbc1e000043e2
ffffdb43000058b1
0000000000006000
000024bd000058b1
000043e2000043e2
000058b1000024bd
0000600000000000
000058b1ffffdb43
000043e2ffffbc1e
000024bdffffa74f
00000000ffffa000
ffffdb43ffffa74f
ffffbc1effffbc1e
ffffa74fffffdb43
ffffa00000000000
ffffa74f000024bd
ffffbc1e000043e2
ffffdb43000058b1
0000000000006000
000024bd000058b1
000043e2000043e2
000058b1000024bd
0000600000000000
000058b1ffffdb43
000043e2ffffbc1e
000024bdffffa74f
00000000ffffa000
ffffdb43ffffa74f
ffffbc1effffbc1e
ffffa74fffffdb43
ffffa00000000000
ffffa74f000024bd
ffffbc1e000043e2
ffffdb43000058b1
0000000000006000
000024bd000058b1
000043e2000043e2
000058b1000024bd
0000600000000000
000058b1ffffdb43
000043e2ffffbc1e
000024bdffffa74f
00000000ffffa000
ffffdb43ffffa74f
ffffbc1effffbc1e
ffffa74fffffdb43
ffffa00000000000
ffffa74f000024bd
ffffbc1e000043e2
ffffdb43000058b1
0000000000006000
000024bd000058b1
000043e2000043e2
000058b1000024bd
0000600000000000
000058b1ffffdb43
000043e2ffffbc1e
000024bdffffa74f
00000000ffffa000
ffffdb43ffffa74f
ffffbc1effffbc1e
ffffa74fffffdb43
ffffa00000000000
ffffa74f000024bd
ffffbc1e000043e2
ffffdb43000058b1
0000000000006000
000024bd000058b1
000043e2000043e2
000058b1000024bd
0000600000000000
000058b1ffffdb43
000043e2ffffbc1e
000024bdffffa74f
00000000ffffa000
ffffdb43ffffa74f
ffffbc1effffbc1e
ffffa74fffffdb43
ffffa00000000000
ffffa74f000024bd
ffffbc1e000043e2
ffffdb43000058b1
0000000000006000
000024bd000058b1
000043e2000043e2
000058b1000024bd
0000600000000000
000058b1ffffdb43
000043e2ffffbc1e
000024bdffffa74f
00000000ffffa000
ffffdb43ffffa74f
ffffbc1effffbc1e
ffffa74fffffdb43
ffffa00000000000
ffffa74f000024bd
ffffbc1e000043e2
ffffdb43000058b1
0000000000006000
000024bd000058b1
000043e2000043e2
000058b1000024bd
0000600000000000
000058b1ffffdb43
000043e2ffffbc1e
000024bdffffa74f
00000000ffffa000
ffffdb43ffffa74f
ffffbc1effffbc1e
ffffa74fffffdb43
ffffa00000000000
ffffa74f000024bd
ffffbc1e000043e2
ffffdb43000058b1
0000000000006000
000024bd000058b1
000043e2000043e2
000058b1000024bd
0000600000000000
000058b1ffffdb43
000043e2ffffbc1e
000024bdffffa74f
00000000ffffa000
ffffdb43ffffa74f
ffffbc1effffbc1e
ffffa74fffffdb43
ffffa00000000000
ffffa74f000024bd
ffffbc1e000043e2
ffffdb43000058b1
0000000000006000
000024bd000058b1
000043e2000043e2
000058b1000024bd
0000600000000000
000058b1ffffdb43
000043e2ffffbc1e
000024bdffffa74f
00000000ffffa000
ffffdb43ffffa74f
ffffbc1effffbc1e
ffffa74fffffdb43
ffffa00000000000
ffffa74f000024bd
ffffbc1e000043e2
ffffdb43000058b1
0000000000006000
000024bd000058b1
000043e2000043e2
000058b1000024bd
0000600000000000
000058b1ffffdb43
000043e2ffffbc1e
000024bdffffa74f
00000000ffffa000
ffffdb43ffffa74f
ffffbc1effffbc1e
ffffa74fffffdb43
ffffa00000000000
ffffa74f000024bd
ffffbc1e000043e2
ffffdb43000058b1
0000000000006000
000024bd000058b1
000043e2000043e2
000058b1000024bd
0000600000000000
000058b1ffffdb43
000043e2ffffbc1e
000024bdffffa74f
00000000ffffa000
ffffdb43ffffa74f
ffffbc1effffbc1e
ffffa74fffffdb43
ffffa00000000000
ffffa74f000024bd
ffffbc1e000043e2
ffffdb43000058b1
0000000000006000
000024bd000058b1
000043e2000043e2
000058b1000024bd
0000600000000000
000058b1ffffdb43
000043e2ffffbc1e
000024bdffffa74f
00000000ffffa000
ffffdb43ffffa74f
ffffbc1effffbc1e
ffffa74fffffdb43
ffffa00000000000
ffffa74f000024bd
ffffbc1e000043e2
ffffdb43000058b1
0000000000006000
000024bd000058b1
000043e2000043e2
000058b1000024bd
0000600000000000
000058b1ffffdb43
000043e2ffffbc1e
000024bdffffa74f
00000000ffffa000
ffffdb43ffffa74f
ffffbc1effffbc1e
ffffa74fffffdb43
ffffa00000000000
ffffa74f000024bd
ffffbc1e000043e2
ffffdb43000058b1
0000000000006000
000024bd000058b1
000043e2000043e2
000058b1000024bd
0000600000000000
000058b1ffffdb43
000043e2ffffbc1e
000024bdffffa74f
00000000ffffa000
ffffdb43ffffa74f
ffffbc1effffbc1e
ffffa74fffffdb43
ffffa00000000000
ffffa74f000024bd
ffffbc1e000043e2
ffffdb43000058b1
0000000000006000
000024bd000058b1
000043e2000043e2
000058b1000024bd
0000600000000000
000058b1ffffdb43
000043e2ffffbc1e
000024bdffffa74f
00000000ffffa000
ffffdb43ffffa74f
ffffbc1effffbc1e
ffffa74fffffdb43
ffffa00000000000
ffffa74f000024bd
ffffbc1e000043e2
ffffdb43000058b1
0000000000006000
000024bd000058b1
000043e2000043e2
000058b1000024bd
0000600000000000
000058b1ffffdb43
000043e2ffffbc1e
000024bdffffa74f
00000000ffffa000
ffffdb43ffffa74f
ffffbc1effffbc1e
ffffa74fffffdb43
ffffa00000000000
ffffa74f000024bd
ffffbc1e000043e2
ffffdb43000058b1
0000000000006000
000024bd000058b1
000043e2000043e2
000058b1000024bd
0000600000000000
000058b1ffffdb43
000043e2ffffbc1e
000024bdffffa74f
00000000ffffa000
ffffdb43ffffa74f
ffffbc1effffbc1e
ffffa74fffffdb43
ffffa00000000000
ffffa74f000024bd
ffffbc1e000043e2
ffffdb43000058b1
0000000000006000
000024bd000058b1
000043e2000043e2
000058b1000024bd
0000600000000000
000058b1ffffdb43
000043e2ffffbc1e
000024bdffffa74f
00000000ffffa000
ffffdb43ffffa74f
ffffbc1effffbc1e
ffffa74fffffdb43
ffffa00000000000
ffffa74f000024bd
ffffbc1e000043e2
ffffdb43000058b1
0000000000006000
000024bd000058b1
000043e2000043e2
000058b1000024bd
0000600000000000
000058b1ffffdb43
000043e2ffffbc1e
000024bdffffa74f
00000000ffffa000
ffffdb43ffffa74f
ffffbc1effffbc1e
ffffa74fffffdb43
ffffa00000000000
ffffa74f000024bd
ffffbc1e000043e2
ffffdb43000058b1
0000000000006000
000024bd000058b1
000043e2000043e2
000058b1000024bd
0000600000000000
000058b1ffffdb43
000043e2ffffbc1e
000024bdffffa74f
00000000ffffa000
ffffdb43ffffa74f
ffffbc1effffbc1e
ffffa74fffffdb43
ffffa00000000000
ffffa74f000024bd
ffffbc1e000043e2
ffffdb43000058b1
0000000000006000
000024bd000058b1
000043e2000043e2
000058b1000024bd
0000600000000000
000058b1ffffdb43
000043e2ffffbc1e
000024bdffffa74f
00000000ffffa000
ffffdb43ffffa74f
ffffbc1effffbc1e
ffffa74fffffdb43
ffffa00000000000
ffffa74f000024bd
ffffbc1e000043e2
ffffdb43000058b1
0000000000006000
000024bd000058b1
000043e2000043e2
000058b1000024bd
0000600000000000
000058b1ffffdb43
000043e2ffffbc1e
000024bdffffa74f
00000000ffffa000
ffffdb43ffffa74f
ffffbc1effffbc1e
ffffa74fffffdb43
ffffa00000000000
ffffa74f000024bd
ffffbc1e000043e2
ffffdb43000058b1
0000000000006000
000024bd000058b1
000043e2000043e2
000058b1000024bd
0000600000000000
000058b1ffffdb43
000043e2ffffbc1e
000024bdffffa74f
00000000ffffa000
ffffdb43ffffa74f
ffffbc1effffbc1e
ffffa74fffffdb43
ffffa00000000000
ffffa74f000024bd
ffffbc1e000043e2
ffffdb43000058b1
0000000000006000
000024bd000058b1
000043e2000043e2
000058b1000024bd
0000600000000000
000058b1ffffdb43
000043e2ffffbc1e
000024bdffffa74f
00000000ffffa000
ffffdb43ffffa74f
ffffbc1effffbc1e
ffffa74fffffdb43
ffffa00000000000
ffffa74f000024bd
ffffbc1e000043e2
ffffdb43000058b1
0000000000006000
000024bd000058b1
000043e2000043e2
000058b1000024bd
0000600000000000
000058b1ffffdb43
000043e2ffffbc1e
000024bdffffa74f
00000000ffffa000
ffffdb43ffffa74f
ffffbc1effffbc1e
ffffa74fffffdb43
ffffa00000000000
ffffa74f000024bd
ffffbc1e000043e2
ffffdb43000058b1
0000000000006000
000024bd000058b1
000043e2000043e2
000058b1000024bd
0000600000000000
000058b1ffffdb43
000043e2ffffbc1e
000024bdffffa74f
00000000ffffa000
ffffdb43ffffa74f
ffffbc1effffbc1e
ffffa74fffffdb43
ffffa00000000000
ffffa74f000024bd
ffffbc1e000043e2
ffffdb43000058b1
0000000000006000
000024bd000058b1
000043e2000043e2
000058b1000024bd
0000600000000000
000058b1ffffdb43
000043e2ffffbc1e
000024bdffffa74f
00000000ffffa000
ffffdb43ffffa74f
ffffbc1effffbc1e
ffffa74fffffdb43
ffffa00000000000
ffffa74f000024bd
ffffbc1e000043e2
ffffdb43000058b1
0000000000006000
000024bd000058b1
000043e2000043e2
000058b1000024bd
0000600000000000
000058b1ffffdb43
000043e2ffffbc1e
000024bdffffa74f
00000000ffffa000
ffffdb43ffffa74f
ffffbc1effffbc1e
ffffa74fffffdb43
ffffa00000000000
ffffa74f000024bd
ffffbc1e000043e2
ffffdb43000058b1
0000000000006000
000024bd000058b1
000043e2000043e2
000058b1000024bd
0000600000000000
000058b1ffffdb43
000043e2ffffbc1e
000024bdffffa74f
00000000ffffa000
ffffdb43ffffa74f
ffffbc1effffbc1e
ffffa74fffffdb43
ffffa00000000000
ffffa74f000024bd
ffffbc1e000043e2
ffffdb43000058b1
0000000000006000
000024bd000058b1
000043e2000043e2
000058b1000024bd
0000600000000000
000058b1ffffdb43
000043e2ffffbc1e
000024bdffffa74f
00000000ffffa000
ffffdb43ffffa74f
ffffbc1effffbc1e
ffffa74fffffdb43
ffffa00000000000
ffffa74f000024bd
ffffbc1e000043e2
ffffdb43000058b1
0000000000006000
000024bd000058b1
000043e2000043e2
000058b1000024bd
0000600000000000
000058b1ffffdb43
000043e2ffffbc1e
000024bdffffa74f
00000000ffffa000
ffffdb43ffffa74f
ffffbc1effffbc1e
ffffa74fffffdb43
ffffa00000000000
ffffa74f000024bd
ffffbc1e000043e2
ffffdb43000058b1
0000000000006000
000024bd000058b1
000043e2000043e2
000058b1000024bd
0000600000000000
000058b1ffffdb43
000043e2ffffbc1e
000024bdffffa74f
00000000ffffa000
ffffdb43ffffa74f
ffffbc1effffbc1e
ffffa74fffffdb43
ffffa00000000000
ffffa74f000024bd
ffffbc1e000043e2
ffffdb43000058b1
0000000000006000
000024bd000058b1
000043e2000043e2
000058b1000024bd
0000600000000000
000058b1ffffdb43
000043e2ffffbc1e
000024bdffffa74f
00000000ffffa000
ffffdb43ffffa74f
ffffbc1effffbc1e
ffffa74fffffdb43
ffffa00000000000
ffffa74f000024bd
ffffbc1e000043e2
ffffdb43000058b1
0000000000006000
000024bd000058b1
000043e2000043e2
000058b1000024bd
0000600000000000
000058b1ffffdb43
000043e2ffffbc1e
000024bdffffa74f
00000000ffffa000
ffffdb43ffffa74f
ffffbc1effffbc1e
ffffa74fffffdb43
ffffa00000000000
ffffa74f000024bd
ffffbc1e000043e2
ffffdb43000058b1
0000000000006000
000024bd000058b1
000043e2000043e2
000058b1000024bd
0000600000000000
000058b1ffffdb43
000043e2ffffbc1e
000024bdffffa74f
00000000ffffa000
ffffdb43ffffa74f
ffffbc1effffbc1e
ffffa74fffffdb43
ffffa00000000000
ffffa74f000024bd
ffffbc1e000043e2
ffffdb43000058b1
0000000000006000
000024bd000058b1
000043e2000043e2
000058b1000024bd
0000600000000000
000058b1ffffdb43
000043e2ffffbc1e
000024bdffffa74f
00000000ffffa000
ffffdb43ffffa74f
ffffbc1effffbc1e
ffffa74fffffdb43
ffffa00000000000
ffffa74f000024bd
ffffbc1e000043e2
ffffdb43000058b1
0000000000006000
000024bd000058b1
000043e2000043e2
000058b1000024bd
0000600000000000
000058b1ffffdb43
000043e2ffffbc1e
000024bdffffa74f
00000000ffffa000
ffffdb43ffffa74f
ffffbc1effffbc1e
ffffa74fffffdb43
ffffa00000000000
ffffa74f000024bd
ffffbc1e000043e2
ffffdb43000058b1
0000000000006000
000024bd000058b1
000043e2000043e2
000058b1000024bd
0000600000000000
000058b1ffffdb43
000043e2ffffbc1e
000024bdffffa74f
00000000ffffa000
ffffdb43ffffa74f
ffffbc1effffbc1e
ffffa74fffffdb43
ffffa00000000000
ffffa74f000024bd
ffffbc1e000043e2
ffffdb43000058b1
0000000000006000
000024bd000058b1
000043e2000043e2
000058b1000024bd
0000600000000000
000058b1ffffdb43
000043e2ffffbc1e
000024bdffffa74f
00000000ffffa000
ffffdb43ffffa74f
ffffbc1effffbc1e
ffffa74fffffdb43
ffffa00000000000
ffffa74f000024bd
ffffbc1e000043e2
ffffdb43000058b1
0000000000006000
000024bd000058b1
000043e2000043e2
000058b1000024bd
0000600000000000
000058b1ffffdb43
000043e2ffffbc1e
000024bdffffa74f
00000000ffffa000
ffffdb43ffffa74f
ffffbc1effffbc1e
ffffa74fffffdb43
ffffa00000000000
ffffa74f000024bd
ffffbc1e000043e2
ffffdb43000058b1
0000000000006000
000024bd000058b1
000043e2000043e2
000058b1000024bd
0000600000000000
000058b1ffffdb43
000043e2ffffbc1e
000024bdffffa74f
00000000ffffa000
ffffdb43ffffa74f
ffffbc1effffbc1e
ffffa74fffffdb43
ffffa00000000000
ffffa74f000024bd
ffffbc1e000043e2
ffffdb43000058b1
0000000000006000
000024bd000058b1
000043e2000043e2
000058b1000024bd
0000600000000000
000058b1ffffdb43
000043e2ffffbc1e
000024bdffffa74f
00000000ffffa000
ffffdb43ffffa74f
ffffbc1effffbc1e
ffffa74fffffdb43
ffffa00000000000
ffffa74f000024bd
ffffbc1e000043e2
ffffdb43000058b1
0000000000006000
000024bd000058b1
000043e2000043e2
000058b1000024bd
0000600000000000
000058b1ffffdb43
000043e2ffffbc1e
000024bdffffa74f
00000000ffffa000
ffffdb43ffffa74f
ffffbc1effffbc1e
ffffa74fffffdb43
ffffa00000000000
ffffa74f000024bd
ffffbc1e000043e2
ffffdb43000058b1
0000000000006000
000024bd000058b1
000043e2000043e2
000058b1000024bd
0000600000000000
000058b1ffffdb43
000043e2ffffbc1e
000024bdffffa74f
00000000ffffa000
ffffdb43ffffa74f
ffffbc1effffbc1e
ffffa74fffffdb43
ffffa00000000000
ffffa74f000024bd
ffffbc1e000043e2
ffffdb43000058b1
0000000000006000
000024bd000058b1
000043e2000043e2
000058b1000024bd
0000600000000000
000058b1ffffdb43
000043e2ffffbc1e
000024bdffffa74f
00000000ffffa000
ffffdb43ffffa74f
ffffbc1effffbc1e
ffffa74fffffdb43
ffffa00000000000
ffffa74f000024bd
ffffbc1e000043e2
ffffdb43000058b1
0000000000006000
000024bd000058b1
000043e2000043e2
000058b1000024bd
0000600000000000
000058b1ffffdb43
000043e2ffffbc1e
000024bdffffa74f
00000000ffffa000
ffffdb43ffffa74f
ffffbc1effffbc1e
ffffa74fffffdb43
ffffa00000000000
ffffa74f000024bd
ffffbc1e000043e2
ffffdb43000058b1
0000000000006000
000024bd000058b1
000043e2000043e2
000058b1000024bd
0000600000000000
000058b1ffffdb43
000043e2ffffbc1e
000024bdffffa74f
00000000ffffa000
ffffdb43ffffa74f
ffffbc1effffbc1e
ffffa74fffffdb43
ffffa00000000000
ffffa74f000024bd
ffffbc1e000043e2
ffffdb43000058b1
0000000000006000
000024bd000058b1
000043e2000043e2
000058b1000024bd
0000600000000000
000058b1ffffdb43
000043e2ffffbc1e
000024bdffffa74f
00000000ffffa000
ffffdb43ffffa74f
ffffbc1effffbc1e
ffffa74fffffdb43
ffffa00000000000
ffffa74f000024bd
ffffbc1e000043e2
ffffdb43000058b1
0000000000006000
000024bd000058b1
000043e2000043e2
000058b1000024bd
0000600000000000
000058b1ffffdb43
000043e2ffffbc1e
000024bdffffa74f
00000000ffffa000
ffffdb43ffffa74f
ffffbc1effffbc1e
ffffa74fffffdb43
ffffa00000000000
ffffa74f000024bd
ffffbc1e000043e2
ffffdb43000058b1
0000000000006000
000024bd000058b1
000043e2000043e2
000058b1000024bd
0000600000000000
000058b1ffffdb43
000043e2ffffbc1e
000024bdffffa74f
00000000ffffa000
ffffdb43ffffa74f
ffffbc1effffbc1e
ffffa74fffffdb43
ffffa00000000000
ffffa74f000024bd
ffffbc1e000043e2
ffffdb43000058b1
0000000000006000
000024bd000058b1
000043e2000043e2
000058b1000024bd
0000600000000000
000058b1ffffdb43
000043e2ffffbc1e
000024bdffffa74f
00000000ffffa000
ffffdb43ffffa74f
ffffbc1effffbc1e
ffffa74fffffdb43
ffffa00000000000
ffffa74f000024bd
ffffbc1e000043e2
ffffdb43000058b1
0000000000006000
000024bd000058b1
000043e2000043e2
000058b1000024bd
0000600000000000
000058b1ffffdb43
000043e2ffffbc1e
000024bdffffa74f
00000000ffffa000
ffffdb43ffffa74f
ffffbc1effffbc1e
ffffa74fffffdb43
ffffa00000000000
ffffa74f000024bd
ffffbc1e000043e2
ffffdb43000058b1
0000000000006000
000024bd000058b1
000043e2000043e2
000058b1000024bd
0000600000000000
000058b1ffffdb43
000043e2ffffbc1e
000024bdffffa74f
00000000ffffa000
ffffdb43ffffa74f
ffffbc1effffbc1e
ffffa74fffffdb43
ffffa00000000000
ffffa74f000024bd
ffffbc1e000043e2
ffffdb43000058b1
0000000000006000
000024bd000058b1
000043e2000043e2
000058b1000024bd
0000600000000000
000058b1ffffdb43
000043e2ffffbc1e
000024bdffffa74f
00000000ffffa000
ffffdb43ffffa74f
ffffbc1effffbc1e
ffffa74fffffdb43
ffffa00000000000
ffffa74f000024bd
ffffbc1e000043e2
ffffdb43000058b1
0000000000006000
000024bd000058b1
000043e2000043e2
000058b1000024bd
0000600000000000
000058b1ffffdb43
000043e2ffffbc1e
000024bdffffa74f
00000000ffffa000
ffffdb43ffffa74f
ffffbc1effffbc1e
ffffa74fffffdb43
ffffa00000000000
ffffa74f000024bd
ffffbc1e000043e2
ffffdb43000058b1
0000000000006000
000024bd000058b1
000043e2000043e2
000058b1000024bd
0000600000000000
000058b1ffffdb43
000043e2ffffbc1e
000024bdffffa74f
00000000ffffa000
ffffdb43ffffa74f
ffffbc1effffbc1e
ffffa74fffffdb43
ffffa00000000000
ffffa74f000024bd
ffffbc1e000043e2
ffffdb43000058b1
0000000000006000
000024bd000058b1
000043e2000043e2
000058b1000024bd
0000600000000000
000058b1ffffdb43
000043e2ffffbc1e
000024bdffffa74f
00000000ffffa000
ffffdb43ffffa74f
ffffbc1effffbc1e
ffffa74fffffdb43
ffffa00000000000
ffffa74f000024bd
ffffbc1e000043e2
ffffdb43000058b1
0000000000006000
000024bd000058b1
000043e2000043e2
000058b1000024bd
0000600000000000
000058b1ffffdb43
000043e2ffffbc1e
000024bdffffa74f
00000000ffffa000
ffffdb43ffffa74f
ffffbc1effffbc1e
ffffa74fffffdb43
ffffa00000000000
ffffa74f000024bd
ffffbc1e000043e2
ffffdb43000058b1
0000000000006000
000024bd000058b1
000043e2000043e2
000058b1000024bd
0000600000000000
000058b1ffffdb43
000043e2ffffbc1e
000024bdffffa74f
00000000ffffa000
ffffdb43ffffa74f
ffffbc1effffbc1e
ffffa74fffffdb43
ffffa00000000000
ffffa74f000024bd
ffffbc1e000043e2
ffffdb43000058b1
0000000000006000
000024bd000058b1
000043e2000043e2
000058b1000024bd
0000600000000000
000058b1ffffdb43
000043e2ffffbc1e
000024bdffffa74f
00000000ffffa000
ffffdb43ffffa74f
ffffbc1effffbc1e
ffffa74fffffdb43
ffffa00000000000
ffffa74f000024bd
ffffbc1e000043e2
ffffdb43000058b1
0000000000006000
000024bd000058b1
000043e2000043e2
000058b1000024bd
0000600000000000
000058b1ffffdb43
000043e2ffffbc1e
000024bdffffa74f
00000000ffffa000
ffffdb43ffffa74f
ffffbc1effffbc1e
ffffa74fffffdb43
ffffa00000000000
ffffa74f000024bd
ffffbc1e000043e2
ffffdb43000058b1
0000000000006000
000024bd000058b1
000043e2000043e2
000058b1000024bd
0000600000000000
000058b1ffffdb43
000043e2ffffbc1e
000024bdffffa74f
00000000ffffa000
ffffdb43ffffa74f
ffffbc1effffbc1e
ffffa74fffffdb43
ffffa00000000000
ffffa74f000024bd
ffffbc1e000043e2
ffffdb43000058b1
0000000000006000
000024bd000058b1
000043e2000043e2
000058b1000024bd
0000600000000000
000058b1ffffdb43
000043e2ffffbc1e
000024bdffffa74f
00000000ffffa000
ffffdb43ffffa74f
ffffbc1effffbc1e
ffffa74fffffdb43
ffffa00000000000
ffffa74f000024bd
ffffbc1e000043e2
ffffdb43000058b1
0000097500005e92
000028ca00004db3
00003710000031ac
0000327d000018e9
000023cc00000eaf
000018e9000014a0
00001c8f000021f3
00002fd7000028ca
0000497500001e92
00005b1300000272
000059b3ffffde0d
00004425ffffc024
000023ccffffb42d
00000741ffffbbdb
fffff9ecffffce54
fffffd8effffdd89
00000975ffffde92
00000fd1ffffd029
00000614ffffbb6a
ffffeb60ffffae7b
ffffc94affffb42d
ffffae7bffffcd83
ffffa64dfffff0f7
ffffb24d00000fd1
ffffc97500001e92
ffffdd8900001b6a
ffffe37100000f09
ffffd9b700000741
ffffc94a00000eaf
ffffc02400002649
ffffc8f000004496
ffffe49600005b13
0000097500005e92
000028ca00004db3
00003710000031ac
0000327d000018e9
000023cc00000eaf
000018e9000014a0
00001c8f000021f3
00002fd7000028ca
0000497500001e92
00005b1300000272
000059b3ffffde0d
00004425ffffc024
000023ccffffb42d
00000741ffffbbdb
fffff9ecffffce54
fffffd8effffdd89
00000975ffffde92
00000fd1ffffd029
00000614ffffbb6a
ffffeb60ffffae7b
ffffc94affffb42d
ffffae7bffffcd83
ffffa64dfffff0f7
ffffb24d00000fd1
ffffc97500001e92
ffffdd8900001b6a
ffffe37100000f09
ffffd9b700000741
ffffc94a00000eaf
ffffc02400002649
ffffc8f000004496
ffffe49600005b13
0000097500005e92
000028ca00004db3
00003710000031ac
0000327d000018e9
000023cc00000eaf
000018e9000014a0
00001c8f000021f3
00002fd7000028ca
0000497500001e92
00005b1300000272
000059b3ffffde0d
00004425ffffc024
000023ccffffb42d
00000741ffffbbdb
fffff9ecffffce54
fffffd8effffdd89
00000975ffffde92
00000fd1ffffd029
00000614ffffbb6a
ffffeb60ffffae7b
ffffc94affffb42d
ffffae7bffffcd83
ffffa64dfffff0f7
ffffb24d00000fd1
ffffc97500001e92
ffffdd8900001b6a
ffffe37100000f09
ffffd9b700000741
ffffc94a00000eaf
ffffc02400002649
ffffc8f000004496
ffffe49600005b13
0000097500005e92
000028ca00004db3
00003710000031ac
0000327d000018e9
000023cc00000eaf
000018e9000014a0
00001c8f000021f3
00002fd7000028ca
0000497500001e92
00005b1300000272
000059b3ffffde0d
00004425ffffc024
000023ccffffb42d
00000741ffffbbdb
fffff9ecffffce54
fffffd8effffdd89
00000975ffffde92
00000fd1ffffd029
00000614ffffbb6a
ffffeb60ffffae7b
ffffc94affffb42d
ffffae7bffffcd83
ffffa64dfffff0f7
ffffb24d00000fd1
ffffc97500001e92
ffffdd8900001b6a
ffffe37100000f09
ffffd9b700000741
ffffc94a00000eaf
ffffc02400002649
ffffc8f000004496
ffffe49600005b13
0000097500005e92
000028ca00004db3
00003710000031ac
0000327d000018e9
000023cc00000eaf
000018e9000014a0
00001c8f000021f3
00002fd7000028ca
0000497500001e92
00005b1300000272
000059b3ffffde0d
00004425ffffc024
000023ccffffb42d
00000741ffffbbdb
fffff9ecffffce54
fffffd8effffdd89
00000975ffffde92
00000fd1ffffd029
00000614ffffbb6a
ffffeb60ffffae7b
ffffc94affffb42d
ffffae7bffffcd83
ffffa64dfffff0f7
ffffb24d00000fd1
ffffc97500001e92
ffffdd8900001b6a
ffffe37100000f09
ffffd9b700000741
ffffc94a00000eaf
ffffc02400002649
ffffc8f000004496
ffffe49600005b13
0000097500005e92
000028ca00004db3
00003710000031ac
0000327d000018e9
000023cc00000eaf
000018e9000014a0
00001c8f000021f3
00002fd7000028ca
0000497500001e92
00005b1300000272
000059b3ffffde0d
00004425ffffc024
000023ccffffb42d
00000741ffffbbdb
fffff9ecffffce54
fffffd8effffdd89
00000975ffffde92
00000fd1ffffd029
00000614ffffbb6a
ffffeb60ffffae7b
ffffc94affffb42d
ffffae7bffffcd83
ffffa64dfffff0f7
ffffb24d00000fd1
ffffc97500001e92
ffffdd8900001b6a
ffffe37100000f09
ffffd9b700000741
ffffc94a00000eaf
ffffc02400002649
ffffc8f000004496
ffffe49600005b13
0000097500005e92
000028ca00004db3
00003710000031ac
0000327d000018e9
000023cc00000eaf
000018e9000014a0
00001c8f000021f3
00002fd7000028ca
0000497500001e92
00005b1300000272
000059b3ffffde0d
00004425ffffc024
000023ccffffb42d
00000741ffffbbdb
fffff9ecffffce54
fffffd8effffdd89
00000975ffffde92
00000fd1ffffd029
00000614ffffbb6a
ffffeb60ffffae7b
ffffc94affffb42d
ffffae7bffffcd83
ffffa64dfffff0f7
ffffb24d00000fd1
ffffc97500001e92
ffffdd8900001b6a
ffffe37100000f09
ffffd9b700000741
ffffc94a00000eaf
ffffc02400002649
ffffc8f000004496
ffffe49600005b13
0000097500005e92
000028ca00004db3
00003710000031ac
0000327d000018e9
000023cc00000eaf
000018e9000014a0
00001c8f000021f3
00002fd7000028ca
0000497500001e92
00005b1300000272
000059b3ffffde0d
00004425ffffc024
000023ccffffb42d
00000741ffffbbdb
fffff9ecffffce54
fffffd8effffdd89
00000975ffffde92
00000fd1ffffd029
00000614ffffbb6a
ffffeb60ffffae7b
ffffc94affffb42d
ffffae7bffffcd83
ffffa64dfffff0f7
ffffb24d00000fd1
ffffc97500001e92
ffffdd8900001b6a
ffffe37100000f09
ffffd9b700000741
ffffc94a00000eaf
ffffc02400002649
ffffc8f000004496
ffffe49600005b13
0000097500005e92
000028ca00004db3
00003710000031ac
0000327d000018e9
000023cc00000eaf
000018e9000014a0
00001c8f000021f3
00002fd7000028ca
0000497500001e92
00005b1300000272
000059b3ffffde0d
00004425ffffc024
000023ccffffb42d
00000741ffffbbdb
fffff9ecffffce54
fffffd8effffdd89
00000975ffffde92
00000fd1ffffd029
00000614ffffbb6a
ffffeb60ffffae7b
ffffc94affffb42d
ffffae7bffffcd83
ffffa64dfffff0f7
ffffb24d00000fd1
ffffc97500001e92
ffffdd8900001b6a
ffffe37100000f09
ffffd9b700000741
ffffc94a00000eaf
ffffc02400002649
ffffc8f000004496
ffffe49600005b13
0000097500005e92
000028ca00004db3
00003710000031ac
0000327d000018e9
000023cc00000eaf
000018e9000014a0
00001c8f000021f3
00002fd7000028ca
0000497500001e92
00005b1300000272
000059b3ffffde0d
00004425ffffc024
000023ccffffb42d
00000741ffffbbdb
fffff9ecffffce54
fffffd8effffdd89
00000975ffffde92
00000fd1ffffd029
00000614ffffbb6a
ffffeb60ffffae7b
ffffc94affffb42d
ffffae7bffffcd83
ffffa64dfffff0f7
ffffb24d00000fd1
ffffc97500001e92
ffffdd8900001b6a
ffffe37100000f09
ffffd9b700000741
ffffc94a00000eaf
ffffc02400002649
ffffc8f000004496
ffffe49600005b13
0000097500005e92
000028ca00004db3
00003710000031ac
0000327d000018e9
000023cc00000eaf
000018e9000014a0
00001c8f000021f3
00002fd7000028ca
0000497500001e92
00005b1300000272
000059b3ffffde0d
00004425ffffc024
000023ccffffb42d
00000741ffffbbdb
fffff9ecffffce54
fffffd8effffdd89
00000975ffffde92
00000fd1ffffd029
00000614ffffbb6a
ffffeb60ffffae7b
ffffc94affffb42d
ffffae7bffffcd83
ffffa64dfffff0f7
ffffb24d00000fd1
ffffc97500001e92
ffffdd8900001b6a
ffffe37100000f09
ffffd9b700000741
ffffc94a00000eaf
ffffc02400002649
ffffc8f000004496
ffffe49600005b13
0000097500005e92
000028ca00004db3
00003710000031ac
0000327d000018e9
000023cc00000eaf
000018e9000014a0
00001c8f000021f3
00002fd7000028ca
0000497500001e92
00005b1300000272
000059b3ffffde0d
00004425ffffc024
000023ccffffb42d
00000741ffffbbdb
fffff9ecffffce54
fffffd8effffdd89
00000975ffffde92
00000fd1ffffd029
00000614ffffbb6a
ffffeb60ffffae7b
ffffc94affffb42d
ffffae7bffffcd83
ffffa64dfffff0f7
ffffb24d00000fd1
ffffc97500001e92
ffffdd8900001b6a
ffffe37100000f09
ffffd9b700000741
ffffc94a00000eaf
ffffc02400002649
ffffc8f000004496
ffffe49600005b13
0000097500005e92
000028ca00004db3
00003710000031ac
0000327d000018e9
000023cc00000eaf
000018e9000014a0
00001c8f000021f3
00002fd7000028ca
0000497500001e92
00005b1300000272
000059b3ffffde0d
00004425ffffc024
000023ccffffb42d
00000741ffffbbdb
fffff9ecffffce54
fffffd8effffdd89
00000975ffffde92
00000fd1ffffd029
00000614ffffbb6a
ffffeb60ffffae7b
ffffc94affffb42d
ffffae7bffffcd83
ffffa64dfffff0f7
ffffb24d00000fd1
ffffc97500001e92
ffffdd8900001b6a
ffffe37100000f09
ffffd9b700000741
ffffc94a00000eaf
ffffc02400002649
ffffc8f000004496
ffffe49600005b13
0000097500005e92
000028ca00004db3
00003710000031ac
0000327d000018e9
000023cc00000eaf
000018e9000014a0
00001c8f000021f3
00002fd7000028ca
0000497500001e92
00005b1300000272
000059b3ffffde0d
00004425ffffc024
000023ccffffb42d
00000741ffffbbdb
fffff9ecffffce54
fffffd8effffdd89
00000975ffffde92
00000fd1ffffd029
00000614ffffbb6a
ffffeb60ffffae7b
ffffc94affffb42d
ffffae7bffffcd83
ffffa64dfffff0f7
ffffb24d00000fd1
ffffc97500001e92
ffffdd8900001b6a
ffffe37100000f09
ffffd9b700000741
ffffc94a00000eaf
ffffc02400002649
ffffc8f000004496
ffffe49600005b13
0000097500005e92
000028ca00004db3
00003710000031ac
0000327d000018e9
000023cc00000eaf
000018e9000014a0
00001c8f000021f3
00002fd7000028ca
0000497500001e92
00005b1300000272
000059b3ffffde0d
00004425ffffc024
000023ccffffb42d
00000741ffffbbdb
fffff9ecffffce54
fffffd8effffdd89
00000975ffffde92
00000fd1ffffd029
00000614ffffbb6a
ffffeb60ffffae7b
ffffc94affffb42d
ffffae7bffffcd83
ffffa64dfffff0f7
ffffb24d00000fd1
ffffc97500001e92
ffffdd8900001b6a
ffffe37100000f09
ffffd9b700000741
ffffc94a00000eaf
ffffc02400002649
ffffc8f000004496
ffffe49600005b13
0000097500005e92
000028ca00004db3
00003710000031ac
0000327d000018e9
000023cc00000eaf
000018e9000014a0
00001c8f000021f3
00002fd7000028ca
0000497500001e92
00005b1300000272
000059b3ffffde0d
00004425ffffc024
000023ccffffb42d
00000741ffffbbdb
fffff9ecffffce54
fffffd8effffdd89
00000975ffffde92
00000fd1ffffd029
00000614ffffbb6a
ffffeb60ffffae7b
ffffc94affffb42d
ffffae7bffffcd83
ffffa64dfffff0f7
ffffb24d00000fd1
ffffc97500001e92
ffffdd8900001b6a
ffffe37100000f09
ffffd9b700000741
ffffc94a00000eaf
ffffc02400002649
ffffc8f000004496
ffffe49600005b13
0000097500005e92
000028ca00004db3
00003710000031ac
0000327d000018e9
000023cc00000eaf
000018e9000014a0
00001c8f000021f3
00002fd7000028ca
0000497500001e92
00005b1300000272
000059b3ffffde0d
00004425ffffc024
000023ccffffb42d
00000741ffffbbdb
fffff9ecffffce54
fffffd8effffdd89
00000975ffffde92
00000fd1ffffd029
00000614ffffbb6a
ffffeb60ffffae7b
ffffc94affffb42d
ffffae7bffffcd83
ffffa64dfffff0f7
ffffb24d00000fd1
ffffc97500001e92
ffffdd8900001b6a
ffffe37100000f09
ffffd9b700000741
ffffc94a00000eaf
ffffc02400002649
ffffc8f000004496
ffffe49600005b13
0000097500005e92
000028ca00004db3
00003710000031ac
0000327d000018e9
000023cc00000eaf
000018e9000014a0
00001c8f000021f3
00002fd7000028ca
0000497500001e92
00005b1300000272
000059b3ffffde0d
00004425ffffc024
000023ccffffb42d
00000741ffffbbdb
fffff9ecffffce54
fffffd8effffdd89
00000975ffffde92
00000fd1ffffd029
00000614ffffbb6a
ffffeb60ffffae7b
ffffc94affffb42d
ffffae7bffffcd83
ffffa64dfffff0f7
ffffb24d00000fd1
ffffc97500001e92
ffffdd8900001b6a
ffffe37100000f09
ffffd9b700000741
ffffc94a00000eaf
ffffc02400002649
ffffc8f000004496
ffffe49600005b13
0000097500005e92
000028ca00004db3
00003710000031ac
0000327d000018e9
000023cc00000eaf
000018e9000014a0
00001c8f000021f3
00002fd7000028ca
0000497500001e92
00005b1300000272
000059b3ffffde0d
00004425ffffc024
000023ccffffb42d
00000741ffffbbdb
fffff9ecffffce54
fffffd8effffdd89
00000975ffffde92
00000fd1ffffd029
00000614ffffbb6a
ffffeb60ffffae7b
ffffc94affffb42d
ffffae7bffffcd83
ffffa64dfffff0f7
ffffb24d00000fd1
ffffc97500001e92
ffffdd8900001b6a
ffffe37100000f09
ffffd9b700000741
ffffc94a00000eaf
ffffc02400002649
ffffc8f000004496
ffffe49600005b13
0000097500005e92
000028ca00004db3
00003710000031ac
0000327d000018e9
000023cc00000eaf
000018e9000014a0
00001c8f000021f3
00002fd7000028ca
0000497500001e92
00005b1300000272
000059b3ffffde0d
00004425ffffc024
000023ccffffb42d
00000741ffffbbdb
fffff9ecffffce54
fffffd8effffdd89
00000975ffffde92
00000fd1ffffd029
00000614ffffbb6a
ffffeb60ffffae7b
ffffc94affffb42d
ffffae7bffffcd83
ffffa64dfffff0f7
ffffb24d00000fd1
ffffc97500001e92
ffffdd8900001b6a
ffffe37100000f09
ffffd9b700000741
ffffc94a00000eaf
ffffc02400002649
ffffc8f000004496
ffffe49600005b13
0000097500005e92
000028ca00004db3
00003710000031ac
0000327d000018e9
000023cc00000eaf
000018e9000014a0
00001c8f000021f3
00002fd7000028ca
0000497500001e92
00005b1300000272
000059b3ffffde0d
00004425ffffc024
000023ccffffb42d
00000741ffffbbdb
fffff9ecffffce54
fffffd8effffdd89
00000975ffffde92
00000fd1ffffd029
00000614ffffbb6a
ffffeb60ffffae7b
ffffc94affffb42d
ffffae7bffffcd83
ffffa64dfffff0f7
ffffb24d00000fd1
ffffc97500001e92
ffffdd8900001b6a
ffffe37100000f09
ffffd9b700000741
ffffc94a00000eaf
ffffc02400002649
ffffc8f000004496
ffffe49600005b13
0000097500005e92
000028ca00004db3
00003710000031ac
0000327d000018e9
000023cc00000eaf
000018e9000014a0
00001c8f000021f3
00002fd7000028ca
0000497500001e92
00005b1300000272
000059b3ffffde0d
00004425ffffc024
000023ccffffb42d
00000741ffffbbdb
fffff9ecffffce54
fffffd8effffdd89
00000975ffffde92
00000fd1ffffd029
00000614ffffbb6a
ffffeb60ffffae7b
ffffc94affffb42d
ffffae7bffffcd83
ffffa64dfffff0f7
ffffb24d00000fd1
ffffc97500001e92
ffffdd8900001b6a
ffffe37100000f09
ffffd9b700000741
ffffc94a00000eaf
ffffc02400002649
ffffc8f000004496
ffffe49600005b13
0000097500005e92
000028ca00004db3
00003710000031ac
0000327d000018e9
000023cc00000eaf
000018e9000014a0
00001c8f000021f3
00002fd7000028ca
0000497500001e92
00005b1300000272
000059b3ffffde0d
00004425ffffc024
000023ccffffb42d
00000741ffffbbdb
fffff9ecffffce54
fffffd8effffdd89
00000975ffffde92
00000fd1ffffd029
00000614ffffbb6a
ffffeb60ffffae7b
ffffc94affffb42d
ffffae7bffffcd83
ffffa64dfffff0f7
ffffb24d00000fd1
ffffc97500001e92
ffffdd8900001b6a
ffffe37100000f09
ffffd9b700000741
ffffc94a00000eaf
ffffc02400002649
ffffc8f000004496
ffffe49600005b13
0000097500005e92
000028ca00004db3
00003710000031ac
0000327d000018e9
000023cc00000eaf
000018e9000014a0
00001c8f000021f3
00002fd7000028ca
0000497500001e92
00005b1300000272
000059b3ffffde0d
00004425ffffc024
000023ccffffb42d
00000741ffffbbdb
fffff9ecffffce54
fffffd8effffdd89
00000975ffffde92
00000fd1ffffd029
00000614ffffbb6a
ffffeb60ffffae7b
ffffc94affffb42d
ffffae7bffffcd83
ffffa64dfffff0f7
ffffb24d00000fd1
ffffc97500001e92
ffffdd8900001b6a
ffffe37100000f09
ffffd9b700000741
ffffc94a00000eaf
ffffc02400002649
ffffc8f000004496
ffffe49600005b13
0000097500005e92
000028ca00004db3
00003710000031ac
0000327d000018e9
000023cc00000eaf
000018e9000014a0
00001c8f000021f3
00002fd7000028ca
0000497500001e92
00005b1300000272
000059b3ffffde0d
00004425ffffc024
000023ccffffb42d
00000741ffffbbdb
fffff9ecffffce54
fffffd8effffdd89
00000975ffffde92
00000fd1ffffd029
00000614ffffbb6a
ffffeb60ffffae7b
ffffc94affffb42d
ffffae7bffffcd83
ffffa64dfffff0f7
ffffb24d00000fd1
ffffc97500001e92
ffffdd8900001b6a
ffffe37100000f09
ffffd9b700000741
ffffc94a00000eaf
ffffc02400002649
ffffc8f000004496
ffffe49600005b13
0000097500005e92
000028ca00004db3
00003710000031ac
0000327d000018e9
000023cc00000eaf
000018e9000014a0
00001c8f000021f3
00002fd7000028ca
0000497500001e92
00005b1300000272
000059b3ffffde0d
00004425ffffc024
000023ccffffb42d
00000741ffffbbdb
fffff9ecffffce54
fffffd8effffdd89
00000975ffffde92
00000fd1ffffd029
00000614ffffbb6a
ffffeb60ffffae7b
ffffc94affffb42d
ffffae7bffffcd83
ffffa64dfffff0f7
ffffb24d00000fd1
ffffc97500001e92
ffffdd8900001b6a
ffffe37100000f09
ffffd9b700000741
ffffc94a00000eaf
ffffc02400002649
ffffc8f000004496
ffffe49600005b13
0000097500005e92
000028ca00004db3
00003710000031ac
0000327d000018e9
000023cc00000eaf
000018e9000014a0
00001c8f000021f3
00002fd7000028ca
0000497500001e92
00005b1300000272
000059b3ffffde0d
00004425ffffc024
000023ccffffb42d
00000741ffffbbdb
fffff9ecffffce54
fffffd8effffdd89
00000975ffffde92
00000fd1ffffd029
00000614ffffbb6a
ffffeb60ffffae7b
ffffc94affffb42d
ffffae7bffffcd83
ffffa64dfffff0f7
ffffb24d00000fd1
ffffc97500001e92
ffffdd8900001b6a
ffffe37100000f09
ffffd9b700000741
ffffc94a00000eaf
ffffc02400002649
ffffc8f000004496
ffffe49600005b13
0000097500005e92
000028ca00004db3
00003710000031ac
0000327d000018e9
000023cc00000eaf
000018e9000014a0
00001c8f000021f3
00002fd7000028ca
0000497500001e92
00005b1300000272
000059b3ffffde0d
00004425ffffc024
000023ccffffb42d
00000741ffffbbdb
fffff9ecffffce54
fffffd8effffdd89
00000975ffffde92
00000fd1ffffd029
00000614ffffbb6a
ffffeb60ffffae7b
ffffc94affffb42d
ffffae7bffffcd83
ffffa64dfffff0f7
ffffb24d00000fd1
ffffc97500001e92
ffffdd8900001b6a
ffffe37100000f09
ffffd9b700000741
ffffc94a00000eaf
ffffc02400002649
ffffc8f000004496
ffffe49600005b13
0000097500005e92
000028ca00004db3
00003710000031ac
0000327d000018e9
000023cc00000eaf
000018e9000014a0
00001c8f000021f3
00002fd7000028ca
0000497500001e92
00005b1300000272
000059b3ffffde0d
00004425ffffc024
000023ccffffb42d
00000741ffffbbdb
fffff9ecffffce54
fffffd8effffdd89
00000975ffffde92
00000fd1ffffd029
00000614ffffbb6a
ffffeb60ffffae7b
ffffc94affffb42d
ffffae7bffffcd83
ffffa64dfffff0f7
ffffb24d00000fd1
ffffc97500001e92
ffffdd8900001b6a
ffffe37100000f09
ffffd9b700000741
ffffc94a00000eaf
ffffc02400002649
ffffc8f000004496
ffffe49600005b13
0000097500005e92
000028ca00004db3
00003710000031ac
0000327d000018e9
000023cc00000eaf
000018e9000014a0
00001c8f000021f3
00002fd7000028ca
0000497500001e92
00005b1300000272
000059b3ffffde0d
00004425ffffc024
000023ccffffb42d
00000741ffffbbdb
fffff9ecffffce54
fffffd8effffdd89
00000975ffffde92
00000fd1ffffd029
00000614ffffbb6a
ffffeb60ffffae7b
ffffc94affffb42d
ffffae7bffffcd83
ffffa64dfffff0f7
ffffb24d00000fd1
ffffc97500001e92
ffffdd8900001b6a
ffffe37100000f09
ffffd9b700000741
ffffc94a00000eaf
ffffc02400002649
ffffc8f000004496
ffffe49600005b13
0000097500005e92
000028ca00004db3
00003710000031ac
0000327d000018e9
000023cc00000eaf
000018e9000014a0
00001c8f000021f3
00002fd7000028ca
0000497500001e92
00005b1300000272
000059b3ffffde0d
00004425ffffc024
000023ccffffb42d
00000741ffffbbdb
fffff9ecffffce54
fffffd8effffdd89
00000975ffffde92
00000fd1ffffd029
00000614ffffbb6a
ffffeb60ffffae7b
ffffc94affffb42d
ffffae7bffffcd83
ffffa64dfffff0f7
ffffb24d00000fd1
ffffc97500001e92
ffffdd8900001b6a
ffffe37100000f09
ffffd9b700000741
ffffc94a00000eaf
ffffc02400002649
ffffc8f000004496
ffffe49600005b13
0000097500005e92
000028ca00004db3
00003710000031ac
0000327d000018e9
000023cc00000eaf
000018e9000014a0
00001c8f000021f3
00002fd7000028ca
0000497500001e92
00005b1300000272
000059b3ffffde0d
00004425ffffc024
000023ccffffb42d
00000741ffffbbdb
fffff9ecffffce54
fffffd8effffdd89
00000975ffffde92
00000fd1ffffd029
00000614ffffbb6a
ffffeb60ffffae7b
ffffc94affffb42d
ffffae7bffffcd83
ffffa64dfffff0f7
ffffb24d00000fd1
ffffc97500001e92
ffffdd8900001b6a
ffffe37100000f09
ffffd9b700000741
ffffc94a00000eaf
ffffc02400002649
ffffc8f000004496
ffffe49600005b13
0000097500005e92
000028ca00004db3
00003710000031ac
0000327d000018e9
000023cc00000eaf
000018e9000014a0
00001c8f000021f3
00002fd7000028ca
0000497500001e92
00005b1300000272
000059b3ffffde0d
00004425ffffc024
000023ccffffb42d
00000741ffffbbdb
fffff9ecffffce54
fffffd8effffdd89
00000975ffffde92
00000fd1ffffd029
00000614ffffbb6a
ffffeb60ffffae7b
ffffc94affffb42d
ffffae7bffffcd83
ffffa64dfffff0f7
ffffb24d00000fd1
ffffc97500001e92
ffffdd8900001b6a
ffffe37100000f09
ffffd9b700000741
ffffc94a00000eaf
ffffc02400002649
ffffc8f000004496
ffffe49600005b13
0000097500005e92
000028ca00004db3
00003710000031ac
0000327d000018e9
000023cc00000eaf
000018e9000014a0
00001c8f000021f3
00002fd7000028ca
0000497500001e92
00005b1300000272
000059b3ffffde0d
00004425ffffc024
000023ccffffb42d
00000741ffffbbdb
fffff9ecffffce54
fffffd8effffdd89
00000975ffffde92
00000fd1ffffd029
00000614ffffbb6a
ffffeb60ffffae7b
ffffc94affffb42d
ffffae7bffffcd83
ffffa64dfffff0f7
ffffb24d00000fd1
ffffc97500001e92
ffffdd8900001b6a
ffffe37100000f09
ffffd9b700000741
ffffc94a00000eaf
ffffc02400002649
ffffc8f000004496
ffffe49600005b13
0000097500005e92
000028ca00004db3
00003710000031ac
0000327d000018e9
000023cc00000eaf
000018e9000014a0
00001c8f000021f3
00002fd7000028ca
0000497500001e92
00005b1300000272
000059b3ffffde0d
00004425ffffc024
000023ccffffb42d
00000741ffffbbdb
fffff9ecffffce54
fffffd8effffdd89
00000975ffffde92
00000fd1ffffd029
00000614ffffbb6a
ffffeb60ffffae7b
ffffc94affffb42d
ffffae7bffffcd83
ffffa64dfffff0f7
ffffb24d00000fd1
ffffc97500001e92
ffffdd8900001b6a
ffffe37100000f09
ffffd9b700000741
ffffc94a00000eaf
ffffc02400002649
ffffc8f000004496
ffffe49600005b13
0000097500005e92
000028ca00004db3
00003710000031ac
0000327d000018e9
000023cc00000eaf
000018e9000014a0
00001c8f000021f3
00002fd7000028ca
0000497500001e92
00005b1300000272
000059b3ffffde0d
00004425ffffc024
000023ccffffb42d
00000741ffffbbdb
fffff9ecffffce54
fffffd8effffdd89
00000975ffffde92
00000fd1ffffd029
00000614ffffbb6a
ffffeb60ffffae7b
ffffc94affffb42d
ffffae7bffffcd83
ffffa64dfffff0f7
ffffb24d00000fd1
ffffc97500001e92
ffffdd8900001b6a
ffffe37100000f09
ffffd9b700000741
ffffc94a00000eaf
ffffc02400002649
ffffc8f000004496
ffffe49600005b13
0000097500005e92
000028ca00004db3
00003710000031ac
0000327d000018e9
000023cc00000eaf
000018e9000014a0
00001c8f000021f3
00002fd7000028ca
0000497500001e92
00005b1300000272
000059b3ffffde0d
00004425ffffc024
000023ccffffb42d
00000741ffffbbdb
fffff9ecffffce54
fffffd8effffdd89
00000975ffffde92
00000fd1ffffd029
00000614ffffbb6a
ffffeb60ffffae7b
ffffc94affffb42d
ffffae7bffffcd83
ffffa64dfffff0f7
ffffb24d00000fd1
ffffc97500001e92
ffffdd8900001b6a
ffffe37100000f09
ffffd9b700000741
ffffc94a00000eaf
ffffc02400002649
ffffc8f000004496
ffffe49600005b13
0000097500005e92
000028ca00004db3
00003710000031ac
0000327d000018e9
000023cc00000eaf
000018e9000014a0
00001c8f000021f3
00002fd7000028ca
0000497500001e92
00005b1300000272
000059b3ffffde0d
00004425ffffc024
000023ccffffb42d
00000741ffffbbdb
fffff9ecffffce54
fffffd8effffdd89
00000975ffffde92
00000fd1ffffd029
00000614ffffbb6a
ffffeb60ffffae7b
ffffc94affffb42d
ffffae7bffffcd83
ffffa64dfffff0f7
ffffb24d00000fd1
ffffc97500001e92
ffffdd8900001b6a
ffffe37100000f09
ffffd9b700000741
ffffc94a00000eaf
ffffc02400002649
ffffc8f000004496
ffffe49600005b13
0000097500005e92
000028ca00004db3
00003710000031ac
0000327d000018e9
000023cc00000eaf
000018e9000014a0
00001c8f000021f3
00002fd7000028ca
0000497500001e92
00005b1300000272
000059b3ffffde0d
00004425ffffc024
000023ccffffb42d
00000741ffffbbdb
fffff9ecffffce54
fffffd8effffdd89
00000975ffffde92
00000fd1ffffd029
00000614ffffbb6a
ffffeb60ffffae7b
ffffc94affffb42d
ffffae7bffffcd83
ffffa64dfffff0f7
ffffb24d00000fd1
ffffc97500001e92
ffffdd8900001b6a
ffffe37100000f09
ffffd9b700000741
ffffc94a00000eaf
ffffc02400002649
ffffc8f000004496
ffffe49600005b13
0000097500005e92
000028ca00004db3
00003710000031ac
0000327d000018e9
000023cc00000eaf
000018e9000014a0
00001c8f000021f3
00002fd7000028ca
0000497500001e92
00005b1300000272
000059b3ffffde0d
00004425ffffc024
000023ccffffb42d
00000741ffffbbdb
fffff9ecffffce54
fffffd8effffdd89
00000975ffffde92
00000fd1ffffd029
00000614ffffbb6a
ffffeb60ffffae7b
ffffc94affffb42d
ffffae7bffffcd83
ffffa64dfffff0f7
ffffb24d00000fd1
ffffc97500001e92
ffffdd8900001b6a
ffffe37100000f09
ffffd9b700000741
ffffc94a00000eaf
ffffc02400002649
ffffc8f000004496
ffffe49600005b13
0000097500005e92
000028ca00004db3
00003710000031ac
0000327d000018e9
000023cc00000eaf
000018e9000014a0
00001c8f000021f3
00002fd7000028ca
0000497500001e92
00005b1300000272
000059b3ffffde0d
00004425ffffc024
000023ccffffb42d
00000741ffffbbdb
fffff9ecffffce54
fffffd8effffdd89
00000975ffffde92
00000fd1ffffd029
00000614ffffbb6a
ffffeb60ffffae7b
ffffc94affffb42d
ffffae7bffffcd83
ffffa64dfffff0f7
ffffb24d00000fd1
ffffc97500001e92
ffffdd8900001b6a
ffffe37100000f09
ffffd9b700000741
ffffc94a00000eaf
ffffc02400002649
ffffc8f000004496
ffffe49600005b13
0000097500005e92
000028ca00004db3
00003710000031ac
0000327d000018e9
000023cc00000eaf
000018e9000014a0
00001c8f000021f3
00002fd7000028ca
0000497500001e92
00005b1300000272
000059b3ffffde0d
00004425ffffc024
000023ccffffb42d
00000741ffffbbdb
fffff9ecffffce54
fffffd8effffdd89
00000975ffffde92
00000fd1ffffd029
00000614ffffbb6a
ffffeb60ffffae7b
ffffc94affffb42d
ffffae7bffffcd83
ffffa64dfffff0f7
ffffb24d00000fd1
ffffc97500001e92
ffffdd8900001b6a
ffffe37100000f09
ffffd9b700000741
ffffc94a00000eaf
ffffc02400002649
ffffc8f000004496
ffffe49600005b13
0000097500005e92
000028ca00004db3
00003710000031ac
0000327d000018e9
000023cc00000eaf
000018e9000014a0
00001c8f000021f3
00002fd7000028ca
0000497500001e92
00005b1300000272
000059b3ffffde0d
00004425ffffc024
000023ccffffb42d
00000741ffffbbdb
fffff9ecffffce54
fffffd8effffdd89
00000975ffffde92
00000fd1ffffd029
00000614ffffbb6a
ffffeb60ffffae7b
ffffc94affffb42d
ffffae7bffffcd83
ffffa64dfffff0f7
ffffb24d00000fd1
ffffc97500001e92
ffffdd8900001b6a
ffffe37100000f09
ffffd9b700000741
ffffc94a00000eaf
ffffc02400002649
ffffc8f000004496
ffffe49600005b13
0000097500005e92
000028ca00004db3
00003710000031ac
0000327d000018e9
000023cc00000eaf
000018e9000014a0
00001c8f000021f3
00002fd7000028ca
0000497500001e92
00005b1300000272
000059b3ffffde0d
00004425ffffc024
000023ccffffb42d
00000741ffffbbdb
fffff9ecffffce54
fffffd8effffdd89
00000975ffffde92
00000fd1ffffd029
00000614ffffbb6a
ffffeb60ffffae7b
ffffc94affffb42d
ffffae7bffffcd83
ffffa64dfffff0f7
ffffb24d00000fd1
ffffc97500001e92
ffffdd8900001b6a
ffffe37100000f09
ffffd9b700000741
ffffc94a00000eaf
ffffc02400002649
ffffc8f000004496
ffffe49600005b13
0000097500005e92
000028ca00004db3
00003710000031ac
0000327d000018e9
000023cc00000eaf
000018e9000014a0
00001c8f000021f3
00002fd7000028ca
0000497500001e92
00005b1300000272
000059b3ffffde0d
00004425ffffc024
000023ccffffb42d
00000741ffffbbdb
fffff9ecffffce54
fffffd8effffdd89
00000975ffffde92
00000fd1ffffd029
00000614ffffbb6a
ffffeb60ffffae7b
ffffc94affffb42d
ffffae7bffffcd83
ffffa64dfffff0f7
ffffb24d00000fd1
ffffc97500001e92
ffffdd8900001b6a
ffffe37100000f09
ffffd9b700000741
ffffc94a00000eaf
ffffc02400002649
ffffc8f000004496
ffffe49600005b13
0000097500005e92
000028ca00004db3
00003710000031ac
0000327d000018e9
000023cc00000eaf
000018e9000014a0
00001c8f000021f3
00002fd7000028ca
0000497500001e92
00005b1300000272
000059b3ffffde0d
00004425ffffc024
000023ccffffb42d
00000741ffffbbdb
fffff9ecffffce54
fffffd8effffdd89
00000975ffffde92
00000fd1ffffd029
00000614ffffbb6a
ffffeb60ffffae7b
ffffc94affffb42d
ffffae7bffffcd83
ffffa64dfffff0f7
ffffb24d00000fd1
ffffc97500001e92
ffffdd8900001b6a
ffffe37100000f09
ffffd9b700000741
ffffc94a00000eaf
ffffc02400002649
ffffc8f000004496
ffffe49600005b13
0000097500005e92
000028ca00004db3
00003710000031ac
0000327d000018e9
000023cc00000eaf
000018e9000014a0
00001c8f000021f3
00002fd7000028ca
0000497500001e92
00005b1300000272
000059b3ffffde0d
00004425ffffc024
000023ccffffb42d
00000741ffffbbdb
fffff9ecffffce54
fffffd8effffdd89
00000975ffffde92
00000fd1ffffd029
00000614ffffbb6a
ffffeb60ffffae7b
ffffc94affffb42d
ffffae7bffffcd83
ffffa64dfffff0f7
ffffb24d00000fd1
ffffc97500001e92
ffffdd8900001b6a
ffffe37100000f09
ffffd9b700000741
ffffc94a00000eaf
ffffc02400002649
ffffc8f000004496
ffffe49600005b13
0000097500005e92
000028ca00004db3
00003710000031ac
0000327d000018e9
000023cc00000eaf
000018e9000014a0
00001c8f000021f3
00002fd7000028ca
0000497500001e92
00005b1300000272
000059b3ffffde0d
00004425ffffc024
000023ccffffb42d
00000741ffffbbdb
fffff9ecffffce54
fffffd8effffdd89
00000975ffffde92
00000fd1ffffd029
00000614ffffbb6a
ffffeb60ffffae7b
ffffc94affffb42d
ffffae7bffffcd83
ffffa64dfffff0f7
ffffb24d00000fd1
ffffc97500001e92
ffffdd8900001b6a
ffffe37100000f09
ffffd9b700000741
ffffc94a00000eaf
ffffc02400002649
ffffc8f000004496
ffffe49600005b13
0000097500005e92
000028ca00004db3
00003710000031ac
0000327d000018e9
000023cc00000eaf
000018e9000014a0
00001c8f000021f3
00002fd7000028ca
0000497500001e92
00005b1300000272
000059b3ffffde0d
00004425ffffc024
000023ccffffb42d
00000741ffffbbdb
fffff9ecffffce54
fffffd8effffdd89
00000975ffffde92
00000fd1ffffd029
00000614ffffbb6a
ffffeb60ffffae7b
ffffc94affffb42d
ffffae7bffffcd83
ffffa64dfffff0f7
ffffb24d00000fd1
ffffc97500001e92
ffffdd8900001b6a
ffffe37100000f09
ffffd9b700000741
ffffc94a00000eaf
ffffc02400002649
ffffc8f000004496
ffffe49600005b13
0000097500005e92
000028ca00004db3
00003710000031ac
0000327d000018e9
000023cc00000eaf
000018e9000014a0
00001c8f000021f3
00002fd7000028ca
0000497500001e92
00005b1300000272
000059b3ffffde0d
00004425ffffc024
000023ccffffb42d
00000741ffffbbdb
fffff9ecffffce54
fffffd8effffdd89
00000975ffffde92
00000fd1ffffd029
00000614ffffbb6a
ffffeb60ffffae7b
ffffc94affffb42d
ffffae7bffffcd83
ffffa64dfffff0f7
ffffb24d00000fd1
ffffc97500001e92
ffffdd8900001b6a
ffffe37100000f09
ffffd9b700000741
ffffc94a00000eaf
ffffc02400002649
ffffc8f000004496
ffffe49600005b13
0000097500005e92
000028ca00004db3
00003710000031ac
0000327d000018e9
000023cc00000eaf
000018e9000014a0
00001c8f000021f3
00002fd7000028ca
0000497500001e92
00005b1300000272
000059b3ffffde0d
00004425ffffc024
000023ccffffb42d
00000741ffffbbdb
fffff9ecffffce54
fffffd8effffdd89
00000975ffffde92
00000fd1ffffd029
00000614ffffbb6a
ffffeb60ffffae7b
ffffc94affffb42d
ffffae7bffffcd83
ffffa64dfffff0f7
ffffb24d00000fd1
ffffc97500001e92
ffffdd8900001b6a
ffffe37100000f09
ffffd9b700000741
ffffc94a00000eaf
ffffc02400002649
ffffc8f000004496
ffffe49600005b13
0000097500005e92
000028ca00004db3
00003710000031ac
0000327d000018e9
000023cc00000eaf
000018e9000014a0
00001c8f000021f3
00002fd7000028ca
0000497500001e92
00005b1300000272
000059b3ffffde0d
00004425ffffc024
000023ccffffb42d
00000741ffffbbdb
fffff9ecffffce54
fffffd8effffdd89
00000975ffffde92
00000fd1ffffd029
00000614ffffbb6a
ffffeb60ffffae7b
ffffc94affffb42d
ffffae7bffffcd83
ffffa64dfffff0f7
ffffb24d00000fd1
ffffc97500001e92
ffffdd8900001b6a
ffffe37100000f09
ffffd9b700000741
ffffc94a00000eaf
ffffc02400002649
ffffc8f000004496
ffffe49600005b13
0000097500005e92
000028ca00004db3
00003710000031ac
0000327d000018e9
000023cc00000eaf
000018e9000014a0
00001c8f000021f3
00002fd7000028ca
0000497500001e92
00005b1300000272
000059b3ffffde0d
00004425ffffc024
000023ccffffb42d
00000741ffffbbdb
fffff9ecffffce54
fffffd8effffdd89
00000975ffffde92
00000fd1ffffd029
00000614ffffbb6a
ffffeb60ffffae7b
ffffc94affffb42d
ffffae7bffffcd83
ffffa64dfffff0f7
ffffb24d00000fd1
ffffc97500001e92
ffffdd8900001b6a
ffffe37100000f09
ffffd9b700000741
ffffc94a00000eaf
ffffc02400002649
ffffc8f000004496
ffffe49600005b13
0000097500005e92
000028ca00004db3
00003710000031ac
0000327d000018e9
000023cc00000eaf
000018e9000014a0
00001c8f000021f3
00002fd7000028ca
0000497500001e92
00005b1300000272
000059b3ffffde0d
00004425ffffc024
000023ccffffb42d
00000741ffffbbdb
fffff9ecffffce54
fffffd8effffdd89
00000975ffffde92
00000fd1ffffd029
00000614ffffbb6a
ffffeb60ffffae7b
ffffc94affffb42d
ffffae7bffffcd83
ffffa64dfffff0f7
ffffb24d00000fd1
ffffc97500001e92
ffffdd8900001b6a
ffffe37100000f09
ffffd9b700000741
ffffc94a00000eaf
ffffc02400002649
ffffc8f000004496
ffffe49600005b13
0000097500005e92
000028ca00004db3
00003710000031ac
0000327d000018e9
000023cc00000eaf
000018e9000014a0
00001c8f000021f3
00002fd7000028ca
0000497500001e92
00005b1300000272
000059b3ffffde0d
00004425ffffc024
000023ccffffb42d
00000741ffffbbdb
fffff9ecffffce54
fffffd8effffdd89
00000975ffffde92
00000fd1ffffd029
00000614ffffbb6a
ffffeb60ffffae7b
ffffc94affffb42d
ffffae7bffffcd83
ffffa64dfffff0f7
ffffb24d00000fd1
ffffc97500001e92
ffffdd8900001b6a
ffffe37100000f09
ffffd9b700000741
ffffc94a00000eaf
ffffc02400002649
ffffc8f000004496
ffffe49600005b13
0000097500005e92
000028ca00004db3
00003710000031ac
0000327d000018e9
000023cc00000eaf
000018e9000014a0
00001c8f000021f3
00002fd7000028ca
0000497500001e92
00005b1300000272
000059b3ffffde0d
00004425ffffc024
000023ccffffb42d
00000741ffffbbdb
fffff9ecffffce54
fffffd8effffdd89
00000975ffffde92
00000fd1ffffd029
00000614ffffbb6a
ffffeb60ffffae7b
ffffc94affffb42d
ffffae7bffffcd83
ffffa64dfffff0f7
ffffb24d00000fd1
ffffc97500001e92
ffffdd8900001b6a
ffffe37100000f09
ffffd9b700000741
ffffc94a00000eaf
ffffc02400002649
ffffc8f000004496
ffffe49600005b13
0000097500005e92
000028ca00004db3
00003710000031ac
0000327d000018e9
000023cc00000eaf
000018e9000014a0
00001c8f000021f3
00002fd7000028ca
0000497500001e92
00005b1300000272
000059b3ffffde0d
00004425ffffc024
000023ccffffb42d
00000741ffffbbdb
fffff9ecffffce54
fffffd8effffdd89
00000975ffffde92
00000fd1ffffd029
00000614ffffbb6a
ffffeb60ffffae7b
ffffc94affffb42d
ffffae7bffffcd83
ffffa64dfffff0f7
ffffb24d00000fd1
ffffc97500001e92
ffffdd8900001b6a
ffffe37100000f09
ffffd9b700000741
ffffc94a00000eaf
ffffc02400002649
ffffc8f000004496
ffffe49600005b13
0000097500005e92
000028ca00004db3
00003710000031ac
0000327d000018e9
000023cc00000eaf
000018e9000014a0
00001c8f000021f3
00002fd7000028ca
0000497500001e92
00005b1300000272
000059b3ffffde0d
00004425ffffc024
000023ccffffb42d
00000741ffffbbdb
fffff9ecffffce54
fffffd8effffdd89
00000975ffffde92
00000fd1ffffd029
00000614ffffbb6a
ffffeb60ffffae7b
ffffc94affffb42d
ffffae7bffffcd83
ffffa64dfffff0f7
ffffb24d00000fd1
ffffc97500001e92
ffffdd8900001b6a
ffffe37100000f09
ffffd9b700000741
ffffc94a00000eaf
ffffc02400002649
ffffc8f000004496
ffffe49600005b13
0000097500005e92
000028ca00004db3
00003710000031ac
0000327d000018e9
000023cc00000eaf
000018e9000014a0
00001c8f000021f3
00002fd7000028ca
0000497500001e92
00005b1300000272
000059b3ffffde0d
00004425ffffc024
000023ccffffb42d
00000741ffffbbdb
fffff9ecffffce54
fffffd8effffdd89
00000975ffffde92
00000fd1ffffd029
00000614ffffbb6a
ffffeb60ffffae7b
ffffc94affffb42d
ffffae7bffffcd83
ffffa64dfffff0f7
ffffb24d00000fd1
ffffc97500001e92
ffffdd8900001b6a
ffffe37100000f09
ffffd9b700000741
ffffc94a00000eaf
ffffc02400002649
ffffc8f000004496
ffffe49600005b13
0000097500005e92
000028ca00004db3
00003710000031ac
0000327d000018e9
000023cc00000eaf
000018e9000014a0
00001c8f000021f3
00002fd7000028ca
0000497500001e92
00005b1300000272
000059b3ffffde0d
00004425ffffc024
000023ccffffb42d
00000741ffffbbdb
fffff9ecffffce54
fffffd8effffdd89
00000975ffffde92
00000fd1ffffd029
00000614ffffbb6a
ffffeb60ffffae7b
ffffc94affffb42d
ffffae7bffffcd83
ffffa64dfffff0f7
ffffb24d00000fd1
ffffc97500001e92
ffffdd8900001b6a
ffffe37100000f09
ffffd9b700000741
ffffc94a00000eaf
ffffc02400002649
ffffc8f000004496
ffffe49600005b13
0000097500005e92
000028ca00004db3
00003710000031ac
0000327d000018e9
000023cc00000eaf
000018e9000014a0
00001c8f000021f3
00002fd7000028ca
0000497500001e92
00005b1300000272
000059b3ffffde0d
00004425ffffc024
000023ccffffb42d
00000741ffffbbdb
fffff9ecffffce54
fffffd8effffdd89
00000975ffffde92
00000fd1ffffd029
00000614ffffbb6a
ffffeb60ffffae7b
ffffc94affffb42d
ffffae7bffffcd83
ffffa64dfffff0f7
ffffb24d00000fd1
ffffc97500001e92
ffffdd8900001b6a
ffffe37100000f09
ffffd9b700000741
ffffc94a00000eaf
ffffc02400002649
ffffc8f000004496
ffffe49600005b13
0000097500005e92
000028ca00004db3
00003710000031ac
0000327d000018e9
000023cc00000eaf
000018e9000014a0
00001c8f000021f3
00002fd7000028ca
0000497500001e92
00005b1300000272
000059b3ffffde0d
00004425ffffc024
000023ccffffb42d
00000741ffffbbdb
fffff9ecffffce54
fffffd8effffdd89
00000975ffffde92
00000fd1ffffd029
00000614ffffbb6a
ffffeb60ffffae7b
ffffc94affffb42d
ffffae7bffffcd83
ffffa64dfffff0f7
ffffb24d00000fd1
ffffc97500001e92
ffffdd8900001b6a
ffffe37100000f09
ffffd9b700000741
ffffc94a00000eaf
ffffc02400002649
ffffc8f000004496
ffffe49600005b13
0000097500005e92
000028ca00004db3
00003710000031ac
0000327d000018e9
000023cc00000eaf
000018e9000014a0
00001c8f000021f3
00002fd7000028ca
0000497500001e92
00005b1300000272
000059b3ffffde0d
00004425ffffc024
000023ccffffb42d
00000741ffffbbdb
fffff9ecffffce54
fffffd8effffdd89
00000975ffffde92
00000fd1ffffd029
00000614ffffbb6a
ffffeb60ffffae7b
ffffc94affffb42d
ffffae7bffffcd83
ffffa64dfffff0f7
ffffb24d00000fd1
ffffc97500001e92
ffffdd8900001b6a
ffffe37100000f09
ffffd9b700000741
ffffc94a00000eaf
ffffc02400002649
ffffc8f000004496
ffffe49600005b13
0000097500005e92
000028ca00004db3
00003710000031ac
0000327d000018e9
000023cc00000eaf
000018e9000014a0
00001c8f000021f3
00002fd7000028ca
0000497500001e92
00005b1300000272
000059b3ffffde0d
00004425ffffc024
000023ccffffb42d
00000741ffffbbdb
fffff9ecffffce54
fffffd8effffdd89
00000975ffffde92
00000fd1ffffd029
00000614ffffbb6a
ffffeb60ffffae7b
ffffc94affffb42d
ffffae7bffffcd83
ffffa64dfffff0f7
ffffb24d00000fd1
ffffc97500001e92
ffffdd8900001b6a
ffffe37100000f09
ffffd9b700000741
ffffc94a00000eaf
ffffc02400002649
ffffc8f000004496
ffffe49600005b13
0000097500005e92
000028ca00004db3
00003710000031ac
0000327d000018e9
000023cc00000eaf
000018e9000014a0
00001c8f000021f3
00002fd7000028ca
0000497500001e92
00005b1300000272
000059b3ffffde0d
00004425ffffc024
000023ccffffb42d
00000741ffffbbdb
fffff9ecffffce54
fffffd8effffdd89
00000975ffffde92
00000fd1ffffd029
00000614ffffbb6a
ffffeb60ffffae7b
ffffc94affffb42d
ffffae7bffffcd83
ffffa64dfffff0f7
ffffb24d00000fd1
ffffc97500001e92
ffffdd8900001b6a
ffffe37100000f09
ffffd9b700000741
ffffc94a00000eaf
ffffc02400002649
ffffc8f000004496
ffffe49600005b13
0000097500005e92
000028ca00004db3
00003710000031ac
0000327d000018e9
000023cc00000eaf
000018e9000014a0
00001c8f000021f3
00002fd7000028ca
0000497500001e92
00005b1300000272
000059b3ffffde0d
00004425ffffc024
000023ccffffb42d
00000741ffffbbdb
fffff9ecffffce54
fffffd8effffdd89
00000975ffffde92
00000fd1ffffd029
00000614ffffbb6a
ffffeb60ffffae7b
ffffc94affffb42d
ffffae7bffffcd83
ffffa64dfffff0f7
ffffb24d00000fd1
ffffc97500001e92
ffffdd8900001b6a
ffffe37100000f09
ffffd9b700000741
ffffc94a00000eaf
ffffc02400002649
ffffc8f000004496
ffffe49600005b13
0000097500005e92
000028ca00004db3
00003710000031ac
0000327d000018e9
000023cc00000eaf
000018e9000014a0
00001c8f000021f3
00002fd7000028ca
0000497500001e92
00005b1300000272
000059b3ffffde0d
00004425ffffc024
000023ccffffb42d
00000741ffffbbdb
fffff9ecffffce54
fffffd8effffdd89
00000975ffffde92
00000fd1ffffd029
00000614ffffbb6a
ffffeb60ffffae7b
ffffc94affffb42d
ffffae7bffffcd83
ffffa64dfffff0f7
ffffb24d00000fd1
ffffc97500001e92
ffffdd8900001b6a
ffffe37100000f09
ffffd9b700000741
ffffc94a00000eaf
ffffc02400002649
ffffc8f000004496
ffffe49600005b13
0000097500005e92
000028ca00004db3
00003710000031ac
0000327d000018e9
000023cc00000eaf
000018e9000014a0
00001c8f000021f3
00002fd7000028ca
0000497500001e92
00005b1300000272
000059b3ffffde0d
00004425ffffc024
000023ccffffb42d
00000741ffffbbdb
fffff9ecffffce54
fffffd8effffdd89
00000975ffffde92
00000fd1ffffd029
00000614ffffbb6a
ffffeb60ffffae7b
ffffc94affffb42d
ffffae7bffffcd83
ffffa64dfffff0f7
ffffb24d00000fd1
ffffc97500001e92
ffffdd8900001b6a
ffffe37100000f09
ffffd9b700000741
ffffc94a00000eaf
ffffc02400002649
ffffc8f000004496
ffffe49600005b13
0000097500005e92
000028ca00004db3
00003710000031ac
0000327d000018e9
000023cc00000eaf
000018e9000014a0
00001c8f000021f3
00002fd7000028ca
0000497500001e92
00005b1300000272
000059b3ffffde0d
00004425ffffc024
000023ccffffb42d
00000741ffffbbdb
fffff9ecffffce54
fffffd8effffdd89
00000975ffffde92
00000fd1ffffd029
00000614ffffbb6a
ffffeb60ffffae7b
ffffc94affffb42d
ffffae7bffffcd83
ffffa64dfffff0f7
ffffb24d00000fd1
ffffc97500001e92
ffffdd8900001b6a
ffffe37100000f09
ffffd9b700000741
ffffc94a00000eaf
ffffc02400002649
ffffc8f000004496
ffffe49600005b13
0000097500005e92
000028ca00004db3
00003710000031ac
0000327d000018e9
000023cc00000eaf
000018e9000014a0
00001c8f000021f3
00002fd7000028ca
0000497500001e92
00005b1300000272
000059b3ffffde0d
00004425ffffc024
000023ccffffb42d
00000741ffffbbdb
fffff9ecffffce54
fffffd8effffdd89
00000975ffffde92
00000fd1ffffd029
00000614ffffbb6a
ffffeb60ffffae7b
ffffc94affffb42d
ffffae7bffffcd83
ffffa64dfffff0f7
ffffb24d00000fd1
ffffc97500001e92
ffffdd8900001b6a
ffffe37100000f09
ffffd9b700000741
ffffc94a00000eaf
ffffc02400002649
ffffc8f000004496
ffffe49600005b13
0000097500005e92
000028ca00004db3
00003710000031ac
0000327d000018e9
000023cc00000eaf
000018e9000014a0
00001c8f000021f3
00002fd7000028ca
0000497500001e92
00005b1300000272
000059b3ffffde0d
00004425ffffc024
000023ccffffb42d
00000741ffffbbdb
fffff9ecffffce54
fffffd8effffdd89
00000975ffffde92
00000fd1ffffd029
00000614ffffbb6a
ffffeb60ffffae7b
ffffc94affffb42d
ffffae7bffffcd83
ffffa64dfffff0f7
ffffb24d00000fd1
ffffc97500001e92
ffffdd8900001b6a
ffffe37100000f09
ffffd9b700000741
ffffc94a00000eaf
ffffc02400002649
ffffc8f000004496
ffffe49600005b13
0000097500005e92
000028ca00004db3
00003710000031ac
0000327d000018e9
000023cc00000eaf
000018e9000014a0
00001c8f000021f3
00002fd7000028ca
0000497500001e92
00005b1300000272
000059b3ffffde0d
00004425ffffc024
000023ccffffb42d
00000741ffffbbdb
fffff9ecffffce54
fffffd8effffdd89
00000975ffffde92
00000fd1ffffd029
00000614ffffbb6a
ffffeb60ffffae7b
ffffc94affffb42d
ffffae7bffffcd83
ffffa64dfffff0f7
ffffb24d00000fd1
ffffc97500001e92
ffffdd8900001b6a
ffffe37100000f09
ffffd9b700000741
ffffc94a00000eaf
ffffc02400002649
ffffc8f000004496
ffffe49600005b13
0000097500005e92
000028ca00004db3
00003710000031ac
0000327d000018e9
000023cc00000eaf
000018e9000014a0
00001c8f000021f3
00002fd7000028ca
0000497500001e92
00005b1300000272
000059b3ffffde0d
00004425ffffc024
000023ccffffb42d
00000741ffffbbdb
fffff9ecffffce54
fffffd8effffdd89
00000975ffffde92
00000fd1ffffd029
00000614ffffbb6a
ffffeb60ffffae7b
ffffc94affffb42d
ffffae7bffffcd83
ffffa64dfffff0f7
ffffb24d00000fd1
ffffc97500001e92
ffffdd8900001b6a
ffffe37100000f09
ffffd9b700000741
ffffc94a00000eaf
ffffc02400002649
ffffc8f000004496
ffffe49600005b13
0000097500005e92
000028ca00004db3
00003710000031ac
0000327d000018e9
000023cc00000eaf
000018e9000014a0
00001c8f000021f3
00002fd7000028ca
0000497500001e92
00005b1300000272
000059b3ffffde0d
00004425ffffc024
000023ccffffb42d
00000741ffffbbdb
fffff9ecffffce54
fffffd8effffdd89
00000975ffffde92
00000fd1ffffd029
00000614ffffbb6a
ffffeb60ffffae7b
ffffc94affffb42d
ffffae7bffffcd83
ffffa64dfffff0f7
ffffb24d00000fd1
ffffc97500001e92
ffffdd8900001b6a
ffffe37100000f09
ffffd9b700000741
ffffc94a00000eaf
ffffc02400002649
ffffc8f000004496
ffffe49600005b13
0000097500005e92
000028ca00004db3
00003710000031ac
0000327d000018e9
000023cc00000eaf
000018e9000014a0
00001c8f000021f3
00002fd7000028ca
0000497500001e92
00005b1300000272
000059b3ffffde0d
00004425ffffc024
000023ccffffb42d
00000741ffffbbdb
fffff9ecffffce54
fffffd8effffdd89
00000975ffffde92
00000fd1ffffd029
00000614ffffbb6a
ffffeb60ffffae7b
ffffc94affffb42d
ffffae7bffffcd83
ffffa64dfffff0f7
ffffb24d00000fd1
ffffc97500001e92
ffffdd8900001b6a
ffffe37100000f09
ffffd9b700000741
ffffc94a00000eaf
ffffc02400002649
ffffc8f000004496
ffffe49600005b13
0000097500005e92
000028ca00004db3
00003710000031ac
0000327d000018e9
000023cc00000eaf
000018e9000014a0
00001c8f000021f3
00002fd7000028ca
0000497500001e92
00005b1300000272
000059b3ffffde0d
00004425ffffc024
000023ccffffb42d
00000741ffffbbdb
fffff9ecffffce54
fffffd8effffdd89
00000975ffffde92
00000fd1ffffd029
00000614ffffbb6a
ffffeb60ffffae7b
ffffc94affffb42d
ffffae7bffffcd83
ffffa64dfffff0f7
ffffb24d00000fd1
ffffc97500001e92
ffffdd8900001b6a
ffffe37100000f09
ffffd9b700000741
ffffc94a00000eaf
ffffc02400002649
ffffc8f000004496
ffffe49600005b13
0000097500005e92
000028ca00004db3
00003710000031ac
0000327d000018e9
000023cc00000eaf
000018e9000014a0
00001c8f000021f3
00002fd7000028ca
0000497500001e92
00005b1300000272
000059b3ffffde0d
00004425ffffc024
000023ccffffb42d
00000741ffffbbdb
fffff9ecffffce54
fffffd8effffdd89
00000975ffffde92
00000fd1ffffd029
00000614ffffbb6a
ffffeb60ffffae7b
ffffc94affffb42d
ffffae7bffffcd83
ffffa64dfffff0f7
ffffb24d00000fd1
ffffc97500001e92
ffffdd8900001b6a
ffffe37100000f09
ffffd9b700000741
ffffc94a00000eaf
ffffc02400002649
ffffc8f000004496
ffffe49600005b13
0000097500005e92
000028ca00004db3
00003710000031ac
0000327d000018e9
000023cc00000eaf
000018e9000014a0
00001c8f000021f3
00002fd7000028ca
0000497500001e92
00005b1300000272
000059b3ffffde0d
00004425ffffc024
000023ccffffb42d
00000741ffffbbdb
fffff9ecffffce54
fffffd8effffdd89
00000975ffffde92
00000fd1ffffd029
00000614ffffbb6a
ffffeb60ffffae7b
ffffc94affffb42d
ffffae7bffffcd83
ffffa64dfffff0f7
ffffb24d00000fd1
ffffc97500001e92
ffffdd8900001b6a
ffffe37100000f09
ffffd9b700000741
ffffc94a00000eaf
ffffc02400002649
ffffc8f000004496
ffffe49600005b13
0000097500005e92
000028ca00004db3
00003710000031ac
0000327d000018e9
000023cc00000eaf
000018e9000014a0
00001c8f000021f3
00002fd7000028ca
0000497500001e92
00005b1300000272
000059b3ffffde0d
00004425ffffc024
000023ccffffb42d
00000741ffffbbdb
fffff9ecffffce54
fffffd8effffdd89
00000975ffffde92
00000fd1ffffd029
00000614ffffbb6a
ffffeb60ffffae7b
ffffc94affffb42d
ffffae7bffffcd83
ffffa64dfffff0f7
ffffb24d00000fd1
ffffc97500001e92
ffffdd8900001b6a
ffffe37100000f09
ffffd9b700000741
ffffc94a00000eaf
ffffc02400002649
ffffc8f000004496
ffffe49600005b13
0000097500005e92
000028ca00004db3
00003710000031ac
0000327d000018e9
000023cc00000eaf
000018e9000014a0
00001c8f000021f3
00002fd7000028ca
0000497500001e92
00005b1300000272
000059b3ffffde0d
00004425ffffc024
000023ccffffb42d
00000741ffffbbdb
fffff9ecffffce54
fffffd8effffdd89
00000975ffffde92
00000fd1ffffd029
00000614ffffbb6a
ffffeb60ffffae7b
ffffc94affffb42d
ffffae7bffffcd83
ffffa64dfffff0f7
ffffb24d00000fd1
ffffc97500001e92
ffffdd8900001b6a
ffffe37100000f09
ffffd9b700000741
ffffc94a00000eaf
ffffc02400002649
ffffc8f000004496
ffffe49600005b13
0000097500005e92
000028ca00004db3
00003710000031ac
0000327d000018e9
000023cc00000eaf
000018e9000014a0
00001c8f000021f3
00002fd7000028ca
0000497500001e92
00005b1300000272
000059b3ffffde0d
00004425ffffc024
000023ccffffb42d
00000741ffffbbdb
fffff9ecffffce54
fffffd8effffdd89
00000975ffffde92
00000fd1ffffd029
00000614ffffbb6a
ffffeb60ffffae7b
ffffc94affffb42d
ffffae7bffffcd83
ffffa64dfffff0f7
ffffb24d00000fd1
ffffc97500001e92
ffffdd8900001b6a
ffffe37100000f09
ffffd9b700000741
ffffc94a00000eaf
ffffc02400002649
ffffc8f000004496
ffffe49600005b13
0000097500005e92
000028ca00004db3
00003710000031ac
0000327d000018e9
000023cc00000eaf
000018e9000014a0
00001c8f000021f3
00002fd7000028ca
0000497500001e92
00005b1300000272
000059b3ffffde0d
00004425ffffc024
000023ccffffb42d
00000741ffffbbdb
fffff9ecffffce54
fffffd8effffdd89
00000975ffffde92
00000fd1ffffd029
00000614ffffbb6a
ffffeb60ffffae7b
ffffc94affffb42d
ffffae7bffffcd83
ffffa64dfffff0f7
ffffb24d00000fd1
ffffc97500001e92
ffffdd8900001b6a
ffffe37100000f09
ffffd9b700000741
ffffc94a00000eaf
ffffc02400002649
ffffc8f000004496
ffffe49600005b13
0000097500005e92
000028ca00004db3
00003710000031ac
0000327d000018e9
000023cc00000eaf
000018e9000014a0
00001c8f000021f3
00002fd7000028ca
0000497500001e92
00005b1300000272
000059b3ffffde0d
00004425ffffc024
000023ccffffb42d
00000741ffffbbdb
fffff9ecffffce54
fffffd8effffdd89
00000975ffffde92
00000fd1ffffd029
00000614ffffbb6a
ffffeb60ffffae7b
ffffc94affffb42d
ffffae7bffffcd83
ffffa64dfffff0f7
ffffb24d00000fd1
ffffc97500001e92
ffffdd8900001b6a
ffffe37100000f09
ffffd9b700000741
ffffc94a00000eaf
ffffc02400002649
ffffc8f000004496
ffffe49600005b13
0000097500005e92
000028ca00004db3
00003710000031ac
0000327d000018e9
000023cc00000eaf
000018e9000014a0
00001c8f000021f3
00002fd7000028ca
0000497500001e92
00005b1300000272
000059b3ffffde0d
00004425ffffc024
000023ccffffb42d
00000741ffffbbdb
fffff9ecffffce54
fffffd8effffdd89
00000975ffffde92
00000fd1ffffd029
00000614ffffbb6a
ffffeb60ffffae7b
ffffc94affffb42d
ffffae7bffffcd83
ffffa64dfffff0f7
ffffb24d00000fd1
ffffc97500001e92
ffffdd8900001b6a
ffffe37100000f09
ffffd9b700000741
ffffc94a00000eaf
ffffc02400002649
ffffc8f000004496
ffffe49600005b13
0000097500005e92
000028ca00004db3
00003710000031ac
0000327d000018e9
000023cc00000eaf
000018e9000014a0
00001c8f000021f3
00002fd7000028ca
0000497500001e92
00005b1300000272
000059b3ffffde0d
00004425ffffc024
000023ccffffb42d
00000741ffffbbdb
fffff9ecffffce54
fffffd8effffdd89
00000975ffffde92
00000fd1ffffd029
00000614ffffbb6a
ffffeb60ffffae7b
ffffc94affffb42d
ffffae7bffffcd83
ffffa64dfffff0f7
ffffb24d00000fd1
ffffc97500001e92
ffffdd8900001b6a
ffffe37100000f09
ffffd9b700000741
ffffc94a00000eaf
ffffc02400002649
ffffc8f000004496
ffffe49600005b13
0000097500005e92
000028ca00004db3
00003710000031ac
0000327d000018e9
000023cc00000eaf
000018e9000014a0
00001c8f000021f3
00002fd7000028ca
0000497500001e92
00005b1300000272
000059b3ffffde0d
00004425ffffc024
000023ccffffb42d
00000741ffffbbdb
fffff9ecffffce54
fffffd8effffdd89
00000975ffffde92
00000fd1ffffd029
00000614ffffbb6a
ffffeb60ffffae7b
ffffc94affffb42d
ffffae7bffffcd83
ffffa64dfffff0f7
ffffb24d00000fd1
ffffc97500001e92
ffffdd8900001b6a
ffffe37100000f09
ffffd9b700000741
ffffc94a00000eaf
ffffc02400002649
ffffc8f000004496
ffffe49600005b13
0000097500005e92
000028ca00004db3
00003710000031ac
0000327d000018e9
000023cc00000eaf
000018e9000014a0
00001c8f000021f3
00002fd7000028ca
0000497500001e92
00005b1300000272
000059b3ffffde0d
00004425ffffc024
000023ccffffb42d
00000741ffffbbdb
fffff9ecffffce54
fffffd8effffdd89
00000975ffffde92
00000fd1ffffd029
00000614ffffbb6a
ffffeb60ffffae7b
ffffc94affffb42d
ffffae7bffffcd83
ffffa64dfffff0f7
ffffb24d00000fd1
ffffc97500001e92
ffffdd8900001b6a
ffffe37100000f09
ffffd9b700000741
ffffc94a00000eaf
ffffc02400002649
ffffc8f000004496
ffffe49600005b13
0000097500005e92
000028ca00004db3
00003710000031ac
0000327d000018e9
000023cc00000eaf
000018e9000014a0
00001c8f000021f3
00002fd7000028ca
0000497500001e92
00005b1300000272
000059b3ffffde0d
00004425ffffc024
000023ccffffb42d
00000741ffffbbdb
fffff9ecffffce54
fffffd8effffdd89
00000975ffffde92
00000fd1ffffd029
00000614ffffbb6a
ffffeb60ffffae7b
ffffc94affffb42d
ffffae7bffffcd83
ffffa64dfffff0f7
ffffb24d00000fd1
ffffc97500001e92
ffffdd8900001b6a
ffffe37100000f09
ffffd9b700000741
ffffc94a00000eaf
ffffc02400002649
ffffc8f000004496
ffffe49600005b13
0000097500005e92
000028ca00004db3
00003710000031ac
0000327d000018e9
000023cc00000eaf
000018e9000014a0
00001c8f000021f3
00002fd7000028ca
0000497500001e92
00005b1300000272
000059b3ffffde0d
00004425ffffc024
000023ccffffb42d
00000741ffffbbdb
fffff9ecffffce54
fffffd8effffdd89
00000975ffffde92
00000fd1ffffd029
00000614ffffbb6a
ffffeb60ffffae7b
ffffc94affffb42d
ffffae7bffffcd83
ffffa64dfffff0f7
ffffb24d00000fd1
ffffc97500001e92
ffffdd8900001b6a
ffffe37100000f09
ffffd9b700000741
ffffc94a00000eaf
ffffc02400002649
ffffc8f000004496
ffffe49600005b13
0000097500005e92
000028ca00004db3
00003710000031ac
0000327d000018e9
000023cc00000eaf
000018e9000014a0
00001c8f000021f3
00002fd7000028ca
0000497500001e92
00005b1300000272
000059b3ffffde0d
00004425ffffc024
000023ccffffb42d
00000741ffffbbdb
fffff9ecffffce54
fffffd8effffdd89
00000975ffffde92
00000fd1ffffd029
00000614ffffbb6a
ffffeb60ffffae7b
ffffc94affffb42d
ffffae7bffffcd83
ffffa64dfffff0f7
ffffb24d00000fd1
ffffc97500001e92
ffffdd8900001b6a
ffffe37100000f09
ffffd9b700000741
ffffc94a00000eaf
ffffc02400002649
ffffc8f000004496
ffffe49600005b13
0000097500005e92
000028ca00004db3
00003710000031ac
0000327d000018e9
000023cc00000eaf
000018e9000014a0
00001c8f000021f3
00002fd7000028ca
0000497500001e92
00005b1300000272
000059b3ffffde0d
00004425ffffc024
000023ccffffb42d
00000741ffffbbdb
fffff9ecffffce54
fffffd8effffdd89
00000975ffffde92
00000fd1ffffd029
00000614ffffbb6a
ffffeb60ffffae7b
ffffc94affffb42d
ffffae7bffffcd83
ffffa64dfffff0f7
ffffb24d00000fd1
ffffc97500001e92
ffffdd8900001b6a
ffffe37100000f09
ffffd9b700000741
ffffc94a00000eaf
ffffc02400002649
ffffc8f000004496
ffffe49600005b13
0000097500005e92
000028ca00004db3
00003710000031ac
0000327d000018e9
000023cc00000eaf
000018e9000014a0
00001c8f000021f3
00002fd7000028ca
0000497500001e92
00005b1300000272
000059b3ffffde0d
00004425ffffc024
000023ccffffb42d
00000741ffffbbdb
fffff9ecffffce54
fffffd8effffdd89
00000975ffffde92
00000fd1ffffd029
00000614ffffbb6a
ffffeb60ffffae7b
ffffc94affffb42d
ffffae7bffffcd83
ffffa64dfffff0f7
ffffb24d00000fd1
ffffc97500001e92
ffffdd8900001b6a
ffffe37100000f09
ffffd9b700000741
ffffc94a00000eaf
ffffc02400002649
ffffc8f000004496
ffffe49600005b13
0000097500005e92
000028ca00004db3
00003710000031ac
0000327d000018e9
000023cc00000eaf
000018e9000014a0
00001c8f000021f3
00002fd7000028ca
0000497500001e92
00005b1300000272
000059b3ffffde0d
00004425ffffc024
000023ccffffb42d
00000741ffffbbdb
fffff9ecffffce54
fffffd8effffdd89
00000975ffffde92
00000fd1ffffd029
00000614ffffbb6a
ffffeb60ffffae7b
ffffc94affffb42d
ffffae7bffffcd83
ffffa64dfffff0f7
ffffb24d00000fd1
ffffc97500001e92
ffffdd8900001b6a
ffffe37100000f09
ffffd9b700000741
ffffc94a00000eaf
ffffc02400002649
ffffc8f000004496
ffffe49600005b13
0000097500005e92
000028ca00004db3
00003710000031ac
0000327d000018e9
000023cc00000eaf
000018e9000014a0
00001c8f000021f3
00002fd7000028ca
0000497500001e92
00005b1300000272
000059b3ffffde0d
00004425ffffc024
000023ccffffb42d
00000741ffffbbdb
fffff9ecffffce54
fffffd8effffdd89
00000975ffffde92
00000fd1ffffd029
00000614ffffbb6a
ffffeb60ffffae7b
ffffc94affffb42d
ffffae7bffffcd83
ffffa64dfffff0f7
ffffb24d00000fd1
ffffc97500001e92
ffffdd8900001b6a
ffffe37100000f09
ffffd9b700000741
ffffc94a00000eaf
ffffc02400002649
ffffc8f000004496
ffffe49600005b13
0000097500005e92
000028ca00004db3
00003710000031ac
0000327d000018e9
000023cc00000eaf
000018e9000014a0
00001c8f000021f3
00002fd7000028ca
0000497500001e92
00005b1300000272
000059b3ffffde0d
00004425ffffc024
000023ccffffb42d
00000741ffffbbdb
fffff9ecffffce54
fffffd8effffdd89
00000975ffffde92
00000fd1ffffd029
00000614ffffbb6a
ffffeb60ffffae7b
ffffc94affffb42d
ffffae7bffffcd83
ffffa64dfffff0f7
ffffb24d00000fd1
ffffc97500001e92
ffffdd8900001b6a
ffffe37100000f09
ffffd9b700000741
ffffc94a00000eaf
ffffc02400002649
ffffc8f000004496
ffffe49600005b13
0000097500005e92
000028ca00004db3
00003710000031ac
0000327d000018e9
000023cc00000eaf
000018e9000014a0
00001c8f000021f3
00002fd7000028ca
0000497500001e92
00005b1300000272
000059b3ffffde0d
00004425ffffc024
000023ccffffb42d
00000741ffffbbdb
fffff9ecffffce54
fffffd8effffdd89
00000975ffffde92
00000fd1ffffd029
00000614ffffbb6a
ffffeb60ffffae7b
ffffc94affffb42d
ffffae7bffffcd83
ffffa64dfffff0f7
ffffb24d00000fd1
ffffc97500001e92
ffffdd8900001b6a
ffffe37100000f09
ffffd9b700000741
ffffc94a00000eaf
ffffc02400002649
ffffc8f000004496
ffffe49600005b13
0000097500005e92
000028ca00004db3
00003710000031ac
0000327d000018e9
000023cc00000eaf
000018e9000014a0
00001c8f000021f3
00002fd7000028ca
0000497500001e92
00005b1300000272
000059b3ffffde0d
00004425ffffc024
000023ccffffb42d
00000741ffffbbdb
fffff9ecffffce54
fffffd8effffdd89
00000975ffffde92
00000fd1ffffd029
00000614ffffbb6a
ffffeb60ffffae7b
ffffc94affffb42d
ffffae7bffffcd83
ffffa64dfffff0f7
ffffb24d00000fd1
ffffc97500001e92
ffffdd8900001b6a
ffffe37100000f09
ffffd9b700000741
ffffc94a00000eaf
ffffc02400002649
ffffc8f000004496
ffffe49600005b13
0000097500005e92
000028ca00004db3
00003710000031ac
0000327d000018e9
000023cc00000eaf
000018e9000014a0
00001c8f000021f3
00002fd7000028ca
0000497500001e92
00005b1300000272
000059b3ffffde0d
00004425ffffc024
000023ccffffb42d
00000741ffffbbdb
fffff9ecffffce54
fffffd8effffdd89
00000975ffffde92
00000fd1ffffd029
00000614ffffbb6a
ffffeb60ffffae7b
ffffc94affffb42d
ffffae7bffffcd83
ffffa64dfffff0f7
ffffb24d00000fd1
ffffc97500001e92
ffffdd8900001b6a
ffffe37100000f09
ffffd9b700000741
ffffc94a00000eaf
ffffc02400002649
ffffc8f000004496
ffffe49600005b13
0000097500005e92
000028ca00004db3
00003710000031ac
0000327d000018e9
000023cc00000eaf
000018e9000014a0
00001c8f000021f3
00002fd7000028ca
0000497500001e92
00005b1300000272
000059b3ffffde0d
00004425ffffc024
000023ccffffb42d
00000741ffffbbdb
fffff9ecffffce54
fffffd8effffdd89
00000975ffffde92
00000fd1ffffd029
00000614ffffbb6a
ffffeb60ffffae7b
ffffc94affffb42d
ffffae7bffffcd83
ffffa64dfffff0f7
ffffb24d00000fd1
ffffc97500001e92
ffffdd8900001b6a
ffffe37100000f09
ffffd9b700000741
ffffc94a00000eaf
ffffc02400002649
ffffc8f000004496
ffffe49600005b13
0000097500005e92
000028ca00004db3
00003710000031ac
0000327d000018e9
000023cc00000eaf
000018e9000014a0
00001c8f000021f3
00002fd7000028ca
0000497500001e92
00005b1300000272
000059b3ffffde0d
00004425ffffc024
000023ccffffb42d
00000741ffffbbdb
fffff9ecffffce54
fffffd8effffdd89
00000975ffffde92
00000fd1ffffd029
00000614ffffbb6a
ffffeb60ffffae7b
ffffc94affffb42d
ffffae7bffffcd83
ffffa64dfffff0f7
ffffb24d00000fd1
ffffc97500001e92
ffffdd8900001b6a
ffffe37100000f09
ffffd9b700000741
ffffc94a00000eaf
ffffc02400002649
ffffc8f000004496
ffffe49600005b13
0000097500005e92
000028ca00004db3
00003710000031ac
0000327d000018e9
000023cc00000eaf
000018e9000014a0
00001c8f000021f3
00002fd7000028ca
0000497500001e92
00005b1300000272
000059b3ffffde0d
00004425ffffc024
000023ccffffb42d
00000741ffffbbdb
fffff9ecffffce54
fffffd8effffdd89
00000975ffffde92
00000fd1ffffd029
00000614ffffbb6a
ffffeb60ffffae7b
ffffc94affffb42d
ffffae7bffffcd83
ffffa64dfffff0f7
ffffb24d00000fd1
ffffc97500001e92
ffffdd8900001b6a
ffffe37100000f09
ffffd9b700000741
ffffc94a00000eaf
ffffc02400002649
ffffc8f000004496
ffffe49600005b13
0000097500005e92
000028ca00004db3
00003710000031ac
0000327d000018e9
000023cc00000eaf
000018e9000014a0
00001c8f000021f3
00002fd7000028ca
0000497500001e92
00005b1300000272
000059b3ffffde0d
00004425ffffc024
000023ccffffb42d
00000741ffffbbdb
fffff9ecffffce54
fffffd8effffdd89
00000975ffffde92
00000fd1ffffd029
00000614ffffbb6a
ffffeb60ffffae7b
ffffc94affffb42d
ffffae7bffffcd83
ffffa64dfffff0f7
ffffb24d00000fd1
ffffc97500001e92
ffffdd8900001b6a
ffffe37100000f09
ffffd9b700000741
ffffc94a00000eaf
ffffc02400002649
ffffc8f000004496
ffffe49600005b13
0000097500005e92
000028ca00004db3
00003710000031ac
0000327d000018e9
000023cc00000eaf
000018e9000014a0
00001c8f000021f3
00002fd7000028ca
0000497500001e92
00005b1300000272
000059b3ffffde0d
00004425ffffc024
000023ccffffb42d
00000741ffffbbdb
fffff9ecffffce54
fffffd8effffdd89
00000975ffffde92
00000fd1ffffd029
00000614ffffbb6a
ffffeb60ffffae7b
ffffc94affffb42d
ffffae7bffffcd83
ffffa64dfffff0f7
ffffb24d00000fd1
ffffc97500001e92
ffffdd8900001b6a
ffffe37100000f09
ffffd9b700000741
ffffc94a00000eaf
ffffc02400002649
ffffc8f000004496
ffffe49600005b13
0000097500005e92
000028ca00004db3
00003710000031ac
0000327d000018e9
000023cc00000eaf
000018e9000014a0
00001c8f000021f3
00002fd7000028ca
0000497500001e92
00005b1300000272
000059b3ffffde0d
00004425ffffc024
000023ccffffb42d
00000741ffffbbdb
fffff9ecffffce54
fffffd8effffdd89
00000975ffffde92
00000fd1ffffd029
00000614ffffbb6a
ffffeb60ffffae7b
ffffc94affffb42d
ffffae7bffffcd83
ffffa64dfffff0f7
ffffb24d00000fd1
ffffc97500001e92
ffffdd8900001b6a
ffffe37100000f09
ffffd9b700000741
ffffc94a00000eaf
ffffc02400002649
ffffc8f000004496
ffffe49600005b13
0000097500005e92
000028ca00004db3
00003710000031ac
0000327d000018e9
000023cc00000eaf
000018e9000014a0
00001c8f000021f3
00002fd7000028ca
0000497500001e92
00005b1300000272
000059b3ffffde0d
00004425ffffc024
000023ccffffb42d
00000741ffffbbdb
fffff9ecffffce54
fffffd8effffdd89
00000975ffffde92
00000fd1ffffd029
00000614ffffbb6a
ffffeb60ffffae7b
ffffc94affffb42d
ffffae7bffffcd83
ffffa64dfffff0f7
ffffb24d00000fd1
ffffc97500001e92
ffffdd8900001b6a
ffffe37100000f09
ffffd9b700000741
ffffc94a00000eaf
ffffc02400002649
ffffc8f000004496
ffffe49600005b13
0000097500005e92
000028ca00004db3
00003710000031ac
0000327d000018e9
000023cc00000eaf
000018e9000014a0
00001c8f000021f3
00002fd7000028ca
0000497500001e92
00005b1300000272
000059b3ffffde0d
00004425ffffc024
000023ccffffb42d
00000741ffffbbdb
fffff9ecffffce54
fffffd8effffdd89
00000975ffffde92
00000fd1ffffd029
00000614ffffbb6a
ffffeb60ffffae7b
ffffc94affffb42d
ffffae7bffffcd83
ffffa64dfffff0f7
ffffb24d00000fd1
ffffc97500001e92
ffffdd8900001b6a
ffffe37100000f09
ffffd9b700000741
ffffc94a00000eaf
ffffc02400002649
ffffc8f000004496
ffffe49600005b13
0000097500005e92
000028ca00004db3
00003710000031ac
0000327d000018e9
000023cc00000eaf
000018e9000014a0
00001c8f000021f3
00002fd7000028ca
0000497500001e92
00005b1300000272
000059b3ffffde0d
00004425ffffc024
000023ccffffb42d
00000741ffffbbdb
fffff9ecffffce54
fffffd8effffdd89
00000975ffffde92
00000fd1ffffd029
00000614ffffbb6a
ffffeb60ffffae7b
ffffc94affffb42d
ffffae7bffffcd83
ffffa64dfffff0f7
ffffb24d00000fd1
ffffc97500001e92
ffffdd8900001b6a
ffffe37100000f09
ffffd9b700000741
ffffc94a00000eaf
ffffc02400002649
ffffc8f000004496
ffffe49600005b13
0000097500005e92
000028ca00004db3
00003710000031ac
0000327d000018e9
000023cc00000eaf
000018e9000014a0
00001c8f000021f3
00002fd7000028ca
0000497500001e92
00005b1300000272
000059b3ffffde0d
00004425ffffc024
000023ccffffb42d
00000741ffffbbdb
fffff9ecffffce54
fffffd8effffdd89
00000975ffffde92
00000fd1ffffd029
00000614ffffbb6a
ffffeb60ffffae7b
ffffc94affffb42d
ffffae7bffffcd83
ffffa64dfffff0f7
ffffb24d00000fd1
ffffc97500001e92
ffffdd8900001b6a
ffffe37100000f09
ffffd9b700000741
ffffc94a00000eaf
ffffc02400002649
ffffc8f000004496
ffffe49600005b13
0000097500005e92
000028ca00004db3
00003710000031ac
0000327d000018e9
000023cc00000eaf
000018e9000014a0
00001c8f000021f3
00002fd7000028ca
0000497500001e92
00005b1300000272
000059b3ffffde0d
00004425ffffc024
000023ccffffb42d
00000741ffffbbdb
fffff9ecffffce54
fffffd8effffdd89
00000975ffffde92
00000fd1ffffd029
00000614ffffbb6a
ffffeb60ffffae7b
ffffc94affffb42d
ffffae7bffffcd83
ffffa64dfffff0f7
ffffb24d00000fd1
ffffc97500001e92
ffffdd8900001b6a
ffffe37100000f09
ffffd9b700000741
ffffc94a00000eaf
ffffc02400002649
ffffc8f000004496
ffffe49600005b13
0000097500005e92
000028ca00004db3
00003710000031ac
0000327d000018e9
000023cc00000eaf
000018e9000014a0
00001c8f000021f3
00002fd7000028ca
0000497500001e92
00005b1300000272
000059b3ffffde0d
00004425ffffc024
000023ccffffb42d
00000741ffffbbdb
fffff9ecffffce54
fffffd8effffdd89
00000975ffffde92
00000fd1ffffd029
00000614ffffbb6a
ffffeb60ffffae7b
ffffc94affffb42d
ffffae7bffffcd83
ffffa64dfffff0f7
ffffb24d00000fd1
ffffc97500001e92
ffffdd8900001b6a
ffffe37100000f09
ffffd9b700000741
ffffc94a00000eaf
ffffc02400002649
ffffc8f000004496
ffffe49600005b13
0000097500005e92
000028ca00004db3
00003710000031ac
0000327d000018e9
000023cc00000eaf
000018e9000014a0
00001c8f000021f3
00002fd7000028ca
0000497500001e92
00005b1300000272
000059b3ffffde0d
00004425ffffc024
000023ccffffb42d
00000741ffffbbdb
fffff9ecffffce54
fffffd8effffdd89
00000975ffffde92
00000fd1ffffd029
00000614ffffbb6a
ffffeb60ffffae7b
ffffc94affffb42d
ffffae7bffffcd83
ffffa64dfffff0f7
ffffb24d00000fd1
ffffc97500001e92
ffffdd8900001b6a
ffffe37100000f09
ffffd9b700000741
ffffc94a00000eaf
ffffc02400002649
ffffc8f000004496
ffffe49600005b13
0000097500005e92
000028ca00004db3
00003710000031ac
0000327d000018e9
000023cc00000eaf
000018e9000014a0
00001c8f000021f3
00002fd7000028ca
0000497500001e92
00005b1300000272
000059b3ffffde0d
00004425ffffc024
000023ccffffb42d
00000741ffffbbdb
fffff9ecffffce54
fffffd8effffdd89
00000975ffffde92
00000fd1ffffd029
00000614ffffbb6a
ffffeb60ffffae7b
ffffc94affffb42d
ffffae7bffffcd83
ffffa64dfffff0f7
ffffb24d00000fd1
ffffc97500001e92
ffffdd8900001b6a
ffffe37100000f09
ffffd9b700000741
ffffc94a00000eaf
ffffc02400002649
ffffc8f000004496
ffffe49600005b13
0000097500005e92
000028ca00004db3
00003710000031ac
0000327d000018e9
000023cc00000eaf
000018e9000014a0
00001c8f000021f3
00002fd7000028ca
0000497500001e92
00005b1300000272
000059b3ffffde0d
00004425ffffc024
000023ccffffb42d
00000741ffffbbdb
fffff9ecffffce54
fffffd8effffdd89
00000975ffffde92
00000fd1ffffd029
00000614ffffbb6a
ffffeb60ffffae7b
ffffc94affffb42d
ffffae7bffffcd83
ffffa64dfffff0f7
ffffb24d00000fd1
ffffc97500001e92
ffffdd8900001b6a
ffffe37100000f09
ffffd9b700000741
ffffc94a00000eaf
ffffc02400002649
ffffc8f000004496
ffffe49600005b13
0000097500005e92
000028ca00004db3
00003710000031ac
0000327d000018e9
000023cc00000eaf
000018e9000014a0
00001c8f000021f3
00002fd7000028ca
0000497500001e92
00005b1300000272
000059b3ffffde0d
00004425ffffc024
000023ccffffb42d
00000741ffffbbdb
fffff9ecffffce54
fffffd8effffdd89
00000975ffffde92
00000fd1ffffd029
00000614ffffbb6a
ffffeb60ffffae7b
ffffc94affffb42d
ffffae7bffffcd83
ffffa64dfffff0f7
ffffb24d00000fd1
ffffc97500001e92
ffffdd8900001b6a
ffffe37100000f09
ffffd9b700000741
ffffc94a00000eaf
ffffc02400002649
ffffc8f000004496
ffffe49600005b13
0000097500005e92
000028ca00004db3
00003710000031ac
0000327d000018e9
000023cc00000eaf
000018e9000014a0
00001c8f000021f3
00002fd7000028ca
0000497500001e92
00005b1300000272
000059b3ffffde0d
00004425ffffc024
000023ccffffb42d
00000741ffffbbdb
fffff9ecffffce54
fffffd8effffdd89
00000975ffffde92
00000fd1ffffd029
00000614ffffbb6a
ffffeb60ffffae7b
ffffc94affffb42d
ffffae7bffffcd83
ffffa64dfffff0f7
ffffb24d00000fd1
ffffc97500001e92
ffffdd8900001b6a
ffffe37100000f09
ffffd9b700000741
ffffc94a00000eaf
ffffc02400002649
ffffc8f000004496
ffffe49600005b13
0000097500005e92
000028ca00004db3
00003710000031ac
0000327d000018e9
000023cc00000eaf
000018e9000014a0
00001c8f000021f3
00002fd7000028ca
0000497500001e92
00005b1300000272
000059b3ffffde0d
00004425ffffc024
000023ccffffb42d
00000741ffffbbdb
fffff9ecffffce54
fffffd8effffdd89
00000975ffffde92
00000fd1ffffd029
00000614ffffbb6a
ffffeb60ffffae7b
ffffc94affffb42d
ffffae7bffffcd83
ffffa64dfffff0f7
ffffb24d00000fd1
ffffc97500001e92
ffffdd8900001b6a
ffffe37100000f09
ffffd9b700000741
ffffc94a00000eaf
ffffc02400002649
ffffc8f000004496
ffffe49600005b13
0000097500005e92
000028ca00004db3
00003710000031ac
0000327d000018e9
000023cc00000eaf
000018e9000014a0
00001c8f000021f3
00002fd7000028ca
0000497500001e92
00005b1300000272
000059b3ffffde0d
00004425ffffc024
000023ccffffb42d
00000741ffffbbdb
fffff9ecffffce54
fffffd8effffdd89
00000975ffffde92
00000fd1ffffd029
00000614ffffbb6a
ffffeb60ffffae7b
ffffc94affffb42d
ffffae7bffffcd83
ffffa64dfffff0f7
ffffb24d00000fd1
ffffc97500001e92
ffffdd8900001b6a
ffffe37100000f09
ffffd9b700000741
ffffc94a00000eaf
ffffc02400002649
ffffc8f000004496
ffffe49600005b13
0000097500005e92
000028ca00004db3
00003710000031ac
0000327d000018e9
000023cc00000eaf
000018e9000014a0
00001c8f000021f3
00002fd7000028ca
0000497500001e92
00005b1300000272
000059b3ffffde0d
00004425ffffc024
000023ccffffb42d
00000741ffffbbdb
fffff9ecffffce54
fffffd8effffdd89
00000975ffffde92
00000fd1ffffd029
00000614ffffbb6a
ffffeb60ffffae7b
ffffc94affffb42d
ffffae7bffffcd83
ffffa64dfffff0f7
ffffb24d00000fd1
ffffc97500001e92
ffffdd8900001b6a
ffffe37100000f09
ffffd9b700000741
ffffc94a00000eaf
ffffc02400002649
ffffc8f000004496
ffffe49600005b13
0000097500005e92
000028ca00004db3
00003710000031ac
0000327d000018e9
000023cc00000eaf
000018e9000014a0
00001c8f000021f3
00002fd7000028ca
0000497500001e92
00005b1300000272
000059b3ffffde0d
00004425ffffc024
000023ccffffb42d
00000741ffffbbdb
fffff9ecffffce54
fffffd8effffdd89
00000975ffffde92
00000fd1ffffd029
00000614ffffbb6a
ffffeb60ffffae7b
ffffc94affffb42d
ffffae7bffffcd83
ffffa64dfffff0f7
ffffb24d00000fd1
ffffc97500001e92
ffffdd8900001b6a
ffffe37100000f09
ffffd9b700000741
ffffc94a00000eaf
ffffc02400002649
ffffc8f000004496
ffffe49600005b13
0000097500005e92
000028ca00004db3
00003710000031ac
0000327d000018e9
000023cc00000eaf
000018e9000014a0
00001c8f000021f3
00002fd7000028ca
0000497500001e92
00005b1300000272
000059b3ffffde0d
00004425ffffc024
000023ccffffb42d
00000741ffffbbdb
fffff9ecffffce54
fffffd8effffdd89
00000975ffffde92
00000fd1ffffd029
00000614ffffbb6a
ffffeb60ffffae7b
ffffc94affffb42d
ffffae7bffffcd83
ffffa64dfffff0f7
ffffb24d00000fd1
ffffc97500001e92
ffffdd8900001b6a
ffffe37100000f09
ffffd9b700000741
ffffc94a00000eaf
ffffc02400002649
ffffc8f000004496
ffffe49600005b13
0000097500005e92
000028ca00004db3
00003710000031ac
0000327d000018e9
000023cc00000eaf
000018e9000014a0
00001c8f000021f3
00002fd7000028ca
0000497500001e92
00005b1300000272
000059b3ffffde0d
00004425ffffc024
000023ccffffb42d
00000741ffffbbdb
fffff9ecffffce54
fffffd8effffdd89
00000975ffffde92
00000fd1ffffd029
00000614ffffbb6a
ffffeb60ffffae7b
ffffc94affffb42d
ffffae7bffffcd83
ffffa64dfffff0f7
ffffb24d00000fd1
ffffc97500001e92
ffffdd8900001b6a
ffffe37100000f09
ffffd9b700000741
ffffc94a00000eaf
ffffc02400002649
ffffc8f000004496
ffffe49600005b13
0000097500005e92
000028ca00004db3
00003710000031ac
0000327d000018e9
000023cc00000eaf
000018e9000014a0
00001c8f000021f3
00002fd7000028ca
0000497500001e92
00005b1300000272
000059b3ffffde0d
00004425ffffc024
000023ccffffb42d
00000741ffffbbdb
fffff9ecffffce54
fffffd8effffdd89
00000975ffffde92
00000fd1ffffd029
00000614ffffbb6a
ffffeb60ffffae7b
ffffc94affffb42d
ffffae7bffffcd83
ffffa64dfffff0f7
ffffb24d00000fd1
ffffc97500001e92
ffffdd8900001b6a
ffffe37100000f09
ffffd9b700000741
ffffc94a00000eaf
ffffc02400002649
ffffc8f000004496
ffffe49600005b13
0000097500005e92
000028ca00004db3
00003710000031ac
0000327d000018e9
000023cc00000eaf
000018e9000014a0
00001c8f000021f3
00002fd7000028ca
0000497500001e92
00005b1300000272
000059b3ffffde0d
00004425ffffc024
000023ccffffb42d
00000741ffffbbdb
fffff9ecffffce54
fffffd8effffdd89
00000975ffffde92
00000fd1ffffd029
00000614ffffbb6a
ffffeb60ffffae7b
ffffc94affffb42d
ffffae7bffffcd83
ffffa64dfffff0f7
ffffb24d00000fd1
ffffc97500001e92
ffffdd8900001b6a
ffffe37100000f09
ffffd9b700000741
ffffc94a00000eaf
ffffc02400002649
ffffc8f000004496
ffffe49600005b13
0000097500005e92
000028ca00004db3
00003710000031ac
0000327d000018e9
000023cc00000eaf
000018e9000014a0
00001c8f000021f3
00002fd7000028ca
0000497500001e92
00005b1300000272
000059b3ffffde0d
00004425ffffc024
000023ccffffb42d
00000741ffffbbdb
fffff9ecffffce54
fffffd8effffdd89
00000975ffffde92
00000fd1ffffd029
00000614ffffbb6a
ffffeb60ffffae7b
ffffc94affffb42d
ffffae7bffffcd83
ffffa64dfffff0f7
ffffb24d00000fd1
ffffc97500001e92
ffffdd8900001b6a
ffffe37100000f09
ffffd9b700000741
ffffc94a00000eaf
ffffc02400002649
ffffc8f000004496
ffffe49600005b13
0000097500005e92
000028ca00004db3
00003710000031ac
0000327d000018e9
000023cc00000eaf
000018e9000014a0
00001c8f000021f3
00002fd7000028ca
0000497500001e92
00005b1300000272
000059b3ffffde0d
00004425ffffc024
000023ccffffb42d
00000741ffffbbdb
fffff9ecffffce54
fffffd8effffdd89
00000975ffffde92
00000fd1ffffd029
00000614ffffbb6a
ffffeb60ffffae7b
ffffc94affffb42d
ffffae7bffffcd83
ffffa64dfffff0f7
ffffb24d00000fd1
ffffc97500001e92
ffffdd8900001b6a
ffffe37100000f09
ffffd9b700000741
ffffc94a00000eaf
ffffc02400002649
ffffc8f000004496
ffffe49600005b13
0000097500005e92
000028ca00004db3
00003710000031ac
0000327d000018e9
000023cc00000eaf
000018e9000014a0
00001c8f000021f3
00002fd7000028ca
0000497500001e92
00005b1300000272
000059b3ffffde0d
00004425ffffc024
000023ccffffb42d
00000741ffffbbdb
fffff9ecffffce54
fffffd8effffdd89
00000975ffffde92
00000fd1ffffd029
00000614ffffbb6a
ffffeb60ffffae7b
ffffc94affffb42d
ffffae7bffffcd83
ffffa64dfffff0f7
ffffb24d00000fd1
ffffc97500001e92
ffffdd8900001b6a
ffffe37100000f09
ffffd9b700000741
ffffc94a00000eaf
ffffc02400002649
ffffc8f000004496
ffffe49600005b13
0000097500005e92
000028ca00004db3
00003710000031ac
0000327d000018e9
000023cc00000eaf
000018e9000014a0
00001c8f000021f3
00002fd7000028ca
0000497500001e92
00005b1300000272
000059b3ffffde0d
00004425ffffc024
000023ccffffb42d
00000741ffffbbdb
fffff9ecffffce54
fffffd8effffdd89
00000975ffffde92
00000fd1ffffd029
00000614ffffbb6a
ffffeb60ffffae7b
ffffc94affffb42d
ffffae7bffffcd83
ffffa64dfffff0f7
ffffb24d00000fd1
ffffc97500001e92
ffffdd8900001b6a
ffffe37100000f09
ffffd9b700000741
ffffc94a00000eaf
ffffc02400002649
ffffc8f000004496
ffffe49600005b13
0000097500005e92
000028ca00004db3
00003710000031ac
0000327d000018e9
000023cc00000eaf
000018e9000014a0
00001c8f000021f3
00002fd7000028ca
0000497500001e92
00005b1300000272
000059b3ffffde0d
00004425ffffc024
000023ccffffb42d
00000741ffffbbdb
fffff9ecffffce54
fffffd8effffdd89
00000975ffffde92
00000fd1ffffd029
00000614ffffbb6a
ffffeb60ffffae7b
ffffc94affffb42d
ffffae7bffffcd83
ffffa64dfffff0f7
ffffb24d00000fd1
ffffc97500001e92
ffffdd8900001b6a
ffffe37100000f09
ffffd9b700000741
ffffc94a00000eaf
ffffc02400002649
ffffc8f000004496
ffffe49600005b13
fffffc6300005d57
000030390000486f
00002f8800001908
00001327000015a1
00001dc20000271f
000035c600000e35
00001b5effffe898
ffffedd3fffff9ef
fffff40b00002583
000015610000250c
00000f6900000fb6
fffffbf6000024bf
00001b000000463d
00004d4100003046
00004badffffff53
00002ea3fffff988
00003837000007b4
00004e46ffffeac6
00003098ffffc0f2
fffffe5fffffce83
fffffebafffff75e
00001985fffff5ae
00000cfaffffe0c9
fffff393fffff7c2
00000dc600001c3e
00003c85000009b6
000038a9ffffdc03
00001a30ffffd8cb
0000229cffffe8a9
00003734ffffcca1
0000174dffffa34c
ffffe1e5ffffb184
ffffde3effffdbc7
fffff499ffffdcb7
ffffe3ceffffcbe1
ffffc6f9ffffe83c
ffffdf1a00001306
00000d6a0000071b
00000ab7ffffdfa8
ffffeea5ffffe1c2
fffffa29fffff5af
000011e3ffffdc6f
fffff49effffb4e3
ffffc104ffffc469
ffffbe51fffff019
ffffd50ffffff318
ffffc49affffe541
ffffa8a90000058a
ffffc2c5000034e2
fffff47800002d95
fffff69600000a2d
ffffe07600000f27
fffff28000002464
000010a900000ad0
fffff91cffffe186
ffffca15ffffee66
ffffcaaa00001725
ffffe39600001783
ffffd4a4000007c7
ffffba210000270b
ffffd6260000560c
00000aa300004eaa
0000108800002ad5
fffffef900002e75
000015e300004100
0000389c0000233f
000024aafffff47d
fffff7cffffffb0f
fffff8eb00001d51
000010d7000017aa
ffffffc5000002e6
ffffe29c00001e60
fffffc1300004ac8
00002e9b000041a1
0000336400001c50
0000218200001e26
0000388800002e20
00005b3a00000ccd
00004686ffffd98d
000017acffffdb19
0000154efffff862
00002854ffffee79
0000114dffffd6b9
ffffedb8fffff0cf
000000f900001d6d
00002e15000015c8
00002e9dfffff2bd
000019b1fffff6fa
00002ea4000008ed
00004fc0ffffe8ca
00003957ffffb5e4
00000825ffffb735
00000274ffffd42f
00001123ffffca7e
fffff50cffffb40a
ffffcc34ffffd0dd
ffffdaa5000001bb
00000404ffffff95
0000024dffffe2c2
ffffecc3ffffed49
0000028a000004f5
00002572ffffe982
00001136ffffba17
ffffe1f2ffffbdd0
ffffdd82ffffdc89
ffffec99ffffd481
ffffd036ffffc033
ffffa6caffffe014
ffffb4f60000150e
ffffdef8000017e9
ffffdf3e00000087
ffffcd3c0000104e
ffffe7f000002c64
000010be00001401
000002bfffffe60b
ffffd967ffffe9b0
ffffda0600000729
ffffed05fffffd46
ffffd366ffffe724
ffffabee000005bc
ffffbbc500003a3d
ffffe7c100003d69
ffffeacd000026cd
ffffdca100003745
fffffc2d00005357
00002a7c000039b6
00002211000008fb
fffffdb90000085a
0000022b0000205f
000017750000106c
fffffe8bfffff446
ffffd67200000d83
ffffe4d600003db9
00000f2b00003dc0
000010ef000024f1
00000239000033af
0000221200004dea
00005148000031c9
000049e6fffffd8a
00002619fffff84d
00002a0700000ade
00003d56fffff522
000020e1ffffd384
fffff3e2ffffe83d
fffffc8200001557
000020db000013dc
00001d0ffffffafd
000009b500000ab2
0000260b00002654
000052c600000b6d
0000498effffd7c4
00002402ffffd246
000025b2ffffe3de
000035d4ffffccd5
00001510ffffaa2d
ffffe2c4ffffbeba
ffffe585ffffed03
0000040affffee4b
fffffb20ffffd9ad
ffffe3e8ffffeeba
fffffdeb00001031
000029dcfffffaf3
0000210cffffcc38
fffffc91ffffca97
ffffff5cffffdef7
0000101affffc9eb
ffffef25ffffa8f7
ffffbbdcffffbf88
ffffbd1ffffff0a7
ffffda2ffffff5e3
ffffd077ffffe652
ffffb9a600000136
ffffd59c000028bd
000005130000191d
00000113ffffeef3
ffffe227fffff06f
ffffea9b0000065c
0000007afffff187
ffffe3b3ffffcfeb
ffffb381ffffe591
ffffb6f200001618
ffffd5b800001b74
ffffcdd400000cdb
ffffb9820000295c
ffffd908000052ae
00000d3a0000446c
00000eec00001a99
fffff62c00001af7
0000049f00002e29
00001fad00001526
000006c4ffffee5f
ffffd8e5fffffe7c
ffffdd38000029c5
fffffbd200002aaf
fffff346000018b2
ffffde6c000032cb
fffffe0500005a59
0000332100004a69
0000367e00001e67
00001fcb00001b9d
0000301900002a77
00004c3000000c01
000032fbffffdf12
00000336ffffe8ed
0000041400000e83
00001e0300000add
0000102dfffff5ca
fffff61100000e4c
000011060000357a
00004276000025dd
0000432efffffa44
00002a9bfffff76e
0000395200000570
00005383ffffe54e
00003790ffffb627
000003e1ffffbdbf
ffffffa3ffffe1ab
0000138dffffdd85
ffffff52ffffc97e
ffffdf1cffffe4ad
fffff4e200000fe8
0000228000000539
000020e8ffffdec9
0000075cffffe0b6
000015fffffff2a2
0000306affffd565
00001467ffffa840
ffffdff4ffffb166
ffffda15ffffd6fa
ffffebadffffd52d
ffffd4e0ffffc498
ffffb272ffffe479
ffffc6f90000157c
fffff4c800001132
fffff506fffff125
ffffded4fffff8c8
fffff1ec00000f34
0000114afffff500
fffffa13ffffc979
ffffc9baffffd32a
ffffc6fcfffff8c5
ffffdac2fffff716
ffffc584ffffe735
ffffa48e000008a3
ffffbb0e00003bff
ffffebd500003a82
fffff04d00001d23
ffffdf8b000026b5
fffff8ea00003dc6
00001ed100002299
00000dbbfffff47e
ffffe281fffffa4f
ffffe37f00001b4a
fffff98d000014e1
ffffe560000000c6
ffffc4c400001edd
ffffdb7d00004fdb
00000cee00004cc1
000012da00002e0d
0000046a000035fc
000020b900004a8e
000049ae00002bab
00003b23fffff88f
00001158fffff855
0000123f000012c0
0000268d000005e9
00000f2cffffec28
ffffea5e000005d9
fffffc8c000033e2
000029b700002f26
00002c1f00000fb8
00001b2000001742
000035bb00002b2d
00005d7200000aee
00004d8dffffd594
000021b8ffffd25b
00001f71ffffe970
00002f40ffffd989
0000122dffffbd9c
ffffe6e9ffffd689
fffff27c00000573
000019920000032b
000016faffffe764
0000025dfffff331
00001abc00000b55
00004148ffffeeba
000030c3ffffbc1d
0000043effffbab7
000000b4ffffd303
00000e60ffffc438
ffffee51ffffa9e9
ffffbf89ffffc577
ffffc79efffff854
ffffebe0fffffb4c
ffffe7afffffe5c1
ffffd312fffff835
ffffed14000016bf
000016a4ffffffac
000009feffffd14d
ffffe18effffd2c1
ffffe1b5ffffecb3
fffff246ffffded4
ffffd42dffffc54b
ffffa6a0ffffe20b
ffffafa3000016e9
ffffd52100001cca
ffffd30a00000ada
ffffc1c80000211f
ffffe08500004311
00000ff900002e5c
000009e3000000df
ffffe80b0000018b
ffffee2900001932
0000038e000007f3
ffffe8ebffffea92
ffffbd8a000003a6
ffffc7d200003582
ffffee3a00003948
ffffed4b00002611
ffffdde700003b86
ffffff6f00005c91
0000327f00004646
0000307500001608
0000127e0000128e
00001baf000024c4
000032d000000d2a
00001846ffffe922
ffffeb63fffffbeb
fffff2e30000286f
000015cc00002828
0000114c00001239
fffffed500002603
00001e20000045f0
00004fd500002e7b
00004d0dfffffc81
00002e74fffff665
000036870000050f
00004b81ffffe94a
00002d74ffffc101
fffffba9ffffd019
fffffd24fffffa14
00001976fffff8d2
00000e76ffffe38e
fffff638fffff973
000010e800001c6d
00003f5800000856
00003a74ffffd96e
00001a7dffffd5ab
00002158ffffe5c9
000034b1ffffcabe
00001430ffffa2e0
ffffdefaffffb2ab
ffffdc42ffffde36
fffff40fffffdfcf
ffffe4d9ffffced7
ffffc955ffffea4f
ffffe22d000013af
0000106a0000062d
00000ce1ffffdd61
ffffef6bffffdeb7
fffff959fffff2a7
00000fb2ffffda2f
fffff19bffffb3ff
ffffbdf4ffffc51b
ffffbbfcfffff233
ffffd40efffff612
ffffc52dffffe857
ffffaaac000007f4
ffffc5b400003600
fffff79400002d20
fffff91300000842
ffffe1b100000c44
fffff22900002145
00000ed700000841
fffff645ffffe02f
ffffc6f3ffffee9e
ffffc80a000018de
ffffe22300001a4d
ffffd4bd00000aeb
ffffbbc0000029bb
ffffd8e10000579a
00000dc700004eb0
0000134800002951
000000a100002bca
0000160800003ddd
0000373300002070
00002210fffff2ba
fffff4aefffffacc
fffff60f00001e9d
00000efb00001a32
ffffff6300000604
ffffe3cd00002148
fffffe8800004cbc
000031b500004222
0000365700001b3c
0000238e00001bc4
0000392600002b0c
00005a43000009d0
00004438ffffd76a
0000149fffffda5c
00001248fffff93b
0000261bfffff0b1
00001073ffffd9bf
ffffee74fffff3dd
0000031a00001fbb
00003112000016c1
000031b1fffff220
00001c14fffff4ef
00002fba000005fb
00004f41ffffe5b0
00003765ffffb36e
0000053dffffb603
ffffff55ffffd48f
00000e9affffcc58
fffff3beffffb6e5
ffffcc75ffffd3ff
ffffdc6600000456
000006d2000000ff
00000570ffffe29f
ffffef6fffffeba2
0000040f00000236
0000256effffe65e
00000fa9ffffb75b
ffffdf42ffffbc30
ffffda5effffdc6e
ffffe9cfffffd5f2
ffffce7cffffc2d2
ffffa690ffffe336
ffffb64c000017e6
ffffe186000019bc
ffffe25d000000df
ffffd02000000f15
ffffe9dc000029e9
00001135000010e6
000001a2ffffe31b
ffffd6ffffffe7ac
ffffd6f000000693
ffffea0bfffffe46
ffffd14bffffe978
ffffab3b000008cb
ffffbca800003d41
ffffea0000003f9b
ffffedd50000279e
ffffdfac00003680
fffffe750000512e
00002b6b000036b6
0000216b000005e9
fffffba6000005fd
ffffff3500001f53
0000145d000010f4
fffffc1afffff641
ffffd5490000106e
ffffe541000040d6
0000110d00004043
000013ce00002636
0000055a00003363
000024a700004c21
000052aa00002ef7
000049b9fffffa68
00002469fffff5a7
0000274300000961
00003a33fffff530
00001e2affffd519
fffff24affffeaf2
fffffc720000187b
00002255000016a1
00001fb4fffffcaf
00000cd800000ae2
000028de000024f5
00005492000008d9
000049dcffffd4a3
000022bfffffcf66
00002331ffffe1f9
000032b7ffffcc68
00001224ffffab53
ffffe0c8ffffc128
ffffe4fafffff01b
00000513fffff142
fffffd7bffffdbc1
ffffe6f9ffffef64
000000ec00000f45
00002c07fffff8ae
000021d4ffffc92d
fffffbc2ffffc78e
fffffd2cffffdcb6
00000d18ffffc906
ffffec15ffffa9a8
ffffb986ffffc1a1
ffffbc1dfffff3a0
ffffdac1fffff8f9
ffffd27affffe8bc
ffffbc9500000256
ffffd8b800002849
0000079000001733
0000024fffffec10
ffffe1d2ffffed50
ffffe8c9000003cd
fffffda3fffff02e
ffffe091ffffd022
ffffb0e0ffffe748
ffffb57e000018e0
ffffd5d000001e97
ffffcf7200000f8c
ffffbc3c00002aeb
ffffdc2c000052b5
00000ffb000042e9
00001095000017ef
fffff652000017d4
0000033800002b5a
00001d1400001363
000003a3ffffee1b
ffffd609ffffffc8
ffffdb5c00002c4c
fffffb6f00002dcd
fffff47500001b9b
ffffe0e1000034c0
0000011f00005ada
0000361400004956
0000388b00001c06
0000206b00001889
00002f2300002779
000049e3000009dd
00002feeffffde54
0000002fffffe9c5
000001da000010ba
00001d2700000de2
000010e7fffff8d8
fffff8320000109c
0000140200003673
0000458a00002541
00004591fffff83a
00002bb2fffff47c
000038d500000256
00005191ffffe2d7
000034a9ffffb4f4
000000c3ffffbe1f
fffffd19ffffe384
0000123dffffe060
ffffff92ffffcc9f
ffffe0dcffffe748
fffff7af00001153
000025a300000517
00002394ffffdd23
000008e3ffffddf8
000015fdffffef7e
00002edeffffd2a9
000011b8ffffa69f
ffffdcd0ffffb14a
ffffd74bffffd86a
ffffe9f2ffffd7cb
ffffd4a5ffffc7ba
ffffb3c7ffffe752
ffffc98700001750
fffff7e70000118c
fffff7ebffffefec
ffffe0c2fffff64d
fffff26400000c1a
0000102efffff210
fffff7abffffc774
ffffc6a4ffffd293
ffffc401fffff9c4
ffffd8a6fffff969
ffffc4cfffffea44
ffffa57000000ba7
ffffbd4c00003e32
ffffeedd00003b54
fffff35900001c5f
ffffe1d30000248d
fffff9da00003ac6
00001e2b00001f87
00000baafffff221
ffffdf8bfffff941
ffffe06700001bd1
fffff71c000016da
ffffe436000003b1
ffffc52d000021fa
ffffdd5e0000525f
00000fcc00004e07
000015fb00002dc3
000006ff00003434
0000221b000047bd
0000498300002889
00003974fffff5e8
00000e94fffff6d8
00000f1b000012cd
000023d70000077d
00000d93ffffeedc
ffffea4c000008fc
fffffe05000036a8
00002c5b000030d9
00002f4200000fe9
00001df4000015e4
000037870000289a
00005dc1000007ce
00004c4bffffd2b3
00001f37ffffd075
00001c55ffffe902
00002c53ffffdaae
0000102fffffc00a
ffffe65cffffd9a0
fffff3840000086b
00001bec00000540
00001a0bffffe80f
0000055efffff246
00001ce800000910
00004211ffffebb0
00002ff6ffffb914
0000020fffffb875
fffffdb1ffffd21c
00000b4fffffc4e8
ffffebfaffffac02
ffffbe85ffffc870
ffffc82ffffffb6b
ffffede1fffffdb7
ffffea9dffffe6e2
ffffd62dfffff7c2
ffffef92000014d6
000017e1fffffcc9
000009a9ffffce2e
ffffdfbeffffd030
ffffdee0ffffeb5a
ffffef24ffffdf09
ffffd18cffffc701
ffffa52bffffe4d3
ffffafba00001a0d
ffffd6bd00001f7c
ffffd5c300000c6a
ffffc4eb00002127
ffffe3460000418f
000011a300002bb3
00000a0afffffdbc
ffffe6a5fffffebb
ffffeb910000176d
0000006d000007ad
ffffe60effffebdd
ffffbbad0000062d
ffffc76e0000389f
ffffef6900003c31
ffffefbf00002807
ffffe10100003c09
0000026200005b80
0000348d000043e5
00003116000012f4
0000118a00000f91
000019640000229f
00002fc300000c6b
0000153fffffe9f8
ffffe928fffffe21
fffff20600002b74
0000168500002b37
0000136c00001489
000001d1000026fe
0000213500004556
0000523a00002c73
00004e25fffff98f
00002df8fffff34b
0000349600000297
0000489affffe816
00002a56ffffc15f
fffff91effffd1f1
fffffbd3fffffcee
000019b5fffffbf3
00001035ffffe62a
fffff905fffffadf
0000140c00001c4c
00004205000006b1
00003bfbffffd6b0
00001a7bffffd287
00001fceffffe30d
00003203ffffc91c
0000110dffffa2c3
ffffdc2fffffb41b
ffffda86ffffe0d4
fffff3d3ffffe2f0
ffffe62cffffd1b0
ffffcbe1ffffec25
ffffe54b00001409
0000134f000004f6
00000ecfffffdae7
ffffefe5ffffdb9d
fffff83effffefb6
00000d4cffffd829
ffffee86ffffb367
ffffbafaffffc619
ffffb9defffff486
ffffd358fffff921
ffffc60effffeb5b
ffffacea00000a27
ffffc8bc000036d4
fffffaa000002c5d
fffffb5c0000061b
ffffe2a300000945
fffff18400001e32
00000cc6000005e3
fffff350ffffdf21
ffffc3daffffef24
ffffc59800001ad6
ffffe0f800001d37
ffffd52500000e08
ffffbda000002c40
ffffdbbf000058e2
000010e700004e67
000015de0000278a
00000205000028f9
000015dd00003aba
0000358600001dc9
00001f4efffff13b
fffff18afffffad8
fffff35800002031
00000d6200001ce6
ffffff5000000927
ffffe5450000240e
0000012c00004e70
000034d700004254
0000392c000019e0
0000255c00001932
00003977000027ec
00005903000006ee
000041b8ffffd584
00001182ffffd9ed
00000f5bfffffa5f
0000241cfffff31e
00000fe5ffffdcd6
ffffef7bfffff6d4
00000573000021d1
000034230000176d
000034b2fffff136
00001e40fffff2ab
00003084000002f1
00004e74ffffe2a6
00003536ffffb12b
0000023bffffb51c
fffffc45ffffd53e
00000c42ffffce6f
fffff2b9ffffb9dd
ffffcd05ffffd716
ffffde66000006c1
000009c000000221
0000088cffffe22e
fffff1eeffffe9ba
0000054effffff53
0000251bffffe33e
00000ddaffffb4ca
ffffdc6dffffbad5
ffffd73cffffdca2
ffffe72dffffd7a8
ffffcd06ffffc59a
ffffa6a6ffffe65a
ffffb7e700001a99
ffffe43e00001b4d
ffffe581000000e8
ffffd2e200000d94
ffffeb8800002740
0000115d00000dc3
0000003dffffe04b
ffffd467ffffe5e6
ffffd3d00000064d
ffffe72effffff90
ffffcf6cffffebfe
ffffaad500000be9
ffffbdd50000402a
ffffec7300004192
fffff0ee00002822
ffffe2a10000356f
0000008400004ece
00002c0d000033a3
00002077000002eb
fffff95c000003d8
fffffc2900001e92
00001156000011ca
fffff9dffffff876
ffffd46b00001373
ffffe5f8000043e4
0000132c00004294
000016c900002732
0000086f000032c9
0000270c00004a19
000053c200002c06
0000493dfffff74d
00002279fffff32e
0000245d0000082c
00003714fffff58d
00001b9fffffd6f1
fffff0f9ffffedcb
fffffcb000001b9d
000024130000193e
00002280fffffe1d
00000ffb00000ac3
00002b8c00002351
0000561a0000061b
000049dcffffd180
00002135ffffcca9
00002083ffffe056
00002f94ffffcc4a
00000f58ffffacc2
ffffdf0affffc3c6
ffffe4bdfffff33d
00000666fffff41b
00000007ffffdd98
ffffea18ffffefbf
000003d100000e0f
00002df6fffff634
0000224effffc612
fffffaa9ffffc49d
fffffac7ffffdaaf
00000a02ffffc86d
ffffe91affffaaa5
ffffb768ffffc3f3
ffffbb66fffff6af
ffffdba0fffffbfd
ffffd4b6ffffeaf1
ffffbf9c0000032b
ffffdbc400002787
000009da0000150d
00000341ffffe911
ffffe12effffea3c
ffffe6ba0000016e
fffffaafffffef1f
ffffdd78ffffd0a7
ffffae6dffffe940
ffffb45200001bca
ffffd637000021b4
ffffd15100001212
ffffbf1a00002c33
ffffdf4d0000526d
0000129200004123
000011fa0000151f
fffff629000014b1
0000018b000028b2
00001a52000011e3
0000007fffffee25
ffffd3510000015a
ffffd9c100002eff
fffffb5a000030f0
fffff5ec00001e62
ffffe38300003675
0000044100005b0d
000038e9000047fa
00003a5900001974
000020bd0000156a
00002de400002497
00004764000007f6
00002cd2ffffdde3
fffffd42ffffeae8
ffffffda00001326
00001c98000010f9
000011edfffffbd0
fffffa8a000012b3
0000171300003721
0000488c00002458
000047bffffff5f7
00002c7dfffff172
0000380affffff4c
00004f64ffffe094
000031a8ffffb40b
fffffdb2ffffbecc
fffffac1ffffe59b
00001137ffffe358
00000021ffffcfb7
ffffe2dcffffe9b5
fffffa9d00001276
000028bf000004a7
00002614ffffdb3b
00000a22ffffdb16
000015abffffec5e
00002d10ffffd017
00000ee3ffffa543
ffffd9aeffffb17d
ffffd4a8ffffda1f
ffffe87bffffda92
ffffd4b9ffffcadd
ffffb562ffffea05
ffffcc3f000018e2
fffffb0b00001196
fffffaadffffee6c
ffffe26efffff3a5
fffff28e000008f7
00000ec9ffffef3f
fffff514ffffc5ad
ffffc383ffffd24b
ffffc124fffffb0c
ffffd6c6fffffbee
ffffc468ffffed62
ffffa69c00000e91
ffffbfbe0000402a
fffff1f600003bda
fffff64e00001b50
ffffe3e30000222e
fffffa7d000037b3
00001d3900001c88
00000960ffffeffb
ffffdc7ffffff880
ffffdd6000001ca5
fffff4e00000190f
ffffe357000006b5
ffffc5e300002509
ffffdf7c000054b0
000012c700004f04
0000191000002d2b
000009660000322d
00002335000044cc
000049080000256e
00003786fffff36f
00000baffffff5a1
00000bfc00001328
0000214b00000954
00000c40fffff1b5
ffffea8900000c1e
ffffffc200003946
00002f2700003247
0000326500000fcb
000020a200001441
00003911000025dd
00005dc2000004aa
00004ac3ffffcff6
00001c8affffced1
00001932ffffe8e3
00002987ffffdc1b
00000e71ffffc2a7
ffffe61effffdcc2
fffff4d500000b44
00001e7700000718
00001d2affffe86c
00000844fffff110
00001ed800000698
0000428dffffe896
00002eddffffb622
ffffffaaffffb66d
fffffa9cffffd182
00000854ffffc5e3
ffffe9dbffffae52
ffffbdcdffffcb7e
ffffc90dfffffe70
fffff01cffffffed
ffffeda4ffffe7b8
ffffd93afffff702
fffff1dd000012b1
000018d5fffff9cb
00000907ffffcb1a
ffffddafffffcdd1
ffffdbebffffea49
ffffec0bffffdf8d
ffffcf18ffffc8f8
ffffa3fdffffe7bc
ffffb01f00001d2a
ffffd89c00002203
ffffd8a000000db4
ffffc80c000020e1
ffffe5de00003fca
00001309000028e3
000009e2fffffa9a
ffffe4f9fffffc12
ffffe8cf000015ec
fffffd49000007b6
ffffe356ffffed6e
ffffba11000008df
ffffc75800003bc3
fffff0de00003ef9
fffff261000029bd
ffffe42300003c3e
0000053800005a25
0000365d00004154
0000316a00000fd5
0000104c00000cae
000016e5000020b7
00002ca700000bf9
00001251ffffeb1a
ffffe7280000008d
fffff17600002e8b
0000178a00002e2f
000015c3000016a0
000004e2000027ac
000024370000446e
0000546800002a30
00004ef1fffff686
00002d2efffff041
0000326900000053
00004599ffffe72c
00002745ffffc20b
fffff6c5ffffd407
fffffaccffffffe5
00001a42ffffff0a
00001233ffffe897
fffffbf2fffffc04
0000172800001bdd
00004485000004ca
00003d3cffffd3cf
00001a2bffffcf67
00001e00ffffe07a
00002f2effffc7bf
00000deaffffa2f5
ffffd98bffffb5ce
ffffd90effffe39a
fffff3e6ffffe614
ffffe7c6ffffd464
ffffce99ffffedb8
ffffe86f00001415
0000161200000377
0000107dffffd840
fffff00fffffd87a
fffff6dbffffece5
00000ab5ffffd662
ffffeb65ffffb31e
ffffb81bffffc760
ffffb7fefffff70a
ffffd2f0fffffc3e
ffffc739ffffee46
ffffaf5b00000c20
ffffcbd40000375a
fffffd9500002b4f
fffffd6d000003bd
ffffe34700000632
fffff09400001b33
00000a7d000003bb
fffff044ffffde5e
ffffc0d2ffffeff7
ffffc35b00001d0a
ffffe0170000203b
ffffd5da00001117
ffffbfbd00002e92
ffffdeb9000059e0
000013fd00004dd0
0000184500002584
0000032000002608
000015650000379f
0000339800001b4e
00001c69fffff004
ffffee6bfffffb32
fffff0cb00002206
00000c0e00001fbe
ffffff8c00000c49
ffffe701000026ac
000003f700004fe0
000037fa00004237
00003bdb0000183e
000026e600001676
00003979000024c9
0000577b00000430
00003f0bffffd3de
00000e5fffffd9cc
00000c8efffffbcb
0000225dfffff5ba
00000fa5ffffdff7
fffff0cbfffff9ae
000007fe000023aa
00003742000017cb
00003799fffff002
00002031fffff033
00003100ffffffd6
00004d5dffffdfb5
000032d2ffffaf22
ffffff27ffffb480
fffff949ffffd638
00000a22ffffd0bf
fffff1ffffffbceb
ffffcde2ffffda1b
ffffe0a1000008f8
00000cc6000002f8
00000b99ffffe16f
fffff439ffffe795
00000642fffffc56
0000247affffe02b
00000bccffffb26a
ffffd979ffffb9c3
ffffd423ffffdd25
ffffe4b9ffffd99e
ffffcbd7ffffc882
ffffa70affffe977
ffffb9c400001d20
ffffe71b00001c98
ffffe8a2000000a3
ffffd57b00000bd0
ffffecef00002471
0000113700000aa0
fffffe92ffffdda2
ffffd1a6ffffe464
ffffd0ac00000654
ffffe47400000120
ffffcdcfffffeeb0
ffffaabe00000f0c
ffffbf4a000042f2
ffffef1400004349
fffff41100002858
ffffe57700003416
0000025400004c3e
00002c6200003083
00001f3a00000008
fffff6de000001ef
fffff90d00001e1f
00000e67000012eb
fffff7ddfffffae1
ffffd3da0000168a
ffffe6fc000046dd
00001582000044ad
000019da000027e2
00000b71000031e3
0000293c000047d7
00005490000028fd
00004875fffff443
0000204efffff0e9
0000215c00000741
00003402fffff637
00001945ffffd906
ffffeff0fffff0c2
fffffd3c00001eb4
0000261000001bac
0000256dffffff42
0000131700000a55
00002e0d0000216c
0000575c0000033b
0000498cffffce60
00001f69ffffca16
00001dafffffdef8
00002c71ffffcc7a
00000cb4ffffae74
ffffdd91ffffc68b
ffffe4cffffff660
000007fefffff6d0
000002bdffffdf2c
ffffed3cffffefcc
0000069500000c91
00002fa5fffff38e
0000227affffc2f0
fffff947ffffc1cc
fffff831ffffd8e7
000006e2ffffc822
ffffe63bffffabeb
ffffb586ffffc676
ffffbafcfffff9cc
ffffdccafffffee8
ffffd727ffffeceb
ffffc2b5000003b2
ffffdeba0000267b
00000beb000012b0
000003e7ffffe5ff
ffffe03fffffe73d
ffffe472ffffff46
fffff7a3ffffee5b
ffffda70ffffd179
ffffac2fffffeb73
ffffb37000001ece
ffffd6eb000024c4
ffffd36d00001465
ffffc21400002d33
ffffe263000051d7
000014fa00003f1e
000013160000122f
fffff5b100001196
ffffff9e00002637
0000176d000010aa
fffffd60ffffee7e
ffffd0c30000032f
ffffd86c000031d7
fffffb9400003412
fffff7a700002101
ffffe64e000037e6
0000076400005af2
00003b9900004659
00003be5000016b8
000020c000001246
00002c5e000021d9
000044b80000064f
000029afffffddc1
fffffa74ffffec53
fffffe1a000015c1
00001c570000141b
0000133cfffffeab
fffffd140000148c
00001a3100003780
00004b7300002325
000049b1fffff380
00002cfbffffee58
000036f3fffffc59
00004d00ffffde8a
00002e93ffffb36e
fffffab5ffffbfc5
fffff8a0ffffe7ea
0000107cffffe666
000000fcffffd2bc
ffffe515ffffebec
fffffda30000134f
00002bcc000003e9
00002861ffffd918
00000b18ffffd819
0000150bffffe94a
00002b03ffffcdb6
00000bf0ffffa430
ffffd695ffffb1fe
ffffd233ffffdc14
ffffe74bffffdd7b
ffffd51cffffcdfb
ffffb73effffec8c
ffffcf1b00001a2e
fffffe2c00001152
fffffd46ffffeca9
ffffe3d6fffff0d6
fffff268000005d4
00000d20ffffec95
fffff253ffffc42a
ffffc05fffffd252
ffffbe6afffffc9b
ffffd528fffffe9f
ffffc450fffff085
ffffa81000001159
ffffc25f000041e2
fffff51800003c11
fffff924000019f8
ffffe5b400001f9f
fffffad300003494
00001bfd000019a5
000006e3ffffee10
ffffd963fffff80b
ffffda7100001dc5
fffff2de00001b79
ffffe2c4000009cb
ffffc6e600002802
ffffe1d2000056ca
000015d800004fb5
00001c1300002c46
00000b9600002fed
00002404000041c3
0000484100002263
0000355bfffff129
000008aefffff4b4
000008ea000013d2
00001ef000000b68
00000b37fffff4ac
ffffeb1400000f36
000001be00003bb5
000032130000336e
0000358200000f5e
000023240000125d
00003a54000022fd
00005d740000018a
000048f8ffffcd62
000019b6ffffcd72
0000160fffffe912
000026e2ffffddcd
00000cf6ffffc56c
ffffe62fffffdfe5
fffff66d00000df9
0000212d000008ad
0000204effffe87a
00000b08ffffef94
00002088000003f2
000042baffffe573
00002d7cffffb350
fffffd15ffffb4a4
fffff77cffffd136
00000574ffffc728
ffffe7f8ffffb0d5
ffffbd63ffffce9b
ffffca360000015b
fffff28c000001e8
fffff0bdffffe841
ffffdc30fffff5f6
fffff3ef00001055
0000197cfffff6b9
00000819ffffc81b
ffffdb68ffffcba8
ffffd8e0ffffe984
ffffe903ffffe05e
ffffccd9ffffcb2a
ffffa31affffeac0
ffffb0d20000203a
ffffdab700002457
ffffdb9a00000eb5
ffffcb220000204c
ffffe84600003dc6
00001426000025f3
0000096cfffff77e
ffffe30dfffff996
ffffe5eb000014b2
fffffa2a0000080e
ffffe0c7ffffef41
ffffb8bb00000bb7
ffffc79100003ee5
fffff29800004198
fffff52b00002b2f
ffffe74600003c24
000007e800005885
000037ea00003e99
0000316e00000cb1
00000ec7000009ef
0000143a00001f0f
0000298400000bd6
00000f84ffffec84
ffffe56700000327
fffff134000031ac
000018d80000310a
0000184c0000187b
000008000000280d
0000271e0000433c
0000565b000027ba
00004f70fffff36c
00002c19ffffed4e
00003007fffffe48
00004285ffffe68e
00002448ffffc303
fffff4a3ffffd655
fffffa10000002f3
00001b1d00000210
0000146cffffeacf
fffffef8fffffcdd
00001a3500001b21
000046d2000002a8
00003e33ffffd0d2
0000198cffffcc53
00001bf5ffffde18
00002c3bffffc6ab
00000ad1ffffa375
ffffd715ffffb7c2
ffffd7ddffffe682
fffff448ffffe932
ffffe9a1ffffd6ec
ffffd174ffffef06
ffffeb90000013d2
000018ac000001b5
000011e6ffffd571
ffffefebffffd557
fffff533ffffea3a
000007f5ffffd4dd
ffffe841ffffb323
ffffb561ffffc8ee
ffffb65ffffff9bb
ffffd2d6ffffff61
ffffc8abfffff10f
ffffb1fb00000dd9
ffffcef600003792
0000006c000029f8
ffffff3f0000012f
ffffe39e00000313
ffffef590000184f
00000801000001d0
ffffed29ffffdde8
ffffbde3fffff116
ffffc15700001f73
ffffdf8400002351
ffffd6dc00001411
ffffc212000030ad
ffffe1c900005a92
0000170000004cec
00001a7600002344
000003f000002300
0000149e00003494
0000316e00001908
00001969ffffef16
ffffeb59fffffbda
ffffee6f00002419
00000b03000022b4
0000001600000f61
ffffe8fc0000291c
000006e200005107
00003b17000041cb
00003e5d0000165b
0000282b00001396
0000392c000021a8
000055b10000019c
00003c39ffffd27e
00000b3dffffd9fa
000009e9fffffd7c
000020e1fffff87f
00000fb5ffffe31b
fffff262fffffc64
00000ab300002540
00003a65000017da
00003a5dffffee86
000021e2ffffed8e
0000312ffffffcb4
00004bfdffffdce2
0000303effffad58
fffffc06ffffb433
fffff669ffffd77c
0000083fffffd342
fffff194ffffc008
ffffcf0affffdd06
ffffe31000000af4
00000fde00000382
00000e8fffffe064
fffff64dffffe53a
000006ebfffff944
0000238dffffdd2b
00000986ffffb040
ffffd66effffb8fd
ffffd11affffddf5
ffffe279ffffdbcf
ffffcaf3ffffcb85
ffffa7bbffffec88
ffffbbdf00001f75
ffffea1400001d9a
ffffebb80000000f
ffffd7e4000009cd
ffffee0d00002182
000010c100000785
fffffca7ffffdb25
ffffcec3ffffe329
ffffcd8d000006ab
ffffe1e5000002f2
ffffcc78fffff187
ffffaaf60000122e
ffffc10300004592
fffff1dd000044bc
fffff7340000283f
ffffe82700003277
000003e200004984
00002c6700002d5f
00001db6fffffd48
fffff43300000046
fffff5ea00001dfb
00000b9900001454
fffff61bfffffd7b
ffffd396000019ab
ffffe849000049b9
0000180a00004689
00001cf800002844
00000e59000030b2
00002b3000004562
00005510000025e3
00004761fffff14f
00001decffffeedd
00001e48000006a2
00003105fffff72e
00001722ffffdb53
ffffef33fffff3d0
fffffe15000021ba
0000284800001de5
000028720000001d
0000162500000999
0000305b00001f4a
000058540000003e
000048efffffcb4b
00001d5effffc7b3
00001abdffffdde3
00002958ffffccf9
00000a3dffffb067
ffffdc5fffffc973
ffffe52ffffff97f
000009d9fffff959
00000599ffffe07a
fffff05dffffef8b
0000093000000ad0
0000310ffffff0c0
00002257ffffbfcd
fffff79fffffbf20
fffff571ffffd761
000003beffffc827
ffffe380ffffad78
ffffb3e6ffffc926
ffffbae2fffffcf0
ffffde3c000001b2
ffffd9c6ffffeea5
ffffc5d6000003ec
ffffe19200002525
00000dbf00001022
0000043fffffe2df
ffffdf05ffffe459
ffffe1f6fffffd59
fffff488ffffede4
ffffd780ffffd296
ffffaa2bffffeddb
ffffb2db000021e4
ffffd7eb000027be
ffffd5c100001681
ffffc52400002de6
ffffe566000050f4
0000172c00003cdf
000013e700000f27
fffff4ec00000e8b
fffffd75000023ef
0000146d00000fbb
fffffa4effffef25
ffffce6700000541
ffffd760000034cd
fffffc1d0000372a
fffff9a200002371
ffffe9390000390f
00000a8100005a88
00003e1c00004477
00003d2a000013d9
0000207400000f25
00002a9400001f43
000041e6000004ee
0000268cffffddee
fffff7ceffffee02
fffffc9d00001885
00001c660000173e
000014d100000161
ffffffc900001624
00001d5500003791
00004e38000021ab
00004b63fffff0db
00002d2affffeb35
00003595fffff986
00004a6dffffdcbe
00002b73ffffb320
fffff7d5ffffc108
fffff6bbffffea6b
0000100fffffe982
00000223ffffd5a8
ffffe784ffffede8
000000bb000013da
00002ec3000002df
00002a75ffffd6bd
00000bc2ffffd507
0000141fffffe64a
000028bdffffcb8b
000008e5ffffa369
ffffd38cffffb2cd
ffffcff2ffffde44
ffffe666ffffe07d
ffffd5cdffffd10c
ffffb958ffffeee2
ffffd21400001b31
00000143000010c0
ffffffb0ffffeaa7
ffffe4f6ffffede7
fffff1f4000002b8
00000b36ffffea18
ffffef70ffffc2ee
ffffbd40ffffd2a7
ffffbbdafffffe6d
ffffd3d000000175
ffffc487fffff3a7
ffffa9c8000013fa
ffffc52800004356
fffff83c00003bf9
fffffbd60000185a
ffffe74300001ce5
fffffada00003170
00001a7a000016e4
00000438ffffec67
ffffd640fffff7e6
ffffd7a200001f2d
fffff11a00001e12
ffffe28000000cec
ffffc83200002ade
ffffe45a000058a7
000018f500005018
00001efb00002b16
00000d8b00002d78
0000248600003eaa
0000472e00001f70
000032faffffef1c
0000059bfffff414
000005ed000014c7
00001ccc00000db4
00000a79fffff7b9
ffffebec0000123c
000003f600003dee
000035180000344a
0000389000000ea4
000025730000103c
00003b4d00002000
00005cd8fffffe76
000046eeffffcafe
000016c4ffffcc5c
000012f5ffffe990
0000246bffffdfbf
00000bc3ffffc853
ffffe68effffe304
fffff84600001083
00002408000009fd
0000236fffffe83a
00000da4ffffedd4
000021f300000125
00004298ffffe250
00002bd6ffffb0a4
fffffa56ffffb31d
fffff458ffffd139
000002b9ffffc8b4
ffffe657ffffb384
ffffbd47ffffd1bf
ffffcba600000426
fffff52b000003a3
fffff3deffffe87c
ffffdf08fffff4a1
fffff5c400000dc7
000019d5fffff39a
000006e0ffffc536
ffffd8edffffc9ba
ffffd5c5ffffe90c
ffffe613ffffe17a
ffffcad4ffffcd91
ffffa284ffffedd5
ffffb1d100002334
ffffdd0a00002673
ffffdea900000f69
ffffce2600001f6a
ffffea7900003b88
000014f9000022ec
000008a8fffff473
ffffe0e5fffff74e
ffffe2ec000013c2
fffff718000008b4
ffffde6afffff152
ffffb7ad00000eac
ffffc819000041fd
fffff49200004409
fffff81600002c59
ffffea6300003bbb
00000a6c000056a4
0000393000003bbb
0000312400000990
00000cfe00000759
0000116800001dad
0000266100000c01
00000cddffffee33
ffffe3e9000005eb
fffff140000034d0
00001a6c000033c1
00001b0100001a14
00000b240000281f
000029e4000041c3
0000580e00002516
00004fa1fffff049
00002abbffffea7a
00002d74fffffc7b
00003f65ffffe63f
00002167ffffc444
fffff2beffffd8d6
fffff9a20000060f
00001c42000004fd
000016daffffeccd
0000020ffffffd6a
00001d2d00001a18
000048e80000004e
00003edeffffcdc0
000018a1ffffc952
000019b0ffffdbec
00002931ffffc5e2
000007c7ffffa442
ffffd4d4ffffb9f1
ffffd6f6ffffe984
fffff4f7ffffec42
ffffebbaffffd943
ffffd46dfffff009
ffffeea700001341
00001b17ffffffb4
00001307ffffd283
ffffef78ffffd23b
fffff34affffe7bc
00000513ffffd3a0
ffffe522ffffb377
ffffb2d0ffffcabe
ffffb505fffffc91
ffffd30c00000284
ffffca62fffff3b1
ffffb4c300000f4e
ffffd21a0000377c
0000031e0000285b
000000cffffffe75
ffffe3a6ffffffef
ffffedd70000158e
0000055700000026
ffffea06ffffddc1
ffffbb14fffff27c
ffffbf930000220b
ffffdf3e00002672
ffffd826000016ee
ffffc4990000328b
ffffe4e700005af7
000019e900004bbd
00001c6c000020d0
0000047300001fe7
0000138d000031a0
00002f0e000016fa
00001655ffffee75
ffffe85bfffffcce
ffffec4b00002665
00000a44000025c1
000000ed00001268
ffffeb3200002b57
000009e7000051e5
00003e2500004112
000040ad0000143b
000029250000109a
0000389100001e93
000053a8ffffff37
00003947ffffd167
00000822ffffda76
00000771ffffff6d
00001fadfffffb65
00001013ffffe63a
fffff43afffffeef
00000d8d00002691
00003d870000179b
00003cfaffffecc7
0000234fffffeac1
0000310efffff990
00004a58ffffda35
00002d80ffffabd0
fffff8e2ffffb435
fffff3acffffd906
0000069dffffd5f0
fffff177ffffc32c
ffffd079ffffdfd1
ffffe5ae00000cb0
00001300000003be
00001168ffffdf10
fffff822ffffe2ae
00000745fffff625
00002255ffffda46
0000070cffffae52
ffffd353ffffb884
ffffce2affffdf10
ffffe072ffffde35
ffffca5bffffce9b
ffffa8b9ffffef82
ffffbe3100002192
ffffed2300001e50
ffffeebcffffff2f
ffffda180000078f
ffffeee100001e7a
00000fff00000479
fffffa80ffffd8dc
ffffcbc4ffffe238
ffffca7a00000750
ffffdf8700000502
ffffcb6afffff47c
ffffab7d00001547
ffffc2fc00004804
fffff4c8000045e7
fffffa51000027d7
ffffeaac00003097
0000052a000046a6
00002c1e00002a3f
00001beffffffab1
fffff162fffffee3
fffff2c700001e25
000008f100001601
fffff49c0000003e
ffffd3a200001ccf
ffffe9dc00004c71
00001abe00004822
0000201b00002857
0000111f00002f3a
00002ce4000042bf
00005543000022c1
00004604ffffee7b
00001b59ffffed10
00001b2800000651
00002e24fffff86e
0000153cffffddd3
ffffeec4fffff6ec
ffffff39000024a7
00002ab500001fe4
00002b8a000000ab
0000191d00000892
0000327100001cf1
00005900fffffd2d
00004805ffffc84a
00001b1affffc586
000017b2ffffdd19
0000264effffcdc5
000007fbffffb295
ffffdb77ffffcc75
ffffe5ddfffffc8f
00000bf0fffffbb0
00000891ffffe17f
fffff374ffffeefb
00000b9b000008d0
00003231ffffedd2
000021e6ffffbcb1
fffff5b7ffffbca1
fffff28fffffd623
0000009effffc879
ffffe0efffffaf47
ffffb28cffffcbfc
ffffbb1600000012
ffffdff100000454
ffffdc8efffff01b
ffffc8fa000003d6
ffffe44400002389
00000f5000000d69
00000449ffffdfbc
ffffdd84ffffe197
ffffdf4dfffffbae
fffff165ffffedbc
ffffd4b0ffffd3fb
ffffa865fffff073
ffffb29400002504
ffffd93500002a9b
ffffd8470000185f
ffffc84100002e4c
ffffe84f00004fc7
0000192300003a6c
0000146c00000c0e
fffff3db00000b97
fffffb16000021e1
0000115a00000f19
fffff750fffff018
ffffcc410000078c
ffffd6a0000037da
fffffcf300003a31
fffffbd7000025ac
ffffec3d000039ed
00000d90000059d0
0000406d00004258
00003e26000010de
00001fdb00000c10
0000288d00001cde
00003ef5000003d5
00002372ffffde6a
fffff555ffffeff2
fffffb6800001b6b
00001cc200001a5d
000016a9000003ec
000002a200001775
0000207700003753
000050d500001fed
00004cd0ffffee0f
00002d0bffffe812
000033f1fffff6d9
000047afffffdb36
0000284fffffb320
fffff518ffffc291
fffff518ffffed19
00000ff1ffffeca6
00000391ffffd874
ffffea21ffffefa6
000003dc00001417
0000319c0000018d
00002c4bffffd432
00000c1effffd1e8
000012e9ffffe364
00002644ffffc99c
000005caffffa2ee
ffffd09bffffb3e6
ffffcdebffffe0aa
ffffe5cdffffe392
ffffd6c9ffffd407
ffffbba9fffff100
ffffd52300001be8
0000044700000fe1
000001e5ffffe86b
ffffe5cbffffeae0
fffff133ffffffac
00000910ffffe7ce
ffffec72ffffc1fb
ffffba2dffffd34b
ffffb97b0000007c
ffffd2c00000046a
ffffc50cfffff6c0
ffffabbf0000166d
ffffc81200004482
fffffb5900003b92
fffffe5b0000167b
ffffe88c00001a07
fffffa9200002e4f
000018b40000144d
00000168ffffeb02
ffffd31efffff80f
ffffd4fa000020d9
ffffef9a000020d4
ffffe28a00001010
ffffc9c400002d97
ffffe70d00005a41
00001c190000502d
000021c20000299f
00000f4000002ad5
000024b900003b87
000045d300001c9b
00003068ffffed4e
0000027bfffff3c2
0000030b00001607
00001ae500001034
00000a08fffffad5
ffffed0f0000152a
0000066200003fee
0000382f000034d9
00003b8800000d9e
0000278a00000de4
00003bfb00001cef
00005beffffffb74
000044abffffc8d1
000013bbffffcb90
00000febffffea5b
00002228ffffe1ec
00000adaffffcb54
ffffe73bffffe615
fffffa5d000012dc
000026ff00000b03
00002686ffffe7ab
00001010ffffebd4
00002316fffffe37
00004228ffffdf34
000029efffffae24
fffff774ffffb1de
fffff138ffffd18b
00000027ffffca82
ffffe4fbffffb659
ffffbd7affffd4e1
ffffcd5b000006c8
fffff7f20000051a
fffff702ffffe868
ffffe1bbfffff307
fffff75600000b0f
000019e0fffff076
00000560ffffc274
ffffd645ffffc80e
ffffd2a2ffffe8e2
ffffe342ffffe2de
ffffc90effffd029
ffffa23bfffff0f6
ffffb31a00002612
ffffdf8f00002853
ffffe1c700000fd0
ffffd11000001e3e
ffffec7100003916
0000157e00001fd3
00000799fffff17e
ffffde87fffff53e
ffffdfd90000131f
fffff419000009a6
ffffdc44fffff39c
ffffb6ec000011b8
ffffc8ed00004505
fffff6c600004646
fffffb1a00002d39
ffffed7200003b04
00000cbe00005486
00003a2d000038c0
0000308b0000067b
00000af7000004f3
00000e7700001c93
0000234600000c7c
00000a63fffff021
ffffe2b2000008d0
fffff19c000037ee
00001c430000364d
00001dda00001b67
00000e45000027e2
00002c8200004006
0000597d0000224a
00004f83ffffed26
00002918ffffe7cc
00002ab7fffffaf2
00003c41ffffe63e
00001ea9ffffc5cd
fffff11affffdb83
fffff98200000933
00001daf000007c9
00001976ffffee8b
00000531fffffda8
00002006000018c7
00004abffffffdc3
00003f3bffffcaa2
0000176cffffc66c
00001737ffffd9fc
00002617ffffc566
000004d6ffffa55b
ffffd2ccffffbc56
ffffd65cffffec99
fffff5f3ffffef3e
ffffee0affffdb62
ffffd77cfffff0c2
fffff1ac00001263
00001d4dfffffd78
000013ddffffcf7c
ffffeeb8ffffcf2e
fffff124ffffe571
00000215ffffd2ac
ffffe20fffffb419
ffffb071ffffcccd
ffffb3f4ffffff85
ffffd3900000059d
ffffcc59fffff624
ffffb7ad0000107c
ffffd53700003716
000005a40000267d
00000219fffffb98
ffffe360fffffcce
ffffec12000012f6
00000287fffffec0
ffffe6e3ffffdde9
ffffb86bfffff428
ffffbe12000024cd
ffffdf4700002996
ffffd9b7000019a7
ffffc74b00003426
ffffe80b00005b0c
00001cb000004a47
00001e2200001e2e
000004a700001cc4
0000123200002ecb
00002c7d0000152a
00001335ffffee21
ffffe579fffffe0d
ffffea62000028e3
000009d2000028dd
0000020e00001556
ffffed9e00002d57
00000cfe00005275
0000411e0000400e
000042c5000011e4
000029d400000d89
000037aa00001b92
00005166fffffd09
0000363effffd09a
00000518ffffdb40
0000052d00000199
00001ec3fffffe66
000010beffffe94b
fffff65000000148
0000108500002798
0000409e0000170e
00003f67ffffeac9
00002473ffffe7d4
0000309ffffff674
00004872ffffd7b5
00002a9effffaa8f
fffff5c3ffffb485
fffff11affffdad4
00000540ffffd8c4
fffff1a8ffffc64e
ffffd22dffffe275
ffffe87400000e28
00001624000003ab
0000141cffffdd77
fffff9b6ffffdff6
00000751fffff301
000020d7ffffd783
00000464ffffaca4
ffffd030ffffb859
ffffcb59ffffe073
ffffdeabffffe0cc
ffffca12ffffd1bb
ffffaa01fffff261
ffffc0b600002372
fffff04100001eb8
fffff1a6fffffe04
ffffdc110000051e
ffffef6800001b61
00000ef100000184
fffff822ffffd6cc
ffffc8b1ffffe193
ffffc77b00000840
ffffdd600000074c
ffffcaa7fffff788
ffffac500000184f
ffffc52f00004a42
fffff7cc000046c8
fffffd6100002722
ffffecff00002e7a
00000628000043ab
00002b8700002729
000019e9fffff84a
ffffee72fffffdc7
ffffefac00001e9e
00000677000017ef
fffff36400000323
ffffd3fc00001fed
ffffebb100004efd
00001d9700004976
0000233d0000281b
000013be00002d7e
00002e5300003ff4
0000552600001f9d
00004462ffffebcc
0000189dffffeb85
000018040000064f
00002b66fffff9f6
00001397ffffe080
ffffeea3fffffa0f
000000a500002774
00002d51000021a3
00002eab000000ea
00001bf700000742
0000344a00001a67
0000595ffffffa0e
000046d1ffffc563
000018a3ffffc395
00001498ffffdc9c
0000235cffffcedd
000005f2ffffb4fa
ffffdadcffffcf89
ffffe6d7ffffff8b
00000e40fffffdd0
00000b9fffffe239
fffff679ffffee1e
00000dd200000695
00003308ffffeacc
00002127ffffb9a4
fffff393ffffba55
ffffef92ffffd52e
fffffd8bffffc91a
ffffde8effffb154
ffffb17affffceef
ffffbb990000032b
ffffe1e7000006c8
ffffdf76fffff14a
ffffcc1800000372
ffffe6cb000021ac
0000109b00000a8d
00000403ffffdc9b
ffffdbc0ffffdefe
ffffdc7efffffa47
ffffee42ffffede2
ffffd207ffffd5a6
ffffa6e3fffff334
ffffb29c00002828
ffffdac400002d55
ffffdaf9000019fc
ffffcb6500002e63
ffffeb1800004e52
00001ada000037cb
000014a1000008eb
fffff282000008c1
fffff88600002010
00000e3b00000ec4
fffff46dfffff155
ffffca5800000a09
ffffd62c00003af5
fffffe1300003d20
fffffe41000027ae
ffffef5400003a7f
00001089000058cc
0000428600004002
00003ed600000dcd
00001ef40000090e
0000264b00001aaf
00003bec00000308
00002067ffffdf32
fffff310fffff21e
fffffa7c00001e6c
00001d6d00001d6f
000018be00000646
0000059a0000187e
0000238e000036c7
0000534300001df0
00004df6ffffeb23
00002c9dffffe4f6
0000320bfffff458
000044ceffffd9f4
0000252fffffb370
fffff285ffffc45d
fffff3baffffefed
00001022ffffefc8
00000544ffffdb18
ffffece7fffff11f
0000070000001405
00003451fffffff4
00002de0ffffd17b
00000c2bffffcec4
0000116bffffe0a1
0000239dffffc7ed
000002a8ffffa2c2
ffffcdc9ffffb548
ffffcc22ffffe33f
ffffe582ffffe6b3
ffffd80fffffd6e6
ffffbe2dfffff2e2
ffffd84000001c51
0000073200000eb7
000003dfffffe5fa
ffffe653ffffe7c7
fffff026fffffcb6
000006b3ffffe5bc
ffffe95fffffc155
ffffb72dffffd43a
ffffb753000002c4
ffffd1fc00000776
ffffc5defffff9c8
ffffadf2000018ab
ffffcb1500004564
fffffe6800003ade
000000ae0000145e
ffffe98b0000170d
fffff9fc00002b39
000016af000011e5
fffffe78ffffe9e6
ffffd003fffff886
ffffd27f000022c6
ffffee61000023b9
ffffe2e30000132f
ffffcb9800003024
ffffe9e500005b96
00001f3b00004ff2
00002461000027e4
000010b00000280b
0000249d00003864
00004432000019eb
00002dadffffebc2
ffffff57fffff3bf
0000004c0000178d
0000193e000012e0
000009e6fffffdf8
ffffee7a000017f7
000008fd000041ae
00003b500000351a
00003e6300000c4f
0000296400000b5a
00003c5a000019d1
00005abcfffff88d
00004234ffffc6df
000010a1ffffcb12
00000cf9ffffeb71
0000201effffe450
00000a3effffce69
ffffe834ffffe911
fffffcac000014fd
00002a0d00000bbd
0000298bffffe6cf
00001247ffffe99b
000023eefffffb31
0000416affffdc27
000027ccffffabd8
fffff477ffffb0e8
ffffee24ffffd22b
fffffdc6ffffcc8f
ffffe3e8ffffb94d
ffffbdfbffffd7fa
ffffcf500000093d
fffffada0000064a
fffffa20ffffe805
ffffe443fffff12a
fffff8a200000833
0000199cffffed55
0000039dffffbfda
ffffd376ffffc6a6
ffffcf7fffffe908
ffffe098ffffe488
ffffc78bffffd2e9
ffffa242fffff41a
ffffb4a9000028cc
ffffe241000029f1
ffffe4ea00000fe8
ffffd3d900001cca
ffffee2900003675
000015b500001cb1
00000641ffffeea7
ffffdbf7fffff36d
ffffdcb9000012c9
fffff13600000ae2
ffffda59fffff619
ffffb677000014d4
ffffca0d000047f3
fffff93000004848
fffffe3100002dcb
fffff06b00003a01
00000ed700005230
00003ade000035af
00002fa600000378
000008b7000002c3
00000b6e00001bc4
0000203c00000d43
0000081dfffff24c
ffffe1c600000bd0
fffff24500003b00
00001e57000038a8
000020d000001c70
0000115d00002757
00002ef000003e0a
00005aa300001f5e
00004f16ffffea09
00002734ffffe54a
000027d7fffff9ae
00003921ffffe68c
00001c16ffffc798
ffffefbbffffde57
fffff9b200000c55
00001f6100000a6e
00001c3cfffff006
00000855fffffd98
000022bb00001730
00004c55fffffb0d
00003f4affffc77e
000015efffffc3a8
00001491ffffd84c
000022f4ffffc539
00000204ffffa6bc
ffffd102ffffbeeb
ffffd610ffffefba
fffff738fffff21d
fffff08dffffdd44
ffffda99fffff12c
fffff4970000113b
00001f47fffffb08
00001466ffffcc64
ffffedacffffcc38
ffffeec8ffffe35f
ffffff02ffffd205
ffffdf0fffffb508
ffffae48ffffcf14
ffffb32f00000290
ffffd461000008a5
ffffce8bfffff863
ffffbab00000115f
ffffd84700003663
000007f800002462
0000031afffff89e
ffffe2cbfffff9b8
ffffea0e0000108e
ffffff98fffffda2
ffffe3c8ffffde60
ffffb5effffff614
ffffbcd8000027b1
ffffdf9f00002cb5
ffffdb8a00001c35
ffffca230000357d
ffffeb2d00005ad3
00001f500000488d
00001f9400001b64
0000048d000019a1
0000109300002c1b
000029c20000139d
00001011ffffee1d
ffffe2b9ffffff92
ffffe8bb00002b8e
000009ae00002c00
0000037800001823
fffff03800002f18
0000101f000052b7
000043f900003ec0
000044a000000f5b
00002a3400000a6b
00003678000018aa
00004ef0fffffb16
00003324ffffd01b
00000226ffffdc55
00000322000003fc
00001e250000017b
000011b6ffffec48
fffff89e0000036a
0000139300002854
000043a400001633
0000419fffffe890
0000254cffffe4cf
00002fe3fffff367
0000464fffffd567
000027a1ffffa998
fffff2aeffffb524
ffffeeb8ffffdcdf
0000042cffffdbb7
fffff229ffffc968
ffffd421ffffe4eb
ffffeb5c00000f59
000019420000034a
000016a4ffffdb9b
fffffb03ffffdd1b
0000070effffefe0
00001f15ffffd4e8
00000196ffffab3b
ffffcd0dffffb87d
ffffc8aeffffe21b
ffffdd27ffffe38c
ffffca17ffffd4df
ffffab8efffff51b
ffffc36600002511
fffff36400001ed1
fffff470fffffc91
ffffddca0000027e
ffffefa00000183f
00000d9afffffead
fffff594ffffd4f9
ffffc592ffffe13c
ffffc4970000097b
ffffdb75000009c8
ffffca31fffffaa3
ffffad6e00001b3e
ffffc79800004c45
fffffae20000475c
0000005a00002621
ffffef1900002c25
000006da0000409b
00002aa300002426
000017a9fffff619
ffffeb69fffffcf7
ffffeca100001f64
0000043000001a19
fffff27700000623
ffffd4a400002300
ffffedc400005159
0000208d00004a81
0000265500002791
0000162d00002b83
00002f7b00003d08
000054ba00001c81
0000427fffffe94a
000015bdffffea41
000014e40000069c
000028d1fffffbc0
00001236ffffe352
ffffeed1fffffd32
0000025600002a1a
000030160000231f
000031cf000000db
00001ead000005ac
000035e0000017b1
0000596efffff6eb
00004556ffffc29f
000015fdffffc1e4
00001176ffffdc6d
00002089ffffd03d
00000427ffffb78e
ffffda8fffffd2aa
ffffe81b0000026b
000010c2ffffffb4
00000ebcffffe2a4
fffff965ffffecf6
00000fce00000426
00003392ffffe7b4
0000201cffffb6ad
fffff137ffffb842
ffffec7fffffd485
fffffa8affffca08
ffffdc64ffffb39b
ffffb0b3ffffd1fa
ffffbc6800000634
ffffe41800000908
ffffe279fffff22e
ffffcf28000002c1
ffffe92000001f91
0000119d00000793
00000370ffffd984
ffffd9bdffffdc95
ffffd98ffffff928
ffffeb27ffffee58
ffffcf8affffd791
ffffa5a8fffff618
ffffb2f300002b47
ffffdc9700002fe4
ffffddd000001b53
ffffce8700002e2b
ffffedb800004c99
00001c4d00003502
00001488000005c8
fffff0e300000610
fffff5cb00001e82
00000b1700000ebe
fffff1adfffff2d9
ffffc8af00000cb4
ffffd60800003e19
ffffff7c00003fee
000000db00002970
fffff27500003ac2
000013640000577f
0000446100003d7a
00003f3800000aaf
00001dc400000626
000023d6000018bb
000038d200000287
00001d74ffffe046
fffff105fffff480
fffff9de00002180
00001e640000206c
00001b0b00000869
000008a70000193b
00002694000035ed
0000557c00001bb8
00004ed0ffffe81d
00002be2ffffe1e8
00002feafffff209
000041d2ffffd8fc
0000221bffffb40d
fffff022ffffc668
fffff2a5fffff2e0
000010a1fffff2e2
00000737ffffdd8e
ffffefcefffff251
00000a1e000013a5
000036dafffffe1a
00002f2effffcea0
00000be9ffffcba3
00000faaffffde06
000020d0ffffc683
ffffff85ffffa2e5
ffffcb1dffffb6f0
ffffca9dffffe5ff
ffffe586ffffe9d7
ffffd99cffffd9a1
ffffc0ddfffff482
ffffdb6300001c6c
000009fc00000d45
00000599ffffe35a
ffffe68cffffe4a6
ffffeed0fffff9df
00000425ffffe3e9
ffffe640ffffc0fd
ffffb449ffffd574
ffffb56700000540
ffffd18500000a91
ffffc6fbfffffcb8
ffffb05a00001ab0
ffffce2b000045f9
00000162000039de
000002ca0000120a
ffffea3e000013fd
fffff91900002836
0000147000000fb3
fffffb70ffffe915
ffffccf7fffff94b
ffffd037000024ef
ffffed72000026b8
ffffe38a00001642
ffffcdaa00003280
ffffecdb00005ca3
0000225300004f6a
000026d2000025ea
000011d900002520
0000243300003547
0000425000001768
00002acdffffea7d
fffffc37fffff40b
fffffdb700001956
000017dd000015b2
00000a130000011b
fffff02a00001a9d
00000bc10000432b
00003e740000350c
0000411900000aba
00002afb000008a5
00003c6b000016ad
00005942fffff5c8
00003f8fffffc52d
00000d7effffcae3
00000a26ffffecd0
00001e52ffffe6e3
000009efffffd189
ffffe977ffffebf1
ffffff2d000016e1
00002d2a00000c2a
00002c78ffffe5a9
00001444ffffe72c
0000247afffff819
00004060ffffd930
00002571ffffa9c3
fffff165ffffb03e
ffffeb24ffffd317
fffffb9bffffced4
ffffe321ffffbc57
ffffbecaffffdb03
ffffd18000000b7e
fffffddd0000072f
fffffd30ffffe754
ffffe699ffffef11
fffff9a50000053a
00001909ffffea3f
0000019bffffbd70
ffffd087ffffc586
ffffcc64ffffe97c
ffffde1affffe672
ffffc64effffd5cc
ffffa298fffff739
ffffb67a00002b5c
ffffe51700002b49
ffffe80c00000fb1
ffffd67a00001b13
ffffef9d000033ac
0000159d0000198d
000004a3ffffebf6
ffffd93dfffff1de
ffffd995000012c2
ffffee7500000c65
ffffd8b0fffff8c4
ffffb652000017f7
ffffcb7400004ac2
fffffbc900004a0c
0000015200002e10
fffff348000038b6
000010b400004fa9
00003b4100003292
00002e7700000090
00000642000000ce
0000085500001b43
00001d4800000e56
00000611fffff4ad
ffffe12600000ee4
fffff33b00003dfe
000020a300003acc
000023de00001d2e
000014640000267f
0000312a00003bd3
00005b7f00001c59
00004e5cffffe6fb
00002513ffffe2fb
000024dafffff8b5
0000360cffffe728
000019b2ffffc9a2
ffffeea4ffffe149
fffffa2f00000f6f
0000215300000ce5
00001f22fffff139
00000b73fffffd39
0000254500001556
00004da4fffff832
00003f09ffffc45d
0000142fffffc10c
000011c4ffffd6e1
00001fd1ffffc55b
ffffff57ffffa862
ffffcf7cffffc1aa
ffffd613fffff2de
fffff8c4fffff4d9
fffff33dffffdee5
ffffddbcfffff148
fffff76100000fca
00002102fffff869
000014a0ffffc942
ffffec58ffffc960
ffffec3bffffe18a
fffffbe3ffffd1ac
ffffdc2affffb640
ffffac5affffd18f
ffffb2b7000005ab
ffffd57d00000b95
ffffd0f2fffffa68
ffffbdc6000011f5
ffffdb4200003565
00000a150000220f
000003cefffff58f
ffffe1e9fffff6b4
ffffe7d000000e5b
fffffc90fffffcd0
ffffe0bcffffdf23
ffffb3a6fffff83c
ffffbbe800002ab0
ffffe04400002fc7
ffffdd9c00001e92
ffffcd180000368a
ffffee4500005a4c
000021c100004694
000020be0000187a
0000042400001684
00000eb100002997
000026e300001257
00000cf1ffffee67
ffffe0230000015a
ffffe75900002e60
000009da00002f23
0000052700001aca
fffff2fc00003096
00001343000052aa
000046b000003d2b
0000463800000ca6
00002a4600000748
000034ff000015e4
00004c4cfffff963
00003001ffffcfea
ffffff52ffffddb3
000001550000068f
00001dd60000049b
000012f8ffffef28
fffffb1f0000054f
000016af000028c2
000046900000150e
0000439cffffe622
000025d9ffffe1b7
00002edafffff070
000043f6ffffd352
00002490ffffa8ed
ffffefaeffffb60f
ffffec8cffffdf24
00000363ffffdec2
fffff2f6ffffcc71
ffffd650ffffe72c
ffffee5e00001040
00001c520000029a
000018fbffffd983
fffffc07ffffda22
0000067dffffecc9
00001d14ffffd27e
fffffea8ffffaa1a
ffffc9f2ffffb8f0
ffffc630ffffe404
ffffdbe9ffffe66e
ffffca6bffffd7ff
ffffad5ffffff7ac
ffffc63c0000266b
fffff68600001e9c
fffff711fffffada
ffffdf3fffffffb6
ffffef890000151c
00000bfdfffffbfb
fffff2daffffd369
ffffc26effffe134
ffffc1d600000afd
ffffd9ca00000c71
ffffca0afffffdc6
ffffaed500001e0d
ffffca3100004e09
fffffe03000047a1
00000337000024d6
fffff0f70000299e
0000073e00003d7d
000029750000213d
00001535fffff423
ffffe850fffffc75
ffffe9ad00002076
0000022200001c79
fffff1d500000936
ffffd599000025fe
fffff0100000537d
0000239a00004b41
0000295c000026ba
000018680000294d
0000305800003a03
0000540100001972
0000405fffffe6fa
000012c2ffffe946
000011cf00000737
0000266dfffffdc9
0000111fffffe644
ffffef4e0000004c
0000044700002c92
000032fc00002453
000034ed0000007d
00002137000003d3
00003731000014d7
0000592ffffff3c9
00004397ffffc002
00001331ffffc078
00000e52ffffdc8e
00001dddffffd1e2
000002a0ffffba4c
ffffda90ffffd5ce
ffffe9a600000528
0000137100000156
000011dfffffe2c2
fffffc30ffffeb87
0000118a00000188
000033ceffffe492
00001ec8ffffb3d5
ffffeeabffffb66d
ffffe961ffffd42b
fffff7a5ffffcb3f
ffffda76ffffb615
ffffb03affffd515
ffffbd8300000924
ffffe67f00000b0f
ffffe58ffffff2c5
ffffd223000001c3
ffffeb3d00001d3f
0000125200000484
0000028fffffd680
ffffd780ffffda61
ffffd687fffff855
ffffe81bffffef1a
ffffcd41ffffd9b8
ffffa4b7fffff916
ffffb39700002e5a
ffffdea700003242
ffffe0c500001c62
ffffd19f00002da4
fffff02a00004aa0
00001d7800003217
00001420000002ab
ffffef030000038b
fffff2ed00001d3b
000007f600000f08
ffffef16fffff4a1
ffffc74c00000f85
ffffd6320000413b
0000012a00004296
0000039e00002aef
fffff59900003ab7
0000161c000055ec
000045fb00003ac6
00003f4b0000078c
00001c4b00000360
0000213200001707
000035b000000255
00001aa0ffffe1a3
ffffef37fffff712
fffff98d000024a0
00001fa40000234d
00001d8b00000a4f
00000bc3000019aa
00002981000034c9
0000577b0000194b
00004f5effffe506
00002adbffffdef0
00002d91ffffeff3
00003ec1ffffd850
00001f19ffffb4f7
ffffedf5ffffc8ac
fffff1dbfffff5ea
0000116dfffff5ec
00000965ffffdfd1
fffff2d0fffff339
00000d2f000012f7
00003931fffffc03
00003033ffffcba7
00000b59ffffc88c
00000daaffffdb9a
00001de2ffffc561
fffffc69ffffa357
ffffc89fffffb8d8
ffffc95effffe8e1
ffffe5d9ffffecf6
ffffdb6bffffdc32
ffffc3b2fffff5dd
ffffde8500001c38
00000c9e00000b90
0000070fffffe093
ffffe677ffffe182
ffffed34fffff72c
0000016cffffe257
ffffe31cffffc0f4
ffffb187ffffd6f5
ffffb3bb000007e8
ffffd15d00000db4
ffffc861ffffff88
ffffb2f200001c75
ffffd14c00004640
0000044000003894
000004a800000f84
ffffeaa4000010e0
fffff7ec0000254d
000011fd00000dbc
fffff857ffffe890
ffffca03fffffa5c
ffffce280000274e
ffffecd0000029cc
ffffe47d00001940
ffffcff5000034a6
ffffefe700005d63
0000255a00004e94
0000290d000023b4
000012b80000221b
0000237b00003238
0000403100001517
000027d2ffffe981
fffff922fffff4a4
fffffb5200001b5e
000016c4000018a3
00000a8e00000435
fffff21a00001d16
00000ea700004460
00004193000034af
000043a4000008e2
00002c4d000005cc
00003c2d0000138c
00005784fffff32b
00003cc3ffffc3bf
00000a5bffffcb02
00000778ffffee74
00001ccaffffe9a1
000009f0ffffd4ad
ffffeb00ffffeeae
000001db00001884
0000304d00000c49
00002f43ffffe43b
00001601ffffe48f
000024b7fffff4f8
00003f0effffd657
000022e5ffffa7ed
ffffee46ffffafe2
ffffe83effffd44d
fffff9acffffd14e
ffffe2a6ffffbf72
ffffbfe4ffffddf4
ffffd3e500000d85
000000f2000007c8
0000002bffffe657
ffffe8b7ffffecbf
fffffa5c0000022b
0000182affffe73a
ffffff5fffffbb3c
ffffcd80ffffc4b1
ffffc957ffffea3d
ffffdbd0ffffe898
ffffc55cffffd8cb
ffffa33bfffffa4c
ffffb88900002dbb
ffffe80c00002c59
ffffeb2500000f2c
ffffd8ec0000191b
fffff0ca000030c2
0000153700001670
000002c4ffffe971
ffffd660fffff095
ffffd6750000130a
ffffebde00000e2b
ffffd74bfffffb94
ffffb67b00001b1a
ffffcd2100004d6b
fffffe8c00004b8c
0000047500002e06
fffff60000003724
0000124f00004cf6
00003b5600002f6e
00002d00fffffdc9
0000039fffffff19
0000053300001b0f
00001a7300000fb1
00000442fffff73f
ffffe0d400001204
fffff47a000040df
0000232200003cb3
000026fa00001d9f
000017510000255c
0000332a00003967
00005c0e00001942
00004d56ffffe403
000022bbffffe0e4
000021c9fffff808
0000330bffffe811
00001784ffffcbe5
ffffedd9ffffe453
fffffafa00001279
0000238000000f28
00002224fffff222
00000e84fffffc8c
0000279e0000133f
00004eaafffff53a
00003e7affffc146
00001230ffffbea0
00000ed7ffffd5be
00001cb5ffffc5cb
fffffcd8ffffaa49
ffffce3cffffc48c
ffffd665fffff5fd
fffffa92fffff76b
fffff611ffffe041
ffffe0defffff115
fffffa0400000e15
0000227afffff5a3
0000148cffffc61f
ffffeabdffffc6ad
ffffe983ffffdff8
fffff8c0ffffd1a1
ffffd968ffffb7c0
ffffaaaeffffd437
ffffb28e000008ce
ffffd6e100000e66
ffffd389fffffc2f
ffffc0e60000123e
ffffde1f0000341c
00000bf400001f89
00000435fffff272
ffffe0bdfffff3ca
ffffe55d00000c63
fffff977fffffc4b
ffffddc7ffffe033
ffffb197fffffa9a
ffffbb4400002dc4
ffffe137000032c6
ffffdfe6000020b8
ffffd0250000374c
fffff14c00005977
000023fd0000445f
0000219e00001575
0000036d00001375
00000c9300002745
000023e80000115a
000009dcffffef00
ffffddbd00000361
ffffe63f00003151
00000a540000323e
0000071600001d44
fffff5e1000031cd
000016620000524f
0000493c00003b55
0000478b000009cd
00002a0a00000426
0000334200001347
00004980fffff7f4
00002cdeffffd008
fffffca4ffffdf56
ffffffcc0000094c
00001dd5000007bf
00001480fffff1e6
fffffdcc000006f3
000019d2000028e2
0000495d000013a1
0000455bffffe386
00002617ffffde96
00002d89ffffed96
0000416affffd17b
00002171ffffa890
ffffecc8ffffb744
ffffea9cffffe19d
000002e7ffffe1dc
fffff40effffcf62
ffffd8b5ffffe934
fffff173000010da
00001f4e0000019f
00001b1affffd732
fffffcbfffffd713
0000059fffffe9c4
00001ad8ffffd048
fffffba1ffffa944
ffffc6e5ffffb9b0
ffffc3e5ffffe629
ffffdaf6ffffe96c
ffffcb0dffffdb12
ffffaf6dfffffa0b
ffffc9300000277c
fffff99f00001e18
fffff985fffff8e4
ffffe06cfffffccc
ffffef24000011fe
00000a1ffffff975
ffffeffdffffd21f
ffffbf4dffffe17a
ffffbf3e00000cc2
ffffd86400000f41
ffffca32000000e9
ffffb080000020b6
ffffccf300004f8a
0000012600004798
000005f000002345
fffff293000026ec
0000075400003a5a
000027ff00001e76
00001293fffff26d
ffffe52efffffc40
ffffe6d8000021d0
0000005300001f0a
fffff18200000c56
ffffd6d7000028e0
fffff28f00005566
000026b600004bb2
00002c4a00002599
00001a68000026e1
000030e8000036ec
000052fc0000167a
00003e08ffffe4e2
00000fb1ffffe898
00000ecd0000081e
0000243e0000000b
00001052ffffe94e
fffff01700000356
0000067300002ed6
000035fd0000253d
000037ffffffffd1
00002390000001bd
00003838000011e0
000058a1fffff0b2
00004198ffffbd95
00001044ffffbf53
00000b36ffffdcfd
00001b5cffffd3c8
0000015fffffbd2d
ffffdae1ffffd8ed
ffffeb73000007ba
00001645000002b3
00001502ffffe290
fffffed3ffffe9d3
00001302fffffec1
000033bbffffe16e
00001d2fffffb121
ffffebf3ffffb4d9
ffffe63dffffd41f
fffff4e2ffffccbe
ffffd8c9ffffb8bc
ffffb00fffffd838
ffffbee600000bf5
ffffe91500000cd6
ffffe8affffff30f
ffffd5010000007b
ffffed1e00001aba
000012ba00000167
00000164ffffd396
ffffd50effffd868
ffffd36ffffff7ce
ffffe525fffff028
ffffcb31ffffdc16
ffffa412fffffc29
ffffb48800003159
ffffe0f000003469
ffffe3d100001d25
ffffd4a700002cd1
fffff2670000486d
00001e5800002f14
0000136bffffff9c
ffffece600000139
ffffeff300001c3d
000004e100000f9f
ffffecaffffff6a7
ffffc63100001276
ffffd6ab00004456
0000031800004510
0000068300002c27
fffff8b800003a5c
000018a900005417
0000474f000037ed
00003f0f0000046a
00001a90000000c1
00001e6700001597
0000328c00000272
000017f1ffffe345
ffffedacfffff9ce
fffff98b000027c4
0000212b0000260b
0000203800000bf5
00000ee6000019cb
00002c4e0000335d
0000593a000016af
00004f9effffe1e4
0000298affffdc16
00002b06ffffee1b
00003ba2ffffd7f1
00001c33ffffb62b
ffffec04ffffcb24
fffff15efffff904
00001284fffff8de
00000bc9ffffe1da
fffff5e5fffff3d4
0000102b000011fd
00003b51fffff9b3
000030ecffffc899
00000a7cffffc587
00000b6fffffd964
00001adbffffc48a
fffff95cffffa416
ffffc653ffffbafc
ffffc86affffebdf
ffffe67afffff00a
ffffdd79ffffde92
ffffc6a6fffff6ef
ffffe19f00001bb5
00000f120000099a
0000083effffddaa
ffffe613ffffde64
ffffeb57fffff4a5
fffffe90ffffe10c
ffffdffbffffc139
ffffaeefffffd8b9
ffffb25400000ab8
ffffd184000010d7
ffffca0b00000231
ffffb5b300001df7
ffffd47000004638
000006f900003704
0000064500000cd3
ffffeabb00000dbc
fffff67700002285
00000f5c00000c05
fffff535ffffe85b
ffffc72dfffffbb5
ffffcc58000029de
ffffec7c00002ceb
ffffe5ba00001c23
ffffd2730000368f
fffff30300005dd6
0000284800004d74
00002b0f0000214a
0000134900001f04
0000227800002f3f
00003dda000012fe
000024c1ffffe8d1
fffff61ffffff58b
fffff92200001d9f
000015f700001bac
00000b5700000740
fffff44500001f5b
000011a80000454c
000044a400003404
000045fe000006cd
00002d55000002d5
00003ba100001074
00005586fffff0bd
000039d6ffffc29a
0000073effffcb70
000004f7fffff059
00001b88ffffec81
00000a3fffffd7cd
ffffecccfffff142
000004af000019e2
0000337000000c18
000031e7ffffe288
0000177bffffe1c9
000024a5fffff1d4
00003d75ffffd3a2
0000202effffa658
ffffeb23ffffafd5
ffffe57bffffd5cb
fffff7fdffffd3f4
ffffe27affffc295
ffffc146ffffe0c6
ffffd67b00000f4e
0000041300000813
0000030affffe511
ffffea98ffffea3b
fffffac5ffffff0e
00001700ffffe44f
fffffceeffffb942
ffffca68ffffc429
ffffc662ffffeb4a
ffffd9bfffffeaf5
ffffc4b6ffffdbdd
ffffa42bfffffd4c
ffffbad100002fe3
ffffeb1700002d1d
ffffee2d00000e5a
ffffdb2a000016e8
fffff1ab00002dbf
0000148200001360
000000a8ffffe71d
ffffd365ffffef96
ffffd35f000013a0
ffffe97600001030
ffffd62ffffffe84
ffffb6f300001e35
ffffcf0e00004fe6
0000017000004cc5
0000079400002dac
fffff88d0000354f
000013a400004a1e
00003b1b00002c4c
00002b45fffffb2a
000000d5fffffda8
0000020f00001b2b
000017c400001152
000002b6fffff9fa
ffffe0d000001528
fffff6000000439e
000025ce00003e59
00002a1d00001dc1
00001a1e000023f1
000034ea000036cb
00005c4f00001621
00004c07ffffe129
00002032ffffdf0b
00001eabfffff7a8
00003024ffffe944
00001592ffffce5c
ffffed5bffffe76d
fffffc110000156b
000025e300001132
00002538fffff2be
00001180fffffb92
000029bf000010f0
00004f65fffff22c
00003d9fffffbe40
00000ff6ffffbc69
00000bd1ffffd4e6
000019a7ffffc689
fffffa8bffffac6d
ffffcd46ffffc789
ffffd705fffff911
fffffc9efffff9cc
fffff905ffffe154
ffffe3f8fffff094
fffffc7900000c21
000023aafffff2ba
00001429ffffc301
ffffe8e1ffffc425
ffffe6a7ffffdeac
fffff59fffffd1e5
ffffd6ceffffb983
ffffa946ffffd706
ffffb2b300000bf1
ffffd88a00001110
ffffd64afffffdb2
ffffc40a00001237
ffffe0d90000328d
00000d9200001cd8
0000044dffffef4e
ffffdf4afffff102
ffffe2bc00000aab
fffff655fffffc14
ffffdaf1ffffe18b
ffffafc5fffffd2a
ffffbaee000030e3
ffffe273000035a9
ffffe263000022a3
ffffd340000037c0
fffff43b00005858
00002600000041f6
000022300000125f
0000026b0000107c
00000a3e0000252b
000020d8000010a9
000006d9ffffefe5
ffffdb8d000005a2
ffffe5700000345a
00000b1b00003548
0000094000001f8a
fffff8e2000032b9
00001974000051a5
00004b9700003941
00004895000006d7
0000297f0000010e
00003146000010d8
00004694fffff6ce
000029c1ffffd075
fffffa22ffffe13a
fffffe8900000c2c
00001e2300000adf
0000164cfffff47a
0000009f00000852
00001cf5000028b3
00004c02000011ef
000046d5ffffe0c0
00002607ffffdb72
00002bf1ffffeae1
00003eb4ffffcfe5
00001e4effffa882
ffffea03ffffb8c1
ffffe8ecffffe443
000002baffffe4ff
fffff56fffffd234
ffffdb4affffeafe
fffff49400001125
0000222d0000005a
00001cfcffffd4af
fffffd29ffffd3f6
00000476ffffe6d9
00001868ffffce4d
fffff889ffffa8bb
ffffc3efffffbabc
ffffc1d2ffffe886
ffffda4fffffec7f
ffffcbfcffffde12
ffffb1b4fffffc34
ffffcc3c00002841
fffffca800001d47
fffffbc4fffff6b2
ffffe14ffffff9c9
ffffee7100000eef
00000803fffff721
ffffed03ffffd11f
ffffbc37ffffe20f
ffffbcd500000ec6
ffffd74700001231
ffffcaa900000404
ffffb26c00002332
ffffcfd7000050c4
0000044600004740
0000087e00002172
fffff3e900002414
0000071b00003738
0000264500001bd6
00000fc9fffff0fb
ffffe20afffffc5a
ffffe42800002370
fffffec6000021c5
fffff17e00000f7a
ffffd85c00002b9f
fffff53a0000570d
000029d900004bd6
00002f180000242f
00001c2a00002447
0000312b000033cb
000051ae0000139f
00003b7fffffe307
00000c93ffffe837
00000be600000950
0000224b00000281
00000fd3ffffec67
fffff12d00000649
000008d6000030e1
00003912000025db
00003afbfffffed9
000025b2ffffff6f
000038f400000ed2
000057c7ffffedac
00003f60ffffbb5d
00000d3effffbe7a
00000829ffffddba
0000190fffffd5ea
00000068ffffc02a
ffffdb7fffffdc02
ffffed7f00000a1c
00001938000003c7
0000181bffffe210
00000149ffffe7e0
00001433fffffbd9
00003359ffffde50
00001b54ffffae99
ffffe918ffffb38c
ffffe31cffffd462
fffff248ffffce80
ffffd75fffffbb8b
ffffb034ffffdb5b
ffffc08f00000ea0
ffffebd500000e5a
ffffebd3fffff30a
ffffd7bbfffffeee
ffffeebd0000180a
000012d4fffffe43
fffffff2ffffd0cd
ffffd26effffd6af
ffffd04dfffff796
ffffe24efffff17f
ffffc95effffdea4
ffffa3bbffffff48
ffffb5c30000343d
ffffe36c00003654
ffffe6ec00001d9a
ffffd79600002bb3
fffff46a00004604
00001eec00002bfd
0000126afffffca2
ffffea91ffffff1e
ffffece300001b8a
000001de00001083
ffffea7efffff8e6
ffffc5610000157e
ffffd77100004761
0000054100004757
0000098300002d15
fffffbca000039b4
00001b0400005204
0000485a000034f7
00003e8500000152
00001894fffffe52
00001b7c0000146f
00002f6f000002dd
0000156effffe528
ffffec68fffffcae
fffff9d800002ae4
000022f6000028a0
0000230a00000d55
000012090000199d
00002ef4000031ad
00005ab5000013ea
00004f8fffffdec1
000027f4ffffd960
00002851ffffec84
0000387effffd7e2
0000196effffb7a6
ffffea53ffffcdc9
fffff12ffffffc26
000013e4fffffbb0
00000e5dffffe3a4
fffff905fffff421
0000130b000010b9
00003d35fffff730
00003158ffffc57c
00000955ffffc29b
00000900ffffd768
000017c3ffffc400
fffff665ffffa521
ffffc440ffffbd58
ffffc7c1ffffeef1
ffffe768fffff30a
ffffdfbfffffe0bc
ffffc9b1fffff7b5
ffffe4a700001ae6
0000115200000769
00000922ffffdaa7
ffffe561ffffdb54
ffffe93dfffff250
fffffb96ffffe00b
ffffdce5ffffc1cd
ffffac85ffffdabc
ffffb13600000da7
ffffd1f9000013f2
ffffcbf6000004ae
ffffb89700001f32
ffffd78f000045e1
0000098800003532
0000079d000009fc
ffffea8300000a9a
fffff4be00001fe4
00000c9200000a92
fffff211ffffe874
ffffc47cfffffd54
ffffcaca00002c99
ffffec760000300f
ffffe73e00001ee3
ffffd51d00003838
fffff62600005dfb
00002b1700004c0b
00002cd100001eb0
0000138c00001be3
0000212b00002c64
00003b5200001123
000021a3ffffe86f
fffff337fffff6bb
fffff72e00002015
0000157600001ec6
00000c6b00000a33
fffff6a700002167
000014bc000045eb
000047a10000330d
0000482100000480
00002e12ffffffc7
00003ac700000d6e
0000534fffffee84
000036d1ffffc1bf
00000431ffffcc2b
000002a9fffff27b
00001a8fffffef7e
00000adcffffdae1
ffffeed7fffff3a4
000007a200001af8
0000368a00000b99
0000345effffe095
000018adffffdee2
00002445ffffeeb6
00003b9bffffd119
00001d53ffffa50a
ffffe801ffffb017
ffffe2e0ffffd78c
fffff693ffffd6c2
ffffe29dffffc5b8
ffffc2edffffe372
ffffd93b000010d3
000007370000080e
000005c5ffffe385
ffffec39ffffe78c
fffffae0fffffbeb
0000158fffffe186
fffffa4fffffb788
ffffc746ffffc3f0
ffffc38affffeca0
ffffd7ebffffed83
ffffc45effffdefc
ffffa56400000030
ffffbd4d000031cf
ffffee3200002d93
fffff11d00000d3d
ffffdd2f00001480
fffff24100002aa9
0000138200001066
fffffe54ffffe502
ffffd056ffffeee3
ffffd05c00001483
ffffe7440000126f
ffffd55e0000018c
ffffb7b800002140
ffffd1370000522d
0000047000004db3
00000aa700002d06
fffffaea0000333d
000014b000004728
00003a9200002934
0000294afffff8ba
fffffdeafffffc7f
fffffef200001b95
0000154100001334
00000171fffffcda
ffffe11c00001848
fffff7ca00004634
000028a100003fbb
00002d3f00001d94
00001cc500002242
0000366700003407
00005c41000012fd
00004a72ffffde72
00001d7dffffdd73
00001b87fffff798
00002d5effffeabe
000013e0ffffd101
ffffed2bffffea8f
fffffd6f0000183f
00002877000012fe
00002859fffff30d
00001461fffffa50
00002ba300000e6f
00004fd2ffffef10
00003c78ffffbb54
00000d88ffffba6c
000008b9ffffd45a
000016b1ffffc793
fffff877ffffaec7
ffffcc9dffffca9b
ffffd7f1fffffc12
fffffee4fffffbf7
fffffc10ffffe21c
ffffe701ffffefc5
fffffeba000009f1
0000248fffffefb8
00001379ffffbff1
ffffe6c7ffffc1d0
ffffe3aeffffdda9
fffff288ffffd278
ffffd464ffffbb85
ffffa826ffffd9f5
ffffb32700000f0d
ffffda740000138d
ffffd92dfffffeee
ffffc72a000011e1
ffffe369000030bc
00000eeb00001a02
00000416ffffec2c
ffffdd92ffffee61
ffffdff400000937
fffff332fffffc2c
ffffd83fffffe328
ffffae36ffffffe4
ffffbae700003407
ffffe3f60000386a
ffffe50d0000244c
ffffd663000037e6
fffff70a000056f0
000027c300003f5c
0000227500000f3e
0000011f00000d9f
000007b60000234f
00001dba00001046
000003f1fffff114
ffffd99800000816
ffffe4ee00003773
00000c2e0000383c
00000ba100002196
fffffbf500003359
00001c71000050b0
00004dba000036f5
00004953000003c9
000028a6fffffe08
00002f0e00000e9e
0000438ffffff5f2
000026b3ffffd12f
fffff7d3ffffe35b
fffffd8f00000f28
00001ebf00000df3
00001855fffff6de
0000039100000969
0000200f00002835
00004e7900000ffd
00004809ffffddda
000025a8ffffd854
00002a18ffffe857
00003bdaffffce96
00001b2cffffa8c3
ffffe768ffffba81
ffffe781ffffe710
000002dcffffe822
fffff716ffffd4e1
ffffde09ffffec84
fffff7b800001122
000024e9fffffece
00001e9dffffd200
fffffd45ffffd0d3
00000306ffffe40f
000015c9ffffcc92
fffff567ffffa880
ffffc117ffffbc11
ffffbffeffffeb13
ffffd9f5ffffef9e
ffffcd35ffffe0f6
ffffb42ffffffe22
ffffcf57000028b9
ffffff9800001c2b
fffffdc9fffff44a
ffffe1e6fffff6b3
ffffed7200000bf4
000005b0fffff504
ffffe9f4ffffd06a
ffffb933ffffe2f1
ffffbaa200001104
ffffd67400001539
ffffcb6d00000710
ffffb4940000257b
ffffd2d6000051b4
000007580000469b
00000adb00001f60
fffff4f60000211f
000006930000341f
0000244b00001965
00000cdfffffefd1
ffffdeedfffffcc3
ffffe1a400002551
fffffd80000024a4
fffff1c80000129a
ffffda2400002e35
fffff80c00005870
00002cfb00004baa
000031be00002280
00001da700002183
0000311e000030a7
0000501a000010e8
000038cbffffe16f
0000096fffffe825
0000092000000ac9
0000209800000525
00000fa2ffffef8a
fffff28a0000091d
00000b69000032ad
00003c320000262a
00003ddcfffffd98
00002798fffffcee
0000396200000bb5
000056a2ffffeac0
00003cf2ffffb960
00000a26ffffbded
00000531ffffdec2
000016faffffd844
ffffffbdffffc33c
ffffdc6affffdf02
ffffefc400000c48
00001c4300000490
00001b24ffffe142
0000038bffffe5b0
0000151afffff8d7
000032aaffffdb40
0000193bffffac42
ffffe61fffffb288
ffffe005ffffd4f3
ffffefddffffd081
ffffd63fffffbe79
ffffb0a6ffffde77
ffffc2780000111e
ffffeeb800000f98
ffffeef3fffff2b5
ffffda4cfffffd1d
fffff01600001534
0000129efffffb21
fffffe3bffffce2b
ffffcfa6ffffd53a
ffffcd29fffff7ad
ffffdf9cfffff31c
ffffc7ceffffe15e
ffffa3b30000026c
ffffb745000036fe
ffffe616000037ff
ffffea0f00001dc1
ffffda6600002a4c
fffff62f0000436b
00001f32000028dc
0000111ffffff9c5
ffffe80bfffffd41
ffffe9c500001b26
fffffef5000011b1
ffffe888fffffb5a
ffffc4de00001897
ffffd88300004a55
000007a200004964
00000c9700002db6
fffffec8000038c0
00001d2900004fb8
00004919000031ea
00003daffffffe4b
0000165efffffc17
0000187700001392
00002c6100000396
0000131effffe748
ffffeb6effffffaa
fffffa7300002df9
000024fe00002b04
000025fc00000e6c
0000152300001921
0000316c00002fbc
00005bea00001104
00004f31ffffdba2
0000261cffffd6d6
00002577ffffeb34
0000355dffffd821
000016d2ffffb965
ffffe8e7ffffd096
fffff150ffffff4a
00001589fffffe5d
0000111cffffe52c
fffffc29fffff420
000015c700000f2e
00003ed7fffff482
00003175ffffc259
000007e5ffffbfd0
00000662ffffd5ac
000014a2ffffc3c4
fffff38dffffa674
ffffc26affffbfe4
ffffc767fffff20f
ffffe89ffffff5ef
ffffe239ffffe2aa
ffffccccfffff82e
ffffe798000019cb
0000135800000502
000009baffffd792
ffffe463ffffd859
ffffe6eafffff033
fffff887ffffdf55
ffffd9e1ffffc2ad
ffffaa52ffffdcf9
ffffb062000010af
ffffd2bc000016fe
ffffce1d000006f7
ffffbb9600002023
ffffdaa20000453d
00000be600003322
000008ab00000707
ffffe9fd00000782
fffff2c600001d73
000009a800000967
ffffeef4ffffe8dc
ffffc1f7ffffff34
ffffc98200002f77
ffffecbf00003330
ffffe90600002179
ffffd7ee0000399b
fffff94900005dd0
00002dbe00004a5d
00002e5000001bed
00001381000018bf
00001f98000029ac
0000389e00000f89
00001e80ffffe85c
fffff071fffff834
fffff57a000022b8
00001544000021e8
00000dc700000d07
fffff93900002334
000017dc0000463b
00004a83000031cd
00004a0700000200
00002e82fffffcab
000039a300000a81
000050e2ffffec85
000033baffffc131
00000139ffffcd32
00000093fffff4d4
000019e3fffff28f
00000bc6ffffdde3
fffff11bfffff5d1
00000aac00001bc2
0000399300000acd
000036a0ffffde67
00001994ffffdbe0
00002396ffffeba5
00003983ffffcec2
00001a5bffffa405
ffffe4ebffffb0a7
ffffe074ffffd98c
fffff571ffffd9b0
ffffe30fffffc8d4
ffffc4d5ffffe5f0
ffffdc1d00001212
00000a56000007bb
00000856ffffe1b5
ffffed93ffffe4b6
fffffaacfffff8c8
000013d9ffffdee3
fffff787ffffb611
ffffc422ffffc405
ffffc0d8ffffee3c
ffffd65afffff03b
ffffc454ffffe220
ffffa6e5000002f2
ffffbff60000337b
fffff15500002dbc
fffff3ed00000bd8
ffffdef4000011e8
fffff28700002788
0000123900000d89
fffffbceffffe323
ffffcd38ffffee7d
ffffcd72000015b0
ffffe54d000014e2
ffffd4da000004a5
ffffb8c800002435
ffffd3960000543c
0000078300004e56
00000da500002c12
fffffd0f000030f2
000015700000441c
000039bd0000262d
00002715fffff67e
fffffae5fffffba1
fffffbe400001c4d
000012f000001553
00000075ffffffd5
ffffe1b600001b5d
fffff9d200004899
00002b92000040d4
0000305a00001d19
00001f3d00002052
0000379c00003121
00005be400000fde
0000489affffdbe7
00001aa3ffffdc21
00001866fffff7d6
00002ac2ffffec7c
00001273ffffd3cd
ffffed4bffffedb2
ffffff1300001aec
00002b3500001486
00002b7cfffff30c
0000171efffff8c6
00002d4600000bc1
00004ff0ffffebec
00003b0affffb888
00000aeaffffb8af
00000597ffffd41d
000013d7ffffc8e5
fffff6a1ffffb153
ffffcc41ffffcdba
ffffd927fffffef7
0000015dfffffde6
ffffff2affffe296
ffffe9f2ffffeeab
000000c10000078b
00002528ffffeca2
0000127cffffbcf5
ffffe476ffffbfb1
ffffe09fffffdcf2
ffffef84ffffd357
ffffd230ffffbdc2
ffffa751ffffdcfc
ffffb3e900001219
ffffdc9b000015d7
ffffdc2bffffffe1
ffffca3d0000113e
ffffe5c800002ead
00000ffa0000170d
00000391ffffe913
ffffdb9affffebee
ffffdd0a0000080a
fffff014fffffc92
ffffd5baffffe508
ffffacee000002c1
ffffbb2f00003728
ffffe5bc00003b01
ffffe7dd000025b1
ffffd986000037bc
fffff9b200005544
0000294300003c9a
0000226b00000c1a
ffffff8d00000ae7
00000503000021b4
00001a9700001031
00000129fffff28b
ffffd7e300000ab9
ffffe4bb00003a95
00000d8a00003b11
00000e3300002365
ffffff15000033ab
00001f5300004f70
00004fa200003475
000049c4000000ad
00002784fffffb1a
00002ca200000c9e
00004078fffff563
000023bbffffd235
fffff5bcffffe5b3
fffffce200001239
00001fa8000010f5
00001a98fffff90b
0000069b00000a34
000023190000276a
000050bc00000dd0
000048f1ffffdad8
000024fbffffd542
00002801ffffe5ff
000038e2ffffcd8f
00001815ffffa951
ffffe4fcffffbc80
ffffe65effffe9fd
0000034cffffeb3e
fffff8fdffffd760
ffffe0eaffffedc4
fffffad7000010d1
0000277bfffffd00
00001ff9ffffcf2b
fffffd12ffffcdb1
00000151ffffe16c
00001302ffffcb1b
fffff243ffffa895
ffffbe64ffffbdab
ffffbe6bffffedcb
ffffd9ebfffff2c1
ffffceb4ffffe3b9
ffffb6d7ffffffce
ffffd279000028e2
0000026800001ac7
ffffff8ffffff1b3
ffffe22efffff393
ffffec2900000916
0000032bfffff325
ffffe6d7ffffd003
ffffb649ffffe41d
ffffb8aa00001377
ffffd5ef00001851
ffffcc7c00000a05
ffffb6f30000278a
ffffd5e900005258
00000a57000045a8
00000d0100001d16
fffff5b800001e13
000005bf00003118
0000221700001728
000009daffffeef2
ffffdbdefffffd7a
ffffdf520000276f
fffffc830000279f
fffff260000015b0
ffffdc2b0000309b
fffffafc0000598a
0000301600004b30
0000343800002091
00001ede00001e9e
000030c200002d89
00004e4400000e5c
000035f2ffffe01c
0000064dffffe862
0000068200000c86
00001f2a000007f1
00000fc0fffff2ad
fffff42d00000bcb
00000e2600003437
00003f560000262b
0000409afffffc0f
0000293cfffffa41
0000398200000892
00005535ffffe7f3
00003a55ffffb7a1
00000705ffffbdaf
00000258ffffe013
00001522ffffdacf
ffffff60ffffc65a
ffffdda0ffffe1e8
fffff23c00000e38
00001f5d0000050c
00001e16ffffe02a
00000593ffffe34b
000015b4fffff5c2
000031afffffd844
000016eaffffaa23
ffffe311ffffb1d0
ffffdd00ffffd5d1
ffffeda8ffffd2bd
ffffd569ffffc180
ffffb167ffffe183
ffffc49d00001369
fffff1b60000108b
fffff206fffff213
ffffdcabfffffb0f
fffff12700001240
0000121bfffff808
fffffc44ffffcbb8
ffffccbdffffd40d
ffffca0cfffff812
ffffdd16fffff4fa
ffffc684ffffe43b
ffffa3fa0000058d
ffffb90a00003996
ffffe8e600003964
ffffed3200001d99
ffffdd0f000028a1
fffff7b0000040aa
00001f29000025b9
00000f8efffff70c
ffffe558fffffba5
ffffe6a100001b10
fffffc2d00001327
ffffe6d2fffffdfc
ffffc4a900001bba
ffffd9dd00004d2b
00000a3300004b34
00000fb700002e09
000001aa00003781
00001f1100004d3a
0000498b00002ece
00003c8dfffffb5d
000013f2fffffa17
0000156000001302
000029690000049b
00001106ffffe99f
ffffeabf000002ba
fffffb5a000030fb
0000274100002d33
0000290600000f39
0000182d00001857
000033b000002d8f
00005cd400000e03
00004e85ffffd891
00002406ffffd47d
0000227fffffea2c
00003246ffffd8af
00001465ffffbb64
ffffe7c3ffffd383
fffff1bf00000266
0000176f000000dd
000013fdffffe66d
ffffff49fffff3cf
0000185a00000d61
00004034fffff1ad
00003143ffffbf37
00000632ffffbd2d
0000039bffffd434
0000117effffc3d7
fffff0d9ffffa80e
ffffc0d7ffffc29b
ffffc75bfffff533
ffffea1efffff8b2
ffffe4e1ffffe458
ffffcfeefffff859
ffffea6900001867
0000151f0000026c
00000a03ffffd471
ffffe31cffffd57b
ffffe466ffffee52
fffff56affffdeed
ffffd6f7ffffc3d8
ffffa859ffffdf6b
ffffafdc000013c7
ffffd3ca000019f3
ffffd07b00000908
ffffbea8000020c8
ffffdda10000444c
00000e0d000030d9
0000096e000003fb
ffffe92a0000047a
fffff09200001b35
000006a400000887
ffffebe5ffffe991
ffffbfa500000151
ffffc88400003272
ffffed5600003645
ffffeb0c000023e0
ffffdadf00003ab6
00007fffffff8000
ffff800000007fff
00007fffffff8000
ffff800000007fff
00007fffffff8000
ffff800000007fff
00007fffffff8000
ffff800000007fff
00007fffffff8000
ffff800000007fff
00007fffffff8000
ffff800000007fff
00007fffffff8000
ffff800000007fff
00007fffffff8000
ffff800000007fff
00007fffffff8000
ffff800000007fff
00007fffffff8000
ffff800000007fff
00007fffffff8000
ffff800000007fff
00007fffffff8000
ffff800000007fff
00007fffffff8000
ffff800000007fff
00007fffffff8000
ffff800000007fff
00007fffffff8000
ffff800000007fff
00007fffffff8000
ffff800000007fff
00007fffffff8000
ffff800000007fff
00007fffffff8000
ffff800000007fff
00007fffffff8000
ffff800000007fff
00007fffffff8000
ffff800000007fff
00007fffffff8000
ffff800000007fff
00007fffffff8000
ffff800000007fff
00007fffffff8000
ffff800000007fff
00007fffffff8000
ffff800000007fff
00007fffffff8000
ffff800000007fff
00007fffffff8000
ffff800000007fff
00007fffffff8000
ffff800000007fff
00007fffffff8000
ffff800000007fff
00007fffffff8000
ffff800000007fff
00007fffffff8000
ffff800000007fff
00007fffffff8000
ffff800000007fff
00007fffffff8000
ffff800000007fff
00007fffffff8000
ffff800000007fff
00007fffffff8000
ffff800000007fff
00007fffffff8000
ffff800000007fff
00007fffffff8000
ffff800000007fff
00007fffffff8000
ffff800000007fff
00007fffffff8000
ffff800000007fff
00007fffffff8000
ffff800000007fff
00007fffffff8000
ffff800000007fff
00007fffffff8000
ffff800000007fff
00007fffffff8000
ffff800000007fff
00007fffffff8000
ffff800000007fff
00007fffffff8000
ffff800000007fff
00007fffffff8000
ffff800000007fff
00007fffffff8000
ffff800000007fff
00007fffffff8000
ffff800000007fff
00007fffffff8000
ffff800000007fff
00007fffffff8000
ffff800000007fff
00007fffffff8000
ffff800000007fff
00007fffffff8000
ffff800000007fff
00007fffffff8000
ffff800000007fff
00007fffffff8000
ffff800000007fff
00007fffffff8000
ffff800000007fff
00007fffffff8000
ffff800000007fff
00007fffffff8000
ffff800000007fff
00007fffffff8000
ffff800000007fff
00007fffffff8000
ffff800000007fff
00007fffffff8000
ffff800000007fff
00007fffffff8000
ffff800000007fff
00007fffffff8000
ffff800000007fff
00007fffffff8000
ffff800000007fff
00007fffffff8000
ffff800000007fff
00007fffffff8000
ffff800000007fff
00007fffffff8000
ffff800000007fff
00007fffffff8000
ffff800000007fff
00007fffffff8000
ffff800000007fff
00007fffffff8000
ffff800000007fff
00007fffffff8000
ffff800000007fff
00007fffffff8000
ffff800000007fff
00007fffffff8000
ffff800000007fff
00007fffffff8000
ffff800000007fff
00007fffffff8000
ffff800000007fff
00007fffffff8000
ffff800000007fff
00007fffffff8000
ffff800000007fff
00007fffffff8000
ffff800000007fff
00007fffffff8000
ffff800000007fff
00007fffffff8000
ffff800000007fff
00007fffffff8000
ffff800000007fff
00007fffffff8000
ffff800000007fff
00007fffffff8000
ffff800000007fff
00007fffffff8000
ffff800000007fff
00007fffffff8000
ffff800000007fff
00007fffffff8000
ffff800000007fff
00007fffffff8000
ffff800000007fff
00007fffffff8000
ffff800000007fff
00007fffffff8000
ffff800000007fff
00007fffffff8000
ffff800000007fff
00007fffffff8000
ffff800000007fff
00007fffffff8000
ffff800000007fff
00007fffffff8000
ffff800000007fff
00007fffffff8000
ffff800000007fff
00007fffffff8000
ffff800000007fff
00007fffffff8000
ffff800000007fff
00007fffffff8000
ffff800000007fff
00007fffffff8000
ffff800000007fff
00007fffffff8000
ffff800000007fff
00007fffffff8000
ffff800000007fff
00007fffffff8000
ffff800000007fff
00007fffffff8000
ffff800000007fff
00007fffffff8000
ffff800000007fff
00007fffffff8000
ffff800000007fff
00007fffffff8000
ffff800000007fff
00007fffffff8000
ffff800000007fff
00007fffffff8000
ffff800000007fff
00007fffffff8000
ffff800000007fff
00007fffffff8000
ffff800000007fff
00007fffffff8000
ffff800000007fff
00007fffffff8000
ffff800000007fff
00007fffffff8000
ffff800000007fff
00007fffffff8000
ffff800000007fff
00007fffffff8000
ffff800000007fff
00007fffffff8000
ffff800000007fff
00007fffffff8000
ffff800000007fff
00007fffffff8000
ffff800000007fff
00007fffffff8000
ffff800000007fff
00007fffffff8000
ffff800000007fff
00007fffffff8000
ffff800000007fff
00007fffffff8000
ffff800000007fff
00007fffffff8000
ffff800000007fff
00007fffffff8000
ffff800000007fff
00007fffffff8000
ffff800000007fff
00007fffffff8000
ffff800000007fff
00007fffffff8000
ffff800000007fff
00007fffffff8000
ffff800000007fff
00007fffffff8000
ffff800000007fff
00007fffffff8000
ffff800000007fff
00007fffffff8000
ffff800000007fff
00007fffffff8000
ffff800000007fff
00007fffffff8000
ffff800000007fff
00007fffffff8000
ffff800000007fff
00007fffffff8000
ffff800000007fff
00007fffffff8000
ffff800000007fff
00007fffffff8000
ffff800000007fff
00007fffffff8000
ffff800000007fff
00007fffffff8000
ffff800000007fff
00007fffffff8000
ffff800000007fff
00007fffffff8000
ffff800000007fff
00007fffffff8000
ffff800000007fff
00007fffffff8000
ffff800000007fff
00007fffffff8000
ffff800000007fff
00007fffffff8000
ffff800000007fff
00007fffffff8000
ffff800000007fff
00007fffffff8000
ffff800000007fff
00007fffffff8000
ffff800000007fff
00007fffffff8000
ffff800000007fff
00007fffffff8000
ffff800000007fff
00007fffffff8000
ffff800000007fff
00007fffffff8000
ffff800000007fff
00007fffffff8000
ffff800000007fff
00007fffffff8000
ffff800000007fff
00007fffffff8000
ffff800000007fff
00007fffffff8000
ffff800000007fff
00007fffffff8000
ffff800000007fff
00007fffffff8000
ffff800000007fff
00007fffffff8000
ffff800000007fff
00007fffffff8000
ffff800000007fff
00007fffffff8000
ffff800000007fff
00007fffffff8000
ffff800000007fff
00007fffffff8000
ffff800000007fff
00007fffffff8000
ffff800000007fff
00007fffffff8000
ffff800000007fff
00007fffffff8000
ffff800000007fff
00007fffffff8000
ffff800000007fff
00007fffffff8000
ffff800000007fff
00007fffffff8000
ffff800000007fff
00007fffffff8000
ffff800000007fff
00007fffffff8000
ffff800000007fff
00007fffffff8000
ffff800000007fff
00007fffffff8000
ffff800000007fff
00007fffffff8000
ffff800000007fff
00007fffffff8000
ffff800000007fff
00007fffffff8000
ffff800000007fff
00007fffffff8000
ffff800000007fff
00007fffffff8000
ffff800000007fff
00007fffffff8000
ffff800000007fff
00007fffffff8000
ffff800000007fff
00007fffffff8000
ffff800000007fff
00007fffffff8000
ffff800000007fff
00007fffffff8000
ffff800000007fff
00007fffffff8000
ffff800000007fff
00007fffffff8000
ffff800000007fff
00007fffffff8000
ffff800000007fff
00007fffffff8000
ffff800000007fff
00007fffffff8000
ffff800000007fff
00007fffffff8000
ffff800000007fff
00007fffffff8000
ffff800000007fff
00007fffffff8000
ffff800000007fff
00007fffffff8000
ffff800000007fff
00007fffffff8000
ffff800000007fff
00007fffffff8000
ffff800000007fff
00007fffffff8000
ffff800000007fff
00007fffffff8000
ffff800000007fff
00007fffffff8000
ffff800000007fff
00007fffffff8000
ffff800000007fff
00007fffffff8000
ffff800000007fff
00007fffffff8000
ffff800000007fff
00007fffffff8000
ffff800000007fff
00007fffffff8000
ffff800000007fff
00007fffffff8000
ffff800000007fff
00007fffffff8000
ffff800000007fff
00007fffffff8000
ffff800000007fff
00007fffffff8000
ffff800000007fff
00007fffffff8000
ffff800000007fff
00007fffffff8000
ffff800000007fff
00007fffffff8000
ffff800000007fff
00007fffffff8000
ffff800000007fff
00007fffffff8000
ffff800000007fff
00007fffffff8000
ffff800000007fff
00007fffffff8000
ffff800000007fff
00007fffffff8000
ffff800000007fff
00007fffffff8000
ffff800000007fff
00007fffffff8000
ffff800000007fff
00007fffffff8000
ffff800000007fff
00007fffffff8000
ffff800000007fff
00007fffffff8000
ffff800000007fff
00007fffffff8000
ffff800000007fff
00007fffffff8000
ffff800000007fff
00007fffffff8000
ffff800000007fff
00007fffffff8000
ffff800000007fff
00007fffffff8000
ffff800000007fff
00007fffffff8000
ffff800000007fff
00007fffffff8000
ffff800000007fff
00007fffffff8000
ffff800000007fff
00007fffffff8000
ffff800000007fff
00007fffffff8000
ffff800000007fff
00007fffffff8000
ffff800000007fff
00007fffffff8000
ffff800000007fff
00007fffffff8000
ffff800000007fff
00007fffffff8000
ffff800000007fff
00007fffffff8000
ffff800000007fff
00007fffffff8000
ffff800000007fff
00007fffffff8000
ffff800000007fff
00007fffffff8000
ffff800000007fff
00007fffffff8000
ffff800000007fff
00007fffffff8000
ffff800000007fff
00007fffffff8000
ffff800000007fff
00007fffffff8000
ffff800000007fff
00007fffffff8000
ffff800000007fff
00007fffffff8000
ffff800000007fff
00007fffffff8000
ffff800000007fff
00007fffffff8000
ffff800000007fff
00007fffffff8000
ffff800000007fff
00007fffffff8000
ffff800000007fff
00007fffffff8000
ffff800000007fff
00007fffffff8000
ffff800000007fff
00007fffffff8000
ffff800000007fff
00007fffffff8000
ffff800000007fff
00007fffffff8000
ffff800000007fff
00007fffffff8000
ffff800000007fff
00007fffffff8000
ffff800000007fff
00007fffffff8000
ffff800000007fff
00007fffffff8000
ffff800000007fff
00007fffffff8000
ffff800000007fff
00007fffffff8000
ffff800000007fff
00007fffffff8000
ffff800000007fff
00007fffffff8000
ffff800000007fff
00007fffffff8000
ffff800000007fff
00007fffffff8000
ffff800000007fff
00007fffffff8000
ffff800000007fff
00007fffffff8000
ffff800000007fff
00007fffffff8000
ffff800000007fff
00007fffffff8000
ffff800000007fff
00007fffffff8000
ffff800000007fff
00007fffffff8000
ffff800000007fff
00007fffffff8000
ffff800000007fff
00007fffffff8000
ffff800000007fff
00007fffffff8000
ffff800000007fff
00007fffffff8000
ffff800000007fff
00007fffffff8000
ffff800000007fff
00007fffffff8000
ffff800000007fff
00007fffffff8000
ffff800000007fff
00007fffffff8000
ffff800000007fff
00007fffffff8000
ffff800000007fff
00007fffffff8000
ffff800000007fff
00007fffffff8000
ffff800000007fff
00007fffffff8000
ffff800000007fff
00007fffffff8000
ffff800000007fff
00007fffffff8000
ffff800000007fff
00007fffffff8000
ffff800000007fff
00007fffffff8000
ffff800000007fff
00007fffffff8000
ffff800000007fff
00007fffffff8000
ffff800000007fff
00007fffffff8000
ffff800000007fff
00007fffffff8000
ffff800000007fff
00007fffffff8000
ffff800000007fff
00007fffffff8000
ffff800000007fff
00007fffffff8000
ffff800000007fff
00007fffffff8000
ffff800000007fff
00007fffffff8000
ffff800000007fff
00007fffffff8000
ffff800000007fff
00007fffffff8000
ffff800000007fff
00007fffffff8000
ffff800000007fff
00007fffffff8000
ffff800000007fff
00007fffffff8000
ffff800000007fff
00007fffffff8000
ffff800000007fff
00007fffffff8000
ffff800000007fff
00007fffffff8000
ffff800000007fff
00007fffffff8000
ffff800000007fff
00007fffffff8000
ffff800000007fff
00007fffffff8000
ffff800000007fff
00007fffffff8000
ffff800000007fff
00007fffffff8000
ffff800000007fff
00007fffffff8000
ffff800000007fff
00007fffffff8000
ffff800000007fff
00007fffffff8000
ffff800000007fff
00007fffffff8000
ffff800000007fff
00007fffffff8000
ffff800000007fff
00007fffffff8000
ffff800000007fff
00007fffffff8000
ffff800000007fff
00007fffffff8000
ffff800000007fff
00007fffffff8000
ffff800000007fff
00007fffffff8000
ffff800000007fff
00007fffffff8000
ffff800000007fff
00007fffffff8000
ffff800000007fff
00007fffffff8000
ffff800000007fff
00007fffffff8000
ffff800000007fff
00007fffffff8000
ffff800000007fff
00007fffffff8000
ffff800000007fff
00007fffffff8000
ffff800000007fff
00007fffffff8000
ffff800000007fff
00007fffffff8000
ffff800000007fff
00007fffffff8000
ffff800000007fff
00007fffffff8000
ffff800000007fff
00007fffffff8000
ffff800000007fff
00007fffffff8000
ffff800000007fff
00007fffffff8000
ffff800000007fff
00007fffffff8000
ffff800000007fff
00007fffffff8000
ffff800000007fff
00007fffffff8000
ffff800000007fff
00007fffffff8000
ffff800000007fff
00007fffffff8000
ffff800000007fff
00007fffffff8000
ffff800000007fff
00007fffffff8000
ffff800000007fff
00007fffffff8000
ffff800000007fff
00007fffffff8000
ffff800000007fff
00007fffffff8000
ffff800000007fff
00007fffffff8000
ffff800000007fff
00007fffffff8000
ffff800000007fff
00007fffffff8000
ffff800000007fff
00007fffffff8000
ffff800000007fff
00007fffffff8000
ffff800000007fff
00007fffffff8000
ffff800000007fff
00007fffffff8000
ffff800000007fff
00007fffffff8000
ffff800000007fff
00007fffffff8000
ffff800000007fff
00007fffffff8000
ffff800000007fff
00007fffffff8000
ffff800000007fff
00007fffffff8000
ffff800000007fff
00007fffffff8000
ffff800000007fff
00007fffffff8000
ffff800000007fff
00007fffffff8000
ffff800000007fff
00007fffffff8000
ffff800000007fff
00007fffffff8000
ffff800000007fff
00007fffffff8000
ffff800000007fff
00007fffffff8000
ffff800000007fff
00007fffffff8000
ffff800000007fff
00007fffffff8000
ffff800000007fff
00007fffffff8000
ffff800000007fff
00007fffffff8000
ffff800000007fff
00007fffffff8000
ffff800000007fff
00007fffffff8000
ffff800000007fff
00007fffffff8000
ffff800000007fff
00007fffffff8000
ffff800000007fff
00007fffffff8000
ffff800000007fff
00007fffffff8000
ffff800000007fff
00007fffffff8000
ffff800000007fff
00007fffffff8000
ffff800000007fff
00007fffffff8000
ffff800000007fff
00007fffffff8000
ffff800000007fff
00007fffffff8000
ffff800000007fff
00007fffffff8000
ffff800000007fff
00007fffffff8000
ffff800000007fff
00007fffffff8000
ffff800000007fff
00007fffffff8000
ffff800000007fff
00007fffffff8000
ffff800000007fff
00007fffffff8000
ffff800000007fff
00007fffffff8000
ffff800000007fff
00007fffffff8000
ffff800000007fff
00007fffffff8000
ffff800000007fff
00007fffffff8000
ffff800000007fff
00007fffffff8000
ffff800000007fff
00007fffffff8000
ffff800000007fff
00007fffffff8000
ffff800000007fff
00007fffffff8000
ffff800000007fff
00007fffffff8000
ffff800000007fff
00007fffffff8000
ffff800000007fff
00007fffffff8000
ffff800000007fff
00007fffffff8000
ffff800000007fff
00007fffffff8000
ffff800000007fff
00007fffffff8000
ffff800000007fff
00007fffffff8000
ffff800000007fff
00007fffffff8000
ffff800000007fff
00007fffffff8000
ffff800000007fff
00007fffffff8000
ffff800000007fff
00007fffffff8000
ffff800000007fff
00007fffffff8000
ffff800000007fff
00007fffffff8000
ffff800000007fff
00007fffffff8000
ffff800000007fff
00007fffffff8000
ffff800000007fff
00007fffffff8000
ffff800000007fff
00007fffffff8000
ffff800000007fff
00007fffffff8000
ffff800000007fff
00007fffffff8000
ffff800000007fff
00007fffffff8000
ffff800000007fff
00007fffffff8000
ffff800000007fff
00007fffffff8000
ffff800000007fff
00007fffffff8000
ffff800000007fff
00007fffffff8000
ffff800000007fff
00007fffffff8000
ffff800000007fff
00007fffffff8000
ffff800000007fff
00007fffffff8000
ffff800000007fff
00007fffffff8000
ffff800000007fff
00007fffffff8000
ffff800000007fff
00007fffffff8000
ffff800000007fff
00007fffffff8000
ffff800000007fff
00007fffffff8000
ffff800000007fff
00007fffffff8000
ffff800000007fff
00007fffffff8000
ffff800000007fff
00007fffffff8000
ffff800000007fff
00007fffffff8000
ffff800000007fff
00007fffffff8000
ffff800000007fff
00007fffffff8000
ffff800000007fff
00007fffffff8000
ffff800000007fff
00007fffffff8000
ffff800000007fff
00007fffffff8000
ffff800000007fff
00007fffffff8000
ffff800000007fff
00007fffffff8000
ffff800000007fff
00007fffffff8000
ffff800000007fff
00007fffffff8000
ffff800000007fff
00007fffffff8000
ffff800000007fff
00007fffffff8000
ffff800000007fff
00007fffffff8000
ffff800000007fff
00007fffffff8000
ffff800000007fff
00007fffffff8000
ffff800000007fff
00007fffffff8000
ffff800000007fff
00007fffffff8000
ffff800000007fff
00007fffffff8000
ffff800000007fff
00007fffffff8000
ffff800000007fff
00007fffffff8000
ffff800000007fff
00007fffffff8000
ffff800000007fff
00007fffffff8000
ffff800000007fff
00007fffffff8000
ffff800000007fff
00007fffffff8000
ffff800000007fff
00007fffffff8000
ffff800000007fff
00007fffffff8000
ffff800000007fff
00007fffffff8000
ffff800000007fff
00007fffffff8000
ffff800000007fff
00007fffffff8000
ffff800000007fff
00007fffffff8000
ffff800000007fff
00007fffffff8000
ffff800000007fff
00007fffffff8000
ffff800000007fff
00007fffffff8000
ffff800000007fff
00007fffffff8000
ffff800000007fff
00007fffffff8000
ffff800000007fff
00007fffffff8000
ffff800000007fff
00007fffffff8000
ffff800000007fff
00007fffffff8000
ffff800000007fff
00007fffffff8000
ffff800000007fff
00007fffffff8000
ffff800000007fff
00007fffffff8000
ffff800000007fff
00007fffffff8000
ffff800000007fff
00007fffffff8000
ffff800000007fff
00007fffffff8000
ffff800000007fff
00007fffffff8000
ffff800000007fff
00007fffffff8000
ffff800000007fff
00007fffffff8000
ffff800000007fff
00007fffffff8000
ffff800000007fff
00007fffffff8000
ffff800000007fff
00007fffffff8000
ffff800000007fff
00007fffffff8000
ffff800000007fff
00007fffffff8000
ffff800000007fff
00007fffffff8000
ffff800000007fff
00007fffffff8000
ffff800000007fff
00007fffffff8000
ffff800000007fff
00007fffffff8000
ffff800000007fff
00007fffffff8000
ffff800000007fff
00007fffffff8000
ffff800000007fff
00007fffffff8000
ffff800000007fff
00007fffffff8000
ffff800000007fff
00007fffffff8000
ffff800000007fff
00007fffffff8000
ffff800000007fff
00007fffffff8000
ffff800000007fff
00007fffffff8000
ffff800000007fff
00007fffffff8000
ffff800000007fff
00007fffffff8000
ffff800000007fff
00007fffffff8000
ffff800000007fff
00007fffffff8000
ffff800000007fff
00007fffffff8000
ffff800000007fff
00007fffffff8000
ffff800000007fff
00007fffffff8000
ffff800000007fff
00007fffffff8000
ffff800000007fff
00007fffffff8000
ffff800000007fff
00007fffffff8000
ffff800000007fff
00007fffffff8000
ffff800000007fff
00007fffffff8000
ffff800000007fff
00007fffffff8000
ffff800000007fff
00007fffffff8000
ffff800000007fff
00007fffffff8000
ffff800000007fff
00007fffffff8000
ffff800000007fff
00007fffffff8000
ffff800000007fff
00007fffffff8000
ffff800000007fff
00007fffffff8000
ffff800000007fff
00007fffffff8000
ffff800000007fff
00007fffffff8000
ffff800000007fff
00007fffffff8000
ffff800000007fff
00007fffffff8000
ffff800000007fff
00007fffffff8000
ffff800000007fff
00007fffffff8000
ffff800000007fff
00007fffffff8000
ffff800000007fff
00007fffffff8000
ffff800000007fff
00007fffffff8000
ffff800000007fff
00007fffffff8000
ffff800000007fff
00007fffffff8000
ffff800000007fff
00007fffffff8000
ffff800000007fff
00007fffffff8000
ffff800000007fff
00007fffffff8000
ffff800000007fff
00007fffffff8000
ffff800000007fff
00007fffffff8000
ffff800000007fff
00007fffffff8000
ffff800000007fff
00007fffffff8000
ffff800000007fff
00007fffffff8000
ffff800000007fff
00007fffffff8000
ffff800000007fff
00007fffffff8000
ffff800000007fff
00007fffffff8000
ffff800000007fff
00007fffffff8000
ffff800000007fff
00007fffffff8000
ffff800000007fff
00007fffffff8000
ffff800000007fff
00007fffffff8000
ffff800000007fff
00007fffffff8000
ffff800000007fff
00007fffffff8000
ffff800000007fff
00007fffffff8000
ffff800000007fff
00007fffffff8000
ffff800000007fff
00007fffffff8000
ffff800000007fff
00007fffffff8000
ffff800000007fff
00007fffffff8000
ffff800000007fff
00007fffffff8000
ffff800000007fff
00007fffffff8000
ffff800000007fff
00007fffffff8000
ffff800000007fff
00007fffffff8000
ffff800000007fff
00007fffffff8000
ffff800000007fff
00007fffffff8000
ffff800000007fff
00007fffffff8000
ffff800000007fff
00007fffffff8000
ffff800000007fff
00007fffffff8000
ffff800000007fff
00007fffffff8000
ffff800000007fff
00007fffffff8000
ffff800000007fff
00007fffffff8000
ffff800000007fff
00007fffffff8000
ffff800000007fff
00007fffffff8000
ffff800000007fff
00007fffffff8000
ffff800000007fff
00007fffffff8000
ffff800000007fff
00007fffffff8000
ffff800000007fff
00007fffffff8000
ffff800000007fff
00007fffffff8000
ffff800000007fff
00007fffffff8000
ffff800000007fff
00007fffffff8000
ffff800000007fff
00007fffffff8000
ffff800000007fff
00007fffffff8000
ffff800000007fff
00007fffffff8000
ffff800000007fff
00007fffffff8000
ffff800000007fff
00007fffffff8000
ffff800000007fff
00007fffffff8000
ffff800000007fff
00007fffffff8000
ffff800000007fff
00007fffffff8000
ffff800000007fff
00007fffffff8000
ffff800000007fff
00007fffffff8000
ffff800000007fff
00007fffffff8000
ffff800000007fff
00007fffffff8000
ffff800000007fff
00007fffffff8000
ffff800000007fff
00007fffffff8000
ffff800000007fff
00007fffffff8000
ffff800000007fff
00007fffffff8000
ffff800000007fff
00007fffffff8000
ffff800000007fff
00007fffffff8000
ffff800000007fff
00007fffffff8000
ffff800000007fff
00007fffffff8000
ffff800000007fff
00007fffffff8000
ffff800000007fff
00007fffffff8000
ffff800000007fff
00007fffffff8000
ffff800000007fff
00007fffffff8000
ffff800000007fff
00007fffffff8000
ffff800000007fff
00007fffffff8000
ffff800000007fff
00007fffffff8000
ffff800000007fff
00007fffffff8000
ffff800000007fff
00007fffffff8000
ffff800000007fff
00007fffffff8000
ffff800000007fff
00007fffffff8000
ffff800000007fff
00007fffffff8000
ffff800000007fff
00007fffffff8000
ffff800000007fff
00007fffffff8000
ffff800000007fff
00007fffffff8000
ffff800000007fff
00007fffffff8000
ffff800000007fff
00007fffffff8000
ffff800000007fff
00007fffffff8000
ffff800000007fff
00007fffffff8000
ffff800000007fff
00007fffffff8000
ffff800000007fff
00007fffffff8000
ffff800000007fff
00007fffffff8000
ffff800000007fff
00007fffffff8000
ffff800000007fff
00007fffffff8000
ffff800000007fff
00007fffffff8000
ffff800000007fff
00007fffffff8000
ffff800000007fff
00007fffffff8000
ffff800000007fff
00007fffffff8000
ffff800000007fff
00007fffffff8000
ffff800000007fff
00007fffffff8000
ffff800000007fff
00007fffffff8000
ffff800000007fff
00007fffffff8000
ffff800000007fff
00007fffffff8000
ffff800000007fff
00007fffffff8000
ffff800000007fff
00007fffffff8000
ffff800000007fff
00007fffffff8000
ffff800000007fff
00007fffffff8000
ffff800000007fff
00007fffffff8000
ffff800000007fff
00007fffffff8000
ffff800000007fff
00007fffffff8000
ffff800000007fff
00007fffffff8000
ffff800000007fff
00007fffffff8000
ffff800000007fff
00007fffffff8000
ffff800000007fff
00007fffffff8000
ffff800000007fff
00007fffffff8000
ffff800000007fff
00007fffffff8000
ffff800000007fff
00007fffffff8000
ffff800000007fff
00007fffffff8000
ffff800000007fff
00007fffffff8000
ffff800000007fff
00007fffffff8000
ffff800000007fff
00007fffffff8000
ffff800000007fff
00007fffffff8000
ffff800000007fff
00007fffffff8000
ffff800000007fff
00007fffffff8000
ffff800000007fff
00007fffffff8000
ffff800000007fff
00007fffffff8000
ffff800000007fff
00007fffffff8000
ffff800000007fff
00007fffffff8000
ffff800000007fff
00007fffffff8000
ffff800000007fff
00007fffffff8000
ffff800000007fff
00007fffffff8000
ffff800000007fff
00007fffffff8000
ffff800000007fff
00007fffffff8000
ffff800000007fff
00007fffffff8000
ffff800000007fff
00007fffffff8000
ffff800000007fff
00007fffffff8000
ffff800000007fff
00007fffffff8000
ffff800000007fff
00007fffffff8000
ffff800000007fff
00007fffffff8000
ffff800000007fff
00007fffffff8000
ffff800000007fff
00007fffffff8000
ffff800000007fff
00007fffffff8000
ffff800000007fff
00007fffffff8000
ffff800000007fff
00007fffffff8000
ffff800000007fff
00007fffffff8000
ffff800000007fff
00007fffffff8000
ffff800000007fff
00007fffffff8000
ffff800000007fff
00007fffffff8000
ffff800000007fff
00007fffffff8000
ffff800000007fff
00007fffffff8000
ffff800000007fff
00007fffffff8000
ffff800000007fff
00007fffffff8000
ffff800000007fff
00007fffffff8000
ffff800000007fff
00007fffffff8000
ffff800000007fff
00007fffffff8000
ffff800000007fff
00007fffffff8000
ffff800000007fff
00007fffffff8000
ffff800000007fff
00007fffffff8000
ffff800000007fff
00007fffffff8000
ffff800000007fff
00007fffffff8000
ffff800000007fff
00007fffffff8000
ffff800000007fff
00007fffffff8000
ffff800000007fff
00007fffffff8000
ffff800000007fff
00007fffffff8000
ffff800000007fff
00007fffffff8000
ffff800000007fff
00007fffffff8000
ffff800000007fff
00007fffffff8000
ffff800000007fff
00007fffffff8000
ffff800000007fff
00007fffffff8000
ffff800000007fff
00007fffffff8000
ffff800000007fff
00007fffffff8000
ffff800000007fff
00007fffffff8000
ffff800000007fff
00007fffffff8000
ffff800000007fff
00007fffffff8000
ffff800000007fff
00007fffffff8000
ffff800000007fff
00007fffffff8000
ffff800000007fff
00007fffffff8000
ffff800000007fff
00007fffffff8000
ffff800000007fff
00007fffffff8000
ffff800000007fff
00007fffffff8000
ffff800000007fff
00007fffffff8000
ffff800000007fff
00007fffffff8000
ffff800000007fff
00007fffffff8000
ffff800000007fff
00007fffffff8000
ffff800000007fff
00007fffffff8000
ffff800000007fff
00007fffffff8000
ffff800000007fff
00007fffffff8000
ffff800000007fff
00007fffffff8000
ffff800000007fff
00007fffffff8000
ffff800000007fff
00007fffffff8000
ffff800000007fff
00007fffffff8000
ffff800000007fff
00007fffffff8000
ffff800000007fff
00007fffffff8000
ffff800000007fff
00007fffffff8000
ffff800000007fff
00007fffffff8000
ffff800000007fff
00007fffffff8000
ffff800000007fff
00007fffffff8000
ffff800000007fff
00007fffffff8000
ffff800000007fff
00007fffffff8000
ffff800000007fff
00007fffffff8000
ffff800000007fff
00007fffffff8000
ffff800000007fff
00007fffffff8000
ffff800000007fff
00007fffffff8000
ffff800000007fff
00007fffffff8000
ffff800000007fff
00007fffffff8000
ffff800000007fff
00007fffffff8000
ffff800000007fff
00007fffffff8000
ffff800000007fff
00007fffffff8000
ffff800000007fff
00007fffffff8000
ffff800000007fff
00007fffffff8000
ffff800000007fff
00007fffffff8000
ffff800000007fff
00007fffffff8000
ffff800000007fff
00007fffffff8000
ffff800000007fff
00007fffffff8000
ffff800000007fff
00007fffffff8000
ffff800000007fff
00007fffffff8000
ffff800000007fff
00007fffffff8000
ffff800000007fff
00007fffffff8000
ffff800000007fff
00007fffffff8000
ffff800000007fff
00007fffffff8000
ffff800000007fff
00007fffffff8000
ffff800000007fff
00007fffffff8000
ffff800000007fff
00007fffffff8000
ffff800000007fff
00007fffffff8000
ffff800000007fff
00007fffffff8000
ffff800000007fff
00007fffffff8000
ffff800000007fff
00007fffffff8000
ffff800000007fff
00007fffffff8000
ffff800000007fff
00007fffffff8000
ffff800000007fff
00007fffffff8000
ffff800000007fff
00007fffffff8000
ffff800000007fff
00007fffffff8000
ffff800000007fff
00007fffffff8000
ffff800000007fff
00007fffffff8000
ffff800000007fff
00007fffffff8000
ffff800000007fff
00007fffffff8000
ffff800000007fff
00007fffffff8000
ffff800000007fff
00007fffffff8000
ffff800000007fff
00007fffffff8000
ffff800000007fff
00007fffffff8000
ffff800000007fff
00007fffffff8000
ffff800000007fff
00007fffffff8000
ffff800000007fff
00007fffffff8000
ffff800000007fff
00007fffffff8000
ffff800000007fff
00007fffffff8000
ffff800000007fff
00007fffffff8000
ffff800000007fff
00007fffffff8000
ffff800000007fff
00007fffffff8000
ffff800000007fff
00007fffffff8000
ffff800000007fff
00007fffffff8000
ffff800000007fff
00007fffffff8000
ffff800000007fff
00007fffffff8000
ffff800000007fff
00007fffffff8000
ffff800000007fff
00007fffffff8000
ffff800000007fff
00007fffffff8000
ffff800000007fff
00007fffffff8000
ffff800000007fff
00007fffffff8000
ffff800000007fff
00007fffffff8000
ffff800000007fff
00007fffffff8000
ffff800000007fff
00007fffffff8000
ffff800000007fff
00007fffffff8000
ffff800000007fff
00007fffffff8000
ffff800000007fff
00007fffffff8000
ffff800000007fff
00007fffffff8000
ffff800000007fff
00007fffffff8000
ffff800000007fff
00007fffffff8000
ffff800000007fff
00007fffffff8000
ffff800000007fff
00007fffffff8000
ffff800000007fff
00007fffffff8000
ffff800000007fff
00007fffffff8000
ffff800000007fff
00007fffffff8000
ffff800000007fff
00007fffffff8000
ffff800000007fff
00007fffffff8000
ffff800000007fff
00007fffffff8000
ffff800000007fff
00007fffffff8000
ffff800000007fff
00007fffffff8000
ffff800000007fff
00007fffffff8000
ffff800000007fff
00007fffffff8000
ffff800000007fff
00007fffffff8000
ffff800000007fff
00007fffffff8000
ffff800000007fff
00007fffffff8000
ffff800000007fff
00007fffffff8000
ffff800000007fff
00007fffffff8000
ffff800000007fff
00007fffffff8000
ffff800000007fff
00007fffffff8000
ffff800000007fff
00007fffffff8000
ffff800000007fff
00007fffffff8000
ffff800000007fff
00007fffffff8000
ffff800000007fff
00007fffffff8000
ffff800000007fff
00007fffffff8000
ffff800000007fff
00007fffffff8000
ffff800000007fff
00007fffffff8000
ffff800000007fff
00007fffffff8000
ffff800000007fff
00007fffffff8000
ffff800000007fff
00007fffffff8000
ffff800000007fff
00007fffffff8000
ffff800000007fff
00007fffffff8000
ffff800000007fff
00007fffffff8000
ffff800000007fff
00007fffffff8000
ffff800000007fff
00007fffffff8000
ffff800000007fff
00007fffffff8000
ffff800000007fff
00007fffffff8000
ffff800000007fff
00007fffffff8000
ffff800000007fff
00007fffffff8000
ffff800000007fff
00007fffffff8000
ffff800000007fff
00007fffffff8000
ffff800000007fff
00007fffffff8000
ffff800000007fff
00007fffffff8000
ffff800000007fff
00007fffffff8000
ffff800000007fff
00007fffffff8000
ffff800000007fff
00007fffffff8000
ffff800000007fff
00007fffffff8000
ffff800000007fff
00007fffffff8000
ffff800000007fff
00007fffffff8000
ffff800000007fff
00007fffffff8000
ffff800000007fff
00007fffffff8000
ffff800000007fff
00007fffffff8000
ffff800000007fff
00007fffffff8000
ffff800000007fff
00007fffffff8000
ffff800000007fff
00007fffffff8000
ffff800000007fff
00007fffffff8000
ffff800000007fff
00007fffffff8000
ffff800000007fff
00007fffffff8000
ffff800000007fff
00007fffffff8000
ffff800000007fff
00007fffffff8000
ffff800000007fff
00007fffffff8000
ffff800000007fff
00007fffffff8000
ffff800000007fff
00007fffffff8000
ffff800000007fff
00007fffffff8000
ffff800000007fff
00007fffffff8000
ffff800000007fff
00007fffffff8000
ffff800000007fff
00007fffffff8000
ffff800000007fff
00007fffffff8000
ffff800000007fff
00007fffffff8000
ffff800000007fff
00007fffffff8000
ffff800000007fff
00007fffffff8000
ffff800000007fff
00007fffffff8000
ffff800000007fff
00007fffffff8000
ffff800000007fff
00007fffffff8000
ffff800000007fff
00007fffffff8000
ffff800000007fff
00007fffffff8000
ffff800000007fff
00007fffffff8000
ffff800000007fff
00007fffffff8000
ffff800000007fff
00007fffffff8000
ffff800000007fff
00007fffffff8000
ffff800000007fff
00007fffffff8000
ffff800000007fff
00007fffffff8000
ffff800000007fff
00007fffffff8000
ffff800000007fff
00007fffffff8000
ffff800000007fff
00007fffffff8000
ffff800000007fff
00007fffffff8000
ffff800000007fff
00007fffffff8000
ffff800000007fff
00007fffffff8000
ffff800000007fff
00007fffffff8000
ffff800000007fff
00007fffffff8000
ffff800000007fff
00007fffffff8000
ffff800000007fff
00007fffffff8000
ffff800000007fff
00007fffffff8000
ffff800000007fff
00007fffffff8000
ffff800000007fff
00007fffffff8000
ffff800000007fff
00007fffffff8000
ffff800000007fff
00007fffffff8000
ffff800000007fff
00007fffffff8000
ffff800000007fff
00007fffffff8000
ffff800000007fff
00007fffffff8000
ffff800000007fff
00007fffffff8000
ffff800000007fff
00007fffffff8000
ffff800000007fff
00007fffffff8000
ffff800000007fff
00007fffffff8000
ffff800000007fff
00007fffffff8000
ffff800000007fff
00007fffffff8000
ffff800000007fff
00007fffffff8000
ffff800000007fff
00007fffffff8000
ffff800000007fff
00007fffffff8000
ffff800000007fff
00007fffffff8000
ffff800000007fff
00007fffffff8000
ffff800000007fff
00007fffffff8000
ffff800000007fff
00007fffffff8000
ffff800000007fff
00007fffffff8000
ffff800000007fff
00007fffffff8000
ffff800000007fff
00007fffffff8000
ffff800000007fff
00007fffffff8000
ffff800000007fff
00007fffffff8000
ffff800000007fff
00007fffffff8000
ffff800000007fff
00007fffffff8000
ffff800000007fff
00007fffffff8000
ffff800000007fff
00007fffffff8000
ffff800000007fff
00007fffffff8000
ffff800000007fff
00007fffffff8000
ffff800000007fff
00007fffffff8000
ffff800000007fff
00007fffffff8000
ffff800000007fff
00007fffffff8000
ffff800000007fff
00007fffffff8000
ffff800000007fff
00007fffffff8000
ffff800000007fff
00007fffffff8000
ffff800000007fff
00007fffffff8000
ffff800000007fff
00007fffffff8000
ffff800000007fff
00007fffffff8000
ffff800000007fff
00007fffffff8000
ffff800000007fff
00007fffffff8000
ffff800000007fff
00007fffffff8000
ffff800000007fff
00007fffffff8000
ffff800000007fff
00007fffffff8000
ffff800000007fff
00007fffffff8000
ffff800000007fff
00007fffffff8000
ffff800000007fff
00007fffffff8000
ffff800000007fff
00007fffffff8000
ffff800000007fff
00007fffffff8000
ffff800000007fff
00007fffffff8000
ffff800000007fff
00007fffffff8000
ffff800000007fff
00007fffffff8000
ffff800000007fff
00007fffffff8000
ffff800000007fff
00007fffffff8000
ffff800000007fff
00007fffffff8000
ffff800000007fff
00007fffffff8000
ffff800000007fff
00007fffffff8000
ffff800000007fff
00007fffffff8000
ffff800000007fff
00007fffffff8000
ffff800000007fff
00007fffffff8000
ffff800000007fff
00007fffffff8000
ffff800000007fff
00007fffffff8000
ffff800000007fff
00007fffffff8000
ffff800000007fff
00007fffffff8000
ffff800000007fff
00007fffffff8000
ffff800000007fff
00007fffffff8000
ffff800000007fff
00007fffffff8000
ffff800000007fff
00007fffffff8000
ffff800000007fff
00007fffffff8000
ffff800000007fff
00007fffffff8000
ffff800000007fff
00007fffffff8000
ffff800000007fff
00007fffffff8000
ffff800000007fff
00007fffffff8000
ffff800000007fff
00007fffffff8000
ffff800000007fff
00007fffffff8000
ffff800000007fff
00007fffffff8000
ffff800000007fff
00007fffffff8000
ffff800000007fff
00007fffffff8000
ffff800000007fff
00007fffffff8000
ffff800000007fff
00007fffffff8000
ffff800000007fff
00007fffffff8000
ffff800000007fff
00007fffffff8000
ffff800000007fff
00007fffffff8000
ffff800000007fff
00007fffffff8000
ffff800000007fff
00007fffffff8000
ffff800000007fff
00007fffffff8000
ffff800000007fff
00007fffffff8000
ffff800000007fff
00007fffffff8000
ffff800000007fff
00007fffffff8000
ffff800000007fff
00007fffffff8000
ffff800000007fff
00007fffffff8000
ffff800000007fff
00007fffffff8000
ffff800000007fff
00007fffffff8000
ffff800000007fff
00007fffffff8000
ffff800000007fff
00007fffffff8000
ffff800000007fff
00007fffffff8000
ffff800000007fff
00007fffffff8000
ffff800000007fff
00007fffffff8000
ffff800000007fff
00007fffffff8000
ffff800000007fff
00007fffffff8000
ffff800000007fff
00007fffffff8000
ffff800000007fff
00007fffffff8000
ffff800000007fff
00007fffffff8000
ffff800000007fff
00007fffffff8000
ffff800000007fff
00007fffffff8000
ffff800000007fff
00007fffffff8000
ffff800000007fff
00007fffffff8000
ffff800000007fff
00007fffffff8000
ffff800000007fff
00007fffffff8000
ffff800000007fff
00007fffffff8000
ffff800000007fff
00007fffffff8000
ffff800000007fff
00007fffffff8000
ffff800000007fff
00007fffffff8000
ffff800000007fff
00007fffffff8000
ffff800000007fff
00007fffffff8000
ffff800000007fff
00007fffffff8000
ffff800000007fff
00007fffffff8000
ffff800000007fff
00007fffffff8000
ffff800000007fff
00007fffffff8000
ffff800000007fff
00007fffffff8000
ffff800000007fff
00007fffffff8000
ffff800000007fff
00007fffffff8000
ffff800000007fff
00007fffffff8000
ffff800000007fff
00007fffffff8000
ffff800000007fff
00007fffffff8000
ffff800000007fff
00007fffffff8000
ffff800000007fff
00007fffffff8000
ffff800000007fff
00007fffffff8000
ffff800000007fff
00007fffffff8000
ffff800000007fff
00007fffffff8000
ffff800000007fff
00007fffffff8000
ffff800000007fff
00007fffffff8000
ffff800000007fff
00007fffffff8000
ffff800000007fff
00007fffffff8000
ffff800000007fff
00007fffffff8000
ffff800000007fff
00007fffffff8000
ffff800000007fff
00007fffffff8000
ffff800000007fff
00007fffffff8000
ffff800000007fff
00007fffffff8000
ffff800000007fff
00007fffffff8000
ffff800000007fff
00007fffffff8000
ffff800000007fff
00007fffffff8000
ffff800000007fff
00007fffffff8000
ffff800000007fff
00007fffffff8000
ffff800000007fff
00007fffffff8000
ffff800000007fff
00007fffffff8000
ffff800000007fff
00007fffffff8000
ffff800000007fff
00007fffffff8000
ffff800000007fff
00007fffffff8000
ffff800000007fff
00007fffffff8000
ffff800000007fff
00007fffffff8000
ffff800000007fff
00007fffffff8000
ffff800000007fff
00007fffffff8000
ffff800000007fff
00007fffffff8000
ffff800000007fff
00007fffffff8000
ffff800000007fff
00007fffffff8000
ffff800000007fff
00007fffffff8000
ffff800000007fff
00007fffffff8000
ffff800000007fff
00007fffffff8000
ffff800000007fff
00007fffffff8000
ffff800000007fff
00007fffffff8000
ffff800000007fff
00007fffffff8000
ffff800000007fff
00007fffffff8000
ffff800000007fff
00007fffffff8000
ffff800000007fff
00007fffffff8000
ffff800000007fff
00007fffffff8000
ffff800000007fff
00007fffffff8000
ffff800000007fff
00007fffffff8000
ffff800000007fff
00007fffffff8000
ffff800000007fff
00007fffffff8000
ffff800000007fff
00007fffffff8000
ffff800000007fff
00007fffffff8000
ffff800000007fff
00007fffffff8000
ffff800000007fff
00007fffffff8000
ffff800000007fff
00007fffffff8000
ffff800000007fff
00007fffffff8000
ffff800000007fff
00007fffffff8000
ffff800000007fff
00007fffffff8000
ffff800000007fff
00007fffffff8000
ffff800000007fff
00007fffffff8000
ffff800000007fff
00007fffffff8000
ffff800000007fff
00007fffffff8000
ffff800000007fff
00007fffffff8000
ffff800000007fff
00007fffffff8000
ffff800000007fff
00007fffffff8000
ffff800000007fff
00007fffffff8000
ffff800000007fff
00007fffffff8000
ffff800000007fff
00007fffffff8000
ffff800000007fff
00007fffffff8000
ffff800000007fff
00007fffffff8000
ffff800000007fff
00007fffffff8000
ffff800000007fff
00007fffffff8000
ffff800000007fff
00007fffffff8000
ffff800000007fff
00007fffffff8000
ffff800000007fff
00007fffffff8000
ffff800000007fff
00007fffffff8000
ffff800000007fff
00007fffffff8000
ffff800000007fff
00007fffffff8000
ffff800000007fff
00007fffffff8000
ffff800000007fff
00007fffffff8000
ffff800000007fff
00007fffffff8000
ffff800000007fff
00007fffffff8000
ffff800000007fff
00007fffffff8000
ffff800000007fff
00007fffffff8000
ffff800000007fff
00007fffffff8000
ffff800000007fff
00007fffffff8000
ffff800000007fff
00007fffffff8000
ffff800000007fff
00007fffffff8000
ffff800000007fff
00007fffffff8000
ffff800000007fff
00007fffffff8000
ffff800000007fff
00007fffffff8000
ffff800000007fff
00007fffffff8000
ffff800000007fff
00007fffffff8000
ffff800000007fff
00007fffffff8000
ffff800000007fff
00007fffffff8000
ffff800000007fff
00007fffffff8000
ffff800000007fff
00007fffffff8000
ffff800000007fff
00007fffffff8000
ffff800000007fff
00007fffffff8000
ffff800000007fff
00007fffffff8000
ffff800000007fff
00007fffffff8000
ffff800000007fff
00007fffffff8000
ffff800000007fff
00007fffffff8000
ffff800000007fff
00007fffffff8000
ffff800000007fff
00007fffffff8000
ffff800000007fff
00007fffffff8000
ffff800000007fff
00007fffffff8000
ffff800000007fff
00007fffffff8000
ffff800000007fff
00007fffffff8000
ffff800000007fff
00007fffffff8000
ffff800000007fff
00007fffffff8000
ffff800000007fff
00007fffffff8000
ffff800000007fff
00007fffffff8000
ffff800000007fff
00007fffffff8000
ffff800000007fff
00007fffffff8000
ffff800000007fff
00007fffffff8000
ffff800000007fff
00007fffffff8000
ffff800000007fff
00007fffffff8000
ffff800000007fff
00007fffffff8000
ffff800000007fff
00007fffffff8000
ffff800000007fff
00007fffffff8000
ffff800000007fff
00007fffffff8000
ffff800000007fff
00007fffffff8000
ffff800000007fff
00007fffffff8000
ffff800000007fff
00007fffffff8000
ffff800000007fff
00007fffffff8000
ffff800000007fff
00007fffffff8000
ffff800000007fff
00007fffffff8000
ffff800000007fff
00007fffffff8000
ffff800000007fff
00007fffffff8000
ffff800000007fff
00007fffffff8000
ffff800000007fff
00007fffffff8000
ffff800000007fff
00007fffffff8000
ffff800000007fff
00007fffffff8000
ffff800000007fff
00007fffffff8000
ffff800000007fff
00007fffffff8000
ffff800000007fff
00007fffffff8000
ffff800000007fff
00007fffffff8000
ffff800000007fff
00007fffffff8000
ffff800000007fff
00007fffffff8000
ffff800000007fff
00007fffffff8000
ffff800000007fff
00007fffffff8000
ffff800000007fff
00007fffffff8000
ffff800000007fff
00007fffffff8000
ffff800000007fff
00007fffffff8000
ffff800000007fff
00007fffffff8000
ffff800000007fff
00007fffffff8000
ffff800000007fff
00007fffffff8000
ffff800000007fff
00007fffffff8000
ffff800000007fff
00007fffffff8000
ffff800000007fff
00007fffffff8000
ffff800000007fff
00007fffffff8000
ffff800000007fff
00007fffffff8000
ffff800000007fff
00007fffffff8000
ffff800000007fff
00007fffffff8000
ffff800000007fff
00007fffffff8000
ffff800000007fff
00007fffffff8000
ffff800000007fff
00007fffffff8000
ffff800000007fff
00007fffffff8000
ffff800000007fff
00007fffffff8000
ffff800000007fff
00007fffffff8000
ffff800000007fff
00007fffffff8000
ffff800000007fff
00007fffffff8000
ffff800000007fff
00007fffffff8000
ffff800000007fff
00007fffffff8000
ffff800000007fff
00007fffffff8000
ffff800000007fff
00007fffffff8000
ffff800000007fff
00007fffffff8000
ffff800000007fff
00007fffffff8000
ffff800000007fff
00007fffffff8000
ffff800000007fff
00007fffffff8000
ffff800000007fff
00007fffffff8000
ffff800000007fff
00007fffffff8000
ffff800000007fff
00007fffffff8000
ffff800000007fff
00007fffffff8000
ffff800000007fff
00007fffffff8000
ffff800000007fff
00007fffffff8000
ffff800000007fff
00007fffffff8000
ffff800000007fff
00007fffffff8000
ffff800000007fff
00007fffffff8000
ffff800000007fff
00007fffffff8000
ffff800000007fff
00007fffffff8000
ffff800000007fff
00007fffffff8000
ffff800000007fff
00007fffffff8000
ffff800000007fff
00007fffffff8000
ffff800000007fff
00007fffffff8000
ffff800000007fff
00007fffffff8000
ffff800000007fff
00007fffffff8000
ffff800000007fff
00007fffffff8000
ffff800000007fff
00007fffffff8000
ffff800000007fff
00007fffffff8000
ffff800000007fff
00007fffffff8000
ffff800000007fff
00007fffffff8000
ffff800000007fff
00007fffffff8000
ffff800000007fff
00007fffffff8000
ffff800000007fff
00007fffffff8000
ffff800000007fff
00007fffffff8000
ffff800000007fff
00007fffffff8000
ffff800000007fff
00007fffffff8000
ffff800000007fff
00007fffffff8000
ffff800000007fff
00007fffffff8000
ffff800000007fff
00007fffffff8000
ffff800000007fff
00007fffffff8000
ffff800000007fff
00007fffffff8000
ffff800000007fff
00007fffffff8000
ffff800000007fff
00007fffffff8000
ffff800000007fff
00007fffffff8000
ffff800000007fff
00007fffffff8000
ffff800000007fff
00007fffffff8000
ffff800000007fff
00007fffffff8000
ffff800000007fff
00007fffffff8000
ffff800000007fff
00007fffffff8000
ffff800000007fff
00007fffffff8000
ffff800000007fff
00007fffffff8000
ffff800000007fff
00007fffffff8000
ffff800000007fff
00007fffffff8000
ffff800000007fff
00007fffffff8000
ffff800000007fff
00007fffffff8000
ffff800000007fff
00007fffffff8000
ffff800000007fff
00007fffffff8000
ffff800000007fff
00007fffffff8000
ffff800000007fff
00007fffffff8000
ffff800000007fff
00007fffffff8000
ffff800000007fff
00007fffffff8000
ffff800000007fff
00007fffffff8000
ffff800000007fff
00007fffffff8000
ffff800000007fff
00007fffffff8000
ffff800000007fff
00007fffffff8000
ffff800000007fff
00007fffffff8000
ffff800000007fff
00007fffffff8000
ffff800000007fff
00007fffffff8000
ffff800000007fff
00007fffffff8000
ffff800000007fff
00007fffffff8000
ffff800000007fff
00007fffffff8000
ffff800000007fff
00007fffffff8000
ffff800000007fff
00007fffffff8000
ffff800000007fff
00007fffffff8000
ffff800000007fff
00007fffffff8000
ffff800000007fff
00007fffffff8000
ffff800000007fff
00007fffffff8000
ffff800000007fff
00007fffffff8000
ffff800000007fff
00007fffffff8000
ffff800000007fff
00007fffffff8000
ffff800000007fff
00007fffffff8000
ffff800000007fff
00007fffffff8000
ffff800000007fff
00007fffffff8000
ffff800000007fff
00007fffffff8000
ffff800000007fff
00007fffffff8000
ffff800000007fff
00007fffffff8000
ffff800000007fff
00007fffffff8000
ffff800000007fff
00007fffffff8000
ffff800000007fff
00007fffffff8000
ffff800000007fff
00007fffffff8000
ffff800000007fff
00007fffffff8000
ffff800000007fff
00007fffffff8000
ffff800000007fff
00007fffffff8000
ffff800000007fff
00007fffffff8000
ffff800000007fff
00007fffffff8000
ffff800000007fff
00007fffffff8000
ffff800000007fff
00007fffffff8000
ffff800000007fff
00007fffffff8000
ffff800000007fff
00007fffffff8000
ffff800000007fff
00007fffffff8000
ffff800000007fff
00007fffffff8000
ffff800000007fff
00007fffffff8000
ffff800000007fff
00007fffffff8000
ffff800000007fff
00007fffffff8000
ffff800000007fff
00007fffffff8000
ffff800000007fff
00007fffffff8000
ffff800000007fff
00007fffffff8000
ffff800000007fff
00007fffffff8000
ffff800000007fff
00007fffffff8000
ffff800000007fff
00007fffffff8000
ffff800000007fff
00007fffffff8000
ffff800000007fff
00007fffffff8000
ffff800000007fff
00007fffffff8000
ffff800000007fff
00007fffffff8000
ffff800000007fff
00007fffffff8000
ffff800000007fff
00007fffffff8000
ffff800000007fff
00007fffffff8000
ffff800000007fff
00007fffffff8000
ffff800000007fff
00007fffffff8000
ffff800000007fff
00007fffffff8000
ffff800000007fff
00007fffffff8000
ffff800000007fff
00007fffffff8000
ffff800000007fff
00007fffffff8000
ffff800000007fff
00007fffffff8000
ffff800000007fff
00007fffffff8000
ffff800000007fff
00007fffffff8000
ffff800000007fff
00007fffffff8000
ffff800000007fff
00007fffffff8000
ffff800000007fff
00007fffffff8000
ffff800000007fff
00007fffffff8000
ffff800000007fff
00007fffffff8000
ffff800000007fff
00007fffffff8000
ffff800000007fff
00007fffffff8000
ffff800000007fff
00007fffffff8000
ffff800000007fff
00007fffffff8000
ffff800000007fff
00007fffffff8000
ffff800000007fff
00007fffffff8000
ffff800000007fff
00007fffffff8000
ffff800000007fff
00007fffffff8000
ffff800000007fff
00007fffffff8000
ffff800000007fff
00007fffffff8000
ffff800000007fff
00007fffffff8000
ffff800000007fff
00007fffffff8000
ffff800000007fff
00007fffffff8000
ffff800000007fff
00007fffffff8000
ffff800000007fff
00007fffffff8000
ffff800000007fff
00007fffffff8000
ffff800000007fff
00007fffffff8000
ffff800000007fff
00007fffffff8000
ffff800000007fff
00007fffffff8000
ffff800000007fff
00007fffffff8000
ffff800000007fff
00007fffffff8000
ffff800000007fff
00007fffffff8000
ffff800000007fff
00007fffffff8000
ffff800000007fff
00007fffffff8000
ffff800000007fff
00007fffffff8000
ffff800000007fff
00007fffffff8000
ffff800000007fff
00007fffffff8000
ffff800000007fff
00007fffffff8000
ffff800000007fff
00007fffffff8000
ffff800000007fff
00007fffffff8000
ffff800000007fff
00007fffffff8000
ffff800000007fff
00007fffffff8000
ffff800000007fff
00007fffffff8000
ffff800000007fff
00007fffffff8000
ffff800000007fff
00007fffffff8000
ffff800000007fff
00007fffffff8000
ffff800000007fff
00007fffffff8000
ffff800000007fff
00007fffffff8000
ffff800000007fff
00007fffffff8000
ffff800000007fff
00007fffffff8000
ffff800000007fff
00007fffffff8000
ffff800000007fff
00007fffffff8000
ffff800000007fff
00007fffffff8000
ffff800000007fff
00007fffffff8000
ffff800000007fff
00007fffffff8000
ffff800000007fff
00007fffffff8000
ffff800000007fff
00007fffffff8000
ffff800000007fff
00007fffffff8000
ffff800000007fff
00007fffffff8000
ffff800000007fff
00007fffffff8000
ffff800000007fff
00007fffffff8000
ffff800000007fff
00007fffffff8000
ffff800000007fff
00007fffffff8000
ffff800000007fff
00007fffffff8000
ffff800000007fff
00007fffffff8000
ffff800000007fff
00007fffffff8000
ffff800000007fff
00007fffffff8000
ffff800000007fff
00007fffffff8000
ffff800000007fff
00007fffffff8000
ffff800000007fff
00007fffffff8000
ffff800000007fff
00007fffffff8000
ffff800000007fff
00007fffffff8000
ffff800000007fff
00007fffffff8000
ffff800000007fff
00007fffffff8000
ffff800000007fff
00007fffffff8000
ffff800000007fff
00007fffffff8000
ffff800000007fff
00007fffffff8000
ffff800000007fff
00007fffffff8000
ffff800000007fff
00007fffffff8000
ffff800000007fff
00007fffffff8000
ffff800000007fff
00007fffffff8000
ffff800000007fff
00007fffffff8000
ffff800000007fff
00007fffffff8000
ffff800000007fff
00007fffffff8000
ffff800000007fff
00007fffffff8000
ffff800000007fff
00007fffffff8000
ffff800000007fff
00007fffffff8000
ffff800000007fff
00007fffffff8000
ffff800000007fff
00007fffffff8000
ffff800000007fff
00007fffffff8000
ffff800000007fff
00007fffffff8000
ffff800000007fff
00007fffffff8000
ffff800000007fff
00007fffffff8000
ffff800000007fff
00007fffffff8000
ffff800000007fff
00007fffffff8000
ffff800000007fff
00007fffffff8000
ffff800000007fff
00007fffffff8000
ffff800000007fff
00007fffffff8000
ffff800000007fff
00007fffffff8000
ffff800000007fff
00007fffffff8000
ffff800000007fff
00007fffffff8000
ffff800000007fff
00007fffffff8000
ffff800000007fff
00007fffffff8000
ffff800000007fff
00007fffffff8000
ffff800000007fff
00007fffffff8000
ffff800000007fff
00007fffffff8000
ffff800000007fff
00007fffffff8000
ffff800000007fff
00007fffffff8000
ffff800000007fff
00007fffffff8000
ffff800000007fff
00007fffffff8000
ffff800000007fff
00007fffffff8000
ffff800000007fff
00007fffffff8000
ffff800000007fff
00007fffffff8000
ffff800000007fff
00007fffffff8000
ffff800000007fff
00007fffffff8000
ffff800000007fff
00007fffffff8000
ffff800000007fff
00007fffffff8000
ffff800000007fff
00007fffffff8000
ffff800000007fff
00007fffffff8000
ffff800000007fff
00007fffffff8000
ffff800000007fff
00007fffffff8000
ffff800000007fff
00007fffffff8000
ffff800000007fff
00007fffffff8000
ffff800000007fff
00007fffffff8000
ffff800000007fff
00007fffffff8000
ffff800000007fff
00007fffffff8000
ffff800000007fff
00007fffffff8000
ffff800000007fff
00007fffffff8000
ffff800000007fff
00007fffffff8000
ffff800000007fff
00007fffffff8000
ffff800000007fff
00007fffffff8000
ffff800000007fff
00007fffffff8000
ffff800000007fff
00007fffffff8000
ffff800000007fff
00007fffffff8000
ffff800000007fff
00007fffffff8000
ffff800000007fff
00007fffffff8000
ffff800000007fff
00007fffffff8000
ffff800000007fff
00007fffffff8000
ffff800000007fff
00007fffffff8000
ffff800000007fff
00007fffffff8000
ffff800000007fff
00007fffffff8000
ffff800000007fff
00007fffffff8000
ffff800000007fff
00007fffffff8000
ffff800000007fff
00007fffffff8000
ffff800000007fff
00007fffffff8000
ffff800000007fff
00007fffffff8000
ffff800000007fff
00007fffffff8000
ffff800000007fff
00007fffffff8000
ffff800000007fff
00007fffffff8000
ffff800000007fff
00007fffffff8000
ffff800000007fff
00007fffffff8000
ffff800000007fff
00007fffffff8000
ffff800000007fff
00007fffffff8000
ffff800000007fff
00007fffffff8000
ffff800000007fff
00007fffffff8000
ffff800000007fff
00007fffffff8000
ffff800000007fff
00007fffffff8000
ffff800000007fff
00007fffffff8000
ffff800000007fff
00007fffffff8000
ffff800000007fff
00007fffffff8000
ffff800000007fff
00007fffffff8000
ffff800000007fff
00007fffffff8000
ffff800000007fff
00007fffffff8000
ffff800000007fff
00007fffffff8000
ffff800000007fff
00007fffffff8000
ffff800000007fff
00007fffffff8000
ffff800000007fff
00007fffffff8000
ffff800000007fff
00007fffffff8000
ffff800000007fff
00007fffffff8000
ffff800000007fff
00007fffffff8000
ffff800000007fff
00007fffffff8000
ffff800000007fff
00007fffffff8000
ffff800000007fff
00007fffffff8000
ffff800000007fff
00007fffffff8000
ffff800000007fff
00007fffffff8000
ffff800000007fff
00007fffffff8000
ffff800000007fff
00007fffffff8000
ffff800000007fff
00007fffffff8000
ffff800000007fff
00007fffffff8000
ffff800000007fff
00007fffffff8000
ffff800000007fff
00007fffffff8000
ffff800000007fff
00007fffffff8000
ffff800000007fff
00007fffffff8000
ffff800000007fff
00007fffffff8000
ffff800000007fff
00007fffffff8000
ffff800000007fff
00007fffffff8000
ffff800000007fff
00007fffffff8000
ffff800000007fff
00007fffffff8000
ffff800000007fff
00007fffffff8000
ffff800000007fff
00007fffffff8000
ffff800000007fff
00007fffffff8000
ffff800000007fff
00007fffffff8000
ffff800000007fff
00007fffffff8000
ffff800000007fff
00007fffffff8000
ffff800000007fff
00007fffffff8000
ffff800000007fff
00007fffffff8000
ffff800000007fff
00007fffffff8000
ffff800000007fff
00007fffffff8000
ffff800000007fff
00007fffffff8000
ffff800000007fff
00007fffffff8000
ffff800000007fff
00007fffffff8000
ffff800000007fff
00007fffffff8000
ffff800000007fff
00007fffffff8000
ffff800000007fff
00007fffffff8000
ffff800000007fff
00007fffffff8000
ffff800000007fff
00007fffffff8000
ffff800000007fff
00007fffffff8000
ffff800000007fff
00007fffffff8000
ffff800000007fff
00007fffffff8000
ffff800000007fff
00007fffffff8000
ffff800000007fff
00007fffffff8000
ffff800000007fff
00007fffffff8000
ffff800000007fff
00007fffffff8000
ffff800000007fff
00007fffffff8000
ffff800000007fff
00007fffffff8000
ffff800000007fff
00007fffffff8000
ffff800000007fff
00007fffffff8000
ffff800000007fff
00007fffffff8000
ffff800000007fff
00007fffffff8000
ffff800000007fff
00007fffffff8000
ffff800000007fff
00007fffffff8000
ffff800000007fff
00007fffffff8000
ffff800000007fff
00007fffffff8000
ffff800000007fff
00007fffffff8000
ffff800000007fff
00007fffffff8000
ffff800000007fff
00007fffffff8000
ffff800000007fff
00007fffffff8000
ffff800000007fff
00007fffffff8000
ffff800000007fff
00007fffffff8000
ffff800000007fff
00007fffffff8000
ffff800000007fff
00007fffffff8000
ffff800000007fff
00007fffffff8000
ffff800000007fff
00007fffffff8000
ffff800000007fff
00007fffffff8000
ffff800000007fff
00007fffffff8000
ffff800000007fff
00007fffffff8000
ffff800000007fff
00007fffffff8000
ffff800000007fff
00007fffffff8000
ffff800000007fff
00007fffffff8000
ffff800000007fff
00007fffffff8000
ffff800000007fff
00007fffffff8000
ffff800000007fff
00007fffffff8000
ffff800000007fff
00007fffffff8000
ffff800000007fff
00007fffffff8000
ffff800000007fff
00007fffffff8000
ffff800000007fff
00007fffffff8000
ffff800000007fff
00007fffffff8000
ffff800000007fff
00007fffffff8000
ffff800000007fff
00007fffffff8000
ffff800000007fff
00007fffffff8000
ffff800000007fff
00007fffffff8000
ffff800000007fff
00007fffffff8000
ffff800000007fff
00007fffffff8000
ffff800000007fff
00007fffffff8000
ffff800000007fff
00007fffffff8000
ffff800000007fff
00007fffffff8000
ffff800000007fff
00007fffffff8000
ffff800000007fff
00007fffffff8000
ffff800000007fff
00007fffffff8000
ffff800000007fff
00007fffffff8000
ffff800000007fff
00007fffffff8000
ffff800000007fff
00007fffffff8000
ffff800000007fff
00007fffffff8000
ffff800000007fff
00007fffffff8000
ffff800000007fff
00007fffffff8000
ffff800000007fff
00007fffffff8000
ffff800000007fff
00007fffffff8000
ffff800000007fff
00007fffffff8000
ffff800000007fff
00007fffffff8000
ffff800000007fff
00007fffffff8000
ffff800000007fff
00007fffffff8000
ffff800000007fff
00007fffffff8000
ffff800000007fff
00007fffffff8000
ffff800000007fff
00007fffffff8000
ffff800000007fff
00007fffffff8000
ffff800000007fff
00007fffffff8000
ffff800000007fff
00007fffffff8000
ffff800000007fff
00007fffffff8000
ffff800000007fff
00007fffffff8000
ffff800000007fff
00007fffffff8000
ffff800000007fff
00007fffffff8000
ffff800000007fff
00007fffffff8000
ffff800000007fff
00007fffffff8000
ffff800000007fff
00007fffffff8000
ffff800000007fff
00007fffffff8000
ffff800000007fff
00007fffffff8000
ffff800000007fff
00007fffffff8000
ffff800000007fff
00007fffffff8000
ffff800000007fff
00007fffffff8000
ffff800000007fff
00007fffffff8000
ffff800000007fff
00007fffffff8000
ffff800000007fff
00007fffffff8000
ffff800000007fff
00007fffffff8000
ffff800000007fff
00007fffffff8000
ffff800000007fff
00007fffffff8000
ffff800000007fff
00007fffffff8000
ffff800000007fff
00007fffffff8000
ffff800000007fff
00007fffffff8000
ffff800000007fff
00007fffffff8000
ffff800000007fff
00007fffffff8000
ffff800000007fff
00007fffffff8000
ffff800000007fff
00007fffffff8000
ffff800000007fff
00007fffffff8000
ffff800000007fff
00007fffffff8000
ffff800000007fff
00007fffffff8000
ffff800000007fff
00007fffffff8000
ffff800000007fff
00007fffffff8000
ffff800000007fff
00007fffffff8000
ffff800000007fff
00007fffffff8000
ffff800000007fff
00007fffffff8000
ffff800000007fff
00007fffffff8000
ffff800000007fff
00007fffffff8000
ffff800000007fff
00007fffffff8000
ffff800000007fff
00007fffffff8000
ffff800000007fff
00007fffffff8000
ffff800000007fff
00007fffffff8000
ffff800000007fff
00007fffffff8000
ffff800000007fff
00007fffffff8000
ffff800000007fff
00007fffffff8000
ffff800000007fff
00007fffffff8000
ffff800000007fff
00007fffffff8000
ffff800000007fff
00007fffffff8000
ffff800000007fff
00007fffffff8000
ffff800000007fff
00007fffffff8000
ffff800000007fff
00007fffffff8000
ffff800000007fff
00007fffffff8000
ffff800000007fff
00007fffffff8000
ffff800000007fff
00007fffffff8000
ffff800000007fff
00007fffffff8000
ffff800000007fff
00007fffffff8000
ffff800000007fff
00007fffffff8000
ffff800000007fff
00007fffffff8000
ffff800000007fff
00007fffffff8000
ffff800000007fff
00007fffffff8000
ffff800000007fff
00007fffffff8000
ffff800000007fff
00007fffffff8000
ffff800000007fff
00007fffffff8000
ffff800000007fff
00007fffffff8000
ffff800000007fff
00007fffffff8000
ffff800000007fff
00007fffffff8000
ffff800000007fff
00007fffffff8000
ffff800000007fff
00007fffffff8000
ffff800000007fff
00007fffffff8000
ffff800000007fff
00007fffffff8000
ffff800000007fff
00007fffffff8000
ffff800000007fff
00007fffffff8000
ffff800000007fff
00007fffffff8000
ffff800000007fff
00007fffffff8000
ffff800000007fff
00007fffffff8000
ffff800000007fff
00007fffffff8000
ffff800000007fff
00007fffffff8000
ffff800000007fff
00007fffffff8000
ffff800000007fff
00007fffffff8000
ffff800000007fff
00007fffffff8000
ffff800000007fff
00007fffffff8000
ffff800000007fff
00007fffffff8000
ffff800000007fff
00007fffffff8000
ffff800000007fff
00007fffffff8000
ffff800000007fff
00007fffffff8000
ffff800000007fff
00007fffffff8000
ffff800000007fff
00007fffffff8000
ffff800000007fff
00007fffffff8000
ffff800000007fff
00007fffffff8000
ffff800000007fff
00007fffffff8000
ffff800000007fff
00007fffffff8000
ffff800000007fff
00007fffffff8000
ffff800000007fff
00007fffffff8000
ffff800000007fff
00007fffffff8000
ffff800000007fff
00007fffffff8000
ffff800000007fff
00007fffffff8000
ffff800000007fff
00007fffffff8000
ffff800000007fff
00007fffffff8000
ffff800000007fff
00007fffffff8000
ffff800000007fff
00007fffffff8000
ffff800000007fff
00007fffffff8000
ffff800000007fff
00007fffffff8000
ffff800000007fff
00007fffffff8000
ffff800000007fff
00007fffffff8000
ffff800000007fff
00007fffffff8000
ffff800000007fff
00007fffffff8000
ffff800000007fff
00007fffffff8000
ffff800000007fff
00007fffffff8000
ffff800000007fff
00007fffffff8000
ffff800000007fff
00007fffffff8000
ffff800000007fff
00007fffffff8000
ffff800000007fff
00007fffffff8000
ffff800000007fff
00007fffffff8000
ffff800000007fff
00007fffffff8000
ffff800000007fff
00007fffffff8000
ffff800000007fff
00007fffffff8000
ffff800000007fff
00007fffffff8000
ffff800000007fff
00007fffffff8000
ffff800000007fff
00007fffffff8000
ffff800000007fff
00007fffffff8000
ffff800000007fff
00007fffffff8000
ffff800000007fff
00007fffffff8000
ffff800000007fff
00007fffffff8000
ffff800000007fff
00007fffffff8000
ffff800000007fff
00007fffffff8000
ffff800000007fff
00007fffffff8000
ffff800000007fff
00007fffffff8000
ffff800000007fff
00007fffffff8000
ffff800000007fff
00007fffffff8000
ffff800000007fff
00007fffffff8000
ffff800000007fff
00007fffffff8000
ffff800000007fff
00007fffffff8000
ffff800000007fff
00007fffffff8000
ffff800000007fff
00007fffffff8000
ffff800000007fff
00007fffffff8000
ffff800000007fff
00007fffffff8000
ffff800000007fff
00007fffffff8000
ffff800000007fff
00007fffffff8000
ffff800000007fff
00007fffffff8000
ffff800000007fff
00007fffffff8000
ffff800000007fff
00007fffffff8000
ffff800000007fff
00007fffffff8000
ffff800000007fff
00007fffffff8000
ffff800000007fff
00007fffffff8000
ffff800000007fff
00007fffffff8000
ffff800000007fff
00007fffffff8000
ffff800000007fff
00007fffffff8000
ffff800000007fff
00007fffffff8000
ffff800000007fff
00007fffffff8000
ffff800000007fff
00007fffffff8000
ffff800000007fff
00007fffffff8000
ffff800000007fff
00007fffffff8000
ffff800000007fff
00007fffffff8000
ffff800000007fff
00007fffffff8000
ffff800000007fff
00007fffffff8000
ffff800000007fff
00007fffffff8000
ffff800000007fff
00007fffffff8000
ffff800000007fff
00007fffffff8000
ffff800000007fff
00007fffffff8000
ffff800000007fff
00007fffffff8000
ffff800000007fff
00007fffffff8000
ffff800000007fff
00007fffffff8000
ffff800000007fff
00007fffffff8000
ffff800000007fff
00007fffffff8000
ffff800000007fff
00007fffffff8000
ffff800000007fff
00007fffffff8000
ffff800000007fff
00007fffffff8000
ffff800000007fff
00007fffffff8000
ffff800000007fff
00007fffffff8000
ffff800000007fff
00007fffffff8000
ffff800000007fff
00007fffffff8000
ffff800000007fff
00007fffffff8000
ffff800000007fff
00007fffffff8000
ffff800000007fff
00007fffffff8000
ffff800000007fff
00007fffffff8000
ffff800000007fff
00007fffffff8000
ffff800000007fff
00007fffffff8000
ffff800000007fff
00007fffffff8000
ffff800000007fff
00007fffffff8000
ffff800000007fff
00007fffffff8000
ffff800000007fff
00007fffffff8000
ffff800000007fff
00007fffffff8000
ffff800000007fff
00007fffffff8000
ffff800000007fff
00007fffffff8000
ffff800000007fff
00007fffffff8000
ffff800000007fff
00007fffffff8000
ffff800000007fff
00007fffffff8000
ffff800000007fff
00007fffffff8000
ffff800000007fff
00007fffffff8000
ffff800000007fff
00007fffffff8000
ffff800000007fff
00007fffffff8000
ffff800000007fff
00007fffffff8000
ffff800000007fff
00007fffffff8000
ffff800000007fff
00007fffffff8000
ffff800000007fff
00007fffffff8000
ffff800000007fff
00007fffffff8000
ffff800000007fff
00007fffffff8000
ffff800000007fff
00007fffffff8000
ffff800000007fff
00007fffffff8000
ffff800000007fff
00007fffffff8000
ffff800000007fff
00007fffffff8000
ffff800000007fff
00007fffffff8000
ffff800000007fff
00007fffffff8000
ffff800000007fff
00007fffffff8000
ffff800000007fff
00007fffffff8000
ffff800000007fff
00007fffffff8000
ffff800000007fff
00007fffffff8000
ffff800000007fff
00007fffffff8000
ffff800000007fff
00007fffffff8000
ffff800000007fff
00007fffffff8000
ffff800000007fff
00007fffffff8000
ffff800000007fff
00007fffffff8000
ffff800000007fff
00007fffffff8000
ffff800000007fff
00007fffffff8000
ffff800000007fff
00007fffffff8000
ffff800000007fff
00007fffffff8000
ffff800000007fff
00007fffffff8000
ffff800000007fff
00007fffffff8000
ffff800000007fff
00007fffffff8000
ffff800000007fff
00007fffffff8000
ffff800000007fff
00007fffffff8000
ffff800000007fff
00007fffffff8000
ffff800000007fff
00007fffffff8000
ffff800000007fff
00007fffffff8000
ffff800000007fff
00007fffffff8000
ffff800000007fff
00007fffffff8000
ffff800000007fff
00007fffffff8000
ffff800000007fff
00007fffffff8000
ffff800000007fff
00007fffffff8000
ffff800000007fff
00007fffffff8000
ffff800000007fff
00007fffffff8000
ffff800000007fff
00007fffffff8000
ffff800000007fff
00007fffffff8000
ffff800000007fff
00007fffffff8000
ffff800000007fff
00007fffffff8000
ffff800000007fff
00007fffffff8000
ffff800000007fff
00007fffffff8000
ffff800000007fff
00007fffffff8000
ffff800000007fff
00007fffffff8000
ffff800000007fff
00007fffffff8000
ffff800000007fff
00007fffffff8000
ffff800000007fff
00007fffffff8000
ffff800000007fff
00007fffffff8000
ffff800000007fff
00007fffffff8000
ffff800000007fff
00007fffffff8000
ffff800000007fff
00007fffffff8000
ffff800000007fff
00007fffffff8000
ffff800000007fff
00007fffffff8000
ffff800000007fff
00007fffffff8000
ffff800000007fff
00007fffffff8000
ffff800000007fff
00007fffffff8000
ffff800000007fff
00007fffffff8000
ffff800000007fff
00007fffffff8000
ffff800000007fff
00007fffffff8000
ffff800000007fff
00007fffffff8000
ffff800000007fff
00007fffffff8000
ffff800000007fff
00007fffffff8000
ffff800000007fff
00007fffffff8000
ffff800000007fff
00007fffffff8000
ffff800000007fff
00007fffffff8000
ffff800000007fff
00007fffffff8000
ffff800000007fff
00007fffffff8000
ffff800000007fff
00007fffffff8000
ffff800000007fff
00007fffffff8000
ffff800000007fff
00007fffffff8000
ffff800000007fff
00007fffffff8000
ffff800000007fff
00007fffffff8000
ffff800000007fff
00007fffffff8000
ffff800000007fff
00007fffffff8000
ffff800000007fff
00007fffffff8000
ffff800000007fff
00007fffffff8000
ffff800000007fff
00007fffffff8000
ffff800000007fff
00007fffffff8000
ffff800000007fff
00007fffffff8000
ffff800000007fff
00007fffffff8000
ffff800000007fff
00007fffffff8000
ffff800000007fff
00007fffffff8000
ffff800000007fff
00007fffffff8000
ffff800000007fff
00007fffffff8000
ffff800000007fff
00007fffffff8000
ffff800000007fff
00007fffffff8000
ffff800000007fff
00007fffffff8000
ffff800000007fff
00007fffffff8000
ffff800000007fff
00007fffffff8000
ffff800000007fff
00007fffffff8000
ffff800000007fff
00007fffffff8000
ffff800000007fff
00007fffffff8000
ffff800000007fff
00007fffffff8000
ffff800000007fff
00007fffffff8000
ffff800000007fff
00007fffffff8000
ffff800000007fff
00007fffffff8000
ffff800000007fff
00007fffffff8000
ffff800000007fff
00007fffffff8000
ffff800000007fff
00007fffffff8000
ffff800000007fff
00007fffffff8000
ffff800000007fff
00007fffffff8000
ffff800000007fff
00007fffffff8000
ffff800000007fff
00007fffffff8000
ffff800000007fff
00007fffffff8000
ffff800000007fff
00007fffffff8000
ffff800000007fff
00007fffffff8000
ffff800000007fff
00007fffffff8000
ffff800000007fff
00007fffffff8000
ffff800000007fff
00007fffffff8000
ffff800000007fff
00007fffffff8000
ffff800000007fff
00007fffffff8000
ffff800000007fff
00007fffffff8000
ffff800000007fff
00007fffffff8000
ffff800000007fff
00007fffffff8000
ffff800000007fff
00007fffffff8000
ffff800000007fff
00007fffffff8000
ffff800000007fff
00007fffffff8000
ffff800000007fff
00007fffffff8000
ffff800000007fff
00007fffffff8000
ffff800000007fff
00007fffffff8000
ffff800000007fff
00007fffffff8000
ffff800000007fff
00007fffffff8000
ffff800000007fff
00007fffffff8000
ffff800000007fff
00007fffffff8000
ffff800000007fff
00007fffffff8000
ffff800000007fff
00007fffffff8000
ffff800000007fff
00007fffffff8000
ffff800000007fff
00007fffffff8000
ffff800000007fff
00007fffffff8000
ffff800000007fff
00007fffffff8000
ffff800000007fff
00007fffffff8000
ffff800000007fff
00007fffffff8000
ffff800000007fff
00007fffffff8000
ffff800000007fff
00007fffffff8000
ffff800000007fff
00007fffffff8000
ffff800000007fff
00007fffffff8000
ffff800000007fff
00007fffffff8000
ffff800000007fff
00007fffffff8000
ffff800000007fff
00007fffffff8000
ffff800000007fff
00007fffffff8000
ffff800000007fff
00007fffffff8000
ffff800000007fff
00007fffffff8000
ffff800000007fff
00007fffffff8000
ffff800000007fff
00007fffffff8000
ffff800000007fff
00007fffffff8000
ffff800000007fff
00007fffffff8000
ffff800000007fff
00007fffffff8000
ffff800000007fff
00007fffffff8000
ffff800000007fff
00007fffffff8000
ffff800000007fff
00007fffffff8000
ffff800000007fff
00007fffffff8000
ffff800000007fff
00007fffffff8000
ffff800000007fff
00007fffffff8000
ffff800000007fff
00007fffffff8000
ffff800000007fff
00007fffffff8000
ffff800000007fff
00007fffffff8000
ffff800000007fff
00007fffffff8000
ffff800000007fff
00007fffffff8000
ffff800000007fff
00007fffffff8000
ffff800000007fff
00007fffffff8000
ffff800000007fff
00007fffffff8000
ffff800000007fff
00007fffffff8000
ffff800000007fff
00007fffffff8000
ffff800000007fff
00007fffffff8000
ffff800000007fff
00007fffffff8000
ffff800000007fff
00007fffffff8000
ffff800000007fff
00007fffffff8000
ffff800000007fff
00007fffffff8000
ffff800000007fff
00007fffffff8000
ffff800000007fff
00007fffffff8000
ffff800000007fff
00007fffffff8000
ffff800000007fff
00007fffffff8000
ffff800000007fff
00007fffffff8000
ffff800000007fff
00007fffffff8000
ffff800000007fff
00007fffffff8000
ffff800000007fff
00007fffffff8000
ffff800000007fff
00007fffffff8000
ffff800000007fff
00007fffffff8000
ffff800000007fff
00007fffffff8000
ffff800000007fff
00007fffffff8000
ffff800000007fff
00007fffffff8000
ffff800000007fff
00007fffffff8000
ffff800000007fff
00007fffffff8000
ffff800000007fff
00007fffffff8000
ffff800000007fff
00007fffffff8000
ffff800000007fff
00007fffffff8000
ffff800000007fff
00007fffffff8000
ffff800000007fff
00007fffffff8000
ffff800000007fff
00007fffffff8000
ffff800000007fff
00007fffffff8000
ffff800000007fff
00007fffffff8000
ffff800000007fff
00007fffffff8000
ffff800000007fff
00007fffffff8000
ffff800000007fff
00007fffffff8000
ffff800000007fff
00007fffffff8000
ffff800000007fff
00007fffffff8000
ffff800000007fff
00007fffffff8000
ffff800000007fff
00007fffffff8000
ffff800000007fff
00007fffffff8000
ffff800000007fff
00007fffffff8000
ffff800000007fff
00007fffffff8000
ffff800000007fff
00007fffffff8000
ffff800000007fff
00007fffffff8000
ffff800000007fff
00007fffffff8000
ffff800000007fff
00007fffffff8000
ffff800000007fff
00007fffffff8000
ffff800000007fff
00007fffffff8000
ffff800000007fff
00007fffffff8000
ffff800000007fff
00007fffffff8000
ffff800000007fff
00007fffffff8000
ffff800000007fff
00007fffffff8000
ffff800000007fff
00007fffffff8000
ffff800000007fff
00007fffffff8000
ffff800000007fff
00007fffffff8000
ffff800000007fff
00007fffffff8000
ffff800000007fff
00007fffffff8000
ffff800000007fff
00007fffffff8000
ffff800000007fff
00007fffffff8000
ffff800000007fff
00007fffffff8000
ffff800000007fff
00007fffffff8000
ffff800000007fff
00007fffffff8000
ffff800000007fff
00007fffffff8000
ffff800000007fff
00007fffffff8000
ffff800000007fff
00007fffffff8000
ffff800000007fff
00007fffffff8000
ffff800000007fff
00007fffffff8000
ffff800000007fff
00007fffffff8000
ffff800000007fff
00007fffffff8000
ffff800000007fff
00007fffffff8000
ffff800000007fff
00007fffffff8000
ffff800000007fff
00007fffffff8000
ffff800000007fff
00007fffffff8000
ffff800000007fff
00007fffffff8000
ffff800000007fff
00007fffffff8000
ffff800000007fff
00007fffffff8000
ffff800000007fff
00007fffffff8000
ffff800000007fff
00007fffffff8000
ffff800000007fff
00007fffffff8000
ffff800000007fff
00007fffffff8000
ffff800000007fff
00007fffffff8000
ffff800000007fff
00007fffffff8000
ffff800000007fff
00007fffffff8000
ffff800000007fff
00007fffffff8000
ffff800000007fff
00007fffffff8000
ffff800000007fff
00007fffffff8000
ffff800000007fff
00007fffffff8000
ffff800000007fff
00007fffffff8000
ffff800000007fff
00007fffffff8000
ffff800000007fff
00007fffffff8000
ffff800000007fff
00007fffffff8000
ffff800000007fff
00007fffffff8000
ffff800000007fff
00007fffffff8000
ffff800000007fff
00007fffffff8000
ffff800000007fff
00007fffffff8000
ffff800000007fff
00007fffffff8000
ffff800000007fff
00007fffffff8000
ffff800000007fff
00007fffffff8000
ffff800000007fff
00007fffffff8000
ffff800000007fff
00007fffffff8000
ffff800000007fff
00007fffffff8000
ffff800000007fff
00007fffffff8000
ffff800000007fff
00007fffffff8000
ffff800000007fff
00007fffffff8000
ffff800000007fff
00007fffffff8000
ffff800000007fff
00007fffffff8000
ffff800000007fff
00007fffffff8000
ffff800000007fff
00007fffffff8000
ffff800000007fff
00007fffffff8000
ffff800000007fff
00007fffffff8000
ffff800000007fff
00007fffffff8000
ffff800000007fff
00007fffffff8000
ffff800000007fff
00007fffffff8000
ffff800000007fff
00007fffffff8000
ffff800000007fff
00007fffffff8000
ffff800000007fff
00007fffffff8000
ffff800000007fff
00007fffffff8000
ffff800000007fff
00007fffffff8000
ffff800000007fff
00007fffffff8000
ffff800000007fff
00007fffffff8000
ffff800000007fff
00007fffffff8000
ffff800000007fff
00007fffffff8000
ffff800000007fff
00007fffffff8000
ffff800000007fff
00007fffffff8000
ffff800000007fff
00007fffffff8000
ffff800000007fff
00007fffffff8000
ffff800000007fff
00007fffffff8000
ffff800000007fff
00007fffffff8000
ffff800000007fff
00007fffffff8000
ffff800000007fff
00007fffffff8000
ffff800000007fff
00007fffffff8000
ffff800000007fff
00007fffffff8000
ffff800000007fff
00007fffffff8000
ffff800000007fff
00007fffffff8000
ffff800000007fff
00007fffffff8000
ffff800000007fff
00007fffffff8000
ffff800000007fff
00007fffffff8000
ffff800000007fff
00007fffffff8000
ffff800000007fff
00007fffffff8000
ffff800000007fff
00007fffffff8000
ffff800000007fff
00007fffffff8000
ffff800000007fff
00007fffffff8000
ffff800000007fff
00007fffffff8000
ffff800000007fff
00007fffffff8000
ffff800000007fff
00007fffffff8000
ffff800000007fff
00007fffffff8000
ffff800000007fff
00007fffffff8000
ffff800000007fff
00007fffffff8000
ffff800000007fff
00007fffffff8000
ffff800000007fff
00007fffffff8000
ffff800000007fff
ffff800000007fff
ffff800000007fff
ffff800000007fff
ffff800000007fff
ffff800000007fff
ffff800000007fff
ffff800000007fff
ffff800000007fff
ffff800000007fff
ffff800000007fff
ffff800000007fff
ffff800000007fff
ffff800000007fff
ffff800000007fff
ffff800000007fff
ffff800000007fff
ffff800000007fff
ffff800000007fff
ffff800000007fff
ffff800000007fff
ffff800000007fff
ffff800000007fff
ffff800000007fff
ffff800000007fff
ffff800000007fff
ffff800000007fff
ffff800000007fff
ffff800000007fff
ffff800000007fff
ffff800000007fff
ffff800000007fff
ffff800000007fff
ffff800000007fff
ffff800000007fff
ffff800000007fff
ffff800000007fff
ffff800000007fff
ffff800000007fff
ffff800000007fff
ffff800000007fff
ffff800000007fff
ffff800000007fff
ffff800000007fff
ffff800000007fff
ffff800000007fff
ffff800000007fff
ffff800000007fff
ffff800000007fff
ffff800000007fff
ffff800000007fff
ffff800000007fff
ffff800000007fff
ffff800000007fff
ffff800000007fff
ffff800000007fff
ffff800000007fff
ffff800000007fff
ffff800000007fff
ffff800000007fff
ffff800000007fff
ffff800000007fff
ffff800000007fff
ffff800000007fff
ffff800000007fff
ffff800000007fff
ffff800000007fff
ffff800000007fff
ffff800000007fff
ffff800000007fff
ffff800000007fff
ffff800000007fff
ffff800000007fff
ffff800000007fff
ffff800000007fff
ffff800000007fff
ffff800000007fff
ffff800000007fff
ffff800000007fff
ffff800000007fff
ffff800000007fff
ffff800000007fff
ffff800000007fff
ffff800000007fff
ffff800000007fff
ffff800000007fff
ffff800000007fff
ffff800000007fff
ffff800000007fff
ffff800000007fff
ffff800000007fff
ffff800000007fff
ffff800000007fff
ffff800000007fff
ffff800000007fff
ffff800000007fff
ffff800000007fff
ffff800000007fff
ffff800000007fff
ffff800000007fff
ffff800000007fff
ffff800000007fff
ffff800000007fff
ffff800000007fff
ffff800000007fff
ffff800000007fff
ffff800000007fff
ffff800000007fff
ffff800000007fff
ffff800000007fff
ffff800000007fff
ffff800000007fff
ffff800000007fff
ffff800000007fff
ffff800000007fff
ffff800000007fff
ffff800000007fff
ffff800000007fff
ffff800000007fff
ffff800000007fff
ffff800000007fff
ffff800000007fff
ffff800000007fff
ffff800000007fff
ffff800000007fff
ffff800000007fff
ffff800000007fff
ffff800000007fff
ffff800000007fff
ffff800000007fff
ffff800000007fff
ffff800000007fff
ffff800000007fff
ffff800000007fff
ffff800000007fff
ffff800000007fff
ffff800000007fff
ffff800000007fff
ffff800000007fff
ffff800000007fff
ffff800000007fff
ffff800000007fff
ffff800000007fff
ffff800000007fff
ffff800000007fff
ffff800000007fff
ffff800000007fff
ffff800000007fff
ffff800000007fff
ffff800000007fff
ffff800000007fff
ffff800000007fff
ffff800000007fff
ffff800000007fff
ffff800000007fff
ffff800000007fff
ffff800000007fff
ffff800000007fff
ffff800000007fff
ffff800000007fff
ffff800000007fff
ffff800000007fff
ffff800000007fff
ffff800000007fff
ffff800000007fff
ffff800000007fff
ffff800000007fff
ffff800000007fff
ffff800000007fff
ffff800000007fff
ffff800000007fff
ffff800000007fff
ffff800000007fff
ffff800000007fff
ffff800000007fff
ffff800000007fff
ffff800000007fff
ffff800000007fff
ffff800000007fff
ffff800000007fff
ffff800000007fff
ffff800000007fff
ffff800000007fff
ffff800000007fff
ffff800000007fff
ffff800000007fff
ffff800000007fff
ffff800000007fff
ffff800000007fff
ffff800000007fff
ffff800000007fff
ffff800000007fff
ffff800000007fff
ffff800000007fff
ffff800000007fff
ffff800000007fff
ffff800000007fff
ffff800000007fff
ffff800000007fff
ffff800000007fff
ffff800000007fff
ffff800000007fff
ffff800000007fff
ffff800000007fff
ffff800000007fff
ffff800000007fff
ffff800000007fff
ffff800000007fff
ffff800000007fff
ffff800000007fff
ffff800000007fff
ffff800000007fff
ffff800000007fff
ffff800000007fff
ffff800000007fff
ffff800000007fff
ffff800000007fff
ffff800000007fff
ffff800000007fff
ffff800000007fff
ffff800000007fff
ffff800000007fff
ffff800000007fff
ffff800000007fff
ffff800000007fff
ffff800000007fff
ffff800000007fff
ffff800000007fff
ffff800000007fff
ffff800000007fff
ffff800000007fff
ffff800000007fff
ffff800000007fff
ffff800000007fff
ffff800000007fff
ffff800000007fff
ffff800000007fff
ffff800000007fff
ffff800000007fff
ffff800000007fff
ffff800000007fff
ffff800000007fff
ffff800000007fff
ffff800000007fff
ffff800000007fff
ffff800000007fff
ffff800000007fff
ffff800000007fff
ffff800000007fff
ffff800000007fff
ffff800000007fff
ffff800000007fff
ffff800000007fff
ffff800000007fff
ffff800000007fff
ffff800000007fff
ffff800000007fff
ffff800000007fff
ffff800000007fff
ffff800000007fff
ffff800000007fff
ffff800000007fff
ffff800000007fff
ffff800000007fff
ffff800000007fff
ffff800000007fff
ffff800000007fff
ffff800000007fff
ffff800000007fff
ffff800000007fff
ffff800000007fff
ffff800000007fff
ffff800000007fff
ffff800000007fff
ffff800000007fff
ffff800000007fff
ffff800000007fff
ffff800000007fff
ffff800000007fff
ffff800000007fff
ffff800000007fff
ffff800000007fff
ffff800000007fff
ffff800000007fff
ffff800000007fff
ffff800000007fff
ffff800000007fff
ffff800000007fff
ffff800000007fff
ffff800000007fff
ffff800000007fff
ffff800000007fff
ffff800000007fff
ffff800000007fff
ffff800000007fff
ffff800000007fff
ffff800000007fff
ffff800000007fff
ffff800000007fff
ffff800000007fff
ffff800000007fff
ffff800000007fff
ffff800000007fff
ffff800000007fff
ffff800000007fff
ffff800000007fff
ffff800000007fff
ffff800000007fff
ffff800000007fff
ffff800000007fff
ffff800000007fff
ffff800000007fff
ffff800000007fff
ffff800000007fff
ffff800000007fff
ffff800000007fff
ffff800000007fff
ffff800000007fff
ffff800000007fff
ffff800000007fff
ffff800000007fff
ffff800000007fff
ffff800000007fff
ffff800000007fff
ffff800000007fff
ffff800000007fff
ffff800000007fff
ffff800000007fff
ffff800000007fff
ffff800000007fff
ffff800000007fff
ffff800000007fff
ffff800000007fff
ffff800000007fff
ffff800000007fff
ffff800000007fff
ffff800000007fff
ffff800000007fff
ffff800000007fff
ffff800000007fff
ffff800000007fff
ffff800000007fff
ffff800000007fff
ffff800000007fff
ffff800000007fff
ffff800000007fff
ffff800000007fff
ffff800000007fff
ffff800000007fff
ffff800000007fff
ffff800000007fff
ffff800000007fff
ffff800000007fff
ffff800000007fff
ffff800000007fff
ffff800000007fff
ffff800000007fff
ffff800000007fff
ffff800000007fff
ffff800000007fff
ffff800000007fff
ffff800000007fff
ffff800000007fff
ffff800000007fff
ffff800000007fff
ffff800000007fff
ffff800000007fff
ffff800000007fff
ffff800000007fff
ffff800000007fff
ffff800000007fff
ffff800000007fff
ffff800000007fff
ffff800000007fff
ffff800000007fff
ffff800000007fff
ffff800000007fff
ffff800000007fff
ffff800000007fff
ffff800000007fff
ffff800000007fff
ffff800000007fff
ffff800000007fff
ffff800000007fff
ffff800000007fff
ffff800000007fff
ffff800000007fff
ffff800000007fff
ffff800000007fff
ffff800000007fff
ffff800000007fff
ffff800000007fff
ffff800000007fff
ffff800000007fff
ffff800000007fff
ffff800000007fff
ffff800000007fff
ffff800000007fff
ffff800000007fff
ffff800000007fff
ffff800000007fff
ffff800000007fff
ffff800000007fff
ffff800000007fff
ffff800000007fff
ffff800000007fff
ffff800000007fff
ffff800000007fff
ffff800000007fff
ffff800000007fff
ffff800000007fff
ffff800000007fff
ffff800000007fff
ffff800000007fff
ffff800000007fff
ffff800000007fff
ffff800000007fff
ffff800000007fff
ffff800000007fff
ffff800000007fff
ffff800000007fff
ffff800000007fff
ffff800000007fff
ffff800000007fff
ffff800000007fff
ffff800000007fff
ffff800000007fff
ffff800000007fff
ffff800000007fff
ffff800000007fff
ffff800000007fff
ffff800000007fff
ffff800000007fff
ffff800000007fff
ffff800000007fff
ffff800000007fff
ffff800000007fff
ffff800000007fff
ffff800000007fff
ffff800000007fff
ffff800000007fff
ffff800000007fff
ffff800000007fff
ffff800000007fff
ffff800000007fff
ffff800000007fff
ffff800000007fff
ffff800000007fff
ffff800000007fff
ffff800000007fff
ffff800000007fff
ffff800000007fff
ffff800000007fff
ffff800000007fff
ffff800000007fff
ffff800000007fff
ffff800000007fff
ffff800000007fff
ffff800000007fff
ffff800000007fff
ffff800000007fff
ffff800000007fff
ffff800000007fff
ffff800000007fff
ffff800000007fff
ffff800000007fff
ffff800000007fff
ffff800000007fff
ffff800000007fff
ffff800000007fff
ffff800000007fff
ffff800000007fff
ffff800000007fff
ffff800000007fff
ffff800000007fff
ffff800000007fff
ffff800000007fff
ffff800000007fff
ffff800000007fff
ffff800000007fff
ffff800000007fff
ffff800000007fff
ffff800000007fff
ffff800000007fff
ffff800000007fff
ffff800000007fff
ffff800000007fff
ffff800000007fff
ffff800000007fff
ffff800000007fff
ffff800000007fff
ffff800000007fff
ffff800000007fff
ffff800000007fff
ffff800000007fff
ffff800000007fff
ffff800000007fff
ffff800000007fff
ffff800000007fff
ffff800000007fff
ffff800000007fff
ffff800000007fff
ffff800000007fff
ffff800000007fff
ffff800000007fff
ffff800000007fff
ffff800000007fff
ffff800000007fff
ffff800000007fff
ffff800000007fff
ffff800000007fff
ffff800000007fff
ffff800000007fff
ffff800000007fff
ffff800000007fff
ffff800000007fff
ffff800000007fff
ffff800000007fff
ffff800000007fff
ffff800000007fff
ffff800000007fff
ffff800000007fff
ffff800000007fff
ffff800000007fff
ffff800000007fff
ffff800000007fff
ffff800000007fff
ffff800000007fff
ffff800000007fff
ffff800000007fff
ffff800000007fff
ffff800000007fff
ffff800000007fff
ffff800000007fff
ffff800000007fff
ffff800000007fff
ffff800000007fff
ffff800000007fff
ffff800000007fff
ffff800000007fff
ffff800000007fff
ffff800000007fff
ffff800000007fff
ffff800000007fff
ffff800000007fff
ffff800000007fff
ffff800000007fff
ffff800000007fff
ffff800000007fff
ffff800000007fff
ffff800000007fff
ffff800000007fff
ffff800000007fff
ffff800000007fff
ffff800000007fff
ffff800000007fff
ffff800000007fff
ffff800000007fff
ffff800000007fff
ffff800000007fff
ffff800000007fff
ffff800000007fff
ffff800000007fff
ffff800000007fff
ffff800000007fff
ffff800000007fff
ffff800000007fff
ffff800000007fff
ffff800000007fff
ffff800000007fff
ffff800000007fff
ffff800000007fff
ffff800000007fff
ffff800000007fff
ffff800000007fff
ffff800000007fff
ffff800000007fff
ffff800000007fff
ffff800000007fff
ffff800000007fff
ffff800000007fff
ffff800000007fff
ffff800000007fff
ffff800000007fff
ffff800000007fff
ffff800000007fff
ffff800000007fff
ffff800000007fff
ffff800000007fff
ffff800000007fff
ffff800000007fff
ffff800000007fff
ffff800000007fff
ffff800000007fff
ffff800000007fff
ffff800000007fff
ffff800000007fff
ffff800000007fff
ffff800000007fff
ffff800000007fff
ffff800000007fff
ffff800000007fff
ffff800000007fff
ffff800000007fff
ffff800000007fff
ffff800000007fff
ffff800000007fff
ffff800000007fff
ffff800000007fff
ffff800000007fff
ffff800000007fff
ffff800000007fff
ffff800000007fff
ffff800000007fff
ffff800000007fff
ffff800000007fff
ffff800000007fff
ffff800000007fff
ffff800000007fff
ffff800000007fff
ffff800000007fff
ffff800000007fff
ffff800000007fff
ffff800000007fff
ffff800000007fff
ffff800000007fff
ffff800000007fff
ffff800000007fff
ffff800000007fff
ffff800000007fff
ffff800000007fff
ffff800000007fff
ffff800000007fff
ffff800000007fff
ffff800000007fff
ffff800000007fff
ffff800000007fff
ffff800000007fff
ffff800000007fff
ffff800000007fff
ffff800000007fff
ffff800000007fff
ffff800000007fff
ffff800000007fff
ffff800000007fff
ffff800000007fff
ffff800000007fff
ffff800000007fff
ffff800000007fff
ffff800000007fff
ffff800000007fff
ffff800000007fff
ffff800000007fff
ffff800000007fff
ffff800000007fff
ffff800000007fff
ffff800000007fff
ffff800000007fff
ffff800000007fff
ffff800000007fff
ffff800000007fff
ffff800000007fff
ffff800000007fff
ffff800000007fff
ffff800000007fff
ffff800000007fff
ffff800000007fff
ffff800000007fff
ffff800000007fff
ffff800000007fff
ffff800000007fff
ffff800000007fff
ffff800000007fff
ffff800000007fff
ffff800000007fff
ffff800000007fff
ffff800000007fff
ffff800000007fff
ffff800000007fff
ffff800000007fff
ffff800000007fff
ffff800000007fff
ffff800000007fff
ffff800000007fff
ffff800000007fff
ffff800000007fff
ffff800000007fff
ffff800000007fff
ffff800000007fff
ffff800000007fff
ffff800000007fff
ffff800000007fff
ffff800000007fff
ffff800000007fff
ffff800000007fff
ffff800000007fff
ffff800000007fff
ffff800000007fff
ffff800000007fff
ffff800000007fff
ffff800000007fff
ffff800000007fff
ffff800000007fff
ffff800000007fff
ffff800000007fff
ffff800000007fff
ffff800000007fff
ffff800000007fff
ffff800000007fff
ffff800000007fff
ffff800000007fff
ffff800000007fff
ffff800000007fff
ffff800000007fff
ffff800000007fff
ffff800000007fff
ffff800000007fff
ffff800000007fff
ffff800000007fff
ffff800000007fff
ffff800000007fff
ffff800000007fff
ffff800000007fff
ffff800000007fff
ffff800000007fff
ffff800000007fff
ffff800000007fff
ffff800000007fff
ffff800000007fff
ffff800000007fff
ffff800000007fff
ffff800000007fff
ffff800000007fff
ffff800000007fff
ffff800000007fff
ffff800000007fff
ffff800000007fff
ffff800000007fff
ffff800000007fff
ffff800000007fff
ffff800000007fff
ffff800000007fff
ffff800000007fff
ffff800000007fff
ffff800000007fff
ffff800000007fff
ffff800000007fff
ffff800000007fff
ffff800000007fff
ffff800000007fff
ffff800000007fff
ffff800000007fff
ffff800000007fff
ffff800000007fff
ffff800000007fff
ffff800000007fff
ffff800000007fff
ffff800000007fff
ffff800000007fff
ffff800000007fff
ffff800000007fff
ffff800000007fff
ffff800000007fff
ffff800000007fff
ffff800000007fff
ffff800000007fff
ffff800000007fff
ffff800000007fff
ffff800000007fff
ffff800000007fff
ffff800000007fff
ffff800000007fff
ffff800000007fff
ffff800000007fff
ffff800000007fff
ffff800000007fff
ffff800000007fff
ffff800000007fff
ffff800000007fff
ffff800000007fff
ffff800000007fff
ffff800000007fff
ffff800000007fff
ffff800000007fff
ffff800000007fff
ffff800000007fff
ffff800000007fff
ffff800000007fff
ffff800000007fff
ffff800000007fff
ffff800000007fff
ffff800000007fff
ffff800000007fff
ffff800000007fff
ffff800000007fff
ffff800000007fff
ffff800000007fff
ffff800000007fff
ffff800000007fff
ffff800000007fff
ffff800000007fff
ffff800000007fff
ffff800000007fff
ffff800000007fff
ffff800000007fff
ffff800000007fff
ffff800000007fff
ffff800000007fff
ffff800000007fff
ffff800000007fff
ffff800000007fff
ffff800000007fff
ffff800000007fff
ffff800000007fff
ffff800000007fff
ffff800000007fff
ffff800000007fff
ffff800000007fff
ffff800000007fff
ffff800000007fff
ffff800000007fff
ffff800000007fff
ffff800000007fff
ffff800000007fff
ffff800000007fff
ffff800000007fff
ffff800000007fff
ffff800000007fff
ffff800000007fff
ffff800000007fff
ffff800000007fff
ffff800000007fff
ffff800000007fff
ffff800000007fff
ffff800000007fff
ffff800000007fff
ffff800000007fff
ffff800000007fff
ffff800000007fff
ffff800000007fff
ffff800000007fff
ffff800000007fff
ffff800000007fff
ffff800000007fff
ffff800000007fff
ffff800000007fff
ffff800000007fff
ffff800000007fff
ffff800000007fff
ffff800000007fff
ffff800000007fff
ffff800000007fff
ffff800000007fff
ffff800000007fff
ffff800000007fff
ffff800000007fff
ffff800000007fff
ffff800000007fff
ffff800000007fff
ffff800000007fff
ffff800000007fff
ffff800000007fff
ffff800000007fff
ffff800000007fff
ffff800000007fff
ffff800000007fff
ffff800000007fff
ffff800000007fff
ffff800000007fff
ffff800000007fff
ffff800000007fff
ffff800000007fff
ffff800000007fff
ffff800000007fff
ffff800000007fff
ffff800000007fff
ffff800000007fff
ffff800000007fff
ffff800000007fff
ffff800000007fff
ffff800000007fff
ffff800000007fff
ffff800000007fff
ffff800000007fff
ffff800000007fff
ffff800000007fff
ffff800000007fff
ffff800000007fff
ffff800000007fff
ffff800000007fff
ffff800000007fff
ffff800000007fff
ffff800000007fff
ffff800000007fff
ffff800000007fff
ffff800000007fff
ffff800000007fff
ffff800000007fff
ffff800000007fff
ffff800000007fff
ffff800000007fff
ffff800000007fff
ffff800000007fff
ffff800000007fff
ffff800000007fff
ffff800000007fff
ffff800000007fff
ffff800000007fff
ffff800000007fff
ffff800000007fff
ffff800000007fff
ffff800000007fff
ffff800000007fff
ffff800000007fff
ffff800000007fff
ffff800000007fff
ffff800000007fff
ffff800000007fff
ffff800000007fff
ffff800000007fff
ffff800000007fff
ffff800000007fff
ffff800000007fff
ffff800000007fff
ffff800000007fff
ffff800000007fff
ffff800000007fff
ffff800000007fff
ffff800000007fff
ffff800000007fff
ffff800000007fff
ffff800000007fff
ffff800000007fff
ffff800000007fff
ffff800000007fff
ffff800000007fff
ffff800000007fff
ffff800000007fff
ffff800000007fff
ffff800000007fff
ffff800000007fff
ffff800000007fff
ffff800000007fff
ffff800000007fff
ffff800000007fff
ffff800000007fff
ffff800000007fff
ffff800000007fff
ffff800000007fff
ffff800000007fff
ffff800000007fff
ffff800000007fff
ffff800000007fff
ffff800000007fff
ffff800000007fff
ffff800000007fff
ffff800000007fff
ffff800000007fff
ffff800000007fff
ffff800000007fff
ffff800000007fff
ffff800000007fff
ffff800000007fff
ffff800000007fff
ffff800000007fff
ffff800000007fff
ffff800000007fff
ffff800000007fff
ffff800000007fff
ffff800000007fff
ffff800000007fff
ffff800000007fff
ffff800000007fff
ffff800000007fff
ffff800000007fff
ffff800000007fff
ffff800000007fff
ffff800000007fff
ffff800000007fff
ffff800000007fff
ffff800000007fff
ffff800000007fff
ffff800000007fff
ffff800000007fff
ffff800000007fff
ffff800000007fff
ffff800000007fff
ffff800000007fff
ffff800000007fff
ffff800000007fff
ffff800000007fff
ffff800000007fff
ffff800000007fff
ffff800000007fff
ffff800000007fff
ffff800000007fff
ffff800000007fff
ffff800000007fff
ffff800000007fff
ffff800000007fff
ffff800000007fff
ffff800000007fff
ffff800000007fff
ffff800000007fff
ffff800000007fff
ffff800000007fff
ffff800000007fff
ffff800000007fff
ffff800000007fff
ffff800000007fff
ffff800000007fff
ffff800000007fff
ffff800000007fff
ffff800000007fff
ffff800000007fff
ffff800000007fff
ffff800000007fff
ffff800000007fff
ffff800000007fff
ffff800000007fff
ffff800000007fff
ffff800000007fff
ffff800000007fff
ffff800000007fff
ffff800000007fff
ffff800000007fff
ffff800000007fff
ffff800000007fff
ffff800000007fff
ffff800000007fff
ffff800000007fff
ffff800000007fff
ffff800000007fff
ffff800000007fff
ffff800000007fff
ffff800000007fff
ffff800000007fff
ffff800000007fff
ffff800000007fff
ffff800000007fff
ffff800000007fff
ffff800000007fff
ffff800000007fff
ffff800000007fff
ffff800000007fff
ffff800000007fff
ffff800000007fff
ffff800000007fff
ffff800000007fff
ffff800000007fff
ffff800000007fff
ffff800000007fff
ffff800000007fff
ffff800000007fff
ffff800000007fff
ffff800000007fff
ffff800000007fff
ffff800000007fff
ffff800000007fff
ffff800000007fff
ffff800000007fff
ffff800000007fff
ffff800000007fff
ffff800000007fff
ffff800000007fff
ffff800000007fff
ffff800000007fff
ffff800000007fff
ffff800000007fff
ffff800000007fff
ffff800000007fff
ffff800000007fff
ffff800000007fff
ffff800000007fff
ffff800000007fff
ffff800000007fff
ffff800000007fff
ffff800000007fff
ffff800000007fff
ffff800000007fff
ffff800000007fff
ffff800000007fff
ffff800000007fff
ffff800000007fff
ffff800000007fff
ffff800000007fff
ffff800000007fff
ffff800000007fff
ffff800000007fff
ffff800000007fff
ffff800000007fff
ffff800000007fff
ffff800000007fff
ffff800000007fff
ffff800000007fff
ffff800000007fff
ffff800000007fff
ffff800000007fff
ffff800000007fff
ffff800000007fff
ffff800000007fff
ffff800000007fff
ffff800000007fff
ffff800000007fff
ffff800000007fff
ffff800000007fff
ffff800000007fff
ffff800000007fff
ffff800000007fff
ffff800000007fff
ffff800000007fff
ffff800000007fff
ffff800000007fff
ffff800000007fff
ffff800000007fff
ffff800000007fff
ffff800000007fff
ffff800000007fff
ffff800000007fff
ffff800000007fff
ffff800000007fff
ffff800000007fff
ffff800000007fff
ffff800000007fff
ffff800000007fff
ffff800000007fff
ffff800000007fff
ffff800000007fff
ffff800000007fff
ffff800000007fff
ffff800000007fff
ffff800000007fff
ffff800000007fff
ffff800000007fff
ffff800000007fff
ffff800000007fff
ffff800000007fff
ffff800000007fff
ffff800000007fff
ffff800000007fff
ffff800000007fff
ffff800000007fff
ffff800000007fff
ffff800000007fff
ffff800000007fff
ffff800000007fff
ffff800000007fff
ffff800000007fff
ffff800000007fff
ffff800000007fff
ffff800000007fff
ffff800000007fff
ffff800000007fff
ffff800000007fff
ffff800000007fff
ffff800000007fff
ffff800000007fff
ffff800000007fff
ffff800000007fff
ffff800000007fff
ffff800000007fff
ffff800000007fff
ffff800000007fff
ffff800000007fff
ffff800000007fff
ffff800000007fff
ffff800000007fff
ffff800000007fff
ffff800000007fff
ffff800000007fff
ffff800000007fff
ffff800000007fff
ffff800000007fff
ffff800000007fff
ffff800000007fff
ffff800000007fff
ffff800000007fff
ffff800000007fff
ffff800000007fff
ffff800000007fff
ffff800000007fff
ffff800000007fff
ffff800000007fff
ffff800000007fff
ffff800000007fff
ffff800000007fff
ffff800000007fff
ffff800000007fff
ffff800000007fff
ffff800000007fff
ffff800000007fff
ffff800000007fff
ffff800000007fff
ffff800000007fff
ffff800000007fff
ffff800000007fff
ffff800000007fff
ffff800000007fff
ffff800000007fff
ffff800000007fff
ffff800000007fff
ffff800000007fff
ffff800000007fff
ffff800000007fff
ffff800000007fff
ffff800000007fff
ffff800000007fff
ffff800000007fff
ffff800000007fff
ffff800000007fff
ffff800000007fff
ffff800000007fff
ffff800000007fff
ffff800000007fff
ffff800000007fff
ffff800000007fff
ffff800000007fff
ffff800000007fff
ffff800000007fff
ffff800000007fff
ffff800000007fff
ffff800000007fff
ffff800000007fff
ffff800000007fff
ffff800000007fff
ffff800000007fff
ffff800000007fff
ffff800000007fff
ffff800000007fff
ffff800000007fff
ffff800000007fff
ffff800000007fff
ffff800000007fff
ffff800000007fff
ffff800000007fff
ffff800000007fff
ffff800000007fff
ffff800000007fff
ffff800000007fff
ffff800000007fff
ffff800000007fff
ffff800000007fff
ffff800000007fff
ffff800000007fff
ffff800000007fff
ffff800000007fff
ffff800000007fff
ffff800000007fff
ffff800000007fff
ffff800000007fff
ffff800000007fff
ffff800000007fff
ffff800000007fff
ffff800000007fff
ffff800000007fff
ffff800000007fff
ffff800000007fff
ffff800000007fff
ffff800000007fff
ffff800000007fff
ffff800000007fff
ffff800000007fff
ffff800000007fff
ffff800000007fff
ffff800000007fff
ffff800000007fff
ffff800000007fff
ffff800000007fff
ffff800000007fff
ffff800000007fff
ffff800000007fff
ffff800000007fff
ffff800000007fff
ffff800000007fff
ffff800000007fff
ffff800000007fff
ffff800000007fff
ffff800000007fff
ffff800000007fff
ffff800000007fff
ffff800000007fff
ffff800000007fff
ffff800000007fff
ffff800000007fff
ffff800000007fff
ffff800000007fff
ffff800000007fff
ffff800000007fff
ffff800000007fff
ffff800000007fff
ffff800000007fff
ffff800000007fff
ffff800000007fff
ffff800000007fff
ffff800000007fff
ffff800000007fff
ffff800000007fff
ffff800000007fff
ffff800000007fff
ffff800000007fff
ffff800000007fff
ffff800000007fff
ffff800000007fff
ffff800000007fff
ffff800000007fff
ffff800000007fff
ffff800000007fff
ffff800000007fff
ffff800000007fff
ffff800000007fff
ffff800000007fff
ffff800000007fff
ffff800000007fff
ffff800000007fff
ffff800000007fff
ffff800000007fff
ffff800000007fff
ffff800000007fff
ffff800000007fff
ffff800000007fff
ffff800000007fff
ffff800000007fff
ffff800000007fff
ffff800000007fff
ffff800000007fff
ffff800000007fff
ffff800000007fff
ffff800000007fff
ffff800000007fff
ffff800000007fff
ffff800000007fff
ffff800000007fff
ffff800000007fff
ffff800000007fff
ffff800000007fff
ffff800000007fff
ffff800000007fff
ffff800000007fff
ffff800000007fff
ffff800000007fff
ffff800000007fff
ffff800000007fff
ffff800000007fff
ffff800000007fff
ffff800000007fff
ffff800000007fff
ffff800000007fff
ffff800000007fff
ffff800000007fff
ffff800000007fff
ffff800000007fff
ffff800000007fff
ffff800000007fff
ffff800000007fff
ffff800000007fff
ffff800000007fff
ffff800000007fff
ffff800000007fff
ffff800000007fff
ffff800000007fff
ffff800000007fff
ffff800000007fff
ffff800000007fff
ffff800000007fff
ffff800000007fff
ffff800000007fff
ffff800000007fff
ffff800000007fff
ffff800000007fff
ffff800000007fff
ffff800000007fff
ffff800000007fff
ffff800000007fff
ffff800000007fff
ffff800000007fff
ffff800000007fff
ffff800000007fff
ffff800000007fff
ffff800000007fff
ffff800000007fff
ffff800000007fff
ffff800000007fff
ffff800000007fff
ffff800000007fff
ffff800000007fff
ffff800000007fff
ffff800000007fff
ffff800000007fff
ffff800000007fff
ffff800000007fff
ffff800000007fff
ffff800000007fff
ffff800000007fff
ffff800000007fff
ffff800000007fff
ffff800000007fff
ffff800000007fff
ffff800000007fff
ffff800000007fff
ffff800000007fff
ffff800000007fff
ffff800000007fff
ffff800000007fff
ffff800000007fff
ffff800000007fff
ffff800000007fff
ffff800000007fff
ffff800000007fff
ffff800000007fff
ffff800000007fff
ffff800000007fff
ffff800000007fff
ffff800000007fff
ffff800000007fff
ffff800000007fff
ffff800000007fff
ffff800000007fff
ffff800000007fff
ffff800000007fff
ffff800000007fff
ffff800000007fff
ffff800000007fff
ffff800000007fff
ffff800000007fff
ffff800000007fff
ffff800000007fff
ffff800000007fff
ffff800000007fff
ffff800000007fff
ffff800000007fff
ffff800000007fff
ffff800000007fff
ffff800000007fff
ffff800000007fff
ffff800000007fff
ffff800000007fff
ffff800000007fff
ffff800000007fff
ffff800000007fff
ffff800000007fff
ffff800000007fff
ffff800000007fff
ffff800000007fff
ffff800000007fff
ffff800000007fff
ffff800000007fff
ffff800000007fff
ffff800000007fff
ffff800000007fff
ffff800000007fff
ffff800000007fff
ffff800000007fff
ffff800000007fff
ffff800000007fff
ffff800000007fff
ffff800000007fff
ffff800000007fff
ffff800000007fff
ffff800000007fff
ffff800000007fff
ffff800000007fff
ffff800000007fff
ffff800000007fff
ffff800000007fff
ffff800000007fff
ffff800000007fff
ffff800000007fff
ffff800000007fff
ffff800000007fff
ffff800000007fff
ffff800000007fff
ffff800000007fff
ffff800000007fff
ffff800000007fff
ffff800000007fff
ffff800000007fff
ffff800000007fff
ffff800000007fff
ffff800000007fff
ffff800000007fff
ffff800000007fff
ffff800000007fff
ffff800000007fff
ffff800000007fff
ffff800000007fff
ffff800000007fff
ffff800000007fff
ffff800000007fff
ffff800000007fff
ffff800000007fff
ffff800000007fff
ffff800000007fff
ffff800000007fff
ffff800000007fff
ffff800000007fff
ffff800000007fff
ffff800000007fff
ffff800000007fff
ffff800000007fff
ffff800000007fff
ffff800000007fff
ffff800000007fff
ffff800000007fff
ffff800000007fff
ffff800000007fff
ffff800000007fff
ffff800000007fff
ffff800000007fff
ffff800000007fff
ffff800000007fff
ffff800000007fff
ffff800000007fff
ffff800000007fff
ffff800000007fff
ffff800000007fff
ffff800000007fff
ffff800000007fff
ffff800000007fff
ffff800000007fff
ffff800000007fff
ffff800000007fff
ffff800000007fff
ffff800000007fff
ffff800000007fff
ffff800000007fff
ffff800000007fff
ffff800000007fff
ffff800000007fff
ffff800000007fff
ffff800000007fff
ffff800000007fff
ffff800000007fff
ffff800000007fff
ffff800000007fff
ffff800000007fff
ffff800000007fff
ffff800000007fff
ffff800000007fff
ffff800000007fff
ffff800000007fff
ffff800000007fff
ffff800000007fff
ffff800000007fff
ffff800000007fff
ffff800000007fff
ffff800000007fff
ffff800000007fff
ffff800000007fff
ffff800000007fff
ffff800000007fff
ffff800000007fff
ffff800000007fff
ffff800000007fff
ffff800000007fff
ffff800000007fff
ffff800000007fff
ffff800000007fff
ffff800000007fff
ffff800000007fff
ffff800000007fff
ffff800000007fff
ffff800000007fff
ffff800000007fff
ffff800000007fff
ffff800000007fff
ffff800000007fff
ffff800000007fff
ffff800000007fff
ffff800000007fff
ffff800000007fff
ffff800000007fff
ffff800000007fff
ffff800000007fff
ffff800000007fff
ffff800000007fff
ffff800000007fff
ffff800000007fff
ffff800000007fff
ffff800000007fff
ffff800000007fff
ffff800000007fff
ffff800000007fff
ffff800000007fff
ffff800000007fff
ffff800000007fff
ffff800000007fff
ffff800000007fff
ffff800000007fff
ffff800000007fff
ffff800000007fff
ffff800000007fff
ffff800000007fff
ffff800000007fff
ffff800000007fff
ffff800000007fff
ffff800000007fff
ffff800000007fff
ffff800000007fff
ffff800000007fff
ffff800000007fff
ffff800000007fff
ffff800000007fff
ffff800000007fff
ffff800000007fff
ffff800000007fff
ffff800000007fff
ffff800000007fff
ffff800000007fff
ffff800000007fff
ffff800000007fff
ffff800000007fff
ffff800000007fff
ffff800000007fff
ffff800000007fff
ffff800000007fff
ffff800000007fff
ffff800000007fff
ffff800000007fff
ffff800000007fff
ffff800000007fff
ffff800000007fff
ffff800000007fff
ffff800000007fff
ffff800000007fff
ffff800000007fff
ffff800000007fff
ffff800000007fff
ffff800000007fff
ffff800000007fff
ffff800000007fff
ffff800000007fff
ffff800000007fff
ffff800000007fff
ffff800000007fff
ffff800000007fff
ffff800000007fff
ffff800000007fff
ffff800000007fff
ffff800000007fff
ffff800000007fff
ffff800000007fff
ffff800000007fff
ffff800000007fff
ffff800000007fff
ffff800000007fff
ffff800000007fff
ffff800000007fff
ffff800000007fff
ffff800000007fff
ffff800000007fff
ffff800000007fff
ffff800000007fff
ffff800000007fff
ffff800000007fff
ffff800000007fff
ffff800000007fff
ffff800000007fff
ffff800000007fff
ffff800000007fff
ffff800000007fff
ffff800000007fff
ffff800000007fff
ffff800000007fff
ffff800000007fff
ffff800000007fff
ffff800000007fff
ffff800000007fff
ffff800000007fff
ffff800000007fff
ffff800000007fff
ffff800000007fff
ffff800000007fff
ffff800000007fff
ffff800000007fff
ffff800000007fff
ffff800000007fff
ffff800000007fff
ffff800000007fff
ffff800000007fff
ffff800000007fff
ffff800000007fff
ffff800000007fff
ffff800000007fff
ffff800000007fff
ffff800000007fff
ffff800000007fff
ffff800000007fff
ffff800000007fff
ffff800000007fff
ffff800000007fff
ffff800000007fff
ffff800000007fff
ffff800000007fff
ffff800000007fff
ffff800000007fff
ffff800000007fff
ffff800000007fff
ffff800000007fff
ffff800000007fff
ffff800000007fff
ffff800000007fff
ffff800000007fff
ffff800000007fff
ffff800000007fff
ffff800000007fff
ffff800000007fff
ffff800000007fff
ffff800000007fff
ffff800000007fff
ffff800000007fff
ffff800000007fff
ffff800000007fff
ffff800000007fff
ffff800000007fff
ffff800000007fff
ffff800000007fff
ffff800000007fff
ffff800000007fff
ffff800000007fff
ffff800000007fff
ffff800000007fff
ffff800000007fff
ffff800000007fff
ffff800000007fff
ffff800000007fff
ffff800000007fff
ffff800000007fff
ffff800000007fff
ffff800000007fff
ffff800000007fff
ffff800000007fff
ffff800000007fff
ffff800000007fff
ffff800000007fff
ffff800000007fff
ffff800000007fff
ffff800000007fff
ffff800000007fff
ffff800000007fff
ffff800000007fff
ffff800000007fff
ffff800000007fff
ffff800000007fff
ffff800000007fff
ffff800000007fff
ffff800000007fff
ffff800000007fff
ffff800000007fff
ffff800000007fff
ffff800000007fff
ffff800000007fff
ffff800000007fff
ffff800000007fff
ffff800000007fff
ffff800000007fff
ffff800000007fff
ffff800000007fff
ffff800000007fff
ffff800000007fff
ffff800000007fff
ffff800000007fff
ffff800000007fff
ffff800000007fff
ffff800000007fff
ffff800000007fff
ffff800000007fff
ffff800000007fff
ffff800000007fff
ffff800000007fff
ffff800000007fff
ffff800000007fff
ffff800000007fff
ffff800000007fff
ffff800000007fff
ffff800000007fff
ffff800000007fff
ffff800000007fff
ffff800000007fff
ffff800000007fff
ffff800000007fff
ffff800000007fff
ffff800000007fff
ffff800000007fff
ffff800000007fff
ffff800000007fff
ffff800000007fff
ffff800000007fff
ffff800000007fff
ffff800000007fff
ffff800000007fff
ffff800000007fff
ffff800000007fff
ffff800000007fff
ffff800000007fff
ffff800000007fff
ffff800000007fff
ffff800000007fff
ffff800000007fff
ffff800000007fff
ffff800000007fff
ffff800000007fff
ffff800000007fff
ffff800000007fff
ffff800000007fff
ffff800000007fff
ffff800000007fff
ffff800000007fff
ffff800000007fff
ffff800000007fff
ffff800000007fff
ffff800000007fff
ffff800000007fff
ffff800000007fff
ffff800000007fff
ffff800000007fff
ffff800000007fff
ffff800000007fff
ffff800000007fff
ffff800000007fff
ffff800000007fff
ffff800000007fff
ffff800000007fff
ffff800000007fff
ffff800000007fff
ffff800000007fff
ffff800000007fff
ffff800000007fff
ffff800000007fff
ffff800000007fff
ffff800000007fff
ffff800000007fff
ffff800000007fff
ffff800000007fff
ffff800000007fff
ffff800000007fff
ffff800000007fff
ffff800000007fff
ffff800000007fff
ffff800000007fff
ffff800000007fff
ffff800000007fff
ffff800000007fff
ffff800000007fff
ffff800000007fff
ffff800000007fff
ffff800000007fff
ffff800000007fff
ffff800000007fff
ffff800000007fff
ffff800000007fff
ffff800000007fff
ffff800000007fff
ffff800000007fff
ffff800000007fff
ffff800000007fff
ffff800000007fff
ffff800000007fff
ffff800000007fff
ffff800000007fff
ffff800000007fff
ffff800000007fff
ffff800000007fff
ffff800000007fff
ffff800000007fff
ffff800000007fff
ffff800000007fff
ffff800000007fff
ffff800000007fff
ffff800000007fff
ffff800000007fff
ffff800000007fff
ffff800000007fff
ffff800000007fff
ffff800000007fff
ffff800000007fff
ffff800000007fff
ffff800000007fff
ffff800000007fff
ffff800000007fff
ffff800000007fff
ffff800000007fff
ffff800000007fff
ffff800000007fff
ffff800000007fff
ffff800000007fff
ffff800000007fff
ffff800000007fff
ffff800000007fff
ffff800000007fff
ffff800000007fff
ffff800000007fff
ffff800000007fff
ffff800000007fff
ffff800000007fff
ffff800000007fff
ffff800000007fff
ffff800000007fff
ffff800000007fff
ffff800000007fff
ffff800000007fff
ffff800000007fff
ffff800000007fff
ffff800000007fff
ffff800000007fff
ffff800000007fff
ffff800000007fff
ffff800000007fff
ffff800000007fff
ffff800000007fff
ffff800000007fff
ffff800000007fff
ffff800000007fff
ffff800000007fff
ffff800000007fff
ffff800000007fff
ffff800000007fff
ffff800000007fff
ffff800000007fff
ffff800000007fff
ffff800000007fff
ffff800000007fff
ffff800000007fff
ffff800000007fff
ffff800000007fff
ffff800000007fff
ffff800000007fff
ffff800000007fff
ffff800000007fff
ffff800000007fff
ffff800000007fff
ffff800000007fff
ffff800000007fff
ffff800000007fff
ffff800000007fff
ffff800000007fff
ffff800000007fff
ffff800000007fff
ffff800000007fff
ffff800000007fff
ffff800000007fff
ffff800000007fff
ffff800000007fff
ffff800000007fff
ffff800000007fff
ffff800000007fff
ffff800000007fff
ffff800000007fff
ffff800000007fff
ffff800000007fff
ffff800000007fff
ffff800000007fff
ffff800000007fff
ffff800000007fff
ffff800000007fff
ffff800000007fff
ffff800000007fff
ffff800000007fff
ffff800000007fff
ffff800000007fff
ffff800000007fff
ffff800000007fff
ffff800000007fff
ffff800000007fff
ffff800000007fff
ffff800000007fff
ffff800000007fff
ffff800000007fff
ffff800000007fff
ffff800000007fff
ffff800000007fff
ffff800000007fff
ffff800000007fff
ffff800000007fff
ffff800000007fff
ffff800000007fff
ffff800000007fff
ffff800000007fff
ffff800000007fff
ffff800000007fff
ffff800000007fff
ffff800000007fff
ffff800000007fff
ffff800000007fff
ffff800000007fff
ffff800000007fff
ffff800000007fff
ffff800000007fff
ffff800000007fff
ffff800000007fff
ffff800000007fff
ffff800000007fff
ffff800000007fff
ffff800000007fff
ffff800000007fff
ffff800000007fff
ffff800000007fff
ffff800000007fff
ffff800000007fff
ffff800000007fff
ffff800000007fff
ffff800000007fff
ffff800000007fff
ffff800000007fff
ffff800000007fff
ffff800000007fff
ffff800000007fff
ffff800000007fff
ffff800000007fff
ffff800000007fff
ffff800000007fff
ffff800000007fff
ffff800000007fff
ffff800000007fff
ffff800000007fff
ffff800000007fff
ffff800000007fff
ffff800000007fff
ffff800000007fff
ffff800000007fff
ffff800000007fff
ffff800000007fff
ffff800000007fff
ffff800000007fff
ffff800000007fff
ffff800000007fff
ffff800000007fff
ffff800000007fff
ffff800000007fff
ffff800000007fff
ffff800000007fff
ffff800000007fff
ffff800000007fff
ffff800000007fff
ffff800000007fff
ffff800000007fff
ffff800000007fff
ffff800000007fff
ffff800000007fff
ffff800000007fff
ffff800000007fff
ffff800000007fff
ffff800000007fff
ffff800000007fff
ffff800000007fff
ffff800000007fff
ffff800000007fff
ffff800000007fff
ffff800000007fff
ffff800000007fff
ffff800000007fff
ffff800000007fff
ffff800000007fff
ffff800000007fff
ffff800000007fff
ffff800000007fff
ffff800000007fff
ffff800000007fff
ffff800000007fff
ffff800000007fff
ffff800000007fff
ffff800000007fff
ffff800000007fff
ffff800000007fff
ffff800000007fff
ffff800000007fff
ffff800000007fff
ffff800000007fff
ffff800000007fff
ffff800000007fff
ffff800000007fff
ffff800000007fff
ffff800000007fff
ffff800000007fff
ffff800000007fff
ffff800000007fff
ffff800000007fff
ffff800000007fff
ffff800000007fff
ffff800000007fff
ffff800000007fff
ffff800000007fff
ffff800000007fff
ffff800000007fff
ffff800000007fff
ffff800000007fff
ffff800000007fff
ffff800000007fff
ffff800000007fff
ffff800000007fff
ffff800000007fff
ffff800000007fff
ffff800000007fff
ffff800000007fff
ffff800000007fff
ffff800000007fff
ffff800000007fff
ffff800000007fff
ffff800000007fff
ffff800000007fff
ffff800000007fff
ffff800000007fff
ffff800000007fff
ffff800000007fff
ffff800000007fff
ffff800000007fff
ffff800000007fff
ffff800000007fff
ffff800000007fff
ffff800000007fff
ffff800000007fff
ffff800000007fff
ffff800000007fff
ffff800000007fff
ffff800000007fff
ffff800000007fff
ffff800000007fff
ffff800000007fff
ffff800000007fff
ffff800000007fff
ffff800000007fff
ffff800000007fff
ffff800000007fff
ffff800000007fff
ffff800000007fff
ffff800000007fff
ffff800000007fff
ffff800000007fff
ffff800000007fff
ffff800000007fff
ffff800000007fff
ffff800000007fff
ffff800000007fff
ffff800000007fff
ffff800000007fff
ffff800000007fff
ffff800000007fff
ffff800000007fff
ffff800000007fff
ffff800000007fff
ffff800000007fff
ffff800000007fff
ffff800000007fff
ffff800000007fff
ffff800000007fff
ffff800000007fff
ffff800000007fff
ffff800000007fff
ffff800000007fff
ffff800000007fff
ffff800000007fff
ffff800000007fff
ffff800000007fff
ffff800000007fff
ffff800000007fff
ffff800000007fff
ffff800000007fff
ffff800000007fff
ffff800000007fff
ffff800000007fff
ffff800000007fff
ffff800000007fff
ffff800000007fff
ffff800000007fff
ffff800000007fff
ffff800000007fff
ffff800000007fff
ffff800000007fff
ffff800000007fff
ffff800000007fff
ffff800000007fff
ffff800000007fff
ffff800000007fff
ffff800000007fff
ffff800000007fff
ffff800000007fff
ffff800000007fff
ffff800000007fff
ffff800000007fff
ffff800000007fff
ffff800000007fff
ffff800000007fff
ffff800000007fff
ffff800000007fff
ffff800000007fff
ffff800000007fff
ffff800000007fff
ffff800000007fff
ffff800000007fff
ffff800000007fff
ffff800000007fff
ffff800000007fff
ffff800000007fff
ffff800000007fff
ffff800000007fff
ffff800000007fff
ffff800000007fff
ffff800000007fff
ffff800000007fff
ffff800000007fff
ffff800000007fff
ffff800000007fff
ffff800000007fff
ffff800000007fff
ffff800000007fff
ffff800000007fff
ffff800000007fff
ffff800000007fff
ffff800000007fff
ffff800000007fff
ffff800000007fff
ffff800000007fff
ffff800000007fff
ffff800000007fff
ffff800000007fff
ffff800000007fff
ffff800000007fff
ffff800000007fff
ffff800000007fff
ffff800000007fff
ffff800000007fff
ffff800000007fff
ffff800000007fff
ffff800000007fff
ffff800000007fff
ffff800000007fff
ffff800000007fff
ffff800000007fff
ffff800000007fff
ffff800000007fff
ffff800000007fff
ffff800000007fff
ffff800000007fff
ffff800000007fff
ffff800000007fff
ffff800000007fff
ffff800000007fff
ffff800000007fff
ffff800000007fff
ffff800000007fff
ffff800000007fff
ffff800000007fff
ffff800000007fff
ffff800000007fff
ffff800000007fff
ffff800000007fff
ffff800000007fff
ffff800000007fff
ffff800000007fff
ffff800000007fff
ffff800000007fff
ffff800000007fff
ffff800000007fff
ffff800000007fff
ffff800000007fff
ffff800000007fff
ffff800000007fff
ffff800000007fff
ffff800000007fff
ffff800000007fff
ffff800000007fff
ffff800000007fff
ffff800000007fff
ffff800000007fff
ffff800000007fff
ffff800000007fff
ffff800000007fff
ffff800000007fff
ffff800000007fff
ffff800000007fff
ffff800000007fff
ffff800000007fff
ffff800000007fff
ffff800000007fff
ffff800000007fff
ffff800000007fff
ffff800000007fff
ffff800000007fff
ffff800000007fff
ffff800000007fff
ffff800000007fff
ffff800000007fff
ffff800000007fff
ffff800000007fff
ffff800000007fff
ffff800000007fff
ffff800000007fff
ffff800000007fff
ffff800000007fff
ffff800000007fff
ffff800000007fff
ffff800000007fff
ffff800000007fff
ffff800000007fff
ffff800000007fff
ffff800000007fff
ffff800000007fff
ffff800000007fff
ffff800000007fff
ffff800000007fff
ffff800000007fff
ffff800000007fff
ffff800000007fff
ffff800000007fff
ffff800000007fff
ffff800000007fff
ffff800000007fff
ffff800000007fff
ffff800000007fff
ffff800000007fff
ffff800000007fff
ffff800000007fff
ffff800000007fff
ffff800000007fff
ffff800000007fff
ffff800000007fff
ffff800000007fff
ffff800000007fff
ffff800000007fff
ffff800000007fff
ffff800000007fff
ffff800000007fff
ffff800000007fff
ffff800000007fff
ffff800000007fff
ffff800000007fff
ffff800000007fff
ffff800000007fff
ffff800000007fff
ffff800000007fff
ffff800000007fff
ffff800000007fff
ffff800000007fff
ffff800000007fff
ffff800000007fff
ffff800000007fff
ffff800000007fff
ffff800000007fff
ffff800000007fff
ffff800000007fff
ffff800000007fff
ffff800000007fff
ffff800000007fff
ffff800000007fff
ffff800000007fff
ffff800000007fff
ffff800000007fff
ffff800000007fff
ffff800000007fff
ffff800000007fff
ffff800000007fff
ffff800000007fff
ffff800000007fff
ffff800000007fff
ffff800000007fff
ffff800000007fff
ffff800000007fff
ffff800000007fff
ffff800000007fff
ffff800000007fff
ffff800000007fff
ffff800000007fff
ffff800000007fff
ffff800000007fff
ffff800000007fff
ffff800000007fff
ffff800000007fff
ffff800000007fff
ffff800000007fff
ffff800000007fff
ffff800000007fff
ffff800000007fff
ffff800000007fff
ffff800000007fff
ffff800000007fff
ffff800000007fff
ffff800000007fff
ffff800000007fff
ffff800000007fff
ffff800000007fff
ffff800000007fff
ffff800000007fff
ffff800000007fff
ffff800000007fff
ffff800000007fff
ffff800000007fff
ffff800000007fff
ffff800000007fff
ffff800000007fff
ffff800000007fff
ffff800000007fff
ffff800000007fff
ffff800000007fff
ffff800000007fff
ffff800000007fff
ffff800000007fff
ffff800000007fff
ffff800000007fff
ffff800000007fff
ffff800000007fff
ffff800000007fff
ffff800000007fff
ffff800000007fff
ffff800000007fff
ffff800000007fff
ffff800000007fff
ffff800000007fff
ffff800000007fff
ffff800000007fff
ffff800000007fff
ffff800000007fff
ffff800000007fff
ffff800000007fff
ffff800000007fff
ffff800000007fff
ffff800000007fff
ffff800000007fff
ffff800000007fff
ffff800000007fff
ffff800000007fff
ffff800000007fff
ffff800000007fff
ffff800000007fff
ffff800000007fff
ffff800000007fff
ffff800000007fff
ffff800000007fff
ffff800000007fff
ffff800000007fff
ffff800000007fff
ffff800000007fff
ffff800000007fff
ffff800000007fff
ffff800000007fff
ffff800000007fff
ffff800000007fff
ffff800000007fff
ffff800000007fff
ffff800000007fff
ffff800000007fff
ffff800000007fff
ffff800000007fff
ffff800000007fff
ffff800000007fff
ffff800000007fff
ffff800000007fff
ffff800000007fff
ffff800000007fff
ffff800000007fff
ffff800000007fff
ffff800000007fff
ffff800000007fff
ffff800000007fff
ffff800000007fff
ffff800000007fff
ffff800000007fff
ffff800000007fff
ffff800000007fff
ffff800000007fff
ffff800000007fff
ffff800000007fff
ffff800000007fff
ffff800000007fff
ffff800000007fff
ffff800000007fff
ffff800000007fff
ffff800000007fff
ffff800000007fff
ffff800000007fff
ffff800000007fff
ffff800000007fff
ffff800000007fff
ffff800000007fff
ffff800000007fff
ffff800000007fff
ffff800000007fff
ffff800000007fff
ffff800000007fff
ffff800000007fff
ffff800000007fff
ffff800000007fff
ffff800000007fff
ffff800000007fff
ffff800000007fff
ffff800000007fff
ffff800000007fff
ffff800000007fff
ffff800000007fff
ffff800000007fff
ffff800000007fff
ffff800000007fff
ffff800000007fff
ffff800000007fff
ffff800000007fff
ffff800000007fff
ffff800000007fff
ffff800000007fff
ffff800000007fff
ffff800000007fff
ffff800000007fff
ffff800000007fff
ffff800000007fff
ffff800000007fff
ffff800000007fff
ffff800000007fff
ffff800000007fff
ffff800000007fff
ffff800000007fff
ffff800000007fff
ffff800000007fff
ffff800000007fff
ffff800000007fff
ffff800000007fff
ffff800000007fff
ffff800000007fff
ffff800000007fff
ffff800000007fff
ffff800000007fff
ffff800000007fff
ffff800000007fff
ffff800000007fff
ffff800000007fff
ffff800000007fff
ffff800000007fff
ffff800000007fff
ffff800000007fff
ffff800000007fff
ffff800000007fff
ffff800000007fff
ffff800000007fff
ffff800000007fff
ffff800000007fff
ffff800000007fff
ffff800000007fff
ffff800000007fff
ffff800000007fff
ffff800000007fff
ffff800000007fff
ffff800000007fff
ffff800000007fff
ffff800000007fff
ffff800000007fff
ffff800000007fff
ffff800000007fff
ffff800000007fff
ffff800000007fff
ffff800000007fff
ffff800000007fff
ffff800000007fff
ffff800000007fff
ffff800000007fff
ffff800000007fff
ffff800000007fff
ffff800000007fff
ffff800000007fff
ffff800000007fff
ffff800000007fff
ffff800000007fff
ffff800000007fff
ffff800000007fff
ffff800000007fff
ffff800000007fff
ffff800000007fff
ffff800000007fff
ffff800000007fff
ffff800000007fff
ffff800000007fff
ffff800000007fff
ffff800000007fff
ffff800000007fff
ffff800000007fff
ffff800000007fff
ffff800000007fff
ffff800000007fff
ffff800000007fff
ffff800000007fff
ffff800000007fff
ffff800000007fff
ffff800000007fff
ffff800000007fff
ffff800000007fff
ffff800000007fff
ffff800000007fff
ffff800000007fff
ffff800000007fff
ffff800000007fff
ffff800000007fff
ffff800000007fff
ffff800000007fff
ffff800000007fff
ffff800000007fff
ffff800000007fff
ffff800000007fff
ffff800000007fff
ffff800000007fff
ffff800000007fff
ffff800000007fff
ffff800000007fff
ffff800000007fff
ffff800000007fff
ffff800000007fff
ffff800000007fff
ffff800000007fff
ffff800000007fff
ffff800000007fff
ffff800000007fff
ffff800000007fff
ffff800000007fff
ffff800000007fff
ffff800000007fff
ffff800000007fff
ffff800000007fff
ffff800000007fff
ffff800000007fff
ffff800000007fff
ffff800000007fff
ffff800000007fff
ffff800000007fff
ffff800000007fff
ffff800000007fff
ffff800000007fff
ffff800000007fff
ffff800000007fff
ffff800000007fff
ffff800000007fff
ffff800000007fff
ffff800000007fff
ffff800000007fff
ffff800000007fff
ffff800000007fff
ffff800000007fff
ffff800000007fff
ffff800000007fff
ffff800000007fff
ffff800000007fff
ffff800000007fff
ffff800000007fff
ffff800000007fff
ffff800000007fff
ffff800000007fff
ffff800000007fff
ffff800000007fff
ffff800000007fff
ffff800000007fff
ffff800000007fff
ffff800000007fff
ffff800000007fff
ffff800000007fff
ffff800000007fff
ffff800000007fff
ffff800000007fff
ffff800000007fff
ffff800000007fff
ffff800000007fff
ffff800000007fff
ffff800000007fff
ffff800000007fff
ffff800000007fff
ffff800000007fff
ffff800000007fff
ffff800000007fff
ffff800000007fff
ffff800000007fff
ffff800000007fff
ffff800000007fff
ffff800000007fff
ffff800000007fff
ffff800000007fff
ffff800000007fff
ffff800000007fff
ffff800000007fff
ffff800000007fff
ffff800000007fff
ffff800000007fff
ffff800000007fff
ffff800000007fff
ffff800000007fff
ffff800000007fff
ffff800000007fff
ffff800000007fff
ffff800000007fff
ffff800000007fff
ffff800000007fff
ffff800000007fff
ffff800000007fff
ffff800000007fff
ffff800000007fff
ffff800000007fff
ffff800000007fff
ffff800000007fff
ffff800000007fff
ffff800000007fff
ffff800000007fff
ffff800000007fff
ffff800000007fff
ffff800000007fff
ffff800000007fff
ffff800000007fff
ffff800000007fff
ffff800000007fff
ffff800000007fff
ffff800000007fff
ffff800000007fff
ffff800000007fff
ffff800000007fff
ffff800000007fff
ffff800000007fff
ffff800000007fff
ffff800000007fff
ffff800000007fff
ffff800000007fff
ffff800000007fff
ffff800000007fff
ffff800000007fff
ffff800000007fff
ffff800000007fff
ffff800000007fff
ffff800000007fff
ffff800000007fff
ffff800000007fff
ffff800000007fff
ffff800000007fff
ffff800000007fff
ffff800000007fff
ffff800000007fff
ffff800000007fff
ffff800000007fff
ffff800000007fff
ffff800000007fff
ffff800000007fff
ffff800000007fff
ffff800000007fff
ffff800000007fff
ffff800000007fff
ffff800000007fff
ffff800000007fff
ffff800000007fff
ffff800000007fff
ffff800000007fff
ffff800000007fff
ffff800000007fff
ffff800000007fff
ffff800000007fff
ffff800000007fff
ffff800000007fff
ffff800000007fff
ffff800000007fff
ffff800000007fff
ffff800000007fff
ffff800000007fff
ffff800000007fff
ffff800000007fff
ffff800000007fff
ffff800000007fff
ffff800000007fff
ffff800000007fff
ffff800000007fff
ffff800000007fff
ffff800000007fff
ffff800000007fff
ffff800000007fff
ffff800000007fff
ffff800000007fff
ffff800000007fff
ffff800000007fff
ffff800000007fff
ffff800000007fff
ffff800000007fff
ffff800000007fff
ffff800000007fff
ffff800000007fff
ffff800000007fff
ffff800000007fff
ffff800000007fff
ffff800000007fff
ffff800000007fff
ffff800000007fff
ffff800000007fff
ffff800000007fff
ffff800000007fff
ffff800000007fff
ffff800000007fff
ffff800000007fff
ffff800000007fff
ffff800000007fff
ffff800000007fff
ffff800000007fff
ffff800000007fff
ffff800000007fff
ffff800000007fff
ffff800000007fff
ffff800000007fff
ffff800000007fff
ffff800000007fff
ffff800000007fff
ffff800000007fff
ffff800000007fff
ffff800000007fff
ffff800000007fff
ffff800000007fff
ffff800000007fff
ffff800000007fff
ffff800000007fff
ffff800000007fff
ffff800000007fff
ffff800000007fff
ffff800000007fff
ffff800000007fff
ffff800000007fff
ffff800000007fff
ffff800000007fff
ffff800000007fff
ffff800000007fff
ffff800000007fff
ffff800000007fff
ffff800000007fff
ffff800000007fff
ffff800000007fff
ffff800000007fff
ffff800000007fff
ffff800000007fff
ffff800000007fff
ffff800000007fff
ffff800000007fff
ffff800000007fff
ffff800000007fff
ffff800000007fff
ffff800000007fff
ffff800000007fff
ffff800000007fff
ffff800000007fff
ffff800000007fff
ffff800000007fff
ffff800000007fff
ffff800000007fff
ffff800000007fff
ffff800000007fff
ffff800000007fff
ffff800000007fff
ffff800000007fff
ffff800000007fff
ffff800000007fff
ffff800000007fff
ffff800000007fff
ffff800000007fff
ffff800000007fff
ffff800000007fff
ffff800000007fff
ffff800000007fff
ffff800000007fff
ffff800000007fff
ffff800000007fff
ffff800000007fff
ffff800000007fff
ffff800000007fff
ffff800000007fff
ffff800000007fff
ffff800000007fff
ffff800000007fff
ffff800000007fff
ffff800000007fff
ffff800000007fff
ffff800000007fff
ffff800000007fff
ffff800000007fff
ffff800000007fff
ffff800000007fff
ffff800000007fff
ffff800000007fff
ffff800000007fff
ffff800000007fff
ffff800000007fff
ffff800000007fff
ffff800000007fff
ffff800000007fff
ffff800000007fff
ffff800000007fff
ffff800000007fff
ffff800000007fff
ffff800000007fff
ffff800000007fff
ffff800000007fff
ffff800000007fff
ffff800000007fff
ffff800000007fff
ffff800000007fff
ffff800000007fff
ffff800000007fff
ffff800000007fff
ffff800000007fff
ffff800000007fff
ffff800000007fff
ffff800000007fff
ffff800000007fff
ffff800000007fff
ffff800000007fff
ffff800000007fff
ffff800000007fff
ffff800000007fff
ffff800000007fff
ffff800000007fff
ffff800000007fff
ffff800000007fff
ffff800000007fff
ffff800000007fff
ffff800000007fff
ffff800000007fff
ffff800000007fff
ffff800000007fff
ffff800000007fff
ffff800000007fff
ffff800000007fff
ffff800000007fff
ffff800000007fff
ffff800000007fff
ffff800000007fff
ffff800000007fff
ffff800000007fff
ffff800000007fff
ffff800000007fff
ffff800000007fff
ffff800000007fff
ffff800000007fff
ffff800000007fff
ffff800000007fff
ffff800000007fff
ffff800000007fff
ffff800000007fff
ffff800000007fff
ffff800000007fff
ffff800000007fff
ffff800000007fff
ffff800000007fff
ffff800000007fff
ffff800000007fff
ffff800000007fff
ffff800000007fff
ffff800000007fff
ffff800000007fff
ffff800000007fff
ffff800000007fff
ffff800000007fff
ffff800000007fff
ffff800000007fff
ffff800000007fff
ffff800000007fff
ffff800000007fff
ffff800000007fff
ffff800000007fff
ffff800000007fff
ffff800000007fff
ffff800000007fff
ffff800000007fff
ffff800000007fff
ffff800000007fff
ffff800000007fff
ffff800000007fff
ffff800000007fff
ffff800000007fff
ffff800000007fff
ffff800000007fff
ffff800000007fff
ffff800000007fff
ffff800000007fff
ffff800000007fff
ffff800000007fff
ffff800000007fff
ffff800000007fff
ffff800000007fff
ffff800000007fff
ffff800000007fff
ffff800000007fff
ffff800000007fff
ffff800000007fff
ffff800000007fff
ffff800000007fff
ffff800000007fff
ffff800000007fff
ffff800000007fff
ffff800000007fff
ffff800000007fff
ffff800000007fff
ffff800000007fff
ffff800000007fff
ffff800000007fff
ffff800000007fff
ffff800000007fff
ffff800000007fff
ffff800000007fff
ffff800000007fff
ffff800000007fff
ffff800000007fff
ffff800000007fff
ffff800000007fff
ffff800000007fff
ffff800000007fff
ffff800000007fff
ffff800000007fff
ffff800000007fff
ffff800000007fff
ffff800000007fff
ffff800000007fff
ffff800000007fff
ffff800000007fff
ffff800000007fff
ffff800000007fff
ffff800000007fff
ffff800000007fff
ffff800000007fff
ffff800000007fff
ffff800000007fff
ffff800000007fff
ffff800000007fff
ffff800000007fff
ffff800000007fff
ffff800000007fff
ffff800000007fff
ffff800000007fff
ffff800000007fff
ffff800000007fff
ffff800000007fff
ffff800000007fff
ffff800000007fff
ffff800000007fff
ffff800000007fff
ffff800000007fff
ffff800000007fff
ffff800000007fff
ffff800000007fff
ffff800000007fff
ffff800000007fff
ffff800000007fff
ffff800000007fff
ffff800000007fff
ffff800000007fff
ffff800000007fff
ffff800000007fff
ffff800000007fff
ffff800000007fff
ffff800000007fff
ffff800000007fff
ffff800000007fff
ffff800000007fff
ffff800000007fff
ffff800000007fff
ffff800000007fff
ffff800000007fff
ffff800000007fff
ffff800000007fff
ffff800000007fff
ffff800000007fff
ffff800000007fff
ffff800000007fff
ffff800000007fff
ffff800000007fff
ffff800000007fff
ffff800000007fff
ffff800000007fff
ffff800000007fff
ffff800000007fff
ffff800000007fff
ffff800000007fff
ffff800000007fff
ffff800000007fff
ffff800000007fff
ffff800000007fff
ffff800000007fff
ffff800000007fff
ffff800000007fff
ffff800000007fff
ffff800000007fff
ffff800000007fff
ffff800000007fff
ffff800000007fff
ffff800000007fff
ffff800000007fff
ffff800000007fff
ffff800000007fff
ffff800000007fff
ffff800000007fff
ffff800000007fff
ffff800000007fff
ffff800000007fff
ffff800000007fff
ffff800000007fff
ffff800000007fff
ffff800000007fff
ffff800000007fff
ffff800000007fff
ffff800000007fff
ffff800000007fff
ffff800000007fff
ffff800000007fff
ffff800000007fff
ffff800000007fff
ffff800000007fff
ffff800000007fff
ffff800000007fff
ffff800000007fff
ffff800000007fff
ffff800000007fff
ffff800000007fff
ffff800000007fff
ffff800000007fff
ffff800000007fff
ffff800000007fff
ffff800000007fff
ffff800000007fff
ffff800000007fff
ffff800000007fff
ffff800000007fff
ffff800000007fff
ffff800000007fff
ffff800000007fff
ffff800000007fff
ffff800000007fff
ffff800000007fff
ffff800000007fff
ffff800000007fff
ffff800000007fff
ffff800000007fff
ffff800000007fff
ffff800000007fff
ffff800000007fff
ffff800000007fff
ffff800000007fff
ffff800000007fff
ffff800000007fff
ffff800000007fff
ffff800000007fff
ffff800000007fff
ffff800000007fff
ffff800000007fff
ffff800000007fff
ffff800000007fff
ffff800000007fff
ffff800000007fff
ffff800000007fff
ffff800000007fff
ffff800000007fff
ffff800000007fff
ffff800000007fff
ffff800000007fff
ffff800000007fff
ffff800000007fff
ffff800000007fff
ffff800000007fff
ffff800000007fff
ffff800000007fff
ffff800000007fff
ffff800000007fff
ffff800000007fff
ffff800000007fff
ffff800000007fff
ffff800000007fff
ffff800000007fff
ffff800000007fff
ffff800000007fff
ffff800000007fff
ffff800000007fff
ffff800000007fff
ffff800000007fff
ffff800000007fff
ffff800000007fff
ffff800000007fff
ffff800000007fff
ffff800000007fff
ffff800000007fff
ffff800000007fff
ffff800000007fff
ffff800000007fff
ffff800000007fff
ffff800000007fff
ffff800000007fff
ffff800000007fff
ffff800000007fff
ffff800000007fff
ffff800000007fff
ffff800000007fff
ffff800000007fff
ffff800000007fff
ffff800000007fff
ffff800000007fff
ffff800000007fff
ffff800000007fff
ffff800000007fff
ffff800000007fff
ffff800000007fff
ffff800000007fff
ffff800000007fff
ffff800000007fff
ffff800000007fff
ffff800000007fff
ffff800000007fff
ffff800000007fff
ffff800000007fff
ffff800000007fff
ffff800000007fff
ffff800000007fff
ffff800000007fff
ffff800000007fff
ffff800000007fff
ffff800000007fff
ffff800000007fff
ffff800000007fff
ffff800000007fff
ffff800000007fff
ffff800000007fff
ffff800000007fff
ffff800000007fff
ffff800000007fff
ffff800000007fff
ffff800000007fff
ffff800000007fff
ffff800000007fff
ffff800000007fff
ffff800000007fff
ffff800000007fff
ffff800000007fff
ffff800000007fff
ffff800000007fff
ffff800000007fff
ffff800000007fff
ffff800000007fff
ffff800000007fff
ffff800000007fff
ffff800000007fff
ffff800000007fff
ffff800000007fff
ffff800000007fff
ffff800000007fff
ffff800000007fff
ffff800000007fff
ffff800000007fff
ffff800000007fff
ffff800000007fff
ffff800000007fff
ffff800000007fff
ffff800000007fff
ffff800000007fff
ffff800000007fff
ffff800000007fff
ffff800000007fff
ffff800000007fff
ffff800000007fff
ffff800000007fff
ffff800000007fff
ffff800000007fff
ffff800000007fff
ffff800000007fff
ffff800000007fff
ffff800000007fff
ffff800000007fff
ffff800000007fff
ffff800000007fff
ffff800000007fff
ffff800000007fff
ffff800000007fff
ffff800000007fff
ffff800000007fff
ffff800000007fff
ffff800000007fff
ffff800000007fff
ffff800000007fff
ffff800000007fff
ffff800000007fff
ffff800000007fff
ffff800000007fff
ffff800000007fff
ffff800000007fff
ffff800000007fff
ffff800000007fff
ffff800000007fff
ffff800000007fff
ffff800000007fff
ffff800000007fff
ffff800000007fff
ffff800000007fff
ffff800000007fff
ffff800000007fff
ffff800000007fff
ffff800000007fff
ffff800000007fff
ffff800000007fff
ffff800000007fff
ffff800000007fff
ffff800000007fff
ffff800000007fff
ffff800000007fff
ffff800000007fff
ffff800000007fff
ffff800000007fff
ffff800000007fff
ffff800000007fff
ffff800000007fff
ffff800000007fff
ffff800000007fff
ffff800000007fff
ffff800000007fff
ffff800000007fff
ffff800000007fff
ffff800000007fff
ffff800000007fff
ffff800000007fff
ffff800000007fff
ffff800000007fff
ffff800000007fff
ffff800000007fff
ffff800000007fff
ffff800000007fff
ffff800000007fff
ffff800000007fff
ffff800000007fff
ffff800000007fff
ffff800000007fff
ffff800000007fff
ffff800000007fff
ffff800000007fff
ffff800000007fff
ffff800000007fff
ffff800000007fff
ffff800000007fff
ffff800000007fff
ffff800000007fff
ffff800000007fff
ffff800000007fff
ffff800000007fff
ffff800000007fff
ffff800000007fff
ffff800000007fff
ffff800000007fff
ffff800000007fff
ffff800000007fff
ffff800000007fff
ffff800000007fff
ffff800000007fff
ffff800000007fff
ffff800000007fff
ffff800000007fff
ffff800000007fff
ffff800000007fff
ffff800000007fff
ffff800000007fff
ffff800000007fff
ffff800000007fff
ffff800000007fff
ffff800000007fff
ffff800000007fff
ffff800000007fff
ffff800000007fff
ffff800000007fff
ffff800000007fff
ffff800000007fff
ffff800000007fff
ffff800000007fff
ffff800000007fff
ffff800000007fff
ffff800000007fff
ffff800000007fff
ffff800000007fff
ffff800000007fff
ffff800000007fff
ffff800000007fff
ffff800000007fff
ffff800000007fff
ffff800000007fff
ffff800000007fff
ffff800000007fff
ffff800000007fff
ffff800000007fff
ffff800000007fff
ffff800000007fff
ffff800000007fff
ffff800000007fff
ffff800000007fff
ffff800000007fff
ffff800000007fff
ffff800000007fff
ffff800000007fff
ffff800000007fff
ffff800000007fff
ffff800000007fff
ffff800000007fff
ffff800000007fff
ffff800000007fff
ffff800000007fff
ffff800000007fff
ffff800000007fff
ffff800000007fff
ffff800000007fff
ffff800000007fff
ffff800000007fff
ffff800000007fff
ffff800000007fff
ffff800000007fff
ffff800000007fff
ffff800000007fff
ffff800000007fff
ffff800000007fff
ffff800000007fff
ffff800000007fff
ffff800000007fff
ffff800000007fff
ffff800000007fff
ffff800000007fff
ffff800000007fff
ffff800000007fff
ffff800000007fff
ffff800000007fff
ffff800000007fff
ffff800000007fff
ffff800000007fff
ffff800000007fff
ffff800000007fff
ffff800000007fff
ffff800000007fff
ffff800000007fff
ffff800000007fff
ffff800000007fff
ffff800000007fff
ffff800000007fff
ffff800000007fff
ffff800000007fff
ffff800000007fff
ffff800000007fff
ffff800000007fff
ffff800000007fff
ffff800000007fff
ffff800000007fff
ffff800000007fff
ffff800000007fff
ffff800000007fff
ffff800000007fff
ffff800000007fff
ffff800000007fff
ffff800000007fff
ffff800000007fff
ffff800000007fff
ffff800000007fff
ffff800000007fff
ffff800000007fff
ffff800000007fff
ffff800000007fff
ffff800000007fff
ffff800000007fff
ffff800000007fff
ffff800000007fff
ffff800000007fff
ffff800000007fff
ffff800000007fff
ffff800000007fff
ffff800000007fff
ffff800000007fff
ffff800000007fff
ffff800000007fff
ffff800000007fff
ffff800000007fff
ffff800000007fff
ffff800000007fff
ffff800000007fff
ffff800000007fff
ffff800000007fff
ffff800000007fff
ffff800000007fff
ffff800000007fff
ffff800000007fff
ffff800000007fff
ffff800000007fff
ffff800000007fff
ffff800000007fff
ffff800000007fff
ffff800000007fff
ffff800000007fff
ffff800000007fff
ffff800000007fff
ffff800000007fff
ffff800000007fff
ffff800000007fff
ffff800000007fff
ffff800000007fff
ffff800000007fff
ffff800000007fff
ffff800000007fff
ffff800000007fff
ffff800000007fff
ffff800000007fff
ffff800000007fff
ffff800000007fff
ffff800000007fff
ffff800000007fff
ffff800000007fff
ffff800000007fff
ffff800000007fff
ffff800000007fff
ffff800000007fff
ffff800000007fff
ffff800000007fff
ffff800000007fff
ffff800000007fff
ffff800000007fff
ffff800000007fff
ffff800000007fff
ffff800000007fff
ffff800000007fff
ffff800000007fff
ffff800000007fff
ffff800000007fff
ffff800000007fff
ffff800000007fff
ffff800000007fff
ffff800000007fff
ffff800000007fff
ffff800000007fff
ffff800000007fff
ffff800000007fff
ffff800000007fff
ffff800000007fff
ffff800000007fff
ffff800000007fff
ffff800000007fff
ffff800000007fff
ffff800000007fff
ffff800000007fff
ffff800000007fff
ffff800000007fff
ffff800000007fff
ffff800000007fff
ffff800000007fff
ffff800000007fff
ffff800000007fff
ffff800000007fff
ffff800000007fff
ffff800000007fff
ffff800000007fff
ffff800000007fff
ffff800000007fff
ffff800000007fff
ffff800000007fff
ffff800000007fff
ffff800000007fff
ffff800000007fff
ffff800000007fff
ffff800000007fff
ffff800000007fff
ffff800000007fff
ffff800000007fff
ffff800000007fff
ffff800000007fff
ffff800000007fff
ffff800000007fff
ffff800000007fff
ffff800000007fff
ffff800000007fff
ffff800000007fff
ffff800000007fff
ffff800000007fff
ffff800000007fff
ffff800000007fff
ffff800000007fff
ffff800000007fff
ffff800000007fff
ffff800000007fff
ffff800000007fff
ffff800000007fff
ffff800000007fff
ffff800000007fff
ffff800000007fff
ffff800000007fff
ffff800000007fff
ffff800000007fff
ffff800000007fff
ffff800000007fff
ffff800000007fff
ffff800000007fff
ffff800000007fff
ffff800000007fff
ffff800000007fff
ffff800000007fff
ffff800000007fff
ffff800000007fff
ffff800000007fff
ffff800000007fff
ffff800000007fff
ffff800000007fff
ffff800000007fff
ffff800000007fff
ffff800000007fff
ffff800000007fff
ffff800000007fff
ffff800000007fff
ffff800000007fff
ffff800000007fff
ffff800000007fff
ffff800000007fff
ffff800000007fff
ffff800000007fff
ffff800000007fff
ffff800000007fff
ffff800000007fff
ffff800000007fff
ffff800000007fff
ffff800000007fff
ffff800000007fff
ffff800000007fff
ffff800000007fff
ffff800000007fff
ffff800000007fff
ffff800000007fff
ffff800000007fff
ffff800000007fff
ffff800000007fff
ffff800000007fff
ffff800000007fff
ffff800000007fff
ffff800000007fff
ffff800000007fff
ffff800000007fff
ffff800000007fff
ffff800000007fff
ffff800000007fff
ffff800000007fff
ffff800000007fff
ffff800000007fff
ffff800000007fff
ffff800000007fff
ffff800000007fff
ffff800000007fff
ffff800000007fff
ffff800000007fff
ffff800000007fff
ffff800000007fff
ffff800000007fff
ffff800000007fff
ffff800000007fff
ffff800000007fff
ffff800000007fff
ffff800000007fff
ffff800000007fff
ffff800000007fff
ffff800000007fff
ffff800000007fff
ffff800000007fff
ffff800000007fff
ffff800000007fff
ffff800000007fff
ffff800000007fff
ffff800000007fff
ffff800000007fff
ffff800000007fff
ffff800000007fff
ffff800000007fff
ffff800000007fff
ffff800000007fff
ffff800000007fff
ffff800000007fff
ffff800000007fff
ffff800000007fff
ffff800000007fff
ffff800000007fff
ffff800000007fff
ffff800000007fff
ffff800000007fff
ffff800000007fff
ffff800000007fff
ffff800000007fff
ffff800000007fff
ffff800000007fff
ffff800000007fff
ffff800000007fff
ffff800000007fff
ffff800000007fff
ffff800000007fff
ffff800000007fff
ffff800000007fff
ffff800000007fff
ffff800000007fff
ffff800000007fff
ffff800000007fff
ffff800000007fff
ffff800000007fff
ffff800000007fff
ffff800000007fff
ffff800000007fff
ffff800000007fff
ffff800000007fff
ffff800000007fff
ffff800000007fff
ffff800000007fff
ffff800000007fff
ffff800000007fff
ffff800000007fff
ffff800000007fff
ffff800000007fff
ffff800000007fff
ffff800000007fff
ffff800000007fff
ffff800000007fff
ffff800000007fff
ffff800000007fff
ffff800000007fff
ffff800000007fff
ffff800000007fff
ffff800000007fff
ffff800000007fff
ffff800000007fff
ffff800000007fff
ffff800000007fff
ffff800000007fff
ffff800000007fff
ffff800000007fff
ffff800000007fff
ffff800000007fff
ffff800000007fff
ffff800000007fff
ffff800000007fff
ffff800000007fff
ffff800000007fff
ffff800000007fff
ffff800000007fff
ffff800000007fff
ffff800000007fff
ffff800000007fff
ffff800000007fff
ffff800000007fff
ffff800000007fff
ffff800000007fff
ffff800000007fff
ffff800000007fff
ffff800000007fff
ffff800000007fff
ffff800000007fff
ffff800000007fff
ffff800000007fff
ffff800000007fff
ffff800000007fff
ffff800000007fff
ffff800000007fff
ffff800000007fff
ffff800000007fff
ffff800000007fff
ffff800000007fff
ffff800000007fff
ffff800000007fff
ffff800000007fff
ffff800000007fff
ffff800000007fff
ffff800000007fff
ffff800000007fff
ffff800000007fff
ffff800000007fff
ffff800000007fff
ffff800000007fff
ffff800000007fff
ffff800000007fff
ffff800000007fff
ffff800000007fff
ffff800000007fff
ffff800000007fff
ffff800000007fff
ffff800000007fff
ffff800000007fff
ffff800000007fff
ffff800000007fff
ffff800000007fff
ffff800000007fff
ffff800000007fff
ffff800000007fff
ffff800000007fff
ffff800000007fff
ffff800000007fff
ffff800000007fff
ffff800000007fff
ffff800000007fff
ffff800000007fff
ffff800000007fff
ffff800000007fff
ffff800000007fff
ffff800000007fff
ffff800000007fff
ffff800000007fff
ffff800000007fff
ffff800000007fff
ffff800000007fff
ffff800000007fff
ffff800000007fff
ffff800000007fff
ffff800000007fff
ffff800000007fff
ffff800000007fff
ffff800000007fff
ffff800000007fff
ffff800000007fff
ffff800000007fff
ffff800000007fff
ffff800000007fff
ffff800000007fff
ffff800000007fff
ffff800000007fff
ffff800000007fff
ffff800000007fff
ffff800000007fff
ffff800000007fff
ffff800000007fff
ffff800000007fff
ffff800000007fff
ffff800000007fff
ffff800000007fff
ffff800000007fff
ffff800000007fff
ffff800000007fff
ffff800000007fff
ffff800000007fff
ffff800000007fff
ffff800000007fff
ffff800000007fff
ffff800000007fff
ffff800000007fff
ffff800000007fff
ffff800000007fff
ffff800000007fff
ffff800000007fff
ffff800000007fff
ffff800000007fff
ffff800000007fff
ffff800000007fff
ffff800000007fff
ffff800000007fff
ffff800000007fff
ffff800000007fff
ffff800000007fff
ffff800000007fff
ffff800000007fff
ffff800000007fff
ffff800000007fff
ffff800000007fff
ffff800000007fff
ffff800000007fff
ffff800000007fff
ffff800000007fff
ffff800000007fff
ffff800000007fff
ffff800000007fff
ffff800000007fff
ffff800000007fff
ffff800000007fff
ffff800000007fff
ffff800000007fff
ffff800000007fff
ffff800000007fff
ffff800000007fff
ffff800000007fff
ffff800000007fff
ffff800000007fff
ffff800000007fff
ffff800000007fff
ffff800000007fff
ffff800000007fff
ffff800000007fff
ffff800000007fff
ffff800000007fff
ffff800000007fff
ffff800000007fff
ffff800000007fff
ffff800000007fff
ffff800000007fff
ffff800000007fff
ffff800000007fff
ffff800000007fff
ffff800000007fff
ffff800000007fff
ffff800000007fff
ffff800000007fff
ffff800000007fff
ffff800000007fff
ffff800000007fff
ffff800000007fff
ffff800000007fff
ffff800000007fff
ffff800000007fff
ffff800000007fff
ffff800000007fff
ffff800000007fff
ffff800000007fff
ffff800000007fff
ffff800000007fff
ffff800000007fff
ffff800000007fff
ffff800000007fff
ffff800000007fff
ffff800000007fff
ffff800000007fff
ffff800000007fff
ffff800000007fff
ffff800000007fff
ffff800000007fff
ffff800000007fff
ffff800000007fff
ffff800000007fff
ffff800000007fff
ffff800000007fff
ffff800000007fff
ffff800000007fff
ffff800000007fff
ffff800000007fff
ffff800000007fff
ffff800000007fff
ffff800000007fff
ffff800000007fff
ffff800000007fff
ffff800000007fff
ffff800000007fff
ffff800000007fff
ffff800000007fff
ffff800000007fff
ffff800000007fff
ffff800000007fff
ffff800000007fff
ffff800000007fff
ffff800000007fff
ffff800000007fff
ffff800000007fff
ffff800000007fff
ffff800000007fff
ffff800000007fff
ffff800000007fff
ffff800000007fff
ffff800000007fff
ffff800000007fff
ffff800000007fff
ffff800000007fff
ffff800000007fff
ffff800000007fff
ffff800000007fff
ffff800000007fff
ffff800000007fff
ffff800000007fff
ffff800000007fff
ffff800000007fff
ffff800000007fff
ffff800000007fff
ffff800000007fff
ffff800000007fff
ffff800000007fff
ffff800000007fff
ffff800000007fff
ffff800000007fff
ffff800000007fff
ffff800000007fff
ffff800000007fff
ffff800000007fff
ffff800000007fff
ffff800000007fff
ffff800000007fff
ffff800000007fff
ffff800000007fff
ffff800000007fff
ffff800000007fff
ffff800000007fff
ffff800000007fff
ffff800000007fff
ffff800000007fff
ffff800000007fff
ffff800000007fff
ffff800000007fff
ffff800000007fff
ffff800000007fff
ffff800000007fff
ffff800000007fff
ffff800000007fff
ffff800000007fff
ffff800000007fff
ffff800000007fff
ffff800000007fff
ffff800000007fff
ffff800000007fff
ffff800000007fff
ffff800000007fff
ffff800000007fff
ffff800000007fff
ffff800000007fff
ffff800000007fff
ffff800000007fff
ffff800000007fff
ffff800000007fff
ffff800000007fff
ffff800000007fff
ffff800000007fff
ffff800000007fff
ffff800000007fff
ffff800000007fff
ffff800000007fff
ffff800000007fff
ffff800000007fff
ffff800000007fff
ffff800000007fff
ffff800000007fff
ffff800000007fff
ffff800000007fff
ffff800000007fff
ffff800000007fff
ffff800000007fff
ffff800000007fff
ffff800000007fff
ffff800000007fff
ffff800000007fff
ffff800000007fff
ffff800000007fff
ffff800000007fff
ffff800000007fff
ffff800000007fff
ffff800000007fff
ffff800000007fff
ffff800000007fff
ffff800000007fff
ffff800000007fff
ffff800000007fff
ffff800000007fff
ffff800000007fff
ffff800000007fff
ffff800000007fff
ffff800000007fff
ffff800000007fff
ffff800000007fff
ffff800000007fff
ffff800000007fff
ffff800000007fff
ffff800000007fff
ffff800000007fff
ffff800000007fff
ffff800000007fff
ffff800000007fff
ffff800000007fff
ffff800000007fff
ffff800000007fff
ffff800000007fff
ffff800000007fff
ffff800000007fff
ffff800000007fff
ffff800000007fff
ffff800000007fff
ffff800000007fff
ffff800000007fff
ffff800000007fff
ffff800000007fff
ffff800000007fff
ffff800000007fff
ffff800000007fff
ffff800000007fff
ffff800000007fff
ffff800000007fff
ffff800000007fff
ffff800000007fff
ffff800000007fff
ffff800000007fff
ffff800000007fff
ffff800000007fff
ffff800000007fff
ffff800000007fff
ffff800000007fff
ffff800000007fff
ffff800000007fff
ffff800000007fff
ffff800000007fff
ffff800000007fff
ffff800000007fff
ffff800000007fff
ffff800000007fff
ffff800000007fff
ffff800000007fff
ffff800000007fff
ffff800000007fff
ffff800000007fff
ffff800000007fff
ffff800000007fff
ffff800000007fff
ffff800000007fff
ffff800000007fff
ffff800000007fff
ffff800000007fff
ffff800000007fff
ffff800000007fff
ffff800000007fff
ffff800000007fff
ffff800000007fff
ffff800000007fff
ffff800000007fff
ffff800000007fff
ffff800000007fff
ffff800000007fff
ffff800000007fff
ffff800000007fff
ffff800000007fff
ffff800000007fff
ffff800000007fff
ffff800000007fff
ffff800000007fff
ffff800000007fff
ffff800000007fff
0000000000000000
0000000000000000
0000000000000000
0000000000000000
0000000000000000
0000000000000000
00000001ffffffff
00000000ffffffff
00000000ffffffff
ffffffffffffffff
ffffffffffffffff
ffffffffffffffff
fffffffe00000000
fffffffe00000001
fffffffe00000002
ffffffff00000003
0000000000000004
0000000200000004
0000000300000003
0000000500000002
0000000600000000
00000006fffffffd
00000005fffffffb
00000003fffffff9
00000000fffffff7
fffffffcfffffff7
fffffff9fffffff9
fffffff6fffffffc
fffffff400000000
fffffff400000005
fffffff700000009
fffffffa0000000e
0000000000000010
000000060000000f
0000000c0000000c
0000001100000007
0000001400000000
00000013fffffff8
00000010fffffff0
00000009ffffffeb
00000000ffffffe8
fffffff6ffffffe9
ffffffedffffffed
ffffffe6fffffff5
ffffffe300000000
ffffffe40000000c
ffffffe900000017
fffffff30000001f
0000000000000022
0000000e00000021
0000001b0000001b
000000240000000f
0000002900000000
00000027fffffff0
0000001fffffffe1
00000011ffffffd6
00000000ffffffd1
ffffffedffffffd3
ffffffdcffffffdc
ffffffd0ffffffec
ffffffca00000000
ffffffcc00000015
ffffffd700000029
ffffffe900000037
000000000000003e
000000180000003a
0000002f0000002f
0000003e0000001a
0000004600000000
00000042ffffffe5
00000034ffffffcc
0000001dffffffba
00000000ffffffb2
ffffffe1ffffffb6
ffffffc6ffffffc6
ffffffb2ffffffe0
ffffffa900000000
ffffffae00000022
ffffffbf00000041
ffffffdc00000056
0000000000000060
000000250000005b
0000004800000048
0000006000000027
0000006a00000000
00000064ffffffd7
0000004fffffffb1
0000002bffffff97
00000000ffffff8c
ffffffd3ffffff93
ffffffa9ffffffa9
ffffff8effffffd1
ffffff8100000000
ffffff8900000031
ffffffa20000005e
ffffffcc0000007d
000000000000008a
0000003600000082
0000006700000067
0000008800000038
0000009600000000
0000008dffffffc6
0000006fffffff91
0000003dffffff6d
00000000ffffff5d
ffffffc1ffffff68
ffffff88ffffff88
ffffff62ffffffbf
ffffff5100000000
ffffff5c00000044
ffffff7f00000081
ffffffba000000aa
00000000000000bc
00000049000000b1
0000008b0000008b
000000b70000004b
000000ca00000000
000000bdffffffb2
00000095ffffff6b
00000051ffffff3c
00000000ffffff28
ffffffadffffff36
ffffff61ffffff61
ffffff2fffffffaa
ffffff1900000000
ffffff2800000059
ffffff57000000a9
ffffffa4000000df
00000000000000f6
0000005f000000e6
000000b4000000b4
000000ed00000062
0000010600000000
000000f4ffffff9b
000000bfffffff41
00000068ffffff04
00000000fffffeeb
ffffff95fffffefd
ffffff35ffffff35
fffffef5ffffff92
fffffeda00000000
fffffeed00000071
ffffff29000000d7
ffffff8b0000011a
0000000000000137
0000007800000122
000000e3000000e3
0000012a0000007b
0000014800000000
00000132ffffff82
000000f0ffffff10
00000082fffffec5
00000000fffffea6
ffffff7bfffffebd
ffffff04ffffff04
fffffeb5ffffff77
fffffe9300000000
fffffeac0000008c
fffffef60000010a
ffffff700000015d
0000000000000180
0000009400000165
0000011700000117
0000016e00000097
0000019300000000
00000177ffffff65
00000125fffffedb
0000009ffffffe7f
00000000fffffe59
ffffff5efffffe77
fffffecdfffffecd
fffffe6dffffff5a
fffffe4500000000
fffffe63000000aa
fffffebe00000142
ffffff52000001a6
00000000000001cf
000000b2000001af
0000015100000151
000001b9000000b6
000001e500000000
000001c3ffffff46
00000160fffffea0
000000befffffe33
00000000fffffe06
ffffff3efffffe29
fffffe91fffffe91
fffffe1fffffff39
fffffdef00000000
fffffe14000000cb
fffffe810000017f
ffffff31000001f6
0000000000000227
000000d400000200
0000018f0000018f
0000020b000000d8
0000023e00000000
00000215ffffff24
000001a0fffffe60
000000e1fffffde0
00000000fffffdaa
ffffff1bfffffdd4
fffffe4ffffffe4f
fffffdcaffffff16
fffffd9200000000
fffffdbf000000ee
fffffe3e000001c2
ffffff0d0000024d
0000000000000286
000000f800000258
000001d4000001d4
00000264000000fd
0000029f00000000
0000026ffffffeff
000001e5fffffe1b
00000106fffffd85
00000000fffffd48
fffffef5fffffd7a
fffffe08fffffe08
fffffd6efffffef0
fffffd2e00000000
fffffd6100000115
fffffdf60000020a
fffffee6000002aa
00000000000002ec
0000011f000002b6
0000021d0000021d
000002c300000124
0000030700000000
000002cffffffed7
00000230fffffdd0
0000012efffffd24
00000000fffffcde
fffffecdfffffd18
fffffdbdfffffdbd
fffffd0bfffffec7
fffffcc200000000
fffffcfe0000013e
fffffda900000257
fffffebd0000030f
000000000000035a
000001490000031c
0000026b0000026b
000003290000014e
0000037600000000
00000336fffffeac
00000280fffffd80
00000159fffffcbd
00000000fffffc6d
fffffea1fffffcaf
fffffd6cfffffd6c
fffffca1fffffe9c
fffffc4f00000000
fffffc950000016a
fffffd57000002a9
fffffe900000037a
00000000000003ce
0000017500000387
000002be000002be
000003950000017b
000003ed00000000
000003a4fffffe7f
000002d4fffffd2c
00000186fffffc4f
00000000fffffbf5
fffffe74fffffc40
fffffd16fffffd16
fffffc32fffffe6e
fffffbd600000000
fffffc2400000198
fffffd0000000300
fffffe62000003eb
000000000000044a
000001a4000003fa
0000031700000317
00000408000001aa
0000046a00000000
00000417fffffe4f
0000032efffffcd2
000001b7fffffbda
00000000fffffb75
fffffe43fffffbcb
fffffcbbfffffcbb
fffffbbbfffffe3d
fffffb5500000000
fffffbac000001c9
fffffca30000035d
fffffe3000000463
00000000000004cd
000001d600000473
0000037500000375
00000482000001dc
000004ef00000000
00000491fffffe1d
0000038dfffffc73
000001eafffffb5f
00000000fffffaef
fffffe10fffffb4f
fffffc5bfffffc5b
fffffb3ffffffe09
fffffacd00000000
fffffb2f000001fd
fffffc42000003be
fffffdfc000004e1
0000000000000556
0000020b000004f2
000003d7000003d7
0000050200000211
0000057a00000000
00000512fffffde8
000003f0fffffc10
0000021ffffffadd
00000000fffffa62
fffffddafffffacc
fffffbf6fffffbf6
fffffabcfffffdd3
fffffa3e00000000
fffffaab00000234
fffffbdc00000424
fffffdc500000566
00000000000005e8
0000024200000577
0000043e0000043e
0000058800000249
0000060c00000000
00000599fffffdb0
00000459fffffba7
00000257fffffa56
00000000fffff9ce
fffffda1fffffa44
fffffb8cfffffb8c
fffffa32fffffd9a
fffff9a800000000
fffffa210000026d
fffffb710000048f
fffffd8c000005f1
000000000000067f
0000027c00000603
000004aa000004aa
0000061500000283
000006a600000000
00000627fffffd76
000004c6fffffb3a
00000292fffff9c7
00000000fffff933
fffffd67fffff9b5
fffffb1efffffb1e
fffff9a3fffffd5f
fffff90b00000000
fffff991000002a8
fffffb01000004ff
fffffd5000000682
000000000000071d
000002b800000695
0000051b0000051b
000006a7000002c0
0000074600000000
000006bafffffd39
00000538fffffac8
000002cffffff933
00000000fffff892
fffffd29fffff920
fffffaaafffffaaa
fffff90dfffffd21
fffff86800000000
fffff8fa000002e7
fffffa8d00000573
fffffd1100000719
00000000000007c2
000002f70000072c
0000059100000591
00000740000002ff
000007ec00000000
00000754fffffcf9
000005affffffa51
0000030ffffff899
00000000fffff7e9
fffffce9fffff885
fffffa33fffffa33
fffff871fffffce1
fffff7be00000000
fffff85e00000327
fffffa14000005ec
fffffcd0000007b6
000000000000086d
00000338000007cb
0000060b0000060b
000007df00000340
0000089900000000
000007f3fffffcb8
0000062bfffff9d5
00000351fffff7f8
00000000fffff73b
fffffca7fffff7e4
fffff9b6fffff9b6
fffff7cffffffc9e
fffff70e00000000
fffff7bb0000036a
fffff9960000066a
fffffc8d0000085a
000000000000091f
0000037c0000086e
0000068a0000068a
0000088300000384
0000094c00000000
00000898fffffc73
000006aafffff956
00000396fffff752
00000000fffff686
fffffc62fffff73d
fffff935fffff935
fffff728fffffc59
fffff65700000000
fffff713000003b0
fffff914000006ec
fffffc4700000902
00000000000009d7
000003c200000918
0000070d0000070d
0000092e000003ca
00000a0600000000
00000943fffffc2d
0000072ffffff8d1
000003ddfffff6a7
00000000fffff5cb
fffffc1afffff691
fffff8affffff8af
fffff67bfffffc11
fffff59b00000000
fffff665000003f8
fffff88e00000772
fffffbff000009b1
0000000000000a95
0000040a000009c7
0000079500000795
000009de00000413
00000ac600000000
000009f4fffffbe4
000007b7fffff849
00000426fffff5f5
00000000fffff50a
fffffbd1fffff5df
fffff826fffff826
fffff5c8fffffbc7
fffff4d900000000
fffff5b100000442
fffff803000007fd
fffffbb500000a66
0000000000000b59
0000045500000a7d
0000082100000821
00000a940000045e
00000b8b00000000
00000aabfffffb98
00000844fffff7bc
00000471fffff53e
00000000fffff443
fffffb85fffff527
fffff798fffff798
fffff510fffffb7b
fffff41000000000
fffff4f80000048e
fffff7740000088c
fffffb6800000b1f
0000000000000c24
000004a200000b37
000008b1000008b1
00000b4e000004ac
00000c5700000000
00000b66fffffb4b
000008d5fffff72b
000004bffffff481
00000000fffff375
fffffb37fffff46a
fffff705fffff705
fffff452fffffb2d
fffff34100000000
fffff43a000004dd
fffff6e000000920
fffffb1900000bde
0000000000000cf4
000004f100000bf7
0000094500000945
00000c0f000004fb
00000d2900000000
00000c27fffffafb
0000096bfffff695
0000050ffffff3c0
00000000fffff2a2
fffffae7fffff3a8
fffff670fffff670
fffff38efffffadc
fffff26c00000000
fffff3760000052e
fffff649000009b7
fffffac800000ca3
0000000000000dca
0000054200000cbc
000009dd000009dd
00000cd50000054d
00000e0000000000
00000ceefffffaa9
00000a04fffff5fc
00000562fffff2f9
00000000fffff1ca
fffffa94fffff2e0
fffff5d5fffff5d5
fffff2c7fffffa8a
fffff19200000000
fffff2ad00000581
fffff5ae00000a52
fffffa7500000d6c
0000000000000ea5
0000059600000d86
00000a7900000a79
00000d9f000005a0
00000edd00000000
00000db9fffffa55
00000aa1fffff55f
000005b6fffff22d
00000000fffff0eb
fffffa3ffffff213
fffff537fffff537
fffff1f9fffffa35
fffff0b300000000
fffff1df000005d6
fffff50f00000af1
fffffa1f00000e3b
0000000000000f86
000005ec00000e55
00000b1a00000b1a
00000e6f000005f6
00000fbf00000000
00000e8afffff9ff
00000b42fffff4be
0000060cfffff15c
00000000fffff008
fffff9e9fffff142
fffff495fffff495
fffff127fffff9de
ffffefce00000000
fffff10d0000062d
fffff46c00000b94
fffff9c800000f0f
000000000000106c
0000064300000f29
00000bbd00000bbd
00000f440000064e
000010a700000000
00000f5ffffff9a7
00000be7fffff419
00000664fffff086
00000000ffffef1f
fffff990fffff06b
fffff3effffff3ef
fffff050fffff985
ffffeee400000000
fffff03500000686
fffff3c500000c3b
fffff96f00000fe6
0000000000001157
0000069c00001002
00000c6500000c65
0000101e000006a8
0000119300000000
00001039fffff94d
00000c90fffff370
000006bfffffefac
00000000ffffee31
fffff936ffffef90
fffff346fffff346
ffffef74fffff92b
ffffedf400000000
ffffef58000006e1
fffff31b00000ce5
fffff913000010c4
0000000000001248
000006f8000010e0
00000d1000000d10
000010fb00000704
0000128500000000
00001118fffff8f1
00000d3bfffff2c5
0000071bffffeecc
00000000ffffed3e
fffff8d9ffffeeb0
fffff299fffff299
ffffee94fffff8ce
ffffed0100000000
ffffee770000073e
fffff26d00000d93
fffff8b6000011a5
000000000000133d
00000755000011c1
00000dbf00000dbf
000011de00000761
0000137b00000000
000011fafffff893
00000debfffff215
00000779ffffede9
00000000ffffec47
fffff87bffffedcc
fffff1e9fffff1e9
ffffedb0fffff86f
ffffec0800000000
ffffed920000079d
fffff1bc00000e44
fffff8570000128b
0000000000001437
000007b4000012a7
00000e7000000e70
000012c5000007c1
0000147600000000
000012e2fffff834
00000e9efffff162
000007d9ffffed01
00000000ffffeb4a
fffff81bffffece3
fffff135fffff135
ffffecc7fffff80f
ffffeb0a00000000
ffffeca9000007fd
fffff10800000ef8
fffff7f700001374
0000000000001536
0000081600001392
00000f2600000f26
000013b000000822
0000157600000000
000013cdfffff7d2
00000f54fffff0ac
0000083affffec15
00000000ffffea49
fffff7b9ffffebf7
fffff07efffff07e
ffffebdafffff7ad
ffffea0900000000
ffffebbb0000085f
fffff05000000fb0
fffff79400001463
0000000000001639
0000087800001480
00000fde00000fde
0000149f00000884
0000167a00000000
000014bdfffff76f
0000100dffffeff3
0000089dffffeb25
00000000ffffe944
fffff756ffffeb07
ffffefc4ffffefc4
ffffeae8fffff74a
ffffe90200000000
ffffeaca000008c3
ffffef960000106a
fffff73100001554
0000000000001740
000008dc00001573
0000109900001099
00001591000008e9
0000178300000000
000015b0fffff70b
000010c9ffffef37
00000902ffffea31
00000000ffffe83b
fffff6f1ffffea12
ffffef08ffffef08
ffffe9f4fffff6e5
ffffe7f800000000
ffffe9d500000928
ffffeed800001128
fffff6cb0000164a
000000000000184c
000009420000166a
0000115800001158
000016890000094f
0000188f00000000
000016a8fffff6a5
00001188ffffee78
00000968ffffe939
00000000ffffe72d
fffff68bffffe91a
ffffee48ffffee48
ffffe8fbfffff67e
ffffe6e900000000
ffffe8db0000098f
ffffee18000011e8
fffff66400001744
000000000000195b
000009a900001763
0000121900001219
00001783000009b6
0000199f00000000
000017a2fffff63d
0000124affffedb6
000009d0ffffe83e
00000000ffffe61c
fffff623ffffe81e
ffffed86ffffed86
ffffe7fffffff616
ffffe5d700000000
ffffe7df000009f7
ffffed55000012ab
fffff5fc00001841
0000000000001a6e
00000a1200001861
000012dd000012dd
0000188100000a1f
00001ab300000000
000018a1fffff5d4
0000130effffecf2
00000a39ffffe73f
00000000ffffe507
fffff5b9ffffe71f
ffffecc1ffffecc1
ffffe6fffffff5ac
ffffe4c100000000
ffffe6df00000a61
ffffec8f00001371
fffff59200001941
0000000000001b85
00000a7c00001962
000013a3000013a3
0000198200000a89
00001bcc00000000
000019a2fffff56a
000013d5ffffec2b
00000aa4ffffe63d
00000000ffffe3ee
fffff54fffffe61d
ffffebf9ffffebf9
ffffe5fcfffff541
ffffe3a800000000
ffffe5dc00000acc
ffffebc700001439
fffff52600001a45
0000000000001c9f
00000ae700001a66
0000146b0000146b
00001a8600000af5
00001ce600000000
00001aa7fffff4fe
0000149effffeb62
00000b10ffffe539
00000000ffffe2d2
fffff4e3ffffe517
ffffeb2fffffeb2f
ffffe4f6fffff4d5
ffffe28b00000000
ffffe4d500000b39
ffffeafc00001504
fffff4ba00001b4c
0000000000001dbd
00000b5400001b6d
0000153700001537
00001b8e00000b62
00001e0500000000
00001baffffff491
0000156affffea96
00000b7dffffe430
00000000ffffe1b3
fffff475ffffe40f
ffffea63ffffea63
ffffe3eefffff468
ffffe16b00000000
ffffe3cc00000ba6
ffffea2f000015d1
fffff44c00001c55
0000000000001ede
00000bc100001c76
0000160400001604
00001c9800000bcf
00001f2600000000
00001cb9fffff423
00001638ffffe9c8
00000bebffffe325
00000000ffffe091
fffff407ffffe304
ffffe995ffffe995
ffffe2e3fffff3f9
ffffe04800000000
ffffe2c100000c15
ffffe9610000169f
fffff3dd00001d61
0000000000002001
00000c3000001d83
000016d3000016d3
00001da500000c3e
0000204a00000000
00001dc6fffff3b4
00001707ffffe8f9
00000c5affffe218
00000000ffffdf6b
fffff398ffffe1f6
ffffe8c4ffffe8c4
ffffe1d4fffff38a
ffffdf2200000000
ffffe1b300000c84
ffffe89000001770
fffff36e00001e70
0000000000002128
00000ca000001e92
000017a5000017a5
00001eb400000cae
0000217200000000
00001ed6fffff343
000017d9ffffe827
00000ccbffffe108
00000000ffffde44
fffff327ffffe0e6
ffffe7f2ffffe7f2
ffffe0c4fffff319
ffffddfa00000000
ffffe0a100000cf5
ffffe7bd00001843
fffff2fd00001f81
0000000000002251
00000d1100001fa4
0000187800001878
00001fc500000d1f
0000229b00000000
00001fe8fffff2d2
000018adffffe753
00000d3cffffdff6
00000000ffffdd1a
fffff2b6ffffdfd3
ffffe71effffe71e
ffffdfb1fffff2a8
ffffdccf00000000
ffffdf8e00000d67
ffffe6e900001917
fffff28b00002094
000000000000237c
00000d83000020b7
0000194d0000194d
000020d900000d91
000023c700000000
000020fcfffff260
00001982ffffe67e
00000daeffffdee1
00000000ffffdbed
fffff244ffffdebe
ffffe648ffffe648
ffffde9cfffff235
ffffdba200000000
ffffde7900000dd9
ffffe613000019ed
fffff218000021aa
00000000000024aa
00000df6000021cc
00001a2300001a23
000021f000000e04
000024f600000000
00002212fffff1ed
00001a59ffffe5a7
00000e21ffffddcb
00000000ffffdabe
fffff1d0ffffdda8
ffffe571ffffe571
ffffdd85fffff1c2
ffffda7200000000
ffffdd6200000e4c
ffffe53b00001ac5
fffff1a5000022c1
00000000000025da
00000e69000022e4
00001afb00001afb
0000230700000e78
0000262600000000
0000232afffff17a
00001b31ffffe4cf
00000e95ffffdcb2
00000000ffffd98e
fffff15dffffdc8f
ffffe499ffffe499
ffffdc6cfffff14e
ffffd94100000000
ffffdc4900000ec1
ffffe46300001b9d
fffff131000023da
000000000000270b
00000ede000023fe
00001bd400001bd4
0000242100000eec
0000275800000000
00002444fffff105
00001c0bffffe3f5
00000f09ffffdb99
00000000ffffd85b
fffff0e8ffffdb75
ffffe3bfffffe3bf
ffffdb52fffff0da
ffffd80e00000000
ffffdb2e00000f35
ffffe38900001c77
fffff0bc000024f5
000000000000283f
00000f5200002518
00001cae00001cae
0000253c00000f61
0000288c00000000
0000255ffffff090
00001ce5ffffe31b
00000f7effffda7d
00000000ffffd727
fffff073ffffda5a
ffffe2e4ffffe2e4
ffffda36fffff064
ffffd6da00000000
ffffda1200000faa
ffffe2ad00001d53
fffff04700002611
0000000000002974
00000fc800002635
00001d8a00001d8a
0000265800000fd6
000029c100000000
0000267cfffff01b
00001dc1ffffe23f
00000ff4ffffd961
00000000ffffd5f2
ffffeffdffffd93d
ffffe208ffffe208
ffffd919ffffefee
ffffd5a300000000
ffffd8f600001020
ffffe1d100001e2f
ffffefd10000272e
0000000000002aaa
0000103e00002752
00001e6600001e66
000027760000104d
00002af700000000
00002799ffffefa5
00001e9dffffe163
0000106affffd843
00000000ffffd4bb
ffffef87ffffd81f
ffffe12bffffe12b
ffffd7fbffffef78
ffffd46d00000000
ffffd7d700001097
ffffe0f400001f0c
ffffef5b0000284c
0000000000002be1
000010b400002870
00001f4300001f43
00002894000010c3
00002c2f00000000
000028b8ffffef2e
00001f7bffffe085
000010e0ffffd724
00000000ffffd383
ffffef11ffffd700
ffffe04effffe04e
ffffd6dcffffef02
ffffd33500000000
ffffd6b80000110d
ffffe01700001fe9
ffffeee40000296c
0000000000002d19
0000112b00002990
0000202100002021
000029b400001139
00002d6700000000
000029d8ffffeeb8
00002058ffffdfa8
00001157ffffd605
00000000ffffd24a
ffffee9affffd5e1
ffffdf70ffffdf70
ffffd5bdffffee8b
ffffd1fc00000000
ffffd59800001184
ffffdf38000020c8
ffffee6d00002a8c
0000000000002e53
000011a200002ab0
000020ff000020ff
00002ad4000011b1
00002ea100000000
00002af8ffffee41
00002137ffffdec9
000011ceffffd4e4
00000000ffffd111
ffffee23ffffd4c0
ffffde92ffffde92
ffffd49cffffee14
ffffd0c200000000
ffffd478000011fb
ffffde5a000021a6
ffffedf600002bac
0000000000002f8c
0000121900002bd0
000021de000021de
00002bf400001228
00002fda00000000
00002c19ffffedc9
00002216ffffddea
00001246ffffd3c3
00000000ffffcfd7
ffffedacffffd39f
ffffddb3ffffddb3
ffffd37bffffed9d
ffffcf8900000000
ffffd35700001272
ffffdd7b00002285
ffffed7f00002ccd
00000000000030c6
0000129000002cf1
000022bd000022bd
00002d150000129f
0000311400000000
00002d3affffed52
000022f5ffffdd0b
000012bdffffd2a2
00000000ffffce9d
ffffed34ffffd27e
ffffdcd4ffffdcd4
ffffd25bffffed25
ffffce4f00000000
ffffd236000012ea
ffffdc9c00002364
ffffed0700002dee
0000000000003200
0000130700002e12
0000239c0000239c
00002e3600001316
0000324f00000000
00002e5bffffecdb
000023d4ffffdc2c
00001334ffffd181
00000000ffffcd63
ffffecbdffffd15e
ffffdbf5ffffdbf5
ffffd13affffecae
ffffcd1400000000
ffffd11500001361
ffffdbbd00002443
ffffec9000002f0f
000000000000333a
0000137f00002f33
0000247b0000247b
00002f570000138e
0000338900000000
00002f7cffffec63
000024b3ffffdb4d
000013acffffd061
00000000ffffcc29
ffffec46ffffd03d
ffffdb16ffffdb16
ffffd019ffffec37
ffffcbda00000000
ffffcff4000013d8
ffffdade00002522
ffffec1900003030
0000000000003474
000013f600003054
0000255a0000255a
0000307800001405
000034c200000000
0000309cffffebec
00002592ffffda6e
00001423ffffcf40
00000000ffffcaef
ffffebceffffcf1c
ffffda37ffffda37
ffffcef8ffffebbf
ffffcaa100000000
ffffced40000144f
ffffd9ff00002601
ffffeba200003150
00000000000035ad
0000146d00003174
0000263800002638
000031980000147c
000035fc00000000
000031bdffffeb75
00002670ffffd990
0000149affffce1f
00000000ffffc9b6
ffffeb57ffffcdfb
ffffd958ffffd958
ffffcdd8ffffeb48
ffffc96700000000
ffffcdb4000014c7
ffffd921000026df
ffffeb2b00003270
00000000000036e7
000014e400003294
0000271700002717
000032b8000014f3
0000373500000000
000032dcffffeafe
0000274effffd8b2
00001511ffffcd00
00000000ffffc87d
ffffeae0ffffccdc
ffffd87affffd87a
ffffccb8ffffead2
ffffc82f00000000
ffffcc940000153d
ffffd843000027bd
ffffeab400003390
000000000000381f
0000155b000033b4
000027f4000027f4
000033d70000156a
0000386d00000000
000033fbffffea88
0000282bffffd7d5
00001587ffffcbe1
00000000ffffc745
ffffea6affffcbbd
ffffd79dffffd79d
ffffcb99ffffea5b
ffffc6f700000000
ffffcb76000015b3
ffffd7660000289a
ffffea3e000034ae
0000000000003956
000015d1000034d2
000028d1000028d1
000034f6000015e0
000039a300000000
00003519ffffea11
00002908ffffd6f8
000015fdffffcac3
00000000ffffc60e
ffffe9f4ffffca9f
ffffd6c1ffffd6c1
ffffca7cffffe9e5
ffffc5c100000000
ffffca580000162a
ffffd68900002977
ffffe9c8000035cb
0000000000003a8c
00001647000035ef
000029ad000029ad
0000361200001656
00003ada00000000
00003636ffffe99c
000029e4ffffd61c
00001673ffffc9a6
00000000ffffc4d9
ffffe97effffc982
ffffd5e5ffffd5e5
ffffc95fffffe970
ffffc48c00000000
ffffc93c0000169f
ffffd5ae00002a52
ffffe952000036e8
0000000000003bc1
000016bc0000370b
00002a8900002a89
0000372e000016cb
00003c0e00000000
00003752ffffe926
00002abfffffd541
000016e8ffffc88b
00000000ffffc3a5
ffffe909ffffc867
ffffd50bffffd50b
ffffc844ffffe8fb
ffffc35800000000
ffffc82100001714
ffffd4d400002b2c
ffffe8de00003802
0000000000003cf5
0000173100003826
00002b6300002b63
000038490000173f
00003d4100000000
0000386cffffe8b2
00002b99ffffd467
0000175dffffc771
00000000ffffc272
ffffe895ffffc74e
ffffd431ffffd431
ffffc72affffe886
ffffc22600000000
ffffc70700001788
ffffd3fb00002c05
ffffe8690000391c
0000000000003e26
000017a50000393f
00002c3b00002c3b
00003962000017b4
00003e7200000000
00003985ffffe83e
00002c71ffffd38f
000017d0ffffc658
00000000ffffc141
ffffe821ffffc635
ffffd359ffffd359
ffffc612ffffe813
ffffc0f600000000
ffffc5f0000017fc
ffffd32300002cdd
ffffe7f600003a34
0000000000003f56
0000181800003a56
00002d1300002d13
00003a7900001827
00003fa200000000
00003a9cffffe7cb
00002d48ffffd2b8
00001844ffffc542
00000000ffffc013
ffffe7aeffffc51f
ffffd282ffffd282
ffffc4fcffffe7a0
ffffbfc700000000
ffffc4d90000186f
ffffd24d00002db3
ffffe78300003b49
0000000000004084
0000188b00003b6c
00002de900002de9
00003b8e00001899
000040cf00000000
00003bb1ffffe758
00002e1effffd1e2
000018b6ffffc42d
00000000ffffbee6
ffffe73cffffc40a
ffffd1adffffd1ad
ffffc3e8ffffe72e
ffffbe9b00000000
ffffc3c5000018e1
ffffd17800002e88
ffffe71100003c5c
00000000000041af
000018fd00003c7f
00002ebd00002ebd
00003ca10000190b
000041fa00000000
00003cc4ffffe6e7
00002ef2ffffd10e
00001927ffffc31a
00000000ffffbdbc
ffffe6cbffffc2f8
ffffd0d9ffffd0d9
ffffc2d6ffffe6bd
ffffbd7200000000
ffffc2b400001952
ffffd0a500002f5b
ffffe6a000003d6e
00000000000042d9
0000196e00003d90
00002f9000002f90
00003db30000197c
0000432200000000
00003dd4ffffe676
00002fc4ffffd03c
00001998ffffc20a
00000000ffffbc95
ffffe65affffc1e8
ffffd007ffffd007
ffffc1c6ffffe64c
ffffbc4a00000000
ffffc1a5000019c2
ffffcfd30000302d
ffffe63000003e7d
00000000000043ff
000019de00003e9f
0000306100003061
00003ec1000019eb
0000444800000000
00003ee3ffffe607
00003095ffffcf6b
00001a07ffffc0fc
00000000ffffbb6f
ffffe5ebffffc0db
ffffcf38ffffcf38
ffffc0b9ffffe5dd
ffffbb2600000000
ffffc09800001a31
ffffcf04000030fc
ffffe5c100003f8a
0000000000004522
00001a4c00003fab
0000312f0000312f
00003fcc00001a5a
0000456b00000000
00003feeffffe598
00003163ffffce9d
00001a76ffffbff1
00000000ffffba4d
ffffe57dffffbfd0
ffffce6affffce6a
ffffbfafffffe56f
ffffba0500000000
ffffbf8e00001a9e
ffffce37000031c9
ffffe55400004093
0000000000004643
00001aba000040b4
000031fc000031fc
000040d500001ac7
0000468b00000000
000040f6ffffe52b
0000322fffffcdd1
00001ae3ffffbee8
00000000ffffb92e
ffffe510ffffbec7
ffffcd9effffcd9e
ffffbea7ffffe502
ffffb8e600000000
ffffbe8600001b0b
ffffcd6b00003295
ffffe4e70000419a
0000000000004761
00001b26000041bb
000032c7000032c7
000041dc00001b34
000047a800000000
000041fcffffe4bf
000032f9ffffcd07
00001b4fffffbde3
00000000ffffb812
ffffe4a4ffffbdc3
ffffccd5ffffccd5
ffffbda2ffffe496
ffffb7cc00000000
ffffbd8200001b77
ffffcca30000335d
ffffe47c0000429f
000000000000487b
00001b92000042bf
0000338f0000338f
000042df00001b9f
000048c100000000
000042ffffffe454
000033c1ffffcc3f
00001bb9ffffbce1
00000000ffffb6f9
ffffe439ffffbcc0
ffffcc0effffcc0e
ffffbca1ffffe42c
ffffb6b300000000
ffffbc8100001be1
ffffcbdd00003423
ffffe4120000439f
0000000000004992
00001bfc000043bf
0000345500003455
000043df00001c09
000049d700000000
000043ffffffe3ea
00003486ffffcb7a
00001c23ffffbbe2
00000000ffffb5e4
ffffe3d0ffffbbc2
ffffcb4affffcb4a
ffffbba2ffffe3c3
ffffb59f00000000
ffffbb8300001c4a
ffffcb19000034e7
ffffe3a90000449d
0000000000004aa5
00001c64000044bc
0000351800003518
000044db00001c71
00004ae900000000
000044fbffffe382
00003548ffffcab8
00001c8bffffbae6
00000000ffffb4d3
ffffe368ffffbac6
ffffca88ffffca88
ffffbaa8ffffe35b
ffffb48f00000000
ffffba8900001cb1
ffffca58000035a8
ffffe34200004596
0000000000004bb4
00001ccb000045b6
000035d8000035d8
000045d500001cd8
00004bf800000000
000045f4ffffe31b
00003608ffffc9f8
00001cf1ffffb9ee
00000000ffffb3c5
ffffe302ffffb9cf
ffffc9c9ffffc9c9
ffffb9b0ffffe2f5
ffffb38300000000
ffffb99100001d17
ffffc99900003667
ffffe2dc0000468d
0000000000004cc0
00001d31000046ac
0000369600003696
000046ca00001d3d
00004d0200000000
000046e8ffffe2b6
000036c4ffffc93c
00001d56ffffb8f9
00000000ffffb2bc
ffffe29dffffb8db
ffffc90dffffc90d
ffffb8bdffffe291
ffffb27a00000000
ffffb89e00001d7c
ffffc8de00003722
ffffe27800004780
0000000000004dc7
00001d940000479d
0000375000003750
000047bb00001da1
00004e0900000000
000047daffffe253
0000377effffc882
00001dbaffffb809
00000000ffffb1b7
ffffe23affffb7eb
ffffc854ffffc854
ffffb7cdffffe22e
ffffb17600000000
ffffb7b000001dde
ffffc826000037da
ffffe2160000486e
0000000000004eca
00001df70000488c
0000380800003808
000048a900001e03
00004f0a00000000
000048c7ffffe1f1
00003835ffffc7cb
00001e1bffffb71d
00000000ffffb0b6
ffffe1d9ffffb6ff
ffffc79effffc79e
ffffb6e2ffffe1cc
ffffb07600000000
ffffb6c500001e3f
ffffc77000003890
ffffe1b400004959
0000000000004fc9
00001e5700004975
000038bc000038bc
0000499200001e63
0000500800000000
000049b0ffffe191
000038e9ffffc717
00001e7bffffb634
00000000ffffafb9
ffffe179ffffb617
ffffc6ebffffc6eb
ffffb5faffffe16d
ffffaf7b00000000
ffffb5de00001e9f
ffffc6bf00003941
ffffe15500004a3f
00000000000050c3
00001eb600004a5b
0000396d0000396d
00004a7700001ec2
0000510100000000
00004a94ffffe132
00003999ffffc667
00001ed9ffffb550
00000000ffffaec2
ffffe11bffffb534
ffffc63bffffc63b
ffffb518ffffe10f
ffffae8500000000
ffffb4fb00001efd
ffffc610000039f0
ffffe0f800004b20
00000000000051b8
00001f1300004b3c
00003a1b00003a1b
00004b5800001f1f
000051f400000000
00004b74ffffe0d5
00003a46ffffc5ba
00001f36ffffb470
00000000ffffadcf
ffffe0bfffffb454
ffffc590ffffc590
ffffb439ffffe0b3
ffffad9300000000
ffffb41e00001f58
ffffc56500003a9b
ffffe09c00004bfe
00000000000052a9
00001f6f00004c1a
00003ac500003ac5
00004c3500001f7a
000052e400000000
00004c50ffffe07b
00003aefffffc511
00001f90ffffb395
00000000fffface1
ffffe064ffffb37a
ffffc4e7ffffc4e7
ffffb35fffffe059
ffffaca600000000
ffffb34400001fb2
ffffc4bd00003b43
ffffe04300004cd7
0000000000005394
00001fc800004cf1
00003b6c00003b6c
00004d0d00001fd3
000053ce00000000
00004d27ffffe022
00003b95ffffc46b
00001fe9ffffb2be
00000000ffffabf8
ffffe00cffffb2a4
ffffc442ffffc442
ffffb28affffe001
ffffabbf00000000
ffffb26f0000200a
ffffc41a00003be6
ffffdfec00004dab
000000000000547a
0000201f00004dc5
00003c0f00003c0f
00004ddf0000202a
000054b300000000
00004df9ffffdfcb
00003c37ffffc3c9
00002040ffffb1ed
00000000ffffab15
ffffdfb6ffffb1d3
ffffc3a1ffffc3a1
ffffb1b9ffffdfab
ffffaadd00000000
ffffb19f00002060
ffffc37900003c87
ffffdf9600004e7a
000000000000555b
0000207500004e94
00003cae00003cae
00004ead0000207f
0000559200000000
00004ec7ffffdf76
00003cd5ffffc32b
00002094ffffb120
00000000ffffaa36
ffffdf61ffffb107
ffffc304ffffc304
ffffb0eeffffdf57
ffffaa0000000000
ffffb0d5000020b3
ffffc2dd00003d23
ffffdf4200004f44
0000000000005636
000020c800004f5d
00003d4900003d49
00004f76000020d2
0000566c00000000
00004f8fffffdf24
00003d70ffffc290
000020e7ffffb058
00000000ffffa95e
ffffdf0fffffb040
ffffc26bffffc26b
ffffb027ffffdf05
ffffa92900000000
ffffb00f00002105
ffffc24500003dbb
ffffdef100005009
000000000000570c
0000211900005022
00003de000003de0
0000503a00002123
0000574100000000
00005052ffffded3
00003e05ffffc1fb
00002137ffffaf96
00000000ffffa88b
ffffdebfffffaf7f
ffffc1d5ffffc1d5
ffffaf66ffffdeb5
ffffa85700000000
ffffaf4e00002154
ffffc1b100003e4f
ffffdea2000050c9
00000000000057dc
00002168000050e1
00003e7400003e74
000050f800002172
0000581000000000
00005110ffffde85
00003e98ffffc168
00002185ffffaed9
00000000ffffa7bd
ffffde71ffffaec2
ffffc144ffffc144
ffffaeabffffde68
ffffa78b00000000
ffffae94000021a2
ffffc12100003edf
ffffde5500005183
00000000000058a7
000021b50000519a
00003f0300003f03
000051b1000021be
000058d900000000
000051c8ffffde39
00003f26ffffc0da
000021d1ffffae21
00000000ffffa6f6
ffffde26ffffae0b
ffffc0b7ffffc0b7
ffffadf4ffffde1c
ffffa6c600000000
ffffadde000021ed
ffffc09500003f6b
ffffde0a00005239
000000000000596b
000021ff0000524f
00003f8e00003f8e
0000526500002208
0000599b00000000
0000527bffffddef
00003fafffffc051
0000221bffffad6f
00000000ffffa635
ffffddddffffad59
ffffc02fffffc02f
ffffad43ffffddd3
ffffa60600000000
ffffad2e00002236
ffffc00d00003ff3
ffffddc2000052e8
0000000000005a29
00002247000052fe
0000401400004014
0000531300002250
00005a5700000000
00005328ffffdda7
00004035ffffbfcb
00002262ffffacc2
00000000ffffa57a
ffffdd96ffffacae
ffffbfaaffffbfaa
ffffac98ffffdd8d
ffffa54c00000000
ffffac830000227c
ffffbf8a00004076
ffffdd7c00005392
0000000000005ae1
0000228d000053a6
0000409600004096
000053bb00002296
00005b0e00000000
000053cfffffdd62
000040b6ffffbf4a
000022a7ffffac1c
00000000ffffa4c5
ffffdd51ffffac08
ffffbf2bffffbf2b
ffffabf3ffffdd48
ffffa49900000000
ffffabdf000022c0
ffffbf0b000040f5
ffffdd3800005435
0000000000005b93
000022d00000544a
0000411400004114
0000545e000022d9
00005bbe00000000
00005471ffffdd1f
00004133ffffbecd
000022e9ffffab7b
00000000ffffa417
ffffdd0fffffab67
ffffbeafffffbeaf
ffffab54ffffdd07
ffffa3ec00000000
ffffab4000002301
ffffbe910000416f
ffffdcf7000054d4
0000000000005c3e
00002312000054e7
0000418d0000418d
000054fa00002319
00005c6800000000
0000550dffffdcdf
000041aaffffbe56
00002329ffffaae0
00000000ffffa36e
ffffdccfffffaacd
ffffbe38ffffbe38
ffffaabaffffdcc7
ffffa34600000000
ffffaaa700002340
ffffbe1b000041e5
ffffdcb80000556b
0000000000005ce3
000023500000557e
0000420100004201
0000559100002358
00005d0b00000000
000055a3ffffdca1
0000421effffbde2
00002367ffffaa4b
00000000ffffa2cd
ffffdc92ffffaa39
ffffbdc6ffffbdc6
ffffaa27ffffdc8a
ffffa2a600000000
ffffaa150000237d
ffffbdaa00004256
ffffdc7c000055fd
0000000000005d82
0000238c0000560f
0000427100004271
0000562100002393
00005da800000000
00005632ffffdc66
0000428cffffbd74
000023a1ffffa9bc
00000000ffffa232
ffffdc57ffffa9aa
ffffbd59ffffbd59
ffffa999ffffdc50
ffffa20c00000000
ffffa988000023b7
ffffbd3e000042c2
ffffdc4200005689
0000000000005e18
000023c50000569a
000042dc000042dc
000056ab000023cc
00005e3e00000000
000056bcffffdc2d
000042f6ffffbd0a
000023daffffa934
00000000ffffa19e
ffffdc1fffffa923
ffffbcf0ffffbcf0
ffffa912ffffdc18
ffffa17a00000000
ffffa902000023ef
ffffbcd700004329
ffffdc0b0000570e
0000000000005eaa
000023fc0000571f
0000434200004342
0000572f00002403
00005ecd00000000
0000573fffffdbf7
0000435bffffbca5
00002410ffffa8b1
00000000ffffa111
ffffdbeaffffa8a1
ffffbc8dffffbc8d
ffffa891ffffdbe3
ffffa0ee00000000
ffffa88200002424
ffffbc750000438b
ffffdbd60000578e
0000000000005f33
000024300000579d
000043a3000043a3
000057ac00002437
00005f5500000000
000057bcffffdbc3
000043bbffffbc45
00002443ffffa835
00000000ffffa08a
ffffdbb7ffffa826
ffffbc2effffbc2e
ffffa817ffffdbb1
ffffa06a00000000
ffffa80800002456
ffffbc17000043e9
ffffdba400005806
0000000000005fb6
0000246200005815
0000440000004400
0000582400002468
00005fd600000000
00005832ffffdb92
00004416ffffbbea
00002474ffffa7c0
00000000ffffa00b
ffffdb86ffffa7b1
ffffbbd4ffffbbd4
ffffa7a3ffffdb81
ffff9fed00000000
ffffa79500002485
ffffbbbe00004442
ffffdb7500005879
0000000000006032
0000249000005886
0000445700004457
0000589500002496
0000604f00000000
000058a2ffffdb64
0000446cffffbb94
000024a1ffffa751
00000000ffff9f93
ffffdb59ffffa743
ffffbb80ffffbb80
ffffa736ffffdb54
ffff9f7600000000
ffffa729000024b2
ffffbb6b00004495
ffffdb49000058e4
00000000000060a6
000024bd000058f1
000044a9000044a9
000058fe000024c2
000060c200000000
0000590bffffdb39
000044bdffffbb43
000024cdffffa6e8
00000000ffff9f22
ffffdb2effffa6dc
ffffbb30ffffbb30
ffffa6cfffffdb29
ffff9f0700000000
ffffa6c3000024dc
ffffbb1d000044e3
ffffdb1f0000594a
0000000000006114
000024e600005956
000044f6000044f6
00005961000024eb
0000612e00000000
0000596effffdb10
00004508ffffbaf8
000024f5ffffa686
00000000ffff9eb8
ffffdb06ffffa67b
ffffbae5ffffbae5
ffffa66fffffdb01
ffff9e9f00000000
ffffa66400002503
ffffbad40000452c
ffffdaf8000059a8
000000000000617a
0000250d000059b3
0000453e0000453e
000059bf00002512
0000619200000000
000059caffffdaea
0000454fffffbab1
0000251bffffa62c
00000000ffff9e56
ffffdae1ffffa620
ffffbaa0ffffbaa0
ffffa615ffffdadc
ffff9e3e00000000
ffffa60b00002528
ffffba8f00004571
ffffdad400005a00
00000000000061d9
0000253100005a0a
0000458100004581
00005a1400002535
000061ef00000000
00005a1fffffdac7
00004591ffffba6f
0000253effffa5d7
00000000ffff9dfa
ffffdabeffffa5cd
ffffba60ffffba60
ffffa5c3ffffdaba
ffff9de500000000
ffffa5b90000254a
ffffba51000045af
ffffdab200005a51
0000000000006231
0000255200005a5a
000045be000045be
00005a6300002556
0000624500000000
00005a6effffdaa6
000045cdffffba33
0000255effffa589
00000000ffff9da7
ffffda9fffffa581
ffffba25ffffba25
ffffa577ffffda9b
ffff9d9300000000
ffffa56e00002569
ffffba17000045e9
ffffda9400005a9b
0000000000006280
0000257000005aa3
000045f6000045f6
00005aac00002574
0000629300000000
00005ab5ffffda89
00004604ffffb9fc
0000257bffffa543
00000000ffff9d5a
ffffda82ffffa53b
ffffb9f0ffffb9f0
ffffa532ffffda7e
ffff9d4800000000
ffffa52a00002585
ffffb9e30000461d
ffffda7800005ade
00000000000062c9
0000258b00005ae6
0000462900004629
00005aed0000258f
000062da00000000
00005af5ffffda6e
00004635ffffb9cb
00002595ffffa503
00000000ffff9d15
ffffda68ffffa4fc
ffffb9bfffffb9bf
ffffa4f4ffffda65
ffff9d0600000000
ffffa4ed0000259e
ffffb9b40000464c
ffffda5f00005b1a
000000000000630a
000025a400005b21
0000465700004657
00005b28000025a7
0000631900000000
00005b2fffffda56
00004661ffffb99f
000025adffffa4ca
00000000ffff9cd8
ffffda51ffffa4c3
ffffb995ffffb995
ffffa4bdffffda4e
ffff9cca00000000
ffffa4b7000025b5
ffffb98b00004675
ffffda4900005b4f
0000000000006344
000025ba00005b56
0000467f0000467f
00005b5c000025bc
0000635100000000
00005b62ffffda41
00004688ffffb978
000025c1ffffa498
00000000ffff9ca2
ffffda3dffffa493
ffffb96fffffb96f
ffffa48dffffda3a
ffff9c9600000000
ffffa488000025c8
ffffb96700004699
ffffda3600005b7e
0000000000006376
000025cc00005b83
000046a2000046a2
00005b89000025cf
0000638100000000
00005b8effffda2f
000046a9ffffb957
000025d3ffffa46d
00000000ffff9c74
ffffda2bffffa469
ffffb94fffffb94f
ffffa464ffffda29
ffff9c6a00000000
ffffa460000025d9
ffffb948000046b8
ffffda2500005ba5
00000000000063a0
000025dc00005baa
000046bf000046bf
00005bae000025de
000063a900000000
00005bb2ffffda20
000046c6ffffb93a
000025e1ffffa44a
00000000ffff9c4e
ffffda1dffffa446
ffffb934ffffb934
ffffa442ffffda1b
ffff9c4600000000
ffffa43e000025e6
ffffb92f000046d1
ffffda1800005bc6
00000000000063c2
000025e900005bc9
000046d7000046d7
00005bcc000025eb
000063ca00000000
00005bd0ffffda14
000046dcffffb924
000025edffffa42d
00000000ffff9c2f
ffffda11ffffa42a
ffffb91fffffb91f
ffffa427ffffda10
ffff9c2900000000
ffffa424000025f1
ffffb91b000046e5
ffffda0e00005bdf
00000000000063de
000025f300005be1
000046e9000046e9
00005be4000025f4
000063e300000000
00005be6ffffda0b
000046edffffb913
000025f7ffffa417
00000000ffff9c18
ffffda09ffffa415
ffffb910ffffb910
ffffa413ffffda08
ffff9c1400000000
ffffa411000025f9
ffffb90c000046f4
ffffda0600005bf1
00000000000063f0
000025fa00005bf2
000046f7000046f7
00005bf5000025fb
000063f400000000
00005bf6ffffda04
000046f9ffffb907
000025fcffffa409
00000000ffff9c09
ffffda03ffffa407
ffffb905ffffb905
ffffa406ffffda03
ffff9c0600000000
ffffa405000025fe
ffffb903000046fd
ffffda0200005bfc
00000000000063fc
000025ff00005bfd
000046fe000046fe
00005bfe000025ff
000063fe00000000
00005bffffffda01
000046ffffffb901
000025ffffffa401
00000000ffff9c01
ffffda00ffffa401
ffffb901ffffb901
ffffa400ffffda00
ffff9c0000000000
ffffa40000002600
ffffb90000004700
ffffda0000005c00
0000000000006400
0000260000005c00
0000470000004700
00005c0000002600
0000640000000000
00005c00ffffda00
000046ffffffb901
00002600ffffa401
00000000ffff9c01
ffffda01ffffa401
ffffb901ffffb901
ffffa401ffffda01
ffff9c0200000000
ffffa402000025ff
ffffb902000046fe
ffffda0100005bfd
00000000000063fc
000025fe00005bfc
000046fd000046fd
00005bfb000025fe
000063fa00000000
00005bfaffffda03
000046fbffffb905
000025fdffffa407
00000000ffff9c09
ffffda04ffffa409
ffffb907ffffb907
ffffa40affffda04
ffff9c0c00000000
ffffa40b000025fb
ffffb909000046f7
ffffda0600005bf2
00000000000063f0
000025fa00005bf1
000046f4000046f4
00005bef000025f9
000063ec00000000
00005bedffffda08
000046f0ffffb910
000025f7ffffa415
00000000ffff9c18
ffffda09ffffa417
ffffb913ffffb913
ffffa41affffda0b
ffff9c1d00000000
ffffa41c000025f4
ffffb917000046e9
ffffda0d00005be1
00000000000063de
000025f200005bdf
000046e5000046e5
00005bdc000025f1
000063d700000000
00005bd9ffffda10
000046e1ffffb91f
000025efffffa42a
00000000ffff9c2f
ffffda13ffffa42d
ffffb924ffffb924
ffffa430ffffda14
ffff9c3600000000
ffffa434000025eb
ffffb929000046d7
ffffda1700005bc9
00000000000063c2
000025e800005bc6
000046d1000046d1
00005bc2000025e6
000063ba00000000
00005bbeffffda1b
000046ccffffb934
000025e3ffffa446
00000000ffff9c4e
ffffda1fffffa44a
ffffb93affffb93a
ffffa44effffda20
ffff9c5700000000
ffffa452000025de
ffffb941000046bf
ffffda2400005baa
00000000000063a0
000025db00005ba5
000046b8000046b8
00005ba0000025d9
0000639600000000
00005b9cffffda29
000046b1ffffb94f
000025d5ffffa469
00000000ffff9c74
ffffda2dffffa46d
ffffb957ffffb957
ffffa472ffffda2f
ffff9c7f00000000
ffffa477000025cf
ffffb95e000046a2
ffffda3400005b83
0000000000006376
000025ca00005b7e
0000469900004699
00005b78000025c8
0000636a00000000
00005b73ffffda3a
00004691ffffb96f
000025c3ffffa493
00000000ffff9ca2
ffffda3fffffa498
ffffb978ffffb978
ffffa49effffda41
ffff9caf00000000
ffffa4a4000025bc
ffffb9810000467f
ffffda4600005b56
0000000000006344
000025b700005b4f
0000467500004675
00005b49000025b5
0000633600000000
00005b43ffffda4e
0000466bffffb995
000025afffffa4c3
00000000ffff9cd8
ffffda53ffffa4ca
ffffb99fffffb99f
ffffa4d1ffffda56
ffff9ce700000000
ffffa4d8000025a7
ffffb9a900004657
ffffda5c00005b21
000000000000630a
000025a100005b1a
0000464c0000464c
00005b130000259e
000062fa00000000
00005b0cffffda65
00004641ffffb9bf
00002598ffffa4fc
00000000ffff9d15
ffffda6bffffa503
ffffb9cbffffb9cb
ffffa50bffffda6e
ffff9d2600000000
ffffa5130000258f
ffffb9d700004629
ffffda7500005ae6
00000000000062c9
0000258800005ade
0000461d0000461d
00005ad600002585
000062b800000000
00005aceffffda7e
00004610ffffb9f0
0000257effffa53b
00000000ffff9d5a
ffffda85ffffa543
ffffb9fcffffb9fc
ffffa54bffffda89
ffff9d6d00000000
ffffa55400002574
ffffba0a000045f6
ffffda9000005aa3
0000000000006280
0000256c00005a9b
000045e9000045e9
00005a9200002569
0000626d00000000
00005a89ffffda9b
000045dbffffba25
00002561ffffa581
00000000ffff9da7
ffffdaa2ffffa589
ffffba33ffffba33
ffffa592ffffdaa6
ffff9dbb00000000
ffffa59d00002556
ffffba42000045be
ffffdaae00005a5a
0000000000006231
0000254e00005a51
000045af000045af
00005a470000254a
0000621b00000000
00005a3dffffdaba
000045a0ffffba60
00002542ffffa5cd
00000000ffff9dfa
ffffdac2ffffa5d7
ffffba6fffffba6f
ffffa5e1ffffdac7
ffff9e1100000000
ffffa5ec00002535
ffffba7f00004581
ffffdacf00005a0a
00000000000061d9
0000252c00005a00
0000457100004571
000059f500002528
000061c200000000
000059ebffffdadc
00004560ffffbaa0
0000251fffffa620
00000000ffff9e56
ffffdae5ffffa62c
ffffbab1ffffbab1
ffffa636ffffdaea
ffff9e6e00000000
ffffa64100002512
ffffbac20000453e
ffffdaf3000059b3
000000000000617a
00002508000059a8
0000452c0000452c
0000599c00002503
0000616100000000
00005991ffffdb01
0000451bffffbae5
000024faffffa67b
00000000ffff9eb8
ffffdb0bffffa686
ffffbaf8ffffbaf8
ffffa692ffffdb10
ffff9ed200000000
ffffa69f000024eb
ffffbb0a000044f6
ffffdb1a00005956
0000000000006114
000024e10000594a
000044e3000044e3
0000593d000024dc
000060f900000000
00005931ffffdb29
000044d0ffffbb30
000024d2ffffa6dc
00000000ffff9f22
ffffdb33ffffa6e8
ffffbb43ffffbb43
ffffa6f5ffffdb39
ffff9f3e00000000
ffffa702000024c2
ffffbb57000044a9
ffffdb43000058f1
00000000000060a6
000024b7000058e4
0000449500004495
000058d7000024b2
0000608a00000000
000058caffffdb54
00004480ffffbb80
000024a7ffffa743
00000000ffff9f93
ffffdb5fffffa751
ffffbb94ffffbb94
ffffa75effffdb64
ffff9fb100000000
ffffa76b00002496
ffffbba900004457
ffffdb7000005886
0000000000006032
0000248b00005879
0000444200004442
0000586b00002485
0000601300000000
0000585dffffdb81
0000442cffffbbd4
0000247affffa7b1
00000000ffffa00b
ffffdb8cffffa7c0
ffffbbeaffffbbea
ffffa7ceffffdb92
ffffa02a00000000
ffffa7dc00002468
ffffbc0000004400
ffffdb9e00005815
0000000000005fb6
0000245c00005806
000043e9000043e9
000057f800002456
00005f9600000000
000057e9ffffdbb1
000043d2ffffbc2e
00002449ffffa826
00000000ffffa08a
ffffdbbdffffa835
ffffbc45ffffbc45
ffffa844ffffdbc3
ffffa0ab00000000
ffffa85400002437
ffffbc5d000043a3
ffffdbd00000579d
0000000000005f33
0000242a0000578e
0000438b0000438b
0000577e00002424
00005f1200000000
0000576fffffdbe3
00004373ffffbc8d
00002416ffffa8a1
00000000ffffa111
ffffdbf0ffffa8b1
ffffbca5ffffbca5
ffffa8c1ffffdbf7
ffffa13300000000
ffffa8d100002403
ffffbcbe00004342
ffffdc040000571f
0000000000005eaa
000023f50000570e
0000432900004329
000056fe000023ef
00005e8600000000
000056eeffffdc18
00004310ffffbcf0
000023e1ffffa923
00000000ffffa19e
ffffdc26ffffa934
ffffbd0affffbd0a
ffffa944ffffdc2d
ffffa1c200000000
ffffa955000023cc
ffffbd24000042dc
ffffdc3b0000569a
0000000000005e18
000023be00005689
000042c2000042c2
00005678000023b7
00005df400000000
00005667ffffdc50
000042a7ffffbd59
000023a9ffffa9aa
00000000ffffa232
ffffdc5fffffa9bc
ffffbd74ffffbd74
ffffa9ceffffdc66
ffffa25800000000
ffffa9df00002393
ffffbd8f00004271
ffffdc740000560f
0000000000005d82
00002384000055fd
0000425600004256
000055eb0000237d
00005d5a00000000
000055d9ffffdc8a
0000423affffbdc6
0000236effffaa39
00000000ffffa2cd
ffffdc99ffffaa4b
ffffbde2ffffbde2
ffffaa5dffffdca1
ffffa2f500000000
ffffaa6f00002358
ffffbdff00004201
ffffdcb00000557e
0000000000005ce3
000023480000556b
000041e5000041e5
0000555900002340
00005cba00000000
00005546ffffdcc7
000041c8ffffbe38
00002331ffffaacd
00000000ffffa36e
ffffdcd7ffffaae0
ffffbe56ffffbe56
ffffaaf3ffffdcdf
ffffa39800000000
ffffab0600002319
ffffbe730000418d
ffffdcee000054e7
0000000000005c3e
00002309000054d4
0000416f0000416f
000054c000002301
00005c1400000000
000054acffffdd07
00004151ffffbeaf
000022f1ffffab67
00000000ffffa417
ffffdd17ffffab7b
ffffbecdffffbecd
ffffab8fffffdd1f
ffffa44200000000
ffffaba2000022d9
ffffbeec00004114
ffffdd300000544a
0000000000005b93
000022c800005435
000040f5000040f5
00005421000022c0
00005b6700000000
0000540dffffdd48
000040d5ffffbf2b
000022afffffac08
00000000ffffa4c5
ffffdd59ffffac1c
ffffbf4affffbf4a
ffffac31ffffdd62
ffffa4f200000000
ffffac4500002296
ffffbf6a00004096
ffffdd73000053a6
0000000000005ae1
0000228400005392
0000407600004076
0000537d0000227c
00005ab400000000
00005368ffffdd8d
00004056ffffbfaa
0000226affffacae
00000000ffffa57a
ffffdd9effffacc2
ffffbfcbffffbfcb
ffffacd8ffffdda7
ffffa5a900000000
ffffaced00002250
ffffbfec00004014
ffffddb9000052fe
0000000000005a29
0000223e000052e8
00003ff300003ff3
000052d200002236
000059fa00000000
000052bdffffddd3
00003fd1ffffc02f
00002223ffffad59
00000000ffffa635
ffffdde5ffffad6f
ffffc051ffffc051
ffffad85ffffddef
ffffa66500000000
ffffad9b00002208
ffffc07200003f8e
ffffde010000524f
000000000000596b
000021f600005239
00003f6b00003f6b
00005222000021ed
0000593a00000000
0000520cffffde1c
00003f49ffffc0b7
000021daffffae0b
00000000ffffa6f6
ffffde2fffffae21
ffffc0daffffc0da
ffffae38ffffde39
ffffa72700000000
ffffae4f000021be
ffffc0fd00003f03
ffffde4b0000519a
00000000000058a7
000021ab00005183
00003edf00003edf
0000516c000021a2
0000587500000000
00005155ffffde68
00003ebcffffc144
0000218fffffaec2
00000000ffffa7bd
ffffde7bffffaed9
ffffc168ffffc168
ffffaef0ffffde85
ffffa7f000000000
ffffaf0800002172
ffffc18c00003e74
ffffde98000050e1
00000000000057dc
0000215e000050c9
00003e4f00003e4f
000050b200002154
000057a900000000
0000509affffdeb5
00003e2bffffc1d5
00002141ffffaf7f
00000000ffffa88b
ffffdec9ffffaf96
ffffc1fbffffc1fb
ffffafaeffffded3
ffffa8bf00000000
ffffafc600002123
ffffc22000003de0
ffffdee700005022
000000000000570c
0000210f00005009
00003dbb00003dbb
00004ff100002105
000056d700000000
00004fd9ffffdf05
00003d95ffffc26b
000020f1ffffb040
00000000ffffa95e
ffffdf19ffffb058
ffffc290ffffc290
ffffb071ffffdf24
ffffa99400000000
ffffb08a000020d2
ffffc2b700003d49
ffffdf3800004f5d
0000000000005636
000020be00004f44
00003d2300003d23
00004f2b000020b3
0000560000000000
00004f12ffffdf57
00003cfcffffc304
0000209fffffb107
00000000ffffaa36
ffffdf6cffffb120
ffffc32bffffc32b
ffffb139ffffdf76
ffffaa6e00000000
ffffb1530000207f
ffffc35200003cae
ffffdf8b00004e94
000000000000555b
0000206a00004e7a
00003c8700003c87
00004e6100002060
0000552300000000
00004e47ffffdfab
00003c5fffffc3a1
0000204affffb1d3
00000000ffffab15
ffffdfc0ffffb1ed
ffffc3c9ffffc3c9
ffffb207ffffdfcb
ffffab4d00000000
ffffb2210000202a
ffffc3f100003c0f
ffffdfe100004dc5
000000000000547a
0000201400004dab
00003be600003be6
00004d910000200a
0000544100000000
00004d76ffffe001
00003bbeffffc442
00001ff4ffffb2a4
00000000ffffabf8
ffffe017ffffb2be
ffffc46bffffc46b
ffffb2d9ffffe022
ffffac3200000000
ffffb2f300001fd3
ffffc49400003b6c
ffffe03800004cf1
0000000000005394
00001fbd00004cd7
00003b4300003b43
00004cbc00001fb2
0000535a00000000
00004ca1ffffe059
00003b19ffffc4e7
00001f9cffffb37a
00000000fffface1
ffffe070ffffb395
ffffc511ffffc511
ffffb3b0ffffe07b
ffffad1c00000000
ffffb3cb00001f7a
ffffc53b00003ac5
ffffe09100004c1a
00000000000052a9
00001f6400004bfe
00003a9b00003a9b
00004be200001f58
0000526d00000000
00004bc7ffffe0b3
00003a70ffffc590
00001f41ffffb454
00000000ffffadcf
ffffe0caffffb470
ffffc5baffffc5ba
ffffb48cffffe0d5
ffffae0c00000000
ffffb4a800001f1f
ffffc5e500003a1b
ffffe0ed00004b3c
00000000000051b8
00001f0800004b20
000039f0000039f0
00004b0500001efd
0000517b00000000
00004ae8ffffe10f
000039c5ffffc63b
00001ee5ffffb534
00000000ffffaec2
ffffe127ffffb550
ffffc667ffffc667
ffffb56cffffe132
ffffaeff00000000
ffffb58900001ec2
ffffc6930000396d
ffffe14a00004a5b
00000000000050c3
00001eab00004a3f
0000394100003941
00004a2200001e9f
0000508500000000
00004a06ffffe16d
00003915ffffc6eb
00001e87ffffb617
00000000ffffafb9
ffffe185ffffb634
ffffc717ffffc717
ffffb650ffffe191
ffffaff800000000
ffffb66e00001e63
ffffc744000038bc
ffffe1a900004975
0000000000004fc9
00001e4c00004959
0000389000003890
0000493b00001e3f
00004f8a00000000
0000491effffe1cc
00003862ffffc79e
00001e27ffffb6ff
00000000ffffb0b6
ffffe1e5ffffb71d
ffffc7cbffffc7cb
ffffb739ffffe1f1
ffffb0f600000000
ffffb75700001e03
ffffc7f800003808
ffffe2090000488c
0000000000004eca
00001dea0000486e
000037da000037da
0000485000001dde
00004e8a00000000
00004833ffffe22e
000037acffffc854
00001dc6ffffb7eb
00000000ffffb1b7
ffffe246ffffb809
ffffc882ffffc882
ffffb826ffffe253
ffffb1f700000000
ffffb84500001da1
ffffc8b000003750
ffffe26c0000479d
0000000000004dc7
00001d8800004780
0000372200003722
0000476200001d7c
00004d8600000000
00004743ffffe291
000036f3ffffc90d
00001d63ffffb8db
00000000ffffb2bc
ffffe2aaffffb8f9
ffffc93cffffc93c
ffffb918ffffe2b6
ffffb2fe00000000
ffffb93600001d3d
ffffc96a00003696
ffffe2cf000046ac
0000000000004cc0
00001d240000468d
0000366700003667
0000466f00001d17
00004c7d00000000
00004650ffffe2f5
00003637ffffc9c9
00001cfeffffb9cf
00000000ffffb3c5
ffffe30fffffb9ee
ffffc9f8ffffc9f8
ffffba0cffffe31b
ffffb40800000000
ffffba2b00001cd8
ffffca28000035d8
ffffe335000045b6
0000000000004bb4
00001cbe00004596
000035a8000035a8
0000457700001cb1
00004b7100000000
00004558ffffe35b
00003578ffffca88
00001c98ffffbac6
00000000ffffb4d3
ffffe375ffffbae6
ffffcab8ffffcab8
ffffbb05ffffe382
ffffb51700000000
ffffbb2500001c71
ffffcae800003518
ffffe39c000044bc
0000000000004aa5
00001c570000449d
000034e7000034e7
0000447d00001c4a
00004a6100000000
0000445effffe3c3
000034b6ffffcb4a
00001c30ffffbbc2
00000000ffffb5e4
ffffe3ddffffbbe2
ffffcb7affffcb7a
ffffbc01ffffe3ea
ffffb62900000000
ffffbc2100001c09
ffffcbab00003455
ffffe404000043bf
0000000000004992
00001bee0000439f
0000342300003423
0000437f00001be1
0000494d00000000
0000435fffffe42c
000033f2ffffcc0e
00001bc7ffffbcc0
00000000ffffb6f9
ffffe447ffffbce1
ffffcc3fffffcc3f
ffffbd01ffffe454
ffffb73f00000000
ffffbd2100001b9f
ffffcc710000338f
ffffe46e000042bf
000000000000487b
00001b840000429f
0000335d0000335d
0000427e00001b77
0000483400000000
0000425effffe496
0000332bffffccd5
00001b5cffffbdc3
00000000ffffb812
ffffe4b1ffffbde3
ffffcd07ffffcd07
ffffbe04ffffe4bf
ffffb85800000000
ffffbe2400001b34
ffffcd39000032c7
ffffe4da000041bb
0000000000004761
00001b190000419a
0000329500003295
0000417a00001b0b
0000471a00000000
00004159ffffe502
00003262ffffcd9e
00001af0ffffbec7
00000000ffffb92e
ffffe51dffffbee8
ffffcdd1ffffcdd1
ffffbf0affffe52b
ffffb97500000000
ffffbf2b00001ac7
ffffce04000031fc
ffffe546000040b4
0000000000004643
00001aac00004093
000031c9000031c9
0000407200001a9e
000045fb00000000
00004051ffffe56f
00003196ffffce6a
00001a83ffffbfd0
00000000ffffba4d
ffffe58affffbff1
ffffce9dffffce9d
ffffc012ffffe598
ffffba9500000000
ffffc03400001a5a
ffffced10000312f
ffffe5b400003fab
0000000000004522
00001a3f00003f8a
000030fc000030fc
00003f6800001a31
000044da00000000
00003f47ffffe5dd
000030c8ffffcf38
00001a15ffffc0db
00000000ffffbb6f
ffffe5f9ffffc0fc
ffffcf6bffffcf6b
ffffc11dffffe607
ffffbbb800000000
ffffc13f000019eb
ffffcf9f00003061
ffffe62200003e9f
00000000000043ff
000019d000003e7d
0000302d0000302d
00003e5b000019c2
000043b600000000
00003e3affffe64c
00002ff9ffffd007
000019a6ffffc1e8
00000000ffffbc95
ffffe668ffffc20a
ffffd03cffffd03c
ffffc22cffffe676
ffffbcde00000000
ffffc24d0000197c
ffffd07000002f90
ffffe69200003d90
00000000000042d9
0000196000003d6e
00002f5b00002f5b
00003d4c00001952
0000428e00000000
00003d2affffe6bd
00002f27ffffd0d9
00001935ffffc2f8
00000000ffffbdbc
ffffe6d9ffffc31a
ffffd10effffd10e
ffffc33cffffe6e7
ffffbe0600000000
ffffc35f0000190b
ffffd14300002ebd
ffffe70300003c7f
00000000000041af
000018ef00003c5c
00002e8800002e88
00003c3b000018e1
0000416500000000
00003c18ffffe72e
00002e53ffffd1ad
000018c4ffffc40a
00000000ffffbee6
ffffe74affffc42d
ffffd1e2ffffd1e2
ffffc44fffffe758
ffffbf3100000000
ffffc47200001899
ffffd21700002de9
ffffe77500003b6c
0000000000004084
0000187d00003b49
00002db300002db3
00003b270000186f
0000403900000000
00003b04ffffe7a0
00002d7effffd282
00001852ffffc51f
00000000ffffc013
ffffe7bcffffc542
ffffd2b8ffffd2b8
ffffc564ffffe7cb
ffffc05e00000000
ffffc58700001827
ffffd2ed00002d13
ffffe7e800003a56
0000000000003f56
0000180a00003a34
00002cdd00002cdd
00003a10000017fc
00003f0a00000000
000039eeffffe813
00002ca7ffffd359
000017dfffffc635
00000000ffffc141
ffffe830ffffc658
ffffd38fffffd38f
ffffc67bffffe83e
ffffc18e00000000
ffffc69e000017b4
ffffd3c500002c3b
ffffe85b0000393f
0000000000003e26
000017970000391c
00002c0500002c05
000038f900001788
00003dda00000000
000038d6ffffe886
00002bcfffffd431
0000176bffffc74e
00000000ffffc272
ffffe8a3ffffc771
ffffd467ffffd467
ffffc794ffffe8b2
ffffc2bf00000000
ffffc7b70000173f
ffffd49d00002b63
ffffe8cf00003826
0000000000003cf5
0000172200003802
00002b2c00002b2c
000037df00001714
00003ca800000000
000037bcffffe8fb
00002af5ffffd50b
000016f7ffffc867
00000000ffffc3a5
ffffe918ffffc88b
ffffd541ffffd541
ffffc8aeffffe926
ffffc3f200000000
ffffc8d2000016cb
ffffd57700002a89
ffffe9440000370b
0000000000003bc1
000016ae000036e8
00002a5200002a52
000036c40000169f
00003b7400000000
000036a1ffffe970
00002a1bffffd5e5
00001682ffffc982
00000000ffffc4d9
ffffe98dffffc9a6
ffffd61cffffd61c
ffffc9caffffe99c
ffffc52600000000
ffffc9ee00001656
ffffd653000029ad
ffffe9b9000035ef
0000000000003a8c
00001638000035cb
0000297700002977
000035a80000162a
00003a3f00000000
00003584ffffe9e5
0000293fffffd6c1
0000160cffffca9f
00000000ffffc60e
ffffea03ffffcac3
ffffd6f8ffffd6f8
ffffcae7ffffea11
ffffc65d00000000
ffffcb0a000015e0
ffffd72f000028d1
ffffea2f000034d2
0000000000003956
000015c2000034ae
0000289a0000289a
0000348a000015b3
0000390900000000
00003467ffffea5b
00002863ffffd79d
00001596ffffcbbd
00000000ffffc745
ffffea79ffffcbe1
ffffd7d5ffffd7d5
ffffcc05ffffea88
ffffc79300000000
ffffcc290000156a
ffffd80c000027f4
ffffeaa5000033b4
000000000000381f
0000154c00003390
000027bd000027bd
0000336c0000153d
000037d100000000
00003348ffffead2
00002786ffffd87a
00001520ffffccdc
00000000ffffc87d
ffffeaefffffcd00
ffffd8b2ffffd8b2
ffffcd24ffffeafe
ffffc8cb00000000
ffffcd48000014f3
ffffd8e900002717
ffffeb1c00003294
00000000000036e7
000014d500003270
000026df000026df
0000324c000014c7
0000369900000000
00003228ffffeb48
000026a8ffffd958
000014a9ffffcdfb
00000000ffffc9b6
ffffeb66ffffce1f
ffffd990ffffd990
ffffce43ffffeb75
ffffca0400000000
ffffce680000147c
ffffd9c800002638
ffffeb9300003174
00000000000035ad
0000145e00003150
0000260100002601
0000312c0000144f
0000355f00000000
00003108ffffebbf
000025c9ffffda37
00001432ffffcf1c
00000000ffffcaef
ffffebddffffcf40
ffffda6effffda6e
ffffcf64ffffebec
ffffcb3e00000000
ffffcf8800001405
ffffdaa60000255a
ffffec0a00003054
0000000000003474
000013e700003030
0000252200002522
0000300c000013d8
0000342600000000
00002fe7ffffec37
000024eaffffdb16
000013baffffd03d
00000000ffffcc29
ffffec54ffffd061
ffffdb4dffffdb4d
ffffd084ffffec63
ffffcc7700000000
ffffd0a90000138e
ffffdb850000247b
ffffec8100002f33
000000000000333a
0000137000002f0f
0000244300002443
00002eeb00001361
000032ec00000000
00002ec6ffffecae
0000240bffffdbf5
00001343ffffd15e
00000000ffffcd63
ffffecccffffd181
ffffdc2cffffdc2c
ffffd1a5ffffecdb
ffffcdb100000000
ffffd1ca00001316
ffffdc640000239c
ffffecf900002e12
0000000000003200
000012f900002dee
0000236400002364
00002dca000012ea
000031b100000000
00002da5ffffed25
0000232cffffdcd4
000012ccffffd27e
00000000ffffce9d
ffffed43ffffd2a2
ffffdd0bffffdd0b
ffffd2c6ffffed52
ffffceec00000000
ffffd2eb0000129f
ffffdd43000022bd
ffffed7000002cf1
00000000000030c6
0000128100002ccd
0000228500002285
00002ca900001272
0000307700000000
00002c85ffffed9d
0000224dffffddb3
00001254ffffd39f
00000000ffffcfd7
ffffedbaffffd3c3
ffffddeaffffddea
ffffd3e7ffffedc9
ffffd02600000000
ffffd40c00001228
ffffde22000021de
ffffede700002bd0
0000000000002f8c
0000120a00002bac
000021a6000021a6
00002b88000011fb
00002f3e00000000
00002b64ffffee14
0000216effffde92
000011ddffffd4c0
00000000ffffd111
ffffee32ffffd4e4
ffffdec9ffffdec9
ffffd508ffffee41
ffffd15f00000000
ffffd52c000011b1
ffffdf01000020ff
ffffee5e00002ab0
0000000000002e53
0000119300002a8c
000020c8000020c8
00002a6800001184
00002e0400000000
00002a43ffffee8b
00002090ffffdf70
00001166ffffd5e1
00000000ffffd24a
ffffeea9ffffd605
ffffdfa8ffffdfa8
ffffd628ffffeeb8
ffffd29900000000
ffffd64c00001139
ffffdfdf00002021
ffffeed500002990
0000000000002d19
0000111c0000296c
00001fe900001fe9
000029480000110d
00002ccb00000000
00002924ffffef02
00001fb2ffffe04e
000010efffffd700
00000000ffffd383
ffffef20ffffd724
ffffe085ffffe085
ffffd748ffffef2e
ffffd3d100000000
ffffd76c000010c3
ffffe0bd00001f43
ffffef4c00002870
0000000000002be1
000010a50000284c
00001f0c00001f0c
0000282900001097
00002b9300000000
00002805ffffef78
00001ed5ffffe12b
00001079ffffd81f
00000000ffffd4bb
ffffef96ffffd843
ffffe163ffffe163
ffffd867ffffefa5
ffffd50900000000
ffffd88a0000104d
ffffe19a00001e66
ffffefc200002752
0000000000002aaa
0000102f0000272e
00001e2f00001e2f
0000270a00001020
00002a5d00000000
000026e7ffffefee
00001df8ffffe208
00001003ffffd93d
00000000ffffd5f2
fffff00cffffd961
ffffe23fffffe23f
ffffd984fffff01b
ffffd63f00000000
ffffd9a800000fd6
ffffe27600001d8a
fffff03800002635
0000000000002974
00000fb900002611
00001d5300001d53
000025ee00000faa
0000292600000000
000025cafffff064
00001d1cffffe2e4
00000f8dffffda5a
00000000ffffd727
fffff082ffffda7d
ffffe31bffffe31b
ffffdaa1fffff090
ffffd77400000000
ffffdac400000f61
ffffe35200001cae
fffff0ae00002518
000000000000283f
00000f44000024f5
00001c7700001c77
000024d200000f35
000027f200000000
000024aefffff0da
00001c41ffffe3bf
00000f18ffffdb75
00000000ffffd85b
fffff0f7ffffdb99
ffffe3f5ffffe3f5
ffffdbbcfffff105
ffffd8a800000000
ffffdbdf00000eec
ffffe42c00001bd4
fffff122000023fe
000000000000270b
00000ecf000023da
00001b9d00001b9d
000023b700000ec1
000026bf00000000
00002394fffff14e
00001b67ffffe499
00000ea3ffffdc8f
00000000ffffd98e
fffff16bffffdcb2
ffffe4cfffffe4cf
ffffdcd6fffff17a
ffffd9da00000000
ffffdcf900000e78
ffffe50500001afb
fffff197000022e4
00000000000025da
00000e5b000022c1
00001ac500001ac5
0000229e00000e4c
0000258e00000000
0000227bfffff1c2
00001a8fffffe571
00000e30ffffdda8
00000000ffffdabe
fffff1dfffffddcb
ffffe5a7ffffe5a7
ffffddeefffff1ed
ffffdb0a00000000
ffffde1000000e04
ffffe5dd00001a23
fffff20a000021cc
00000000000024aa
00000de8000021aa
000019ed000019ed
0000218700000dd9
0000245e00000000
00002164fffff235
000019b8ffffe648
00000dbcffffdebe
00000000ffffdbed
fffff252ffffdee1
ffffe67effffe67e
ffffdf04fffff260
ffffdc3900000000
ffffdf2700000d91
ffffe6b30000194d
fffff27d000020b7
000000000000237c
00000d7500002094
0000191700001917
0000207200000d67
0000233100000000
0000204ffffff2a8
000018e2ffffe71e
00000d4affffdfd3
00000000ffffdd1a
fffff2c4ffffdff6
ffffe753ffffe753
ffffe018fffff2d2
ffffdd6500000000
ffffe03b00000d1f
ffffe78800001878
fffff2ef00001fa4
0000000000002251
00000d0300001f81
0000184300001843
00001f5f00000cf5
0000220600000000
00001f3cfffff319
0000180effffe7f2
00000cd9ffffe0e6
00000000ffffde44
fffff335ffffe108
ffffe827ffffe827
ffffe12afffff343
ffffde8e00000000
ffffe14c00000cae
ffffe85b000017a5
fffff36000001e92
0000000000002128
00000c9200001e70
0000177000001770
00001e4d00000c84
000020de00000000
00001e2cfffff38a
0000173cffffe8c4
00000c68ffffe1f6
00000000ffffdf6b
fffff3a6ffffe218
ffffe8f9ffffe8f9
ffffe23afffff3b4
ffffdfb600000000
ffffe25b00000c3e
ffffe92d000016d3
fffff3d000001d83
0000000000002001
00000c2300001d61
0000169f0000169f
00001d3f00000c15
00001fb800000000
00001d1dfffff3f9
0000166bffffe995
00000bf9ffffe304
00000000ffffe091
fffff415ffffe325
ffffe9c8ffffe9c8
ffffe347fffff423
ffffe0da00000000
ffffe36800000bcf
ffffe9fc00001604
fffff43f00001c76
0000000000001ede
00000bb400001c55
000015d1000015d1
00001c3400000ba6
00001e9500000000
00001c12fffff468
0000159dffffea63
00000b8bffffe40f
00000000ffffe1b3
fffff483ffffe430
ffffea96ffffea96
ffffe451fffff491
ffffe1fb00000000
ffffe47200000b62
ffffeac900001537
fffff4ac00001b6d
0000000000001dbd
00000b4600001b4c
0000150400001504
00001b2b00000b39
00001d7500000000
00001b0afffff4d5
000014d1ffffeb2f
00000b1dffffe517
00000000ffffe2d2
fffff4f0ffffe539
ffffeb62ffffeb62
ffffe559fffff4fe
ffffe31a00000000
ffffe57a00000af5
ffffeb950000146b
fffff51900001a66
0000000000001c9f
00000ada00001a45
0000143900001439
00001a2400000acc
00001c5800000000
00001a04fffff541
00001407ffffebf9
00000ab1ffffe61d
00000000ffffe3ee
fffff55cffffe63d
ffffec2bffffec2b
ffffe65efffff56a
ffffe43400000000
ffffe67e00000a89
ffffec5d000013a3
fffff58400001962
0000000000001b85
00000a6e00001941
0000137100001371
0000192100000a61
00001b3f00000000
00001901fffff5ac
0000133fffffecc1
00000a47ffffe71f
00000000ffffe507
fffff5c7ffffe73f
ffffecf2ffffecf2
ffffe75ffffff5d4
ffffe54d00000000
ffffe77f00000a1f
ffffed23000012dd
fffff5ee00001861
0000000000001a6e
00000a0400001841
000012ab000012ab
00001821000009f7
00001a2900000000
00001801fffff616
0000127affffed86
000009ddffffe81e
00000000ffffe61c
fffff630ffffe83e
ffffedb6ffffedb6
ffffe85efffff63d
ffffe66100000000
ffffe87d000009b6
ffffede700001219
fffff65700001763
000000000000195b
0000099c00001744
000011e8000011e8
000017250000098f
0000191700000000
00001705fffff67e
000011b8ffffee48
00000975ffffe91a
00000000ffffe72d
fffff698ffffe939
ffffee78ffffee78
ffffe958fffff6a5
ffffe77100000000
ffffe9770000094f
ffffeea800001158
fffff6be0000166a
000000000000184c
000009350000164a
0000112800001128
0000162b00000928
0000180800000000
0000160cfffff6e5
000010f8ffffef08
0000090fffffea12
00000000ffffe83b
fffff6feffffea31
ffffef37ffffef37
ffffea50fffff70b
ffffe87d00000000
ffffea6f000008e9
ffffef6700001099
fffff72400001573
0000000000001740
000008cf00001554
0000106a0000106a
00001536000008c3
000016fe00000000
00001518fffff74a
0000103cffffefc4
000008aaffffeb07
00000000ffffe944
fffff763ffffeb25
ffffeff3ffffeff3
ffffeb43fffff76f
ffffe98600000000
ffffeb6100000884
fffff02200000fde
fffff78800001480
0000000000001639
0000086c00001463
00000fb000000fb0
000014450000085f
000015f700000000
00001426fffff7ad
00000f82fffff07e
00000847ffffebf7
00000000ffffea49
fffff7c6ffffec15
fffff0acfffff0ac
ffffec33fffff7d2
ffffea8a00000000
ffffec5000000822
fffff0da00000f26
fffff7ea00001392
0000000000001536
0000080900001374
00000ef800000ef8
00001357000007fd
000014f600000000
00001339fffff80f
00000ecbfffff135
000007e5ffffece3
00000000ffffeb4a
fffff827ffffed01
fffff162fffff162
ffffed1efffff834
ffffeb8a00000000
ffffed3b000007c1
fffff19000000e70
fffff84c000012a7
0000000000001437
000007a90000128b
00000e4400000e44
0000126e0000079d
000013f800000000
00001250fffff86f
00000e17fffff1e9
00000785ffffedcc
00000000ffffec47
fffff887ffffede9
fffff215fffff215
ffffee06fffff893
ffffec8500000000
ffffee2200000761
fffff24100000dbf
fffff8ab000011c1
000000000000133d
0000074a000011a5
00000d9300000d93
000011890000073e
000012ff00000000
0000116cfffff8ce
00000d67fffff299
00000727ffffeeb0
00000000ffffed3e
fffff8e5ffffeecc
fffff2c5fffff2c5
ffffeee8fffff8f1
ffffed7b00000000
ffffef0500000704
fffff2f000000d10
fffff908000010e0
0000000000001248
000006ed000010c4
00000ce500000ce5
000010a8000006e1
0000120c00000000
0000108cfffff92b
00000cbafffff346
000006caffffef90
00000000ffffee31
fffff941ffffefac
fffff370fffff370
ffffefc7fffff94d
ffffee6d00000000
ffffefe2000006a8
fffff39b00000c65
fffff96400001002
0000000000001157
0000069100000fe6
00000c3b00000c3b
00000fcb00000686
0000111c00000000
00000fb0fffff985
00000c11fffff3ef
00000670fffff06b
00000000ffffef1f
fffff99cfffff086
fffff419fffff419
fffff0a1fffff9a7
ffffef5900000000
fffff0bc0000064e
fffff44300000bbd
fffff9bd00000f29
000000000000106c
0000063800000f0f
00000b9400000b94
00000ef30000062d
0000103200000000
00000ed9fffff9de
00000b6bfffff495
00000617fffff142
00000000fffff008
fffff9f4fffff15c
fffff4befffff4be
fffff176fffff9ff
fffff04100000000
fffff191000005f6
fffff4e600000b1a
fffffa1400000e55
0000000000000f86
000005e100000e3b
00000af100000af1
00000e21000005d6
00000f4d00000000
00000e07fffffa35
00000ac9fffff537
000005c1fffff213
00000000fffff0eb
fffffa4afffff22d
fffff55ffffff55f
fffff247fffffa55
fffff12300000000
fffff261000005a0
fffff58700000a79
fffffa6a00000d86
0000000000000ea5
0000058b00000d6c
00000a5200000a52
00000d5300000581
00000e6e00000000
00000d39fffffa8a
00000a2bfffff5d5
0000056cfffff2e0
00000000fffff1ca
fffffa9efffff2f9
fffff5fcfffff5fc
fffff312fffffaa9
fffff20000000000
fffff32b0000054d
fffff623000009dd
fffffabe00000cbc
0000000000000dca
0000053800000ca3
000009b7000009b7
00000c8a0000052e
00000d9400000000
00000c72fffffadc
00000990fffff670
00000519fffff3a8
00000000fffff2a2
fffffaf1fffff3c0
fffff695fffff695
fffff3d9fffffafb
fffff2d700000000
fffff3f1000004fb
fffff6bb00000945
fffffb0f00000bf7
0000000000000cf4
000004e700000bde
0000092000000920
00000bc6000004dd
00000cbf00000000
00000baefffffb2d
000008fbfffff705
000004c9fffff46a
00000000fffff375
fffffb41fffff481
fffff72bfffff72b
fffff49afffffb4b
fffff3a900000000
fffff4b2000004ac
fffff74f000008b1
fffffb5e00000b37
0000000000000c24
0000049800000b1f
0000088c0000088c
00000b080000048e
00000bf000000000
00000af0fffffb7b
00000868fffff798
0000047bfffff527
00000000fffff443
fffffb8ffffff53e
fffff7bcfffff7bc
fffff555fffffb98
fffff47500000000
fffff56c0000045e
fffff7df00000821
fffffbab00000a7d
0000000000000b59
0000044b00000a66
000007fd000007fd
00000a4f00000442
00000b2700000000
00000a38fffffbc7
000007dafffff826
0000042ffffff5df
00000000fffff50a
fffffbdafffff5f5
fffff849fffff849
fffff60cfffffbe4
fffff53a00000000
fffff62200000413
fffff86b00000795
fffffbf6000009c7
0000000000000a95
00000401000009b1
0000077200000772
0000099b000003f8
00000a6500000000
00000985fffffc11
00000751fffff8af
000003e6fffff691
00000000fffff5cb
fffffc23fffff6a7
fffff8d1fffff8d1
fffff6bdfffffc2d
fffff5fa00000000
fffff6d2000003ca
fffff8f30000070d
fffffc3e00000918
00000000000009d7
000003b900000902
000006ec000006ec
000008ed000003b0
000009a900000000
000008d8fffffc59
000006cbfffff935
0000039efffff73d
00000000fffff686
fffffc6afffff752
fffff956fffff956
fffff768fffffc73
fffff6b400000000
fffff77d00000384
fffff9760000068a
fffffc840000086e
000000000000091f
000003730000085a
0000066a0000066a
000008450000036a
000008f200000000
00000831fffffc9e
0000064afffff9b6
00000359fffff7e4
00000000fffff73b
fffffcaffffff7f8
fffff9d5fffff9d5
fffff80dfffffcb8
fffff76700000000
fffff82100000340
fffff9f50000060b
fffffcc8000007cb
000000000000086d
00000330000007b6
000005ec000005ec
000007a200000327
0000084200000000
0000078ffffffce1
000005cdfffffa33
00000317fffff885
00000000fffff7e9
fffffcf1fffff899
fffffa51fffffa51
fffff8acfffffcf9
fffff81400000000
fffff8c0000002ff
fffffa6f00000591
fffffd090000072c
00000000000007c2
000002ef00000719
0000057300000573
00000706000002e7
0000079800000000
000006f3fffffd21
00000556fffffaaa
000002d7fffff920
00000000fffff892
fffffd31fffff933
fffffac8fffffac8
fffff946fffffd39
fffff8ba00000000
fffff959000002c0
fffffae50000051b
fffffd4800000695
000000000000071d
000002b000000682
000004ff000004ff
0000066f000002a8
000006f500000000
0000065dfffffd5f
000004e2fffffb1e
00000299fffff9b5
00000000fffff933
fffffd6efffff9c7
fffffb3afffffb3a
fffff9d9fffffd76
fffff95a00000000
fffff9eb00000283
fffffb56000004aa
fffffd8400000603
000000000000067f
00000274000005f1
0000048f0000048f
000005df0000026d
0000065800000000
000005cefffffd9a
00000474fffffb8c
0000025ffffffa44
00000000fffff9ce
fffffda9fffffa56
fffffba7fffffba7
fffffa67fffffdb0
fffff9f400000000
fffffa7800000249
fffffbc20000043e
fffffdbe00000577
00000000000005e8
0000023b00000566
0000042400000424
0000055500000234
000005c200000000
00000544fffffdd3
0000040afffffbf6
00000226fffffacc
00000000fffffa62
fffffde1fffffadd
fffffc10fffffc10
fffffaeefffffde8
fffffa8600000000
fffffafe00000211
fffffc29000003d7
fffffdf5000004f2
0000000000000556
00000204000004e1
000003be000003be
000004d1000001fd
0000053300000000
000004c1fffffe09
000003a5fffffc5b
000001f0fffffb4f
00000000fffffaef
fffffe16fffffb5f
fffffc73fffffc73
fffffb6ffffffe1d
fffffb1100000000
fffffb7e000001dc
fffffc8b00000375
fffffe2a00000473
00000000000004cd
000001d000000463
0000035d0000035d
00000454000001c9
000004ab00000000
00000445fffffe3d
00000345fffffcbb
000001bdfffffbcb
00000000fffffb75
fffffe49fffffbda
fffffcd2fffffcd2
fffffbe9fffffe4f
fffffb9600000000
fffffbf8000001aa
fffffce900000317
fffffe5c000003fa
000000000000044a
0000019e000003eb
0000030000000300
000003dc00000198
0000042a00000000
000003cefffffe6e
000002eafffffd16
0000018cfffffc40
00000000fffffbf5
fffffe7afffffc4f
fffffd2cfffffd2c
fffffc5cfffffe7f
fffffc1300000000
fffffc6b0000017b
fffffd42000002be
fffffe8b00000387
00000000000003ce
000001700000037a
000002a9000002a9
0000036b0000016a
000003b100000000
0000035ffffffe9c
00000294fffffd6c
0000015ffffffcaf
00000000fffffc6d
fffffea7fffffcbd
fffffd80fffffd80
fffffccafffffeac
fffffc8a00000000
fffffcd70000014e
fffffd950000026b
fffffeb70000031c
000000000000035a
000001430000030f
0000025700000257
000003020000013e
0000033e00000000
000002f5fffffec7
00000243fffffdbd
00000133fffffd18
00000000fffffcde
fffffed2fffffd24
fffffdd0fffffdd0
fffffd31fffffed7
fffffcf900000000
fffffd3d00000124
fffffde30000021d
fffffee1000002b6
00000000000002ec
0000011a000002aa
0000020a0000020a
0000029f00000115
000002d200000000
00000292fffffef0
000001f8fffffe08
0000010bfffffd7a
00000000fffffd48
fffffefafffffd85
fffffe1bfffffe1b
fffffd91fffffeff
fffffd6100000000
fffffd9c000000fd
fffffe2c000001d4
ffffff0800000258
0000000000000286
000000f30000024d
000001c2000001c2
00000241000000ee
0000026e00000000
00000236ffffff16
000001b1fffffe4f
000000e5fffffdd4
00000000fffffdaa
ffffff1ffffffde0
fffffe60fffffe60
fffffdebffffff24
fffffdc200000000
fffffdf5000000d8
fffffe710000018f
ffffff2c00000200
0000000000000227
000000cf000001f6
0000017f0000017f
000001ec000000cb
0000021100000000
000001e1ffffff39
0000016ffffffe91
000000c2fffffe29
00000000fffffe06
ffffff42fffffe33
fffffea0fffffea0
fffffe3dffffff46
fffffe1b00000000
fffffe47000000b6
fffffeaf00000151
ffffff4e000001af
00000000000001cf
000000ae000001a6
0000014200000142
0000019d000000aa
000001bb00000000
00000193ffffff5a
00000133fffffecd
000000a2fffffe77
00000000fffffe59
ffffff61fffffe7f
fffffedbfffffedb
fffffe89ffffff65
fffffe6d00000000
fffffe9200000097
fffffee900000117
ffffff6c00000165
0000000000000180
000000900000015d
0000010a0000010a
000001540000008c
0000016d00000000
0000014bffffff77
000000fcffffff04
00000085fffffebd
00000000fffffea6
ffffff7efffffec5
ffffff10ffffff10
fffffeceffffff82
fffffeb800000000
fffffed60000007b
ffffff1d000000e3
ffffff8800000122
0000000000000137
000000750000011a
000000d7000000d7
0000011300000071
0000012600000000
0000010bffffff92
000000cbffffff35
0000006bfffffefd
00000000fffffeeb
ffffff98ffffff04
ffffff41ffffff41
ffffff0cffffff9b
fffffefa00000000
ffffff1300000062
ffffff4c000000b4
ffffffa1000000e6
00000000000000f6
0000005c000000df
000000a9000000a9
000000d800000059
000000e700000000
000000d1ffffffaa
0000009fffffff61
00000053ffffff36
00000000ffffff28
ffffffafffffff3c
ffffff6bffffff6b
ffffff43ffffffb2
ffffff3600000000
ffffff490000004b
ffffff750000008b
ffffffb7000000b1
00000000000000bc
00000046000000aa
0000008100000081
000000a400000044
000000af00000000
0000009effffffbf
00000078ffffff88
0000003fffffff68
00000000ffffff5d
ffffffc3ffffff6d
ffffff91ffffff91
ffffff73ffffffc6
ffffff6a00000000
ffffff7800000038
ffffff9900000067
ffffffca00000082
000000000000008a
000000340000007d
0000005e0000005e
0000007700000031
0000007f00000000
00000072ffffffd1
00000057ffffffa9
0000002dffffff93
00000000ffffff8c
ffffffd5ffffff97
ffffffb1ffffffb1
ffffff9cffffffd7
ffffff9600000000
ffffffa000000027
ffffffb800000048
ffffffdb0000005b
0000000000000060
0000002400000056
0000004100000041
0000005200000022
0000005700000000
0000004effffffe0
0000003affffffc6
0000001fffffffb6
00000000ffffffb2
ffffffe3ffffffba
ffffffccffffffcc
ffffffbeffffffe5
ffffffba00000000
ffffffc20000001a
ffffffd10000002f
ffffffe80000003a
000000000000003e
0000001700000037
0000002900000029
0000003400000015
0000003600000000
00000030ffffffec
00000024ffffffdc
00000013ffffffd3
00000000ffffffd1
ffffffefffffffd6
ffffffe1ffffffe1
ffffffd9fffffff0
ffffffd700000000
ffffffdc0000000f
ffffffe50000001b
fffffff200000021
0000000000000022
0000000d0000001f
0000001700000017
0000001c0000000c
0000001d00000000
0000001afffffff5
00000013ffffffed
0000000affffffe9
00000000ffffffe8
fffffff7ffffffeb
fffffff0fffffff0
ffffffedfffffff8
ffffffec00000000
ffffffef00000007
fffffff40000000c
fffffffa0000000f
0000000000000010
000000060000000e
0000000900000009
0000000c00000005
0000000c00000000
0000000afffffffc
00000007fffffff9
00000004fffffff7
00000000fffffff7
fffffffdfffffff9
fffffffbfffffffb
fffffffafffffffd
fffffffa00000000
fffffffb00000002
fffffffd00000003
fffffffe00000004
0000000000000004
0000000100000003
0000000200000002
0000000200000001
0000000200000000
00000001ffffffff
00000001ffffffff
00000001ffffffff
00000000ffffffff
00000000ffffffff
ffffffffffffffff
0000000000000000
0000000000000000
0000000000000000
0000000000000000
0000000000000000
