000000000000000000
000400000000000000
000800000000000000
000c00000000000000
001000000000000000
001400000000000000
001800000000000000
001c00000000000000
002000000000000000
002400000000000000
002800000000000000
002c00000000000000
003000000000000000
003400000000000000
003800000000000000
003c00000000000000
004000000000000000
004400000000000000
004800000000000000
004c00000000000000
005000000000000000
005400000000000000
005800000000000000
005c00000000000000
006000000000000000
006400000000000000
006800000000000000
006c00000000000000
007000000000000000
007400000000000000
007800000000000000
007c00000000000000
008000000000000000
008400000000000000
008800000000000000
008c00000000000000
009000000000000000
009400000000000000
009800000000000000
009c00000000000000
00a000000000000000
00a400000000000000
00a800000000000000
00ac00000000000000
00b000000000000000
00b400000000000000
00b800000000000000
00bc00000000000000
00c000000000000000
00c400000000000000
00c800000000000000
00cc00000000000000
00d000000000000000
00d400000000000000
00d800000000000000
00dc00000000000000
00e000000000000000
00e400000000000000
00e800000000000000
00ec00000000000000
00f000000000000000
00f400000000000000
00f800000000000000
00fc00000000000000
010000000000000000
010400000000000000
010800000000000000
010c00000000000000
011000000000000000
011400000000000000
011800000000000000
011c00000000000000
012000000000000000
012400000000000000
012800000000000000
012c00000000000000
013000000000000000
013400000000000000
013800000000000000
013c00000000000000
014000000000000000
014400000000000000
014800000000000000
014c00000000000000
015000000000000000
015400000000000000
015800000000000000
015c00000000000000
016000000000000000
016400000000000000
016800000000000000
016c00000000000000
017000000000000000
017400000000000000
017800000000000000
017c00000000000000
018000000000000000
018400000000000000
018800000000000000
018c00000000000000
019000000000000000
019400000000000000
019800000000000000
019c00000000000000
01a000000000000000
01a400000000000000
01a800000000000000
01ac00000000000000
01b000000000000000
01b400000000000000
01b800000000000000
01bc00000000000000
01c000000000000000
01c400000000000000
01c800000000000000
01cc00000000000000
01d000000000000000
01d400000000000000
01d800000000000000
01dc00000000000000
01e000000000000000
01e400000000000000
01e800000000000000
01ec00000000000000
01f000000000000000
01f400000000000000
01f800000000000000
01fc00000000000000
020000000000000000
020400000000000000
020800000000000000
020c00000000000000
021000000000000000
021400000000000000
021800000000000000
021c00000000000000
022000000000000000
022400000000000000
022800000000000000
022c00000000000000
023000000000000000
023400000000000000
023800000000000000
023c00000000000000
024000000000000000
024400000000000000
024800000000000000
024c00000000000000
025000000000000000
025400000000000000
025800000000000000
025c00000000000000
026000000000000000
026400000000000000
026800000000000000
026c00000000000000
027000000000000000
027400000000000000
027800000000000000
027c00000000000000
028000000000000000
028400000000000000
028800000000000000
028c00000000000000
029000000000000000
029400000000000000
029800000000000000
029c00000000000000
02a000000000000000
02a400000000000000
02a800000000000000
02ac00000000000000
02b000000000000000
02b400000000000000
02b800000000000000
02bc00000000000000
02c000000000000000
02c400000000000000
02c800000000000000
02cc00000000000000
02d000000000000000
02d400000000000000
02d800000000000000
02dc00000000000000
02e000000000000000
02e400000000000000
02e800000000000000
02ec00000000000000
02f000000000000000
02f400000000000000
02f800000000000000
02fc00000000000000
030000000000000000
030400000000000000
030800000000000000
030c00000000000000
031000000000000000
031400000000000000
031800000000000000
031c00000000000000
032000000000000000
032400000000000000
032800000000000000
032c00000000000000
033000000000000000
033400000000000000
033800000000000000
033c00000000000000
034000000000000000
034400000000000000
034800000000000000
034c00000000000000
035000000000000000
035400000000000000
035800000000000000
035c00000000000000
036000000000000000
036400000000000000
036800000000000000
036c00000000000000
037000000000000000
037400000000000000
037800000000000000
037c00000000000000
038000000000000000
038400000000000000
038800000000000000
038c00000000000000
039000000000000000
039400000000000000
039800000000000000
039c00000000000000
03a000000000000000
03a400000000000000
03a800000000000000
03ac00000000000000
03b000000000000000
03b400000000000000
03b800000000000000
03bc00000000000000
03c000000000000000
03c400000000000000
03c800000000000000
03cc00000000000000
03d000000000000000
03d400000000000000
03d800000000000000
03dc00000000000000
03e000000000000000
03e400000000000000
03e800000000000000
03ec00000000000000
03f000000000000000
03f400000000000000
03f800000000000000
03fc00000000000000
040000000000000000
040400000000000000
040800000000000000
040c00000000000000
041000000000000000
041400000000000000
041800000000000000
041c00000000000000
042000000000000000
042400000000000000
042800000000000000
042c00000000000000
043000000000000000
043400000000000000
043800000000000000
043c00000000000000
044000000000000000
044400000000000000
044800000000000000
044c00000000000000
045000000000000000
045400000000000000
045800000000000000
045c00000000000000
046000000000000000
046400000000000000
046800000000000000
046c00000000000000
047000000000000000
047400000000000000
047800000000000000
047c00000000000000
048000000000000000
048400000000000000
048800000000000000
048c00000000000000
049000000000000000
049400000000000000
049800000000000000
049c00000000000000
04a000000000000000
04a400000000000000
04a800000000000000
04ac00000000000000
04b000000000000000
04b400000000000000
04b800000000000000
04bc00000000000000
04c000000000000000
04c400000000000000
04c800000000000000
04cc00000000000000
04d000000000000000
04d400000000000000
04d800000000000000
04dc00000000000000
04e000000000000000
04e400000000000000
04e800000000000000
04ec00000000000000
04f000000000000000
04f400000000000000
04f800000000000000
04fc00000000000000
050000000000000000
050400000000000000
050800000000000000
050c00000000000000
051000000000000000
051400000000000000
051800000000000000
051c00000000000000
052000000000000000
052400000000000000
052800000000000000
052c00000000000000
053000000000000000
053400000000000000
053800000000000000
053c00000000000000
054000000000000000
054400000000000000
054800000000000000
054c00000000000000
055000000000000000
055400000000000000
055800000000000000
055c00000000000000
056000000000000000
056400000000000000
056800000000000000
056c00000000000000
057000000000000000
057400000000000000
057800000000000000
057c00000000000000
058000000000000000
058400000000000000
058800000000000000
058c00000000000000
059000000000000000
059400000000000000
059800000000000000
059c00000000000000
05a000000000000000
05a400000000000000
05a800000000000000
05ac00000000000000
05b000000000000000
05b400000000000000
05b800000000000000
05bc00000000000000
05c000000000000000
05c400000000000000
05c800000000000000
05cc00000000000000
05d000000000000000
05d400000000000000
05d800000000000000
05dc00000000000000
05e000000000000000
05e400000000000000
05e800000000000000
05ec00000000000000
05f000000000000000
05f400000000000000
05f800000000000000
05fc00000000000000
060000000000000000
060400000000000000
060800000000000000
060c00000000000000
061000000000000000
061400000000000000
061800000000000000
061c00000000000000
062000000000000000
062400000000000000
062800000000000000
062c00000000000000
063000000000000000
063400000000000000
063800000000000000
063c00000000000000
064000000000000000
064400000000000000
064800000000000000
064c00000000000000
065000000000000000
065400000000000000
065800000000000000
065c00000000000000
066000000000000000
066400000000000000
066800000000000000
066c00000000000000
067000000000000000
067400000000000000
067800000000000000
067c00000000000000
068000000000000000
068400000000000000
068800000000000000
068c00000000000000
069000000000000000
069400000000000000
069800000000000000
069c00000000000000
06a000000000000000
06a400000000000000
06a800000000000000
06ac00000000000000
06b000000000000000
06b400000000000000
06b800000000000000
06bc00000000000000
06c000000000000000
06c400000000000000
06c800000000000000
06cc00000000000000
06d000000000000000
06d400000000000000
06d800000000000000
06dc00000000000000
06e000000000000000
06e400000000000000
06e800000000000000
06ec00000000000000
06f000000000000000
06f400000000000000
06f800000000000000
06fc00000000000000
070000000000000000
070400000000000000
070800000000000000
070c00000000000000
071000000000000000
071400000000000000
071800000000000000
071c00000000000000
072000000000000000
072400000000000000
072800000000000000
072c00000000000000
073000000000000000
073400000000000000
073800000000000000
073c00000000000000
074000000000000000
074400000000000000
074800000000000000
074c00000000000000
075000000000000000
075400000000000000
075800000000000000
075c00000000000000
076000000000000000
076400000000000000
076800000000000000
076c00000000000000
077000000000000000
077400000000000000
077800000000000000
077c00000000000000
078000000000000000
078400000000000000
078800000000000000
078c00000000000000
079000000000000000
079400000000000000
079800000000000000
079c00000000000000
07a000000000000000
07a400000000000000
07a800000000000000
07ac00000000000000
07b000000000000000
07b400000000000000
07b800000000000000
07bc00000000000000
07c000000000000000
07c400000000000000
07c800000000000000
07cc00000000000000
07d000000000000000
07d400000000000000
07d800000000000000
07dc00000000000000
07e000000000000000
07e400000000000000
07e800000000000000
07ec00000000000000
07f000000000000000
07f400000000000000
07f800000000000000
07fc00000000000000
080000000000000000
080400000000000000
080800000000000000
080c00000000000000
081000000000000000
081400000000000000
081800000000000000
081c00000000000000
082000000000000000
082400000000000000
082800000000000000
082c00000000000000
083000000000000000
083400000000000000
083800000000000000
083c00000000000000
084000000000000000
084400000000000000
084800000000000000
084c00000000000000
085000000000000000
085400000000000000
085800000000000000
085c00000000000000
086000000000000000
086400000000000000
086800000000000000
086c00000000000000
087000000000000000
087400000000000000
087800000000000000
087c00000000000000
088000000000000000
088400000000000000
088800000000000000
088c00000000000000
089000000000000000
089400000000000000
089800000000000000
089c00000000000000
08a000000000000000
08a400000000000000
08a800000000000000
08ac00000000000000
08b000000000000000
08b400000000000000
08b800000000000000
08bc00000000000000
08c000000000000000
08c400000000000000
08c800000000000000
08cc00000000000000
08d000000000000000
08d400000000000000
08d800000000000000
08dc00000000000000
08e000000000000000
08e400000000000000
08e800000000000000
08ec00000000000000
08f000000000000000
08f400000000000000
08f800000000000000
08fc00000000000000
090000000000000000
090400000000000000
090800000000000000
090c00000000000000
091000000000000000
091400000000000000
091800000000000000
091c00000000000000
092000000000000000
092400000000000000
092800000000000000
092c00000000000000
093000000000000000
093400000000000000
093800000000000000
093c00000000000000
094000000000000000
094400000000000000
094800000000000000
094c00000000000000
095000000000000000
095400000000000000
095800000000000000
095c00000000000000
096000000000000000
096400000000000000
096800000000000000
096c00000000000000
097000000000000000
097400000000000000
097800000000000000
097c00000000000000
098000000000000000
098400000000000000
098800000000000000
098c00000000000000
099000000000000000
099400000000000000
099800000000000000
099c00000000000000
09a000000000000000
09a400000000000000
09a800000000000000
09ac00000000000000
09b000000000000000
09b400000000000000
09b800000000000000
09bc00000000000000
09c000000000000000
09c400000000000000
09c800000000000000
09cc00000000000000
09d000000000000000
09d400000000000000
09d800000000000000
09dc00000000000000
09e000000000000000
09e400000000000000
09e800000000000000
09ec00000000000000
09f000000000000000
09f400000000000000
09f800000000000000
09fc00000000000000
0a0000000000000000
0a0400000000000000
0a0800000000000000
0a0c00000000000000
0a1000000000000000
0a1400000000000000
0a1800000000000000
0a1c00000000000000
0a2000000000000000
0a2400000000000000
0a2800000000000000
0a2c00000000000000
0a3000000000000000
0a3400000000000000
0a3800000000000000
0a3c00000000000000
0a4000000000000000
0a4400000000000000
0a4800000000000000
0a4c00000000000000
0a5000000000000000
0a5400000000000000
0a5800000000000000
0a5c00000000000000
0a6000000000000000
0a6400000000000000
0a6800000000000000
0a6c00000000000000
0a7000000000000000
0a7400000000000000
0a7800000000000000
0a7c00000000000000
0a8000000000000000
0a8400000000000000
0a8800000000000000
0a8c00000000000000
0a9000000000000000
0a9400000000000000
0a9800000000000000
0a9c00000000000000
0aa000000000000000
0aa400000000000000
0aa800000000000000
0aac00000000000000
0ab000000000000000
0ab400000000000000
0ab800000000000000
0abc00000000000000
0ac000000000000000
0ac400000000000000
0ac800000000000000
0acc00000000000000
0ad000000000000000
0ad400000000000000
0ad800000000000000
0adc00000000000000
0ae000000000000000
0ae400000000000000
0ae800000000000000
0aec00000000000000
0af000000000000000
0af400000000000000
0af800000000000000
0afc00000000000000
0b0000000000000000
0b0400000000000000
0b0800000000000000
0b0c00000000000000
0b1000000000000000
0b1400000000000000
0b1800000000000000
0b1c00000000000000
0b2000000000000000
0b2400000000000000
0b2800000000000000
0b2c00000000000000
0b3000000000000000
0b3400000000000000
0b3800000000000000
0b3c00000000000000
0b4000000000000000
0b4400000000000000
0b4800000000000000
0b4c00000000000000
0b5000000000000000
0b5400000000000000
0b5800000000000000
0b5c00000000000000
0b6000000000000000
0b6400000000000000
0b6800000000000000
0b6c00000000000000
0b7000000000000000
0b7400000000000000
0b7800000000000000
0b7c00000000000000
0b8000000000000000
0b8400000000000000
0b8800000000000000
0b8c00000000000000
0b9000000000000000
0b9400000000000000
0b9800000000000000
0b9c00000000000000
0ba000000000000000
0ba400000000000000
0ba800000000000000
0bac00000000000000
0bb000000000000000
0bb400000000000000
0bb800000000000000
0bbc00000000000000
0bc000000000000000
0bc400000000000000
0bc800000000000000
0bcc00000000000000
0bd000000000000000
0bd400000000000000
0bd800000000000000
0bdc00000000000000
0be000000000000000
0be400000000000000
0be800000000000000
0bec00000000000000
0bf000000000000000
0bf400000000000000
0bf800000000000000
0bfc00000000000000
0c0000000000000000
0c0400000000000000
0c0800000000000000
0c0c00000000000000
0c1000000000000000
0c1400000000000000
0c1800000000000000
0c1c00000000000000
0c2000000000000000
0c2400000000000000
0c2800000000000000
0c2c00000000000000
0c3000000000000000
0c3400000000000000
0c3800000000000000
0c3c00000000000000
0c4000000000000000
0c4400000000000000
0c4800000000000000
0c4c00000000000000
0c5000000000000000
0c5400000000000000
0c5800000000000000
0c5c00000000000000
0c6000000000000000
0c6400000000000000
0c6800000000000000
0c6c00000000000000
0c7000000000000000
0c7400000000000000
0c7800000000000000
0c7c00000000000000
0c8000000000000000
0c8400000000000000
0c8800000000000000
0c8c00000000000000
0c9000000000000000
0c9400000000000000
0c9800000000000000
0c9c00000000000000
0ca000000000000000
0ca400000000000000
0ca800000000000000
0cac00000000000000
0cb000000000000000
0cb400000000000000
0cb800000000000000
0cbc00000000000000
0cc000000000000000
0cc400000000000000
0cc800000000000000
0ccc00000000000000
0cd000000000000000
0cd400000000000000
0cd800000000000000
0cdc00000000000000
0ce000000000000000
0ce400000000000000
0ce800000000000000
0cec00000000000000
0cf000000000000000
0cf400000000000000
0cf800000000000000
0cfc00000000000000
0d0000000000000000
0d0400000000000000
0d0800000000000000
0d0c00000000000000
0d1000000000000000
0d1400000000000000
0d1800000000000000
0d1c00000000000000
0d2000000000000000
0d2400000000000000
0d2800000000000000
0d2c00000000000000
0d3000000000000000
0d3400000000000000
0d3800000000000000
0d3c00000000000000
0d4000000000000000
0d4400000000000000
0d4800000000000000
0d4c00000000000000
0d5000000000000000
0d5400000000000000
0d5800000000000000
0d5c00000000000000
0d6000000000000000
0d6400000000000000
0d6800000000000000
0d6c00000000000000
0d7000000000000000
0d7400000000000000
0d7800000000000000
0d7c00000000000000
0d8000000000000000
0d8400000000000000
0d8800000000000000
0d8c00000000000000
0d9000000000000000
0d9400000000000000
0d9800000000000000
0d9c00000000000000
0da000000000000000
0da400000000000000
0da800000000000000
0dac00000000000000
0db000000000000000
0db400000000000000
0db800000000000000
0dbc00000000000000
0dc000000000000000
0dc400000000000000
0dc800000000000000
0dcc00000000000000
0dd000000000000000
0dd400000000000000
0dd800000000000000
0ddc00000000000000
0de000000000000000
0de400000000000000
0de800000000000000
0dec00000000000000
0df000000000000000
0df400000000000000
0df800000000000000
0dfc00000000000000
0e0000000000000000
0e0400000000000000
0e0800000000000000
0e0c00000000000000
0e1000000000000000
0e1400000000000000
0e1800000000000000
0e1c00000000000000
0e2000000000000000
0e2400000000000000
0e2800000000000000
0e2c00000000000000
0e3000000000000000
0e3400000000000000
0e3800000000000000
0e3c00000000000000
0e4000000000000000
0e4400000000000000
0e4800000000000000
0e4c00000000000000
0e5000000000000000
0e5400000000000000
0e5800000000000000
0e5c00000000000000
0e6000000000000000
0e6400000000000000
0e6800000000000000
0e6c00000000000000
0e7000000000000000
0e7400000000000000
0e7800000000000000
0e7c00000000000000
0e8000000000000000
0e8400000000000000
0e8800000000000000
0e8c00000000000000
0e9000000000000000
0e9400000000000000
0e9800000000000000
0e9c00000000000000
0ea000000000000000
0ea400000000000000
0ea800000000000000
0eac00000000000000
0eb000000000000000
0eb400000000000000
0eb800000000000000
0ebc00000000000000
0ec000000000000000
0ec400000000000000
0ec800000000000000
0ecc00000000000000
0ed000000000000000
0ed400000000000000
0ed800000000000000
0edc00000000000000
0ee000000000000000
0ee400000000000000
0ee800000000000000
0eec00000000000000
0ef000000000000000
0ef400000000000000
0ef800000000000000
0efc00000000000000
0f0000000000000000
0f0400000000000000
0f0800000000000000
0f0c00000000000000
0f1000000000000000
0f1400000000000000
0f1800000000000000
0f1c00000000000000
0f2000000000000000
0f2400000000000000
0f2800000000000000
0f2c00000000000000
0f3000000000000000
0f3400000000000000
0f3800000000000000
0f3c00000000000000
0f4000000000000000
0f4400000000000000
0f4800000000000000
0f4c00000000000000
0f5000000000000000
0f5400000000000000
0f5800000000000000
0f5c00000000000000
0f6000000000000000
0f6400000000000000
0f6800000000000000
0f6c00000000000000
0f7000000000000000
0f7400000000000000
0f7800000000000000
0f7c00000000000000
0f8000000000000000
0f8400000000000000
0f8800000000000000
0f8c00000000000000
0f9000000000000000
0f9400000000000000
0f9800000000000000
0f9c00000000000000
0fa000000000000000
0fa400000000000000
0fa800000000000000
0fac00000000000000
0fb000000000000000
0fb400000000000000
0fb800000000000000
0fbc00000000000000
0fc000000000000000
0fc400000000000000
0fc800000000000000
0fcc00000000000000
0fd000000000000000
0fd400000000000000
0fd800000000000000
0fdc00000000000000
0fe000000000000000
0fe400000000000000
0fe800000000000000
0fec00000000000000
0ff000000000000000
0ff400000000000000
0ff800000000000000
0ffc00000000000000
100000000000000000
100400000000000000
100800000000000000
100c00000000000000
101000000000000000
101400000000000000
101800000000000000
101c00000000000000
102000000000000000
102400000000000000
102800000000000000
102c00000000000000
103000000000000000
103400000000000000
103800000000000000
103c00000000000000
104000000000000000
104400000000000000
104800000000000000
104c00000000000000
105000000000000000
105400000000000000
105800000000000000
105c00000000000000
106000000000000000
106400000000000000
106800000000000000
106c00000000000000
107000000000000000
107400000000000000
107800000000000000
107c00000000000000
108000000000000000
108400000000000000
108800000000000000
108c00000000000000
109000000000000000
109400000000000000
109800000000000000
109c00000000000000
10a000000000000000
10a400000000000000
10a800000000000000
10ac00000000000000
10b000000000000000
10b400000000000000
10b800000000000000
10bc00000000000000
10c000000000000000
10c400000000000000
10c800000000000000
10cc00000000000000
10d000000000000000
10d400000000000000
10d800000000000000
10dc00000000000000
10e000000000000000
10e400000000000000
10e800000000000000
10ec00000000000000
10f000000000000000
10f400000000000000
10f800000000000000
10fc00000000000000
110000000000000000
110400000000000000
110800000000000000
110c00000000000000
111000000000000000
111400000000000000
111800000000000000
111c00000000000000
112000000000000000
112400000000000000
112800000000000000
112c00000000000000
113000000000000000
113400000000000000
113800000000000000
113c00000000000000
114000000000000000
114400000000000000
114800000000000000
114c00000000000000
115000000000000000
115400000000000000
115800000000000000
115c00000000000000
116000000000000000
116400000000000000
116800000000000000
116c00000000000000
117000000000000000
117400000000000000
117800000000000000
117c00000000000000
118000000000000000
118400000000000000
118800000000000000
118c00000000000000
119000000000000000
119400000000000000
119800000000000000
119c00000000000000
11a000000000000000
11a400000000000000
11a800000000000000
11ac00000000000000
11b000000000000000
11b400000000000000
11b800000000000000
11bc00000000000000
11c000000000000000
11c400000000000000
11c800000000000000
11cc00000000000000
11d000000000000000
11d400000000000000
11d800000000000000
11dc00000000000000
11e000000000000000
11e400000000000000
11e800000000000000
11ec00000000000000
11f000000000000000
11f400000000000000
11f800000000000000
11fc00000000000000
120000000000000000
120400000000000000
120800000000000000
120c00000000000000
121000000000000000
121400000000000000
121800000000000000
121c00000000000000
122000000000000000
122400000000000000
122800000000000000
122c00000000000000
123000000000000000
123400000000000000
123800000000000000
123c00000000000000
124000000000000000
124400000000000000
124800000000000000
124c00000000000000
125000000000000000
125400000000000000
125800000000000000
125c00000000000000
126000000000000000
126400000000000000
126800000000000000
126c00000000000000
127000000000000000
127400000000000000
127800000000000000
127c00000000000000
128000000000000000
128400000000000000
128800000000000000
128c00000000000000
129000000000000000
129400000000000000
129800000000000000
129c00000000000000
12a000000000000000
12a400000000000000
12a800000000000000
12ac00000000000000
12b000000000000000
12b400000000000000
12b800000000000000
12bc00000000000000
12c000000000000000
12c400000000000000
12c800000000000000
12cc00000000000000
12d000000000000000
12d400000000000000
12d800000000000000
12dc00000000000000
12e000000000000000
12e400000000000000
12e800000000000000
12ec00000000000000
12f000000000000000
12f400000000000000
12f800000000000000
12fc00000000000000
130000000000000000
130400000000000000
130800000000000000
130c00000000000000
131000000000000000
131400000000000000
131800000000000000
131c00000000000000
132000000000000000
132400000000000000
132800000000000000
132c00000000000000
133000000000000000
133400000000000000
133800000000000000
133c00000000000000
134000000000000000
134400000000000000
134800000000000000
134c00000000000000
135000000000000000
135400000000000000
135800000000000000
135c00000000000000
136000000000000000
136400000000000000
136800000000000000
136c00000000000000
137000000000000000
137400000000000000
137800000000000000
137c00000000000000
138000000000000000
138400000000000000
138800000000000000
138c00000000000000
139000000000000000
139400000000000000
139800000000000000
139c00000000000000
13a000000000000000
13a400000000000000
13a800000000000000
13ac00000000000000
13b000000000000000
13b400000000000000
13b800000000000000
13bc00000000000000
13c000000000000000
13c400000000000000
13c800000000000000
13cc00000000000000
13d000000000000000
13d400000000000000
13d800000000000000
13dc00000000000000
13e000000000000000
13e400000000000000
13e800000000000000
13ec00000000000000
13f000000000000000
13f400000000000000
13f800000000000000
13fc00000000000000
140000000000000000
140400000000000000
140800000000000000
140c00000000000000
141000000000000000
141400000000000000
141800000000000000
141c00000000000000
142000000000000000
142400000000000000
142800000000000000
142c00000000000000
143000000000000000
143400000000000000
143800000000000000
143c00000000000000
144000000000000000
144400000000000000
144800000000000000
144c00000000000000
145000000000000000
145400000000000000
145800000000000000
145c00000000000000
146000000000000000
146400000000000000
146800000000000000
146c00000000000000
147000000000000000
147400000000000000
147800000000000000
147c00000000000000
148000000000000000
148400000000000000
148800000000000000
148c00000000000000
149000000000000000
149400000000000000
149800000000000000
149c00000000000000
14a000000000000000
14a400000000000000
14a800000000000000
14ac00000000000000
14b000000000000000
14b400000000000000
14b800000000000000
14bc00000000000000
14c000000000000000
14c400000000000000
14c800000000000000
14cc00000000000000
14d000000000000000
14d400000000000000
14d800000000000000
14dc00000000000000
14e000000000000000
14e400000000000000
14e800000000000000
14ec00000000000000
14f000000000000000
14f400000000000000
14f800000000000000
14fc00000000000000
150000000000000000
150400000000000000
150800000000000000
150c00000000000000
151000000000000000
151400000000000000
151800000000000000
151c00000000000000
152000000000000000
152400000000000000
152800000000000000
152c00000000000000
153000000000000000
153400000000000000
153800000000000000
153c00000000000000
154000000000000000
154400000000000000
154800000000000000
154c00000000000000
155000000000000000
155400000000000000
155800000000000000
155c00000000000000
156000000000000000
156400000000000000
156800000000000000
156c00000000000000
157000000000000000
157400000000000000
157800000000000000
157c00000000000000
158000000000000000
158400000000000000
158800000000000000
158c00000000000000
159000000000000000
159400000000000000
159800000000000000
159c00000000000000
15a000000000000000
15a400000000000000
15a800000000000000
15ac00000000000000
15b000000000000000
15b400000000000000
15b800000000000000
15bc00000000000000
15c000000000000000
15c400000000000000
15c800000000000000
15cc00000000000000
15d000000000000000
15d400000000000000
15d800000000000000
15dc00000000000000
15e000000000000000
15e400000000000000
15e800000000000000
15ec00000000000000
15f000000000000000
15f400000000000000
15f800000000000000
15fc00000000000000
160000000000000000
160400000000000000
160800000000000000
160c00000000000000
161000000000000000
161400000000000000
161800000000000000
161c00000000000000
162000000000000000
162400000000000000
162800000000000000
162c00000000000000
163000000000000000
163400000000000000
163800000000000000
163c00000000000000
164000000000000000
164400000000000000
164800000000000000
164c00000000000000
165000000000000000
165400000000000000
165800000000000000
165c00000000000000
166000000000000000
166400000000000000
166800000000000000
166c00000000000000
167000000000000000
167400000000000000
167800000000000000
167c00000000000000
168000000000000000
168400000000000000
168800000000000000
168c00000000000000
169000000000000000
169400000000000000
169800000000000000
169c00000000000000
16a000000000000000
16a400000000000000
16a800000000000000
16ac00000000000000
16b000000000000000
16b400000000000000
16b800000000000000
16bc00000000000000
16c000000000000000
16c400000000000000
16c800000000000000
16cc00000000000000
16d000000000000000
16d400000000000000
16d800000000000000
16dc00000000000000
16e000000000000000
16e400000000000000
16e800000000000000
16ec00000000000000
16f000000000000000
16f400000000000000
16f800000000000000
16fc00000000000000
170000000000000000
170400000000000000
170800000000000000
170c00000000000000
171000000000000000
171400000000000000
171800000000000000
171c00000000000000
172000000000000000
172400000000000000
172800000000000000
172c00000000000000
173000000000000000
173400000000000000
173800000000000000
173c00000000000000
174000000000000000
174400000000000000
174800000000000000
174c00000000000000
175000000000000000
175400000000000000
175800000000000000
175c00000000000000
176000000000000000
176400000000000000
176800000000000000
176c00000000000000
177000000000000000
177400000000000000
177800000000000000
177c00000000000000
178000000000000000
178400000000000000
178800000000000000
178c00000000000000
179000000000000000
179400000000000000
179800000000000000
179c00000000000000
17a000000000000000
17a400000000000000
17a800000000000000
17ac00000000000000
17b000000000000000
17b400000000000000
17b800000000000000
17bc00000000000000
17c000000000000000
17c400000000000000
17c800000000000000
17cc00000000000000
17d000000000000000
17d400000000000000
17d800000000000000
17dc00000000000000
17e000000000000000
17e400000000000000
17e800000000000000
17ec00000000000000
17f000000000000000
17f400000000000000
17f800000000000000
17fc00000000000000
180000000000000000
180400000000000000
180800000000000000
180c00000000000000
181000000000000000
181400000000000000
181800000000000000
181c00000000000000
182000000000000000
182400000000000000
182800000000000000
182c00000000000000
183000000000000000
183400000000000000
183800000000000000
183c00000000000000
184000000000000000
184400000000000000
184800000000000000
184c00000000000000
185000000000000000
185400000000000000
185800000000000000
185c00000000000000
186000000000000000
186400000000000000
186800000000000000
186c00000000000000
187000000000000000
187400000000000000
187800000000000000
187c00000000000000
188000000000000000
188400000000000000
188800000000000000
188c00000000000000
189000000000000000
189400000000000000
189800000000000000
189c00000000000000
18a000000000000000
18a400000000000000
18a800000000000000
18ac00000000000000
18b000000000000000
18b400000000000000
18b800000000000000
18bc00000000000000
18c000000000000000
18c400000000000000
18c800000000000000
18cc00000000000000
18d000000000000000
18d400000000000000
18d800000000000000
18dc00000000000000
18e000000000000000
18e400000000000000
18e800000000000000
18ec00000000000000
18f000000000000000
18f400000000000000
18f800000000000000
18fc00000000000000
190000000000000000
190400000000000000
190800000000000000
190c00000000000000
191000000000000000
191400000000000000
191800000000000000
191c00000000000000
192000000000000000
192400000000000000
192800000000000000
192c00000000000000
193000000000000000
193400000000000000
193800000000000000
193c00000000000000
194000000000000000
194400000000000000
194800000000000000
194c00000000000000
195000000000000000
195400000000000000
195800000000000000
195c00000000000000
196000000000000000
196400000000000000
196800000000000000
196c00000000000000
197000000000000000
197400000000000000
197800000000000000
197c00000000000000
198000000000000000
198400000000000000
198800000000000000
198c00000000000000
199000000000000000
199400000000000000
199800000000000000
199c00000000000000
19a000000000000000
19a400000000000000
19a800000000000000
19ac00000000000000
19b000000000000000
19b400000000000000
19b800000000000000
19bc00000000000000
19c000000000000000
19c400000000000000
19c800000000000000
19cc00000000000000
19d000000000000000
19d400000000000000
19d800000000000000
19dc00000000000000
19e000000000000000
19e400000000000000
19e800000000000000
19ec00000000000000
19f000000000000000
19f400000000000000
19f800000000000000
19fc00000000000000
1a0000000000000000
1a0400000000000000
1a0800000000000000
1a0c00000000000000
1a1000000000000000
1a1400000000000000
1a1800000000000000
1a1c00000000000000
1a2000000000000000
1a2400000000000000
1a2800000000000000
1a2c00000000000000
1a3000000000000000
1a3400000000000000
1a3800000000000000
1a3c00000000000000
1a4000000000000000
1a4400000000000000
1a4800000000000000
1a4c00000000000000
1a5000000000000000
1a5400000000000000
1a5800000000000000
1a5c00000000000000
1a6000000000000000
1a6400000000000000
1a6800000000000000
1a6c00000000000000
1a7000000000000000
1a7400000000000000
1a7800000000000000
1a7c00000000000000
1a8000000000000000
1a8400000000000000
1a8800000000000000
1a8c00000000000000
1a9000000000000000
1a9400000000000000
1a9800000000000000
1a9c00000000000000
1aa000000000000000
1aa400000000000000
1aa800000000000000
1aac00000000000000
1ab000000000000000
1ab400000000000000
1ab800000000000000
1abc00000000000000
1ac000000000000000
1ac400000000000000
1ac800000000000000
1acc00000000000000
1ad000000000000000
1ad400000000000000
1ad800000000000000
1adc00000000000000
1ae000000000000000
1ae400000000000000
1ae800000000000000
1aec00000000000000
1af000000000000000
1af400000000000000
1af800000000000000
1afc00000000000000
1b0000000000000000
1b0400000000000000
1b0800000000000000
1b0c00000000000000
1b1000000000000000
1b1400000000000000
1b1800000000000000
1b1c00000000000000
1b2000000000000000
1b2400000000000000
1b2800000000000000
1b2c00000000000000
1b3000000000000000
1b3400000000000000
1b3800000000000000
1b3c00000000000000
1b4000000000000000
1b4400000000000000
1b4800000000000000
1b4c00000000000000
1b5000000000000000
1b5400000000000000
1b5800000000000000
1b5c00000000000000
1b6000000000000000
1b6400000000000000
1b6800000000000000
1b6c00000000000000
1b7000000000000000
1b7400000000000000
1b7800000000000000
1b7c00000000000000
1b8000000000000000
1b8400000000000000
1b8800000000000000
1b8c00000000000000
1b9000000000000000
1b9400000000000000
1b9800000000000000
1b9c00000000000000
1ba000000000000000
1ba400000000000000
1ba800000000000000
1bac00000000000000
1bb000000000000000
1bb400000000000000
1bb800000000000000
1bbc00000000000000
1bc000000000000000
1bc400000000000000
1bc800000000000000
1bcc00000000000000
1bd000000000000000
1bd400000000000000
1bd800000000000000
1bdc00000000000000
1be000000000000000
1be400000000000000
1be800000000000000
1bec00000000000000
1bf000000000000000
1bf400000000000000
1bf800000000000000
1bfc00000000000000
1c0000000000000000
1c0400000000000000
1c0800000000000000
1c0c00000000000000
1c1000000000000000
1c1400000000000000
1c1800000000000000
1c1c00000000000000
1c2000000000000000
1c2400000000000000
1c2800000000000000
1c2c00000000000000
1c3000000000000000
1c3400000000000000
1c3800000000000000
1c3c00000000000000
1c4000000000000000
1c4400000000000000
1c4800000000000000
1c4c00000000000000
1c5000000000000000
1c5400000000000000
1c5800000000000000
1c5c00000000000000
1c6000000000000000
1c6400000000000000
1c6800000000000000
1c6c00000000000000
1c7000000000000000
1c7400000000000000
1c7800000000000000
1c7c00000000000000
1c8000000000000000
1c8400000000000000
1c8800000000000000
1c8c00000000000000
1c9000000000000000
1c9400000000000000
1c9800000000000000
1c9c00000000000000
1ca000000000000000
1ca400000000000000
1ca800000000000000
1cac00000000000000
1cb000000000000000
1cb400000000000000
1cb800000000000000
1cbc00000000000000
1cc000000000000000
1cc400000000000000
1cc800000000000000
1ccc00000000000000
1cd000000000000000
1cd400000000000000
1cd800000000000000
1cdc00000000000000
1ce000000000000000
1ce400000000000000
1ce800000000000000
1cec00000000000000
1cf000000000000000
1cf400000000000000
1cf800000000000000
1cfc00000000000000
1d0000000000000000
1d0400000000000000
1d0800000000000000
1d0c00000000000000
1d1000000000000000
1d1400000000000000
1d1800000000000000
1d1c00000000000000
1d2000000000000000
1d2400000000000000
1d2800000000000000
1d2c00000000000000
1d3000000000000000
1d3400000000000000
1d3800000000000000
1d3c00000000000000
1d4000000000000000
1d4400000000000000
1d4800000000000000
1d4c00000000000000
1d5000000000000000
1d5400000000000000
1d5800000000000000
1d5c00000000000000
1d6000000000000000
1d6400000000000000
1d6800000000000000
1d6c00000000000000
1d7000000000000000
1d7400000000000000
1d7800000000000000
1d7c00000000000000
1d8000000000000000
1d8400000000000000
1d8800000000000000
1d8c00000000000000
1d9000000000000000
1d9400000000000000
1d9800000000000000
1d9c00000000000000
1da000000000000000
1da400000000000000
1da800000000000000
1dac00000000000000
1db000000000000000
1db400000000000000
1db800000000000000
1dbc00000000000000
1dc000000000000000
1dc400000000000000
1dc800000000000000
1dcc00000000000000
1dd000000000000000
1dd400000000000000
1dd800000000000000
1ddc00000000000000
1de000000000000000
1de400000000000000
1de800000000000000
1dec00000000000000
1df000000000000000
1df400000000000000
1df800000000000000
1dfc00000000000000
1e0000000000000000
1e0400000000000000
1e0800000000000000
1e0c00000000000000
1e1000000000000000
1e1400000000000000
1e1800000000000000
1e1c00000000000000
1e2000000000000000
1e2400000000000000
1e2800000000000000
1e2c00000000000000
1e3000000000000000
1e3400000000000000
1e3800000000000000
1e3c00000000000000
1e4000000000000000
1e4400000000000000
1e4800000000000000
1e4c00000000000000
1e5000000000000000
1e5400000000000000
1e5800000000000000
1e5c00000000000000
1e6000000000000000
1e6400000000000000
1e6800000000000000
1e6c00000000000000
1e7000000000000000
1e7400000000000000
1e7800000000000000
1e7c00000000000000
1e8000000000000000
1e8400000000000000
1e8800000000000000
1e8c00000000000000
1e9000000000000000
1e9400000000000000
1e9800000000000000
1e9c00000000000000
1ea000000000000000
1ea400000000000000
1ea800000000000000
1eac00000000000000
1eb000000000000000
1eb400000000000000
1eb800000000000000
1ebc00000000000000
1ec000000000000000
1ec400000000000000
1ec800000000000000
1ecc00000000000000
1ed000000000000000
1ed400000000000000
1ed800000000000000
1edc00000000000000
1ee000000000000000
1ee400000000000000
1ee800000000000000
1eec00000000000000
1ef000000000000000
1ef400000000000000
1ef800000000000000
1efc00000000000000
1f0000000000000000
1f0400000000000000
1f0800000000000000
1f0c00000000000000
1f1000000000000000
1f1400000000000000
1f1800000000000000
1f1c00000000000000
1f2000000000000000
1f2400000000000000
1f2800000000000000
1f2c00000000000000
1f3000000000000000
1f3400000000000000
1f3800000000000000
1f3c00000000000000
1f4000000000000000
1f4400000000000000
1f4800000000000000
1f4c00000000000000
1f5000000000000000
1f5400000000000000
1f5800000000000000
1f5c00000000000000
1f6000000000000000
1f6400000000000000
1f6800000000000000
1f6c00000000000000
1f7000000000000000
1f7400000000000000
1f7800000000000000
1f7c00000000000000
1f8000000000000000
1f8400000000000000
1f8800000000000000
1f8c00000000000000
1f9000000000000000
1f9400000000000000
1f9800000000000000
1f9c00000000000000
1fa000000000000000
1fa400000000000000
1fa800000000000000
1fac00000000000000
1fb000000000000000
1fb400000000000000
1fb800000000000000
1fbc00000000000000
1fc000000000000000
1fc400000000000000
1fc800000000000000
1fcc00000000000000
1fd000000000000000
1fd400000000000000
1fd800000000000000
1fdc00000000000000
1fe000000000000000
1fe400000000000000
1fe800000000000000
1fec00000000000000
1ff000000000000000
1ff400000000000000
1ff800000000000000
1ffc00000000000000
200000000000000000
200400000000000000
200800000000000000
200c00000000000000
201000000000000000
201400000000000000
201800000000000000
201c00000000000000
202000000000000000
202400000000000000
202800000000000000
202c00000000000000
203000000000000000
203400000000000000
203800000000000000
203c00000000000000
204000000000000000
204400000000000000
204800000000000000
204c00000000000000
205000000000000000
205400000000000000
205800000000000000
205c00000000000000
206000000000000000
206400000000000000
206800000000000000
206c00000000000000
207000000000000000
207400000000000000
207800000000000000
207c00000000000000
208000000000000000
208400000000000000
208800000000000000
208c00000000000000
209000000000000000
209400000000000000
209800000000000000
209c00000000000000
20a000000000000000
20a400000000000000
20a800000000000000
20ac00000000000000
20b000000000000000
20b400000000000000
20b800000000000000
20bc00000000000000
20c000000000000000
20c400000000000000
20c800000000000000
20cc00000000000000
20d000000000000000
20d400000000000000
20d800000000000000
20dc00000000000000
20e000000000000000
20e400000000000000
20e800000000000000
20ec00000000000000
20f000000000000000
20f400000000000000
20f800000000000000
20fc00000000000000
210000000000000000
210400000000000000
210800000000000000
210c00000000000000
211000000000000000
211400000000000000
211800000000000000
211c00000000000000
212000000000000000
212400000000000000
212800000000000000
212c00000000000000
213000000000000000
213400000000000000
213800000000000000
213c00000000000000
214000000000000000
214400000000000000
214800000000000000
214c00000000000000
215000000000000000
215400000000000000
215800000000000000
215c00000000000000
216000000000000000
216400000000000000
216800000000000000
216c00000000000000
217000000000000000
217400000000000000
217800000000000000
217c00000000000000
218000000000000000
218400000000000000
218800000000000000
218c00000000000000
219000000000000000
219400000000000000
219800000000000000
219c00000000000000
21a000000000000000
21a400000000000000
21a800000000000000
21ac00000000000000
21b000000000000000
21b400000000000000
21b800000000000000
21bc00000000000000
21c000000000000000
21c400000000000000
21c800000000000000
21cc00000000000000
21d000000000000000
21d400000000000000
21d800000000000000
21dc00000000000000
21e000000000000000
21e400000000000000
21e800000000000000
21ec00000000000000
21f000000000000000
21f400000000000000
21f800000000000000
21fc00000000000000
220000000000000000
220400000000000000
220800000000000000
220c00000000000000
221000000000000000
221400000000000000
221800000000000000
221c00000000000000
222000000000000000
222400000000000000
222800000000000000
222c00000000000000
223000000000000000
223400000000000000
223800000000000000
223c00000000000000
224000000000000000
224400000000000000
224800000000000000
224c00000000000000
225000000000000000
225400000000000000
225800000000000000
225c00000000000000
226000000000000000
226400000000000000
226800000000000000
226c00000000000000
227000000000000000
227400000000000000
227800000000000000
227c00000000000000
228000000000000000
228400000000000000
228800000000000000
228c00000000000000
229000000000000000
229400000000000000
229800000000000000
229c00000000000000
22a000000000000000
22a400000000000000
22a800000000000000
22ac00000000000000
22b000000000000000
22b400000000000000
22b800000000000000
22bc00000000000000
22c000000000000000
22c400000000000000
22c800000000000000
22cc00000000000000
22d000000000000000
22d400000000000000
22d800000000000000
22dc00000000000000
22e000000000000000
22e400000000000000
22e800000000000000
22ec00000000000000
22f000000000000000
22f400000000000000
22f800000000000000
22fc00000000000000
230000000000000000
230400000000000000
230800000000000000
230c00000000000000
231000000000000000
231400000000000000
231800000000000000
231c00000000000000
232000000000000000
232400000000000000
232800000000000000
232c00000000000000
233000000000000000
233400000000000000
233800000000000000
233c00000000000000
234000000000000000
234400000000000000
234800000000000000
234c00000000000000
235000000000000000
235400000000000000
235800000000000000
235c00000000000000
236000000000000000
236400000000000000
236800000000000000
236c00000000000000
237000000000000000
237400000000000000
237800000000000000
237c00000000000000
238000000000000000
238400000000000000
238800000000000000
238c00000000000000
239000000000000000
239400000000000000
239800000000000000
239c00000000000000
23a000000000000000
23a400000000000000
23a800000000000000
23ac00000000000000
23b000000000000000
23b400000000000000
23b800000000000000
23bc00000000000000
23c000000000000000
23c400000000000000
23c800000000000000
23cc00000000000000
23d000000000000000
23d400000000000000
23d800000000000000
23dc00000000000000
23e000000000000000
23e400000000000000
23e800000000000000
23ec00000000000000
23f000000000000000
23f400000000000000
23f800000000000000
23fc00000000000000
240000000000000000
240400000000000000
240800000000000000
240c00000000000000
241000000000000000
241400000000000000
241800000000000000
241c00000000000000
242000000000000000
242400000000000000
242800000000000000
242c00000000000000
243000000000000000
243400000000000000
243800000000000000
243c00000000000000
244000000000000000
244400000000000000
244800000000000000
244c00000000000000
245000000000000000
245400000000000000
245800000000000000
245c00000000000000
246000000000000000
246400000000000000
246800000000000000
246c00000000000000
247000000000000000
247400000000000000
247800000000000000
247c00000000000000
248000000000000000
248400000000000000
248800000000000000
248c00000000000000
249000000000000000
249400000000000000
249800000000000000
249c00000000000000
24a000000000000000
24a400000000000000
24a800000000000000
24ac00000000000000
24b000000000000000
24b400000000000000
24b800000000000000
24bc00000000000000
24c000000000000000
24c400000000000000
24c800000000000000
24cc00000000000000
24d000000000000000
24d400000000000000
24d800000000000000
24dc00000000000000
24e000000000000000
24e400000000000000
24e800000000000000
24ec00000000000000
24f000000000000000
24f400000000000000
24f800000000000000
24fc00000000000000
250000000000000000
250400000000000000
250800000000000000
250c00000000000000
251000000000000000
251400000000000000
251800000000000000
251c00000000000000
252000000000000000
252400000000000000
252800000000000000
252c00000000000000
253000000000000000
253400000000000000
253800000000000000
253c00000000000000
254000000000000000
254400000000000000
254800000000000000
254c00000000000000
255000000000000000
255400000000000000
255800000000000000
255c00000000000000
256000000000000000
256400000000000000
256800000000000000
256c00000000000000
257000000000000000
257400000000000000
257800000000000000
257c00000000000000
258000000000000000
258400000000000000
258800000000000000
258c00000000000000
259000000000000000
259400000000000000
259800000000000000
259c00000000000000
25a000000000000000
25a400000000000000
25a800000000000000
25ac00000000000000
25b000000000000000
25b400000000000000
25b800000000000000
25bc00000000000000
25c000000000000000
25c400000000000000
25c800000000000000
25cc00000000000000
25d000000000000000
25d400000000000000
25d800000000000000
25dc00000000000000
25e000000000000000
25e400000000000000
25e800000000000000
25ec00000000000000
25f000000000000000
25f400000000000000
25f800000000000000
25fc00000000000000
260000000000000000
260400000000000000
260800000000000000
260c00000000000000
261000000000000000
261400000000000000
261800000000000000
261c00000000000000
262000000000000000
262400000000000000
262800000000000000
262c00000000000000
263000000000000000
263400000000000000
263800000000000000
263c00000000000000
264000000000000000
264400000000000000
264800000000000000
264c00000000000000
265000000000000000
265400000000000000
265800000000000000
265c00000000000000
266000000000000000
266400000000000000
266800000000000000
266c00000000000000
267000000000000000
267400000000000000
267800000000000000
267c00000000000000
268000000000000000
268400000000000000
268800000000000000
268c00000000000000
269000000000000000
269400000000000000
269800000000000000
269c00000000000000
26a000000000000000
26a400000000000000
26a800000000000000
26ac00000000000000
26b000000000000000
26b400000000000000
26b800000000000000
26bc00000000000000
26c000000000000000
26c400000000000000
26c800000000000000
26cc00000000000000
26d000000000000000
26d400000000000000
26d800000000000000
26dc00000000000000
26e000000000000000
26e400000000000000
26e800000000000000
26ec00000000000000
26f000000000000000
26f400000000000000
26f800000000000000
26fc00000000000000
270000000000000000
270400000000000000
270800000000000000
270c00000000000000
271000000000000000
271400000000000000
271800000000000000
271c00000000000000
272000000000000000
272400000000000000
272800000000000000
272c00000000000000
273000000000000000
273400000000000000
273800000000000000
273c00000000000000
274000000000000000
274400000000000000
274800000000000000
274c00000000000000
275000000000000000
275400000000000000
275800000000000000
275c00000000000000
276000000000000000
276400000000000000
276800000000000000
276c00000000000000
277000000000000000
277400000000000000
277800000000000000
277c00000000000000
278000000000000000
278400000000000000
278800000000000000
278c00000000000000
279000000000000000
279400000000000000
279800000000000000
279c00000000000000
27a000000000000000
27a400000000000000
27a800000000000000
27ac00000000000000
27b000000000000000
27b400000000000000
27b800000000000000
27bc00000000000000
27c000000000000000
27c400000000000000
27c800000000000000
27cc00000000000000
27d000000000000000
27d400000000000000
27d800000000000000
27dc00000000000000
27e000000000000000
27e400000000000000
27e800000000000000
27ec00000000000000
27f000000000000000
27f400000000000000
27f800000000000000
27fc00000000000000
280000000000000000
280400000000000000
280800000000000000
280c00000000000000
281000000000000000
281400000000000000
281800000000000000
281c00000000000000
282000000000000000
282400000000000000
282800000000000000
282c00000000000000
283000000000000000
283400000000000000
283800000000000000
283c00000000000000
284000000000000000
284400000000000000
284800000000000000
284c00000000000000
285000000000000000
285400000000000000
285800000000000000
285c00000000000000
286000000000000000
286400000000000000
286800000000000000
286c00000000000000
287000000000000000
287400000000000000
287800000000000000
287c00000000000000
288000000000000000
288400000000000000
288800000000000000
288c00000000000000
289000000000000000
289400000000000000
289800000000000000
289c00000000000000
28a000000000000000
28a400000000000000
28a800000000000000
28ac00000000000000
28b000000000000000
28b400000000000000
28b800000000000000
28bc00000000000000
28c000000000000000
28c400000000000000
28c800000000000000
28cc00000000000000
28d000000000000000
28d400000000000000
28d800000000000000
28dc00000000000000
28e000000000000000
28e400000000000000
28e800000000000000
28ec00000000000000
28f000000000000000
28f400000000000000
28f800000000000000
28fc00000000000000
290000000000000000
290400000000000000
290800000000000000
290c00000000000000
291000000000000000
291400000000000000
291800000000000000
291c00000000000000
292000000000000000
292400000000000000
292800000000000000
292c00000000000000
293000000000000000
293400000000000000
293800000000000000
293c00000000000000
294000000000000000
294400000000000000
294800000000000000
294c00000000000000
295000000000000000
295400000000000000
295800000000000000
295c00000000000000
296000000000000000
296400000000000000
296800000000000000
296c00000000000000
297000000000000000
297400000000000000
297800000000000000
297c00000000000000
298000000000000000
298400000000000000
298800000000000000
298c00000000000000
299000000000000000
299400000000000000
299800000000000000
299c00000000000000
29a000000000000000
29a400000000000000
29a800000000000000
29ac00000000000000
29b000000000000000
29b400000000000000
29b800000000000000
29bc00000000000000
29c000000000000000
29c400000000000000
29c800000000000000
29cc00000000000000
29d000000000000000
29d400000000000000
29d800000000000000
29dc00000000000000
29e000000000000000
29e400000000000000
29e800000000000000
29ec00000000000000
29f000000000000000
29f400000000000000
29f800000000000000
29fc00000000000000
2a0000000000000000
2a0400000000000000
2a0800000000000000
2a0c00000000000000
2a1000000000000000
2a1400000000000000
2a1800000000000000
2a1c00000000000000
2a2000000000000000
2a2400000000000000
2a2800000000000000
2a2c00000000000000
2a3000000000000000
2a3400000000000000
2a3800000000000000
2a3c00000000000000
2a4000000000000000
2a4400000000000000
2a4800000000000000
2a4c00000000000000
2a5000000000000000
2a5400000000000000
2a5800000000000000
2a5c00000000000000
2a6000000000000000
2a6400000000000000
2a6800000000000000
2a6c00000000000000
2a7000000000000000
2a7400000000000000
2a7800000000000000
2a7c00000000000000
2a8000000000000000
2a8400000000000000
2a8800000000000000
2a8c00000000000000
2a9000000000000000
2a9400000000000000
2a9800000000000000
2a9c00000000000000
2aa000000000000000
2aa400000000000000
2aa800000000000000
2aac00000000000000
2ab000000000000000
2ab400000000000000
2ab800000000000000
2abc00000000000000
2ac000000000000000
2ac400000000000000
2ac800000000000000
2acc00000000000000
2ad000000000000000
2ad400000000000000
2ad800000000000000
2adc00000000000000
2ae000000000000000
2ae400000000000000
2ae800000000000000
2aec00000000000000
2af000000000000000
2af400000000000000
2af800000000000000
2afc00000000000000
2b0000000000000000
2b0400000000000000
2b0800000000000000
2b0c00000000000000
2b1000000000000000
2b1400000000000000
2b1800000000000000
2b1c00000000000000
2b2000000000000000
2b2400000000000000
2b2800000000000000
2b2c00000000000000
2b3000000000000000
2b3400000000000000
2b3800000000000000
2b3c00000000000000
2b4000000000000000
2b4400000000000000
2b4800000000000000
2b4c00000000000000
2b5000000000000000
2b5400000000000000
2b5800000000000000
2b5c00000000000000
2b6000000000000000
2b6400000000000000
2b6800000000000000
2b6c00000000000000
2b7000000000000000
2b7400000000000000
2b7800000000000000
2b7c00000000000000
2b8000000000000000
2b8400000000000000
2b8800000000000000
2b8c00000000000000
2b9000000000000000
2b9400000000000000
2b9800000000000000
2b9c00000000000000
2ba000000000000000
2ba400000000000000
2ba800000000000000
2bac00000000000000
2bb000000000000000
2bb400000000000000
2bb800000000000000
2bbc00000000000000
2bc000000000000000
2bc400000000000000
2bc800000000000000
2bcc00000000000000
2bd000000000000000
2bd400000000000000
2bd800000000000000
2bdc00000000000000
2be000000000000000
2be400000000000000
2be800000000000000
2bec00000000000000
2bf000000000000000
2bf400000000000000
2bf800000000000000
2bfc00000000000000
2c0000000000000000
2c0400000000000000
2c0800000000000000
2c0c00000000000000
2c1000000000000000
2c1400000000000000
2c1800000000000000
2c1c00000000000000
2c2000000000000000
2c2400000000000000
2c2800000000000000
2c2c00000000000000
2c3000000000000000
2c3400000000000000
2c3800000000000000
2c3c00000000000000
2c4000000000000000
2c4400000000000000
2c4800000000000000
2c4c00000000000000
2c5000000000000000
2c5400000000000000
2c5800000000000000
2c5c00000000000000
2c6000000000000000
2c6400000000000000
2c6800000000000000
2c6c00000000000000
2c7000000000000000
2c7400000000000000
2c7800000000000000
2c7c00000000000000
2c8000000000000000
2c8400000000000000
2c8800000000000000
2c8c00000000000000
2c9000000000000000
2c9400000000000000
2c9800000000000000
2c9c00000000000000
2ca000000000000000
2ca400000000000000
2ca800000000000000
2cac00000000000000
2cb000000000000000
2cb400000000000000
2cb800000000000000
2cbc00000000000000
2cc000000000000000
2cc400000000000000
2cc800000000000000
2ccc00000000000000
2cd000000000000000
2cd400000000000000
2cd800000000000000
2cdc00000000000000
2ce000000000000000
2ce400000000000000
2ce800000000000000
2cec00000000000000
2cf000000000000000
2cf400000000000000
2cf800000000000000
2cfc00000000000000
2d0000000000000000
2d0400000000000000
2d0800000000000000
2d0c00000000000000
2d1000000000000000
2d1400000000000000
2d1800000000000000
2d1c00000000000000
2d2000000000000000
2d2400000000000000
2d2800000000000000
2d2c00000000000000
2d3000000000000000
2d3400000000000000
2d3800000000000000
2d3c00000000000000
2d4000000000000000
2d4400000000000000
2d4800000000000000
2d4c00000000000000
2d5000000000000000
2d5400000000000000
2d5800000000000000
2d5c00000000000000
2d6000000000000000
2d6400000000000000
2d6800000000000000
2d6c00000000000000
2d7000000000000000
2d7400000000000000
2d7800000000000000
2d7c00000000000000
2d8000000000000000
2d8400000000000000
2d8800000000000000
2d8c00000000000000
2d9000000000000000
2d9400000000000000
2d9800000000000000
2d9c00000000000000
2da000000000000000
2da400000000000000
2da800000000000000
2dac00000000000000
2db000000000000000
2db400000000000000
2db800000000000000
2dbc00000000000000
2dc000000000000000
2dc400000000000000
2dc800000000000000
2dcc00000000000000
2dd000000000000000
2dd400000000000000
2dd800000000000000
2ddc00000000000000
2de000000000000000
2de400000000000000
2de800000000000000
2dec00000000000000
2df000000000000000
2df400000000000000
2df800000000000000
2dfc00000000000000
2e0000000000000000
2e0400000000000000
2e0800000000000000
2e0c00000000000000
2e1000000000000000
2e1400000000000000
2e1800000000000000
2e1c00000000000000
2e2000000000000000
2e2400000000000000
2e2800000000000000
2e2c00000000000000
2e3000000000000000
2e3400000000000000
2e3800000000000000
2e3c00000000000000
2e4000000000000000
2e4400000000000000
2e4800000000000000
2e4c00000000000000
2e5000000000000000
2e5400000000000000
2e5800000000000000
2e5c00000000000000
2e6000000000000000
2e6400000000000000
2e6800000000000000
2e6c00000000000000
2e7000000000000000
2e7400000000000000
2e7800000000000000
2e7c00000000000000
2e8000000000000000
2e8400000000000000
2e8800000000000000
2e8c00000000000000
2e9000000000000000
2e9400000000000000
2e9800000000000000
2e9c00000000000000
2ea000000000000000
2ea400000000000000
2ea800000000000000
2eac00000000000000
2eb000000000000000
2eb400000000000000
2eb800000000000000
2ebc00000000000000
2ec000000000000000
2ec400000000000000
2ec800000000000000
2ecc00000000000000
2ed000000000000000
2ed400000000000000
2ed800000000000000
2edc00000000000000
2ee000000000000000
2ee400000000000000
2ee800000000000000
2eec00000000000000
2ef000000000000000
2ef400000000000000
2ef800000000000000
2efc00000000000000
2f0000000000000000
2f0400000000000000
2f0800000000000000
2f0c00000000000000
2f1000000000000000
2f1400000000000000
2f1800000000000000
2f1c00000000000000
2f2000000000000000
2f2400000000000000
2f2800000000000000
2f2c00000000000000
2f3000000000000000
2f3400000000000000
2f3800000000000000
2f3c00000000000000
2f4000000000000000
2f4400000000000000
2f4800000000000000
2f4c00000000000000
2f5000000000000000
2f5400000000000000
2f5800000000000000
2f5c00000000000000
2f6000000000000000
2f6400000000000000
2f6800000000000000
2f6c00000000000000
2f7000000000000000
2f7400000000000000
2f7800000000000000
2f7c00000000000000
2f8000000000000000
2f8400000000000000
2f8800000000000000
2f8c00000000000000
2f9000000000000000
2f9400000000000000
2f9800000000000000
2f9c00000000000000
2fa000000000000000
2fa400000000000000
2fa800000000000000
2fac00000000000000
2fb000000000000000
2fb400000000000000
2fb800000000000000
2fbc00000000000000
2fc000000000000000
2fc400000000000000
2fc800000000000000
2fcc00000000000000
2fd000000000000000
2fd400000000000000
2fd800000000000000
2fdc00000000000000
2fe000000000000000
2fe400000000000000
2fe800000000000000
2fec00000000000000
2ff000000000000000
2ff400000000000000
2ff800000000000000
2ffc00000000000000
300000000000000000
300400000000000000
300800000000000000
300c00000000000000
301000000000000000
301400000000000000
301800000000000000
301c00000000000000
302000000000000000
302400000000000000
302800000000000000
302c00000000000000
303000000000000000
303400000000000000
303800000000000000
303c00000000000000
304000000000000000
304400000000000000
304800000000000000
304c00000000000000
305000000000000000
305400000000000000
305800000000000000
305c00000000000000
306000000000000000
306400000000000000
306800000000000000
306c00000000000000
307000000000000000
307400000000000000
307800000000000000
307c00000000000000
308000000000000000
308400000000000000
308800000000000000
308c00000000000000
309000000000000000
309400000000000000
309800000000000000
309c00000000000000
30a000000000000000
30a400000000000000
30a800000000000000
30ac00000000000000
30b000000000000000
30b400000000000000
30b800000000000000
30bc00000000000000
30c000000000000000
30c400000000000000
30c800000000000000
30cc00000000000000
30d000000000000000
30d400000000000000
30d800000000000000
30dc00000000000000
30e000000000000000
30e400000000000000
30e800000000000000
30ec00000000000000
30f000000000000000
30f400000000000000
30f800000000000000
30fc00000000000000
310000000000000000
310400000000000000
310800000000000000
310c00000000000000
311000000000000000
311400000000000000
311800000000000000
311c00000000000000
312000000000000000
312400000000000000
312800000000000000
312c00000000000000
313000000000000000
313400000000000000
313800000000000000
313c00000000000000
314000000000000000
314400000000000000
314800000000000000
314c00000000000000
315000000000000000
315400000000000000
315800000000000000
315c00000000000000
316000000000000000
316400000000000000
316800000000000000
316c00000000000000
317000000000000000
317400000000000000
317800000000000000
317c00000000000000
318000000000000000
318400000000000000
318800000000000000
318c00000000000000
319000000000000000
319400000000000000
319800000000000000
319c00000000000000
31a000000000000000
31a400000000000000
31a800000000000000
31ac00000000000000
31b000000000000000
31b400000000000000
31b800000000000000
31bc00000000000000
31c000000000000000
31c400000000000000
31c800000000000000
31cc00000000000000
31d000000000000000
31d400000000000000
31d800000000000000
31dc00000000000000
31e000000000000000
31e400000000000000
31e800000000000000
31ec00000000000000
31f000000000000000
31f400000000000000
31f800000000000000
31fc00000000000000
320000000000000000
320400000000000000
320800000000000000
320c00000000000000
321000000000000000
321400000000000000
321800000000000000
321c00000000000000
322000000000000000
322400000000000000
322800000000000000
322c00000000000000
323000000000000000
323400000000000000
323800000000000000
323c00000000000000
324000000000000000
324400000000000000
324800000000000000
324c00000000000000
325000000000000000
325400000000000000
325800000000000000
325c00000000000000
326000000000000000
326400000000000000
326800000000000000
326c00000000000000
327000000000000000
327400000000000000
327800000000000000
327c00000000000000
328000000000000000
328400000000000000
328800000000000000
328c00000000000000
329000000000000000
329400000000000000
329800000000000000
329c00000000000000
32a000000000000000
32a400000000000000
32a800000000000000
32ac00000000000000
32b000000000000000
32b400000000000000
32b800000000000000
32bc00000000000000
32c000000000000000
32c400000000000000
32c800000000000000
32cc00000000000000
32d000000000000000
32d400000000000000
32d800000000000000
32dc00000000000000
32e000000000000000
32e400000000000000
32e800000000000000
32ec00000000000000
32f000000000000000
32f400000000000000
32f800000000000000
32fc00000000000000
330000000000000000
330400000000000000
330800000000000000
330c00000000000000
331000000000000000
331400000000000000
331800000000000000
331c00000000000000
332000000000000000
332400000000000000
332800000000000000
332c00000000000000
333000000000000000
333400000000000000
333800000000000000
333c00000000000000
334000000000000000
334400000000000000
334800000000000000
334c00000000000000
335000000000000000
335400000000000000
335800000000000000
335c00000000000000
336000000000000000
336400000000000000
336800000000000000
336c00000000000000
337000000000000000
337400000000000000
337800000000000000
337c00000000000000
338000000000000000
338400000000000000
338800000000000000
338c00000000000000
339000000000000000
339400000000000000
339800000000000000
339c00000000000000
33a000000000000000
33a400000000000000
33a800000000000000
33ac00000000000000
33b000000000000000
33b400000000000000
33b800000000000000
33bc00000000000000
33c000000000000000
33c400000000000000
33c800000000000000
33cc00000000000000
33d000000000000000
33d400000000000000
33d800000000000000
33dc00000000000000
33e000000000000000
33e400000000000000
33e800000000000000
33ec00000000000000
33f000000000000000
33f400000000000000
33f800000000000000
33fc00000000000000
340000000000000000
340400000000000000
340800000000000000
340c00000000000000
341000000000000000
341400000000000000
341800000000000000
341c00000000000000
342000000000000000
342400000000000000
342800000000000000
342c00000000000000
343000000000000000
343400000000000000
343800000000000000
343c00000000000000
344000000000000000
344400000000000000
344800000000000000
344c00000000000000
345000000000000000
345400000000000000
345800000000000000
345c00000000000000
346000000000000000
346400000000000000
346800000000000000
346c00000000000000
347000000000000000
347400000000000000
347800000000000000
347c00000000000000
348000000000000000
348400000000000000
348800000000000000
348c00000000000000
349000000000000000
349400000000000000
349800000000000000
349c00000000000000
34a000000000000000
34a400000000000000
34a800000000000000
34ac00000000000000
34b000000000000000
34b400000000000000
34b800000000000000
34bc00000000000000
34c000000000000000
34c400000000000000
34c800000000000000
34cc00000000000000
34d000000000000000
34d400000000000000
34d800000000000000
34dc00000000000000
34e000000000000000
34e400000000000000
34e800000000000000
34ec00000000000000
34f000000000000000
34f400000000000000
34f800000000000000
34fc00000000000000
350000000000000000
350400000000000000
350800000000000000
350c00000000000000
351000000000000000
351400000000000000
351800000000000000
351c00000000000000
352000000000000000
352400000000000000
352800000000000000
352c00000000000000
353000000000000000
353400000000000000
353800000000000000
353c00000000000000
354000000000000000
354400000000000000
354800000000000000
354c00000000000000
355000000000000000
355400000000000000
355800000000000000
355c00000000000000
356000000000000000
356400000000000000
356800000000000000
356c00000000000000
357000000000000000
357400000000000000
357800000000000000
357c00000000000000
358000000000000000
358400000000000000
358800000000000000
358c00000000000000
359000000000000000
359400000000000000
359800000000000000
359c00000000000000
35a000000000000000
35a400000000000000
35a800000000000000
35ac00000000000000
35b000000000000000
35b400000000000000
35b800000000000000
35bc00000000000000
35c000000000000000
35c400000000000000
35c800000000000000
35cc00000000000000
35d000000000000000
35d400000000000000
35d800000000000000
35dc00000000000000
35e000000000000000
35e400000000000000
35e800000000000000
35ec00000000000000
35f000000000000000
35f400000000000000
35f800000000000000
35fc00000000000000
360000000000000000
360400000000000000
360800000000000000
360c00000000000000
361000000000000000
361400000000000000
361800000000000000
361c00000000000000
362000000000000000
362400000000000000
362800000000000000
362c00000000000000
363000000000000000
363400000000000000
363800000000000000
363c00000000000000
364000000000000000
364400000000000000
364800000000000000
364c00000000000000
365000000000000000
365400000000000000
365800000000000000
365c00000000000000
366000000000000000
366400000000000000
366800000000000000
366c00000000000000
367000000000000000
367400000000000000
367800000000000000
367c00000000000000
368000000000000000
368400000000000000
368800000000000000
368c00000000000000
369000000000000000
369400000000000000
369800000000000000
369c00000000000000
36a000000000000000
36a400000000000000
36a800000000000000
36ac00000000000000
36b000000000000000
36b400000000000000
36b800000000000000
36bc00000000000000
36c000000000000000
36c400000000000000
36c800000000000000
36cc00000000000000
36d000000000000000
36d400000000000000
36d800000000000000
36dc00000000000000
36e000000000000000
36e400000000000000
36e800000000000000
36ec00000000000000
36f000000000000000
36f400000000000000
36f800000000000000
36fc00000000000000
370000000000000000
370400000000000000
370800000000000000
370c00000000000000
371000000000000000
371400000000000000
371800000000000000
371c00000000000000
372000000000000000
372400000000000000
372800000000000000
372c00000000000000
373000000000000000
373400000000000000
373800000000000000
373c00000000000000
374000000000000000
374400000000000000
374800000000000000
374c00000000000000
375000000000000000
375400000000000000
375800000000000000
375c00000000000000
376000000000000000
376400000000000000
376800000000000000
376c00000000000000
377000000000000000
377400000000000000
377800000000000000
377c00000000000000
378000000000000000
378400000000000000
378800000000000000
378c00000000000000
379000000000000000
379400000000000000
379800000000000000
379c00000000000000
37a000000000000000
37a400000000000000
37a800000000000000
37ac00000000000000
37b000000000000000
37b400000000000000
37b800000000000000
37bc00000000000000
37c000000000000000
37c400000000000000
37c800000000000000
37cc00000000000000
37d000000000000000
37d400000000000000
37d800000000000000
37dc00000000000000
37e000000000000000
37e400000000000000
37e800000000000000
37ec00000000000000
37f000000000000000
37f400000000000000
37f800000000000000
37fc00000000000000
380000000000000000
380400000000000000
380800000000000000
380c00000000000000
381000000000000000
381400000000000000
381800000000000000
381c00000000000000
382000000000000000
382400000000000000
382800000000000000
382c00000000000000
383000000000000000
383400000000000000
383800000000000000
383c00000000000000
384000000000000000
384400000000000000
384800000000000000
384c00000000000000
385000000000000000
385400000000000000
385800000000000000
385c00000000000000
386000000000000000
386400000000000000
386800000000000000
386c00000000000000
387000000000000000
387400000000000000
387800000000000000
387c00000000000000
388000000000000000
388400000000000000
388800000000000000
388c00000000000000
389000000000000000
389400000000000000
389800000000000000
389c00000000000000
38a000000000000000
38a400000000000000
38a800000000000000
38ac00000000000000
38b000000000000000
38b400000000000000
38b800000000000000
38bc00000000000000
38c000000000000000
38c400000000000000
38c800000000000000
38cc00000000000000
38d000000000000000
38d400000000000000
38d800000000000000
38dc00000000000000
38e000000000000000
38e400000000000000
38e800000000000000
38ec00000000000000
38f000000000000000
38f400000000000000
38f800000000000000
38fc00000000000000
390000000000000000
390400000000000000
390800000000000000
390c00000000000000
391000000000000000
391400000000000000
391800000000000000
391c00000000000000
392000000000000000
392400000000000000
392800000000000000
392c00000000000000
393000000000000000
393400000000000000
393800000000000000
393c00000000000000
394000000000000000
394400000000000000
394800000000000000
394c00000000000000
395000000000000000
395400000000000000
395800000000000000
395c00000000000000
396000000000000000
396400000000000000
396800000000000000
396c00000000000000
397000000000000000
397400000000000000
397800000000000000
397c00000000000000
398000000000000000
398400000000000000
398800000000000000
398c00000000000000
399000000000000000
399400000000000000
399800000000000000
399c00000000000000
39a000000000000000
39a400000000000000
39a800000000000000
39ac00000000000000
39b000000000000000
39b400000000000000
39b800000000000000
39bc00000000000000
39c000000000000000
39c400000000000000
39c800000000000000
39cc00000000000000
39d000000000000000
39d400000000000000
39d800000000000000
39dc00000000000000
39e000000000000000
39e400000000000000
39e800000000000000
39ec00000000000000
39f000000000000000
39f400000000000000
39f800000000000000
39fc00000000000000
3a0000000000000000
3a0400000000000000
3a0800000000000000
3a0c00000000000000
3a1000000000000000
3a1400000000000000
3a1800000000000000
3a1c00000000000000
3a2000000000000000
3a2400000000000000
3a2800000000000000
3a2c00000000000000
3a3000000000000000
3a3400000000000000
3a3800000000000000
3a3c00000000000000
3a4000000000000000
3a4400000000000000
3a4800000000000000
3a4c00000000000000
3a5000000000000000
3a5400000000000000
3a5800000000000000
3a5c00000000000000
3a6000000000000000
3a6400000000000000
3a6800000000000000
3a6c00000000000000
3a7000000000000000
3a7400000000000000
3a7800000000000000
3a7c00000000000000
3a8000000000000000
3a8400000000000000
3a8800000000000000
3a8c00000000000000
3a9000000000000000
3a9400000000000000
3a9800000000000000
3a9c00000000000000
3aa000000000000000
3aa400000000000000
3aa800000000000000
3aac00000000000000
3ab000000000000000
3ab400000000000000
3ab800000000000000
3abc00000000000000
3ac000000000000000
3ac400000000000000
3ac800000000000000
3acc00000000000000
3ad000000000000000
3ad400000000000000
3ad800000000000000
3adc00000000000000
3ae000000000000000
3ae400000000000000
3ae800000000000000
3aec00000000000000
3af000000000000000
3af400000000000000
3af800000000000000
3afc00000000000000
3b0000000000000000
3b0400000000000000
3b0800000000000000
3b0c00000000000000
3b1000000000000000
3b1400000000000000
3b1800000000000000
3b1c00000000000000
3b2000000000000000
3b2400000000000000
3b2800000000000000
3b2c00000000000000
3b3000000000000000
3b3400000000000000
3b3800000000000000
3b3c00000000000000
3b4000000000000000
3b4400000000000000
3b4800000000000000
3b4c00000000000000
3b5000000000000000
3b5400000000000000
3b5800000000000000
3b5c00000000000000
3b6000000000000000
3b6400000000000000
3b6800000000000000
3b6c00000000000000
3b7000000000000000
3b7400000000000000
3b7800000000000000
3b7c00000000000000
3b8000000000000000
3b8400000000000000
3b8800000000000000
3b8c00000000000000
3b9000000000000000
3b9400000000000000
3b9800000000000000
3b9c00000000000000
3ba000000000000000
3ba400000000000000
3ba800000000000000
3bac00000000000000
3bb000000000000000
3bb400000000000000
3bb800000000000000
3bbc00000000000000
3bc000000000000000
3bc400000000000000
3bc800000000000000
3bcc00000000000000
3bd000000000000000
3bd400000000000000
3bd800000000000000
3bdc00000000000000
3be000000000000000
3be400000000000000
3be800000000000000
3bec00000000000000
3bf000000000000000
3bf400000000000000
3bf800000000000000
3bfc00000000000000
3c0000000000000000
3c0400000000000000
3c0800000000000000
3c0c00000000000000
3c1000000000000000
3c1400000000000000
3c1800000000000000
3c1c00000000000000
3c2000000000000000
3c2400000000000000
3c2800000000000000
3c2c00000000000000
3c3000000000000000
3c3400000000000000
3c3800000000000000
3c3c00000000000000
3c4000000000000000
3c4400000000000000
3c4800000000000000
3c4c00000000000000
3c5000000000000000
3c5400000000000000
3c5800000000000000
3c5c00000000000000
3c6000000000000000
3c6400000000000000
3c6800000000000000
3c6c00000000000000
3c7000000000000000
3c7400000000000000
3c7800000000000000
3c7c00000000000000
3c8000000000000000
3c8400000000000000
3c8800000000000000
3c8c00000000000000
3c9000000000000000
3c9400000000000000
3c9800000000000000
3c9c00000000000000
3ca000000000000000
3ca400000000000000
3ca800000000000000
3cac00000000000000
3cb000000000000000
3cb400000000000000
3cb800000000000000
3cbc00000000000000
3cc000000000000000
3cc400000000000000
3cc800000000000000
3ccc00000000000000
3cd000000000000000
3cd400000000000000
3cd800000000000000
3cdc00000000000000
3ce000000000000000
3ce400000000000000
3ce800000000000000
3cec00000000000000
3cf000000000000000
3cf400000000000000
3cf800000000000000
3cfc00000000000000
3d0000000000000000
3d0400000000000000
3d0800000000000000
3d0c00000000000000
3d1000000000000000
3d1400000000000000
3d1800000000000000
3d1c00000000000000
3d2000000000000000
3d2400000000000000
3d2800000000000000
3d2c00000000000000
3d3000000000000000
3d3400000000000000
3d3800000000000000
3d3c00000000000000
3d4000000000000000
3d4400000000000000
3d4800000000000000
3d4c00000000000000
3d5000000000000000
3d5400000000000000
3d5800000000000000
3d5c00000000000000
3d6000000000000000
3d6400000000000000
3d6800000000000000
3d6c00000000000000
3d7000000000000000
3d7400000000000000
3d7800000000000000
3d7c00000000000000
3d8000000000000000
3d8400000000000000
3d8800000000000000
3d8c00000000000000
3d9000000000000000
3d9400000000000000
3d9800000000000000
3d9c00000000000000
3da000000000000000
3da400000000000000
3da800000000000000
3dac00000000000000
3db000000000000000
3db400000000000000
3db800000000000000
3dbc00000000000000
3dc000000000000000
3dc400000000000000
3dc800000000000000
3dcc00000000000000
3dd000000000000000
3dd400000000000000
3dd800000000000000
3ddc00000000000000
3de000000000000000
3de400000000000000
3de800000000000000
3dec00000000000000
3df000000000000000
3df400000000000000
3df800000000000000
3dfc00000000000000
3e0000000000000000
3e0400000000000000
3e0800000000000000
3e0c00000000000000
3e1000000000000000
3e1400000000000000
3e1800000000000000
3e1c00000000000000
3e2000000000000000
3e2400000000000000
3e2800000000000000
3e2c00000000000000
3e3000000000000000
3e3400000000000000
3e3800000000000000
3e3c00000000000000
3e4000000000000000
3e4400000000000000
3e4800000000000000
3e4c00000000000000
3e5000000000000000
3e5400000000000000
3e5800000000000000
3e5c00000000000000
3e6000000000000000
3e6400000000000000
3e6800000000000000
3e6c00000000000000
3e7000000000000000
3e7400000000000000
3e7800000000000000
3e7c00000000000000
3e8000000000000000
3e8400000000000000
3e8800000000000000
3e8c00000000000000
3e9000000000000000
3e9400000000000000
3e9800000000000000
3e9c00000000000000
3ea000000000000000
3ea400000000000000
3ea800000000000000
3eac00000000000000
3eb000000000000000
3eb400000000000000
3eb800000000000000
3ebc00000000000000
3ec000000000000000
3ec400000000000000
3ec800000000000000
3ecc00000000000000
3ed000000000000000
3ed400000000000000
3ed800000000000000
3edc00000000000000
3ee000000000000000
3ee400000000000000
3ee800000000000000
3eec00000000000000
3ef000000000000000
3ef400000000000000
3ef800000000000000
3efc00000000000000
3f0000000000000000
3f0400000000000000
3f0800000000000000
3f0c00000000000000
3f1000000000000000
3f1400000000000000
3f1800000000000000
3f1c00000000000000
3f2000000000000000
3f2400000000000000
3f2800000000000000
3f2c00000000000000
3f3000000000000000
3f3400000000000000
3f3800000000000000
3f3c00000000000000
3f4000000000000000
3f4400000000000000
3f4800000000000000
3f4c00000000000000
3f5000000000000000
3f5400000000000000
3f5800000000000000
3f5c00000000000000
3f6000000000000000
3f6400000000000000
3f6800000000000000
3f6c00000000000000
3f7000000000000000
3f7400000000000000
3f7800000000000000
3f7c00000000000000
3f8000000000000000
3f8400000000000000
3f8800000000000000
3f8c00000000000000
3f9000000000000000
3f9400000000000000
3f9800000000000000
3f9c00000000000000
3fa000000000000000
3fa400000000000000
3fa800000000000000
3fac00000000000000
3fb000000000000000
3fb400000000000000
3fb800000000000000
3fbc00000000000000
3fc000000000000000
3fc400000000000000
3fc800000000000000
3fcc00000000000000
3fd000000000000000
3fd400000000000000
3fd800000000000000
3fdc00000000000000
3fe000000000000000
3fe400000000000000
3fe800000000000000
3fec00000000000000
3ff000000000000000
3ff400000000000000
3ff800000000000000
7ffc00000000000000
000000000800000002
000400000040000000
000800000040000000
000c00000040000000
001000000040000000
001400000040000000
001800000040000000
001c00000040000000
002000000040000000
002400000040000000
002800000040000000
002c00000040000000
003000000040000000
003400000040000000
003800000040000000
003c00000040000000
004000000040000000
004400000040000000
004800000040000000
004c00000040000000
005000000040000000
005400000040000000
005800000040000000
005c00000040000000
006000000040000000
006400000040000000
006800000040000000
006c00000040000000
007000000040000000
007400000040000000
007800000040000000
007c00000040000000
008000000040000000
008400000040000000
008800000040000000
008c00000040000000
009000000040000000
009400000040000000
009800000040000000
009c00000040000000
00a000000040000000
00a400000040000000
00a800000040000000
00ac00000040000000
00b000000040000000
00b400000040000000
00b800000040000000
00bc00000040000000
00c000000040000000
00c400000040000000
00c800000040000000
00cc00000040000000
00d000000040000000
00d400000040000000
00d800000040000000
00dc00000040000000
00e000000040000000
00e400000040000000
00e800000040000000
00ec00000040000000
00f000000040000000
00f400000040000000
00f800000040000000
00fc00000040000000
010000000040000000
010400000040000000
010800000040000000
010c00000040000000
011000000040000000
011400000040000000
011800000040000000
011c00000040000000
012000000040000000
012400000040000000
012800000040000000
012c00000040000000
013000000040000000
013400000040000000
013800000040000000
013c00000040000000
014000000040000000
014400000040000000
014800000040000000
014c00000040000000
015000000040000000
015400000040000000
015800000040000000
015c00000040000000
016000000040000000
016400000040000000
016800000040000000
016c00000040000000
017000000040000000
017400000040000000
017800000040000000
017c00000040000000
018000000040000000
018400000040000000
018800000040000000
018c00000040000000
019000000040000000
019400000040000000
019800000040000000
019c00000040000000
01a000000040000000
01a400000040000000
01a800000040000000
01ac00000040000000
01b000000040000000
01b400000040000000
01b800000040000000
01bc00000040000000
01c000000040000000
01c400000040000000
01c800000040000000
01cc00000040000000
01d000000040000000
01d400000040000000
01d800000040000000
01dc00000040000000
01e000000040000000
01e400000040000000
01e800000040000000
01ec00000040000000
01f000000040000000
01f400000040000000
01f800000040000000
01fc00000040000000
020000000040000000
020400000040000000
020800000040000000
020c00000040000000
021000000040000000
021400000040000000
021800000040000000
021c00000040000000
022000000040000000
022400000040000000
022800000040000000
022c00000040000000
023000000040000000
023400000040000000
023800000040000000
023c00000040000000
024000000040000000
024400000040000000
024800000040000000
024c00000040000000
025000000040000000
025400000040000000
025800000040000000
025c00000040000000
026000000040000000
026400000040000000
026800000040000000
026c00000040000000
027000000040000000
027400000040000000
027800000040000000
027c00000040000000
028000000040000000
028400000040000000
028800000040000000
028c00000040000000
029000000040000000
029400000040000000
029800000040000000
029c00000040000000
02a000000040000000
02a400000040000000
02a800000040000000
02ac00000040000000
02b000000040000000
02b400000040000000
02b800000040000000
02bc00000040000000
02c000000040000000
02c400000040000000
02c800000040000000
02cc00000040000000
02d000000040000000
02d400000040000000
02d800000040000000
02dc00000040000000
02e000000040000000
02e400000040000000
02e800000040000000
02ec00000040000000
02f000000040000000
02f400000040000000
02f800000040000000
02fc00000040000000
030000000040000000
030400000040000000
030800000040000000
030c00000040000000
031000000040000000
031400000040000000
031800000040000000
031c00000040000000
032000000040000000
032400000040000000
032800000040000000
032c00000040000000
033000000040000000
033400000040000000
033800000040000000
033c00000040000000
034000000040000000
034400000040000000
034800000040000000
034c00000040000000
035000000040000000
035400000040000000
035800000040000000
035c00000040000000
036000000040000000
036400000040000000
036800000040000000
036c00000040000000
037000000040000000
037400000040000000
037800000040000000
037c00000040000000
038000000040000000
038400000040000000
038800000040000000
038c00000040000000
039000000040000000
039400000040000000
039800000040000000
039c00000040000000
03a000000040000000
03a400000040000000
03a800000040000000
03ac00000040000000
03b000000040000000
03b400000040000000
03b800000040000000
03bc00000040000000
03c000000040000000
03c400000040000000
03c800000040000000
03cc00000040000000
03d000000040000000
03d400000040000000
03d800000040000000
03dc00000040000000
03e000000040000000
03e400000040000000
03e800000040000000
03ec00000040000000
03f000000040000000
03f400000040000000
03f800000040000000
03fc00000040000000
040000000040000000
040400000040000000
040800000040000000
040c00000040000000
041000000040000000
041400000040000000
041800000040000000
041c00000040000000
042000000040000000
042400000040000000
042800000040000000
042c00000040000000
043000000040000000
043400000040000000
043800000040000000
043c00000040000000
044000000040000000
044400000040000000
044800000040000000
044c00000040000000
045000000040000000
045400000040000000
045800000040000000
045c00000040000000
046000000040000000
046400000040000000
046800000040000000
046c00000040000000
047000000040000000
047400000040000000
047800000040000000
047c00000040000000
048000000040000000
048400000040000000
048800000040000000
048c00000040000000
049000000040000000
049400000040000000
049800000040000000
049c00000040000000
04a000000040000000
04a400000040000000
04a800000040000000
04ac00000040000000
04b000000040000000
04b400000040000000
04b800000040000000
04bc00000040000000
04c000000040000000
04c400000040000000
04c800000040000000
04cc00000040000000
04d000000040000000
04d400000040000000
04d800000040000000
04dc00000040000000
04e000000040000000
04e400000040000000
04e800000040000000
04ec00000040000000
04f000000040000000
04f400000040000000
04f800000040000000
04fc00000040000000
050000000040000000
050400000040000000
050800000040000000
050c00000040000000
051000000040000000
051400000040000000
051800000040000000
051c00000040000000
052000000040000000
052400000040000000
052800000040000000
052c00000040000000
053000000040000000
053400000040000000
053800000040000000
053c00000040000000
054000000040000000
054400000040000000
054800000040000000
054c00000040000000
055000000040000000
055400000040000000
055800000040000000
055c00000040000000
056000000040000000
056400000040000000
056800000040000000
056c00000040000000
057000000040000000
057400000040000000
057800000040000000
057c00000040000000
058000000040000000
058400000040000000
058800000040000000
058c00000040000000
059000000040000000
059400000040000000
059800000040000000
059c00000040000000
05a000000040000000
05a400000040000000
05a800000040000000
05ac00000040000000
05b000000040000000
05b400000040000000
05b800000040000000
05bc00000040000000
05c000000040000000
05c400000040000000
05c800000040000000
05cc00000040000000
05d000000040000000
05d400000040000000
05d800000040000000
05dc00000040000000
05e000000040000000
05e400000040000000
05e800000040000000
05ec00000040000000
05f000000040000000
05f400000040000000
05f800000040000000
05fc00000040000000
060000000040000000
060400000040000000
060800000040000000
060c00000040000000
061000000040000000
061400000040000000
061800000040000000
061c00000040000000
062000000040000000
062400000040000000
062800000040000000
062c00000040000000
063000000040000000
063400000040000000
063800000040000000
063c00000040000000
064000000040000000
064400000040000000
064800000040000000
064c00000040000000
065000000040000000
065400000040000000
065800000040000000
065c00000040000000
066000000040000000
066400000040000000
066800000040000000
066c00000040000000
067000000040000000
067400000040000000
067800000040000000
067c00000040000000
068000000040000000
068400000040000000
068800000040000000
068c00000040000000
069000000040000000
069400000040000000
069800000040000000
069c00000040000000
06a000000040000000
06a400000040000000
06a800000040000000
06ac00000040000000
06b000000040000000
06b400000040000000
06b800000040000000
06bc00000040000000
06c000000040000000
06c400000040000000
06c800000040000000
06cc00000040000000
06d000000040000000
06d400000040000000
06d800000040000000
06dc00000040000000
06e000000040000000
06e400000040000000
06e800000040000000
06ec00000040000000
06f000000040000000
06f400000040000000
06f800000040000000
06fc00000040000000
070000000040000000
070400000040000000
070800000040000000
070c00000040000000
071000000040000000
071400000040000000
071800000040000000
071c00000040000000
072000000040000000
072400000040000000
072800000040000000
072c00000040000000
073000000040000000
073400000040000000
073800000040000000
073c00000040000000
074000000040000000
074400000040000000
074800000040000000
074c00000040000000
075000000040000000
075400000040000000
075800000040000000
075c00000040000000
076000000040000000
076400000040000000
076800000040000000
076c00000040000000
077000000040000000
077400000040000000
077800000040000000
077c00000040000000
078000000040000000
078400000040000000
078800000040000000
078c00000040000000
079000000040000000
079400000040000000
079800000040000000
079c00000040000000
07a000000040000000
07a400000040000000
07a800000040000000
07ac00000040000000
07b000000040000000
07b400000040000000
07b800000040000000
07bc00000040000000
07c000000040000000
07c400000040000000
07c800000040000000
07cc00000040000000
07d000000040000000
07d400000040000000
07d800000040000000
07dc00000040000000
07e000000040000000
07e400000040000000
07e800000040000000
07ec00000040000000
07f000000040000000
07f400000040000000
07f800000040000000
07fc00000040000000
080000000040000000
080400000040000000
080800000040000000
080c00000040000000
081000000040000000
081400000040000000
081800000040000000
081c00000040000000
082000000040000000
082400000040000000
082800000040000000
082c00000040000000
083000000040000000
083400000040000000
083800000040000000
083c00000040000000
084000000040000000
084400000040000000
084800000040000000
084c00000040000000
085000000040000000
085400000040000000
085800000040000000
085c00000040000000
086000000040000000
086400000040000000
086800000040000000
086c00000040000000
087000000040000000
087400000040000000
087800000040000000
087c00000040000000
088000000040000000
088400000040000000
088800000040000000
088c00000040000000
089000000040000000
089400000040000000
089800000040000000
089c00000040000000
08a000000040000000
08a400000040000000
08a800000040000000
08ac00000040000000
08b000000040000000
08b400000040000000
08b800000040000000
08bc00000040000000
08c000000040000000
08c400000040000000
08c800000040000000
08cc00000040000000
08d000000040000000
08d400000040000000
08d800000040000000
08dc00000040000000
08e000000040000000
08e400000040000000
08e800000040000000
08ec00000040000000
08f000000040000000
08f400000040000000
08f800000040000000
08fc00000040000000
090000000040000000
090400000040000000
090800000040000000
090c00000040000000
091000000040000000
091400000040000000
091800000040000000
091c00000040000000
092000000040000000
092400000040000000
092800000040000000
092c00000040000000
093000000040000000
093400000040000000
093800000040000000
093c00000040000000
094000000040000000
094400000040000000
094800000040000000
094c00000040000000
095000000040000000
095400000040000000
095800000040000000
095c00000040000000
096000000040000000
096400000040000000
096800000040000000
096c00000040000000
097000000040000000
097400000040000000
097800000040000000
097c00000040000000
098000000040000000
098400000040000000
098800000040000000
098c00000040000000
099000000040000000
099400000040000000
099800000040000000
099c00000040000000
09a000000040000000
09a400000040000000
09a800000040000000
09ac00000040000000
09b000000040000000
09b400000040000000
09b800000040000000
09bc00000040000000
09c000000040000000
09c400000040000000
09c800000040000000
09cc00000040000000
09d000000040000000
09d400000040000000
09d800000040000000
09dc00000040000000
09e000000040000000
09e400000040000000
09e800000040000000
09ec00000040000000
09f000000040000000
09f400000040000000
09f800000040000000
09fc00000040000000
0a0000000040000000
0a0400000040000000
0a0800000040000000
0a0c00000040000000
0a1000000040000000
0a1400000040000000
0a1800000040000000
0a1c00000040000000
0a2000000040000000
0a2400000040000000
0a2800000040000000
0a2c00000040000000
0a3000000040000000
0a3400000040000000
0a3800000040000000
0a3c00000040000000
0a4000000040000000
0a4400000040000000
0a4800000040000000
0a4c00000040000000
0a5000000040000000
0a5400000040000000
0a5800000040000000
0a5c00000040000000
0a6000000040000000
0a6400000040000000
0a6800000040000000
0a6c00000040000000
0a7000000040000000
0a7400000040000000
0a7800000040000000
0a7c00000040000000
0a8000000040000000
0a8400000040000000
0a8800000040000000
0a8c00000040000000
0a9000000040000000
0a9400000040000000
0a9800000040000000
0a9c00000040000000
0aa000000040000000
0aa400000040000000
0aa800000040000000
0aac00000040000000
0ab000000040000000
0ab400000040000000
0ab800000040000000
0abc00000040000000
0ac000000040000000
0ac400000040000000
0ac800000040000000
0acc00000040000000
0ad000000040000000
0ad400000040000000
0ad800000040000000
0adc00000040000000
0ae000000040000000
0ae400000040000000
0ae800000040000000
0aec00000040000000
0af000000040000000
0af400000040000000
0af800000040000000
0afc00000040000000
0b0000000040000000
0b0400000040000000
0b0800000040000000
0b0c00000040000000
0b1000000040000000
0b1400000040000000
0b1800000040000000
0b1c00000040000000
0b2000000040000000
0b2400000040000000
0b2800000040000000
0b2c00000040000000
0b3000000040000000
0b3400000040000000
0b3800000040000000
0b3c00000040000000
0b4000000040000000
0b4400000040000000
0b4800000040000000
0b4c00000040000000
0b5000000040000000
0b5400000040000000
0b5800000040000000
0b5c00000040000000
0b6000000040000000
0b6400000040000000
0b6800000040000000
0b6c00000040000000
0b7000000040000000
0b7400000040000000
0b7800000040000000
0b7c00000040000000
0b8000000040000000
0b8400000040000000
0b8800000040000000
0b8c00000040000000
0b9000000040000000
0b9400000040000000
0b9800000040000000
0b9c00000040000000
0ba000000040000000
0ba400000040000000
0ba800000040000000
0bac00000040000000
0bb000000040000000
0bb400000040000000
0bb800000040000000
0bbc00000040000000
0bc000000040000000
0bc400000040000000
0bc800000040000000
0bcc00000040000000
0bd000000040000000
0bd400000040000000
0bd800000040000000
0bdc00000040000000
0be000000040000000
0be400000040000000
0be800000040000000
0bec00000040000000
0bf000000040000000
0bf400000040000000
0bf800000040000000
0bfc00000040000000
0c0000000040000000
0c0400000040000000
0c0800000040000000
0c0c00000040000000
0c1000000040000000
0c1400000040000000
0c1800000040000000
0c1c00000040000000
0c2000000040000000
0c2400000040000000
0c2800000040000000
0c2c00000040000000
0c3000000040000000
0c3400000040000000
0c3800000040000000
0c3c00000040000000
0c4000000040000000
0c4400000040000000
0c4800000040000000
0c4c00000040000000
0c5000000040000000
0c5400000040000000
0c5800000040000000
0c5c00000040000000
0c6000000040000000
0c6400000040000000
0c6800000040000000
0c6c00000040000000
0c7000000040000000
0c7400000040000000
0c7800000040000000
0c7c00000040000000
0c8000000040000000
0c8400000040000000
0c8800000040000000
0c8c00000040000000
0c9000000040000000
0c9400000040000000
0c9800000040000000
0c9c00000040000000
0ca000000040000000
0ca400000040000000
0ca800000040000000
0cac00000040000000
0cb000000040000000
0cb400000040000000
0cb800000040000000
0cbc00000040000000
0cc000000040000000
0cc400000040000000
0cc800000040000000
0ccc00000040000000
0cd000000040000000
0cd400000040000000
0cd800000040000000
0cdc00000040000000
0ce000000040000000
0ce400000040000000
0ce800000040000000
0cec00000040000000
0cf000000040000000
0cf400000040000000
0cf800000040000000
0cfc00000040000000
0d0000000040000000
0d0400000040000000
0d0800000040000000
0d0c00000040000000
0d1000000040000000
0d1400000040000000
0d1800000040000000
0d1c00000040000000
0d2000000040000000
0d2400000040000000
0d2800000040000000
0d2c00000040000000
0d3000000040000000
0d3400000040000000
0d3800000040000000
0d3c00000040000000
0d4000000040000000
0d4400000040000000
0d4800000040000000
0d4c00000040000000
0d5000000040000000
0d5400000040000000
0d5800000040000000
0d5c00000040000000
0d6000000040000000
0d6400000040000000
0d6800000040000000
0d6c00000040000000
0d7000000040000000
0d7400000040000000
0d7800000040000000
0d7c00000040000000
0d8000000040000000
0d8400000040000000
0d8800000040000000
0d8c00000040000000
0d9000000040000000
0d9400000040000000
0d9800000040000000
0d9c00000040000000
0da000000040000000
0da400000040000000
0da800000040000000
0dac00000040000000
0db000000040000000
0db400000040000000
0db800000040000000
0dbc00000040000000
0dc000000040000000
0dc400000040000000
0dc800000040000000
0dcc00000040000000
0dd000000040000000
0dd400000040000000
0dd800000040000000
0ddc00000040000000
0de000000040000000
0de400000040000000
0de800000040000000
0dec00000040000000
0df000000040000000
0df400000040000000
0df800000040000000
0dfc00000040000000
0e0000000040000000
0e0400000040000000
0e0800000040000000
0e0c00000040000000
0e1000000040000000
0e1400000040000000
0e1800000040000000
0e1c00000040000000
0e2000000040000000
0e2400000040000000
0e2800000040000000
0e2c00000040000000
0e3000000040000000
0e3400000040000000
0e3800000040000000
0e3c00000040000000
0e4000000040000000
0e4400000040000000
0e4800000040000000
0e4c00000040000000
0e5000000040000000
0e5400000040000000
0e5800000040000000
0e5c00000040000000
0e6000000040000000
0e6400000040000000
0e6800000040000000
0e6c00000040000000
0e7000000040000000
0e7400000040000000
0e7800000040000000
0e7c00000040000000
0e8000000040000000
0e8400000040000000
0e8800000040000000
0e8c00000040000000
0e9000000040000000
0e9400000040000000
0e9800000040000000
0e9c00000040000000
0ea000000040000000
0ea400000040000000
0ea800000040000000
0eac00000040000000
0eb000000040000000
0eb400000040000000
0eb800000040000000
0ebc00000040000000
0ec000000040000000
0ec400000040000000
0ec800000040000000
0ecc00000040000000
0ed000000040000000
0ed400000040000000
0ed800000040000000
0edc00000040000000
0ee000000040000000
0ee400000040000000
0ee800000040000000
0eec00000040000000
0ef000000040000000
0ef400000040000000
0ef800000040000000
0efc00000040000000
0f0000000040000000
0f0400000040000000
0f0800000040000000
0f0c00000040000000
0f1000000040000000
0f1400000040000000
0f1800000040000000
0f1c00000040000000
0f2000000040000000
0f2400000040000000
0f2800000040000000
0f2c00000040000000
0f3000000040000000
0f3400000040000000
0f3800000040000000
0f3c00000040000000
0f4000000040000000
0f4400000040000000
0f4800000040000000
0f4c00000040000000
0f5000000040000000
0f5400000040000000
0f5800000040000000
0f5c00000040000000
0f6000000040000000
0f6400000040000000
0f6800000040000000
0f6c00000040000000
0f7000000040000000
0f7400000040000000
0f7800000040000000
0f7c00000040000000
0f8000000040000000
0f8400000040000000
0f8800000040000000
0f8c00000040000000
0f9000000040000000
0f9400000040000000
0f9800000040000000
0f9c00000040000000
0fa000000040000000
0fa400000040000000
0fa800000040000000
0fac00000040000000
0fb000000040000000
0fb400000040000000
0fb800000040000000
0fbc00000040000000
0fc000000040000000
0fc400000040000000
0fc800000040000000
0fcc00000040000000
0fd000000040000000
0fd400000040000000
0fd800000040000000
0fdc00000040000000
0fe000000040000000
0fe400000040000000
0fe800000040000000
0fec00000040000000
0ff000000040000000
0ff400000040000000
0ff800000040000000
0ffc00000040000000
100000000040000000
100400000040000000
100800000040000000
100c00000040000000
101000000040000000
101400000040000000
101800000040000000
101c00000040000000
102000000040000000
102400000040000000
102800000040000000
102c00000040000000
103000000040000000
103400000040000000
103800000040000000
103c00000040000000
104000000040000000
104400000040000000
104800000040000000
104c00000040000000
105000000040000000
105400000040000000
105800000040000000
105c00000040000000
106000000040000000
106400000040000000
106800000040000000
106c00000040000000
107000000040000000
107400000040000000
107800000040000000
107c00000040000000
108000000040000000
108400000040000000
108800000040000000
108c00000040000000
109000000040000000
109400000040000000
109800000040000000
109c00000040000000
10a000000040000000
10a400000040000000
10a800000040000000
10ac00000040000000
10b000000040000000
10b400000040000000
10b800000040000000
10bc00000040000000
10c000000040000000
10c400000040000000
10c800000040000000
10cc00000040000000
10d000000040000000
10d400000040000000
10d800000040000000
10dc00000040000000
10e000000040000000
10e400000040000000
10e800000040000000
10ec00000040000000
10f000000040000000
10f400000040000000
10f800000040000000
10fc00000040000000
110000000040000000
110400000040000000
110800000040000000
110c00000040000000
111000000040000000
111400000040000000
111800000040000000
111c00000040000000
112000000040000000
112400000040000000
112800000040000000
112c00000040000000
113000000040000000
113400000040000000
113800000040000000
113c00000040000000
114000000040000000
114400000040000000
114800000040000000
114c00000040000000
115000000040000000
115400000040000000
115800000040000000
115c00000040000000
116000000040000000
116400000040000000
116800000040000000
116c00000040000000
117000000040000000
117400000040000000
117800000040000000
117c00000040000000
118000000040000000
118400000040000000
118800000040000000
118c00000040000000
119000000040000000
119400000040000000
119800000040000000
119c00000040000000
11a000000040000000
11a400000040000000
11a800000040000000
11ac00000040000000
11b000000040000000
11b400000040000000
11b800000040000000
11bc00000040000000
11c000000040000000
11c400000040000000
11c800000040000000
11cc00000040000000
11d000000040000000
11d400000040000000
11d800000040000000
11dc00000040000000
11e000000040000000
11e400000040000000
11e800000040000000
11ec00000040000000
11f000000040000000
11f400000040000000
11f800000040000000
11fc00000040000000
120000000040000000
120400000040000000
120800000040000000
120c00000040000000
121000000040000000
121400000040000000
121800000040000000
121c00000040000000
122000000040000000
122400000040000000
122800000040000000
122c00000040000000
123000000040000000
123400000040000000
123800000040000000
123c00000040000000
124000000040000000
124400000040000000
124800000040000000
124c00000040000000
125000000040000000
125400000040000000
125800000040000000
125c00000040000000
126000000040000000
126400000040000000
126800000040000000
126c00000040000000
127000000040000000
127400000040000000
127800000040000000
127c00000040000000
128000000040000000
128400000040000000
128800000040000000
128c00000040000000
129000000040000000
129400000040000000
129800000040000000
129c00000040000000
12a000000040000000
12a400000040000000
12a800000040000000
12ac00000040000000
12b000000040000000
12b400000040000000
12b800000040000000
12bc00000040000000
12c000000040000000
12c400000040000000
12c800000040000000
12cc00000040000000
12d000000040000000
12d400000040000000
12d800000040000000
12dc00000040000000
12e000000040000000
12e400000040000000
12e800000040000000
12ec00000040000000
12f000000040000000
12f400000040000000
12f800000040000000
12fc00000040000000
130000000040000000
130400000040000000
130800000040000000
130c00000040000000
131000000040000000
131400000040000000
131800000040000000
131c00000040000000
132000000040000000
132400000040000000
132800000040000000
132c00000040000000
133000000040000000
133400000040000000
133800000040000000
133c00000040000000
134000000040000000
134400000040000000
134800000040000000
134c00000040000000
135000000040000000
135400000040000000
135800000040000000
135c00000040000000
136000000040000000
136400000040000000
136800000040000000
136c00000040000000
137000000040000000
137400000040000000
137800000040000000
137c00000040000000
138000000040000000
138400000040000000
138800000040000000
138c00000040000000
139000000040000000
139400000040000000
139800000040000000
139c00000040000000
13a000000040000000
13a400000040000000
13a800000040000000
13ac00000040000000
13b000000040000000
13b400000040000000
13b800000040000000
13bc00000040000000
13c000000040000000
13c400000040000000
13c800000040000000
13cc00000040000000
13d000000040000000
13d400000040000000
13d800000040000000
13dc00000040000000
13e000000040000000
13e400000040000000
13e800000040000000
13ec00000040000000
13f000000040000000
13f400000040000000
13f800000040000000
13fc00000040000000
140000000040000000
140400000040000000
140800000040000000
140c00000040000000
141000000040000000
141400000040000000
141800000040000000
141c00000040000000
142000000040000000
142400000040000000
142800000040000000
142c00000040000000
143000000040000000
143400000040000000
143800000040000000
143c00000040000000
144000000040000000
144400000040000000
144800000040000000
144c00000040000000
145000000040000000
145400000040000000
145800000040000000
145c00000040000000
146000000040000000
146400000040000000
146800000040000000
146c00000040000000
147000000040000000
147400000040000000
147800000040000000
147c00000040000000
148000000040000000
148400000040000000
148800000040000000
148c00000040000000
149000000040000000
149400000040000000
149800000040000000
149c00000040000000
14a000000040000000
14a400000040000000
14a800000040000000
14ac00000040000000
14b000000040000000
14b400000040000000
14b800000040000000
14bc00000040000000
14c000000040000000
14c400000040000000
14c800000040000000
14cc00000040000000
14d000000040000000
14d400000040000000
14d800000040000000
14dc00000040000000
14e000000040000000
14e400000040000000
14e800000040000000
14ec00000040000000
14f000000040000000
14f400000040000000
14f800000040000000
14fc00000040000000
150000000040000000
150400000040000000
150800000040000000
150c00000040000000
151000000040000000
151400000040000000
151800000040000000
151c00000040000000
152000000040000000
152400000040000000
152800000040000000
152c00000040000000
153000000040000000
153400000040000000
153800000040000000
153c00000040000000
154000000040000000
154400000040000000
154800000040000000
154c00000040000000
155000000040000000
155400000040000000
155800000040000000
155c00000040000000
156000000040000000
156400000040000000
156800000040000000
156c00000040000000
157000000040000000
157400000040000000
157800000040000000
157c00000040000000
158000000040000000
158400000040000000
158800000040000000
158c00000040000000
159000000040000000
159400000040000000
159800000040000000
159c00000040000000
15a000000040000000
15a400000040000000
15a800000040000000
15ac00000040000000
15b000000040000000
15b400000040000000
15b800000040000000
15bc00000040000000
15c000000040000000
15c400000040000000
15c800000040000000
15cc00000040000000
15d000000040000000
15d400000040000000
15d800000040000000
15dc00000040000000
15e000000040000000
15e400000040000000
15e800000040000000
15ec00000040000000
15f000000040000000
15f400000040000000
15f800000040000000
15fc00000040000000
160000000040000000
160400000040000000
160800000040000000
160c00000040000000
161000000040000000
161400000040000000
161800000040000000
161c00000040000000
162000000040000000
162400000040000000
162800000040000000
162c00000040000000
163000000040000000
163400000040000000
163800000040000000
163c00000040000000
164000000040000000
164400000040000000
164800000040000000
164c00000040000000
165000000040000000
165400000040000000
165800000040000000
165c00000040000000
166000000040000000
166400000040000000
166800000040000000
166c00000040000000
167000000040000000
167400000040000000
167800000040000000
167c00000040000000
168000000040000000
168400000040000000
168800000040000000
168c00000040000000
169000000040000000
169400000040000000
169800000040000000
169c00000040000000
16a000000040000000
16a400000040000000
16a800000040000000
16ac00000040000000
16b000000040000000
16b400000040000000
16b800000040000000
16bc00000040000000
16c000000040000000
16c400000040000000
16c800000040000000
16cc00000040000000
16d000000040000000
16d400000040000000
16d800000040000000
16dc00000040000000
16e000000040000000
16e400000040000000
16e800000040000000
16ec00000040000000
16f000000040000000
16f400000040000000
16f800000040000000
16fc00000040000000
170000000040000000
170400000040000000
170800000040000000
170c00000040000000
171000000040000000
171400000040000000
171800000040000000
171c00000040000000
172000000040000000
172400000040000000
172800000040000000
172c00000040000000
173000000040000000
173400000040000000
173800000040000000
173c00000040000000
174000000040000000
174400000040000000
174800000040000000
174c00000040000000
175000000040000000
175400000040000000
175800000040000000
175c00000040000000
176000000040000000
176400000040000000
176800000040000000
176c00000040000000
177000000040000000
177400000040000000
177800000040000000
177c00000040000000
178000000040000000
178400000040000000
178800000040000000
178c00000040000000
179000000040000000
179400000040000000
179800000040000000
179c00000040000000
17a000000040000000
17a400000040000000
17a800000040000000
17ac00000040000000
17b000000040000000
17b400000040000000
17b800000040000000
17bc00000040000000
17c000000040000000
17c400000040000000
17c800000040000000
17cc00000040000000
17d000000040000000
17d400000040000000
17d800000040000000
17dc00000040000000
17e000000040000000
17e400000040000000
17e800000040000000
17ec00000040000000
17f000000040000000
17f400000040000000
17f800000040000000
17fc00000040000000
180000000040000000
180400000040000000
180800000040000000
180c00000040000000
181000000040000000
181400000040000000
181800000040000000
181c00000040000000
182000000040000000
182400000040000000
182800000040000000
182c00000040000000
183000000040000000
183400000040000000
183800000040000000
183c00000040000000
184000000040000000
184400000040000000
184800000040000000
184c00000040000000
185000000040000000
185400000040000000
185800000040000000
185c00000040000000
186000000040000000
186400000040000000
186800000040000000
186c00000040000000
187000000040000000
187400000040000000
187800000040000000
187c00000040000000
188000000040000000
188400000040000000
188800000040000000
188c00000040000000
189000000040000000
189400000040000000
189800000040000000
189c00000040000000
18a000000040000000
18a400000040000000
18a800000040000000
18ac00000040000000
18b000000040000000
18b400000040000000
18b800000040000000
18bc00000040000000
18c000000040000000
18c400000040000000
18c800000040000000
18cc00000040000000
18d000000040000000
18d400000040000000
18d800000040000000
18dc00000040000000
18e000000040000000
18e400000040000000
18e800000040000000
18ec00000040000000
18f000000040000000
18f400000040000000
18f800000040000000
18fc00000040000000
190000000040000000
190400000040000000
190800000040000000
190c00000040000000
191000000040000000
191400000040000000
191800000040000000
191c00000040000000
192000000040000000
192400000040000000
192800000040000000
192c00000040000000
193000000040000000
193400000040000000
193800000040000000
193c00000040000000
194000000040000000
194400000040000000
194800000040000000
194c00000040000000
195000000040000000
195400000040000000
195800000040000000
195c00000040000000
196000000040000000
196400000040000000
196800000040000000
196c00000040000000
197000000040000000
197400000040000000
197800000040000000
197c00000040000000
198000000040000000
198400000040000000
198800000040000000
198c00000040000000
199000000040000000
199400000040000000
199800000040000000
199c00000040000000
19a000000040000000
19a400000040000000
19a800000040000000
19ac00000040000000
19b000000040000000
19b400000040000000
19b800000040000000
19bc00000040000000
19c000000040000000
19c400000040000000
19c800000040000000
19cc00000040000000
19d000000040000000
19d400000040000000
19d800000040000000
19dc00000040000000
19e000000040000000
19e400000040000000
19e800000040000000
19ec00000040000000
19f000000040000000
19f400000040000000
19f800000040000000
19fc00000040000000
1a0000000040000000
1a0400000040000000
1a0800000040000000
1a0c00000040000000
1a1000000040000000
1a1400000040000000
1a1800000040000000
1a1c00000040000000
1a2000000040000000
1a2400000040000000
1a2800000040000000
1a2c00000040000000
1a3000000040000000
1a3400000040000000
1a3800000040000000
1a3c00000040000000
1a4000000040000000
1a4400000040000000
1a4800000040000000
1a4c00000040000000
1a5000000040000000
1a5400000040000000
1a5800000040000000
1a5c00000040000000
1a6000000040000000
1a6400000040000000
1a6800000040000000
1a6c00000040000000
1a7000000040000000
1a7400000040000000
1a7800000040000000
1a7c00000040000000
1a8000000040000000
1a8400000040000000
1a8800000040000000
1a8c00000040000000
1a9000000040000000
1a9400000040000000
1a9800000040000000
1a9c00000040000000
1aa000000040000000
1aa400000040000000
1aa800000040000000
1aac00000040000000
1ab000000040000000
1ab400000040000000
1ab800000040000000
1abc00000040000000
1ac000000040000000
1ac400000040000000
1ac800000040000000
1acc00000040000000
1ad000000040000000
1ad400000040000000
1ad800000040000000
1adc00000040000000
1ae000000040000000
1ae400000040000000
1ae800000040000000
1aec00000040000000
1af000000040000000
1af400000040000000
1af800000040000000
1afc00000040000000
1b0000000040000000
1b0400000040000000
1b0800000040000000
1b0c00000040000000
1b1000000040000000
1b1400000040000000
1b1800000040000000
1b1c00000040000000
1b2000000040000000
1b2400000040000000
1b2800000040000000
1b2c00000040000000
1b3000000040000000
1b3400000040000000
1b3800000040000000
1b3c00000040000000
1b4000000040000000
1b4400000040000000
1b4800000040000000
1b4c00000040000000
1b5000000040000000
1b5400000040000000
1b5800000040000000
1b5c00000040000000
1b6000000040000000
1b6400000040000000
1b6800000040000000
1b6c00000040000000
1b7000000040000000
1b7400000040000000
1b7800000040000000
1b7c00000040000000
1b8000000040000000
1b8400000040000000
1b8800000040000000
1b8c00000040000000
1b9000000040000000
1b9400000040000000
1b9800000040000000
1b9c00000040000000
1ba000000040000000
1ba400000040000000
1ba800000040000000
1bac00000040000000
1bb000000040000000
1bb400000040000000
1bb800000040000000
1bbc00000040000000
1bc000000040000000
1bc400000040000000
1bc800000040000000
1bcc00000040000000
1bd000000040000000
1bd400000040000000
1bd800000040000000
1bdc00000040000000
1be000000040000000
1be400000040000000
1be800000040000000
1bec00000040000000
1bf000000040000000
1bf400000040000000
1bf800000040000000
1bfc00000040000000
1c0000000040000000
1c0400000040000000
1c0800000040000000
1c0c00000040000000
1c1000000040000000
1c1400000040000000
1c1800000040000000
1c1c00000040000000
1c2000000040000000
1c2400000040000000
1c2800000040000000
1c2c00000040000000
1c3000000040000000
1c3400000040000000
1c3800000040000000
1c3c00000040000000
1c4000000040000000
1c4400000040000000
1c4800000040000000
1c4c00000040000000
1c5000000040000000
1c5400000040000000
1c5800000040000000
1c5c00000040000000
1c6000000040000000
1c6400000040000000
1c6800000040000000
1c6c00000040000000
1c7000000040000000
1c7400000040000000
1c7800000040000000
1c7c00000040000000
1c8000000040000000
1c8400000040000000
1c8800000040000000
1c8c00000040000000
1c9000000040000000
1c9400000040000000
1c9800000040000000
1c9c00000040000000
1ca000000040000000
1ca400000040000000
1ca800000040000000
1cac00000040000000
1cb000000040000000
1cb400000040000000
1cb800000040000000
1cbc00000040000000
1cc000000040000000
1cc400000040000000
1cc800000040000000
1ccc00000040000000
1cd000000040000000
1cd400000040000000
1cd800000040000000
1cdc00000040000000
1ce000000040000000
1ce400000040000000
1ce800000040000000
1cec00000040000000
1cf000000040000000
1cf400000040000000
1cf800000040000000
1cfc00000040000000
1d0000000040000000
1d0400000040000000
1d0800000040000000
1d0c00000040000000
1d1000000040000000
1d1400000040000000
1d1800000040000000
1d1c00000040000000
1d2000000040000000
1d2400000040000000
1d2800000040000000
1d2c00000040000000
1d3000000040000000
1d3400000040000000
1d3800000040000000
1d3c00000040000000
1d4000000040000000
1d4400000040000000
1d4800000040000000
1d4c00000040000000
1d5000000040000000
1d5400000040000000
1d5800000040000000
1d5c00000040000000
1d6000000040000000
1d6400000040000000
1d6800000040000000
1d6c00000040000000
1d7000000040000000
1d7400000040000000
1d7800000040000000
1d7c00000040000000
1d8000000040000000
1d8400000040000000
1d8800000040000000
1d8c00000040000000
1d9000000040000000
1d9400000040000000
1d9800000040000000
1d9c00000040000000
1da000000040000000
1da400000040000000
1da800000040000000
1dac00000040000000
1db000000040000000
1db400000040000000
1db800000040000000
1dbc00000040000000
1dc000000040000000
1dc400000040000000
1dc800000040000000
1dcc00000040000000
1dd000000040000000
1dd400000040000000
1dd800000040000000
1ddc00000040000000
1de000000040000000
1de400000040000000
1de800000040000000
1dec00000040000000
1df000000040000000
1df400000040000000
1df800000040000000
1dfc00000040000000
1e0000000040000000
1e0400000040000000
1e0800000040000000
1e0c00000040000000
1e1000000040000000
1e1400000040000000
1e1800000040000000
1e1c00000040000000
1e2000000040000000
1e2400000040000000
1e2800000040000000
1e2c00000040000000
1e3000000040000000
1e3400000040000000
1e3800000040000000
1e3c00000040000000
1e4000000040000000
1e4400000040000000
1e4800000040000000
1e4c00000040000000
1e5000000040000000
1e5400000040000000
1e5800000040000000
1e5c00000040000000
1e6000000040000000
1e6400000040000000
1e6800000040000000
1e6c00000040000000
1e7000000040000000
1e7400000040000000
1e7800000040000000
1e7c00000040000000
1e8000000040000000
1e8400000040000000
1e8800000040000000
1e8c00000040000000
1e9000000040000000
1e9400000040000000
1e9800000040000000
1e9c00000040000000
1ea000000040000000
1ea400000040000000
1ea800000040000000
1eac00000040000000
1eb000000040000000
1eb400000040000000
1eb800000040000000
1ebc00000040000000
1ec000000040000000
1ec400000040000000
1ec800000040000000
1ecc00000040000000
1ed000000040000000
1ed400000040000000
1ed800000040000000
1edc00000040000000
1ee000000040000000
1ee400000040000000
1ee800000040000000
1eec00000040000000
1ef000000040000000
1ef400000040000000
1ef800000040000000
1efc00000040000000
1f0000000040000000
1f0400000040000000
1f0800000040000000
1f0c00000040000000
1f1000000040000000
1f1400000040000000
1f1800000040000000
1f1c00000040000000
1f2000000040000000
1f2400000040000000
1f2800000040000000
1f2c00000040000000
1f3000000040000000
1f3400000040000000
1f3800000040000000
1f3c00000040000000
1f4000000040000000
1f4400000040000000
1f4800000040000000
1f4c00000040000000
1f5000000040000000
1f5400000040000000
1f5800000040000000
1f5c00000040000000
1f6000000040000000
1f6400000040000000
1f6800000040000000
1f6c00000040000000
1f7000000040000000
1f7400000040000000
1f7800000040000000
1f7c00000040000000
1f8000000040000000
1f8400000040000000
1f8800000040000000
1f8c00000040000000
1f9000000040000000
1f9400000040000000
1f9800000040000000
1f9c00000040000000
1fa000000040000000
1fa400000040000000
1fa800000040000000
1fac00000800000003
1fb000000040000000
1fb400000040000000
1fb800000040000000
1fbc00000040000000
1fc000000040000000
1fc400000040000000
1fc800000040000000
1fcc00000040000000
1fd000000040000000
1fd400000040000000
1fd800000040000000
1fdc00000040000000
1fe000000040000000
1fe400000040000000
1fe800000040000000
1fec00000040000000
1ff000000040000000
1ff400000040000000
1ff800000040000000
1ffc00000040000000
200000000040000000
200400000040000000
200800000040000000
200c00000040000000
201000000040000000
201400000040000000
201800000040000000
201c00000040000000
202000000040000000
202400000040000000
202800000040000000
202c00000040000000
203000000040000000
203400000040000000
203800000040000000
203c00000040000000
204000000040000000
204400000040000000
204800000040000000
204c00000040000000
205000000800000000
205400000040000000
205800000040000000
205c00000040000000
206000000040000000
206400000040000000
206800000040000000
206c00000040000000
207000000040000000
207400000040000000
207800000040000000
207c00000040000000
208000000040000000
208400000040000000
208800000040000000
208c00000040000000
209000000040000000
209400000040000000
209800000040000000
209c00000040000000
20a000000040000000
20a400000040000000
20a800000040000000
20ac00000040000000
20b000000040000000
20b400000040000000
20b800000040000000
20bc00000040000000
20c000000040000000
20c400000040000000
20c800000040000000
20cc00000040000000
20d000000040000000
20d400000040000000
20d800000040000000
20dc00000040000000
20e000000040000000
20e400000040000000
20e800000040000000
20ec00000040000000
20f000000040000000
20f400000040000000
20f800000040000000
20fc00000040000000
210000000040000000
210400000040000000
210800000040000000
210c00000040000000
211000000040000000
211400000040000000
211800000040000000
211c00000040000000
212000000040000000
212400000040000000
212800000040000000
212c00000040000000
213000000040000000
213400000040000000
213800000040000000
213c00000040000000
214000000040000000
214400000040000000
214800000040000000
214c00000040000000
215000000040000000
215400000040000000
215800000040000000
215c00000040000000
216000000040000000
216400000040000000
216800000040000000
216c00000040000000
217000000040000000
217400000040000000
217800000040000000
217c00000040000000
218000000040000000
218400000040000000
218800000040000000
218c00000040000000
219000000040000000
219400000040000000
219800000040000000
219c00000040000000
21a000000040000000
21a400000040000000
21a800000040000000
21ac00000040000000
21b000000040000000
21b400000040000000
21b800000040000000
21bc00000040000000
21c000000040000000
21c400000040000000
21c800000040000000
21cc00000040000000
21d000000040000000
21d400000040000000
21d800000040000000
21dc00000040000000
21e000000040000000
21e400000040000000
21e800000040000000
21ec00000040000000
21f000000040000000
21f400000040000000
21f800000040000000
21fc00000040000000
220000000040000000
220400000040000000
220800000040000000
220c00000040000000
221000000040000000
221400000040000000
221800000040000000
221c00000040000000
222000000040000000
222400000040000000
222800000040000000
222c00000040000000
223000000040000000
223400000040000000
223800000040000000
223c00000040000000
224000000040000000
224400000040000000
224800000040000000
224c00000040000000
225000000040000000
225400000040000000
225800000040000000
225c00000040000000
226000000040000000
226400000040000000
226800000040000000
226c00000040000000
227000000040000000
227400000040000000
227800000040000000
227c00000040000000
228000000040000000
228400000040000000
228800000040000000
228c00000040000000
229000000040000000
229400000040000000
229800000040000000
229c00000040000000
22a000000040000000
22a400000040000000
22a800000040000000
22ac00000040000000
22b000000040000000
22b400000040000000
22b800000040000000
22bc00000040000000
22c000000040000000
22c400000040000000
22c800000040000000
22cc00000040000000
22d000000040000000
22d400000040000000
22d800000040000000
22dc00000040000000
22e000000040000000
22e400000040000000
22e800000040000000
22ec00000040000000
22f000000040000000
22f400000040000000
22f800000040000000
22fc00000040000000
230000000040000000
230400000040000000
230800000040000000
230c00000040000000
231000000040000000
231400000040000000
231800000040000000
231c00000040000000
232000000040000000
232400000040000000
232800000040000000
232c00000040000000
233000000040000000
233400000040000000
233800000040000000
233c00000040000000
234000000040000000
234400000040000000
234800000040000000
234c00000040000000
235000000040000000
235400000040000000
235800000040000000
235c00000040000000
236000000040000000
236400000040000000
236800000040000000
236c00000040000000
237000000040000000
237400000040000000
237800000040000000
237c00000040000000
238000000040000000
238400000040000000
238800000040000000
238c00000040000000
239000000040000000
239400000040000000
239800000040000000
239c00000040000000
23a000000040000000
23a400000040000000
23a800000040000000
23ac00000040000000
23b000000040000000
23b400000040000000
23b800000040000000
23bc00000040000000
23c000000040000000
23c400000040000000
23c800000040000000
23cc00000040000000
23d000000040000000
23d400000040000000
23d800000040000000
23dc00000040000000
23e000000040000000
23e400000040000000
23e800000040000000
23ec00000040000000
23f000000040000000
23f400000040000000
23f800000040000000
23fc00000800000001
240000000040000000
240400000040000000
240800000040000000
240c00000040000000
241000000040000000
241400000040000000
241800000040000000
241c00000040000000
242000000040000000
242400000040000000
242800000040000000
242c00000040000000
243000000040000000
243400000040000000
243800000040000000
243c00000040000000
244000000040000000
244400000040000000
244800000040000000
244c00000040000000
245000000040000000
245400000040000000
245800000040000000
245c00000040000000
246000000040000000
246400000040000000
246800000040000000
246c00000040000000
247000000040000000
247400000040000000
247800000040000000
247c00000040000000
248000000040000000
248400000040000000
248800000040000000
248c00000040000000
249000000040000000
249400000040000000
249800000040000000
249c00000040000000
24a000000040000000
24a400000040000000
24a800000040000000
24ac00000040000000
24b000000040000000
24b400000040000000
24b800000040000000
24bc00000040000000
24c000000040000000
24c400000040000000
24c800000040000000
24cc00000040000000
24d000000040000000
24d400000040000000
24d800000040000000
24dc00000040000000
24e000000040000000
24e400000040000000
24e800000040000000
24ec00000040000000
24f000000040000000
24f400000040000000
24f800000040000000
24fc00000040000000
250000000040000000
250400000040000000
250800000040000000
250c00000040000000
251000000040000000
251400000040000000
251800000040000000
251c00000040000000
252000000040000000
252400000040000000
252800000040000000
252c00000040000000
253000000040000000
253400000040000000
253800000040000000
253c00000040000000
254000000040000000
254400000040000000
254800000040000000
254c00000040000000
255000000040000000
255400000040000000
255800000040000000
255c00000040000000
256000000040000000
256400000040000000
256800000040000000
256c00000040000000
257000000040000000
257400000040000000
257800000040000000
257c00000040000000
258000000040000000
258400000040000000
258800000040000000
258c00000040000000
259000000040000000
259400000040000000
259800000040000000
259c00000040000000
25a000000040000000
25a400000040000000
25a800000040000000
25ac00000040000000
25b000000040000000
25b400000040000000
25b800000040000000
25bc00000040000000
25c000000040000000
25c400000040000000
25c800000040000000
25cc00000040000000
25d000000040000000
25d400000040000000
25d800000040000000
25dc00000040000000
25e000000040000000
25e400000040000000
25e800000040000000
25ec00000040000000
25f000000040000000
25f400000040000000
25f800000040000000
25fc00000040000000
260000000040000000
260400000040000000
260800000040000000
260c00000040000000
261000000040000000
261400000040000000
261800000040000000
261c00000040000000
262000000040000000
262400000040000000
262800000040000000
262c00000040000000
263000000040000000
263400000040000000
263800000040000000
263c00000040000000
264000000040000000
264400000040000000
264800000040000000
264c00000040000000
265000000040000000
265400000040000000
265800000040000000
265c00000040000000
266000000040000000
266400000040000000
266800000040000000
266c00000040000000
267000000040000000
267400000040000000
267800000040000000
267c00000040000000
268000000040000000
268400000040000000
268800000040000000
268c00000040000000
269000000040000000
269400000040000000
269800000040000000
269c00000040000000
26a000000040000000
26a400000040000000
26a800000040000000
26ac00000040000000
26b000000040000000
26b400000040000000
26b800000040000000
26bc00000040000000
26c000000040000000
26c400000040000000
26c800000040000000
26cc00000040000000
26d000000040000000
26d400000040000000
26d800000040000000
26dc00000040000000
26e000000040000000
26e400000040000000
26e800000040000000
26ec00000040000000
26f000000040000000
26f400000040000000
26f800000040000000
26fc00000040000000
270000000040000000
270400000040000000
270800000040000000
270c00000040000000
271000000040000000
271400000040000000
271800000040000000
271c00000040000000
272000000040000000
272400000040000000
272800000040000000
272c00000040000000
273000000040000000
273400000040000000
273800000040000000
273c00000040000000
274000000040000000
274400000040000000
274800000040000000
274c00000040000000
275000000040000000
275400000040000000
275800000040000000
275c00000040000000
276000000040000000
276400000040000000
276800000040000000
276c00000040000000
277000000040000000
277400000040000000
277800000040000000
277c00000040000000
278000000040000000
278400000040000000
278800000040000000
278c00000040000000
279000000040000000
279400000040000000
279800000040000000
279c00000040000000
27a000000040000000
27a400000040000000
27a800000040000000
27ac00000040000000
27b000000040000000
27b400000040000000
27b800000040000000
27bc00000040000000
27c000000040000000
27c400000040000000
27c800000040000000
27cc00000040000000
27d000000040000000
27d400000040000000
27d800000040000000
27dc00000040000000
27e000000040000000
27e400000040000000
27e800000040000000
27ec00000040000000
27f000000040000000
27f400000040000000
27f800000040000000
27fc00000040000000
280000000040000000
280400000040000000
280800000040000000
280c00000040000000
281000000040000000
281400000040000000
281800000040000000
281c00000040000000
282000000040000000
282400000040000000
282800000040000000
282c00000040000000
283000000040000000
283400000040000000
283800000040000000
283c00000040000000
284000000040000000
284400000040000000
284800000040000000
284c00000040000000
285000000040000000
285400000040000000
285800000040000000
285c00000040000000
286000000040000000
286400000040000000
286800000040000000
286c00000040000000
287000000040000000
287400000040000000
287800000040000000
287c00000040000000
288000000040000000
288400000040000000
288800000040000000
288c00000040000000
289000000040000000
289400000040000000
289800000040000000
289c00000040000000
28a000000040000000
28a400000040000000
28a800000040000000
28ac00000040000000
28b000000040000000
28b400000040000000
28b800000040000000
28bc00000040000000
28c000000040000000
28c400000040000000
28c800000040000000
28cc00000040000000
28d000000040000000
28d400000040000000
28d800000040000000
28dc00000040000000
28e000000040000000
28e400000040000000
28e800000040000000
28ec00000040000000
28f000000040000000
28f400000040000000
28f800000040000000
28fc00000040000000
290000000040000000
290400000040000000
290800000040000000
290c00000040000000
291000000040000000
291400000040000000
291800000040000000
291c00000040000000
292000000040000000
292400000040000000
292800000040000000
292c00000040000000
293000000040000000
293400000040000000
293800000040000000
293c00000040000000
294000000040000000
294400000040000000
294800000040000000
294c00000040000000
295000000040000000
295400000040000000
295800000040000000
295c00000040000000
296000000040000000
296400000040000000
296800000040000000
296c00000040000000
297000000040000000
297400000040000000
297800000040000000
297c00000040000000
298000000040000000
298400000040000000
298800000040000000
298c00000040000000
299000000040000000
299400000040000000
299800000040000000
299c00000040000000
29a000000040000000
29a400000040000000
29a800000040000000
29ac00000040000000
29b000000040000000
29b400000040000000
29b800000040000000
29bc00000040000000
29c000000040000000
29c400000040000000
29c800000040000000
29cc00000040000000
29d000000040000000
29d400000040000000
29d800000040000000
29dc00000040000000
29e000000040000000
29e400000040000000
29e800000040000000
29ec00000040000000
29f000000040000000
29f400000040000000
29f800000040000000
29fc00000040000000
2a0000000040000000
2a0400000040000000
2a0800000040000000
2a0c00000040000000
2a1000000040000000
2a1400000040000000
2a1800000040000000
2a1c00000040000000
2a2000000040000000
2a2400000040000000
2a2800000040000000
2a2c00000040000000
2a3000000040000000
2a3400000040000000
2a3800000040000000
2a3c00000040000000
2a4000000040000000
2a4400000040000000
2a4800000040000000
2a4c00000040000000
2a5000000040000000
2a5400000040000000
2a5800000040000000
2a5c00000040000000
2a6000000040000000
2a6400000040000000
2a6800000040000000
2a6c00000040000000
2a7000000040000000
2a7400000040000000
2a7800000040000000
2a7c00000040000000
2a8000000040000000
2a8400000040000000
2a8800000040000000
2a8c00000040000000
2a9000000040000000
2a9400000040000000
2a9800000040000000
2a9c00000040000000
2aa000000040000000
2aa400000040000000
2aa800000040000000
2aac00000040000000
2ab000000040000000
2ab400000040000000
2ab800000040000000
2abc00000040000000
2ac000000040000000
2ac400000040000000
2ac800000040000000
2acc00000040000000
2ad000000040000000
2ad400000040000000
2ad800000040000000
2adc00000040000000
2ae000000040000000
2ae400000040000000
2ae800000040000000
2aec00000040000000
2af000000040000000
2af400000040000000
2af800000040000000
2afc00000040000000
2b0000000040000000
2b0400000040000000
2b0800000040000000
2b0c00000040000000
2b1000000040000000
2b1400000040000000
2b1800000040000000
2b1c00000040000000
2b2000000040000000
2b2400000040000000
2b2800000040000000
2b2c00000040000000
2b3000000040000000
2b3400000040000000
2b3800000040000000
2b3c00000040000000
2b4000000040000000
2b4400000040000000
2b4800000040000000
2b4c00000040000000
2b5000000040000000
2b5400000040000000
2b5800000040000000
2b5c00000040000000
2b6000000040000000
2b6400000040000000
2b6800000040000000
2b6c00000040000000
2b7000000040000000
2b7400000040000000
2b7800000040000000
2b7c00000040000000
2b8000000040000000
2b8400000040000000
2b8800000040000000
2b8c00000040000000
2b9000000040000000
2b9400000040000000
2b9800000040000000
2b9c00000040000000
2ba000000040000000
2ba400000040000000
2ba800000040000000
2bac00000040000000
2bb000000040000000
2bb400000040000000
2bb800000040000000
2bbc00000040000000
2bc000000040000000
2bc400000040000000
2bc800000040000000
2bcc00000040000000
2bd000000040000000
2bd400000040000000
2bd800000040000000
2bdc00000040000000
2be000000040000000
2be400000040000000
2be800000040000000
2bec00000040000000
2bf000000040000000
2bf400000040000000
2bf800000040000000
2bfc00000040000000
2c0000000040000000
2c0400000040000000
2c0800000040000000
2c0c00000040000000
2c1000000040000000
2c1400000040000000
2c1800000040000000
2c1c00000040000000
2c2000000040000000
2c2400000040000000
2c2800000040000000
2c2c00000040000000
2c3000000040000000
2c3400000040000000
2c3800000040000000
2c3c00000040000000
2c4000000040000000
2c4400000040000000
2c4800000040000000
2c4c00000040000000
2c5000000040000000
2c5400000040000000
2c5800000040000000
2c5c00000040000000
2c6000000040000000
2c6400000040000000
2c6800000040000000
2c6c00000040000000
2c7000000040000000
2c7400000040000000
2c7800000040000000
2c7c00000040000000
2c8000000040000000
2c8400000040000000
2c8800000040000000
2c8c00000040000000
2c9000000040000000
2c9400000040000000
2c9800000040000000
2c9c00000040000000
2ca000000040000000
2ca400000040000000
2ca800000040000000
2cac00000040000000
2cb000000040000000
2cb400000040000000
2cb800000040000000
2cbc00000040000000
2cc000000040000000
2cc400000040000000
2cc800000040000000
2ccc00000040000000
2cd000000040000000
2cd400000040000000
2cd800000040000000
2cdc00000040000000
2ce000000040000000
2ce400000040000000
2ce800000040000000
2cec00000040000000
2cf000000040000000
2cf400000040000000
2cf800000040000000
2cfc00000040000000
2d0000000040000000
2d0400000040000000
2d0800000040000000
2d0c00000040000000
2d1000000040000000
2d1400000040000000
2d1800000040000000
2d1c00000040000000
2d2000000040000000
2d2400000040000000
2d2800000040000000
2d2c00000040000000
2d3000000040000000
2d3400000040000000
2d3800000040000000
2d3c00000040000000
2d4000000040000000
2d4400000040000000
2d4800000040000000
2d4c00000040000000
2d5000000040000000
2d5400000040000000
2d5800000040000000
2d5c00000040000000
2d6000000040000000
2d6400000040000000
2d6800000040000000
2d6c00000040000000
2d7000000040000000
2d7400000040000000
2d7800000040000000
2d7c00000040000000
2d8000000040000000
2d8400000040000000
2d8800000040000000
2d8c00000040000000
2d9000000040000000
2d9400000040000000
2d9800000040000000
2d9c00000040000000
2da000000040000000
2da400000040000000
2da800000040000000
2dac00000040000000
2db000000040000000
2db400000040000000
2db800000040000000
2dbc00000040000000
2dc000000040000000
2dc400000040000000
2dc800000040000000
2dcc00000040000000
2dd000000040000000
2dd400000040000000
2dd800000040000000
2ddc00000040000000
2de000000040000000
2de400000040000000
2de800000040000000
2dec00000040000000
2df000000040000000
2df400000040000000
2df800000040000000
2dfc00000040000000
2e0000000040000000
2e0400000040000000
2e0800000040000000
2e0c00000040000000
2e1000000040000000
2e1400000040000000
2e1800000040000000
2e1c00000040000000
2e2000000040000000
2e2400000040000000
2e2800000040000000
2e2c00000040000000
2e3000000040000000
2e3400000040000000
2e3800000040000000
2e3c00000040000000
2e4000000040000000
2e4400000040000000
2e4800000040000000
2e4c00000040000000
2e5000000040000000
2e5400000040000000
2e5800000040000000
2e5c00000040000000
2e6000000040000000
2e6400000040000000
2e6800000040000000
2e6c00000040000000
2e7000000040000000
2e7400000040000000
2e7800000040000000
2e7c00000040000000
2e8000000040000000
2e8400000040000000
2e8800000040000000
2e8c00000040000000
2e9000000040000000
2e9400000040000000
2e9800000040000000
2e9c00000040000000
2ea000000040000000
2ea400000040000000
2ea800000040000000
2eac00000040000000
2eb000000040000000
2eb400000040000000
2eb800000040000000
2ebc00000040000000
2ec000000040000000
2ec400000040000000
2ec800000040000000
2ecc00000040000000
2ed000000040000000
2ed400000040000000
2ed800000040000000
2edc00000040000000
2ee000000040000000
2ee400000040000000
2ee800000040000000
2eec00000040000000
2ef000000040000000
2ef400000040000000
2ef800000040000000
2efc00000040000000
2f0000000040000000
2f0400000040000000
2f0800000040000000
2f0c00000040000000
2f1000000040000000
2f1400000040000000
2f1800000040000000
2f1c00000040000000
2f2000000040000000
2f2400000040000000
2f2800000040000000
2f2c00000040000000
2f3000000040000000
2f3400000040000000
2f3800000040000000
2f3c00000040000000
2f4000000040000000
2f4400000040000000
2f4800000040000000
2f4c00000040000000
2f5000000040000000
2f5400000040000000
2f5800000040000000
2f5c00000040000000
2f6000000040000000
2f6400000040000000
2f6800000040000000
2f6c00000040000000
2f7000000040000000
2f7400000040000000
2f7800000040000000
2f7c00000040000000
2f8000000040000000
2f8400000040000000
2f8800000040000000
2f8c00000040000000
2f9000000040000000
2f9400000040000000
2f9800000040000000
2f9c00000040000000
2fa000000040000000
2fa400000040000000
2fa800000040000000
2fac00000040000000
2fb000000040000000
2fb400000040000000
2fb800000040000000
2fbc00000040000000
2fc000000040000000
2fc400000040000000
2fc800000040000000
2fcc00000040000000
2fd000000040000000
2fd400000040000000
2fd800000040000000
2fdc00000040000000
2fe000000040000000
2fe400000040000000
2fe800000040000000
2fec00000040000000
2ff000000040000000
2ff400000040000000
2ff800000040000000
2ffc00000040000000
300000000040000000
300400000040000000
300800000040000000
300c00000040000000
301000000040000000
301400000040000000
301800000040000000
301c00000040000000
302000000040000000
302400000040000000
302800000040000000
302c00000040000000
303000000040000000
303400000040000000
303800000040000000
303c00000040000000
304000000040000000
304400000040000000
304800000040000000
304c00000040000000
305000000040000000
305400000040000000
305800000040000000
305c00000040000000
306000000040000000
306400000040000000
306800000040000000
306c00000040000000
307000000040000000
307400000040000000
307800000040000000
307c00000040000000
308000000040000000
308400000040000000
308800000040000000
308c00000040000000
309000000040000000
309400000040000000
309800000040000000
309c00000040000000
30a000000040000000
30a400000040000000
30a800000040000000
30ac00000040000000
30b000000040000000
30b400000040000000
30b800000040000000
30bc00000040000000
30c000000040000000
30c400000040000000
30c800000040000000
30cc00000040000000
30d000000040000000
30d400000040000000
30d800000040000000
30dc00000040000000
30e000000040000000
30e400000040000000
30e800000040000000
30ec00000040000000
30f000000040000000
30f400000040000000
30f800000040000000
30fc00000040000000
310000000040000000
310400000040000000
310800000040000000
310c00000040000000
311000000040000000
311400000040000000
311800000040000000
311c00000040000000
312000000040000000
312400000040000000
312800000040000000
312c00000040000000
313000000040000000
313400000040000000
313800000040000000
313c00000040000000
314000000040000000
314400000040000000
314800000040000000
314c00000040000000
315000000040000000
315400000040000000
315800000040000000
315c00000040000000
316000000040000000
316400000040000000
316800000040000000
316c00000040000000
317000000040000000
317400000040000000
317800000040000000
317c00000040000000
318000000040000000
318400000040000000
318800000040000000
318c00000040000000
319000000040000000
319400000040000000
319800000040000000
319c00000040000000
31a000000040000000
31a400000040000000
31a800000040000000
31ac00000040000000
31b000000040000000
31b400000040000000
31b800000040000000
31bc00000040000000
31c000000040000000
31c400000040000000
31c800000040000000
31cc00000040000000
31d000000040000000
31d400000040000000
31d800000040000000
31dc00000040000000
31e000000040000000
31e400000040000000
31e800000040000000
31ec00000040000000
31f000000040000000
31f400000040000000
31f800000040000000
31fc00000040000000
320000000040000000
320400000040000000
320800000040000000
320c00000040000000
321000000040000000
321400000040000000
321800000040000000
321c00000040000000
322000000040000000
322400000040000000
322800000040000000
322c00000040000000
323000000040000000
323400000040000000
323800000040000000
323c00000040000000
324000000040000000
324400000040000000
324800000040000000
324c00000040000000
325000000040000000
325400000040000000
325800000040000000
325c00000040000000
326000000040000000
326400000040000000
326800000040000000
326c00000040000000
327000000040000000
327400000040000000
327800000040000000
327c00000040000000
328000000040000000
328400000040000000
328800000040000000
328c00000040000000
329000000040000000
329400000040000000
329800000040000000
329c00000040000000
32a000000040000000
32a400000040000000
32a800000040000000
32ac00000040000000
32b000000040000000
32b400000040000000
32b800000040000000
32bc00000040000000
32c000000040000000
32c400000040000000
32c800000040000000
32cc00000040000000
32d000000040000000
32d400000040000000
32d800000040000000
32dc00000040000000
32e000000040000000
32e400000040000000
32e800000040000000
32ec00000040000000
32f000000040000000
32f400000040000000
32f800000040000000
32fc00000040000000
330000000040000000
330400000040000000
330800000040000000
330c00000040000000
331000000040000000
331400000040000000
331800000040000000
331c00000040000000
332000000040000000
332400000040000000
332800000040000000
332c00000040000000
333000000040000000
333400000040000000
333800000040000000
333c00000040000000
334000000040000000
334400000040000000
334800000040000000
334c00000040000000
335000000040000000
335400000040000000
335800000040000000
335c00000040000000
336000000040000000
336400000040000000
336800000040000000
336c00000040000000
337000000040000000
337400000040000000
337800000040000000
337c00000040000000
338000000040000000
338400000040000000
338800000040000000
338c00000040000000
339000000040000000
339400000040000000
339800000040000000
339c00000040000000
33a000000040000000
33a400000040000000
33a800000040000000
33ac00000040000000
33b000000040000000
33b400000040000000
33b800000040000000
33bc00000040000000
33c000000040000000
33c400000040000000
33c800000040000000
33cc00000040000000
33d000000040000000
33d400000040000000
33d800000040000000
33dc00000040000000
33e000000040000000
33e400000040000000
33e800000040000000
33ec00000040000000
33f000000040000000
33f400000040000000
33f800000040000000
33fc00000040000000
340000000040000000
340400000040000000
340800000040000000
340c00000040000000
341000000040000000
341400000040000000
341800000040000000
341c00000040000000
342000000040000000
342400000040000000
342800000040000000
342c00000040000000
343000000040000000
343400000040000000
343800000040000000
343c00000040000000
344000000040000000
344400000040000000
344800000040000000
344c00000040000000
345000000040000000
345400000040000000
345800000040000000
345c00000040000000
346000000040000000
346400000040000000
346800000040000000
346c00000040000000
347000000040000000
347400000040000000
347800000040000000
347c00000040000000
348000000040000000
348400000040000000
348800000040000000
348c00000040000000
349000000040000000
349400000040000000
349800000040000000
349c00000040000000
34a000000040000000
34a400000040000000
34a800000040000000
34ac00000040000000
34b000000040000000
34b400000040000000
34b800000040000000
34bc00000040000000
34c000000040000000
34c400000040000000
34c800000040000000
34cc00000040000000
34d000000040000000
34d400000040000000
34d800000040000000
34dc00000040000000
34e000000040000000
34e400000040000000
34e800000040000000
34ec00000040000000
34f000000040000000
34f400000040000000
34f800000040000000
34fc00000040000000
350000000040000000
350400000040000000
350800000040000000
350c00000040000000
351000000040000000
351400000040000000
351800000040000000
351c00000040000000
352000000040000000
352400000040000000
352800000040000000
352c00000040000000
353000000040000000
353400000040000000
353800000040000000
353c00000040000000
354000000040000000
354400000040000000
354800000040000000
354c00000040000000
355000000040000000
355400000040000000
355800000040000000
355c00000040000000
356000000040000000
356400000040000000
356800000040000000
356c00000040000000
357000000040000000
357400000040000000
357800000040000000
357c00000040000000
358000000040000000
358400000040000000
358800000040000000
358c00000040000000
359000000040000000
359400000040000000
359800000040000000
359c00000040000000
35a000000040000000
35a400000040000000
35a800000040000000
35ac00000040000000
35b000000040000000
35b400000040000000
35b800000040000000
35bc00000040000000
35c000000040000000
35c400000040000000
35c800000040000000
35cc00000040000000
35d000000040000000
35d400000040000000
35d800000040000000
35dc00000040000000
35e000000040000000
35e400000040000000
35e800000040000000
35ec00000040000000
35f000000040000000
35f400000040000000
35f800000040000000
35fc00000040000000
360000000040000000
360400000040000000
360800000040000000
360c00000040000000
361000000040000000
361400000040000000
361800000040000000
361c00000040000000
362000000040000000
362400000040000000
362800000040000000
362c00000040000000
363000000040000000
363400000040000000
363800000040000000
363c00000040000000
364000000040000000
364400000040000000
364800000040000000
364c00000040000000
365000000040000000
365400000040000000
365800000040000000
365c00000040000000
366000000040000000
366400000040000000
366800000040000000
366c00000040000000
367000000040000000
367400000040000000
367800000040000000
367c00000040000000
368000000040000000
368400000040000000
368800000040000000
368c00000040000000
369000000040000000
369400000040000000
369800000040000000
369c00000040000000
36a000000040000000
36a400000040000000
36a800000040000000
36ac00000040000000
36b000000040000000
36b400000040000000
36b800000040000000
36bc00000040000000
36c000000040000000
36c400000040000000
36c800000040000000
36cc00000040000000
36d000000040000000
36d400000040000000
36d800000040000000
36dc00000040000000
36e000000040000000
36e400000040000000
36e800000040000000
36ec00000040000000
36f000000040000000
36f400000040000000
36f800000040000000
36fc00000040000000
370000000040000000
370400000040000000
370800000040000000
370c00000040000000
371000000040000000
371400000040000000
371800000040000000
371c00000040000000
372000000040000000
372400000040000000
372800000040000000
372c00000040000000
373000000040000000
373400000040000000
373800000040000000
373c00000040000000
374000000040000000
374400000040000000
374800000040000000
374c00000040000000
375000000040000000
375400000040000000
375800000040000000
375c00000040000000
376000000040000000
376400000040000000
376800000040000000
376c00000040000000
377000000040000000
377400000040000000
377800000040000000
377c00000040000000
378000000040000000
378400000040000000
378800000040000000
378c00000040000000
379000000040000000
379400000040000000
379800000040000000
379c00000040000000
37a000000040000000
37a400000040000000
37a800000040000000
37ac00000040000000
37b000000040000000
37b400000040000000
37b800000040000000
37bc00000040000000
37c000000040000000
37c400000040000000
37c800000040000000
37cc00000040000000
37d000000040000000
37d400000040000000
37d800000040000000
37dc00000040000000
37e000000040000000
37e400000040000000
37e800000040000000
37ec00000040000000
37f000000040000000
37f400000040000000
37f800000040000000
37fc00000040000000
380000000040000000
380400000040000000
380800000040000000
380c00000040000000
381000000040000000
381400000040000000
381800000040000000
381c00000040000000
382000000040000000
382400000040000000
382800000040000000
382c00000040000000
383000000040000000
383400000040000000
383800000040000000
383c00000040000000
384000000040000000
384400000040000000
384800000040000000
384c00000040000000
385000000040000000
385400000040000000
385800000040000000
385c00000040000000
386000000040000000
386400000040000000
386800000040000000
386c00000040000000
387000000040000000
387400000040000000
387800000040000000
387c00000040000000
388000000040000000
388400000040000000
388800000040000000
388c00000040000000
389000000040000000
389400000040000000
389800000040000000
389c00000040000000
38a000000040000000
38a400000040000000
38a800000040000000
38ac00000040000000
38b000000040000000
38b400000040000000
38b800000040000000
38bc00000040000000
38c000000040000000
38c400000040000000
38c800000040000000
38cc00000040000000
38d000000040000000
38d400000040000000
38d800000040000000
38dc00000040000000
38e000000040000000
38e400000040000000
38e800000040000000
38ec00000040000000
38f000000040000000
38f400000040000000
38f800000040000000
38fc00000040000000
390000000040000000
390400000040000000
390800000040000000
390c00000040000000
391000000040000000
391400000040000000
391800000040000000
391c00000040000000
392000000040000000
392400000040000000
392800000040000000
392c00000040000000
393000000040000000
393400000040000000
393800000040000000
393c00000040000000
394000000040000000
394400000040000000
394800000040000000
394c00000040000000
395000000040000000
395400000040000000
395800000040000000
395c00000040000000
396000000040000000
396400000040000000
396800000040000000
396c00000040000000
397000000040000000
397400000040000000
397800000040000000
397c00000040000000
398000000040000000
398400000040000000
398800000040000000
398c00000040000000
399000000040000000
399400000040000000
399800000040000000
399c00000040000000
39a000000040000000
39a400000040000000
39a800000040000000
39ac00000040000000
39b000000040000000
39b400000040000000
39b800000040000000
39bc00000040000000
39c000000040000000
39c400000040000000
39c800000040000000
39cc00000040000000
39d000000040000000
39d400000040000000
39d800000040000000
39dc00000040000000
39e000000040000000
39e400000040000000
39e800000040000000
39ec00000040000000
39f000000040000000
39f400000040000000
39f800000040000000
39fc00000040000000
3a0000000040000000
3a0400000040000000
3a0800000040000000
3a0c00000040000000
3a1000000040000000
3a1400000040000000
3a1800000040000000
3a1c00000040000000
3a2000000040000000
3a2400000040000000
3a2800000040000000
3a2c00000040000000
3a3000000040000000
3a3400000040000000
3a3800000040000000
3a3c00000040000000
3a4000000040000000
3a4400000040000000
3a4800000040000000
3a4c00000040000000
3a5000000040000000
3a5400000040000000
3a5800000040000000
3a5c00000040000000
3a6000000040000000
3a6400000040000000
3a6800000040000000
3a6c00000040000000
3a7000000040000000
3a7400000040000000
3a7800000040000000
3a7c00000040000000
3a8000000040000000
3a8400000040000000
3a8800000040000000
3a8c00000040000000
3a9000000040000000
3a9400000040000000
3a9800000040000000
3a9c00000040000000
3aa000000040000000
3aa400000040000000
3aa800000040000000
3aac00000040000000
3ab000000040000000
3ab400000040000000
3ab800000040000000
3abc00000040000000
3ac000000040000000
3ac400000040000000
3ac800000040000000
3acc00000040000000
3ad000000040000000
3ad400000040000000
3ad800000040000000
3adc00000040000000
3ae000000040000000
3ae400000040000000
3ae800000040000000
3aec00000040000000
3af000000040000000
3af400000040000000
3af800000040000000
3afc00000040000000
3b0000000040000000
3b0400000040000000
3b0800000040000000
3b0c00000040000000
3b1000000040000000
3b1400000040000000
3b1800000040000000
3b1c00000040000000
3b2000000040000000
3b2400000040000000
3b2800000040000000
3b2c00000040000000
3b3000000040000000
3b3400000040000000
3b3800000040000000
3b3c00000040000000
3b4000000040000000
3b4400000040000000
3b4800000040000000
3b4c00000040000000
3b5000000040000000
3b5400000040000000
3b5800000040000000
3b5c00000040000000
3b6000000040000000
3b6400000040000000
3b6800000040000000
3b6c00000040000000
3b7000000040000000
3b7400000040000000
3b7800000040000000
3b7c00000040000000
3b8000000040000000
3b8400000040000000
3b8800000040000000
3b8c00000040000000
3b9000000040000000
3b9400000040000000
3b9800000040000000
3b9c00000040000000
3ba000000040000000
3ba400000040000000
3ba800000040000000
3bac00000040000000
3bb000000040000000
3bb400000040000000
3bb800000040000000
3bbc00000040000000
3bc000000040000000
3bc400000040000000
3bc800000040000000
3bcc00000040000000
3bd000000040000000
3bd400000040000000
3bd800000040000000
3bdc00000040000000
3be000000040000000
3be400000040000000
3be800000040000000
3bec00000040000000
3bf000000040000000
3bf400000040000000
3bf800000040000000
3bfc00000040000000
3c0000000040000000
3c0400000040000000
3c0800000040000000
3c0c00000040000000
3c1000000040000000
3c1400000040000000
3c1800000040000000
3c1c00000040000000
3c2000000040000000
3c2400000040000000
3c2800000040000000
3c2c00000040000000
3c3000000040000000
3c3400000040000000
3c3800000040000000
3c3c00000040000000
3c4000000040000000
3c4400000040000000
3c4800000040000000
3c4c00000040000000
3c5000000040000000
3c5400000040000000
3c5800000040000000
3c5c00000040000000
3c6000000040000000
3c6400000040000000
3c6800000040000000
3c6c00000040000000
3c7000000040000000
3c7400000040000000
3c7800000040000000
3c7c00000040000000
3c8000000040000000
3c8400000040000000
3c8800000040000000
3c8c00000040000000
3c9000000040000000
3c9400000040000000
3c9800000040000000
3c9c00000040000000
3ca000000040000000
3ca400000040000000
3ca800000040000000
3cac00000040000000
3cb000000040000000
3cb400000040000000
3cb800000040000000
3cbc00000040000000
3cc000000040000000
3cc400000040000000
3cc800000040000000
3ccc00000040000000
3cd000000040000000
3cd400000040000000
3cd800000040000000
3cdc00000040000000
3ce000000040000000
3ce400000040000000
3ce800000040000000
3cec00000040000000
3cf000000040000000
3cf400000040000000
3cf800000040000000
3cfc00000040000000
3d0000000040000000
3d0400000040000000
3d0800000040000000
3d0c00000040000000
3d1000000040000000
3d1400000040000000
3d1800000040000000
3d1c00000040000000
3d2000000040000000
3d2400000040000000
3d2800000040000000
3d2c00000040000000
3d3000000040000000
3d3400000040000000
3d3800000040000000
3d3c00000040000000
3d4000000040000000
3d4400000040000000
3d4800000040000000
3d4c00000040000000
3d5000000040000000
3d5400000040000000
3d5800000040000000
3d5c00000040000000
3d6000000040000000
3d6400000040000000
3d6800000040000000
3d6c00000040000000
3d7000000040000000
3d7400000040000000
3d7800000040000000
3d7c00000040000000
3d8000000040000000
3d8400000040000000
3d8800000040000000
3d8c00000040000000
3d9000000040000000
3d9400000040000000
3d9800000040000000
3d9c00000040000000
3da000000040000000
3da400000040000000
3da800000040000000
3dac00000040000000
3db000000040000000
3db400000040000000
3db800000040000000
3dbc00000040000000
3dc000000040000000
3dc400000040000000
3dc800000040000000
3dcc00000040000000
3dd000000040000000
3dd400000040000000
3dd800000040000000
3ddc00000040000000
3de000000040000000
3de400000040000000
3de800000040000000
3dec00000040000000
3df000000040000000
3df400000040000000
3df800000040000000
3dfc00000040000000
3e0000000040000000
3e0400000040000000
3e0800000040000000
3e0c00000040000000
3e1000000040000000
3e1400000040000000
3e1800000040000000
3e1c00000040000000
3e2000000040000000
3e2400000040000000
3e2800000040000000
3e2c00000040000000
3e3000000040000000
3e3400000040000000
3e3800000040000000
3e3c00000040000000
3e4000000040000000
3e4400000040000000
3e4800000040000000
3e4c00000040000000
3e5000000040000000
3e5400000040000000
3e5800000040000000
3e5c00000040000000
3e6000000040000000
3e6400000040000000
3e6800000040000000
3e6c00000040000000
3e7000000040000000
3e7400000040000000
3e7800000040000000
3e7c00000040000000
3e8000000040000000
3e8400000040000000
3e8800000040000000
3e8c00000040000000
3e9000000040000000
3e9400000040000000
3e9800000040000000
3e9c00000040000000
3ea000000040000000
3ea400000040000000
3ea800000040000000
3eac00000040000000
3eb000000040000000
3eb400000040000000
3eb800000040000000
3ebc00000040000000
3ec000000040000000
3ec400000040000000
3ec800000040000000
3ecc00000040000000
3ed000000040000000
3ed400000040000000
3ed800000040000000
3edc00000040000000
3ee000000040000000
3ee400000040000000
3ee800000040000000
3eec00000040000000
3ef000000040000000
3ef400000040000000
3ef800000040000000
3efc00000040000000
3f0000000040000000
3f0400000040000000
3f0800000040000000
3f0c00000040000000
3f1000000040000000
3f1400000040000000
3f1800000040000000
3f1c00000040000000
3f2000000040000000
3f2400000040000000
3f2800000040000000
3f2c00000040000000
3f3000000040000000
3f3400000040000000
3f3800000040000000
3f3c00000040000000
3f4000000040000000
3f4400000040000000
3f4800000040000000
3f4c00000040000000
3f5000000040000000
3f5400000040000000
3f5800000040000000
3f5c00000040000000
3f6000000040000000
3f6400000040000000
3f6800000040000000
3f6c00000040000000
3f7000000040000000
3f7400000040000000
3f7800000040000000
3f7c00000040000000
3f8000000040000000
3f8400000040000000
3f8800000040000000
3f8c00000040000000
3f9000000040000000
3f9400000040000000
3f9800000040000000
3f9c00000040000000
3fa000000040000000
3fa400000040000000
3fa800000040000000
3fac00000040000000
3fb000000040000000
3fb400000040000000
3fb800000040000000
3fbc00000040000000
3fc000000040000000
3fc400000040000000
3fc800000040000000
3fcc00000040000000
3fd000000040000000
3fd400000040000000
3fd800000040000000
3fdc00000040000000
3fe000000040000000
3fe400000040000000
3fe800000040000000
3fec00000040000000
3ff000000040000000
3ff400000040000000
3ff800000040000000
7ffc00000040000000
000000000000000000
0007ffffffffffffff
000bfffffffffffffe
000fffffffffffffff
0013ffffffffffffff
0017ffffffffffffff
001bffffffffffffff
001ffffffffffffffe
0023ffffffffffffff
0027ffffffffffffff
002bffffffffffffff
002fffffffffffffff
0033fffffffffffffe
0037ffffffffffffff
003bffffffffffffff
003fffffffffffffff
0043ffffffffffffff
0047fffffffffffffe
004bffffffffffffff
004fffffffffffffff
0053ffffffffffffff
0057ffffffffffffff
005bfffffffffffffe
005fffffffffffffff
0063ffffffffffffff
0067ffffffffffffff
006bffffffffffffff
006ffffffffffffffe
0073ffffffffffffff
0077ffffffffffffff
007bffffffffffffff
007fffffffffffffff
0083fffffffffffffe
0087ffffffffffffff
008bffffffffffffff
008fffffffffffffff
0093ffffffffffffff
0097fffffffffffffe
009bffffffffffffff
009fffffffffffffff
00a3ffffffffffffff
00a7ffffffffffffff
00abfffffffffffffe
00afffffffffffffff
00b3ffffffffffffff
00b7ffffffffffffff
00bbffffffffffffff
00bffffffffffffffe
00c3ffffffffffffff
00c7ffffffffffffff
00cbffffffffffffff
00cfffffffffffffff
00d3fffffffffffffe
00d7ffffffffffffff
00dbffffffffffffff
00dfffffffffffffff
00e3ffffffffffffff
00e7fffffffffffffe
00ebffffffffffffff
00efffffffffffffff
00f3ffffffffffffff
00f7ffffffffffffff
00fbfffffffffffffe
00ffffffffffffffff
0103ffffffffffffff
0107ffffffffffffff
010bffffffffffffff
010ffffffffffffffe
0113ffffffffffffff
0117ffffffffffffff
011bffffffffffffff
011fffffffffffffff
0123fffffffffffffe
0127ffffffffffffff
012bffffffffffffff
012fffffffffffffff
0133ffffffffffffff
0137fffffffffffffe
013bffffffffffffff
013fffffffffffffff
0143ffffffffffffff
0147ffffffffffffff
014bfffffffffffffe
014fffffffffffffff
0153ffffffffffffff
0157ffffffffffffff
015bffffffffffffff
015ffffffffffffffe
0163ffffffffffffff
0167ffffffffffffff
016bffffffffffffff
016fffffffffffffff
0173fffffffffffffe
0177ffffffffffffff
017bffffffffffffff
017fffffffffffffff
0183ffffffffffffff
0187fffffffffffffe
018bffffffffffffff
018fffffffffffffff
0193ffffffffffffff
0197ffffffffffffff
019bfffffffffffffe
019fffffffffffffff
01a3ffffffffffffff
01a7ffffffffffffff
01abffffffffffffff
01affffffffffffffe
01b3ffffffffffffff
01b7ffffffffffffff
01bbffffffffffffff
01bfffffffffffffff
01c3fffffffffffffe
01c7ffffffffffffff
01cbffffffffffffff
01cfffffffffffffff
01d3ffffffffffffff
01d7fffffffffffffe
01dbffffffffffffff
01dfffffffffffffff
01e3ffffffffffffff
01e7ffffffffffffff
01ebfffffffffffffe
01efffffffffffffff
01f3ffffffffffffff
01f7ffffffffffffff
01fbffffffffffffff
01fffffffffffffffe
0203ffffffffffffff
0207ffffffffffffff
020bffffffffffffff
020fffffffffffffff
0213fffffffffffffe
0217ffffffffffffff
021bffffffffffffff
021fffffffffffffff
0223ffffffffffffff
0227fffffffffffffe
022bffffffffffffff
022fffffffffffffff
0233ffffffffffffff
0237ffffffffffffff
023bfffffffffffffe
023fffffffffffffff
0243ffffffffffffff
0247ffffffffffffff
024bffffffffffffff
024ffffffffffffffe
0253ffffffffffffff
0257ffffffffffffff
025bffffffffffffff
025fffffffffffffff
0263fffffffffffffe
0267ffffffffffffff
026bffffffffffffff
026fffffffffffffff
0273ffffffffffffff
0277fffffffffffffe
027bffffffffffffff
027fffffffffffffff
0283ffffffffffffff
0287ffffffffffffff
028bfffffffffffffe
028fffffffffffffff
0293ffffffffffffff
0297ffffffffffffff
029bffffffffffffff
029ffffffffffffffe
02a3ffffffffffffff
02a7ffffffffffffff
02abffffffffffffff
02afffffffffffffff
02b3fffffffffffffe
02b7ffffffffffffff
02bbffffffffffffff
02bfffffffffffffff
02c3ffffffffffffff
02c7fffffffffffffe
02cbffffffffffffff
02cfffffffffffffff
02d3ffffffffffffff
02d7ffffffffffffff
02dbfffffffffffffe
02dfffffffffffffff
02e3ffffffffffffff
02e7ffffffffffffff
02ebffffffffffffff
02effffffffffffffe
02f3ffffffffffffff
02f7ffffffffffffff
02fbffffffffffffff
02ffffffffffffffff
0303fffffffffffffe
0307ffffffffffffff
030bffffffffffffff
030fffffffffffffff
0313ffffffffffffff
0317fffffffffffffe
031bffffffffffffff
031fffffffffffffff
0323ffffffffffffff
0327ffffffffffffff
032bfffffffffffffe
032fffffffffffffff
0333ffffffffffffff
0337ffffffffffffff
033bffffffffffffff
033ffffffffffffffe
0343ffffffffffffff
0347ffffffffffffff
034bffffffffffffff
034fffffffffffffff
0353fffffffffffffe
0357ffffffffffffff
035bffffffffffffff
035fffffffffffffff
0363ffffffffffffff
0367fffffffffffffe
036bffffffffffffff
036fffffffffffffff
0373ffffffffffffff
0377ffffffffffffff
037bfffffffffffffe
037fffffffffffffff
0383ffffffffffffff
0387ffffffffffffff
038bffffffffffffff
038ffffffffffffffe
0393ffffffffffffff
0397ffffffffffffff
039bffffffffffffff
039fffffffffffffff
03a3fffffffffffffe
03a7ffffffffffffff
03abffffffffffffff
03afffffffffffffff
03b3ffffffffffffff
03b7fffffffffffffe
03bbffffffffffffff
03bfffffffffffffff
03c3ffffffffffffff
03c7ffffffffffffff
03cbfffffffffffffe
03cfffffffffffffff
03d3ffffffffffffff
03d7ffffffffffffff
03dbffffffffffffff
03dffffffffffffffe
03e3ffffffffffffff
03e7ffffffffffffff
03ebffffffffffffff
03efffffffffffffff
03f3fffffffffffffe
03f7ffffffffffffff
03fbffffffffffffff
03ffffffffffffffff
0403ffffffffffffff
0407fffffffffffffe
040bffffffffffffff
040fffffffffffffff
0413ffffffffffffff
0417ffffffffffffff
041bfffffffffffffe
041fffffffffffffff
0423ffffffffffffff
0427ffffffffffffff
042bffffffffffffff
042ffffffffffffffe
0433ffffffffffffff
0437ffffffffffffff
043bffffffffffffff
043fffffffffffffff
0443fffffffffffffe
0447ffffffffffffff
044bffffffffffffff
044fffffffffffffff
0453ffffffffffffff
0457fffffffffffffe
045bffffffffffffff
045fffffffffffffff
0463ffffffffffffff
0467ffffffffffffff
046bfffffffffffffe
046fffffffffffffff
0473ffffffffffffff
0477ffffffffffffff
047bffffffffffffff
047ffffffffffffffe
0483ffffffffffffff
0487ffffffffffffff
048bffffffffffffff
048fffffffffffffff
0493fffffffffffffe
0497ffffffffffffff
049bffffffffffffff
049fffffffffffffff
04a3ffffffffffffff
04a7fffffffffffffe
04abffffffffffffff
04afffffffffffffff
04b3ffffffffffffff
04b7ffffffffffffff
04bbfffffffffffffe
04bfffffffffffffff
04c3ffffffffffffff
04c7ffffffffffffff
04cbffffffffffffff
04cffffffffffffffe
04d3ffffffffffffff
04d7ffffffffffffff
04dbffffffffffffff
04dfffffffffffffff
04e3fffffffffffffe
04e7ffffffffffffff
04ebffffffffffffff
04efffffffffffffff
04f3ffffffffffffff
04f7fffffffffffffe
04fbffffffffffffff
04ffffffffffffffff
0503ffffffffffffff
0507ffffffffffffff
050bfffffffffffffe
050fffffffffffffff
0513ffffffffffffff
0517ffffffffffffff
051bffffffffffffff
051ffffffffffffffe
0523ffffffffffffff
0527ffffffffffffff
052bffffffffffffff
052fffffffffffffff
0533fffffffffffffe
0537ffffffffffffff
053bffffffffffffff
053fffffffffffffff
0543ffffffffffffff
0547fffffffffffffe
054bffffffffffffff
054fffffffffffffff
0553ffffffffffffff
0557ffffffffffffff
055bfffffffffffffe
055fffffffffffffff
0563ffffffffffffff
0567ffffffffffffff
056bffffffffffffff
056ffffffffffffffe
0573ffffffffffffff
0577ffffffffffffff
057bffffffffffffff
057fffffffffffffff
0583fffffffffffffe
0587ffffffffffffff
058bffffffffffffff
058fffffffffffffff
0593ffffffffffffff
0597fffffffffffffe
059bffffffffffffff
059fffffffffffffff
05a3ffffffffffffff
05a7ffffffffffffff
05abfffffffffffffe
05afffffffffffffff
05b3ffffffffffffff
05b7ffffffffffffff
05bbffffffffffffff
05bffffffffffffffe
05c3ffffffffffffff
05c7ffffffffffffff
05cbffffffffffffff
05cfffffffffffffff
05d3fffffffffffffe
05d7ffffffffffffff
05dbffffffffffffff
05dfffffffffffffff
05e3ffffffffffffff
05e7fffffffffffffe
05ebffffffffffffff
05efffffffffffffff
05f3ffffffffffffff
05f7ffffffffffffff
05fbfffffffffffffe
05ffffffffffffffff
0603ffffffffffffff
0607ffffffffffffff
060bffffffffffffff
060ffffffffffffffe
0613ffffffffffffff
0617ffffffffffffff
061bffffffffffffff
061fffffffffffffff
0623fffffffffffffe
0627ffffffffffffff
062bffffffffffffff
062fffffffffffffff
0633ffffffffffffff
0637fffffffffffffe
063bffffffffffffff
063fffffffffffffff
0643ffffffffffffff
0647ffffffffffffff
064bfffffffffffffe
064fffffffffffffff
0653ffffffffffffff
0657ffffffffffffff
065bffffffffffffff
065ffffffffffffffe
0663ffffffffffffff
0667ffffffffffffff
066bffffffffffffff
066fffffffffffffff
0673fffffffffffffe
0677ffffffffffffff
067bffffffffffffff
067fffffffffffffff
0683ffffffffffffff
0687fffffffffffffe
068bffffffffffffff
068fffffffffffffff
0693ffffffffffffff
0697ffffffffffffff
069bfffffffffffffe
069fffffffffffffff
06a3ffffffffffffff
06a7ffffffffffffff
06abffffffffffffff
06affffffffffffffe
06b3ffffffffffffff
06b7ffffffffffffff
06bbffffffffffffff
06bfffffffffffffff
06c3fffffffffffffe
06c7ffffffffffffff
06cbffffffffffffff
06cfffffffffffffff
06d3ffffffffffffff
06d7fffffffffffffe
06dbffffffffffffff
06dfffffffffffffff
06e3ffffffffffffff
06e7ffffffffffffff
06ebfffffffffffffe
06efffffffffffffff
06f3ffffffffffffff
06f7ffffffffffffff
06fbffffffffffffff
06fffffffffffffffe
0703ffffffffffffff
0707ffffffffffffff
070bffffffffffffff
070fffffffffffffff
0713fffffffffffffe
0717ffffffffffffff
071bffffffffffffff
071fffffffffffffff
0723ffffffffffffff
0727fffffffffffffe
072bffffffffffffff
072fffffffffffffff
0733ffffffffffffff
0737ffffffffffffff
073bfffffffffffffe
073fffffffffffffff
0743ffffffffffffff
0747ffffffffffffff
074bffffffffffffff
074ffffffffffffffe
0753ffffffffffffff
0757ffffffffffffff
075bffffffffffffff
075fffffffffffffff
0763fffffffffffffe
0767ffffffffffffff
076bffffffffffffff
076fffffffffffffff
0773ffffffffffffff
0777fffffffffffffe
077bffffffffffffff
077fffffffffffffff
0783ffffffffffffff
0787ffffffffffffff
078bfffffffffffffe
078fffffffffffffff
0793ffffffffffffff
0797ffffffffffffff
079bffffffffffffff
079ffffffffffffffe
07a3ffffffffffffff
07a7ffffffffffffff
07abffffffffffffff
07afffffffffffffff
07b3fffffffffffffe
07b7ffffffffffffff
07bbffffffffffffff
07bfffffffffffffff
07c3ffffffffffffff
07c7fffffffffffffe
07cbffffffffffffff
07cfffffffffffffff
07d3ffffffffffffff
07d7ffffffffffffff
07dbfffffffffffffe
07dfffffffffffffff
07e3ffffffffffffff
07e7ffffffffffffff
07ebffffffffffffff
07effffffffffffffe
07f3ffffffffffffff
07f7ffffffffffffff
07fbffffffffffffff
07ffffffffffffffff
0803fffffffffffffe
0807ffffffffffffff
080bffffffffffffff
080fffffffffffffff
0813ffffffffffffff
0817fffffffffffffe
081bffffffffffffff
081fffffffffffffff
0823ffffffffffffff
0827ffffffffffffff
082bfffffffffffffe
082fffffffffffffff
0833ffffffffffffff
0837ffffffffffffff
083bffffffffffffff
083ffffffffffffffe
0843ffffffffffffff
0847ffffffffffffff
084bffffffffffffff
084fffffffffffffff
0853fffffffffffffe
0857ffffffffffffff
085bffffffffffffff
085fffffffffffffff
0863ffffffffffffff
0867fffffffffffffe
086bffffffffffffff
086fffffffffffffff
0873ffffffffffffff
0877ffffffffffffff
087bfffffffffffffe
087fffffffffffffff
0883ffffffffffffff
0887ffffffffffffff
088bffffffffffffff
088ffffffffffffffe
0893ffffffffffffff
0897ffffffffffffff
089bffffffffffffff
089fffffffffffffff
08a3fffffffffffffe
08a7ffffffffffffff
08abffffffffffffff
08afffffffffffffff
08b3ffffffffffffff
08b7fffffffffffffe
08bbffffffffffffff
08bfffffffffffffff
08c3ffffffffffffff
08c7ffffffffffffff
08cbfffffffffffffe
08cfffffffffffffff
08d3ffffffffffffff
08d7ffffffffffffff
08dbffffffffffffff
08dffffffffffffffe
08e3ffffffffffffff
08e7ffffffffffffff
08ebffffffffffffff
08efffffffffffffff
08f3fffffffffffffe
08f7ffffffffffffff
08fbffffffffffffff
08ffffffffffffffff
0903ffffffffffffff
0907fffffffffffffe
090bffffffffffffff
090fffffffffffffff
0913ffffffffffffff
0917ffffffffffffff
091bfffffffffffffe
091fffffffffffffff
0923ffffffffffffff
0927ffffffffffffff
092bffffffffffffff
092ffffffffffffffe
0933ffffffffffffff
0937ffffffffffffff
093bffffffffffffff
093fffffffffffffff
0943fffffffffffffe
0947ffffffffffffff
094bffffffffffffff
094fffffffffffffff
0953ffffffffffffff
0957fffffffffffffe
095bffffffffffffff
095fffffffffffffff
0963ffffffffffffff
0967ffffffffffffff
096bfffffffffffffe
096fffffffffffffff
0973ffffffffffffff
0977ffffffffffffff
097bffffffffffffff
097ffffffffffffffe
0983ffffffffffffff
0987ffffffffffffff
098bffffffffffffff
098fffffffffffffff
0993fffffffffffffe
0997ffffffffffffff
099bffffffffffffff
099fffffffffffffff
09a3ffffffffffffff
09a7fffffffffffffe
09abffffffffffffff
09afffffffffffffff
09b3ffffffffffffff
09b7ffffffffffffff
09bbfffffffffffffe
09bfffffffffffffff
09c3ffffffffffffff
09c7ffffffffffffff
09cbffffffffffffff
09cffffffffffffffe
09d3ffffffffffffff
09d7ffffffffffffff
09dbffffffffffffff
09dfffffffffffffff
09e3fffffffffffffe
09e7ffffffffffffff
09ebffffffffffffff
09efffffffffffffff
09f3ffffffffffffff
09f7fffffffffffffe
09fbffffffffffffff
09ffffffffffffffff
0a03ffffffffffffff
0a07ffffffffffffff
0a0bfffffffffffffe
0a0fffffffffffffff
0a13ffffffffffffff
0a17ffffffffffffff
0a1bffffffffffffff
0a1ffffffffffffffe
0a23ffffffffffffff
0a27ffffffffffffff
0a2bffffffffffffff
0a2fffffffffffffff
0a33fffffffffffffe
0a37ffffffffffffff
0a3bffffffffffffff
0a3fffffffffffffff
0a43ffffffffffffff
0a47fffffffffffffe
0a4bffffffffffffff
0a4fffffffffffffff
0a53ffffffffffffff
0a57ffffffffffffff
0a5bfffffffffffffe
0a5fffffffffffffff
0a63ffffffffffffff
0a67ffffffffffffff
0a6bffffffffffffff
0a6ffffffffffffffe
0a73ffffffffffffff
0a77ffffffffffffff
0a7bffffffffffffff
0a7fffffffffffffff
0a83fffffffffffffe
0a87ffffffffffffff
0a8bffffffffffffff
0a8fffffffffffffff
0a93ffffffffffffff
0a97fffffffffffffe
0a9bffffffffffffff
0a9fffffffffffffff
0aa3ffffffffffffff
0aa7ffffffffffffff
0aabfffffffffffffe
0aafffffffffffffff
0ab3ffffffffffffff
0ab7ffffffffffffff
0abbffffffffffffff
0abffffffffffffffe
0ac3ffffffffffffff
0ac7ffffffffffffff
0acbffffffffffffff
0acfffffffffffffff
0ad3fffffffffffffe
0ad7ffffffffffffff
0adbffffffffffffff
0adfffffffffffffff
0ae3ffffffffffffff
0ae7fffffffffffffe
0aebffffffffffffff
0aefffffffffffffff
0af3ffffffffffffff
0af7ffffffffffffff
0afbfffffffffffffe
0affffffffffffffff
0b03ffffffffffffff
0b07ffffffffffffff
0b0bffffffffffffff
0b0ffffffffffffffe
0b13ffffffffffffff
0b17ffffffffffffff
0b1bffffffffffffff
0b1fffffffffffffff
0b23fffffffffffffe
0b27ffffffffffffff
0b2bffffffffffffff
0b2fffffffffffffff
0b33ffffffffffffff
0b37fffffffffffffe
0b3bffffffffffffff
0b3fffffffffffffff
0b43ffffffffffffff
0b47ffffffffffffff
0b4bfffffffffffffe
0b4fffffffffffffff
0b53ffffffffffffff
0b57ffffffffffffff
0b5bffffffffffffff
0b5ffffffffffffffe
0b63ffffffffffffff
0b67ffffffffffffff
0b6bffffffffffffff
0b6fffffffffffffff
0b73fffffffffffffe
0b77ffffffffffffff
0b7bffffffffffffff
0b7fffffffffffffff
0b83ffffffffffffff
0b87fffffffffffffe
0b8bffffffffffffff
0b8fffffffffffffff
0b93ffffffffffffff
0b97ffffffffffffff
0b9bfffffffffffffe
0b9fffffffffffffff
0ba3ffffffffffffff
0ba7ffffffffffffff
0babffffffffffffff
0baffffffffffffffe
0bb3ffffffffffffff
0bb7ffffffffffffff
0bbbffffffffffffff
0bbfffffffffffffff
0bc3fffffffffffffe
0bc7ffffffffffffff
0bcbffffffffffffff
0bcfffffffffffffff
0bd3ffffffffffffff
0bd7fffffffffffffe
0bdbffffffffffffff
0bdfffffffffffffff
0be3ffffffffffffff
0be7ffffffffffffff
0bebfffffffffffffe
0befffffffffffffff
0bf3ffffffffffffff
0bf7ffffffffffffff
0bfbffffffffffffff
0bfffffffffffffffe
0c03ffffffffffffff
0c07ffffffffffffff
0c0bffffffffffffff
0c0fffffffffffffff
0c13fffffffffffffe
0c17ffffffffffffff
0c1bffffffffffffff
0c1fffffffffffffff
0c23ffffffffffffff
0c27fffffffffffffe
0c2bffffffffffffff
0c2fffffffffffffff
0c33ffffffffffffff
0c37ffffffffffffff
0c3bfffffffffffffe
0c3fffffffffffffff
0c43ffffffffffffff
0c47ffffffffffffff
0c4bffffffffffffff
0c4ffffffffffffffe
0c53ffffffffffffff
0c57ffffffffffffff
0c5bffffffffffffff
0c5fffffffffffffff
0c63fffffffffffffe
0c67ffffffffffffff
0c6bffffffffffffff
0c6fffffffffffffff
0c73ffffffffffffff
0c77fffffffffffffe
0c7bffffffffffffff
0c7fffffffffffffff
0c83ffffffffffffff
0c87ffffffffffffff
0c8bfffffffffffffe
0c8fffffffffffffff
0c93ffffffffffffff
0c97ffffffffffffff
0c9bffffffffffffff
0c9ffffffffffffffe
0ca3ffffffffffffff
0ca7ffffffffffffff
0cabffffffffffffff
0cafffffffffffffff
0cb3fffffffffffffe
0cb7ffffffffffffff
0cbbffffffffffffff
0cbfffffffffffffff
0cc3ffffffffffffff
0cc7fffffffffffffe
0ccbffffffffffffff
0ccfffffffffffffff
0cd3ffffffffffffff
0cd7ffffffffffffff
0cdbfffffffffffffe
0cdfffffffffffffff
0ce3ffffffffffffff
0ce7ffffffffffffff
0cebffffffffffffff
0ceffffffffffffffe
0cf3ffffffffffffff
0cf7ffffffffffffff
0cfbffffffffffffff
0cffffffffffffffff
0d03fffffffffffffe
0d07ffffffffffffff
0d0bffffffffffffff
0d0fffffffffffffff
0d13ffffffffffffff
0d17fffffffffffffe
0d1bffffffffffffff
0d1fffffffffffffff
0d23ffffffffffffff
0d27ffffffffffffff
0d2bfffffffffffffe
0d2fffffffffffffff
0d33ffffffffffffff
0d37ffffffffffffff
0d3bffffffffffffff
0d3ffffffffffffffe
0d43ffffffffffffff
0d47ffffffffffffff
0d4bffffffffffffff
0d4fffffffffffffff
0d53fffffffffffffe
0d57ffffffffffffff
0d5bffffffffffffff
0d5fffffffffffffff
0d63ffffffffffffff
0d67fffffffffffffe
0d6bffffffffffffff
0d6fffffffffffffff
0d73ffffffffffffff
0d77ffffffffffffff
0d7bfffffffffffffe
0d7fffffffffffffff
0d83ffffffffffffff
0d87ffffffffffffff
0d8bffffffffffffff
0d8ffffffffffffffe
0d93ffffffffffffff
0d97ffffffffffffff
0d9bffffffffffffff
0d9fffffffffffffff
0da3fffffffffffffe
0da7ffffffffffffff
0dabffffffffffffff
0dafffffffffffffff
0db3ffffffffffffff
0db7fffffffffffffe
0dbbffffffffffffff
0dbfffffffffffffff
0dc3ffffffffffffff
0dc7ffffffffffffff
0dcbfffffffffffffe
0dcfffffffffffffff
0dd3ffffffffffffff
0dd7ffffffffffffff
0ddbffffffffffffff
0ddffffffffffffffe
0de3ffffffffffffff
0de7ffffffffffffff
0debffffffffffffff
0defffffffffffffff
0df3fffffffffffffe
0df7ffffffffffffff
0dfbffffffffffffff
0dffffffffffffffff
0e03ffffffffffffff
0e07fffffffffffffe
0e0bffffffffffffff
0e0fffffffffffffff
0e13ffffffffffffff
0e17ffffffffffffff
0e1bfffffffffffffe
0e1fffffffffffffff
0e23ffffffffffffff
0e27ffffffffffffff
0e2bffffffffffffff
0e2ffffffffffffffe
0e33ffffffffffffff
0e37ffffffffffffff
0e3bffffffffffffff
0e3fffffffffffffff
0e43fffffffffffffe
0e47ffffffffffffff
0e4bffffffffffffff
0e4fffffffffffffff
0e53ffffffffffffff
0e57fffffffffffffe
0e5bffffffffffffff
0e5fffffffffffffff
0e63ffffffffffffff
0e67ffffffffffffff
0e6bfffffffffffffe
0e6fffffffffffffff
0e73ffffffffffffff
0e77ffffffffffffff
0e7bffffffffffffff
0e7ffffffffffffffe
0e83ffffffffffffff
0e87ffffffffffffff
0e8bffffffffffffff
0e8fffffffffffffff
0e93fffffffffffffe
0e97ffffffffffffff
0e9bffffffffffffff
0e9fffffffffffffff
0ea3ffffffffffffff
0ea7fffffffffffffe
0eabffffffffffffff
0eafffffffffffffff
0eb3ffffffffffffff
0eb7ffffffffffffff
0ebbfffffffffffffe
0ebfffffffffffffff
0ec3ffffffffffffff
0ec7ffffffffffffff
0ecbffffffffffffff
0ecffffffffffffffe
0ed3ffffffffffffff
0ed7ffffffffffffff
0edbffffffffffffff
0edfffffffffffffff
0ee3fffffffffffffe
0ee7ffffffffffffff
0eebffffffffffffff
0eefffffffffffffff
0ef3ffffffffffffff
0ef7fffffffffffffe
0efbffffffffffffff
0effffffffffffffff
0f03ffffffffffffff
0f07ffffffffffffff
0f0bfffffffffffffe
0f0fffffffffffffff
0f13ffffffffffffff
0f17ffffffffffffff
0f1bffffffffffffff
0f1ffffffffffffffe
0f23ffffffffffffff
0f27ffffffffffffff
0f2bffffffffffffff
0f2fffffffffffffff
0f33fffffffffffffe
0f37ffffffffffffff
0f3bffffffffffffff
0f3fffffffffffffff
0f43ffffffffffffff
0f47fffffffffffffe
0f4bffffffffffffff
0f4fffffffffffffff
0f53ffffffffffffff
0f57ffffffffffffff
0f5bfffffffffffffe
0f5fffffffffffffff
0f63ffffffffffffff
0f67ffffffffffffff
0f6bffffffffffffff
0f6ffffffffffffffe
0f73ffffffffffffff
0f77ffffffffffffff
0f7bffffffffffffff
0f7fffffffffffffff
0f83fffffffffffffe
0f87ffffffffffffff
0f8bffffffffffffff
0f8fffffffffffffff
0f93ffffffffffffff
0f97fffffffffffffe
0f9bffffffffffffff
0f9fffffffffffffff
0fa3ffffffffffffff
0fa7ffffffffffffff
0fabfffffffffffffe
0fafffffffffffffff
0fb3ffffffffffffff
0fb7ffffffffffffff
0fbbffffffffffffff
0fbffffffffffffffe
0fc3ffffffffffffff
0fc7ffffffffffffff
0fcbffffffffffffff
0fcfffffffffffffff
0fd3fffffffffffffe
0fd7ffffffffffffff
0fdbffffffffffffff
0fdfffffffffffffff
0fe3ffffffffffffff
0fe7fffffffffffffe
0febffffffffffffff
0fefffffffffffffff
0ff3ffffffffffffff
0ff7ffffffffffffff
0ffbfffffffffffffe
0fffffffffffffffff
1003ffffffffffffff
1007ffffffffffffff
100bffffffffffffff
100ffffffffffffffe
1013ffffffffffffff
1017ffffffffffffff
101bffffffffffffff
101fffffffffffffff
1023fffffffffffffe
1027ffffffffffffff
102bffffffffffffff
102fffffffffffffff
1033ffffffffffffff
1037fffffffffffffe
103bffffffffffffff
103fffffffffffffff
1043ffffffffffffff
1047ffffffffffffff
104bfffffffffffffe
104fffffffffffffff
1053ffffffffffffff
1057ffffffffffffff
105bffffffffffffff
105ffffffffffffffe
1063ffffffffffffff
1067ffffffffffffff
106bffffffffffffff
106fffffffffffffff
1073fffffffffffffe
1077ffffffffffffff
107bffffffffffffff
107fffffffffffffff
1083ffffffffffffff
1087fffffffffffffe
108bffffffffffffff
108fffffffffffffff
1093ffffffffffffff
1097ffffffffffffff
109bfffffffffffffe
109fffffffffffffff
10a3ffffffffffffff
10a7ffffffffffffff
10abffffffffffffff
10affffffffffffffe
10b3ffffffffffffff
10b7ffffffffffffff
10bbffffffffffffff
10bfffffffffffffff
10c3fffffffffffffe
10c7ffffffffffffff
10cbffffffffffffff
10cfffffffffffffff
10d3ffffffffffffff
10d7fffffffffffffe
10dbffffffffffffff
10dfffffffffffffff
10e3ffffffffffffff
10e7ffffffffffffff
10ebfffffffffffffe
10efffffffffffffff
10f3ffffffffffffff
10f7ffffffffffffff
10fbffffffffffffff
10fffffffffffffffe
1103ffffffffffffff
1107ffffffffffffff
110bffffffffffffff
110fffffffffffffff
1113fffffffffffffe
1117ffffffffffffff
111bffffffffffffff
111fffffffffffffff
1123ffffffffffffff
1127fffffffffffffe
112bffffffffffffff
112fffffffffffffff
1133ffffffffffffff
1137ffffffffffffff
113bfffffffffffffe
113fffffffffffffff
1143ffffffffffffff
1147ffffffffffffff
114bffffffffffffff
114ffffffffffffffe
1153ffffffffffffff
1157ffffffffffffff
115bffffffffffffff
115fffffffffffffff
1163fffffffffffffe
1167ffffffffffffff
116bffffffffffffff
116fffffffffffffff
1173ffffffffffffff
1177fffffffffffffe
117bffffffffffffff
117fffffffffffffff
1183ffffffffffffff
1187ffffffffffffff
118bfffffffffffffe
118fffffffffffffff
1193ffffffffffffff
1197ffffffffffffff
119bffffffffffffff
119ffffffffffffffe
11a3ffffffffffffff
11a7ffffffffffffff
11abffffffffffffff
11afffffffffffffff
11b3fffffffffffffe
11b7ffffffffffffff
11bbffffffffffffff
11bfffffffffffffff
11c3ffffffffffffff
11c7fffffffffffffe
11cbffffffffffffff
11cfffffffffffffff
11d3ffffffffffffff
11d7ffffffffffffff
11dbfffffffffffffe
11dfffffffffffffff
11e3ffffffffffffff
11e7ffffffffffffff
11ebffffffffffffff
11effffffffffffffe
11f3ffffffffffffff
11f7ffffffffffffff
11fbffffffffffffff
11ffffffffffffffff
1203fffffffffffffe
1207ffffffffffffff
120bffffffffffffff
120fffffffffffffff
1213ffffffffffffff
1217fffffffffffffe
121bffffffffffffff
121fffffffffffffff
1223ffffffffffffff
1227ffffffffffffff
122bfffffffffffffe
122fffffffffffffff
1233ffffffffffffff
1237ffffffffffffff
123bffffffffffffff
123ffffffffffffffe
1243ffffffffffffff
1247ffffffffffffff
124bffffffffffffff
124fffffffffffffff
1253fffffffffffffe
1257ffffffffffffff
125bffffffffffffff
125fffffffffffffff
1263ffffffffffffff
1267fffffffffffffe
126bffffffffffffff
126fffffffffffffff
1273ffffffffffffff
1277ffffffffffffff
127bfffffffffffffe
127fffffffffffffff
1283ffffffffffffff
1287ffffffffffffff
128bffffffffffffff
128ffffffffffffffe
1293ffffffffffffff
1297ffffffffffffff
129bffffffffffffff
129fffffffffffffff
12a3fffffffffffffe
12a7ffffffffffffff
12abffffffffffffff
12afffffffffffffff
12b3ffffffffffffff
12b7fffffffffffffe
12bbffffffffffffff
12bfffffffffffffff
12c3ffffffffffffff
12c7ffffffffffffff
12cbfffffffffffffe
12cfffffffffffffff
12d3ffffffffffffff
12d7ffffffffffffff
12dbffffffffffffff
12dffffffffffffffe
12e3ffffffffffffff
12e7ffffffffffffff
12ebffffffffffffff
12efffffffffffffff
12f3fffffffffffffe
12f7ffffffffffffff
12fbffffffffffffff
12ffffffffffffffff
1303ffffffffffffff
1307fffffffffffffe
130bffffffffffffff
130fffffffffffffff
1313ffffffffffffff
1317ffffffffffffff
131bfffffffffffffe
131fffffffffffffff
1323ffffffffffffff
1327ffffffffffffff
132bffffffffffffff
132ffffffffffffffe
1333ffffffffffffff
1337ffffffffffffff
133bffffffffffffff
133fffffffffffffff
1343fffffffffffffe
1347ffffffffffffff
134bffffffffffffff
134fffffffffffffff
1353ffffffffffffff
1357fffffffffffffe
135bffffffffffffff
135fffffffffffffff
1363ffffffffffffff
1367ffffffffffffff
136bfffffffffffffe
136fffffffffffffff
1373ffffffffffffff
1377ffffffffffffff
137bffffffffffffff
137ffffffffffffffe
1383ffffffffffffff
1387ffffffffffffff
138bffffffffffffff
138fffffffffffffff
1393fffffffffffffe
1397ffffffffffffff
139bffffffffffffff
139fffffffffffffff
13a3ffffffffffffff
13a7fffffffffffffe
13abffffffffffffff
13afffffffffffffff
13b3ffffffffffffff
13b7ffffffffffffff
13bbfffffffffffffe
13bfffffffffffffff
13c3ffffffffffffff
13c7ffffffffffffff
13cbffffffffffffff
13cffffffffffffffe
13d3ffffffffffffff
13d7ffffffffffffff
13dbffffffffffffff
13dfffffffffffffff
13e3fffffffffffffe
13e7ffffffffffffff
13ebffffffffffffff
13efffffffffffffff
13f3ffffffffffffff
13f7fffffffffffffe
13fbffffffffffffff
13ffffffffffffffff
1403ffffffffffffff
1407ffffffffffffff
140bfffffffffffffe
140fffffffffffffff
1413ffffffffffffff
1417ffffffffffffff
141bffffffffffffff
141ffffffffffffffe
1423ffffffffffffff
1427ffffffffffffff
142bffffffffffffff
142fffffffffffffff
1433fffffffffffffe
1437ffffffffffffff
143bffffffffffffff
143fffffffffffffff
1443ffffffffffffff
1447fffffffffffffe
144bffffffffffffff
144fffffffffffffff
1453ffffffffffffff
1457ffffffffffffff
145bfffffffffffffe
145fffffffffffffff
1463ffffffffffffff
1467ffffffffffffff
146bffffffffffffff
146ffffffffffffffe
1473ffffffffffffff
1477ffffffffffffff
147bffffffffffffff
147fffffffffffffff
1483fffffffffffffe
1487ffffffffffffff
148bffffffffffffff
148fffffffffffffff
1493ffffffffffffff
1497fffffffffffffe
149bffffffffffffff
149fffffffffffffff
14a3ffffffffffffff
14a7ffffffffffffff
14abfffffffffffffe
14afffffffffffffff
14b3ffffffffffffff
14b7ffffffffffffff
14bbffffffffffffff
14bffffffffffffffe
14c3ffffffffffffff
14c7ffffffffffffff
14cbffffffffffffff
14cfffffffffffffff
14d3fffffffffffffe
14d7ffffffffffffff
14dbffffffffffffff
14dfffffffffffffff
14e3ffffffffffffff
14e7fffffffffffffe
14ebffffffffffffff
14efffffffffffffff
14f3ffffffffffffff
14f7ffffffffffffff
14fbfffffffffffffe
14ffffffffffffffff
1503ffffffffffffff
1507ffffffffffffff
150bffffffffffffff
150ffffffffffffffe
1513ffffffffffffff
1517ffffffffffffff
151bffffffffffffff
151fffffffffffffff
1523fffffffffffffe
1527ffffffffffffff
152bffffffffffffff
152fffffffffffffff
1533ffffffffffffff
1537fffffffffffffe
153bffffffffffffff
153fffffffffffffff
1543ffffffffffffff
1547ffffffffffffff
154bfffffffffffffe
154fffffffffffffff
1553ffffffffffffff
1557ffffffffffffff
155bffffffffffffff
155ffffffffffffffe
1563ffffffffffffff
1567ffffffffffffff
156bffffffffffffff
156fffffffffffffff
1573fffffffffffffe
1577ffffffffffffff
157bffffffffffffff
157fffffffffffffff
1583ffffffffffffff
1587fffffffffffffe
158bffffffffffffff
158fffffffffffffff
1593ffffffffffffff
1597ffffffffffffff
159bfffffffffffffe
159fffffffffffffff
15a3ffffffffffffff
15a7ffffffffffffff
15abffffffffffffff
15affffffffffffffe
15b3ffffffffffffff
15b7ffffffffffffff
15bbffffffffffffff
15bfffffffffffffff
15c3fffffffffffffe
15c7ffffffffffffff
15cbffffffffffffff
15cfffffffffffffff
15d3ffffffffffffff
15d7fffffffffffffe
15dbffffffffffffff
15dfffffffffffffff
15e3ffffffffffffff
15e7ffffffffffffff
15ebfffffffffffffe
15efffffffffffffff
15f3ffffffffffffff
15f7ffffffffffffff
15fbffffffffffffff
15fffffffffffffffe
1603ffffffffffffff
1607ffffffffffffff
160bffffffffffffff
160fffffffffffffff
1613fffffffffffffe
1617ffffffffffffff
161bffffffffffffff
161fffffffffffffff
1623ffffffffffffff
1627fffffffffffffe
162bffffffffffffff
162fffffffffffffff
1633ffffffffffffff
1637ffffffffffffff
163bfffffffffffffe
163fffffffffffffff
1643ffffffffffffff
1647ffffffffffffff
164bffffffffffffff
164ffffffffffffffe
1653ffffffffffffff
1657ffffffffffffff
165bffffffffffffff
165fffffffffffffff
1663fffffffffffffe
1667ffffffffffffff
166bffffffffffffff
166fffffffffffffff
1673ffffffffffffff
1677fffffffffffffe
167bffffffffffffff
167fffffffffffffff
1683ffffffffffffff
1687ffffffffffffff
168bfffffffffffffe
168fffffffffffffff
1693ffffffffffffff
1697ffffffffffffff
169bffffffffffffff
169ffffffffffffffe
16a3ffffffffffffff
16a7ffffffffffffff
16abffffffffffffff
16afffffffffffffff
16b3fffffffffffffe
16b7ffffffffffffff
16bbffffffffffffff
16bfffffffffffffff
16c3ffffffffffffff
16c7fffffffffffffe
16cbffffffffffffff
16cfffffffffffffff
16d3ffffffffffffff
16d7ffffffffffffff
16dbfffffffffffffe
16dfffffffffffffff
16e3ffffffffffffff
16e7ffffffffffffff
16ebffffffffffffff
16effffffffffffffe
16f3ffffffffffffff
16f7ffffffffffffff
16fbffffffffffffff
16ffffffffffffffff
1703fffffffffffffe
1707ffffffffffffff
170bffffffffffffff
170fffffffffffffff
1713ffffffffffffff
1717fffffffffffffe
171bffffffffffffff
171fffffffffffffff
1723ffffffffffffff
1727ffffffffffffff
172bfffffffffffffe
172fffffffffffffff
1733ffffffffffffff
1737ffffffffffffff
173bffffffffffffff
173ffffffffffffffe
1743ffffffffffffff
1747ffffffffffffff
174bffffffffffffff
174fffffffffffffff
1753fffffffffffffe
1757ffffffffffffff
175bffffffffffffff
175fffffffffffffff
1763ffffffffffffff
1767fffffffffffffe
176bffffffffffffff
176fffffffffffffff
1773ffffffffffffff
1777ffffffffffffff
177bfffffffffffffe
177fffffffffffffff
1783ffffffffffffff
1787ffffffffffffff
178bffffffffffffff
178ffffffffffffffe
1793ffffffffffffff
1797ffffffffffffff
179bffffffffffffff
179fffffffffffffff
17a3fffffffffffffe
17a7ffffffffffffff
17abffffffffffffff
17afffffffffffffff
17b3ffffffffffffff
17b7fffffffffffffe
17bbffffffffffffff
17bfffffffffffffff
17c3ffffffffffffff
17c7ffffffffffffff
17cbfffffffffffffe
17cfffffffffffffff
17d3ffffffffffffff
17d7ffffffffffffff
17dbffffffffffffff
17dffffffffffffffe
17e3ffffffffffffff
17e7ffffffffffffff
17ebffffffffffffff
17efffffffffffffff
17f3fffffffffffffe
17f7ffffffffffffff
17fbffffffffffffff
17ffffffffffffffff
1803ffffffffffffff
1807fffffffffffffe
180bffffffffffffff
180fffffffffffffff
1813ffffffffffffff
1817ffffffffffffff
181bfffffffffffffe
181fffffffffffffff
1823ffffffffffffff
1827ffffffffffffff
182bffffffffffffff
182ffffffffffffffe
1833ffffffffffffff
1837ffffffffffffff
183bffffffffffffff
183fffffffffffffff
1843fffffffffffffe
1847ffffffffffffff
184bffffffffffffff
184fffffffffffffff
1853ffffffffffffff
1857fffffffffffffe
185bffffffffffffff
185fffffffffffffff
1863ffffffffffffff
1867ffffffffffffff
186bfffffffffffffe
186fffffffffffffff
1873ffffffffffffff
1877ffffffffffffff
187bffffffffffffff
187ffffffffffffffe
1883ffffffffffffff
1887ffffffffffffff
188bffffffffffffff
188fffffffffffffff
1893fffffffffffffe
1897ffffffffffffff
189bffffffffffffff
189fffffffffffffff
18a3ffffffffffffff
18a7fffffffffffffe
18abffffffffffffff
18afffffffffffffff
18b3ffffffffffffff
18b7ffffffffffffff
18bbfffffffffffffe
18bfffffffffffffff
18c3ffffffffffffff
18c7ffffffffffffff
18cbffffffffffffff
18cffffffffffffffe
18d3ffffffffffffff
18d7ffffffffffffff
18dbffffffffffffff
18dfffffffffffffff
18e3fffffffffffffe
18e7ffffffffffffff
18ebffffffffffffff
18efffffffffffffff
18f3ffffffffffffff
18f7fffffffffffffe
18fbffffffffffffff
18ffffffffffffffff
1903ffffffffffffff
1907ffffffffffffff
190bfffffffffffffe
190fffffffffffffff
1913ffffffffffffff
1917ffffffffffffff
191bffffffffffffff
191ffffffffffffffe
1923ffffffffffffff
1927ffffffffffffff
192bffffffffffffff
192fffffffffffffff
1933fffffffffffffe
1937ffffffffffffff
193bffffffffffffff
193fffffffffffffff
1943ffffffffffffff
1947fffffffffffffe
194bffffffffffffff
194fffffffffffffff
1953ffffffffffffff
1957ffffffffffffff
195bfffffffffffffe
195fffffffffffffff
1963ffffffffffffff
1967ffffffffffffff
196bffffffffffffff
196ffffffffffffffe
1973ffffffffffffff
1977ffffffffffffff
197bffffffffffffff
197fffffffffffffff
1983fffffffffffffe
1987ffffffffffffff
198bffffffffffffff
198fffffffffffffff
1993ffffffffffffff
1997fffffffffffffe
199bffffffffffffff
199fffffffffffffff
19a3ffffffffffffff
19a7ffffffffffffff
19abfffffffffffffe
19afffffffffffffff
19b3ffffffffffffff
19b7ffffffffffffff
19bbffffffffffffff
19bffffffffffffffe
19c3ffffffffffffff
19c7ffffffffffffff
19cbffffffffffffff
19cfffffffffffffff
19d3fffffffffffffe
19d7ffffffffffffff
19dbffffffffffffff
19dfffffffffffffff
19e3ffffffffffffff
19e7fffffffffffffe
19ebffffffffffffff
19efffffffffffffff
19f3ffffffffffffff
19f7ffffffffffffff
19fbfffffffffffffe
19ffffffffffffffff
1a03ffffffffffffff
1a07ffffffffffffff
1a0bffffffffffffff
1a0ffffffffffffffe
1a13ffffffffffffff
1a17ffffffffffffff
1a1bffffffffffffff
1a1fffffffffffffff
1a23fffffffffffffe
1a27ffffffffffffff
1a2bffffffffffffff
1a2fffffffffffffff
1a33ffffffffffffff
1a37fffffffffffffe
1a3bffffffffffffff
1a3fffffffffffffff
1a43ffffffffffffff
1a47ffffffffffffff
1a4bfffffffffffffe
1a4fffffffffffffff
1a53ffffffffffffff
1a57ffffffffffffff
1a5bffffffffffffff
1a5ffffffffffffffe
1a63ffffffffffffff
1a67ffffffffffffff
1a6bffffffffffffff
1a6fffffffffffffff
1a73fffffffffffffe
1a77ffffffffffffff
1a7bffffffffffffff
1a7fffffffffffffff
1a83ffffffffffffff
1a87fffffffffffffe
1a8bffffffffffffff
1a8fffffffffffffff
1a93ffffffffffffff
1a97ffffffffffffff
1a9bfffffffffffffe
1a9fffffffffffffff
1aa3ffffffffffffff
1aa7ffffffffffffff
1aabffffffffffffff
1aaffffffffffffffe
1ab3ffffffffffffff
1ab7ffffffffffffff
1abbffffffffffffff
1abfffffffffffffff
1ac3fffffffffffffe
1ac7ffffffffffffff
1acbffffffffffffff
1acfffffffffffffff
1ad3ffffffffffffff
1ad7fffffffffffffe
1adbffffffffffffff
1adfffffffffffffff
1ae3ffffffffffffff
1ae7ffffffffffffff
1aebfffffffffffffe
1aefffffffffffffff
1af3ffffffffffffff
1af7ffffffffffffff
1afbffffffffffffff
1afffffffffffffffe
1b03ffffffffffffff
1b07ffffffffffffff
1b0bffffffffffffff
1b0fffffffffffffff
1b13fffffffffffffe
1b17ffffffffffffff
1b1bffffffffffffff
1b1fffffffffffffff
1b23ffffffffffffff
1b27fffffffffffffe
1b2bffffffffffffff
1b2fffffffffffffff
1b33ffffffffffffff
1b37ffffffffffffff
1b3bfffffffffffffe
1b3fffffffffffffff
1b43ffffffffffffff
1b47ffffffffffffff
1b4bffffffffffffff
1b4ffffffffffffffe
1b53ffffffffffffff
1b57ffffffffffffff
1b5bffffffffffffff
1b5fffffffffffffff
1b63fffffffffffffe
1b67ffffffffffffff
1b6bffffffffffffff
1b6fffffffffffffff
1b73ffffffffffffff
1b77fffffffffffffe
1b7bffffffffffffff
1b7fffffffffffffff
1b83ffffffffffffff
1b87ffffffffffffff
1b8bfffffffffffffe
1b8fffffffffffffff
1b93ffffffffffffff
1b97ffffffffffffff
1b9bffffffffffffff
1b9ffffffffffffffe
1ba3ffffffffffffff
1ba7ffffffffffffff
1babffffffffffffff
1bafffffffffffffff
1bb3fffffffffffffe
1bb7ffffffffffffff
1bbbffffffffffffff
1bbfffffffffffffff
1bc3ffffffffffffff
1bc7fffffffffffffe
1bcbffffffffffffff
1bcfffffffffffffff
1bd3ffffffffffffff
1bd7ffffffffffffff
1bdbfffffffffffffe
1bdfffffffffffffff
1be3ffffffffffffff
1be7ffffffffffffff
1bebffffffffffffff
1beffffffffffffffe
1bf3ffffffffffffff
1bf7ffffffffffffff
1bfbffffffffffffff
1bffffffffffffffff
1c03fffffffffffffe
1c07ffffffffffffff
1c0bffffffffffffff
1c0fffffffffffffff
1c13ffffffffffffff
1c17fffffffffffffe
1c1bffffffffffffff
1c1fffffffffffffff
1c23ffffffffffffff
1c27ffffffffffffff
1c2bfffffffffffffe
1c2fffffffffffffff
1c33ffffffffffffff
1c37ffffffffffffff
1c3bffffffffffffff
1c3ffffffffffffffe
1c43ffffffffffffff
1c47ffffffffffffff
1c4bffffffffffffff
1c4fffffffffffffff
1c53fffffffffffffe
1c57ffffffffffffff
1c5bffffffffffffff
1c5fffffffffffffff
1c63ffffffffffffff
1c67fffffffffffffe
1c6bffffffffffffff
1c6fffffffffffffff
1c73ffffffffffffff
1c77ffffffffffffff
1c7bfffffffffffffe
1c7fffffffffffffff
1c83ffffffffffffff
1c87ffffffffffffff
1c8bffffffffffffff
1c8ffffffffffffffe
1c93ffffffffffffff
1c97ffffffffffffff
1c9bffffffffffffff
1c9fffffffffffffff
1ca3fffffffffffffe
1ca7ffffffffffffff
1cabffffffffffffff
1cafffffffffffffff
1cb3ffffffffffffff
1cb7fffffffffffffe
1cbbffffffffffffff
1cbfffffffffffffff
1cc3ffffffffffffff
1cc7ffffffffffffff
1ccbfffffffffffffe
1ccfffffffffffffff
1cd3ffffffffffffff
1cd7ffffffffffffff
1cdbffffffffffffff
1cdffffffffffffffe
1ce3ffffffffffffff
1ce7ffffffffffffff
1cebffffffffffffff
1cefffffffffffffff
1cf3fffffffffffffe
1cf7ffffffffffffff
1cfbffffffffffffff
1cffffffffffffffff
1d03ffffffffffffff
1d07fffffffffffffe
1d0bffffffffffffff
1d0fffffffffffffff
1d13ffffffffffffff
1d17ffffffffffffff
1d1bfffffffffffffe
1d1fffffffffffffff
1d23ffffffffffffff
1d27ffffffffffffff
1d2bffffffffffffff
1d2ffffffffffffffe
1d33ffffffffffffff
1d37ffffffffffffff
1d3bffffffffffffff
1d3fffffffffffffff
1d43fffffffffffffe
1d47ffffffffffffff
1d4bffffffffffffff
1d4fffffffffffffff
1d53ffffffffffffff
1d57fffffffffffffe
1d5bffffffffffffff
1d5fffffffffffffff
1d63ffffffffffffff
1d67ffffffffffffff
1d6bfffffffffffffe
1d6fffffffffffffff
1d73ffffffffffffff
1d77ffffffffffffff
1d7bffffffffffffff
1d7ffffffffffffffe
1d83ffffffffffffff
1d87ffffffffffffff
1d8bffffffffffffff
1d8fffffffffffffff
1d93fffffffffffffe
1d97ffffffffffffff
1d9bffffffffffffff
1d9fffffffffffffff
1da3ffffffffffffff
1da7fffffffffffffe
1dabffffffffffffff
1dafffffffffffffff
1db3ffffffffffffff
1db7ffffffffffffff
1dbbfffffffffffffe
1dbfffffffffffffff
1dc3ffffffffffffff
1dc7ffffffffffffff
1dcbffffffffffffff
1dcffffffffffffffe
1dd3ffffffffffffff
1dd7ffffffffffffff
1ddbffffffffffffff
1ddfffffffffffffff
1de3fffffffffffffe
1de7ffffffffffffff
1debffffffffffffff
1defffffffffffffff
1df3ffffffffffffff
1df7fffffffffffffe
1dfbffffffffffffff
1dffffffffffffffff
1e03ffffffffffffff
1e07ffffffffffffff
1e0bfffffffffffffe
1e0fffffffffffffff
1e13ffffffffffffff
1e17ffffffffffffff
1e1bffffffffffffff
1e1ffffffffffffffe
1e23ffffffffffffff
1e27ffffffffffffff
1e2bffffffffffffff
1e2fffffffffffffff
1e33fffffffffffffe
1e37ffffffffffffff
1e3bffffffffffffff
1e3fffffffffffffff
1e43ffffffffffffff
1e47fffffffffffffe
1e4bffffffffffffff
1e4fffffffffffffff
1e53ffffffffffffff
1e57ffffffffffffff
1e5bfffffffffffffe
1e5fffffffffffffff
1e63ffffffffffffff
1e67ffffffffffffff
1e6bffffffffffffff
1e6ffffffffffffffe
1e73ffffffffffffff
1e77ffffffffffffff
1e7bffffffffffffff
1e7fffffffffffffff
1e83fffffffffffffe
1e87ffffffffffffff
1e8bffffffffffffff
1e8fffffffffffffff
1e93ffffffffffffff
1e97fffffffffffffe
1e9bffffffffffffff
1e9fffffffffffffff
1ea3ffffffffffffff
1ea7ffffffffffffff
1eabfffffffffffffe
1eafffffffffffffff
1eb3ffffffffffffff
1eb7ffffffffffffff
1ebbffffffffffffff
1ebffffffffffffffe
1ec3ffffffffffffff
1ec7ffffffffffffff
1ecbffffffffffffff
1ecfffffffffffffff
1ed3fffffffffffffe
1ed7ffffffffffffff
1edbffffffffffffff
1edfffffffffffffff
1ee3ffffffffffffff
1ee7fffffffffffffe
1eebffffffffffffff
1eefffffffffffffff
1ef3ffffffffffffff
1ef7ffffffffffffff
1efbfffffffffffffe
1effffffffffffffff
1f03ffffffffffffff
1f07ffffffffffffff
1f0bffffffffffffff
1f0ffffffffffffffe
1f13ffffffffffffff
1f17ffffffffffffff
1f1bffffffffffffff
1f1fffffffffffffff
1f23fffffffffffffe
1f27ffffffffffffff
1f2bffffffffffffff
1f2fffffffffffffff
1f33ffffffffffffff
1f37fffffffffffffe
1f3bffffffffffffff
1f3fffffffffffffff
1f43ffffffffffffff
1f47ffffffffffffff
1f4bfffffffffffffe
1f4fffffffffffffff
1f53ffffffffffffff
1f57ffffffffffffff
1f5bffffffffffffff
1f5ffffffffffffffe
1f63ffffffffffffff
1f67ffffffffffffff
1f6bffffffffffffff
1f6fffffffffffffff
1f73fffffffffffffe
1f77ffffffffffffff
1f7bffffffffffffff
1f7fffffffffffffff
1f83ffffffffffffff
1f87fffffffffffffe
1f8bffffffffffffff
1f8fffffffffffffff
1f93ffffffffffffff
1f97ffffffffffffff
1f9bfffffffffffffe
1f9fffffffffffffff
1fa3ffffffffffffff
1fa7ffffffffffffff
1fabffffffffffffff
1faffffffffffffffe
1fb3ffffffffffffff
1fb7ffffffffffffff
1fbbffffffffffffff
1fbfffffffffffffff
1fc3fffffffffffffe
1fc7ffffffffffffff
1fcbffffffffffffff
1fcfffffffffffffff
1fd3ffffffffffffff
1fd7fffffffffffffe
1fdbffffffffffffff
1fdfffffffffffffff
1fe3ffffffffffffff
1fe7ffffffffffffff
1febfffffffffffffe
1fefffffffffffffff
1ff3ffffffffffffff
1ff7ffffffffffffff
1ffbffffffffffffff
1ffffffffffffffffe
2003fffffffffffffe
2007ffffffffffffff
200bffffffffffffff
200fffffffffffffff
2013ffffffffffffff
2017fffffffffffffe
201bffffffffffffff
201fffffffffffffff
2023ffffffffffffff
2027ffffffffffffff
202bfffffffffffffe
202fffffffffffffff
2033ffffffffffffff
2037ffffffffffffff
203bffffffffffffff
203ffffffffffffffe
2043ffffffffffffff
2047ffffffffffffff
204bffffffffffffff
204fffffffffffffff
2053fffffffffffffe
2057ffffffffffffff
205bffffffffffffff
205fffffffffffffff
2063ffffffffffffff
2067fffffffffffffe
206bffffffffffffff
206fffffffffffffff
2073ffffffffffffff
2077ffffffffffffff
207bfffffffffffffe
207fffffffffffffff
2083ffffffffffffff
2087ffffffffffffff
208bffffffffffffff
208ffffffffffffffe
2093ffffffffffffff
2097ffffffffffffff
209bffffffffffffff
209fffffffffffffff
20a3fffffffffffffe
20a7ffffffffffffff
20abffffffffffffff
20afffffffffffffff
20b3ffffffffffffff
20b7fffffffffffffe
20bbffffffffffffff
20bfffffffffffffff
20c3ffffffffffffff
20c7ffffffffffffff
20cbfffffffffffffe
20cfffffffffffffff
20d3ffffffffffffff
20d7ffffffffffffff
20dbffffffffffffff
20dffffffffffffffe
20e3ffffffffffffff
20e7ffffffffffffff
20ebffffffffffffff
20efffffffffffffff
20f3fffffffffffffe
20f7ffffffffffffff
20fbffffffffffffff
20ffffffffffffffff
2103ffffffffffffff
2107fffffffffffffe
210bffffffffffffff
210fffffffffffffff
2113ffffffffffffff
2117ffffffffffffff
211bfffffffffffffe
211fffffffffffffff
2123ffffffffffffff
2127ffffffffffffff
212bffffffffffffff
212ffffffffffffffe
2133ffffffffffffff
2137ffffffffffffff
213bffffffffffffff
213fffffffffffffff
2143fffffffffffffe
2147ffffffffffffff
214bffffffffffffff
214fffffffffffffff
2153ffffffffffffff
2157fffffffffffffe
215bffffffffffffff
215fffffffffffffff
2163ffffffffffffff
2167ffffffffffffff
216bfffffffffffffe
216fffffffffffffff
2173ffffffffffffff
2177ffffffffffffff
217bffffffffffffff
217ffffffffffffffe
2183ffffffffffffff
2187ffffffffffffff
218bffffffffffffff
218fffffffffffffff
2193fffffffffffffe
2197ffffffffffffff
219bffffffffffffff
219fffffffffffffff
21a3ffffffffffffff
21a7fffffffffffffe
21abffffffffffffff
21afffffffffffffff
21b3ffffffffffffff
21b7ffffffffffffff
21bbfffffffffffffe
21bfffffffffffffff
21c3ffffffffffffff
21c7ffffffffffffff
21cbffffffffffffff
21cffffffffffffffe
21d3ffffffffffffff
21d7ffffffffffffff
21dbffffffffffffff
21dfffffffffffffff
21e3fffffffffffffe
21e7ffffffffffffff
21ebffffffffffffff
21efffffffffffffff
21f3ffffffffffffff
21f7fffffffffffffe
21fbffffffffffffff
21ffffffffffffffff
2203ffffffffffffff
2207ffffffffffffff
220bfffffffffffffe
220fffffffffffffff
2213ffffffffffffff
2217ffffffffffffff
221bffffffffffffff
221ffffffffffffffe
2223ffffffffffffff
2227ffffffffffffff
222bffffffffffffff
222fffffffffffffff
2233fffffffffffffe
2237ffffffffffffff
223bffffffffffffff
223fffffffffffffff
2243ffffffffffffff
2247fffffffffffffe
224bffffffffffffff
224fffffffffffffff
2253ffffffffffffff
2257ffffffffffffff
225bfffffffffffffe
225fffffffffffffff
2263ffffffffffffff
2267ffffffffffffff
226bffffffffffffff
226ffffffffffffffe
2273ffffffffffffff
2277ffffffffffffff
227bffffffffffffff
227fffffffffffffff
2283fffffffffffffe
2287ffffffffffffff
228bffffffffffffff
228fffffffffffffff
2293ffffffffffffff
2297fffffffffffffe
229bffffffffffffff
229fffffffffffffff
22a3ffffffffffffff
22a7ffffffffffffff
22abfffffffffffffe
22afffffffffffffff
22b3ffffffffffffff
22b7ffffffffffffff
22bbffffffffffffff
22bffffffffffffffe
22c3ffffffffffffff
22c7ffffffffffffff
22cbffffffffffffff
22cfffffffffffffff
22d3fffffffffffffe
22d7ffffffffffffff
22dbffffffffffffff
22dfffffffffffffff
22e3ffffffffffffff
22e7fffffffffffffe
22ebffffffffffffff
22efffffffffffffff
22f3ffffffffffffff
22f7ffffffffffffff
22fbfffffffffffffe
22ffffffffffffffff
2303ffffffffffffff
2307ffffffffffffff
230bffffffffffffff
230ffffffffffffffe
2313ffffffffffffff
2317ffffffffffffff
231bffffffffffffff
231fffffffffffffff
2323fffffffffffffe
2327ffffffffffffff
232bffffffffffffff
232fffffffffffffff
2333ffffffffffffff
2337fffffffffffffe
233bffffffffffffff
233fffffffffffffff
2343ffffffffffffff
2347ffffffffffffff
234bfffffffffffffe
234fffffffffffffff
2353ffffffffffffff
2357ffffffffffffff
235bffffffffffffff
235ffffffffffffffe
2363ffffffffffffff
2367ffffffffffffff
236bffffffffffffff
236fffffffffffffff
2373fffffffffffffe
2377ffffffffffffff
237bffffffffffffff
237fffffffffffffff
2383ffffffffffffff
2387fffffffffffffe
238bffffffffffffff
238fffffffffffffff
2393ffffffffffffff
2397ffffffffffffff
239bfffffffffffffe
239fffffffffffffff
23a3ffffffffffffff
23a7ffffffffffffff
23abffffffffffffff
23affffffffffffffe
23b3ffffffffffffff
23b7ffffffffffffff
23bbffffffffffffff
23bfffffffffffffff
23c3fffffffffffffe
23c7ffffffffffffff
23cbffffffffffffff
23cfffffffffffffff
23d3ffffffffffffff
23d7fffffffffffffe
23dbffffffffffffff
23dfffffffffffffff
23e3ffffffffffffff
23e7ffffffffffffff
23ebfffffffffffffe
23efffffffffffffff
23f3ffffffffffffff
23f7ffffffffffffff
23fbffffffffffffff
23fffffffffffffffe
2403ffffffffffffff
2407ffffffffffffff
240bffffffffffffff
240fffffffffffffff
2413fffffffffffffe
2417ffffffffffffff
241bffffffffffffff
241fffffffffffffff
2423ffffffffffffff
2427fffffffffffffe
242bffffffffffffff
242fffffffffffffff
2433ffffffffffffff
2437ffffffffffffff
243bfffffffffffffe
243fffffffffffffff
2443ffffffffffffff
2447ffffffffffffff
244bffffffffffffff
244ffffffffffffffe
2453ffffffffffffff
2457ffffffffffffff
245bffffffffffffff
245fffffffffffffff
2463fffffffffffffe
2467ffffffffffffff
246bffffffffffffff
246fffffffffffffff
2473ffffffffffffff
2477fffffffffffffe
247bffffffffffffff
247fffffffffffffff
2483ffffffffffffff
2487ffffffffffffff
248bfffffffffffffe
248fffffffffffffff
2493ffffffffffffff
2497ffffffffffffff
249bffffffffffffff
249ffffffffffffffe
24a3ffffffffffffff
24a7ffffffffffffff
24abffffffffffffff
24afffffffffffffff
24b3fffffffffffffe
24b7ffffffffffffff
24bbffffffffffffff
24bfffffffffffffff
24c3ffffffffffffff
24c7fffffffffffffe
24cbffffffffffffff
24cfffffffffffffff
24d3ffffffffffffff
24d7ffffffffffffff
24dbfffffffffffffe
24dfffffffffffffff
24e3ffffffffffffff
24e7ffffffffffffff
24ebffffffffffffff
24effffffffffffffe
24f3ffffffffffffff
24f7ffffffffffffff
24fbffffffffffffff
24ffffffffffffffff
2503fffffffffffffe
2507ffffffffffffff
250bffffffffffffff
250fffffffffffffff
2513ffffffffffffff
2517fffffffffffffe
251bffffffffffffff
251fffffffffffffff
2523ffffffffffffff
2527ffffffffffffff
252bfffffffffffffe
252fffffffffffffff
2533ffffffffffffff
2537ffffffffffffff
253bffffffffffffff
253ffffffffffffffe
2543ffffffffffffff
2547ffffffffffffff
254bffffffffffffff
254fffffffffffffff
2553fffffffffffffe
2557ffffffffffffff
255bffffffffffffff
255fffffffffffffff
2563ffffffffffffff
2567fffffffffffffe
256bffffffffffffff
256fffffffffffffff
2573ffffffffffffff
2577ffffffffffffff
257bfffffffffffffe
257fffffffffffffff
2583ffffffffffffff
2587ffffffffffffff
258bffffffffffffff
258ffffffffffffffe
2593ffffffffffffff
2597ffffffffffffff
259bffffffffffffff
259fffffffffffffff
25a3fffffffffffffe
25a7ffffffffffffff
25abffffffffffffff
25afffffffffffffff
25b3ffffffffffffff
25b7fffffffffffffe
25bbffffffffffffff
25bfffffffffffffff
25c3ffffffffffffff
25c7ffffffffffffff
25cbfffffffffffffe
25cfffffffffffffff
25d3ffffffffffffff
25d7ffffffffffffff
25dbffffffffffffff
25dffffffffffffffe
25e3ffffffffffffff
25e7ffffffffffffff
25ebffffffffffffff
25efffffffffffffff
25f3fffffffffffffe
25f7ffffffffffffff
25fbffffffffffffff
25ffffffffffffffff
2603ffffffffffffff
2607fffffffffffffe
260bffffffffffffff
260fffffffffffffff
2613ffffffffffffff
2617ffffffffffffff
261bfffffffffffffe
261fffffffffffffff
2623ffffffffffffff
2627ffffffffffffff
262bffffffffffffff
262ffffffffffffffe
2633ffffffffffffff
2637ffffffffffffff
263bffffffffffffff
263fffffffffffffff
2643fffffffffffffe
2647ffffffffffffff
264bffffffffffffff
264fffffffffffffff
2653ffffffffffffff
2657fffffffffffffe
265bffffffffffffff
265fffffffffffffff
2663ffffffffffffff
2667ffffffffffffff
266bfffffffffffffe
266fffffffffffffff
2673ffffffffffffff
2677ffffffffffffff
267bffffffffffffff
267ffffffffffffffe
2683ffffffffffffff
2687ffffffffffffff
268bffffffffffffff
268fffffffffffffff
2693fffffffffffffe
2697ffffffffffffff
269bffffffffffffff
269fffffffffffffff
26a3ffffffffffffff
26a7fffffffffffffe
26abffffffffffffff
26afffffffffffffff
26b3ffffffffffffff
26b7ffffffffffffff
26bbfffffffffffffe
26bfffffffffffffff
26c3ffffffffffffff
26c7ffffffffffffff
26cbffffffffffffff
26cffffffffffffffe
26d3ffffffffffffff
26d7ffffffffffffff
26dbffffffffffffff
26dfffffffffffffff
26e3fffffffffffffe
26e7ffffffffffffff
26ebffffffffffffff
26efffffffffffffff
26f3ffffffffffffff
26f7fffffffffffffe
26fbffffffffffffff
26ffffffffffffffff
2703ffffffffffffff
2707ffffffffffffff
270bfffffffffffffe
270fffffffffffffff
2713ffffffffffffff
2717ffffffffffffff
271bffffffffffffff
271ffffffffffffffe
2723ffffffffffffff
2727ffffffffffffff
272bffffffffffffff
272fffffffffffffff
2733fffffffffffffe
2737ffffffffffffff
273bffffffffffffff
273fffffffffffffff
2743ffffffffffffff
2747fffffffffffffe
274bffffffffffffff
274fffffffffffffff
2753ffffffffffffff
2757ffffffffffffff
275bfffffffffffffe
275fffffffffffffff
2763ffffffffffffff
2767ffffffffffffff
276bffffffffffffff
276ffffffffffffffe
2773ffffffffffffff
2777ffffffffffffff
277bffffffffffffff
277fffffffffffffff
2783fffffffffffffe
2787ffffffffffffff
278bffffffffffffff
278fffffffffffffff
2793ffffffffffffff
2797fffffffffffffe
279bffffffffffffff
279fffffffffffffff
27a3ffffffffffffff
27a7ffffffffffffff
27abfffffffffffffe
27afffffffffffffff
27b3ffffffffffffff
27b7ffffffffffffff
27bbffffffffffffff
27bffffffffffffffe
27c3ffffffffffffff
27c7ffffffffffffff
27cbffffffffffffff
27cfffffffffffffff
27d3fffffffffffffe
27d7ffffffffffffff
27dbffffffffffffff
27dfffffffffffffff
27e3ffffffffffffff
27e7fffffffffffffe
27ebffffffffffffff
27efffffffffffffff
27f3ffffffffffffff
27f7ffffffffffffff
27fbfffffffffffffe
27ffffffffffffffff
2803ffffffffffffff
2807ffffffffffffff
280bffffffffffffff
280ffffffffffffffe
2813ffffffffffffff
2817ffffffffffffff
281bffffffffffffff
281fffffffffffffff
2823fffffffffffffe
2827ffffffffffffff
282bffffffffffffff
282fffffffffffffff
2833ffffffffffffff
2837fffffffffffffe
283bffffffffffffff
283fffffffffffffff
2843ffffffffffffff
2847ffffffffffffff
284bfffffffffffffe
284fffffffffffffff
2853ffffffffffffff
2857ffffffffffffff
285bffffffffffffff
285ffffffffffffffe
2863ffffffffffffff
2867ffffffffffffff
286bffffffffffffff
286fffffffffffffff
2873fffffffffffffe
2877ffffffffffffff
287bffffffffffffff
287fffffffffffffff
2883ffffffffffffff
2887fffffffffffffe
288bffffffffffffff
288fffffffffffffff
2893ffffffffffffff
2897ffffffffffffff
289bfffffffffffffe
289fffffffffffffff
28a3ffffffffffffff
28a7ffffffffffffff
28abffffffffffffff
28affffffffffffffe
28b3ffffffffffffff
28b7ffffffffffffff
28bbffffffffffffff
28bfffffffffffffff
28c3fffffffffffffe
28c7ffffffffffffff
28cbffffffffffffff
28cfffffffffffffff
28d3ffffffffffffff
28d7fffffffffffffe
28dbffffffffffffff
28dfffffffffffffff
28e3ffffffffffffff
28e7ffffffffffffff
28ebfffffffffffffe
28efffffffffffffff
28f3ffffffffffffff
28f7ffffffffffffff
28fbffffffffffffff
28fffffffffffffffe
2903ffffffffffffff
2907ffffffffffffff
290bffffffffffffff
290fffffffffffffff
2913fffffffffffffe
2917ffffffffffffff
291bffffffffffffff
291fffffffffffffff
2923ffffffffffffff
2927fffffffffffffe
292bffffffffffffff
292fffffffffffffff
2933ffffffffffffff
2937ffffffffffffff
293bfffffffffffffe
293fffffffffffffff
2943ffffffffffffff
2947ffffffffffffff
294bffffffffffffff
294ffffffffffffffe
2953ffffffffffffff
2957ffffffffffffff
295bffffffffffffff
295fffffffffffffff
2963fffffffffffffe
2967ffffffffffffff
296bffffffffffffff
296fffffffffffffff
2973ffffffffffffff
2977fffffffffffffe
297bffffffffffffff
297fffffffffffffff
2983ffffffffffffff
2987ffffffffffffff
298bfffffffffffffe
298fffffffffffffff
2993ffffffffffffff
2997ffffffffffffff
299bffffffffffffff
299ffffffffffffffe
29a3ffffffffffffff
29a7ffffffffffffff
29abffffffffffffff
29afffffffffffffff
29b3fffffffffffffe
29b7ffffffffffffff
29bbffffffffffffff
29bfffffffffffffff
29c3ffffffffffffff
29c7fffffffffffffe
29cbffffffffffffff
29cfffffffffffffff
29d3ffffffffffffff
29d7ffffffffffffff
29dbfffffffffffffe
29dfffffffffffffff
29e3ffffffffffffff
29e7ffffffffffffff
29ebffffffffffffff
29effffffffffffffe
29f3ffffffffffffff
29f7ffffffffffffff
29fbffffffffffffff
29ffffffffffffffff
2a03fffffffffffffe
2a07ffffffffffffff
2a0bffffffffffffff
2a0fffffffffffffff
2a13ffffffffffffff
2a17fffffffffffffe
2a1bffffffffffffff
2a1fffffffffffffff
2a23ffffffffffffff
2a27ffffffffffffff
2a2bfffffffffffffe
2a2fffffffffffffff
2a33ffffffffffffff
2a37ffffffffffffff
2a3bffffffffffffff
2a3ffffffffffffffe
2a43ffffffffffffff
2a47ffffffffffffff
2a4bffffffffffffff
2a4fffffffffffffff
2a53fffffffffffffe
2a57ffffffffffffff
2a5bffffffffffffff
2a5fffffffffffffff
2a63ffffffffffffff
2a67fffffffffffffe
2a6bffffffffffffff
2a6fffffffffffffff
2a73ffffffffffffff
2a77ffffffffffffff
2a7bfffffffffffffe
2a7fffffffffffffff
2a83ffffffffffffff
2a87ffffffffffffff
2a8bffffffffffffff
2a8ffffffffffffffe
2a93ffffffffffffff
2a97ffffffffffffff
2a9bffffffffffffff
2a9fffffffffffffff
2aa3fffffffffffffe
2aa7ffffffffffffff
2aabffffffffffffff
2aafffffffffffffff
2ab3ffffffffffffff
2ab7fffffffffffffe
2abbffffffffffffff
2abfffffffffffffff
2ac3ffffffffffffff
2ac7ffffffffffffff
2acbfffffffffffffe
2acfffffffffffffff
2ad3ffffffffffffff
2ad7ffffffffffffff
2adbffffffffffffff
2adffffffffffffffe
2ae3ffffffffffffff
2ae7ffffffffffffff
2aebffffffffffffff
2aefffffffffffffff
2af3fffffffffffffe
2af7ffffffffffffff
2afbffffffffffffff
2affffffffffffffff
2b03ffffffffffffff
2b07fffffffffffffe
2b0bffffffffffffff
2b0fffffffffffffff
2b13ffffffffffffff
2b17ffffffffffffff
2b1bfffffffffffffe
2b1fffffffffffffff
2b23ffffffffffffff
2b27ffffffffffffff
2b2bffffffffffffff
2b2ffffffffffffffe
2b33ffffffffffffff
2b37ffffffffffffff
2b3bffffffffffffff
2b3fffffffffffffff
2b43fffffffffffffe
2b47ffffffffffffff
2b4bffffffffffffff
2b4fffffffffffffff
2b53ffffffffffffff
2b57fffffffffffffe
2b5bffffffffffffff
2b5fffffffffffffff
2b63ffffffffffffff
2b67ffffffffffffff
2b6bfffffffffffffe
2b6fffffffffffffff
2b73ffffffffffffff
2b77ffffffffffffff
2b7bffffffffffffff
2b7ffffffffffffffe
2b83ffffffffffffff
2b87ffffffffffffff
2b8bffffffffffffff
2b8fffffffffffffff
2b93fffffffffffffe
2b97ffffffffffffff
2b9bffffffffffffff
2b9fffffffffffffff
2ba3ffffffffffffff
2ba7fffffffffffffe
2babffffffffffffff
2bafffffffffffffff
2bb3ffffffffffffff
2bb7ffffffffffffff
2bbbfffffffffffffe
2bbfffffffffffffff
2bc3ffffffffffffff
2bc7ffffffffffffff
2bcbffffffffffffff
2bcffffffffffffffe
2bd3ffffffffffffff
2bd7ffffffffffffff
2bdbffffffffffffff
2bdfffffffffffffff
2be3fffffffffffffe
2be7ffffffffffffff
2bebffffffffffffff
2befffffffffffffff
2bf3ffffffffffffff
2bf7fffffffffffffe
2bfbffffffffffffff
2bffffffffffffffff
2c03ffffffffffffff
2c07ffffffffffffff
2c0bfffffffffffffe
2c0fffffffffffffff
2c13ffffffffffffff
2c17ffffffffffffff
2c1bffffffffffffff
2c1ffffffffffffffe
2c23ffffffffffffff
2c27ffffffffffffff
2c2bffffffffffffff
2c2fffffffffffffff
2c33fffffffffffffe
2c37ffffffffffffff
2c3bffffffffffffff
2c3fffffffffffffff
2c43ffffffffffffff
2c47fffffffffffffe
2c4bffffffffffffff
2c4fffffffffffffff
2c53ffffffffffffff
2c57ffffffffffffff
2c5bfffffffffffffe
2c5fffffffffffffff
2c63ffffffffffffff
2c67ffffffffffffff
2c6bffffffffffffff
2c6ffffffffffffffe
2c73ffffffffffffff
2c77ffffffffffffff
2c7bffffffffffffff
2c7fffffffffffffff
2c83fffffffffffffe
2c87ffffffffffffff
2c8bffffffffffffff
2c8fffffffffffffff
2c93ffffffffffffff
2c97fffffffffffffe
2c9bffffffffffffff
2c9fffffffffffffff
2ca3ffffffffffffff
2ca7ffffffffffffff
2cabfffffffffffffe
2cafffffffffffffff
2cb3ffffffffffffff
2cb7ffffffffffffff
2cbbffffffffffffff
2cbffffffffffffffe
2cc3ffffffffffffff
2cc7ffffffffffffff
2ccbffffffffffffff
2ccfffffffffffffff
2cd3fffffffffffffe
2cd7ffffffffffffff
2cdbffffffffffffff
2cdfffffffffffffff
2ce3ffffffffffffff
2ce7fffffffffffffe
2cebffffffffffffff
2cefffffffffffffff
2cf3ffffffffffffff
2cf7ffffffffffffff
2cfbfffffffffffffe
2cffffffffffffffff
2d03ffffffffffffff
2d07ffffffffffffff
2d0bffffffffffffff
2d0ffffffffffffffe
2d13ffffffffffffff
2d17ffffffffffffff
2d1bffffffffffffff
2d1fffffffffffffff
2d23fffffffffffffe
2d27ffffffffffffff
2d2bffffffffffffff
2d2fffffffffffffff
2d33ffffffffffffff
2d37fffffffffffffe
2d3bffffffffffffff
2d3fffffffffffffff
2d43ffffffffffffff
2d47ffffffffffffff
2d4bfffffffffffffe
2d4fffffffffffffff
2d53ffffffffffffff
2d57ffffffffffffff
2d5bffffffffffffff
2d5ffffffffffffffe
2d63ffffffffffffff
2d67ffffffffffffff
2d6bffffffffffffff
2d6fffffffffffffff
2d73fffffffffffffe
2d77ffffffffffffff
2d7bffffffffffffff
2d7fffffffffffffff
2d83ffffffffffffff
2d87fffffffffffffe
2d8bffffffffffffff
2d8fffffffffffffff
2d93ffffffffffffff
2d97ffffffffffffff
2d9bfffffffffffffe
2d9fffffffffffffff
2da3ffffffffffffff
2da7ffffffffffffff
2dabffffffffffffff
2daffffffffffffffe
2db3ffffffffffffff
2db7ffffffffffffff
2dbbffffffffffffff
2dbfffffffffffffff
2dc3fffffffffffffe
2dc7ffffffffffffff
2dcbffffffffffffff
2dcfffffffffffffff
2dd3ffffffffffffff
2dd7fffffffffffffe
2ddbffffffffffffff
2ddfffffffffffffff
2de3ffffffffffffff
2de7ffffffffffffff
2debfffffffffffffe
2defffffffffffffff
2df3ffffffffffffff
2df7ffffffffffffff
2dfbffffffffffffff
2dfffffffffffffffe
2e03ffffffffffffff
2e07ffffffffffffff
2e0bffffffffffffff
2e0fffffffffffffff
2e13fffffffffffffe
2e17ffffffffffffff
2e1bffffffffffffff
2e1fffffffffffffff
2e23ffffffffffffff
2e27fffffffffffffe
2e2bffffffffffffff
2e2fffffffffffffff
2e33ffffffffffffff
2e37ffffffffffffff
2e3bfffffffffffffe
2e3fffffffffffffff
2e43ffffffffffffff
2e47ffffffffffffff
2e4bffffffffffffff
2e4ffffffffffffffe
2e53ffffffffffffff
2e57ffffffffffffff
2e5bffffffffffffff
2e5fffffffffffffff
2e63fffffffffffffe
2e67ffffffffffffff
2e6bffffffffffffff
2e6fffffffffffffff
2e73ffffffffffffff
2e77fffffffffffffe
2e7bffffffffffffff
2e7fffffffffffffff
2e83ffffffffffffff
2e87ffffffffffffff
2e8bfffffffffffffe
2e8fffffffffffffff
2e93ffffffffffffff
2e97ffffffffffffff
2e9bffffffffffffff
2e9ffffffffffffffe
2ea3ffffffffffffff
2ea7ffffffffffffff
2eabffffffffffffff
2eafffffffffffffff
2eb3fffffffffffffe
2eb7ffffffffffffff
2ebbffffffffffffff
2ebfffffffffffffff
2ec3ffffffffffffff
2ec7fffffffffffffe
2ecbffffffffffffff
2ecfffffffffffffff
2ed3ffffffffffffff
2ed7ffffffffffffff
2edbfffffffffffffe
2edfffffffffffffff
2ee3ffffffffffffff
2ee7ffffffffffffff
2eebffffffffffffff
2eeffffffffffffffe
2ef3ffffffffffffff
2ef7ffffffffffffff
2efbffffffffffffff
2effffffffffffffff
2f03fffffffffffffe
2f07ffffffffffffff
2f0bffffffffffffff
2f0fffffffffffffff
2f13ffffffffffffff
2f17fffffffffffffe
2f1bffffffffffffff
2f1fffffffffffffff
2f23ffffffffffffff
2f27ffffffffffffff
2f2bfffffffffffffe
2f2fffffffffffffff
2f33ffffffffffffff
2f37ffffffffffffff
2f3bffffffffffffff
2f3ffffffffffffffe
2f43ffffffffffffff
2f47ffffffffffffff
2f4bffffffffffffff
2f4fffffffffffffff
2f53fffffffffffffe
2f57ffffffffffffff
2f5bffffffffffffff
2f5fffffffffffffff
2f63ffffffffffffff
2f67fffffffffffffe
2f6bffffffffffffff
2f6fffffffffffffff
2f73ffffffffffffff
2f77ffffffffffffff
2f7bfffffffffffffe
2f7fffffffffffffff
2f83ffffffffffffff
2f87ffffffffffffff
2f8bffffffffffffff
2f8ffffffffffffffe
2f93ffffffffffffff
2f97ffffffffffffff
2f9bffffffffffffff
2f9fffffffffffffff
2fa3fffffffffffffe
2fa7ffffffffffffff
2fabffffffffffffff
2fafffffffffffffff
2fb3ffffffffffffff
2fb7fffffffffffffe
2fbbffffffffffffff
2fbfffffffffffffff
2fc3ffffffffffffff
2fc7ffffffffffffff
2fcbfffffffffffffe
2fcfffffffffffffff
2fd3ffffffffffffff
2fd7ffffffffffffff
2fdbffffffffffffff
2fdffffffffffffffe
2fe3ffffffffffffff
2fe7ffffffffffffff
2febffffffffffffff
2fefffffffffffffff
2ff3fffffffffffffe
2ff7ffffffffffffff
2ffbffffffffffffff
2fffffffffffffffff
3003ffffffffffffff
3007fffffffffffffe
300bffffffffffffff
300fffffffffffffff
3013ffffffffffffff
3017ffffffffffffff
301bfffffffffffffe
301fffffffffffffff
3023ffffffffffffff
3027ffffffffffffff
302bffffffffffffff
302ffffffffffffffe
3033ffffffffffffff
3037ffffffffffffff
303bffffffffffffff
303fffffffffffffff
3043fffffffffffffe
3047ffffffffffffff
304bffffffffffffff
304fffffffffffffff
3053ffffffffffffff
3057fffffffffffffe
305bffffffffffffff
305fffffffffffffff
3063ffffffffffffff
3067ffffffffffffff
306bfffffffffffffe
306fffffffffffffff
3073ffffffffffffff
3077ffffffffffffff
307bffffffffffffff
307ffffffffffffffe
3083ffffffffffffff
3087ffffffffffffff
308bffffffffffffff
308fffffffffffffff
3093fffffffffffffe
3097ffffffffffffff
309bffffffffffffff
309fffffffffffffff
30a3ffffffffffffff
30a7fffffffffffffe
30abffffffffffffff
30afffffffffffffff
30b3ffffffffffffff
30b7ffffffffffffff
30bbfffffffffffffe
30bfffffffffffffff
30c3ffffffffffffff
30c7ffffffffffffff
30cbffffffffffffff
30cffffffffffffffe
30d3ffffffffffffff
30d7ffffffffffffff
30dbffffffffffffff
30dfffffffffffffff
30e3fffffffffffffe
30e7ffffffffffffff
30ebffffffffffffff
30efffffffffffffff
30f3ffffffffffffff
30f7fffffffffffffe
30fbffffffffffffff
30ffffffffffffffff
3103ffffffffffffff
3107ffffffffffffff
310bfffffffffffffe
310fffffffffffffff
3113ffffffffffffff
3117ffffffffffffff
311bffffffffffffff
311ffffffffffffffe
3123ffffffffffffff
3127ffffffffffffff
312bffffffffffffff
312fffffffffffffff
3133fffffffffffffe
3137ffffffffffffff
313bffffffffffffff
313fffffffffffffff
3143ffffffffffffff
3147fffffffffffffe
314bffffffffffffff
314fffffffffffffff
3153ffffffffffffff
3157ffffffffffffff
315bfffffffffffffe
315fffffffffffffff
3163ffffffffffffff
3167ffffffffffffff
316bffffffffffffff
316ffffffffffffffe
3173ffffffffffffff
3177ffffffffffffff
317bffffffffffffff
317fffffffffffffff
3183fffffffffffffe
3187ffffffffffffff
318bffffffffffffff
318fffffffffffffff
3193ffffffffffffff
3197fffffffffffffe
319bffffffffffffff
319fffffffffffffff
31a3ffffffffffffff
31a7ffffffffffffff
31abfffffffffffffe
31afffffffffffffff
31b3ffffffffffffff
31b7ffffffffffffff
31bbffffffffffffff
31bffffffffffffffe
31c3ffffffffffffff
31c7ffffffffffffff
31cbffffffffffffff
31cfffffffffffffff
31d3fffffffffffffe
31d7ffffffffffffff
31dbffffffffffffff
31dfffffffffffffff
31e3ffffffffffffff
31e7fffffffffffffe
31ebffffffffffffff
31efffffffffffffff
31f3ffffffffffffff
31f7ffffffffffffff
31fbfffffffffffffe
31ffffffffffffffff
3203ffffffffffffff
3207ffffffffffffff
320bffffffffffffff
320ffffffffffffffe
3213ffffffffffffff
3217ffffffffffffff
321bffffffffffffff
321fffffffffffffff
3223fffffffffffffe
3227ffffffffffffff
322bffffffffffffff
322fffffffffffffff
3233ffffffffffffff
3237fffffffffffffe
323bffffffffffffff
323fffffffffffffff
3243ffffffffffffff
3247ffffffffffffff
324bfffffffffffffe
324fffffffffffffff
3253ffffffffffffff
3257ffffffffffffff
325bffffffffffffff
325ffffffffffffffe
3263ffffffffffffff
3267ffffffffffffff
326bffffffffffffff
326fffffffffffffff
3273fffffffffffffe
3277ffffffffffffff
327bffffffffffffff
327fffffffffffffff
3283ffffffffffffff
3287fffffffffffffe
328bffffffffffffff
328fffffffffffffff
3293ffffffffffffff
3297ffffffffffffff
329bfffffffffffffe
329fffffffffffffff
32a3ffffffffffffff
32a7ffffffffffffff
32abffffffffffffff
32affffffffffffffe
32b3ffffffffffffff
32b7ffffffffffffff
32bbffffffffffffff
32bfffffffffffffff
32c3fffffffffffffe
32c7ffffffffffffff
32cbffffffffffffff
32cfffffffffffffff
32d3ffffffffffffff
32d7fffffffffffffe
32dbffffffffffffff
32dfffffffffffffff
32e3ffffffffffffff
32e7ffffffffffffff
32ebfffffffffffffe
32efffffffffffffff
32f3ffffffffffffff
32f7ffffffffffffff
32fbffffffffffffff
32fffffffffffffffe
3303ffffffffffffff
3307ffffffffffffff
330bffffffffffffff
330fffffffffffffff
3313fffffffffffffe
3317ffffffffffffff
331bffffffffffffff
331fffffffffffffff
3323ffffffffffffff
3327fffffffffffffe
332bffffffffffffff
332fffffffffffffff
3333ffffffffffffff
3337ffffffffffffff
333bfffffffffffffe
333fffffffffffffff
3343ffffffffffffff
3347ffffffffffffff
334bffffffffffffff
334ffffffffffffffe
3353ffffffffffffff
3357ffffffffffffff
335bffffffffffffff
335fffffffffffffff
3363fffffffffffffe
3367ffffffffffffff
336bffffffffffffff
336fffffffffffffff
3373ffffffffffffff
3377fffffffffffffe
337bffffffffffffff
337fffffffffffffff
3383ffffffffffffff
3387ffffffffffffff
338bfffffffffffffe
338fffffffffffffff
3393ffffffffffffff
3397ffffffffffffff
339bffffffffffffff
339ffffffffffffffe
33a3ffffffffffffff
33a7ffffffffffffff
33abffffffffffffff
33afffffffffffffff
33b3fffffffffffffe
33b7ffffffffffffff
33bbffffffffffffff
33bfffffffffffffff
33c3ffffffffffffff
33c7fffffffffffffe
33cbffffffffffffff
33cfffffffffffffff
33d3ffffffffffffff
33d7ffffffffffffff
33dbfffffffffffffe
33dfffffffffffffff
33e3ffffffffffffff
33e7ffffffffffffff
33ebffffffffffffff
33effffffffffffffe
33f3ffffffffffffff
33f7ffffffffffffff
33fbffffffffffffff
33ffffffffffffffff
3403fffffffffffffe
3407ffffffffffffff
340bffffffffffffff
340fffffffffffffff
3413ffffffffffffff
3417fffffffffffffe
341bffffffffffffff
341fffffffffffffff
3423ffffffffffffff
3427ffffffffffffff
342bfffffffffffffe
342fffffffffffffff
3433ffffffffffffff
3437ffffffffffffff
343bffffffffffffff
343ffffffffffffffe
3443ffffffffffffff
3447ffffffffffffff
344bffffffffffffff
344fffffffffffffff
3453fffffffffffffe
3457ffffffffffffff
345bffffffffffffff
345fffffffffffffff
3463ffffffffffffff
3467fffffffffffffe
346bffffffffffffff
346fffffffffffffff
3473ffffffffffffff
3477ffffffffffffff
347bfffffffffffffe
347fffffffffffffff
3483ffffffffffffff
3487ffffffffffffff
348bffffffffffffff
348ffffffffffffffe
3493ffffffffffffff
3497ffffffffffffff
349bffffffffffffff
349fffffffffffffff
34a3fffffffffffffe
34a7ffffffffffffff
34abffffffffffffff
34afffffffffffffff
34b3ffffffffffffff
34b7fffffffffffffe
34bbffffffffffffff
34bfffffffffffffff
34c3ffffffffffffff
34c7ffffffffffffff
34cbfffffffffffffe
34cfffffffffffffff
34d3ffffffffffffff
34d7ffffffffffffff
34dbffffffffffffff
34dffffffffffffffe
34e3ffffffffffffff
34e7ffffffffffffff
34ebffffffffffffff
34efffffffffffffff
34f3fffffffffffffe
34f7ffffffffffffff
34fbffffffffffffff
34ffffffffffffffff
3503ffffffffffffff
3507fffffffffffffe
350bffffffffffffff
350fffffffffffffff
3513ffffffffffffff
3517ffffffffffffff
351bfffffffffffffe
351fffffffffffffff
3523ffffffffffffff
3527ffffffffffffff
352bffffffffffffff
352ffffffffffffffe
3533ffffffffffffff
3537ffffffffffffff
353bffffffffffffff
353fffffffffffffff
3543fffffffffffffe
3547ffffffffffffff
354bffffffffffffff
354fffffffffffffff
3553ffffffffffffff
3557fffffffffffffe
355bffffffffffffff
355fffffffffffffff
3563ffffffffffffff
3567ffffffffffffff
356bfffffffffffffe
356fffffffffffffff
3573ffffffffffffff
3577ffffffffffffff
357bffffffffffffff
357ffffffffffffffe
3583ffffffffffffff
3587ffffffffffffff
358bffffffffffffff
358fffffffffffffff
3593fffffffffffffe
3597ffffffffffffff
359bffffffffffffff
359fffffffffffffff
35a3ffffffffffffff
35a7fffffffffffffe
35abffffffffffffff
35afffffffffffffff
35b3ffffffffffffff
35b7ffffffffffffff
35bbfffffffffffffe
35bfffffffffffffff
35c3ffffffffffffff
35c7ffffffffffffff
35cbffffffffffffff
35cffffffffffffffe
35d3ffffffffffffff
35d7ffffffffffffff
35dbffffffffffffff
35dfffffffffffffff
35e3fffffffffffffe
35e7ffffffffffffff
35ebffffffffffffff
35efffffffffffffff
35f3ffffffffffffff
35f7fffffffffffffe
35fbffffffffffffff
35ffffffffffffffff
3603ffffffffffffff
3607ffffffffffffff
360bfffffffffffffe
360fffffffffffffff
3613ffffffffffffff
3617ffffffffffffff
361bffffffffffffff
361ffffffffffffffe
3623ffffffffffffff
3627ffffffffffffff
362bffffffffffffff
362fffffffffffffff
3633fffffffffffffe
3637ffffffffffffff
363bffffffffffffff
363fffffffffffffff
3643ffffffffffffff
3647fffffffffffffe
364bffffffffffffff
364fffffffffffffff
3653ffffffffffffff
3657ffffffffffffff
365bfffffffffffffe
365fffffffffffffff
3663ffffffffffffff
3667ffffffffffffff
366bffffffffffffff
366ffffffffffffffe
3673ffffffffffffff
3677ffffffffffffff
367bffffffffffffff
367fffffffffffffff
3683fffffffffffffe
3687ffffffffffffff
368bffffffffffffff
368fffffffffffffff
3693ffffffffffffff
3697fffffffffffffe
369bffffffffffffff
369fffffffffffffff
36a3ffffffffffffff
36a7ffffffffffffff
36abfffffffffffffe
36afffffffffffffff
36b3ffffffffffffff
36b7ffffffffffffff
36bbffffffffffffff
36bffffffffffffffe
36c3ffffffffffffff
36c7ffffffffffffff
36cbffffffffffffff
36cfffffffffffffff
36d3fffffffffffffe
36d7ffffffffffffff
36dbffffffffffffff
36dfffffffffffffff
36e3ffffffffffffff
36e7fffffffffffffe
36ebffffffffffffff
36efffffffffffffff
36f3ffffffffffffff
36f7ffffffffffffff
36fbfffffffffffffe
36ffffffffffffffff
3703ffffffffffffff
3707ffffffffffffff
370bffffffffffffff
370ffffffffffffffe
3713ffffffffffffff
3717ffffffffffffff
371bffffffffffffff
371fffffffffffffff
3723fffffffffffffe
3727ffffffffffffff
372bffffffffffffff
372fffffffffffffff
3733ffffffffffffff
3737fffffffffffffe
373bffffffffffffff
373fffffffffffffff
3743ffffffffffffff
3747ffffffffffffff
374bfffffffffffffe
374fffffffffffffff
3753ffffffffffffff
3757ffffffffffffff
375bffffffffffffff
375ffffffffffffffe
3763ffffffffffffff
3767ffffffffffffff
376bffffffffffffff
376fffffffffffffff
3773fffffffffffffe
3777ffffffffffffff
377bffffffffffffff
377fffffffffffffff
3783ffffffffffffff
3787fffffffffffffe
378bffffffffffffff
378fffffffffffffff
3793ffffffffffffff
3797ffffffffffffff
379bfffffffffffffe
379fffffffffffffff
37a3ffffffffffffff
37a7ffffffffffffff
37abffffffffffffff
37affffffffffffffe
37b3ffffffffffffff
37b7ffffffffffffff
37bbffffffffffffff
37bfffffffffffffff
37c3fffffffffffffe
37c7ffffffffffffff
37cbffffffffffffff
37cfffffffffffffff
37d3ffffffffffffff
37d7fffffffffffffe
37dbffffffffffffff
37dfffffffffffffff
37e3ffffffffffffff
37e7ffffffffffffff
37ebfffffffffffffe
37efffffffffffffff
37f3ffffffffffffff
37f7ffffffffffffff
37fbffffffffffffff
37fffffffffffffffe
3803ffffffffffffff
3807ffffffffffffff
380bffffffffffffff
380fffffffffffffff
3813fffffffffffffe
3817ffffffffffffff
381bffffffffffffff
381fffffffffffffff
3823ffffffffffffff
3827fffffffffffffe
382bffffffffffffff
382fffffffffffffff
3833ffffffffffffff
3837ffffffffffffff
383bfffffffffffffe
383fffffffffffffff
3843ffffffffffffff
3847ffffffffffffff
384bffffffffffffff
384ffffffffffffffe
3853ffffffffffffff
3857ffffffffffffff
385bffffffffffffff
385fffffffffffffff
3863fffffffffffffe
3867ffffffffffffff
386bffffffffffffff
386fffffffffffffff
3873ffffffffffffff
3877fffffffffffffe
387bffffffffffffff
387fffffffffffffff
3883ffffffffffffff
3887ffffffffffffff
388bfffffffffffffe
388fffffffffffffff
3893ffffffffffffff
3897ffffffffffffff
389bffffffffffffff
389ffffffffffffffe
38a3ffffffffffffff
38a7ffffffffffffff
38abffffffffffffff
38afffffffffffffff
38b3fffffffffffffe
38b7ffffffffffffff
38bbffffffffffffff
38bfffffffffffffff
38c3ffffffffffffff
38c7fffffffffffffe
38cbffffffffffffff
38cfffffffffffffff
38d3ffffffffffffff
38d7ffffffffffffff
38dbfffffffffffffe
38dfffffffffffffff
38e3ffffffffffffff
38e7ffffffffffffff
38ebffffffffffffff
38effffffffffffffe
38f3ffffffffffffff
38f7ffffffffffffff
38fbffffffffffffff
38ffffffffffffffff
3903fffffffffffffe
3907ffffffffffffff
390bffffffffffffff
390fffffffffffffff
3913ffffffffffffff
3917fffffffffffffe
391bffffffffffffff
391fffffffffffffff
3923ffffffffffffff
3927ffffffffffffff
392bfffffffffffffe
392fffffffffffffff
3933ffffffffffffff
3937ffffffffffffff
393bffffffffffffff
393ffffffffffffffe
3943ffffffffffffff
3947ffffffffffffff
394bffffffffffffff
394fffffffffffffff
3953fffffffffffffe
3957ffffffffffffff
395bffffffffffffff
395fffffffffffffff
3963ffffffffffffff
3967fffffffffffffe
396bffffffffffffff
396fffffffffffffff
3973ffffffffffffff
3977ffffffffffffff
397bfffffffffffffe
397fffffffffffffff
3983ffffffffffffff
3987ffffffffffffff
398bffffffffffffff
398ffffffffffffffe
3993ffffffffffffff
3997ffffffffffffff
399bffffffffffffff
399fffffffffffffff
39a3fffffffffffffe
39a7ffffffffffffff
39abffffffffffffff
39afffffffffffffff
39b3ffffffffffffff
39b7fffffffffffffe
39bbffffffffffffff
39bfffffffffffffff
39c3ffffffffffffff
39c7ffffffffffffff
39cbfffffffffffffe
39cfffffffffffffff
39d3ffffffffffffff
39d7ffffffffffffff
39dbffffffffffffff
39dffffffffffffffe
39e3ffffffffffffff
39e7ffffffffffffff
39ebffffffffffffff
39efffffffffffffff
39f3fffffffffffffe
39f7ffffffffffffff
39fbffffffffffffff
39ffffffffffffffff
3a03ffffffffffffff
3a07fffffffffffffe
3a0bffffffffffffff
3a0fffffffffffffff
3a13ffffffffffffff
3a17ffffffffffffff
3a1bfffffffffffffe
3a1fffffffffffffff
3a23ffffffffffffff
3a27ffffffffffffff
3a2bffffffffffffff
3a2ffffffffffffffe
3a33ffffffffffffff
3a37ffffffffffffff
3a3bffffffffffffff
3a3fffffffffffffff
3a43fffffffffffffe
3a47ffffffffffffff
3a4bffffffffffffff
3a4fffffffffffffff
3a53ffffffffffffff
3a57fffffffffffffe
3a5bffffffffffffff
3a5fffffffffffffff
3a63ffffffffffffff
3a67ffffffffffffff
3a6bfffffffffffffe
3a6fffffffffffffff
3a73ffffffffffffff
3a77ffffffffffffff
3a7bffffffffffffff
3a7ffffffffffffffe
3a83ffffffffffffff
3a87ffffffffffffff
3a8bffffffffffffff
3a8fffffffffffffff
3a93fffffffffffffe
3a97ffffffffffffff
3a9bffffffffffffff
3a9fffffffffffffff
3aa3ffffffffffffff
3aa7fffffffffffffe
3aabffffffffffffff
3aafffffffffffffff
3ab3ffffffffffffff
3ab7ffffffffffffff
3abbfffffffffffffe
3abfffffffffffffff
3ac3ffffffffffffff
3ac7ffffffffffffff
3acbffffffffffffff
3acffffffffffffffe
3ad3ffffffffffffff
3ad7ffffffffffffff
3adbffffffffffffff
3adfffffffffffffff
3ae3fffffffffffffe
3ae7ffffffffffffff
3aebffffffffffffff
3aefffffffffffffff
3af3ffffffffffffff
3af7fffffffffffffe
3afbffffffffffffff
3affffffffffffffff
3b03ffffffffffffff
3b07ffffffffffffff
3b0bfffffffffffffe
3b0fffffffffffffff
3b13ffffffffffffff
3b17ffffffffffffff
3b1bffffffffffffff
3b1ffffffffffffffe
3b23ffffffffffffff
3b27ffffffffffffff
3b2bffffffffffffff
3b2fffffffffffffff
3b33fffffffffffffe
3b37ffffffffffffff
3b3bffffffffffffff
3b3fffffffffffffff
3b43ffffffffffffff
3b47fffffffffffffe
3b4bffffffffffffff
3b4fffffffffffffff
3b53ffffffffffffff
3b57ffffffffffffff
3b5bfffffffffffffe
3b5fffffffffffffff
3b63ffffffffffffff
3b67ffffffffffffff
3b6bffffffffffffff
3b6ffffffffffffffe
3b73ffffffffffffff
3b77ffffffffffffff
3b7bffffffffffffff
3b7fffffffffffffff
3b83fffffffffffffe
3b87ffffffffffffff
3b8bffffffffffffff
3b8fffffffffffffff
3b93ffffffffffffff
3b97fffffffffffffe
3b9bffffffffffffff
3b9fffffffffffffff
3ba3ffffffffffffff
3ba7ffffffffffffff
3babfffffffffffffe
3bafffffffffffffff
3bb3ffffffffffffff
3bb7ffffffffffffff
3bbbffffffffffffff
3bbffffffffffffffe
3bc3ffffffffffffff
3bc7ffffffffffffff
3bcbffffffffffffff
3bcfffffffffffffff
3bd3fffffffffffffe
3bd7ffffffffffffff
3bdbffffffffffffff
3bdfffffffffffffff
3be3ffffffffffffff
3be7fffffffffffffe
3bebffffffffffffff
3befffffffffffffff
3bf3ffffffffffffff
3bf7ffffffffffffff
3bfbfffffffffffffe
3bffffffffffffffff
3c03ffffffffffffff
3c07ffffffffffffff
3c0bffffffffffffff
3c0ffffffffffffffe
3c13ffffffffffffff
3c17ffffffffffffff
3c1bffffffffffffff
3c1fffffffffffffff
3c23fffffffffffffe
3c27ffffffffffffff
3c2bffffffffffffff
3c2fffffffffffffff
3c33ffffffffffffff
3c37fffffffffffffe
3c3bffffffffffffff
3c3fffffffffffffff
3c43ffffffffffffff
3c47ffffffffffffff
3c4bfffffffffffffe
3c4fffffffffffffff
3c53ffffffffffffff
3c57ffffffffffffff
3c5bffffffffffffff
3c5ffffffffffffffe
3c63ffffffffffffff
3c67ffffffffffffff
3c6bffffffffffffff
3c6fffffffffffffff
3c73fffffffffffffe
3c77ffffffffffffff
3c7bffffffffffffff
3c7fffffffffffffff
3c83ffffffffffffff
3c87fffffffffffffe
3c8bffffffffffffff
3c8fffffffffffffff
3c93ffffffffffffff
3c97ffffffffffffff
3c9bfffffffffffffe
3c9fffffffffffffff
3ca3ffffffffffffff
3ca7ffffffffffffff
3cabffffffffffffff
3caffffffffffffffe
3cb3ffffffffffffff
3cb7ffffffffffffff
3cbbffffffffffffff
3cbfffffffffffffff
3cc3fffffffffffffe
3cc7ffffffffffffff
3ccbffffffffffffff
3ccfffffffffffffff
3cd3ffffffffffffff
3cd7fffffffffffffe
3cdbffffffffffffff
3cdfffffffffffffff
3ce3ffffffffffffff
3ce7ffffffffffffff
3cebfffffffffffffe
3cefffffffffffffff
3cf3ffffffffffffff
3cf7ffffffffffffff
3cfbffffffffffffff
3cfffffffffffffffe
3d03ffffffffffffff
3d07ffffffffffffff
3d0bffffffffffffff
3d0fffffffffffffff
3d13fffffffffffffe
3d17ffffffffffffff
3d1bffffffffffffff
3d1fffffffffffffff
3d23ffffffffffffff
3d27fffffffffffffe
3d2bffffffffffffff
3d2fffffffffffffff
3d33ffffffffffffff
3d37ffffffffffffff
3d3bfffffffffffffe
3d3fffffffffffffff
3d43ffffffffffffff
3d47ffffffffffffff
3d4bffffffffffffff
3d4ffffffffffffffe
3d53ffffffffffffff
3d57ffffffffffffff
3d5bffffffffffffff
3d5fffffffffffffff
3d63fffffffffffffe
3d67ffffffffffffff
3d6bffffffffffffff
3d6fffffffffffffff
3d73ffffffffffffff
3d77fffffffffffffe
3d7bffffffffffffff
3d7fffffffffffffff
3d83ffffffffffffff
3d87ffffffffffffff
3d8bfffffffffffffe
3d8fffffffffffffff
3d93ffffffffffffff
3d97ffffffffffffff
3d9bffffffffffffff
3d9ffffffffffffffe
3da3ffffffffffffff
3da7ffffffffffffff
3dabffffffffffffff
3dafffffffffffffff
3db3fffffffffffffe
3db7ffffffffffffff
3dbbffffffffffffff
3dbfffffffffffffff
3dc3ffffffffffffff
3dc7fffffffffffffe
3dcbffffffffffffff
3dcfffffffffffffff
3dd3ffffffffffffff
3dd7ffffffffffffff
3ddbfffffffffffffe
3ddfffffffffffffff
3de3ffffffffffffff
3de7ffffffffffffff
3debffffffffffffff
3deffffffffffffffe
3df3ffffffffffffff
3df7ffffffffffffff
3dfbffffffffffffff
3dffffffffffffffff
3e03fffffffffffffe
3e07ffffffffffffff
3e0bffffffffffffff
3e0fffffffffffffff
3e13ffffffffffffff
3e17fffffffffffffe
3e1bffffffffffffff
3e1fffffffffffffff
3e23ffffffffffffff
3e27ffffffffffffff
3e2bfffffffffffffe
3e2fffffffffffffff
3e33ffffffffffffff
3e37ffffffffffffff
3e3bffffffffffffff
3e3ffffffffffffffe
3e43ffffffffffffff
3e47ffffffffffffff
3e4bffffffffffffff
3e4fffffffffffffff
3e53fffffffffffffe
3e57ffffffffffffff
3e5bffffffffffffff
3e5fffffffffffffff
3e63ffffffffffffff
3e67fffffffffffffe
3e6bffffffffffffff
3e6fffffffffffffff
3e73ffffffffffffff
3e77ffffffffffffff
3e7bfffffffffffffe
3e7fffffffffffffff
3e83ffffffffffffff
3e87ffffffffffffff
3e8bffffffffffffff
3e8ffffffffffffffe
3e93ffffffffffffff
3e97ffffffffffffff
3e9bffffffffffffff
3e9fffffffffffffff
3ea3fffffffffffffe
3ea7ffffffffffffff
3eabffffffffffffff
3eafffffffffffffff
3eb3ffffffffffffff
3eb7fffffffffffffe
3ebbffffffffffffff
3ebfffffffffffffff
3ec3ffffffffffffff
3ec7ffffffffffffff
3ecbfffffffffffffe
3ecfffffffffffffff
3ed3ffffffffffffff
3ed7ffffffffffffff
3edbffffffffffffff
3edffffffffffffffe
3ee3ffffffffffffff
3ee7ffffffffffffff
3eebffffffffffffff
3eefffffffffffffff
3ef3fffffffffffffe
3ef7ffffffffffffff
3efbffffffffffffff
3effffffffffffffff
3f03ffffffffffffff
3f07fffffffffffffe
3f0bffffffffffffff
3f0fffffffffffffff
3f13ffffffffffffff
3f17ffffffffffffff
3f1bfffffffffffffe
3f1fffffffffffffff
3f23ffffffffffffff
3f27ffffffffffffff
3f2bffffffffffffff
3f2ffffffffffffffe
3f33ffffffffffffff
3f37ffffffffffffff
3f3bffffffffffffff
3f3fffffffffffffff
3f43fffffffffffffe
3f47ffffffffffffff
3f4bffffffffffffff
3f4fffffffffffffff
3f53ffffffffffffff
3f57fffffffffffffe
3f5bffffffffffffff
3f5fffffffffffffff
3f63ffffffffffffff
3f67ffffffffffffff
3f6bfffffffffffffe
3f6fffffffffffffff
3f73ffffffffffffff
3f77ffffffffffffff
3f7bffffffffffffff
3f7ffffffffffffffe
3f83ffffffffffffff
3f87ffffffffffffff
3f8bffffffffffffff
3f8fffffffffffffff
3f93fffffffffffffe
3f97ffffffffffffff
3f9bffffffffffffff
3f9fffffffffffffff
3fa3ffffffffffffff
3fa7fffffffffffffe
3fabffffffffffffff
3fafffffffffffffff
3fb3ffffffffffffff
3fb7ffffffffffffff
3fbbfffffffffffffe
3fbfffffffffffffff
3fc3ffffffffffffff
3fc7ffffffffffffff
3fcbffffffffffffff
3fcffffffffffffffe
3fd3ffffffffffffff
3fd7ffffffffffffff
3fdbffffffffffffff
3fdfffffffffffffff
3fe3fffffffffffffe
3fe7ffffffffffffff
3febffffffffffffff
3fefffffffffffffff
3ff3ffffffffffffff
3ff7fffffffffffffe
3ffbffffffffffffff
7fffffffffffffffff
000000000000000064
000400000000000240
000800000000000010
000c00000000000144
001000000000000090
001400000000000559
001800000000000004
001c000000000004c9
002000000000000000
002400000000000790
002800000000000010
002c00000000000384
003000000000000090
003400000000000e89
003800000000000090
003c000000000004c9
004000000000000051
004400000000000d24
004800000000000051
004c00000000001a44
005000000000000031
005400000000000090
005800000000000024
005c00000000000d99
006000000000000019
0064000000000000e1
006800000000000079
006c00000000000271
007000000000000051
007400000000000024
007800000000000009
007c000000000001e4
008000000000000064
008400000000000640
008800000000000090
008c00000000000010
009000000000000004
009400000000000031
0098000000000000c4
009c00000000000271
00a000000000000000
00a4000000000000c4
00a800000000000004
00ac00000000000090
00b000000000000040
00b4000000000015f9
00b800000000000064
00bc000000000007e9
00c000000000000031
00c400000000001440
00c800000000000004
00cc00000000000009
00d000000000000051
00d400000000000510
00d800000000000009
00dc00000000000e10
00e000000000000031
00e4000000000000c4
00e800000000000010
00ec00000000000019
00f000000000000024
00f400000000000100
00f800000000000051
00fc000000000000e1
010000000000000040
010400000000000240
010800000000000001
010c00000000000484
011000000000000019
0114000000000005a4
011800000000000040
011c00000000000310
012000000000000024
012400000000001690
012800000000000019
012c00000000002059
013000000000000004
013400000000000019
013800000000000031
013c00000000000d99
0140000000000000e1
0144000000000002a4
014800000000000009
014c00000000000169
015000000000000169
0154000000000005f1
0158000000000000c4
015c00000000000a90
016000000000000009
016400000000000031
016800000000000031
016c000000000002d9
017000000000000079
0174000000000004c9
017800000000000004
017c00000000000e89
018000000000000079
0184000000000002d9
018800000000000040
018c00000000000d99
019000000000000031
019400000000000010
019800000000000009
019c00000000000400
01a0000000000000e1
01a400000000000079
01a800000000000010
01ac00000000000019
01b000000000000079
01b400000000001e40
01b800000000000051
01bc000000000000c4
01c000000000000040
01c4000000000009c4
01c8000000000000a9
01cc00000000000010
01d000000000000001
01d400000000000064
01d800000000000004
01dc00000000000031
01e0000000000002d9
01e400000000000019
01e800000000000040
01ec00000000000349
01f000000000000001
01f400000000000090
01f800000000000010
01fc00000000000009
020000000000000040
020400000000000040
020800000000000190
020c00000000000024
021000000000000040
0214000000000001b9
021800000000000004
021c00000000000169
022000000000000040
022400000000000064
0228000000000000c4
022c000000000000c4
023000000000000064
023400000000000a29
023800000000000090
023c00000000000211
024000000000000001
024400000000000400
024800000000000031
024c00000000000004
025000000000000009
025400000000000024
025800000000000144
025c000000000008a1
026000000000000169
026400000000000001
026800000000000001
026c000000000004c9
027000000000000079
027400000000000144
027800000000000001
027c00000000002a40
028000000000000000
028400000000000000
028800000000000040
028c00000000000900
029000000000000040
029400000000000051
029800000000000004
029c00000000000af9
02a000000000000144
02a400000000000310
02a800000000000064
02ac00000000001104
02b000000000000004
02b400000000000349
02b800000000000100
02bc00000000000009
02c000000000000019
02c400000000000100
02c8000000000000c4
02cc00000000000001
02d000000000000009
02d400000000000000
02d800000000000019
02dc00000000000004
02e000000000000031
02e400000000000f04
02e800000000000024
02ec00000000000559
02f0000000000000c4
02f400000000000100
02f800000000000051
02fc000000000001b9
030000000000000004
0304000000000000e1
030800000000000040
030c000000000000e1
031000000000000010
031400000000000400
031800000000000121
031c000000000001b9
032000000000000009
032400000000000051
032800000000000144
032c000000000000a9
033000000000000009
0334000000000000a9
033800000000000024
033c000000000004c9
034000000000000004
034400000000001861
034800000000000031
034c000000000004c9
0350000000000000a9
035400000000000211
035800000000000001
035c00000000000510
036000000000000010
0364000000000009c4
036800000000000024
036c000000000002d9
037000000000000004
037400000000000079
037800000000000064
037c000000000009c4
038000000000000031
0384000000000004c9
038800000000000090
038c00000000000100
039000000000000019
039400000000000010
039800000000000004
039c00000000000cb1
03a000000000000001
03a400000000000040
03a800000000000024
03ac00000000000f04
03b000000000000169
03b4000000000005a4
03b800000000000009
03bc00000000000001
03c000000000000090
03c400000000000001
03c800000000000019
03cc00000000000484
03d000000000000090
03d400000000000064
03d800000000000004
03dc00000000000271
03e000000000000024
03e400000000000f04
03e800000000000090
03ec00000000000240
03f000000000000031
03f400000000000cb1
03f800000000000010
03fc026f65ca253ba4
040009bd98ab95be64
0404026f66d9ac1209
040800000000000004
040c000000000003c1
041000000000000019
0414000000000002d9
041800000000000051
041c00000000000f81
042000000000000019
0424000000000006e4
042800000000000051
042c000000000001b9
043000000000000031
0434000000000001e4
043800000000000079
043c00000000000001
044000000000000004
044400000000000384
044800000000000004
044c00000000000a90
045000000000000024
045400000000000b64
045800000000000009
045c00000000000144
046000000000000090
046400000000000bd1
046800000000000000
046c00000000000010
047000000000000024
047400000000000144
047800000000000040
047c00000000000384
048000000000000090
048400000000000a29
048800000000000000
048c00000000000051
0490000000000000a9
0494000000000000c4
049800000000000031
049c00000000000349
04a000000000000090
04a400000000000040
04a800000000000004
04ac00000000000310
04b000000000000019
04b400000000001ce4
04b800000000000001
04bc00000000001690
04c000000000000000
04c400000000000100
04c800000000000019
04cc00000000000079
04d000000000000064
04d400000000001ce4
04d800000000000384
04dc00000000000844
04e000000000000031
04e400000000000040
04e800000000000010
04ec00000000000844
04f000000000000024
04f400000000000844
04f800000000000079
04fc00000000001210
050000000000000121
050400000000000d99
050800000000000010
050c000000000002d9
051000000000000040
051400000000000310
051800000000000001
051c00000000004840
052000000000000051
052400000000000169
052800000000000004
052c00000000000051
053000000000000004
053400000000000510
053800000000000001
053c00000000000024
054000000000000079
054400000000000100
054800000000000001
054c00000000000031
055000000000000051
055400000000000a90
055800000000000040
055c00000000000040
056000000000000009
056400000000001ef1
056800000000000019
056c000000000006e4
057000000000000024
057400000000000010
057800000000000211
057c00000000000961
058000000000000040
0584000000000002a4
058800000000000349
058c00000000000019
059000000000000019
0594000000000009c4
059800000000000051
059c00000000001729
05a000000000000064
05a400000000000961
05a8000000000000a9
05ac00000000000024
05b000000000000051
05b400000000000169
05b800000000000079
05bc000000000005f1
05c000000000000040
05c4000000000015f9
05c800000000000079
05cc000000000007e9
05d000000000000004
05d400000000000051
05d800000000000169
05dc00000000000051
05e000000000000190
05e400000000000c40
05e800000000000031
05ec00000000000310
05f000000000000004
05f400000000000900
05f8000000000000a9
05fc00000000000100
0600000000000000a9
060400000000000064
060800000000000019
060c00000000000211
061000000000000009
0614000000000001e4
061800000000000001
061c000000000005a4
062000000000000009
062400000000000121
0628000000000000e1
062c00000000000310
063000000000000009
063400000000000559
063800000000000031
063c00000000000d99
064000000000000090
0644000000000004c9
064800000000000040
064c00000000000019
065000000000000001
0654000000000002d9
065800000000000004
065c00000000000169
066000000000000009
0664000000000000a9
066800000000000009
066c00000000000d99
067000000000000090
067400000000000100
067800000000000064
067c00000000000211
068000000000000004
068400000000000f04
068800000000000010
068c00000000000031
069000000000000009
069400000000000a90
069800000000000051
069c00000000000559
06a0000000000000c4
06a400000000000211
06a800000000000000
06ac00000000000739
06b000000000000009
06b400000000000079
06b800000000000009
06bc000000000006e4
06c000000000000010
06c400000000000a29
06c8000000000000e1
06cc00000000000169
06d000000000000090
06d400000000000051
06d800000000000064
06dc00000000000040
06e000000000000004
06e4000000000001b9
06e800000000000019
06ec000000000000a9
06f000000000000040
06f4000000000001b9
06f800000000000031
06fc00000000000051
070000000000000009
070400000000000144
070800000000000009
070c000000000005f1
071000000000000009
071400000000000961
071800000000000004
071c00000000000040
072000000000000004
072400000000000900
072800000000000019
072c00000000000310
073000000000000004
073400000000000400
073800000000000051
073c00000000000024
074000000000000009
074400000000000961
0748000000000000c4
074c00000000000079
075000000000000010
0754000000000002d9
075800000000000024
075c00000000000af9
076000000000000009
076400000000000009
076800000000000009
076c00000000000051
077000000000000064
077400000000000064
077800000000000090
077c000000000001e4
078000000000000009
078400000000000739
078800000000000010
078c00000000000121
0790000000000000c4
079400000000000010
079800000000000079
079c00000000000739
07a000000000000040
07a400000000001ae9
07a800000000000009
07ac00000000000121
07b000000000000064
07b400000000000190
07b800000000000010
07bc00000000001c39
07c000000000000009
07c400000000000040
07c8000000000000c4
07cc000000000002a4
07d000000000000040
07d4000000000003c1
07d800000000000004
07dc00000000000c40
07e000000000000010
07e400000000000144
07e800000000000090
07ec00000000000051
07f000000000000024
07f400000000000100
07f800000000000079
07fc00000000001299
0800000000000001e4
080400000000000144
080800000000000100
080c00000000000400
081000000000000010
081400000000000af9
081800000000000024
081c00000000001c39
082000000000000100
082400000000000310
0828000000000000c4
082c00000000000b64
083000000000000064
083400000000001861
083800000000000000
083c000000000000e1
084000000000000051
084400000000000240
084800000000000051
084c00000000000d24
085000000000000001
085400000000001210
085800000000000100
085c00000000000009
086000000000000001
086400000000000009
086800000000000211
086c00000000000af9
087000000000000009
087400000000000b64
087800000000000019
087c00000000000090
088000000000000090
088400000000000510
088800000000000000
088c00000000000400
089000000000000144
0894000000000019a1
089800000000000064
089c000000000002d9
08a000000000000000
08a400000000000b64
08a800000000000010
08ac000000000005a4
08b000000000000010
08b400000000000739
08b800000000000010
08bc00000000000739
08c000000000000349
08c400000000000064
08c800000000000024
08cc00000000000121
08d0000000000000e1
08d4000000000000c4
08d800000000000169
08dc00000000000900
08e000000000000019
08e400000000000d24
08e8000000000000c4
08ec00000000000349
08f000000000000090
08f400000000000790
08f8000000000001b9
08fc00000000000bd1
090000000000000064
090400000000000790
090800000000000019
090c00000000000010
091000000000000031
091400000000000d24
091800000000000064
091c00000000001ce4
092000000000000000
0924000000000002a4
092800000000000001
092c000000000002d9
093000000000000000
0934000000000000a9
093800000000000051
093c00000000000cb1
094000000000000009
094400000000000024
094800000000000051
094c00000000000051
0950000000000001b9
095400000000000691
095800000000000190
095c00000000000c40
096000000000000009
096400000000000a29
096800000000000001
096c00000000002341
0970000000000000e1
0974000000000001b9
097800000000000100
097c00000000000001
098000000000000019
0984000000000003c1
098800000000000040
098c00000000001081
099000000000000051
099400000000000040
099800000000000121
099c00000000000064
09a0000000000000e1
09a400000000000079
09a800000000000004
09ac000000000004c9
09b000000000000009
09b4000000000002a4
09b800000000000001
09bc00000000000144
09c000000000000010
09c400000000000844
09c800000000000211
09cc00000000000e10
09d000000000000211
09d4000000000005a4
09d800000000000064
09dc00000000001299
09e000000000000019
09e400000000000271
09e800000000000000
09ec00000000000001
09f0000000000000e1
09f4000000000017c4
09f800000000000064
09fc000000000000e1
0a0000000000000090
0a0400000000000400
0a0800000000000090
0a0c00000000000004
0a1000000000000040
0a1400000000000079
0a1800000000000090
0a1c00000000000001
0a2000000000000004
0a2400000000000144
0a2800000000000040
0a2c00000000000004
0a3000000000000024
0a3400000000000211
0a3800000000000024
0a3c000000000002d9
0a4000000000000079
0a4400000000000090
0a4800000000000031
0a4c00000000001900
0a5000000000000019
0a5400000000000000
0a5800000000000004
0a5c00000000000691
0a6000000000000121
0a6400000000000121
0a68000000000001b9
0a6c00000000000271
0a7000000000000019
0a7400000000000064
0a7800000000000019
0a7c00000000000640
0a8000000000000004
0a8400000000000900
0a8800000000000024
0a8c00000000000484
0a9000000000000004
0a9400000000000bd1
0a9800000000000144
0a9c000000000001b9
0aa000000000000010
0aa400000000000c40
0aa8000000000001e4
0aac000000000005a4
0ab000000000000010
0ab400000000000af9
0ab800000000000024
0abc00000000000009
0ac000000000000019
0ac400000000000c40
0ac800000000000040
0acc00000000000349
0ad000000000000079
0ad400000000001104
0ad800000000000019
0adc00000000000400
0ae000000000000121
0ae400000000000000
0ae800000000000000
0aec00000000000739
0af000000000000004
0af400000000000100
0af800000000000121
0afc00000000000691
0b0000000000000000
0b0400000000000af9
0b0800000000000004
0b0c00000000000169
0b1000000000000010
0b14000000000005a4
0b1800000000000211
0b1c00000000000009
0b2000000000000031
0b2400000000000349
0b2800000000000010
0b2c000000000004c9
0b3000000000000051
0b3400000000000051
0b3800000000000064
0b3c00000000000051
0b4000000000000040
0b44000000000005f1
0b48000000000001b9
0b4c00000000000441
0b5000000000000211
0b5400000000000271
0b5800000000000019
0b5c00000000001440
0b6000000000000010
0b6400000000000190
0b6800000000000004
0b6c000000000000a9
0b7000000000000010
0b7400000000002059
0b7800000000000064
0b7c00000000001000
0b8000000000000051
0b84000000000008a1
0b8800000000000004
0b8c00000000000100
0b9000000000000019
0b9400000000000040
0b9800000000000000
0b9c00000000000051
0ba000000000000001
0ba400000000000144
0ba800000000000024
0bac00000000000190
0bb000000000000001
0bb4000000000005a4
0bb800000000000031
0bbc00000000000001
0bc000000000000004
0bc400000000000961
0bc800000000000121
0bcc00000000000400
0bd000000000000000
0bd400000000002d90
0bd800000000000040
0bdc000000000013b1
0be0000000000000c4
0be400000000000240
0be800000000000004
0bec000000000000c4
0bf000000000000009
0bf400000000000169
0bf800000000000040
0bfc00000000000064
0c0000000000000100
0c04000000000009c4
0c0800000000000090
0c0c00000000000051
0c1000000000000040
0c1400000000000031
0c1800000000000040
0c1c00000000000010
0c2000000000000019
0c2400000000001564
0c28000000000001b9
0c2c00000000000019
0c3000000000000009
0c34000000000001e4
0c3800000000000001
0c3c000000000004c9
0c4000000000000010
0c4400000000000a29
0c4800000000000064
0c4c00000000000b64
0c5000000000000000
0c5400000000000040
0c5800000000000009
0c5c000000000002d9
0c6000000000000064
0c6400000000001ce4
0c6800000000000040
0c6c00000000000bd1
0c7000000000000010
0c7400000000003b19
0c78000000000000c4
0c7c00000000000019
0c8000000000000064
0c84000000000002d9
0c8800000000000144
0c8c00000000000900
0c9000000000000031
0c9400000000000640
0c9800000000000169
0c9c00000000000090
0ca000000000000169
0ca400000000000001
0ca800000000000051
0cac00000000000121
0cb000000000000004
0cb400000000000004
0cb800000000000004
0cbc000000000009c4
0cc0000000000000e1
0cc400000000000031
0cc800000000000010
0ccc00000000000271
0cd000000000000090
0cd400000000000739
0cd800000000000064
0cdc00000000001ce4
0ce000000000000031
0ce4000000000000c4
0ce800000000000024
0cec00000000000484
0cf000000000000031
0cf400000000000051
0cf8000000000000c4
0cfc000000000002a4
0d0000000000000004
0d04000000000003c1
0d0800000000000001
0d0c00000000001299
0d1000000000000051
0d1400000000000c40
0d1800000000000010
0d1c00000000000510
0d20000000000000a9
0d24000000000003c1
0d2800000000000004
0d2c00000000000010
0d3000000000000000
0d34000000000024c1
0d3800000000000009
0d3c00000000000004
0d4000000000000031
0d4400000000000169
0d4800000000000001
0d4c000000000001b9
0d5000000000000090
0d5400000000001324
0d58000000000000a9
0d5c00000000000024
0d60000000000000c4
0d6400000000000961
0d68000000000000c4
0d6c00000000000190
0d7000000000000019
0d7400000000000040
0d7800000000000090
0d7c00000000001189
0d8000000000000010
0d8400000000000900
0d8800000000000079
0d8c00000000000961
0d9000000000000001
0d94000000000001e4
0d9800000000000169
0d9c00000000000001
0da000000000000004
0da400000000000009
0da800000000000169
0dac00000000000019
0db0000000000000a9
0db400000000000040
0db800000000000019
0dbc00000000000019
0dc000000000000010
0dc400000000000079
0dc800000000000009
0dcc00000000000211
0dd000000000000009
0dd400000000001440
0dd800000000000064
0ddc00000000000640
0de000000000000004
0de400000000000004
0de800000000000031
0dec00000000000af9
0df000000000000024
0df4000000000007e9
0df800000000000031
0dfc00000000000349
0e0000000000000031
0e0400000000000510
0e0800000000000019
0e0c00000000000e10
0e1000000000000079
0e1400000000000024
0e1800000000000001
0e1c000000000013b1
0e2000000000000010
0e2400000000000240
0e2800000000000000
0e2c00000000000559
0e3000000000000019
0e34000000000001e4
0e3800000000000031
0e3c00000000000d99
0e4000000000000004
0e4400000000000100
0e4800000000000100
0e4c00000000000040
0e5000000000000004
0e5400000000000031
0e58000000000001b9
0e5c000000000001b9
0e6000000000000000
0e6400000000000019
0e6800000000000040
0e6c00000000000031
0e7000000000000019
0e7400000000000400
0e7800000000000051
0e7c00000000000900
0e8000000000000031
0e84000000000008a1
0e8800000000000001
0e8c00000000000001
0e9000000000000001
0e94000000000004c9
0e9800000000000031
0e9c00000000000441
0ea000000000000024
0ea400000000000064
0ea800000000000010
0eac00000000000349
0eb000000000000040
0eb400000000000a29
0eb800000000000010
0ebc00000000000079
0ec000000000000019
0ec400000000000004
0ec800000000000040
0ecc00000000000790
0ed000000000000009
0ed400000000000310
0ed800000000000001
0edc000000000006e4
0ee000000000000040
0ee400000000000031
0ee800000000000009
0eec00000000000310
0ef0000000000000c4
0ef400000000000400
0ef800000000000079
0efc00000000000090
0f0000000000000009
0f0400000000000051
0f0800000000000019
0f0c000000000009c4
0f1000000000000090
0f1400000000000000
0f1800000000000031
0f1c000000000001b9
0f2000000000000000
0f2400000000000079
0f2800000000000031
0f2c000000000000c4
0f3000000000000090
0f3400000000000121
0f3800000000000031
0f3c00000000000001
0f40000000000000a9
0f44000000000001e4
0f48000000000000c4
0f4c000000000006e4
0f5000000000000000
0f5400000000000024
0f5800000000000144
0f5c000000000015f9
0f6000000000000001
0f6400000000000441
0f6800000000000121
0f6c00000000000019
0f7000000000000240
0f7400000000000d99
0f7800000000000000
0f7c000000000015f9
0f8000000000000000
0f8400000000001b90
0f8800000000000019
0f8c00000000000010
0f9000000000000001
0f9400000000000f04
0f9800000000000010
0f9c00000000000090
0fa000000000000040
0fa400000000000010
0fa800000000000079
0fac00000000000009
0fb000000000000031
0fb400000000000019
0fb800000000000019
0fbc00000000000024
0fc000000000000004
0fc400000000001d91
0fc800000000000051
0fcc00000000001324
0fd000000000000000
0fd4000000000007e9
0fd800000000000024
0fdc00000000000691
0fe000000000000211
0fe400000000000640
0fe800000000000079
0fec00000000000144
0ff000000000000064
0ff400000000000051
0ff800000000000031
0ffc00000000000900
100000000000000004
100400000000000310
100800000000000004
100c000000000000c4
101000000000000040
101400000000000d99
1018000000000002a4
101c00000000000079
102000000000000064
102400000000000c40
102800000000000064
102c00000000000c40
103000000000000024
103400000000000051
1038000000000001e4
103c000000000002d9
104000000000000169
104400000000000144
1048000000000000e1
104c00000000000484
105000000000000031
1054000000000005a4
105800000000000064
105c00000000000d99
106000000000000009
106400000000000169
106800000000000001
106c00000000000211
107000000000000009
107400000000000790
107800000000000121
107c000000000006e4
108000000000000024
108400000000000900
108800000000000144
108c000000000001e4
109000000000000010
109400000000000001
109800000000000090
109c00000000000169
10a000000000000100
10a400000000000790
10a800000000000010
10ac000000000017c4
10b000000000000004
10b4000000000005f1
10b800000000000004
10bc00000000000031
10c000000000000001
10c400000000000024
10c800000000000064
10cc00000000000121
10d000000000000121
10d400000000000d24
10d800000000000001
10dc00000000000790
10e000000000000079
10e4000000000009c4
10e800000000000024
10ec00000000000d99
10f000000000000100
10f400000000000240
10f800000000000121
10fc00000000001189
110000000000000024
110400000000000240
110800000000000079
110c00000000000190
111000000000000019
111400000000000004
111800000000000100
111c00000000000064
112000000000000010
112400000000000310
112800000000000079
112c00000000001861
1130000000000000c4
113400000000000019
113800000000000051
113c00000000000961
114000000000000019
114400000000000384
114800000000000001
114c00000000001c39
115000000000000079
115400000000000169
115800000000000144
115c00000000000004
116000000000000051
116400000000000559
116800000000000009
116c00000000000169
117000000000000001
117400000000000d99
117800000000000100
117c00000000000961
118000000000000051
1184000000000000e1
118800000000000040
118c00000000000441
119000000000000051
119400000000000010
1198000000000000e1
119c00000000000004
11a000000000000271
11a400000000000169
11a800000000000000
11ac00000000001ae9
11b000000000000031
11b400000000001440
11b800000000000031
11bc00000000000844
11c000000000000004
11c4000000000000c4
11c800000000000009
11cc00000000000144
11d0000000000000e1
11d400000000002110
11d800000000000090
11dc000000000021c9
11e000000000000009
11e400000000000961
11e800000000000000
11ec00000000001189
11f000000000000001
11f400000000000640
11f800000000000024
11fc00000000000031
120000000000000024
1204000000000001e4
120800000000000004
120c00000000000144
121000000000000040
121400000000000441
121800000000000040
121c00000000002059
122000000000000004
1224000000000001e4
122800000000000010
122c00000000000010
123000000000000100
123400000000000169
123800000000000144
123c00000000000121
124000000000000009
124400000000000064
124800000000000019
124c00000000000a90
125000000000000211
125400000000000064
125800000000000010
125c00000000000051
126000000000000031
126400000000001ae9
126800000000000001
126c00000000000211
127000000000000031
127400000000000384
127800000000000169
127c00000000001104
128000000000000040
1284000000000006e4
1288000000000000c4
128c000000000000c4
129000000000000010
129400000000000009
129800000000000040
129c000000000008a1
12a000000000000064
12a400000000000064
12a800000000000010
12ac00000000002584
12b000000000000004
12b400000000000271
12b800000000000010
12bc00000000000441
12c000000000000001
12c400000000000790
12c800000000000040
12cc00000000000019
12d000000000000001
12d400000000000064
12d800000000000001
12dc00000000000484
12e000000000000009
12e400000000000384
12e800000000000004
12ec00000000000271
12f000000000000040
12f400000000001000
12f800000000000031
12fc00000000000441
130000000000000024
1304000000000005f1
130800000000000064
130c00000000000031
131000000000000100
1314000000000002a4
1318000000000000a9
131c00000000000211
132000000000000051
132400000000000121
132800000000000010
132c00000000002341
133000000000000009
1334000000000002d9
133800000000000024
133c00000000000079
134000000000000040
1344000000000007e9
134800000000000009
134c00000000000441
135000000000000009
135400000000001861
135800000000000001
135c000000000001e4
136000000000000040
136400000000000790
136800000000000010
136c00000000000271
137000000000000004
1374000000000003c1
137800000000000024
137c00000000000f04
138000000000000009
138400000000000349
138800000000000040
138c00000000000c40
139000000000000051
139400000000000010
139800000000000004
139c00000000000211
13a000000000000009
13a400000000000010
13a800000000000010
13ac00000000001210
13b000000000000001
13b400000000000400
13b800000000000031
13bc00000000000bd1
13c000000000000010
13c400000000000739
13c8000000000000e1
13cc00000000001000
13d000000000000000
13d400000000000e10
13d800000000000040
13dc00000000000019
13e000000000000000
13e400000000001900
13e800000000000004
13ec00000000000844
13f000000000000019
13f400000000000bd1
13f800000000000024
13fc0000005e791c10
14000000017a7b2724
14040000005e5f9a21
140800000000000024
140c00000000000961
141000000000000031
1414000000000000a9
141800000000000009
141c00000000002649
142000000000000031
142400000000000064
142800000000000121
142c00000000000211
1430000000000000a9
143400000000004410
1438000000000000a9
143c00000000000009
144000000000000004
144400000000000400
144800000000000190
144c00000000000240
145000000000000004
145400000000000a90
145800000000000051
145c00000000001564
146000000000000090
146400000000000031
146800000000000004
146c000000000002a4
147000000000000024
1474000000000005a4
1478000000000000c4
147c00000000000384
148000000000000024
148400000000001d91
1488000000000000c4
148c000000000002d9
149000000000000001
149400000000000484
149800000000000079
149c00000000000009
14a0000000000000c4
14a400000000000400
14a800000000000040
14ac00000000000b64
14b000000000000031
14b400000000000064
14b800000000000009
14bc00000000000384
14c000000000000000
14c400000000000484
14c800000000000121
14cc00000000000051
14d000000000000024
14d400000000000090
14d800000000000004
14dc00000000000100
14e000000000000001
14e400000000000240
14e800000000000064
14ec00000000000010
14f000000000000064
14f400000000000040
14f8000000000000e1
14fc00000000001324
1500000000000000a9
150400000000000441
150800000000000000
150c00000000000271
151000000000000010
151400000000000000
151800000000000019
151c00000000001690
152000000000000001
152400000000001ef1
152800000000000024
152c00000000000739
153000000000000064
153400000000000024
153800000000000051
153c00000000000190
154000000000000019
154400000000001564
154800000000000009
154c00000000000349
155000000000000019
155400000000000510
1558000000000001e4
155c00000000000004
1560000000000000a9
1564000000000005f1
156800000000000001
156c00000000000d24
157000000000000040
157400000000000384
1578000000000000e1
157c00000000001081
158000000000000010
1584000000000002a4
158800000000000009
158c000000000002d9
159000000000000079
1594000000000001e4
159800000000000031
159c00000000000169
15a000000000000024
15a400000000000019
15a800000000000051
15ac00000000000090
15b000000000000019
15b400000000000271
15b800000000000051
15bc00000000000051
15c000000000000004
15c400000000000079
15c800000000000009
15cc00000000000a29
15d000000000000064
15d400000000000a29
15d800000000000169
15dc00000000000211
15e000000000000024
15e400000000000900
15e800000000000031
15ec00000000000384
15f000000000000144
15f400000000000790
15f800000000000169
15fc00000000000400
160000000000000019
1604000000000002a4
1608000000000000e1
160c00000000000691
1610000000000001b9
161400000000000b64
1618000000000000a9
161c00000000000844
162000000000000079
162400000000000559
162800000000000079
162c00000000001fa4
163000000000000019
163400000000000271
163800000000000051
163c00000000000cb1
164000000000000100
164400000000000f81
164800000000000024
164c000000000003c1
1650000000000000a9
165400000000000169
165800000000000010
165c00000000001729
1660000000000000a9
166400000000000559
166800000000000031
166c00000000000031
167000000000000040
167400000000000040
1678000000000000c4
167c000000000008a1
168000000000000090
168400000000000510
168800000000000064
168c00000000000079
169000000000000031
169400000000000010
169800000000000051
169c000000000004c9
16a000000000000010
16a400000000000e89
16a800000000000010
16ac00000000000739
16b000000000000031
16b400000000000009
16b800000000000001
16bc00000000000100
16c000000000000100
16c400000000001c39
16c800000000000009
16cc00000000000691
16d000000000000090
16d400000000000271
16d800000000000004
16dc00000000000640
16e000000000000064
16e400000000000009
16e800000000000051
16ec00000000000559
16f000000000000004
16f4000000000000e1
16f800000000000031
16fc00000000000079
170000000000000009
170400000000000640
170800000000000009
170c000000000000e1
171000000000000121
1714000000000000e1
171800000000000090
171c00000000000024
172000000000000040
172400000000002110
1728000000000000a9
172c00000000000024
173000000000000100
173400000000000384
173800000000000031
173c00000000000b64
174000000000000001
174400000000000349
174800000000000010
174c00000000000079
175000000000000010
175400000000000271
175800000000000040
175c00000000000019
1760000000000001b9
176400000000000739
176800000000000009
176c00000000000211
177000000000000190
177400000000000024
177800000000000000
177c000000000009c4
1780000000000000a9
1784000000000001b9
178800000000000100
178c00000000000009
1790000000000002a4
179400000000000064
179800000000000031
179c000000000001b9
17a000000000000010
17a400000000000079
17a800000000000009
17ac00000000000d99
17b000000000000090
17b400000000002710
17b800000000000040
17bc00000000000169
17c000000000000001
17c400000000001900
17c8000000000000c4
17cc00000000000190
17d000000000000090
17d400000000000271
17d800000000000000
17dc00000000000240
17e000000000000040
17e400000000000010
17e800000000000024
17ec00000000000051
17f000000000000040
17f4000000000000c4
17f800000000000019
17fc00000000000691
180000000000000010
180400000000002284
1808000000000000c4
180c00000000001000
181000000000000064
1814000000000001b9
181800000000000024
181c00000000000169
182000000000000090
182400000000000040
182800000000000040
182c000000000009c4
183000000000000090
183400000000000051
183800000000000004
183c000000000008a1
1840000000000000e1
184400000000000384
184800000000000121
184c000000000006e4
185000000000000001
185400000000001000
185800000000000384
185c00000000000739
186000000000000031
1864000000000002d9
186800000000000079
186c000000000003c1
187000000000000009
187400000000000090
1878000000000000a9
187c000000000000c4
188000000000000024
188400000000000c40
188800000000000000
188c00000000000b64
189000000000000064
189400000000000961
189800000000000064
189c00000000000441
18a000000000000064
18a400000000000384
18a800000000000010
18ac00000000000310
18b000000000000090
18b4000000000024c1
18b800000000000100
18bc00000000000031
18c000000000000079
18c400000000001b90
18c800000000000024
18cc000000000001b9
18d000000000000031
18d400000000001ce4
18d800000000000019
18dc000000000000c4
18e000000000000079
18e400000000000400
18e800000000000100
18ec00000000000739
18f000000000000090
18f400000000000024
18f800000000000001
18fc00000000000441
190000000000000064
190400000000000064
190800000000000051
190c00000000000400
191000000000000001
191400000000001564
191800000000000004
191c000000000009c4
192000000000000024
1924000000000006e4
1928000000000000e1
192c000000000000e1
1930000000000001e4
193400000000000019
193800000000000019
193c00000000000559
194000000000000019
194400000000000844
194800000000000019
194c00000000000079
195000000000000019
195400000000000211
195800000000000100
195c000000000006e4
196000000000000031
196400000000000d99
196800000000000009
196c00000000000019
197000000000000001
197400000000000961
197800000000000000
197c00000000000019
198000000000000121
1984000000000008a1
198800000000000010
198c00000000000961
199000000000000051
1994000000000000c4
1998000000000000a9
199c00000000000040
19a000000000000031
19a400000000000031
19a800000000000190
19ac00000000000019
19b000000000000051
19b400000000000484
19b8000000000000e1
19bc00000000000c40
19c000000000000090
19c400000000000400
19c800000000000009
19cc00000000000090
19d000000000000211
19d400000000000f04
19d800000000000144
19dc00000000000af9
19e000000000000001
19e4000000000003c1
19e800000000000144
19ec000000000003c1
19f0000000000000a9
19f400000000000844
19f800000000000144
19fc000000000000a9
1a0000000000000010
1a0400000000001324
1a0800000000000040
1a0c00000000000004
1a1000000000000064
1a14000000000000a9
1a1800000000000040
1a1c00000000000211
1a2000000000000090
1a2400000000000190
1a2800000000000100
1a2c00000000000010
1a3000000000000040
1a3400000000000af9
1a3800000000000004
1a3c00000000000031
1a4000000000000019
1a4400000000000a90
1a4800000000000009
1a4c00000000001324
1a5000000000000001
1a5400000000000024
1a5800000000000004
1a5c00000000000271
1a6000000000000051
1a6400000000000a29
1a6800000000000121
1a6c000000000013b1
1a7000000000000031
1a7400000000000844
1a7800000000000019
1a7c000000000000c4
1a8000000000000024
1a8400000000000640
1a8800000000000004
1a8c00000000000400
1a9000000000000024
1a9400000000000031
1a9800000000000000
1a9c000000000008a1
1aa0000000000000c4
1aa400000000000e10
1aa800000000000144
1aac00000000000040
1ab000000000000190
1ab400000000000559
1ab800000000000024
1abc000000000002d9
1ac000000000000031
1ac400000000002be4
1ac800000000000010
1acc000000000015f9
1ad000000000000031
1ad400000000000844
1ad800000000000009
1adc00000000000004
1ae000000000000009
1ae4000000000001e4
1ae800000000000010
1aec00000000000af9
1af000000000000240
1af4000000000009c4
1af800000000000001
1afc000000000001b9
1b0000000000000024
1b04000000000007e9
1b0800000000000040
1b0c00000000000739
1b1000000000000144
1b1400000000000000
1b1800000000000001
1b1c00000000000441
1b2000000000000051
1b2400000000001299
1b2800000000000100
1b2c000000000015f9
1b3000000000000019
1b3400000000000019
1b3800000000000040
1b3c00000000000349
1b40000000000000c4
1b4400000000000a29
1b4800000000000051
1b4c000000000000a9
1b5000000000000009
1b5400000000000121
1b5800000000000051
1b5c00000000000004
1b6000000000000004
1b6400000000000010
1b6800000000000100
1b6c000000000002d9
1b7000000000000090
1b7400000000000169
1b7800000000000190
1b7c00000000000024
1b8000000000000031
1b8400000000000211
1b8800000000000064
1b8c00000000000400
1b90000000000000e1
1b9400000000001440
1b9800000000000040
1b9c00000000000001
1ba000000000000009
1ba4000000000000c4
1ba800000000000004
1bac00000000001210
1bb000000000000121
1bb400000000000004
1bb800000000000079
1bbc00000000000121
1bc000000000000010
1bc400000000000559
1bc800000000000169
1bcc00000000000640
1bd000000000000024
1bd400000000002584
1bd800000000000004
1bdc00000000000009
1be000000000000010
1be400000000000040
1be800000000000100
1bec00000000000100
1bf000000000000009
1bf400000000000051
1bf800000000000144
1bfc000000000005a4
1c0000000000000040
1c04000000000006e4
1c0800000000000024
1c0c000000000014d1
1c1000000000000004
1c1400000000000121
1c1800000000000010
1c1c00000000000144
1c2000000000000019
1c2400000000000144
1c2800000000000009
1c2c00000000001ef1
1c3000000000000019
1c3400000000000064
1c38000000000000e1
1c3c00000000000001
1c4000000000000024
1c4400000000000271
1c4800000000000004
1c4c00000000001000
1c5000000000000040
1c5400000000002be4
1c5800000000000169
1c5c000000000001b9
1c6000000000000004
1c6400000000000640
1c6800000000000090
1c6c00000000000271
1c7000000000000100
1c7400000000000691
1c7800000000000100
1c7c00000000000441
1c8000000000000024
1c84000000000003c1
1c8800000000000024
1c8c00000000000a90
1c9000000000000009
1c9400000000000010
1c9800000000000001
1c9c000000000000c4
1ca000000000000169
1ca400000000000121
1ca800000000000001
1cac00000000000031
1cb000000000000010
1cb400000000000144
1cb800000000000064
1cbc00000000000484
1cc000000000000121
1cc400000000000001
1cc800000000000010
1ccc00000000000031
1cd000000000000004
1cd400000000000349
1cd800000000000100
1cdc00000000000004
1ce000000000000031
1ce400000000000484
1ce800000000000010
1cec00000000000024
1cf000000000000051
1cf400000000000349
1cf800000000000040
1cfc000000000001e4
1d0000000000000010
1d04000000000001b9
1d0800000000000009
1d0c00000000001081
1d1000000000000001
1d1400000000000f04
1d1800000000000000
1d1c00000000000384
1d2000000000000079
1d2400000000000f81
1d2800000000000004
1d2c000000000017c4
1d30000000000000c4
1d34000000000000a9
1d3800000000000009
1d3c00000000000d24
1d4000000000000019
1d4400000000000349
1d4800000000000009
1d4c00000000000001
1d5000000000000024
1d5400000000000024
1d5800000000000009
1d5c000000000002a4
1d6000000000000004
1d6400000000000441
1d6800000000000010
1d6c00000000000024
1d7000000000000009
1d7400000000000b64
1d7800000000000004
1d7c000000000005f1
1d8000000000000024
1d8400000000000400
1d8800000000000051
1d8c00000000000031
1d9000000000000001
1d9400000000000040
1d9800000000000051
1d9c000000000000a9
1da0000000000002a4
1da4000000000008a1
1da800000000000051
1dac00000000000349
1db000000000000051
1db400000000000484
1db800000000000001
1dbc00000000000559
1dc000000000000024
1dc400000000000af9
1dc800000000000009
1dcc000000000008a1
1dd000000000000079
1dd4000000000001e4
1dd800000000000144
1ddc00000000000844
1de000000000000100
1de400000000000844
1de800000000000051
1dec000000000001b9
1df0000000000000c4
1df400000000000211
1df800000000000079
1dfc00000000000121
1e0000000000000001
1e0400000000000510
1e0800000000000079
1e0c00000000000100
1e1000000000000001
1e1400000000000f04
1e1800000000000079
1e1c00000000000019
1e2000000000000064
1e2400000000000640
1e2800000000000190
1e2c00000000000441
1e3000000000000001
1e3400000000000024
1e3800000000000019
1e3c00000000000009
1e4000000000000004
1e4400000000000a90
1e4800000000000100
1e4c00000000000064
1e50000000000000c4
1e54000000000007e9
1e5800000000000019
1e5c000000000001b9
1e6000000000000024
1e64000000000005f1
1e6800000000000040
1e6c00000000000001
1e70000000000000a9
1e7400000000000240
1e78000000000001b9
1e7c00000000000f04
1e8000000000000031
1e8400000000000051
1e8800000000000121
1e8c00000000000559
1e9000000000000001
1e9400000000000739
1e9800000000000009
1e9c00000000000121
1ea000000000000004
1ea4000000000002a4
1ea800000000000090
1eac00000000000441
1eb000000000000090
1eb400000000000349
1eb8000000000000c4
1ebc00000000000e89
1ec000000000000051
1ec4000000000005a4
1ec800000000000024
1ecc00000000000900
1ed0000000000000a9
1ed400000000000024
1ed800000000000271
1edc00000000000090
1ee000000000000024
1ee400000000000001
1ee8000000000000e1
1eec00000000000510
1ef000000000000040
1ef400000000000384
1ef8000000000000e1
1efc00000000001210
1f00000000000000a9
1f0400000000001d91
1f0800000000000001
1f0c00000000000900
1f1000000000000010
1f1400000000000a90
1f1800000000000019
1f1c00000000000121
1f2000000000000064
1f24000000000002d9
1f2800000000000009
1f2c00000000005100
1f3000000000000010
1f3400000000000019
1f3800000000000031
1f3c00000000000a29
1f4000000000000079
1f4400000000000100
1f4800000000000000
1f4c00000000000384
1f5000000000000040
1f5400000000000400
1f58000000000000c4
1f5c00000000000051
1f6000000000000001
1f6400000000000051
1f6800000000000051
1f6c00000000001299
1f70000000000000c4
1f7400000000000961
1f7800000000000090
1f7c00000000000961
1f8000000000000000
1f8400000000000640
1f88000000000000a9
1f8c00000000000100
1f9000000000000051
1f94000000000005a4
1f9800000000000024
1f9c00000000000144
1fa000000000000004
1fa400000000000064
1fa800000000000009
1fac000000000004c9
1fb000000000000031
1fb4000000000004c9
1fb800000000000051
1fbc000000000009c4
1fc000000000000064
1fc400000000000f81
1fc8000000000000a9
1fcc00000000000190
1fd000000000000010
1fd4000000000001b9
1fd800000000000040
1fdc00000000000121
1fe000000000000001
1fe4000000000009c4
1fe800000000000031
1fec00000000000900
1ff000000000000000
1ff400000000000001
1ff800000000000211
1ffc00000000000190
200000000000000024
200400000000000100
200800000000000040
200c00000000000024
201000000000000010
2014000000000008a1
201800000000000064
201c00000000000121
202000000000000090
202400000000000000
202800000000000090
202c000000000002a4
203000000000000010
203400000000000d99
203800000000000090
203c00000000000019
204000000000000009
204400000000000064
2048000000000000e1
204c00000000002284
205000000000000001
205400000000000510
2058000000000000c4
205c000000000003c1
206000000000000079
2064000000000000e1
206800000000000009
206c000000000007e9
207000000000000009
207400000000001ce4
207800000000000009
207c00000000000144
2080000000000001e4
208400000000000040
208800000000000010
208c00000000000000
2090000000000000c4
209400000000000e89
209800000000000004
209c00000000000559
20a000000000000010
20a400000000000384
20a8000000000000c4
20ac00000000000190
20b000000000000090
20b400000000000019
20b800000000000004
20bc000000000003c1
20c000000000000019
20c400000000000010
20c8000000000000c4
20cc000000000000e1
20d0000000000000e1
20d400000000000640
20d8000000000000a9
20dc00000000000100
20e0000000000000a9
20e400000000001ce4
20e800000000000010
20ec00000000000009
20f0000000000000c4
20f400000000000190
20f800000000000051
20fc00000000000031
210000000000000040
210400000000000310
210800000000000009
210c00000000000b64
211000000000000001
211400000000000384
211800000000000010
211c00000000001440
212000000000000024
212400000000000090
212800000000000079
212c00000000000079
213000000000000004
213400000000000211
213800000000000051
213c00000000000961
214000000000000001
214400000000000004
214800000000000019
214c00000000000d99
2150000000000001b9
215400000000000441
215800000000000144
215c00000000000040
216000000000000009
216400000000000a29
216800000000000009
216c00000000001c39
217000000000000001
2174000000000014d1
217800000000000064
217c000000000001b9
218000000000000051
218400000000000121
218800000000000010
218c00000000001729
219000000000000009
219400000000000010
219800000000000019
219c00000000000240
21a000000000000121
21a4000000000000e1
21a800000000000040
21ac000000000019a1
21b000000000000009
21b400000000000240
21b800000000000009
21bc000000000005a4
21c000000000000010
21c400000000000144
21c8000000000000e1
21cc00000000000640
21d0000000000000a9
21d400000000001ce4
21d800000000000024
21dc000000000001b9
21e0000000000000a9
21e400000000000739
21e800000000000010
21ec00000000000079
21f0000000000000a9
21f400000000000100
21f800000000000010
21fc00000000000019
220000000000000010
220400000000000240
220800000000000100
220c00000000000484
221000000000000090
221400000000000019
221800000000000004
221c00000000000bd1
222000000000000190
2224000000000001e4
2228000000000000c4
222c000000000002a4
223000000000000024
223400000000000031
223800000000000100
223c000000000005f1
2240000000000000a9
224400000000000090
224800000000000001
224c00000000000484
225000000000000019
225400000000000844
2258000000000000c4
225c00000000000559
2260000000000000a9
226400000000000559
226800000000000009
226c000000000000e1
2270000000000000a9
227400000000000004
227800000000000031
227c00000000000090
228000000000000000
228400000000000510
228800000000000040
228c00000000000190
229000000000000000
2294000000000000e1
229800000000000064
229c00000000000121
22a0000000000001e4
22a400000000000900
22a800000000000004
22ac000000000002a4
22b000000000000004
22b4000000000001b9
22b800000000000010
22bc00000000000169
22c000000000000019
22c400000000001900
22c800000000000004
22cc000000000013b1
22d000000000000009
22d400000000000510
22d800000000000019
22dc000000000006e4
22e000000000000031
22e400000000000d24
22e800000000000004
22ec000000000000e1
22f0000000000000c4
22f400000000000310
22f800000000000031
22fc00000000000441
2300000000000000c4
230400000000000739
230800000000000010
230c000000000002d9
231000000000000010
231400000000001440
231800000000000079
231c000000000003c1
232000000000000001
232400000000000441
2328000000000000c4
232c00000000000bd1
233000000000000019
233400000000000211
233800000000000004
233c00000000000169
234000000000000004
2344000000000003c1
234800000000000009
234c00000000000079
235000000000000019
2354000000000007e9
235800000000000009
235c00000000000c40
236000000000000010
236400000000000b64
236800000000000004
236c00000000000079
237000000000000004
237400000000000271
237800000000000064
237c00000000000024
2380000000000000a9
2384000000000027d9
238800000000000000
238c00000000001440
239000000000000079
239400000000000640
2398000000000000c4
239c00000000000009
23a000000000000019
23a400000000000090
23a800000000000004
23ac000000000001e4
23b000000000000019
23b400000000002584
23b800000000000121
23bc00000000000169
23c000000000000090
23c4000000000000e1
23c800000000000121
23cc000000000002a4
23d000000000000090
23d4000000000001e4
23d800000000000024
23dc00000000000019
23e000000000000004
23e400000000000484
23e800000000000000
23ec00000000000310
23f000000000000009
23f400000000000441
23f800000000000000
23fc000001c613b4c4
240000000716c4b0a4
2404000001c5bbd2a1
240800000000000004
240c000000000004c9
241000000000000019
2414000000000001b9
241800000000000019
241c000000000000e1
242000000000000019
2424000000000001e4
242800000000000009
242c00000000000031
2430000000000000a9
243400000000000064
243800000000000079
243c00000000000559
244000000000000004
2444000000000002a4
244800000000000064
244c00000000000c40
2450000000000000c4
2454000000000001e4
245800000000000031
245c00000000000384
246000000000000010
246400000000000271
246800000000000010
246c00000000000790
247000000000000024
247400000000000064
247800000000000000
247c00000000000844
248000000000000100
248400000000000961
248800000000000090
248c000000000002d9
2490000000000000e1
2494000000000005a4
249800000000000051
249c00000000000169
24a000000000000090
24a400000000000100
24a800000000000064
24ac00000000000310
24b000000000000001
24b4000000000000c4
24b800000000000051
24bc00000000000900
24c000000000000000
24c400000000000040
24c800000000000051
24cc000000000004c9
24d000000000000064
24d400000000000144
24d800000000000064
24dc00000000001324
24e000000000000001
24e400000000000010
24e800000000000040
24ec00000000000b64
24f000000000000024
24f4000000000001e4
24f8000000000000a9
24fc00000000000310
250000000000000001
2504000000000019a1
250800000000000010
250c00000000000e89
251000000000000040
251400000000000090
251800000000000009
251c00000000000010
2520000000000000a9
2524000000000003c1
252800000000000024
252c00000000000031
253000000000000064
253400000000000510
2538000000000000a9
253c000000000002a4
254000000000000019
254400000000000000
254800000000000079
254c00000000000d99
255000000000000009
255400000000000400
255800000000000190
255c00000000000900
256000000000000001
256400000000000349
256800000000000169
256c00000000000844
257000000000000004
257400000000000900
2578000000000000a9
257c000000000003c1
258000000000000010
258400000000000b64
258800000000000169
258c000000000001b9
259000000000000001
259400000000000064
259800000000000009
259c00000000000051
25a000000000000064
25a400000000000019
25a800000000000009
25ac00000000000144
25b000000000000001
25b400000000000019
25b800000000000271
25bc00000000000169
25c000000000000090
25c4000000000003c1
25c800000000000121
25cc00000000000019
25d000000000000064
25d4000000000001b9
25d800000000000051
25dc000000000002d9
25e000000000000040
25e400000000001000
25e800000000000019
25ec00000000000790
25f000000000000004
25f400000000000010
25f800000000000079
25fc00000000000190
2600000000000000e1
2604000000000005a4
260800000000000031
260c00000000000001
261000000000000079
261400000000000024
2618000000000000a9
261c000000000002a4
2620000000000000a9
2624000000000005f1
2628000000000000a9
262c00000000000310
263000000000000121
263400000000000051
263800000000000019
263c00000000001ef1
264000000000000090
264400000000000079
264800000000000100
264c00000000000121
265000000000000079
265400000000000739
265800000000000004
265c000000000001b9
266000000000000019
266400000000000031
266800000000000001
266c000000000024c1
267000000000000010
267400000000000a90
267800000000000064
267c00000000000691
268000000000000024
268400000000000004
268800000000000010
268c00000000000009
269000000000000001
269400000000000240
269800000000000079
269c00000000000af9
26a000000000000144
26a400000000000349
26a800000000000010
26ac00000000000349
26b000000000000051
26b4000000000021c9
26b800000000000001
26bc00000000000004
26c000000000000100
26c400000000000e89
26c800000000000019
26cc00000000000121
26d000000000000090
26d400000000001299
26d800000000000004
26dc00000000000640
26e000000000000004
26e400000000000019
26e800000000000009
26ec000000000000a9
26f000000000000000
26f400000000000349
26f800000000000001
26fc00000000000051
270000000000000001
270400000000000d24
270800000000000121
270c00000000000121
271000000000000079
271400000000000bd1
271800000000000024
271c00000000001000
272000000000000024
272400000000000040
272800000000000009
272c00000000000000
273000000000000024
273400000000000310
273800000000000169
273c000000000000c4
274000000000000009
274400000000000051
274800000000000064
274c00000000000349
275000000000000100
275400000000000019
275800000000000064
275c00000000000009
276000000000000009
2764000000000004c9
276800000000000121
276c000000000005f1
2770000000000000c4
277400000000000144
277800000000000010
277c00000000000844
278000000000000031
278400000000000349
278800000000000010
278c000000000005f1
279000000000000024
279400000000000c40
2798000000000000a9
279c00000000000a29
27a000000000000000
27a400000000000079
27a800000000000009
27ac00000000000559
27b000000000000064
27b400000000000040
27b800000000000040
27bc000000000003c1
27c000000000000009
27c400000000000240
27c800000000000064
27cc00000000000064
27d000000000000190
27d4000000000001b9
27d8000000000000c4
27dc00000000000090
27e000000000000040
27e4000000000005a4
27e800000000000040
27ec00000000000a29
27f000000000000024
27f400000000000510
27f800000000000001
27fc000000000002d9
280000000000000144
280400000000000484
280800000000000010
280c00000000000640
281000000000000090
281400000000002649
281800000000000024
281c00000000000739
282000000000000100
282400000000000790
282800000000000064
282c000000000009c4
283000000000000004
2834000000000000e1
283800000000000010
283c00000000000079
284000000000000079
284400000000000100
2848000000000000a9
284c00000000000484
285000000000000019
285400000000000190
285800000000000000
285c00000000000079
286000000000000019
286400000000000031
286800000000000001
286c00000000000001
287000000000000001
2874000000000009c4
287800000000000019
287c00000000000790
288000000000000000
288400000000000190
288800000000000040
288c00000000000310
289000000000000004
289400000000000079
289800000000000024
289c000000000003c1
28a000000000000010
28a400000000000844
28a800000000000090
28ac000000000000c4
28b000000000000090
28b400000000000019
28b800000000000010
28bc000000000002d9
28c000000000000211
28c4000000000002a4
28c800000000000064
28cc000000000002d9
28d000000000000051
28d400000000000f04
28d8000000000000a9
28dc00000000000190
28e000000000000079
28e4000000000009c4
28e800000000000024
28ec00000000000019
28f000000000000090
28f400000000001e40
28f800000000000169
28fc00000000000f81
2900000000000000c4
290400000000000190
2908000000000000a9
290c00000000000400
291000000000000001
2914000000000005a4
291800000000000004
291c00000000000484
292000000000000040
292400000000000144
2928000000000000e1
292c00000000000af9
293000000000000000
293400000000001299
293800000000000001
293c00000000000079
2940000000000000a9
294400000000000484
294800000000000031
294c00000000000271
295000000000000169
295400000000000079
295800000000000010
295c00000000000400
296000000000000031
296400000000000559
296800000000000211
296c00000000000009
297000000000000051
297400000000000009
297800000000000010
297c00000000001081
298000000000000079
298400000000000001
298800000000000400
298c00000000000a29
299000000000000019
299400000000000240
299800000000000031
299c00000000000064
29a000000000000019
29a4000000000000e1
29a800000000000024
29ac00000000000009
29b000000000000079
29b4000000000002a4
29b800000000000051
29bc00000000000064
29c000000000000000
29c400000000000144
29c800000000000019
29cc00000000000240
29d000000000000051
29d400000000000024
29d800000000000004
29dc00000000000051
29e000000000000031
29e4000000000004c9
29e800000000000000
29ec000000000005f1
29f000000000000051
29f4000000000000c4
29f800000000000024
29fc00000000001ef1
2a0000000000000040
2a0400000000000310
2a0800000000000040
2a0c00000000000144
2a1000000000000010
2a14000000000000e1
2a1800000000000010
2a1c00000000000169
2a2000000000000024
2a2400000000001fa4
2a2800000000000010
2a2c000000000002a4
2a3000000000000004
2a3400000000000af9
2a3800000000000004
2a3c000000000008a1
2a4000000000000019
2a4400000000000e10
2a4800000000000009
2a4c00000000000400
2a5000000000000001
2a5400000000000a90
2a5800000000000024
2a5c000000000000a9
2a6000000000000211
2a6400000000000bd1
2a68000000000000e1
2a6c000000000002d9
2a7000000000000001
2a7400000000000b64
2a7800000000000001
2a7c00000000000040
2a8000000000000064
2a8400000000000000
2a8800000000000004
2a8c00000000000d24
2a9000000000000004
2a9400000000000cb1
2a9800000000000144
2a9c000000000005f1
2aa000000000000000
2aa400000000000040
2aa800000000000024
2aac00000000000484
2ab000000000000090
2ab4000000000002d9
2ab800000000000024
2abc000000000001b9
2ac000000000000001
2ac400000000000400
2ac800000000000000
2acc00000000001189
2ad000000000000031
2ad4000000000000c4
2ad800000000000031
2adc00000000000e10
2ae000000000000019
2ae400000000000240
2ae800000000000090
2aec00000000000961
2af000000000000004
2af400000000000c40
2af800000000000001
2afc000000000015f9
2b0000000000000010
2b04000000000005f1
2b0800000000000024
2b0c00000000000001
2b1000000000000040
2b1400000000000064
2b1800000000000349
2b1c000000000000a9
2b2000000000000019
2b2400000000000009
2b2800000000000040
2b2c00000000000051
2b3000000000000009
2b3400000000000441
2b3800000000000144
2b3c00000000000031
2b4000000000000100
2b44000000000000e1
2b4800000000000009
2b4c00000000000169
2b50000000000001b9
2b54000000000005f1
2b5800000000000079
2b5c00000000000090
2b6000000000000000
2b6400000000000010
2b6800000000000004
2b6c00000000000009
2b7000000000000090
2b7400000000000169
2b7800000000000024
2b7c00000000000240
2b8000000000000009
2b8400000000000051
2b8800000000000004
2b8c00000000000100
2b9000000000000001
2b9400000000000900
2b9800000000000010
2b9c000000000004c9
2ba000000000000031
2ba400000000000384
2ba800000000000064
2bac00000000000a90
2bb000000000000009
2bb400000000000024
2bb800000000000001
2bbc000000000004c9
2bc000000000000004
2bc400000000000211
2bc8000000000000e1
2bcc00000000000000
2bd000000000000000
2bd400000000000900
2bd800000000000010
2bdc000000000007e9
2be000000000000024
2be400000000000190
2be800000000000004
2bec00000000000064
2bf000000000000001
2bf400000000000169
2bf800000000000000
2bfc00000000000f04
2c0000000000000010
2c0400000000001324
2c0800000000000090
2c0c000000000003c1
2c1000000000000190
2c1400000000000001
2c1800000000000040
2c1c00000000000240
2c2000000000000019
2c2400000000001ce4
2c2800000000000169
2c2c00000000000121
2c3000000000000051
2c3400000000000144
2c3800000000000019
2c3c00000000000271
2c4000000000000090
2c4400000000000e89
2c4800000000000024
2c4c00000000000484
2c5000000000000090
2c5400000000000090
2c5800000000000001
2c5c00000000000079
2c6000000000000144
2c6400000000000484
2c6800000000000010
2c6c000000000001b9
2c7000000000000010
2c7400000000000e89
2c7800000000000024
2c7c00000000000211
2c80000000000000c4
2c84000000000015f9
2c88000000000001e4
2c8c00000000000640
2c9000000000000009
2c9400000000000240
2c9800000000000121
2c9c00000000000040
2ca0000000000000a9
2ca400000000000079
2ca800000000000031
2cac00000000002341
2cb000000000000024
2cb4000000000002a4
2cb800000000000024
2cbc00000000000d24
2cc000000000000031
2cc400000000000a29
2cc800000000000000
2ccc00000000000cb1
2cd000000000000090
2cd4000000000013b1
2cd800000000000144
2cdc00000000000004
2ce0000000000000a9
2ce400000000000844
2ce800000000000004
2cec000000000002a4
2cf000000000000001
2cf4000000000000e1
2cf800000000000384
2cfc000000000000c4
2d00000000000000c4
2d0400000000000051
2d0800000000000001
2d0c000000000004c9
2d10000000000002d9
2d1400000000001000
2d1800000000000010
2d1c00000000000090
2d2000000000000009
2d24000000000000a9
2d2800000000000064
2d2c00000000000400
2d3000000000000090
2d3400000000000349
2d3800000000000019
2d3c00000000002284
2d40000000000000a9
2d4400000000000271
2d4800000000000019
2d4c000000000000a9
2d5000000000000040
2d5400000000000144
2d5800000000000009
2d5c000000000001e4
2d6000000000000024
2d64000000000015f9
2d6800000000000064
2d6c00000000000040
2d7000000000000079
2d7400000000003490
2d7800000000000010
2d7c00000000000211
2d8000000000000010
2d8400000000002400
2d88000000000001b9
2d8c00000000000691
2d9000000000000001
2d9400000000000024
2d98000000000000a9
2d9c00000000000051
2da000000000000004
2da400000000000121
2da800000000000051
2dac00000000000e89
2db000000000000031
2db400000000000a90
2db800000000000031
2dbc00000000000af9
2dc000000000000090
2dc4000000000014d1
2dc800000000000019
2dcc00000000000cb1
2dd000000000000019
2dd400000000000240
2dd8000000000000c4
2ddc00000000000240
2de000000000000064
2de400000000001104
2de8000000000000a9
2dec00000000000009
2df000000000000024
2df400000000000079
2df800000000000031
2dfc00000000000031
2e0000000000000009
2e0400000000000900
2e0800000000000001
2e0c00000000001690
2e1000000000000019
2e14000000000006e4
2e1800000000000211
2e1c00000000000441
2e2000000000000090
2e2400000000000640
2e2800000000000090
2e2c00000000000121
2e3000000000000121
2e34000000000000c4
2e3800000000000031
2e3c000000000001b9
2e4000000000000024
2e4400000000000190
2e4800000000000040
2e4c00000000000900
2e50000000000001e4
2e5400000000000349
2e5800000000000079
2e5c00000000000739
2e6000000000000010
2e64000000000002d9
2e6800000000000000
2e6c00000000000961
2e7000000000000079
2e7400000000000e10
2e7800000000000031
2e7c00000000001000
2e8000000000000271
2e8400000000000009
2e8800000000000051
2e8c00000000001299
2e9000000000000001
2e9400000000000001
2e9800000000000009
2e9c000000000007e9
2ea000000000000064
2ea400000000000384
2ea800000000000000
2eac000000000005f1
2eb000000000000010
2eb400000000000121
2eb800000000000090
2ebc00000000000271
2ec000000000000079
2ec400000000000064
2ec800000000000000
2ecc00000000001900
2ed0000000000001b9
2ed400000000000a90
2ed800000000000031
2edc00000000000064
2ee000000000000000
2ee4000000000000e1
2ee800000000000001
2eec00000000000190
2ef0000000000000c4
2ef400000000001690
2ef800000000000001
2efc00000000000640
2f0000000000000031
2f0400000000000bd1
2f0800000000000009
2f0c000000000005a4
2f1000000000000010
2f1400000000000010
2f1800000000000079
2f1c000000000001b9
2f2000000000000040
2f24000000000007e9
2f2800000000000031
2f2c000000000000c4
2f3000000000000010
2f3400000000000441
2f3800000000000031
2f3c00000000001081
2f40000000000000e1
2f4400000000000484
2f4800000000000144
2f4c00000000000d24
2f5000000000000100
2f54000000000001e4
2f58000000000001e4
2f5c000000000002d9
2f6000000000000051
2f6400000000000349
2f68000000000000e1
2f6c000000000008a1
2f7000000000000010
2f7400000000000559
2f7800000000000010
2f7c000000000002d9
2f8000000000000100
2f8400000000000100
2f8800000000000051
2f8c00000000000400
2f9000000000000031
2f94000000000006e4
2f9800000000000040
2f9c00000000000a90
2fa000000000000000
2fa400000000000000
2fa800000000000271
2fac00000000000441
2fb000000000000001
2fb4000000000007e9
2fb800000000000019
2fbc000000000002a4
2fc000000000000004
2fc400000000000051
2fc800000000000079
2fcc00000000000024
2fd000000000000040
2fd4000000000015f9
2fd800000000000064
2fdc00000000000441
2fe000000000000121
2fe400000000001b90
2fe800000000000051
2fec00000000000484
2ff000000000000004
2ff4000000000024c1
2ff8000000000000a9
2ffc00000000000790
300000000000000004
300400000000000e10
300800000000000004
300c00000000000144
301000000000000040
301400000000000271
3018000000000002a4
301c000000000002d9
3020000000000000c4
302400000000000510
302800000000000064
302c00000000000310
303000000000000004
303400000000000051
303800000000000024
303c00000000000001
304000000000000009
3044000000000000c4
304800000000000019
304c000000000009c4
3050000000000000a9
305400000000000484
305800000000000004
305c00000000000559
306000000000000051
306400000000000af9
3068000000000000e1
306c00000000002059
307000000000000169
307400000000000090
307800000000000031
307c00000000000004
308000000000000004
308400000000000100
308800000000000064
308c000000000002a4
309000000000000010
309400000000000031
309800000000000090
309c00000000003021
30a000000000000090
30a400000000001440
30a800000000000010
30ac000000000002a4
30b0000000000000c4
30b4000000000000a9
30b800000000000004
30bc00000000000019
30c000000000000031
30c400000000000004
30c800000000000024
30cc00000000000009
30d000000000000031
30d4000000000000c4
30d800000000000031
30dc00000000000c40
30e000000000000001
30e400000000001564
30e800000000000004
30ec00000000000051
30f000000000000000
30f400000000000310
30f800000000000031
30fc00000000000211
310000000000000024
310400000000000190
3108000000000000a9
310c00000000001440
311000000000000079
311400000000000024
311800000000000090
311c000000000006e4
312000000000000010
312400000000000510
312800000000000121
312c000000000000a9
3130000000000000c4
313400000000000001
313800000000000079
313c00000000000169
314000000000000051
314400000000001324
314800000000000001
314c00000000001ae9
3150000000000000a9
315400000000000051
3158000000000000c4
315c000000000001e4
3160000000000000e1
3164000000000000a9
3168000000000000a9
316c00000000000079
317000000000000009
3174000000000014d1
317800000000000190
317c00000000000211
318000000000000009
3184000000000013b1
318800000000000090
318c00000000000009
3190000000000000e1
319400000000000310
319800000000000009
319c00000000000d24
31a000000000000079
31a400000000001ae9
31a800000000000010
31ac00000000000271
31b0000000000001b9
31b400000000000000
31b800000000000001
31bc000000000002a4
31c000000000000004
31c400000000001104
31c800000000000001
31cc000000000009c4
31d000000000000051
31d400000000000190
31d800000000000000
31dc000000000002d9
31e000000000000019
31e400000000000009
31e800000000000010
31ec000000000007e9
31f000000000000001
31f400000000000090
31f8000000000001e4
31fc00000000000d99
320000000000000144
320400000000000144
3208000000000000c4
320c000000000002a4
321000000000000010
321400000000000169
321800000000000040
321c00000000000009
322000000000000024
322400000000002584
322800000000000010
322c00000000000100
323000000000000010
323400000000000009
323800000000000024
323c00000000000a29
324000000000000019
3244000000000017c4
324800000000000019
324c00000000000190
3250000000000000a9
325400000000001564
325800000000000000
325c000000000007e9
326000000000000031
326400000000000271
326800000000000031
326c00000000000349
327000000000000019
327400000000000064
3278000000000000a9
327c00000000000064
328000000000000000
328400000000000064
328800000000000064
328c00000000000004
329000000000000010
3294000000000002d9
329800000000000090
329c00000000001861
32a000000000000024
32a400000000000844
32a800000000000040
32ac00000000000064
32b000000000000004
32b400000000000001
32b800000000000040
32bc00000000001861
32c000000000000051
32c400000000000510
32c800000000000010
32cc00000000000349
32d000000000000031
32d400000000001564
32d800000000000051
32dc00000000000144
32e000000000000079
32e400000000000144
32e800000000000004
32ec00000000000009
32f000000000000040
32f400000000000090
32f800000000000051
32fc000000000008a1
330000000000000144
330400000000002e69
330800000000000024
330c00000000000051
331000000000000100
331400000000000144
331800000000000031
331c00000000000349
332000000000000079
332400000000000009
332800000000000000
332c000000000008a1
333000000000000019
3334000000000003c1
333800000000000004
333c00000000000441
334000000000000040
334400000000000019
334800000000000031
334c00000000000009
335000000000000031
3354000000000001b9
335800000000000051
335c000000000002a4
336000000000000040
336400000000000c40
336800000000000040
336c00000000000031
337000000000000004
3374000000000008a1
337800000000000024
337c000000000001e4
338000000000000051
338400000000000079
338800000000000010
338c00000000000100
339000000000000079
339400000000000040
339800000000000004
339c00000000000019
33a0000000000000a9
33a400000000002400
33a800000000000240
33ac00000000000310
33b000000000000031
33b400000000000a90
33b8000000000000e1
33bc00000000000031
33c000000000000010
33c400000000000001
33c800000000000001
33cc00000000000100
33d000000000000000
33d400000000000090
33d800000000000010
33dc00000000000009
33e000000000000090
33e400000000001440
33e800000000000004
33ec00000000000064
33f000000000000001
33f400000000000051
33f800000000000144
33fc0000000b3d5110
34000000002d442fa4
34040000000b52ba91
3408000000000000c4
340c00000000001189
341000000000000019
3414000000000001b9
341800000000000001
341c00000000000169
3420000000000001b9
342400000000000064
342800000000000169
342c00000000001729
343000000000000079
343400000000000190
343800000000000019
343c00000000000019
344000000000000024
344400000000000a90
344800000000000010
344c00000000000310
345000000000000024
345400000000000010
3458000000000000a9
345c00000000000384
346000000000000100
346400000000000211
346800000000000024
346c00000000000144
347000000000000064
347400000000000064
347800000000000144
347c00000000000024
348000000000000004
348400000000000121
348800000000000004
348c000000000004c9
349000000000000001
3494000000000002a4
349800000000000019
349c00000000001c39
34a0000000000000c4
34a400000000000240
34a800000000000000
34ac00000000000004
34b000000000000051
34b400000000000064
34b800000000000079
34bc00000000000484
34c000000000000010
34c4000000000002a4
34c800000000000031
34cc00000000000bd1
34d000000000000004
34d400000000002400
34d800000000000144
34dc00000000000400
34e000000000000019
34e400000000000010
34e800000000000024
34ec00000000000310
34f000000000000064
34f400000000000040
34f800000000000121
34fc000000000001e4
350000000000000051
350400000000000031
350800000000000010
350c000000000001b9
351000000000000000
351400000000000400
351800000000000009
351c00000000000000
352000000000000079
3524000000000002d9
352800000000000064
352c000000000003c1
353000000000000004
353400000000000b64
353800000000000211
353c00000000000100
354000000000000079
354400000000000144
354800000000000031
354c000000000001b9
355000000000000019
355400000000000e10
355800000000000064
355c00000000000b64
356000000000000001
356400000000000211
356800000000000009
356c00000000000064
357000000000000010
3574000000000005a4
357800000000000031
357c00000000000051
358000000000000010
3584000000000017c4
358800000000000051
358c00000000000079
359000000000000019
359400000000000144
359800000000000001
359c00000000000739
35a000000000000064
35a400000000000169
35a8000000000000e1
35ac00000000001900
35b000000000000051
35b400000000000441
35b800000000000001
35bc00000000000e89
35c000000000000024
35c400000000000031
35c8000000000001b9
35cc00000000000211
35d0000000000000c4
35d400000000000079
35d800000000000009
35dc00000000000d99
35e000000000000004
35e400000000001210
35e800000000000019
35ec00000000000024
35f0000000000000c4
35f400000000000100
35f800000000000121
35fc00000000000640
360000000000000019
360400000000000144
360800000000000001
360c000000000003c1
361000000000000169
3614000000000002a4
361800000000000079
361c000000000000c4
362000000000000121
362400000000000271
362800000000000019
362c00000000000484
363000000000000019
363400000000000271
363800000000000031
363c00000000000019
364000000000000190
364400000000000079
364800000000000024
364c000000000008a1
365000000000000009
365400000000000169
365800000000000000
365c00000000000559
3660000000000000e1
366400000000000031
366800000000000019
366c000000000004c9
367000000000000090
367400000000001210
367800000000000384
367c00000000001189
368000000000000100
368400000000000e10
368800000000000064
368c000000000002d9
369000000000000019
369400000000000190
369800000000000031
369c00000000000051
36a000000000000040
36a4000000000002d9
36a800000000000040
36ac00000000001299
36b000000000000051
36b4000000000002d9
36b800000000000009
36bc00000000000040
36c000000000000000
36c400000000000f81
36c800000000000051
36cc000000000000a9
36d000000000000100
36d400000000000349
36d800000000000004
36dc00000000000100
36e000000000000004
36e4000000000005f1
36e800000000000001
36ec00000000000f81
36f000000000000064
36f400000000000031
36f800000000000001
36fc00000000000271
370000000000000001
370400000000000790
370800000000000031
370c00000000000031
371000000000000001
371400000000000271
371800000000000000
371c000000000005a4
372000000000000000
372400000000000c40
372800000000000001
372c00000000001324
373000000000000040
373400000000000144
373800000000000019
373c00000000000f04
374000000000000031
3744000000000004c9
374800000000000040
374c00000000000079
375000000000000190
375400000000000e89
375800000000000190
375c00000000000001
376000000000000079
3764000000000002d9
376800000000000031
376c000000000001b9
377000000000000190
377400000000000064
377800000000000040
377c00000000000024
378000000000000031
3784000000000013b1
378800000000000040
378c00000000001299
379000000000000024
3794000000000009c4
379800000000000009
379c00000000000af9
37a000000000000000
37a400000000000961
37a800000000000031
37ac00000000000079
37b000000000000000
37b400000000000400
37b800000000000000
37bc00000000000cb1
37c000000000000121
37c400000000002d90
37c800000000000024
37cc00000000000310
37d000000000000000
37d4000000000000a9
37d800000000000040
37dc00000000000640
37e000000000000010
37e400000000000240
37e800000000000144
37ec000000000008a1
37f000000000000010
37f400000000000024
37f800000000000079
37fc000000000002d9
380000000000000000
3804000000000005a4
380800000000000004
380c00000000000040
381000000000000024
381400000000000211
381800000000000004
381c00000000000009
382000000000000010
382400000000000640
382800000000000010
382c00000000000b64
383000000000000040
383400000000000271
383800000000000024
383c00000000000079
384000000000000051
384400000000001324
384800000000000009
384c000000000000c4
385000000000000019
385400000000000900
3858000000000000c4
385c000000000007e9
386000000000000001
386400000000000079
386800000000000079
386c00000000000739
3870000000000000a9
387400000000000040
387800000000000079
387c00000000000b64
388000000000000024
388400000000000100
388800000000000040
388c000000000002a4
389000000000000004
389400000000000271
389800000000000024
389c000000000004c9
38a0000000000000c4
38a4000000000002a4
38a800000000000010
38ac00000000000010
38b000000000000010
38b4000000000015f9
38b800000000000040
38bc000000000005f1
38c000000000000019
38c400000000000790
38c800000000000064
38cc00000000000019
38d000000000000031
38d400000000000844
38d800000000000031
38dc000000000006e4
38e000000000000001
38e400000000000040
38e800000000000040
38ec00000000000961
38f000000000000010
38f4000000000002a4
38f800000000000019
38fc000000000003c1
390000000000000004
390400000000000484
390800000000000001
390c00000000000090
391000000000000009
391400000000003664
391800000000000004
391c000000000000c4
3920000000000000c4
392400000000000004
392800000000000121
392c00000000001ef1
393000000000000024
393400000000000211
393800000000000001
393c000000000004c9
394000000000000001
394400000000000484
394800000000000051
394c000000000000e1
395000000000000001
395400000000000051
395800000000000040
395c00000000000144
396000000000000051
396400000000000739
396800000000000079
396c00000000000019
397000000000000009
397400000000000441
397800000000000010
397c00000000000441
398000000000000019
398400000000000bd1
398800000000000010
398c00000000000079
399000000000000031
399400000000000d24
399800000000000031
399c00000000000240
39a000000000000051
39a400000000000271
39a800000000000010
39ac000000000001b9
39b000000000000019
39b4000000000005a4
39b800000000000019
39bc00000000000000
39c000000000000040
39c400000000000010
39c8000000000000e1
39cc00000000000240
39d000000000000001
39d400000000000384
39d8000000000000c4
39dc00000000000001
39e000000000000079
39e400000000000961
39e800000000000064
39ec000000000002d9
39f000000000000079
39f400000000001324
39f8000000000000c4
39fc000000000015f9
3a0000000000000000
3a0400000000000064
3a0800000000000090
3a0c000000000000c4
3a1000000000000024
3a1400000000000211
3a1800000000000000
3a1c000000000003c1
3a2000000000000010
3a2400000000000010
3a2800000000000010
3a2c00000000000c40
3a3000000000000040
3a34000000000008a1
3a3800000000000004
3a3c000000000003c1
3a4000000000000051
3a4400000000000090
3a4800000000000001
3a4c00000000000024
3a5000000000000009
3a54000000000002a4
3a5800000000000064
3a5c000000000003c1
3a6000000000000019
3a64000000000014d1
3a6800000000000009
3a6c00000000000009
3a7000000000000051
3a7400000000000484
3a7800000000000051
3a7c000000000005a4
3a8000000000000024
3a8400000000000c40
3a8800000000000144
3a8c00000000002a40
3a9000000000000144
3a9400000000000169
3a9800000000000100
3a9c00000000000121
3aa000000000000004
3aa400000000001210
3aa800000000000024
3aac00000000000010
3ab000000000000190
3ab400000000000169
3ab800000000000004
3abc000000000005f1
3ac000000000000051
3ac400000000000024
3ac800000000000010
3acc000000000004c9
3ad000000000000009
3ad400000000000384
3ad800000000000051
3adc00000000000144
3ae000000000000009
3ae4000000000002a4
3ae800000000000040
3aec00000000000079
3af000000000000040
3af4000000000009c4
3af800000000000009
3afc00000000000001
3b0000000000000024
3b0400000000000f81
3b0800000000000100
3b0c00000000000961
3b1000000000000024
3b1400000000000190
3b1800000000000001
3b1c000000000001b9
3b2000000000000031
3b2400000000000051
3b2800000000000010
3b2c000000000005f1
3b3000000000000019
3b3400000000000cb1
3b3800000000000100
3b3c00000000000019
3b4000000000000064
3b4400000000000f81
3b4800000000000031
3b4c00000000000009
3b5000000000000079
3b5400000000000031
3b5800000000000001
3b5c00000000000384
3b60000000000000c4
3b6400000000000090
3b6800000000000000
3b6c00000000000211
3b7000000000000190
3b7400000000000f81
3b7800000000000010
3b7c00000000002284
3b8000000000000051
3b8400000000000079
3b8800000000000004
3b8c00000000000400
3b9000000000000001
3b9400000000000040
3b9800000000000010
3b9c00000000001081
3ba000000000000019
3ba4000000000005a4
3ba800000000000024
3bac00000000000510
3bb000000000000211
3bb400000000001104
3bb800000000000051
3bbc00000000000d99
3bc000000000000090
3bc400000000000031
3bc8000000000000a9
3bcc00000000000400
3bd000000000000024
3bd400000000000384
3bd800000000000064
3bdc00000000000079
3be000000000000090
3be400000000000090
3be800000000000100
3bec00000000000400
3bf000000000000051
3bf4000000000001b9
3bf800000000000144
3bfc000000000006e4
3c0000000000000010
3c0400000000000064
3c0800000000000024
3c0c00000000000001
3c1000000000000064
3c1400000000000031
3c1800000000000010
3c1c00000000000064
3c2000000000000051
3c2400000000001324
3c2800000000000009
3c2c00000000000559
3c3000000000000009
3c34000000000002a4
3c38000000000000a9
3c3c00000000001d91
3c4000000000000064
3c44000000000002d9
3c4800000000000024
3c4c00000000001690
3c5000000000000040
3c5400000000000844
3c5800000000000019
3c5c00000000000121
3c6000000000000004
3c6400000000001210
3c6800000000000090
3c6c000000000015f9
3c7000000000000090
3c7400000000000349
3c7800000000000010
3c7c00000000000211
3c8000000000000064
3c8400000000002341
3c8800000000000064
3c8c00000000000190
3c9000000000000009
3c9400000000000240
3c9800000000000031
3c9c000000000000c4
3ca0000000000000a9
3ca400000000000cb1
3ca8000000000000a9
3cac000000000000e1
3cb000000000000040
3cb400000000000144
3cb800000000000004
3cbc00000000001104
3cc000000000000079
3cc400000000000031
3cc800000000000040
3ccc00000000000e89
3cd000000000000004
3cd4000000000004c9
3cd800000000000040
3cdc00000000000384
3ce000000000000001
3ce4000000000000c4
3ce800000000000040
3cec00000000000144
3cf0000000000000e1
3cf400000000000079
3cf800000000000090
3cfc000000000005a4
3d0000000000000000
3d04000000000000e1
3d0800000000000079
3d0c00000000000169
3d1000000000000001
3d1400000000000024
3d1800000000000100
3d1c00000000000024
3d2000000000000441
3d2400000000000169
3d2800000000000024
3d2c00000000000144
3d3000000000000004
3d3400000000000121
3d3800000000000001
3d3c000000000005a4
3d4000000000000001
3d44000000000002d9
3d4800000000000051
3d4c000000000003c1
3d50000000000000c4
3d5400000000000064
3d5800000000000121
3d5c000000000001e4
3d6000000000000024
3d64000000000004c9
3d6800000000000010
3d6c00000000000384
3d7000000000000009
3d7400000000000384
3d7800000000000024
3d7c000000000002d9
3d8000000000000064
3d8400000000000a90
3d8800000000000009
3d8c000000000021c9
3d9000000000000009
3d9400000000000010
3d9800000000000009
3d9c00000000000079
3da0000000000001e4
3da4000000000014d1
3da8000000000000e1
3dac00000000000559
3db0000000000000e1
3db400000000001324
3db800000000000009
3dbc00000000000af9
3dc000000000000004
3dc400000000000441
3dc800000000000019
3dcc00000000000559
3dd000000000000051
3dd400000000000024
3dd800000000000024
3ddc00000000000384
3de000000000000240
3de4000000000001e4
3de800000000000001
3dec00000000000079
3df000000000000064
3df400000000000079
3df800000000000031
3dfc00000000001861
3e0000000000000001
3e0400000000000040
3e0800000000000019
3e0c00000000000640
3e1000000000000031
3e1400000000000004
3e1800000000000001
3e1c00000000000001
3e2000000000000064
3e2400000000000900
3e2800000000000100
3e2c00000000000051
3e3000000000000121
3e3400000000002f44
3e38000000000000a9
3e3c000000000005f1
3e4000000000000064
3e4400000000001900
3e4800000000000090
3e4c00000000000024
3e5000000000000004
3e54000000000005f1
3e5800000000000031
3e5c00000000000169
3e6000000000000004
3e6400000000000121
3e6800000000000010
3e6c00000000000739
3e7000000000000051
3e7400000000000510
3e7800000000000009
3e7c000000000000c4
3e8000000000000001
3e8400000000000961
3e8800000000000019
3e8c00000000000019
3e9000000000000001
3e94000000000008a1
3e9800000000000051
3e9c00000000000009
3ea000000000000024
3ea400000000001ce4
3ea800000000000040
3eac00000000000001
3eb000000000000040
3eb4000000000003c1
3eb8000000000000c4
3ebc000000000001b9
3ec000000000000001
3ec400000000000004
3ec800000000000004
3ecc00000000000400
3ed0000000000000e1
3ed4000000000000c4
3ed800000000000009
3edc00000000000240
3ee000000000000004
3ee4000000000027d9
3ee800000000000019
3eec00000000000100
3ef000000000000040
3ef400000000000064
3ef800000000000019
3efc00000000000a90
3f0000000000000031
3f04000000000004c9
3f0800000000000019
3f0c00000000000240
3f1000000000000010
3f1400000000000040
3f1800000000000009
3f1c000000000002d9
3f2000000000000024
3f24000000000005f1
3f2800000000000001
3f2c00000000000190
3f3000000000000000
3f3400000000000019
3f3800000000000169
3f3c00000000000691
3f4000000000000009
3f4400000000001e40
3f4800000000000040
3f4c000000000000c4
3f5000000000000010
3f5400000000000240
3f5800000000000024
3f5c00000000000739
3f6000000000000031
3f6400000000000271
3f6800000000000009
3f6c00000000000001
3f7000000000000024
3f7400000000000d99
3f7800000000000040
3f7c000000000002d9
3f8000000000000090
3f8400000000000240
3f8800000000000019
3f8c00000000000090
3f9000000000000009
3f9400000000000f04
3f9800000000000144
3f9c000000000001e4
3fa000000000000004
3fa4000000000009c4
3fa8000000000001b9
3fac000000000002d9
3fb000000000000001
3fb400000000000f81
3fb800000000000001
3fbc00000000000484
3fc000000000000024
3fc400000000000691
3fc800000000000079
3fcc00000000001900
3fd000000000000090
3fd400000000000169
3fd800000000000010
3fdc000000000005f1
3fe000000000000001
3fe4000000000002a4
3fe800000000000001
3fec00000000000000
3ff000000000000010
3ff400000000000271
3ff8000000000000a9
7ffc00000000000240
000000000040011940
000400000040015ba8
000800000040001388
000c000000400055f0
001000000040009858
00140000004000dac0
001800000040011d28
001c00000040015f90
002000000040001770
0024000000400059d8
002800000040009c40
002c0000004000dea8
003000000040012110
003400000040016378
003800000040001b58
003c00000040005dc0
00400000004000a028
00440000004000e290
0048000000400124f8
004c00000040016760
005000000040001f40
0054000000400061a8
00580000004000a410
005c0000004000e678
0060000000400128e0
006400000040016b48
006800000040002328
006c00000040006590
00700000004000a7f8
00740000004000ea60
007800000040012cc8
007c00000040016f30
008000000040002710
008400000040006978
00880000004000abe0
008c0000004000ee48
0090000000400130b0
009400000040017318
009800000040002af8
009c00000040006d60
00a00000004000afc8
00a40000004000f230
00a800000040013498
00ac00000040017700
00b000000040002ee0
00b400000040007148
00b80000004000b3b0
00bc0000004000f618
00c000000040013880
00c400000040017ae8
00c8000000400032c8
00cc00000040007530
00d00000004000b798
00d40000004000fa00
00d800000040013c68
00dc00000040017ed0
00e0000000400036b0
00e400000040007918
00e80000004000bb80
00ec0000004000fde8
00f000000040014050
00f4000000400182b8
00f800000040003a98
00fc00000040007d00
01000000004000bf68
0104000000400101d0
010800000040014438
010c000000400186a0
011000000040003e80
0114000000400080e8
01180000004000c350
011c000000400105b8
012000000040014820
012400000040000000
012800000040004268
012c000000400084d0
01300000004000c738
0134000000400109a0
013800000040014c08
013c000000400003e8
014000000040004650
0144000000400088b8
01480000004000cb20
014c00000040010d88
015000000040014ff0
0154000000400007d0
015800000040004a38
015c00000040008ca0
01600000004000cf08
016400000040011170
0168000000400153d8
016c00000040000bb8
017000000040004e20
017400000040009088
01780000004000d2f0
017c00000040011558
0180000000400157c0
018400000040000fa0
018800000040005208
018c00000040009470
01900000004000d6d8
019400000040011940
019800000040015ba8
019c00000040001388
01a0000000400055f0
01a400000040009858
01a80000004000dac0
01ac00000040011d28
01b000000040015f90
01b400000040001770
01b8000000400059d8
01bc00000040009c40
01c00000004000dea8
01c400000040012110
01c800000040016378
01cc00000040001b58
01d000000040005dc0
01d40000004000a028
01d80000004000e290
01dc000000400124f8
01e000000040016760
01e400000040001f40
01e8000000400061a8
01ec0000004000a410
01f00000004000e678
01f4000000400128e0
01f800000040016b48
01fc00000040002328
020000000040006590
02040000004000a7f8
02080000004000ea60
020c00000040012cc8
021000000040016f30
021400000040002710
021800000040006978
021c0000004000abe0
02200000004000ee48
0224000000400130b0
022800000040017318
022c00000040002af8
023000000040006d60
02340000004000afc8
02380000004000f230
023c00000040013498
024000000040017700
024400000040002ee0
024800000040007148
024c0000004000b3b0
02500000004000f618
025400000040013880
025800000040017ae8
025c000000400032c8
026000000040007530
02640000004000b798
02680000004000fa00
026c00000040013c68
027000000040017ed0
0274000000400036b0
027800000040007918
027c0000004000bb80
02800000004000fde8
028400000040014050
0288000000400182b8
028c00000040003a98
029000000040007d00
02940000004000bf68
0298000000400101d0
029c00000040014438
02a0000000400186a0
02a400000040003e80
02a8000000400080e8
02ac0000004000c350
02b0000000400105b8
02b400000040014820
02b800000040000000
02bc00000040004268
02c0000000400084d0
02c40000004000c738
02c8000000400109a0
02cc00000040014c08
02d0000000400003e8
02d400000040004650
02d8000000400088b8
02dc0000004000cb20
02e000000040010d88
02e400000040014ff0
02e8000000400007d0
02ec00000040004a38
02f000000040008ca0
02f40000004000cf08
02f800000040011170
02fc000000400153d8
030000000040000bb8
030400000040004e20
030800000040009088
030c0000004000d2f0
031000000040011558
0314000000400157c0
031800000040000fa0
031c00000040005208
032000000040009470
03240000004000d6d8
032800000040011940
032c00000040015ba8
033000000040001388
0334000000400055f0
033800000040009858
033c0000004000dac0
034000000040011d28
034400000040015f90
034800000040001770
034c000000400059d8
035000000040009c40
03540000004000dea8
035800000040012110
035c00000040016378
036000000040001b58
036400000040005dc0
03680000004000a028
036c0000004000e290
0370000000400124f8
037400000040016760
037800000040001f40
037c000000400061a8
03800000004000a410
03840000004000e678
0388000000400128e0
038c00000040016b48
039000000040002328
039400000040006590
03980000004000a7f8
039c0000004000ea60
03a000000040012cc8
03a400000040016f30
03a800000040002710
03ac00000040006978
03b00000004000abe0
03b40000004000ee48
03b8000000400130b0
03bc00000040017318
03c000000040002af8
03c400000040006d60
03c80000004000afc8
03cc0000004000f230
03d000000040013498
03d400000040017700
03d800000040002ee0
03dc00000040007148
03e00000004000b3b0
03e40000004000f618
03e800000040013880
03ec00000040017ae8
03f0000000400032c8
03f400000040007530
03f80000004000b798
03fc0000004000fa00
040000000040013c68
040400000040017ed0
0408000000400036b0
040c00000040007918
04100000004000bb80
04140000004000fde8
041800000040014050
041c000000400182b8
042000000040003a98
042400000040007d00
04280000004000bf68
042c000000400101d0
043000000040014438
0434000000400186a0
043800000040003e80
043c000000400080e8
04400000004000c350
0444000000400105b8
044800000040014820
044c00000040000000
045000000040004268
0454000000400084d0
04580000004000c738
045c000000400109a0
046000000040014c08
0464000000400003e8
046800000040004650
046c000000400088b8
04700000004000cb20
047400000040010d88
047800000040014ff0
047c000000400007d0
048000000040004a38
048400000040008ca0
04880000004000cf08
048c00000040011170
0490000000400153d8
049400000040000bb8
049800000040004e20
049c00000040009088
04a00000004000d2f0
04a400000040011558
04a8000000400157c0
04ac00000040000fa0
04b000000040005208
04b400000040009470
04b80000004000d6d8
04bc00000040011940
04c000000040015ba8
04c400000040001388
04c8000000400055f0
04cc00000040009858
04d00000004000dac0
04d400000040011d28
04d800000040015f90
04dc00000040001770
04e0000000400059d8
04e400000040009c40
04e80000004000dea8
04ec00000040012110
04f000000040016378
04f400000040001b58
04f800000040005dc0
04fc0000004000a028
05000000004000e290
0504000000400124f8
050800000040016760
050c00000040001f40
0510000000400061a8
05140000004000a410
05180000004000e678
051c000000400128e0
052000000040016b48
052400000040002328
052800000040006590
052c0000004000a7f8
05300000004000ea60
053400000040012cc8
053800000040016f30
053c00000040002710
054000000040006978
05440000004000abe0
05480000004000ee48
054c000000400130b0
055000000040017318
055400000040002af8
055800000040006d60
055c0000004000afc8
05600000004000f230
056400000040013498
056800000040017700
056c00000040002ee0
057000000040007148
05740000004000b3b0
05780000004000f618
057c00000040013880
058000000040017ae8
0584000000400032c8
058800000040007530
058c0000004000b798
05900000004000fa00
059400000040013c68
059800000040017ed0
059c000000400036b0
05a000000040007918
05a40000004000bb80
05a80000004000fde8
05ac00000040014050
05b0000000400182b8
05b400000040003a98
05b800000040007d00
05bc0000004000bf68
05c0000000400101d0
05c400000040014438
05c8000000400186a0
05cc00000040003e80
05d0000000400080e8
05d40000004000c350
05d8000000400105b8
05dc00000040014820
05e000000040000000
05e400000040004268
05e8000000400084d0
05ec0000004000c738
05f0000000400109a0
05f400000040014c08
05f8000000400003e8
05fc00000040004650
0600000000400088b8
06040000004000cb20
060800000040010d88
060c00000040014ff0
0610000000400007d0
061400000040004a38
061800000040008ca0
061c0000004000cf08
062000000040011170
0624000000400153d8
062800000040000bb8
062c00000040004e20
063000000040009088
06340000004000d2f0
063800000040011558
063c000000400157c0
064000000040000fa0
064400000040005208
064800000040009470
064c0000004000d6d8
065000000040011940
065400000040015ba8
065800000040001388
065c000000400055f0
066000000040009858
06640000004000dac0
066800000040011d28
066c00000040015f90
067000000040001770
0674000000400059d8
067800000040009c40
067c0000004000dea8
068000000040012110
068400000040016378
068800000040001b58
068c00000040005dc0
06900000004000a028
06940000004000e290
0698000000400124f8
069c00000040016760
06a000000040001f40
06a4000000400061a8
06a80000004000a410
06ac0000004000e678
06b0000000400128e0
06b400000040016b48
06b800000040002328
06bc00000040006590
06c00000004000a7f8
06c40000004000ea60
06c800000040012cc8
06cc00000040016f30
06d000000040002710
06d400000040006978
06d80000004000abe0
06dc0000004000ee48
06e0000000400130b0
06e400000040017318
06e800000040002af8
06ec00000040006d60
06f00000004000afc8
06f40000004000f230
06f800000040013498
06fc00000040017700
070000000040002ee0
070400000040007148
07080000004000b3b0
070c0000004000f618
071000000040013880
071400000040017ae8
0718000000400032c8
071c00000040007530
07200000004000b798
07240000004000fa00
072800000040013c68
072c00000040017ed0
0730000000400036b0
073400000040007918
07380000004000bb80
073c0000004000fde8
074000000040014050
0744000000400182b8
074800000040003a98
074c00000040007d00
07500000004000bf68
0754000000400101d0
075800000040014438
075c000000400186a0
076000000040003e80
0764000000400080e8
07680000004000c350
076c000000400105b8
077000000040014820
077400000040000000
077800000040004268
077c000000400084d0
07800000004000c738
0784000000400109a0
078800000040014c08
078c000000400003e8
079000000040004650
0794000000400088b8
07980000004000cb20
079c00000040010d88
07a000000040014ff0
07a4000000400007d0
07a800000040004a38
07ac00000040008ca0
07b00000004000cf08
07b400000040011170
07b8000000400153d8
07bc00000040000bb8
07c000000040004e20
07c400000040009088
07c80000004000d2f0
07cc00000040011558
07d0000000400157c0
07d400000040000fa0
07d800000040005208
07dc00000040009470
07e00000004000d6d8
07e400000040011940
07e800000040015ba8
07ec00000040001388
07f0000000400055f0
07f400000040009858
07f80000004000dac0
07fc00000040011d28
080000000040015f90
080400000040001770
0808000000400059d8
080c00000040009c40
08100000004000dea8
081400000040012110
081800000040016378
081c00000040001b58
082000000040005dc0
08240000004000a028
08280000004000e290
082c000000400124f8
083000000040016760
083400000040001f40
0838000000400061a8
083c0000004000a410
08400000004000e678
0844000000400128e0
084800000040016b48
084c00000040002328
085000000040006590
08540000004000a7f8
08580000004000ea60
085c00000040012cc8
086000000040016f30
086400000040002710
086800000040006978
086c0000004000abe0
08700000004000ee48
0874000000400130b0
087800000040017318
087c00000040002af8
088000000040006d60
08840000004000afc8
08880000004000f230
088c00000040013498
089000000040017700
089400000040002ee0
089800000040007148
089c0000004000b3b0
08a00000004000f618
08a400000040013880
08a800000040017ae8
08ac000000400032c8
08b000000040007530
08b40000004000b798
08b80000004000fa00
08bc00000040013c68
08c000000040017ed0
08c4000000400036b0
08c800000040007918
08cc0000004000bb80
08d00000004000fde8
08d400000040014050
08d8000000400182b8
08dc00000040003a98
08e000000040007d00
08e40000004000bf68
08e8000000400101d0
08ec00000040014438
08f0000000400186a0
08f400000040003e80
08f8000000400080e8
08fc0000004000c350
0900000000400105b8
090400000040014820
090800000040000000
090c00000040004268
0910000000400084d0
09140000004000c738
0918000000400109a0
091c00000040014c08
0920000000400003e8
092400000040004650
0928000000400088b8
092c0000004000cb20
093000000040010d88
093400000040014ff0
0938000000400007d0
093c00000040004a38
094000000040008ca0
09440000004000cf08
094800000040011170
094c000000400153d8
095000000040000bb8
095400000040004e20
095800000040009088
095c0000004000d2f0
096000000040011558
0964000000400157c0
096800000040000fa0
096c00000040005208
097000000040009470
09740000004000d6d8
097800000040011940
097c00000040015ba8
098000000040001388
0984000000400055f0
098800000040009858
098c0000004000dac0
099000000040011d28
099400000040015f90
099800000040001770
099c000000400059d8
09a000000040009c40
09a40000004000dea8
09a800000040012110
09ac00000040016378
09b000000040001b58
09b400000040005dc0
09b80000004000a028
09bc0000004000e290
09c0000000400124f8
09c400000040016760
09c800000040001f40
09cc000000400061a8
09d00000004000a410
09d40000004000e678
09d8000000400128e0
09dc00000040016b48
09e000000040002328
09e400000040006590
09e80000004000a7f8
09ec0000004000ea60
09f000000040012cc8
09f400000040016f30
09f800000040002710
09fc00000040006978
0a000000004000abe0
0a040000004000ee48
0a08000000400130b0
0a0c00000040017318
0a1000000040002af8
0a1400000040006d60
0a180000004000afc8
0a1c0000004000f230
0a2000000040013498
0a2400000040017700
0a2800000040002ee0
0a2c00000040007148
0a300000004000b3b0
0a340000004000f618
0a3800000040013880
0a3c00000040017ae8
0a40000000400032c8
0a4400000040007530
0a480000004000b798
0a4c0000004000fa00
0a5000000040013c68
0a5400000040017ed0
0a58000000400036b0
0a5c00000040007918
0a600000004000bb80
0a640000004000fde8
0a6800000040014050
0a6c000000400182b8
0a7000000040003a98
0a7400000040007d00
0a780000004000bf68
0a7c000000400101d0
0a8000000040014438
0a84000000400186a0
0a8800000040003e80
0a8c000000400080e8
0a900000004000c350
0a94000000400105b8
0a9800000040014820
0a9c00000040000000
0aa000000040004268
0aa4000000400084d0
0aa80000004000c738
0aac000000400109a0
0ab000000040014c08
0ab4000000400003e8
0ab800000040004650
0abc000000400088b8
0ac00000004000cb20
0ac400000040010d88
0ac800000040014ff0
0acc000000400007d0
0ad000000040004a38
0ad400000040008ca0
0ad80000004000cf08
0adc00000040011170
0ae0000000400153d8
0ae400000040000bb8
0ae800000040004e20
0aec00000040009088
0af00000004000d2f0
0af400000040011558
0af8000000400157c0
0afc00000040000fa0
0b0000000040005208
0b0400000040009470
0b080000004000d6d8
0b0c00000040011940
0b1000000040015ba8
0b1400000040001388
0b18000000400055f0
0b1c00000040009858
0b200000004000dac0
0b2400000040011d28
0b2800000040015f90
0b2c00000040001770
0b30000000400059d8
0b3400000040009c40
0b380000004000dea8
0b3c00000040012110
0b4000000040016378
0b4400000040001b58
0b4800000040005dc0
0b4c0000004000a028
0b500000004000e290
0b54000000400124f8
0b5800000040016760
0b5c00000040001f40
0b60000000400061a8
0b640000004000a410
0b680000004000e678
0b6c000000400128e0
0b7000000040016b48
0b7400000040002328
0b7800000040006590
0b7c0000004000a7f8
0b800000004000ea60
0b8400000040012cc8
0b8800000040016f30
0b8c00000040002710
0b9000000040006978
0b940000004000abe0
0b980000004000ee48
0b9c000000400130b0
0ba000000040017318
0ba400000040002af8
0ba800000040006d60
0bac0000004000afc8
0bb00000004000f230
0bb400000040013498
0bb800000040017700
0bbc00000040002ee0
0bc000000040007148
0bc40000004000b3b0
0bc80000004000f618
0bcc00000040013880
0bd000000040017ae8
0bd4000000400032c8
0bd800000040007530
0bdc0000004000b798
0be00000004000fa00
0be400000040013c68
0be800000040017ed0
0bec000000400036b0
0bf000000040007918
0bf40000004000bb80
0bf80000004000fde8
0bfc00000040014050
0c00000000400182b8
0c0400000040003a98
0c0800000040007d00
0c0c0000004000bf68
0c10000000400101d0
0c1400000040014438
0c18000000400186a0
0c1c00000040003e80
0c20000000400080e8
0c240000004000c350
0c28000000400105b8
0c2c00000040014820
0c3000000040000000
0c3400000040004268
0c38000000400084d0
0c3c0000004000c738
0c40000000400109a0
0c4400000040014c08
0c48000000400003e8
0c4c00000040004650
0c50000000400088b8
0c540000004000cb20
0c5800000040010d88
0c5c00000040014ff0
0c60000000400007d0
0c6400000040004a38
0c6800000040008ca0
0c6c0000004000cf08
0c7000000040011170
0c74000000400153d8
0c7800000040000bb8
0c7c00000040004e20
0c8000000040009088
0c840000004000d2f0
0c8800000040011558
0c8c000000400157c0
0c9000000040000fa0
0c9400000040005208
0c9800000040009470
0c9c0000004000d6d8
0ca000000040011940
0ca400000040015ba8
0ca800000040001388
0cac000000400055f0
0cb000000040009858
0cb40000004000dac0
0cb800000040011d28
0cbc00000040015f90
0cc000000040001770
0cc4000000400059d8
0cc800000040009c40
0ccc0000004000dea8
0cd000000040012110
0cd400000040016378
0cd800000040001b58
0cdc00000040005dc0
0ce00000004000a028
0ce40000004000e290
0ce8000000400124f8
0cec00000040016760
0cf000000040001f40
0cf4000000400061a8
0cf80000004000a410
0cfc0000004000e678
0d00000000400128e0
0d0400000040016b48
0d0800000040002328
0d0c00000040006590
0d100000004000a7f8
0d140000004000ea60
0d1800000040012cc8
0d1c00000040016f30
0d2000000040002710
0d2400000040006978
0d280000004000abe0
0d2c0000004000ee48
0d30000000400130b0
0d3400000040017318
0d3800000040002af8
0d3c00000040006d60
0d400000004000afc8
0d440000004000f230
0d4800000040013498
0d4c00000040017700
0d5000000040002ee0
0d5400000040007148
0d580000004000b3b0
0d5c0000004000f618
0d6000000040013880
0d6400000040017ae8
0d68000000400032c8
0d6c00000040007530
0d700000004000b798
0d740000004000fa00
0d7800000040013c68
0d7c00000040017ed0
0d80000000400036b0
0d8400000040007918
0d880000004000bb80
0d8c0000004000fde8
0d9000000040014050
0d94000000400182b8
0d9800000040003a98
0d9c00000040007d00
0da00000004000bf68
0da4000000400101d0
0da800000040014438
0dac000000400186a0
0db000000040003e80
0db4000000400080e8
0db80000004000c350
0dbc000000400105b8
0dc000000040014820
0dc400000040000000
0dc800000040004268
0dcc000000400084d0
0dd00000004000c738
0dd4000000400109a0
0dd800000040014c08
0ddc000000400003e8
0de000000040004650
0de4000000400088b8
0de80000004000cb20
0dec00000040010d88
0df000000040014ff0
0df4000000400007d0
0df800000040004a38
0dfc00000040008ca0
0e000000004000cf08
0e0400000040011170
0e08000000400153d8
0e0c00000040000bb8
0e1000000040004e20
0e1400000040009088
0e180000004000d2f0
0e1c00000040011558
0e20000000400157c0
0e2400000040000fa0
0e2800000040005208
0e2c00000040009470
0e300000004000d6d8
0e3400000040011940
0e3800000040015ba8
0e3c00000040001388
0e40000000400055f0
0e4400000040009858
0e480000004000dac0
0e4c00000040011d28
0e5000000040015f90
0e5400000040001770
0e58000000400059d8
0e5c00000040009c40
0e600000004000dea8
0e6400000040012110
0e6800000040016378
0e6c00000040001b58
0e7000000040005dc0
0e740000004000a028
0e780000004000e290
0e7c000000400124f8
0e8000000040016760
0e8400000040001f40
0e88000000400061a8
0e8c0000004000a410
0e900000004000e678
0e94000000400128e0
0e9800000040016b48
0e9c00000040002328
0ea000000040006590
0ea40000004000a7f8
0ea80000004000ea60
0eac00000040012cc8
0eb000000040016f30
0eb400000040002710
0eb800000040006978
0ebc0000004000abe0
0ec00000004000ee48
0ec4000000400130b0
0ec800000040017318
0ecc00000040002af8
0ed000000040006d60
0ed40000004000afc8
0ed80000004000f230
0edc00000040013498
0ee000000040017700
0ee400000040002ee0
0ee800000040007148
0eec0000004000b3b0
0ef00000004000f618
0ef400000040013880
0ef800000040017ae8
0efc000000400032c8
0f0000000040007530
0f040000004000b798
0f080000004000fa00
0f0c00000040013c68
0f1000000040017ed0
0f14000000400036b0
0f1800000040007918
0f1c0000004000bb80
0f200000004000fde8
0f2400000040014050
0f28000000400182b8
0f2c00000040003a98
0f3000000040007d00
0f340000004000bf68
0f38000000400101d0
0f3c00000040014438
0f40000000400186a0
0f4400000040003e80
0f48000000400080e8
0f4c0000004000c350
0f50000000400105b8
0f5400000040014820
0f5800000040000000
0f5c00000040004268
0f60000000400084d0
0f640000004000c738
0f68000000400109a0
0f6c00000040014c08
0f70000000400003e8
0f7400000040004650
0f78000000400088b8
0f7c0000004000cb20
0f8000000040010d88
0f8400000040014ff0
0f88000000400007d0
0f8c00000040004a38
0f9000000040008ca0
0f940000004000cf08
0f9800000040011170
0f9c000000400153d8
0fa000000040000bb8
0fa400000040004e20
0fa800000040009088
0fac0000004000d2f0
0fb000000040011558
0fb4000000400157c0
0fb800000040000fa0
0fbc00000040005208
0fc000000040009470
0fc40000004000d6d8
0fc800000040011940
0fcc00000040015ba8
0fd000000040001388
0fd4000000400055f0
0fd800000040009858
0fdc0000004000dac0
0fe000000040011d28
0fe400000040015f90
0fe800000040001770
0fec000000400059d8
0ff000000040009c40
0ff40000004000dea8
0ff800000040012110
0ffc00000040016378
100000000040001b58
100400000040005dc0
10080000004000a028
100c0000004000e290
1010000000400124f8
101400000040016760
101800000040001f40
101c000000400061a8
10200000004000a410
10240000004000e678
1028000000400128e0
102c00000040016b48
103000000040002328
103400000040006590
10380000004000a7f8
103c0000004000ea60
104000000040012cc8
104400000040016f30
104800000040002710
104c00000040006978
10500000004000abe0
10540000004000ee48
1058000000400130b0
105c00000040017318
106000000040002af8
106400000040006d60
10680000004000afc8
106c0000004000f230
107000000040013498
107400000040017700
107800000040002ee0
107c00000040007148
10800000004000b3b0
10840000004000f618
108800000040013880
108c00000040017ae8
1090000000400032c8
109400000040007530
10980000004000b798
109c0000004000fa00
10a000000040013c68
10a400000040017ed0
10a8000000400036b0
10ac00000040007918
10b00000004000bb80
10b40000004000fde8
10b800000040014050
10bc000000400182b8
10c000000040003a98
10c400000040007d00
10c80000004000bf68
10cc000000400101d0
10d000000040014438
10d4000000400186a0
10d800000040003e80
10dc000000400080e8
10e00000004000c350
10e4000000400105b8
10e800000040014820
10ec00000040000000
10f000000040004268
10f4000000400084d0
10f80000004000c738
10fc000000400109a0
110000000040014c08
1104000000400003e8
110800000040004650
110c000000400088b8
11100000004000cb20
111400000040010d88
111800000040014ff0
111c000000400007d0
112000000040004a38
112400000040008ca0
11280000004000cf08
112c00000040011170
1130000000400153d8
113400000040000bb8
113800000040004e20
113c00000040009088
11400000004000d2f0
114400000040011558
1148000000400157c0
114c00000040000fa0
115000000040005208
115400000040009470
11580000004000d6d8
115c00000040011940
116000000040015ba8
116400000040001388
1168000000400055f0
116c00000040009858
11700000004000dac0
117400000040011d28
117800000040015f90
117c00000040001770
1180000000400059d8
118400000040009c40
11880000004000dea8
118c00000040012110
119000000040016378
119400000040001b58
119800000040005dc0
119c0000004000a028
11a00000004000e290
11a4000000400124f8
11a800000040016760
11ac00000040001f40
11b0000000400061a8
11b40000004000a410
11b80000004000e678
11bc000000400128e0
11c000000040016b48
11c400000040002328
11c800000040006590
11cc0000004000a7f8
11d00000004000ea60
11d400000040012cc8
11d800000040016f30
11dc00000040002710
11e000000040006978
11e40000004000abe0
11e80000004000ee48
11ec000000400130b0
11f000000040017318
11f400000040002af8
11f800000040006d60
11fc0000004000afc8
12000000004000f230
120400000040013498
120800000040017700
120c00000040002ee0
121000000040007148
12140000004000b3b0
12180000004000f618
121c00000040013880
122000000040017ae8
1224000000400032c8
122800000040007530
122c0000004000b798
12300000004000fa00
123400000040013c68
123800000040017ed0
123c000000400036b0
124000000040007918
12440000004000bb80
12480000004000fde8
124c00000040014050
1250000000400182b8
125400000040003a98
125800000040007d00
125c0000004000bf68
1260000000400101d0
126400000040014438
1268000000400186a0
126c00000040003e80
1270000000400080e8
12740000004000c350
1278000000400105b8
127c00000040014820
128000000040000000
128400000040004268
1288000000400084d0
128c0000004000c738
1290000000400109a0
129400000040014c08
1298000000400003e8
129c00000040004650
12a0000000400088b8
12a40000004000cb20
12a800000040010d88
12ac00000040014ff0
12b0000000400007d0
12b400000040004a38
12b800000040008ca0
12bc0000004000cf08
12c000000040011170
12c4000000400153d8
12c800000040000bb8
12cc00000040004e20
12d000000040009088
12d40000004000d2f0
12d800000040011558
12dc000000400157c0
12e000000040000fa0
12e400000040005208
12e800000040009470
12ec0000004000d6d8
12f000000040011940
12f400000040015ba8
12f800000040001388
12fc000000400055f0
130000000040009858
13040000004000dac0
130800000040011d28
130c00000040015f90
131000000040001770
1314000000400059d8
131800000040009c40
131c0000004000dea8
132000000040012110
132400000040016378
132800000040001b58
132c00000040005dc0
13300000004000a028
13340000004000e290
1338000000400124f8
133c00000040016760
134000000040001f40
1344000000400061a8
13480000004000a410
134c0000004000e678
1350000000400128e0
135400000040016b48
135800000040002328
135c00000040006590
13600000004000a7f8
13640000004000ea60
136800000040012cc8
136c00000040016f30
137000000040002710
137400000040006978
13780000004000abe0
137c0000004000ee48
1380000000400130b0
138400000040017318
138800000040002af8
138c00000040006d60
13900000004000afc8
13940000004000f230
139800000040013498
139c00000040017700
13a000000040002ee0
13a400000040007148
13a80000004000b3b0
13ac0000004000f618
13b000000040013880
13b400000040017ae8
13b8000000400032c8
13bc00000040007530
13c00000004000b798
13c40000004000fa00
13c800000040013c68
13cc00000040017ed0
13d0000000400036b0
13d400000040007918
13d80000004000bb80
13dc0000004000fde8
13e000000040014050
13e4000000400182b8
13e800000040003a98
13ec00000040007d00
13f00000004000bf68
13f4000000400101d0
13f800000040014438
13fc000000400186a0
140000000040003e80
1404000000400080e8
14080000004000c350
140c000000400105b8
141000000040014820
141400000040000000
141800000040004268
141c000000400084d0
14200000004000c738
1424000000400109a0
142800000040014c08
142c000000400003e8
143000000040004650
1434000000400088b8
14380000004000cb20
143c00000040010d88
144000000040014ff0
1444000000400007d0
144800000040004a38
144c00000040008ca0
14500000004000cf08
145400000040011170
1458000000400153d8
145c00000040000bb8
146000000040004e20
146400000040009088
14680000004000d2f0
146c00000040011558
1470000000400157c0
147400000040000fa0
147800000040005208
147c00000040009470
14800000004000d6d8
148400000040011940
148800000040015ba8
148c00000040001388
1490000000400055f0
149400000040009858
14980000004000dac0
149c00000040011d28
14a000000040015f90
14a400000040001770
14a8000000400059d8
14ac00000040009c40
14b00000004000dea8
14b400000040012110
14b800000040016378
14bc00000040001b58
14c000000040005dc0
14c40000004000a028
14c80000004000e290
14cc000000400124f8
14d000000040016760
14d400000040001f40
14d8000000400061a8
14dc0000004000a410
14e00000004000e678
14e4000000400128e0
14e800000040016b48
14ec00000040002328
14f000000040006590
14f40000004000a7f8
14f80000004000ea60
14fc00000040012cc8
150000000040016f30
150400000040002710
150800000040006978
150c0000004000abe0
15100000004000ee48
1514000000400130b0
151800000040017318
151c00000040002af8
152000000040006d60
15240000004000afc8
15280000004000f230
152c00000040013498
153000000040017700
153400000040002ee0
153800000040007148
153c0000004000b3b0
15400000004000f618
154400000040013880
154800000040017ae8
154c000000400032c8
155000000040007530
15540000004000b798
15580000004000fa00
155c00000040013c68
156000000040017ed0
1564000000400036b0
156800000040007918
156c0000004000bb80
15700000004000fde8
157400000040014050
1578000000400182b8
157c00000040003a98
158000000040007d00
15840000004000bf68
1588000000400101d0
158c00000040014438
1590000000400186a0
159400000040003e80
1598000000400080e8
159c0000004000c350
15a0000000400105b8
15a400000040014820
15a800000040000000
15ac00000040004268
15b0000000400084d0
15b40000004000c738
15b8000000400109a0
15bc00000040014c08
15c0000000400003e8
15c400000040004650
15c8000000400088b8
15cc0000004000cb20
15d000000040010d88
15d400000040014ff0
15d8000000400007d0
15dc00000040004a38
15e000000040008ca0
15e40000004000cf08
15e800000040011170
15ec000000400153d8
15f000000040000bb8
15f400000040004e20
15f800000040009088
15fc0000004000d2f0
160000000040011558
1604000000400157c0
160800000040000fa0
160c00000040005208
161000000040009470
16140000004000d6d8
161800000040011940
161c00000040015ba8
162000000040001388
1624000000400055f0
162800000040009858
162c0000004000dac0
163000000040011d28
163400000040015f90
163800000040001770
163c000000400059d8
164000000040009c40
16440000004000dea8
164800000040012110
164c00000040016378
165000000040001b58
165400000040005dc0
16580000004000a028
165c0000004000e290
1660000000400124f8
166400000040016760
166800000040001f40
166c000000400061a8
16700000004000a410
16740000004000e678
1678000000400128e0
167c00000040016b48
168000000040002328
168400000040006590
16880000004000a7f8
168c0000004000ea60
169000000040012cc8
169400000040016f30
169800000040002710
169c00000040006978
16a00000004000abe0
16a40000004000ee48
16a8000000400130b0
16ac00000040017318
16b000000040002af8
16b400000040006d60
16b80000004000afc8
16bc0000004000f230
16c000000040013498
16c400000040017700
16c800000040002ee0
16cc00000040007148
16d00000004000b3b0
16d40000004000f618
16d800000040013880
16dc00000040017ae8
16e0000000400032c8
16e400000040007530
16e80000004000b798
16ec0000004000fa00
16f000000040013c68
16f400000040017ed0
16f8000000400036b0
16fc00000040007918
17000000004000bb80
17040000004000fde8
170800000040014050
170c000000400182b8
171000000040003a98
171400000040007d00
17180000004000bf68
171c000000400101d0
172000000040014438
1724000000400186a0
172800000040003e80
172c000000400080e8
17300000004000c350
1734000000400105b8
173800000040014820
173c00000040000000
174000000040004268
1744000000400084d0
17480000004000c738
174c000000400109a0
175000000040014c08
1754000000400003e8
175800000040004650
175c000000400088b8
17600000004000cb20
176400000040010d88
176800000040014ff0
176c000000400007d0
177000000040004a38
177400000040008ca0
17780000004000cf08
177c00000040011170
1780000000400153d8
178400000040000bb8
178800000040004e20
178c00000040009088
17900000004000d2f0
179400000040011558
1798000000400157c0
179c00000040000fa0
17a000000040005208
17a400000040009470
17a80000004000d6d8
17ac00000040011940
17b000000040015ba8
17b400000040001388
17b8000000400055f0
17bc00000040009858
17c00000004000dac0
17c400000040011d28
17c800000040015f90
17cc00000040001770
17d0000000400059d8
17d400000040009c40
17d80000004000dea8
17dc00000040012110
17e000000040016378
17e400000040001b58
17e800000040005dc0
17ec0000004000a028
17f00000004000e290
17f4000000400124f8
17f800000040016760
17fc00000040001f40
1800000000400061a8
18040000004000a410
18080000004000e678
180c000000400128e0
181000000040016b48
181400000040002328
181800000040006590
181c0000004000a7f8
18200000004000ea60
182400000040012cc8
182800000040016f30
182c00000040002710
183000000040006978
18340000004000abe0
18380000004000ee48
183c000000400130b0
184000000040017318
184400000040002af8
184800000040006d60
184c0000004000afc8
18500000004000f230
185400000040013498
185800000040017700
185c00000040002ee0
186000000040007148
18640000004000b3b0
18680000004000f618
186c00000040013880
187000000040017ae8
1874000000400032c8
187800000040007530
187c0000004000b798
18800000004000fa00
188400000040013c68
188800000040017ed0
188c000000400036b0
189000000040007918
18940000004000bb80
18980000004000fde8
189c00000040014050
18a0000000400182b8
18a400000040003a98
18a800000040007d00
18ac0000004000bf68
18b0000000400101d0
18b400000040014438
18b8000000400186a0
18bc00000040003e80
18c0000000400080e8
18c40000004000c350
18c8000000400105b8
18cc00000040014820
18d000000040000000
18d400000040004268
18d8000000400084d0
18dc0000004000c738
18e0000000400109a0
18e400000040014c08
18e8000000400003e8
18ec00000040004650
18f0000000400088b8
18f40000004000cb20
18f800000040010d88
18fc00000040014ff0
1900000000400007d0
190400000040004a38
190800000040008ca0
190c0000004000cf08
191000000040011170
1914000000400153d8
191800000040000bb8
191c00000040004e20
192000000040009088
19240000004000d2f0
192800000040011558
192c000000400157c0
193000000040000fa0
193400000040005208
193800000040009470
193c0000004000d6d8
194000000040011940
194400000040015ba8
194800000040001388
194c000000400055f0
195000000040009858
19540000004000dac0
195800000040011d28
195c00000040015f90
196000000040001770
1964000000400059d8
196800000040009c40
196c0000004000dea8
197000000040012110
197400000040016378
197800000040001b58
197c00000040005dc0
19800000004000a028
19840000004000e290
1988000000400124f8
198c00000040016760
199000000040001f40
1994000000400061a8
19980000004000a410
199c0000004000e678
19a0000000400128e0
19a400000040016b48
19a800000040002328
19ac00000040006590
19b00000004000a7f8
19b40000004000ea60
19b800000040012cc8
19bc00000040016f30
19c000000040002710
19c400000040006978
19c80000004000abe0
19cc0000004000ee48
19d0000000400130b0
19d400000040017318
19d800000040002af8
19dc00000040006d60
19e00000004000afc8
19e40000004000f230
19e800000040013498
19ec00000040017700
19f000000040002ee0
19f400000040007148
19f80000004000b3b0
19fc0000004000f618
1a0000000040013880
1a0400000040017ae8
1a08000000400032c8
1a0c00000040007530
1a100000004000b798
1a140000004000fa00
1a1800000040013c68
1a1c00000040017ed0
1a20000000400036b0
1a2400000040007918
1a280000004000bb80
1a2c0000004000fde8
1a3000000040014050
1a34000000400182b8
1a3800000040003a98
1a3c00000040007d00
1a400000004000bf68
1a44000000400101d0
1a4800000040014438
1a4c000000400186a0
1a5000000040003e80
1a54000000400080e8
1a580000004000c350
1a5c000000400105b8
1a6000000040014820
1a6400000040000000
1a6800000040004268
1a6c000000400084d0
1a700000004000c738
1a74000000400109a0
1a7800000040014c08
1a7c000000400003e8
1a8000000040004650
1a84000000400088b8
1a880000004000cb20
1a8c00000040010d88
1a9000000040014ff0
1a94000000400007d0
1a9800000040004a38
1a9c00000040008ca0
1aa00000004000cf08
1aa400000040011170
1aa8000000400153d8
1aac00000040000bb8
1ab000000040004e20
1ab400000040009088
1ab80000004000d2f0
1abc00000040011558
1ac0000000400157c0
1ac400000040000fa0
1ac800000040005208
1acc00000040009470
1ad00000004000d6d8
1ad400000040011940
1ad800000040015ba8
1adc00000040001388
1ae0000000400055f0
1ae400000040009858
1ae80000004000dac0
1aec00000040011d28
1af000000040015f90
1af400000040001770
1af8000000400059d8
1afc00000040009c40
1b000000004000dea8
1b0400000040012110
1b0800000040016378
1b0c00000040001b58
1b1000000040005dc0
1b140000004000a028
1b180000004000e290
1b1c000000400124f8
1b2000000040016760
1b2400000040001f40
1b28000000400061a8
1b2c0000004000a410
1b300000004000e678
1b34000000400128e0
1b3800000040016b48
1b3c00000040002328
1b4000000040006590
1b440000004000a7f8
1b480000004000ea60
1b4c00000040012cc8
1b5000000040016f30
1b5400000040002710
1b5800000040006978
1b5c0000004000abe0
1b600000004000ee48
1b64000000400130b0
1b6800000040017318
1b6c00000040002af8
1b7000000040006d60
1b740000004000afc8
1b780000004000f230
1b7c00000040013498
1b8000000040017700
1b8400000040002ee0
1b8800000040007148
1b8c0000004000b3b0
1b900000004000f618
1b9400000040013880
1b9800000040017ae8
1b9c000000400032c8
1ba000000040007530
1ba40000004000b798
1ba80000004000fa00
1bac00000040013c68
1bb000000040017ed0
1bb4000000400036b0
1bb800000040007918
1bbc0000004000bb80
1bc00000004000fde8
1bc400000040014050
1bc8000000400182b8
1bcc00000040003a98
1bd000000040007d00
1bd40000004000bf68
1bd8000000400101d0
1bdc00000040014438
1be0000000400186a0
1be400000040003e80
1be8000000400080e8
1bec0000004000c350
1bf0000000400105b8
1bf400000040014820
1bf800000040000000
1bfc00000040004268
1c00000000400084d0
1c040000004000c738
1c08000000400109a0
1c0c00000040014c08
1c10000000400003e8
1c1400000040004650
1c18000000400088b8
1c1c0000004000cb20
1c2000000040010d88
1c2400000040014ff0
1c28000000400007d0
1c2c00000040004a38
1c3000000040008ca0
1c340000004000cf08
1c3800000040011170
1c3c000000400153d8
1c4000000040000bb8
1c4400000040004e20
1c4800000040009088
1c4c0000004000d2f0
1c5000000040011558
1c54000000400157c0
1c5800000040000fa0
1c5c00000040005208
1c6000000040009470
1c640000004000d6d8
1c6800000040011940
1c6c00000040015ba8
1c7000000040001388
1c74000000400055f0
1c7800000040009858
1c7c0000004000dac0
1c8000000040011d28
1c8400000040015f90
1c8800000040001770
1c8c000000400059d8
1c9000000040009c40
1c940000004000dea8
1c9800000040012110
1c9c00000040016378
1ca000000040001b58
1ca400000040005dc0
1ca80000004000a028
1cac0000004000e290
1cb0000000400124f8
1cb400000040016760
1cb800000040001f40
1cbc000000400061a8
1cc00000004000a410
1cc40000004000e678
1cc8000000400128e0
1ccc00000040016b48
1cd000000040002328
1cd400000040006590
1cd80000004000a7f8
1cdc0000004000ea60
1ce000000040012cc8
1ce400000040016f30
1ce800000040002710
1cec00000040006978
1cf00000004000abe0
1cf40000004000ee48
1cf8000000400130b0
1cfc00000040017318
1d0000000040002af8
1d0400000040006d60
1d080000004000afc8
1d0c0000004000f230
1d1000000040013498
1d1400000040017700
1d1800000040002ee0
1d1c00000040007148
1d200000004000b3b0
1d240000004000f618
1d2800000040013880
1d2c00000040017ae8
1d30000000400032c8
1d3400000040007530
1d380000004000b798
1d3c0000004000fa00
1d4000000040013c68
1d4400000040017ed0
1d48000000400036b0
1d4c00000040007918
1d500000004000bb80
1d540000004000fde8
1d5800000040014050
1d5c000000400182b8
1d6000000040003a98
1d6400000040007d00
1d680000004000bf68
1d6c000000400101d0
1d7000000040014438
1d74000000400186a0
1d7800000040003e80
1d7c000000400080e8
1d800000004000c350
1d84000000400105b8
1d8800000040014820
1d8c00000040000000
1d9000000040004268
1d94000000400084d0
1d980000004000c738
1d9c000000400109a0
1da000000040014c08
1da4000000400003e8
1da800000040004650
1dac000000400088b8
1db00000004000cb20
1db400000040010d88
1db800000040014ff0
1dbc000000400007d0
1dc000000040004a38
1dc400000040008ca0
1dc80000004000cf08
1dcc00000040011170
1dd0000000400153d8
1dd400000040000bb8
1dd800000040004e20
1ddc00000040009088
1de00000004000d2f0
1de400000040011558
1de8000000400157c0
1dec00000040000fa0
1df000000040005208
1df400000040009470
1df80000004000d6d8
1dfc00000040011940
1e0000000040015ba8
1e0400000040001388
1e08000000400055f0
1e0c00000040009858
1e100000004000dac0
1e1400000040011d28
1e1800000040015f90
1e1c00000040001770
1e20000000400059d8
1e2400000040009c40
1e280000004000dea8
1e2c00000040012110
1e3000000040016378
1e3400000040001b58
1e3800000040005dc0
1e3c0000004000a028
1e400000004000e290
1e44000000400124f8
1e4800000040016760
1e4c00000040001f40
1e50000000400061a8
1e540000004000a410
1e580000004000e678
1e5c000000400128e0
1e6000000040016b48
1e6400000040002328
1e6800000040006590
1e6c0000004000a7f8
1e700000004000ea60
1e7400000040012cc8
1e7800000040016f30
1e7c00000040002710
1e8000000040006978
1e840000004000abe0
1e880000004000ee48
1e8c000000400130b0
1e9000000040017318
1e9400000040002af8
1e9800000040006d60
1e9c0000004000afc8
1ea00000004000f230
1ea400000040013498
1ea800000040017700
1eac00000040002ee0
1eb000000040007148
1eb40000004000b3b0
1eb80000004000f618
1ebc00000040013880
1ec000000040017ae8
1ec4000000400032c8
1ec800000040007530
1ecc0000004000b798
1ed00000004000fa00
1ed400000040013c68
1ed800000040017ed0
1edc000000400036b0
1ee000000040007918
1ee40000004000bb80
1ee80000004000fde8
1eec00000040014050
1ef0000000400182b8
1ef400000040003a98
1ef800000040007d00
1efc0000004000bf68
1f00000000400101d0
1f0400000040014438
1f08000000400186a0
1f0c00000040003e80
1f10000000400080e8
1f140000004000c350
1f18000000400105b8
1f1c00000040014820
1f2000000040000000
1f2400000040004268
1f28000000400084d0
1f2c0000004000c738
1f30000000400109a0
1f3400000040014c08
1f38000000400003e8
1f3c00000040004650
1f40000000400088b8
1f440000004000cb20
1f4800000040010d88
1f4c00000040014ff0
1f50000000400007d0
1f5400000040004a38
1f5800000040008ca0
1f5c0000004000cf08
1f6000000040011170
1f64000000400153d8
1f6800000040000bb8
1f6c00000040004e20
1f7000000040009088
1f740000004000d2f0
1f7800000040011558
1f7c000000400157c0
1f8000000040000fa0
1f8400000040005208
1f8800000040009470
1f8c0000004000d6d8
1f9000000040011940
1f9400000040015ba8
1f9800000040001388
1f9c000000400055f0
1fa000000040009858
1fa40000004000dac0
1fa800000040011d28
1fac00000040015f90
1fb000000040001770
1fb4000000400059d8
1fb800000040009c40
1fbc0000004000dea8
1fc000000040012110
1fc400000040016378
1fc800000040001b58
1fcc00000040005dc0
1fd00000004000a028
1fd40000004000e290
1fd8000000400124f8
1fdc00000040016760
1fe000000040001f40
1fe4000000400061a8
1fe80000004000a410
1fec0000004000e678
1ff0000000400128e0
1ff400000040016b48
1ff800000040002328
1ffc00000040006590
200000000040000000
200400000040004268
2008000000400084d0
200c0000004000c738
2010000000400109a0
201400000040014c08
2018000000400003e8
201c00000040004650
2020000000400088b8
20240000004000cb20
202800000040010d88
202c00000040014ff0
2030000000400007d0
203400000040004a38
203800000040008ca0
203c0000004000cf08
204000000040011170
2044000000400153d8
204800000040000bb8
204c00000040004e20
205000000040009088
20540000004000d2f0
205800000040011558
205c000000400157c0
206000000040000fa0
206400000040005208
206800000040009470
206c0000004000d6d8
207000000040011940
207400000040015ba8
207800000040001388
207c000000400055f0
208000000040009858
20840000004000dac0
208800000040011d28
208c00000040015f90
209000000040001770
2094000000400059d8
209800000040009c40
209c0000004000dea8
20a000000040012110
20a400000040016378
20a800000040001b58
20ac00000040005dc0
20b00000004000a028
20b40000004000e290
20b8000000400124f8
20bc00000040016760
20c000000040001f40
20c4000000400061a8
20c80000004000a410
20cc0000004000e678
20d0000000400128e0
20d400000040016b48
20d800000040002328
20dc00000040006590
20e00000004000a7f8
20e40000004000ea60
20e800000040012cc8
20ec00000040016f30
20f000000040002710
20f400000040006978
20f80000004000abe0
20fc0000004000ee48
2100000000400130b0
210400000040017318
210800000040002af8
210c00000040006d60
21100000004000afc8
21140000004000f230
211800000040013498
211c00000040017700
212000000040002ee0
212400000040007148
21280000004000b3b0
212c0000004000f618
213000000040013880
213400000040017ae8
2138000000400032c8
213c00000040007530
21400000004000b798
21440000004000fa00
214800000040013c68
214c00000040017ed0
2150000000400036b0
215400000040007918
21580000004000bb80
215c0000004000fde8
216000000040014050
2164000000400182b8
216800000040003a98
216c00000040007d00
21700000004000bf68
2174000000400101d0
217800000040014438
217c000000400186a0
218000000040003e80
2184000000400080e8
21880000004000c350
218c000000400105b8
219000000040014820
219400000040000000
219800000040004268
219c000000400084d0
21a00000004000c738
21a4000000400109a0
21a800000040014c08
21ac000000400003e8
21b000000040004650
21b4000000400088b8
21b80000004000cb20
21bc00000040010d88
21c000000040014ff0
21c4000000400007d0
21c800000040004a38
21cc00000040008ca0
21d00000004000cf08
21d400000040011170
21d8000000400153d8
21dc00000040000bb8
21e000000040004e20
21e400000040009088
21e80000004000d2f0
21ec00000040011558
21f0000000400157c0
21f400000040000fa0
21f800000040005208
21fc00000040009470
22000000004000d6d8
220400000040011940
220800000040015ba8
220c00000040001388
2210000000400055f0
221400000040009858
22180000004000dac0
221c00000040011d28
222000000040015f90
222400000040001770
2228000000400059d8
222c00000040009c40
22300000004000dea8
223400000040012110
223800000040016378
223c00000040001b58
224000000040005dc0
22440000004000a028
22480000004000e290
224c000000400124f8
225000000040016760
225400000040001f40
2258000000400061a8
225c0000004000a410
22600000004000e678
2264000000400128e0
226800000040016b48
226c00000040002328
227000000040006590
22740000004000a7f8
22780000004000ea60
227c00000040012cc8
228000000040016f30
228400000040002710
228800000040006978
228c0000004000abe0
22900000004000ee48
2294000000400130b0
229800000040017318
229c00000040002af8
22a000000040006d60
22a40000004000afc8
22a80000004000f230
22ac00000040013498
22b000000040017700
22b400000040002ee0
22b800000040007148
22bc0000004000b3b0
22c00000004000f618
22c400000040013880
22c800000040017ae8
22cc000000400032c8
22d000000040007530
22d40000004000b798
22d80000004000fa00
22dc00000040013c68
22e000000040017ed0
22e4000000400036b0
22e800000040007918
22ec0000004000bb80
22f00000004000fde8
22f400000040014050
22f8000000400182b8
22fc00000040003a98
230000000040007d00
23040000004000bf68
2308000000400101d0
230c00000040014438
2310000000400186a0
231400000040003e80
2318000000400080e8
231c0000004000c350
2320000000400105b8
232400000040014820
232800000040000000
232c00000040004268
2330000000400084d0
23340000004000c738
2338000000400109a0
233c00000040014c08
2340000000400003e8
234400000040004650
2348000000400088b8
234c0000004000cb20
235000000040010d88
235400000040014ff0
2358000000400007d0
235c00000040004a38
236000000040008ca0
23640000004000cf08
236800000040011170
236c000000400153d8
237000000040000bb8
237400000040004e20
237800000040009088
237c0000004000d2f0
238000000040011558
2384000000400157c0
238800000040000fa0
238c00000040005208
239000000040009470
23940000004000d6d8
239800000040011940
239c00000040015ba8
23a000000040001388
23a4000000400055f0
23a800000040009858
23ac0000004000dac0
23b000000040011d28
23b400000040015f90
23b800000040001770
23bc000000400059d8
23c000000040009c40
23c40000004000dea8
23c800000040012110
23cc00000040016378
23d000000040001b58
23d400000040005dc0
23d80000004000a028
23dc0000004000e290
23e0000000400124f8
23e400000040016760
23e800000040001f40
23ec000000400061a8
23f00000004000a410
23f40000004000e678
23f8000000400128e0
23fc00000040016b48
240000000040002328
240400000040006590
24080000004000a7f8
240c0000004000ea60
241000000040012cc8
241400000040016f30
241800000040002710
241c00000040006978
24200000004000abe0
24240000004000ee48
2428000000400130b0
242c00000040017318
243000000040002af8
243400000040006d60
24380000004000afc8
243c0000004000f230
244000000040013498
244400000040017700
244800000040002ee0
244c00000040007148
24500000004000b3b0
24540000004000f618
245800000040013880
245c00000040017ae8
2460000000400032c8
246400000040007530
24680000004000b798
246c0000004000fa00
247000000040013c68
247400000040017ed0
2478000000400036b0
247c00000040007918
24800000004000bb80
24840000004000fde8
248800000040014050
248c000000400182b8
249000000040003a98
249400000040007d00
24980000004000bf68
249c000000400101d0
24a000000040014438
24a4000000400186a0
24a800000040003e80
24ac000000400080e8
24b00000004000c350
24b4000000400105b8
24b800000040014820
24bc00000040000000
24c000000040004268
24c4000000400084d0
24c80000004000c738
24cc000000400109a0
24d000000040014c08
24d4000000400003e8
24d800000040004650
24dc000000400088b8
24e00000004000cb20
24e400000040010d88
24e800000040014ff0
24ec000000400007d0
24f000000040004a38
24f400000040008ca0
24f80000004000cf08
24fc00000040011170
2500000000400153d8
250400000040000bb8
250800000040004e20
250c00000040009088
25100000004000d2f0
251400000040011558
2518000000400157c0
251c00000040000fa0
252000000040005208
252400000040009470
25280000004000d6d8
252c00000040011940
253000000040015ba8
253400000040001388
2538000000400055f0
253c00000040009858
25400000004000dac0
254400000040011d28
254800000040015f90
254c00000040001770
2550000000400059d8
255400000040009c40
25580000004000dea8
255c00000040012110
256000000040016378
256400000040001b58
256800000040005dc0
256c0000004000a028
25700000004000e290
2574000000400124f8
257800000040016760
257c00000040001f40
2580000000400061a8
25840000004000a410
25880000004000e678
258c000000400128e0
259000000040016b48
259400000040002328
259800000040006590
259c0000004000a7f8
25a00000004000ea60
25a400000040012cc8
25a800000040016f30
25ac00000040002710
25b000000040006978
25b40000004000abe0
25b80000004000ee48
25bc000000400130b0
25c000000040017318
25c400000040002af8
25c800000040006d60
25cc0000004000afc8
25d00000004000f230
25d400000040013498
25d800000040017700
25dc00000040002ee0
25e000000040007148
25e40000004000b3b0
25e80000004000f618
25ec00000040013880
25f000000040017ae8
25f4000000400032c8
25f800000040007530
25fc0000004000b798
26000000004000fa00
260400000040013c68
260800000040017ed0
260c000000400036b0
261000000040007918
26140000004000bb80
26180000004000fde8
261c00000040014050
2620000000400182b8
262400000040003a98
262800000040007d00
262c0000004000bf68
2630000000400101d0
263400000040014438
2638000000400186a0
263c00000040003e80
2640000000400080e8
26440000004000c350
2648000000400105b8
264c00000040014820
265000000040000000
265400000040004268
2658000000400084d0
265c0000004000c738
2660000000400109a0
266400000040014c08
2668000000400003e8
266c00000040004650
2670000000400088b8
26740000004000cb20
267800000040010d88
267c00000040014ff0
2680000000400007d0
268400000040004a38
268800000040008ca0
268c0000004000cf08
269000000040011170
2694000000400153d8
269800000040000bb8
269c00000040004e20
26a000000040009088
26a40000004000d2f0
26a800000040011558
26ac000000400157c0
26b000000040000fa0
26b400000040005208
26b800000040009470
26bc0000004000d6d8
26c000000040011940
26c400000040015ba8
26c800000040001388
26cc000000400055f0
26d000000040009858
26d40000004000dac0
26d800000040011d28
26dc00000040015f90
26e000000040001770
26e4000000400059d8
26e800000040009c40
26ec0000004000dea8
26f000000040012110
26f400000040016378
26f800000040001b58
26fc00000040005dc0
27000000004000a028
27040000004000e290
2708000000400124f8
270c00000040016760
271000000040001f40
2714000000400061a8
27180000004000a410
271c0000004000e678
2720000000400128e0
272400000040016b48
272800000040002328
272c00000040006590
27300000004000a7f8
27340000004000ea60
273800000040012cc8
273c00000040016f30
274000000040002710
274400000040006978
27480000004000abe0
274c0000004000ee48
2750000000400130b0
275400000040017318
275800000040002af8
275c00000040006d60
27600000004000afc8
27640000004000f230
276800000040013498
276c00000040017700
277000000040002ee0
277400000040007148
27780000004000b3b0
277c0000004000f618
278000000040013880
278400000040017ae8
2788000000400032c8
278c00000040007530
27900000004000b798
27940000004000fa00
279800000040013c68
279c00000040017ed0
27a0000000400036b0
27a400000040007918
27a80000004000bb80
27ac0000004000fde8
27b000000040014050
27b4000000400182b8
27b800000040003a98
27bc00000040007d00
27c00000004000bf68
27c4000000400101d0
27c800000040014438
27cc000000400186a0
27d000000040003e80
27d4000000400080e8
27d80000004000c350
27dc000000400105b8
27e000000040014820
27e400000040000000
27e800000040004268
27ec000000400084d0
27f00000004000c738
27f4000000400109a0
27f800000040014c08
27fc000000400003e8
280000000040004650
2804000000400088b8
28080000004000cb20
280c00000040010d88
281000000040014ff0
2814000000400007d0
281800000040004a38
281c00000040008ca0
28200000004000cf08
282400000040011170
2828000000400153d8
282c00000040000bb8
283000000040004e20
283400000040009088
28380000004000d2f0
283c00000040011558
2840000000400157c0
284400000040000fa0
284800000040005208
284c00000040009470
28500000004000d6d8
285400000040011940
285800000040015ba8
285c00000040001388
2860000000400055f0
286400000040009858
28680000004000dac0
286c00000040011d28
287000000040015f90
287400000040001770
2878000000400059d8
287c00000040009c40
28800000004000dea8
288400000040012110
288800000040016378
288c00000040001b58
289000000040005dc0
28940000004000a028
28980000004000e290
289c000000400124f8
28a000000040016760
28a400000040001f40
28a8000000400061a8
28ac0000004000a410
28b00000004000e678
28b4000000400128e0
28b800000040016b48
28bc00000040002328
28c000000040006590
28c40000004000a7f8
28c80000004000ea60
28cc00000040012cc8
28d000000040016f30
28d400000040002710
28d800000040006978
28dc0000004000abe0
28e00000004000ee48
28e4000000400130b0
28e800000040017318
28ec00000040002af8
28f000000040006d60
28f40000004000afc8
28f80000004000f230
28fc00000040013498
290000000040017700
290400000040002ee0
290800000040007148
290c0000004000b3b0
29100000004000f618
291400000040013880
291800000040017ae8
291c000000400032c8
292000000040007530
29240000004000b798
29280000004000fa00
292c00000040013c68
293000000040017ed0
2934000000400036b0
293800000040007918
293c0000004000bb80
29400000004000fde8
294400000040014050
2948000000400182b8
294c00000040003a98
295000000040007d00
29540000004000bf68
2958000000400101d0
295c00000040014438
2960000000400186a0
296400000040003e80
2968000000400080e8
296c0000004000c350
2970000000400105b8
297400000040014820
297800000040000000
297c00000040004268
2980000000400084d0
29840000004000c738
2988000000400109a0
298c00000040014c08
2990000000400003e8
299400000040004650
2998000000400088b8
299c0000004000cb20
29a000000040010d88
29a400000040014ff0
29a8000000400007d0
29ac00000040004a38
29b000000040008ca0
29b40000004000cf08
29b800000040011170
29bc000000400153d8
29c000000040000bb8
29c400000040004e20
29c800000040009088
29cc0000004000d2f0
29d000000040011558
29d4000000400157c0
29d800000040000fa0
29dc00000040005208
29e000000040009470
29e40000004000d6d8
29e800000040011940
29ec00000040015ba8
29f000000040001388
29f4000000400055f0
29f800000040009858
29fc0000004000dac0
2a0000000040011d28
2a0400000040015f90
2a0800000040001770
2a0c000000400059d8
2a1000000040009c40
2a140000004000dea8
2a1800000040012110
2a1c00000040016378
2a2000000040001b58
2a2400000040005dc0
2a280000004000a028
2a2c0000004000e290
2a30000000400124f8
2a3400000040016760
2a3800000040001f40
2a3c000000400061a8
2a400000004000a410
2a440000004000e678
2a48000000400128e0
2a4c00000040016b48
2a5000000040002328
2a5400000040006590
2a580000004000a7f8
2a5c0000004000ea60
2a6000000040012cc8
2a6400000040016f30
2a6800000040002710
2a6c00000040006978
2a700000004000abe0
2a740000004000ee48
2a78000000400130b0
2a7c00000040017318
2a8000000040002af8
2a8400000040006d60
2a880000004000afc8
2a8c0000004000f230
2a9000000040013498
2a9400000040017700
2a9800000040002ee0
2a9c00000040007148
2aa00000004000b3b0
2aa40000004000f618
2aa800000040013880
2aac00000040017ae8
2ab0000000400032c8
2ab400000040007530
2ab80000004000b798
2abc0000004000fa00
2ac000000040013c68
2ac400000040017ed0
2ac8000000400036b0
2acc00000040007918
2ad00000004000bb80
2ad40000004000fde8
2ad800000040014050
2adc000000400182b8
2ae000000040003a98
2ae400000040007d00
2ae80000004000bf68
2aec000000400101d0
2af000000200000000
2af400000200000000
2af800000200000000
2afc00000200000000
2b0000000200000000
2b0400000200000000
2b0800000200000000
2b0c00000200000000
2b1000000200000000
2b1400000200000000
2b1800000200000000
2b1c00000200000000
2b2000000200000000
2b2400000200000000
2b2800000200000000
2b2c00000200000000
2b3000000200000000
2b3400000200000000
2b3800000200000000
2b3c00000200000000
2b4000000200000000
2b4400000200000000
2b4800000200000000
2b4c00000200000000
2b5000000200000000
2b5400000200000000
2b5800000200000000
2b5c00000200000000
2b6000000200000000
2b6400000200000000
2b6800000200000000
2b6c00000200000000
2b7000000200000000
2b7400000200000000
2b7800000200000000
2b7c00000200000000
2b8000000200000000
2b8400000200000000
2b8800000200000000
2b8c00000200000000
2b9000000200000000
2b9400000200000000
2b9800000200000000
2b9c00000200000000
2ba000000200000000
2ba400000200000000
2ba800000200000000
2bac00000200000000
2bb000000200000000
2bb400000200000000
2bb800000200000000
2bbc00000200000000
2bc000000200000000
2bc400000200000000
2bc800000200000000
2bcc00000200000000
2bd000000200000000
2bd400000200000000
2bd800000200000000
2bdc00000200000000
2be000000200000000
2be400000200000000
2be800000200000000
2bec00000200000000
2bf000000200000000
2bf400000200000000
2bf800000200000000
2bfc00000200000000
2c0000000200000000
2c0400000200000000
2c0800000200000000
2c0c00000200000000
2c1000000200000000
2c1400000200000000
2c1800000200000000
2c1c00000200000000
2c2000000200000000
2c2400000200000000
2c2800000200000000
2c2c00000200000000
2c3000000200000000
2c3400000200000000
2c3800000200000000
2c3c00000200000000
2c4000000200000000
2c4400000200000000
2c4800000200000000
2c4c00000200000000
2c5000000200000000
2c5400000200000000
2c5800000200000000
2c5c00000200000000
2c6000000200000000
2c6400000200000000
2c6800000200000000
2c6c00000200000000
2c7000000200000000
2c7400000200000000
2c7800000200000000
2c7c00000200000000
2c8000000200000000
2c8400000200000000
2c8800000200000000
2c8c00000200000000
2c9000000200000000
2c9400000200000000
2c9800000200000000
2c9c00000200000000
2ca000000200000000
2ca400000200000000
2ca800000200000000
2cac00000200000000
2cb000000200000000
2cb400000200000000
2cb800000200000000
2cbc00000200000000
2cc000000200000000
2cc400000200000000
2cc800000200000000
2ccc00000200000000
2cd000000200000000
2cd400000200000000
2cd800000200000000
2cdc00000200000000
2ce000000200000000
2ce400000200000000
2ce800000200000000
2cec00000200000000
2cf000000200000000
2cf400000200000000
2cf800000200000000
2cfc00000200000000
2d0000000200000000
2d0400000200000000
2d0800000200000000
2d0c00000200000000
2d1000000200000000
2d1400000200000000
2d1800000200000000
2d1c00000200000000
2d2000000200000000
2d2400000200000000
2d2800000200000000
2d2c00000200000000
2d3000000200000000
2d3400000200000000
2d3800000200000000
2d3c00000200000000
2d4000000200000000
2d4400000200000000
2d4800000200000000
2d4c00000200000000
2d5000000200000000
2d5400000200000000
2d5800000200000000
2d5c00000200000000
2d6000000200000000
2d6400000200000000
2d6800000200000000
2d6c00000200000000
2d7000000200000000
2d7400000200000000
2d7800000200000000
2d7c00000200000000
2d8000000200000000
2d8400000200000000
2d8800000200000000
2d8c00000200000000
2d9000000200000000
2d9400000200000000
2d9800000200000000
2d9c00000200000000
2da000000200000000
2da400000200000000
2da800000200000000
2dac00000200000000
2db000000200000000
2db400000200000000
2db800000200000000
2dbc00000200000000
2dc000000200000000
2dc400000200000000
2dc800000200000000
2dcc00000200000000
2dd000000200000000
2dd400000200000000
2dd800000200000000
2ddc00000200000000
2de000000200000000
2de400000200000000
2de800000200000000
2dec00000200000000
2df000000200000000
2df400000200000000
2df800000200000000
2dfc00000200000000
2e0000000200000000
2e0400000200000000
2e0800000200000000
2e0c00000200000000
2e100000004000bf68
2e14000000400101d0
2e1800000040014438
2e1c000000400186a0
2e2000000040003e80
2e24000000400080e8
2e280000004000c350
2e2c000000400105b8
2e3000000040014820
2e3400000040000000
2e3800000040004268
2e3c000000400084d0
2e400000004000c738
2e44000000400109a0
2e4800000040014c08
2e4c000000400003e8
2e5000000040004650
2e54000000400088b8
2e580000004000cb20
2e5c00000040010d88
2e6000000040014ff0
2e64000000400007d0
2e6800000040004a38
2e6c00000040008ca0
2e700000004000cf08
2e7400000040011170
2e78000000400153d8
2e7c00000040000bb8
2e8000000040004e20
2e8400000040009088
2e880000004000d2f0
2e8c00000040011558
2e90000000400157c0
2e9400000040000fa0
2e9800000040005208
2e9c00000040009470
2ea00000004000d6d8
2ea400000040011940
2ea800000040015ba8
2eac00000040001388
2eb0000000400055f0
2eb400000040009858
2eb80000004000dac0
2ebc00000040011d28
2ec000000040015f90
2ec400000040001770
2ec8000000400059d8
2ecc00000040009c40
2ed00000004000dea8
2ed400000040012110
2ed800000040016378
2edc00000040001b58
2ee000000040005dc0
2ee40000004000a028
2ee80000004000e290
2eec000000400124f8
2ef000000040016760
2ef400000040001f40
2ef8000000400061a8
2efc0000004000a410
2f000000004000e678
2f04000000400128e0
2f0800000040016b48
2f0c00000040002328
2f1000000040006590
2f140000004000a7f8
2f180000004000ea60
2f1c00000040012cc8
2f2000000040016f30
2f2400000040002710
2f2800000040006978
2f2c0000004000abe0
2f300000004000ee48
2f34000000400130b0
2f3800000040017318
2f3c00000040002af8
2f4000000040006d60
2f440000004000afc8
2f480000004000f230
2f4c00000040013498
2f5000000040017700
2f5400000040002ee0
2f5800000040007148
2f5c0000004000b3b0
2f600000004000f618
2f6400000040013880
2f6800000040017ae8
2f6c000000400032c8
2f7000000040007530
2f740000004000b798
2f780000004000fa00
2f7c00000040013c68
2f8000000040017ed0
2f84000000400036b0
2f8800000040007918
2f8c0000004000bb80
2f900000004000fde8
2f9400000040014050
2f98000000400182b8
2f9c00000040003a98
2fa000000040007d00
2fa40000004000bf68
2fa8000000400101d0
2fac00000040014438
2fb0000000400186a0
2fb400000040003e80
2fb8000000400080e8
2fbc0000004000c350
2fc0000000400105b8
2fc400000040014820
2fc800000040000000
2fcc00000040004268
2fd0000000400084d0
2fd40000004000c738
2fd8000000400109a0
2fdc00000040014c08
2fe0000000400003e8
2fe400000040004650
2fe8000000400088b8
2fec0000004000cb20
2ff000000040010d88
2ff400000040014ff0
2ff8000000400007d0
2ffc00000040004a38
300000000040008ca0
30040000004000cf08
300800000040011170
300c000000400153d8
301000000040000bb8
301400000040004e20
301800000040009088
301c0000004000d2f0
302000000040011558
3024000000400157c0
302800000040000fa0
302c00000040005208
303000000040009470
30340000004000d6d8
303800000040011940
303c00000040015ba8
304000000040001388
3044000000400055f0
304800000040009858
304c0000004000dac0
305000000040011d28
305400000040015f90
305800000040001770
305c000000400059d8
306000000040009c40
30640000004000dea8
306800000040012110
306c00000040016378
307000000040001b58
307400000040005dc0
30780000004000a028
307c0000004000e290
3080000000400124f8
308400000040016760
308800000040001f40
308c000000400061a8
30900000004000a410
30940000004000e678
3098000000400128e0
309c00000040016b48
30a000000040002328
30a400000040006590
30a80000004000a7f8
30ac0000004000ea60
30b000000040012cc8
30b400000040016f30
30b800000040002710
30bc00000040006978
30c00000004000abe0
30c40000004000ee48
30c8000000400130b0
30cc00000040017318
30d000000040002af8
30d400000040006d60
30d80000004000afc8
30dc0000004000f230
30e000000040013498
30e400000040017700
30e800000040002ee0
30ec00000040007148
30f00000004000b3b0
30f40000004000f618
30f800000040013880
30fc00000040017ae8
3100000000400032c8
310400000040007530
31080000004000b798
310c0000004000fa00
311000000040013c68
311400000040017ed0
3118000000400036b0
311c00000040007918
31200000004000bb80
31240000004000fde8
312800000040014050
312c000000400182b8
313000000040003a98
313400000040007d00
31380000004000bf68
313c000000400101d0
314000000040014438
3144000000400186a0
314800000040003e80
314c000000400080e8
31500000004000c350
3154000000400105b8
315800000040014820
315c00000040000000
316000000040004268
3164000000400084d0
31680000004000c738
316c000000400109a0
317000000040014c08
3174000000400003e8
317800000040004650
317c000000400088b8
31800000004000cb20
318400000040010d88
318800000040014ff0
318c000000400007d0
319000000040004a38
319400000040008ca0
31980000004000cf08
319c00000040011170
31a0000000400153d8
31a400000040000bb8
31a800000040004e20
31ac00000040009088
31b00000004000d2f0
31b400000040011558
31b8000000400157c0
31bc00000040000fa0
31c000000040005208
31c400000040009470
31c80000004000d6d8
31cc00000040011940
31d000000040015ba8
31d400000040001388
31d8000000400055f0
31dc00000040009858
31e00000004000dac0
31e400000040011d28
31e800000040015f90
31ec00000040001770
31f0000000400059d8
31f400000040009c40
31f80000004000dea8
31fc00000040012110
320000000040016378
320400000040001b58
320800000040005dc0
320c0000004000a028
32100000004000e290
3214000000400124f8
321800000040016760
321c00000040001f40
3220000000400061a8
32240000004000a410
32280000004000e678
322c000000400128e0
323000000040016b48
323400000040002328
323800000040006590
323c0000004000a7f8
32400000004000ea60
324400000040012cc8
324800000040016f30
324c00000040002710
325000000040006978
32540000004000abe0
32580000004000ee48
325c000000400130b0
326000000040017318
326400000040002af8
326800000040006d60
326c0000004000afc8
32700000004000f230
327400000040013498
327800000040017700
327c00000040002ee0
328000000040007148
32840000004000b3b0
32880000004000f618
328c00000040013880
329000000040017ae8
3294000000400032c8
329800000040007530
329c0000004000b798
32a00000004000fa00
32a400000040013c68
32a800000040017ed0
32ac000000400036b0
32b000000040007918
32b40000004000bb80
32b80000004000fde8
32bc00000040014050
32c0000000400182b8
32c400000040003a98
32c800000040007d00
32cc0000004000bf68
32d0000000400101d0
32d400000040014438
32d8000000400186a0
32dc00000040003e80
32e0000000400080e8
32e40000004000c350
32e8000000400105b8
32ec00000040014820
32f000000040000000
32f400000040004268
32f8000000400084d0
32fc0000004000c738
3300000000400109a0
330400000040014c08
3308000000400003e8
330c00000040004650
3310000000400088b8
33140000004000cb20
331800000040010d88
331c00000040014ff0
3320000000400007d0
332400000040004a38
332800000040008ca0
332c0000004000cf08
333000000040011170
3334000000400153d8
333800000040000bb8
333c00000040004e20
334000000040009088
33440000004000d2f0
334800000040011558
334c000000400157c0
335000000040000fa0
335400000040005208
335800000040009470
335c0000004000d6d8
336000000040011940
336400000040015ba8
336800000040001388
336c000000400055f0
337000000040009858
33740000004000dac0
337800000040011d28
337c00000040015f90
338000000040001770
3384000000400059d8
338800000040009c40
338c0000004000dea8
339000000040012110
339400000040016378
339800000040001b58
339c00000040005dc0
33a00000004000a028
33a40000004000e290
33a8000000400124f8
33ac00000040016760
33b000000040001f40
33b4000000400061a8
33b80000004000a410
33bc0000004000e678
33c0000000400128e0
33c400000040016b48
33c800000040002328
33cc00000040006590
33d00000004000a7f8
33d40000004000ea60
33d800000040012cc8
33dc00000040016f30
33e000000040002710
33e400000040006978
33e80000004000abe0
33ec0000004000ee48
33f0000000400130b0
33f400000040017318
33f800000040002af8
33fc00000040006d60
34000000004000afc8
34040000004000f230
340800000040013498
340c00000040017700
341000000040002ee0
341400000040007148
34180000004000b3b0
341c0000004000f618
342000000040013880
342400000040017ae8
3428000000400032c8
342c00000040007530
34300000004000b798
34340000004000fa00
343800000040013c68
343c00000040017ed0
3440000000400036b0
344400000040007918
34480000004000bb80
344c0000004000fde8
345000000040014050
3454000000400182b8
345800000040003a98
345c00000040007d00
34600000004000bf68
3464000000400101d0
346800000040014438
346c000000400186a0
347000000040003e80
3474000000400080e8
34780000004000c350
347c000000400105b8
348000000040014820
348400000040000000
348800000040004268
348c000000400084d0
34900000004000c738
3494000000400109a0
349800000040014c08
349c000000400003e8
34a000000040004650
34a4000000400088b8
34a80000004000cb20
34ac00000040010d88
34b000000040014ff0
34b4000000400007d0
34b800000040004a38
34bc00000040008ca0
34c00000004000cf08
34c400000040011170
34c8000000400153d8
34cc00000040000bb8
34d000000040004e20
34d400000040009088
34d80000004000d2f0
34dc00000040011558
34e0000000400157c0
34e400000040000fa0
34e800000040005208
34ec00000040009470
34f00000004000d6d8
34f400000040011940
34f800000040015ba8
34fc00000040001388
3500000000400055f0
350400000040009858
35080000004000dac0
350c00000040011d28
351000000040015f90
351400000040001770
3518000000400059d8
351c00000040009c40
35200000004000dea8
352400000040012110
352800000040016378
352c00000040001b58
353000000040005dc0
35340000004000a028
35380000004000e290
353c000000400124f8
354000000040016760
354400000040001f40
3548000000400061a8
354c0000004000a410
35500000004000e678
3554000000400128e0
355800000040016b48
355c00000040002328
356000000040006590
35640000004000a7f8
35680000004000ea60
356c00000040012cc8
357000000040016f30
357400000040002710
357800000040006978
357c0000004000abe0
35800000004000ee48
3584000000400130b0
358800000040017318
358c00000040002af8
359000000040006d60
35940000004000afc8
35980000004000f230
359c00000040013498
35a000000040017700
35a400000040002ee0
35a800000040007148
35ac0000004000b3b0
35b00000004000f618
35b400000040013880
35b800000040017ae8
35bc000000400032c8
35c000000040007530
35c40000004000b798
35c80000004000fa00
35cc00000040013c68
35d000000040017ed0
35d4000000400036b0
35d800000040007918
35dc0000004000bb80
35e00000004000fde8
35e400000040014050
35e8000000400182b8
35ec00000040003a98
35f000000040007d00
35f40000004000bf68
35f8000000400101d0
35fc00000040014438
3600000000400186a0
360400000040003e80
3608000000400080e8
360c0000004000c350
3610000000400105b8
361400000040014820
361800000040000000
361c00000040004268
3620000000400084d0
36240000004000c738
3628000000400109a0
362c00000040014c08
3630000000400003e8
363400000040004650
3638000000400088b8
363c0000004000cb20
364000000040010d88
364400000040014ff0
3648000000400007d0
364c00000040004a38
365000000040008ca0
36540000004000cf08
365800000040011170
365c000000400153d8
366000000040000bb8
366400000040004e20
366800000040009088
366c0000004000d2f0
367000000040011558
3674000000400157c0
367800000040000fa0
367c00000040005208
368000000040009470
36840000004000d6d8
368800000040011940
368c00000040015ba8
369000000040001388
3694000000400055f0
369800000040009858
369c0000004000dac0
36a000000040011d28
36a400000040015f90
36a800000040001770
36ac000000400059d8
36b000000040009c40
36b40000004000dea8
36b800000040012110
36bc00000040016378
36c000000040001b58
36c400000040005dc0
36c80000004000a028
36cc0000004000e290
36d0000000400124f8
36d400000040016760
36d800000040001f40
36dc000000400061a8
36e00000004000a410
36e40000004000e678
36e8000000400128e0
36ec00000040016b48
36f000000040002328
36f400000040006590
36f80000004000a7f8
36fc0000004000ea60
370000000040012cc8
370400000040016f30
370800000040002710
370c00000040006978
37100000004000abe0
37140000004000ee48
3718000000400130b0
371c00000040017318
372000000040002af8
372400000040006d60
37280000004000afc8
372c0000004000f230
373000000040013498
373400000040017700
373800000040002ee0
373c00000040007148
37400000004000b3b0
37440000004000f618
374800000040013880
374c00000040017ae8
3750000000400032c8
375400000040007530
37580000004000b798
375c0000004000fa00
376000000040013c68
376400000040017ed0
3768000000400036b0
376c00000040007918
37700000004000bb80
37740000004000fde8
377800000040014050
377c000000400182b8
378000000040003a98
378400000040007d00
37880000004000bf68
378c000000400101d0
379000000040014438
3794000000400186a0
379800000040003e80
379c000000400080e8
37a00000004000c350
37a4000000400105b8
37a800000040014820
37ac00000040000000
37b000000040004268
37b4000000400084d0
37b80000004000c738
37bc000000400109a0
37c000000040014c08
37c4000000400003e8
37c800000040004650
37cc000000400088b8
37d00000004000cb20
37d400000040010d88
37d800000040014ff0
37dc000000400007d0
37e000000040004a38
37e400000040008ca0
37e80000004000cf08
37ec00000040011170
37f0000000400153d8
37f400000040000bb8
37f800000040004e20
37fc00000040009088
38000000004000d2f0
380400000040011558
3808000000400157c0
380c00000040000fa0
381000000040005208
381400000040009470
38180000004000d6d8
381c00000040011940
382000000040015ba8
382400000040001388
3828000000400055f0
382c00000040009858
38300000004000dac0
383400000040011d28
383800000040015f90
383c00000040001770
3840000000400059d8
384400000040009c40
38480000004000dea8
384c00000040012110
385000000040016378
385400000040001b58
385800000040005dc0
385c0000004000a028
38600000004000e290
3864000000400124f8
386800000040016760
386c00000040001f40
3870000000400061a8
38740000004000a410
38780000004000e678
387c000000400128e0
388000000040016b48
388400000040002328
388800000040006590
388c0000004000a7f8
38900000004000ea60
389400000040012cc8
389800000040016f30
389c00000040002710
38a000000040006978
38a40000004000abe0
38a80000004000ee48
38ac000000400130b0
38b000000040017318
38b400000040002af8
38b800000040006d60
38bc0000004000afc8
38c00000004000f230
38c400000040013498
38c800000040017700
38cc00000040002ee0
38d000000040007148
38d40000004000b3b0
38d80000004000f618
38dc00000040013880
38e000000040017ae8
38e4000000400032c8
38e800000040007530
38ec0000004000b798
38f00000004000fa00
38f400000040013c68
38f800000040017ed0
38fc000000400036b0
390000000040007918
39040000004000bb80
39080000004000fde8
390c00000040014050
3910000000400182b8
391400000040003a98
391800000040007d00
391c0000004000bf68
3920000000400101d0
392400000040014438
3928000000400186a0
392c00000040003e80
3930000000400080e8
39340000004000c350
3938000000400105b8
393c00000040014820
394000000040000000
394400000040004268
3948000000400084d0
394c0000004000c738
3950000000400109a0
395400000040014c08
3958000000400003e8
395c00000040004650
3960000000400088b8
39640000004000cb20
396800000040010d88
396c00000040014ff0
3970000000400007d0
397400000040004a38
397800000040008ca0
397c0000004000cf08
398000000040011170
3984000000400153d8
398800000040000bb8
398c00000040004e20
399000000040009088
39940000004000d2f0
399800000040011558
399c000000400157c0
39a000000040000fa0
39a400000040005208
39a800000040009470
39ac0000004000d6d8
39b000000040011940
39b400000040015ba8
39b800000040001388
39bc000000400055f0
39c000000040009858
39c40000004000dac0
39c800000040011d28
39cc00000040015f90
39d000000040001770
39d4000000400059d8
39d800000040009c40
39dc0000004000dea8
39e000000040012110
39e400000040016378
39e800000040001b58
39ec00000040005dc0
39f00000004000a028
39f40000004000e290
39f8000000400124f8
39fc00000040016760
3a0000000040001f40
3a04000000400061a8
3a080000004000a410
3a0c0000004000e678
3a10000000400128e0
3a1400000040016b48
3a1800000040002328
3a1c00000040006590
3a200000004000a7f8
3a240000004000ea60
3a2800000040012cc8
3a2c00000040016f30
3a3000000040002710
3a3400000040006978
3a380000004000abe0
3a3c0000004000ee48
3a40000000400130b0
3a4400000040017318
3a4800000040002af8
3a4c00000040006d60
3a500000004000afc8
3a540000004000f230
3a5800000040013498
3a5c00000040017700
3a6000000040002ee0
3a6400000040007148
3a680000004000b3b0
3a6c0000004000f618
3a7000000040013880
3a7400000040017ae8
3a78000000400032c8
3a7c00000040007530
3a800000004000b798
3a840000004000fa00
3a8800000040013c68
3a8c00000040017ed0
3a90000000400036b0
3a9400000040007918
3a980000004000bb80
3a9c0000004000fde8
3aa000000040014050
3aa4000000400182b8
3aa800000040003a98
3aac00000040007d00
3ab00000004000bf68
3ab4000000400101d0
3ab800000040014438
3abc000000400186a0
3ac000000040003e80
3ac4000000400080e8
3ac80000004000c350
3acc000000400105b8
3ad000000040014820
3ad400000040000000
3ad800000040004268
3adc000000400084d0
3ae00000004000c738
3ae4000000400109a0
3ae800000040014c08
3aec000000400003e8
3af000000040004650
3af4000000400088b8
3af80000004000cb20
3afc00000040010d88
3b0000000040014ff0
3b04000000400007d0
3b0800000040004a38
3b0c00000040008ca0
3b100000004000cf08
3b1400000040011170
3b18000000400153d8
3b1c00000040000bb8
3b2000000040004e20
3b2400000040009088
3b280000004000d2f0
3b2c00000040011558
3b30000000400157c0
3b3400000040000fa0
3b3800000040005208
3b3c00000040009470
3b400000004000d6d8
3b4400000040011940
3b4800000040015ba8
3b4c00000040001388
3b50000000400055f0
3b5400000040009858
3b580000004000dac0
3b5c00000040011d28
3b6000000040015f90
3b6400000040001770
3b68000000400059d8
3b6c00000040009c40
3b700000004000dea8
3b7400000040012110
3b7800000040016378
3b7c00000040001b58
3b8000000040005dc0
3b840000004000a028
3b880000004000e290
3b8c000000400124f8
3b9000000040016760
3b9400000040001f40
3b98000000400061a8
3b9c0000004000a410
3ba00000004000e678
3ba4000000400128e0
3ba800000040016b48
3bac00000040002328
3bb000000040006590
3bb40000004000a7f8
3bb80000004000ea60
3bbc00000040012cc8
3bc000000040016f30
3bc400000040002710
3bc800000040006978
3bcc0000004000abe0
3bd00000004000ee48
3bd4000000400130b0
3bd800000040017318
3bdc00000040002af8
3be000000040006d60
3be40000004000afc8
3be80000004000f230
3bec00000040013498
3bf000000040017700
3bf400000040002ee0
3bf800000040007148
3bfc0000004000b3b0
3c000000004000f618
3c0400000040013880
3c0800000040017ae8
3c0c000000400032c8
3c1000000040007530
3c140000004000b798
3c180000004000fa00
3c1c00000040013c68
3c2000000040017ed0
3c24000000400036b0
3c2800000040007918
3c2c0000004000bb80
3c300000004000fde8
3c3400000040014050
3c38000000400182b8
3c3c00000040003a98
3c4000000040007d00
3c440000004000bf68
3c48000000400101d0
3c4c00000040014438
3c50000000400186a0
3c5400000040003e80
3c58000000400080e8
3c5c0000004000c350
3c60000000400105b8
3c6400000040014820
3c6800000040000000
3c6c00000040004268
3c70000000400084d0
3c740000004000c738
3c78000000400109a0
3c7c00000040014c08
3c80000000400003e8
3c8400000040004650
3c88000000400088b8
3c8c0000004000cb20
3c9000000040010d88
3c9400000040014ff0
3c98000000400007d0
3c9c00000040004a38
3ca000000040008ca0
3ca40000004000cf08
3ca800000040011170
3cac000000400153d8
3cb000000040000bb8
3cb400000040004e20
3cb800000040009088
3cbc0000004000d2f0
3cc000000040011558
3cc4000000400157c0
3cc800000040000fa0
3ccc00000040005208
3cd000000040009470
3cd40000004000d6d8
3cd800000040011940
3cdc00000040015ba8
3ce000000040001388
3ce4000000400055f0
3ce800000040009858
3cec0000004000dac0
3cf000000040011d28
3cf400000040015f90
3cf800000040001770
3cfc000000400059d8
3d0000000040009c40
3d040000004000dea8
3d0800000040012110
3d0c00000040016378
3d1000000040001b58
3d1400000040005dc0
3d180000004000a028
3d1c0000004000e290
3d20000000400124f8
3d2400000040016760
3d2800000040001f40
3d2c000000400061a8
3d300000004000a410
3d340000004000e678
3d38000000400128e0
3d3c00000040016b48
3d4000000040002328
3d4400000040006590
3d480000004000a7f8
3d4c0000004000ea60
3d5000000040012cc8
3d5400000040016f30
3d5800000040002710
3d5c00000040006978
3d600000004000abe0
3d640000004000ee48
3d68000000400130b0
3d6c00000040017318
3d7000000040002af8
3d7400000040006d60
3d780000004000afc8
3d7c0000004000f230
3d8000000040013498
3d8400000040017700
3d8800000040002ee0
3d8c00000040007148
3d900000004000b3b0
3d940000004000f618
3d9800000040013880
3d9c00000040017ae8
3da0000000400032c8
3da400000040007530
3da80000004000b798
3dac0000004000fa00
3db000000040013c68
3db400000040017ed0
3db8000000400036b0
3dbc00000040007918
3dc00000004000bb80
3dc40000004000fde8
3dc800000040014050
3dcc000000400182b8
3dd000000040003a98
3dd400000040007d00
3dd80000004000bf68
3ddc000000400101d0
3de000000040014438
3de4000000400186a0
3de800000040003e80
3dec000000400080e8
3df00000004000c350
3df4000000400105b8
3df800000040014820
3dfc00000040000000
3e0000000040004268
3e04000000400084d0
3e080000004000c738
3e0c000000400109a0
3e1000000040014c08
3e14000000400003e8
3e1800000040004650
3e1c000000400088b8
3e200000004000cb20
3e2400000040010d88
3e2800000040014ff0
3e2c000000400007d0
3e3000000040004a38
3e3400000040008ca0
3e380000004000cf08
3e3c00000040011170
3e40000000400153d8
3e4400000040000bb8
3e4800000040004e20
3e4c00000040009088
3e500000004000d2f0
3e5400000040011558
3e58000000400157c0
3e5c00000040000fa0
3e6000000040005208
3e6400000040009470
3e680000004000d6d8
3e6c00000040011940
3e7000000040015ba8
3e7400000040001388
3e78000000400055f0
3e7c00000040009858
3e800000004000dac0
3e8400000040011d28
3e8800000040015f90
3e8c00000040001770
3e90000000400059d8
3e9400000040009c40
3e980000004000dea8
3e9c00000040012110
3ea000000040016378
3ea400000040001b58
3ea800000040005dc0
3eac0000004000a028
3eb00000004000e290
3eb4000000400124f8
3eb800000040016760
3ebc00000040001f40
3ec0000000400061a8
3ec40000004000a410
3ec80000004000e678
3ecc000000400128e0
3ed000000040016b48
3ed400000040002328
3ed800000040006590
3edc0000004000a7f8
3ee00000004000ea60
3ee400000040012cc8
3ee800000040016f30
3eec00000040002710
3ef000000040006978
3ef40000004000abe0
3ef80000004000ee48
3efc000000400130b0
3f0000000040017318
3f0400000040002af8
3f0800000040006d60
3f0c0000004000afc8
3f100000004000f230
3f1400000040013498
3f1800000040017700
3f1c00000040002ee0
3f2000000040007148
3f240000004000b3b0
3f280000004000f618
3f2c00000040013880
3f3000000040017ae8
3f34000000400032c8
3f3800000040007530
3f3c0000004000b798
3f400000004000fa00
3f4400000040013c68
3f4800000040017ed0
3f4c000000400036b0
3f5000000040007918
3f540000004000bb80
3f580000004000fde8
3f5c00000040014050
3f60000000400182b8
3f6400000040003a98
3f6800000040007d00
3f6c0000004000bf68
3f70000000400101d0
3f7400000040014438
3f78000000400186a0
3f7c00000040003e80
3f80000000400080e8
3f840000004000c350
3f88000000400105b8
3f8c00000040014820
3f9000000040000000
3f9400000040004268
3f98000000400084d0
3f9c0000004000c738
3fa0000000400109a0
3fa400000040014c08
3fa8000000400003e8
3fac00000040004650
3fb0000000400088b8
3fb40000004000cb20
3fb800000040010d88
3fbc00000040014ff0
3fc0000000400007d0
3fc400000040004a38
3fc800000040008ca0
3fcc0000004000cf08
3fd000000040011170
3fd4000000400153d8
3fd800000040000bb8
3fdc00000040004e20
3fe000000040009088
3fe40000004000d2f0
3fe800000040011558
3fec000000400157c0
3ff000000040000fa0
3ff400000040005208
3ff800000040009470
7ffc0000004000d6d8
