2026-09-04, 15:01:03.491750, 20000000, 25000000, 1000000.00, 20, -59.34, -58.26, -71.02, -67.10, -74.36
2026-09-04, 15:01:03.491750, 30000000, 35000000, 1000000.00, 20, -67.67, -73.71, -69.82, -59.09, -58.36
2026-09-04, 15:01:03.491750, 25000000, 30000000, 1000000.00, 20, -66.73, -66.90, -66.08, -61.20, -58.61
2026-09-04, 15:01:03.491750, 35000000, 40000000, 1000000.00, 20, -63.63, -69.10, -64.24, -54.90, -51.17
2026-09-04, 15:01:03.491750, 40000000, 45000000, 1000000.00, 20, -52.28, -61.76, -83.87, -65.92, -71.03
2026-09-04, 15:01:03.491750, 50000000, 55000000, 1000000.00, 20, -56.63, -68.44, -61.52, -61.98, -57.82
2026-09-04, 15:01:03.491750, 45000000, 50000000, 1000000.00, 20, -64.28, -64.34, -72.30, -85.02, -67.97
2026-09-04, 15:01:03.491750, 55000000, 60000000, 1000000.00, 20, -62.26, -56.66, -59.18, -60.49, -61.02
2026-09-04, 15:01:03.491750, 60000000, 65000000, 1000000.00, 20, -59.72, -62.19, -54.23, -54.38, -56.86
2026-09-04, 15:01:03.491750, 70000000, 75000000, 1000000.00, 20, -58.22, -61.94, -59.41, -56.38, -54.88
2026-09-04, 15:01:03.491750, 65000000, 70000000, 1000000.00, 20, -56.14, -57.82, -61.81, -59.72, -65.56
2026-09-04, 15:01:03.491750, 75000000, 80000000, 1000000.00, 20, -65.65, -61.34, -59.59, -62.68, -63.86
2026-09-04, 15:01:03.491750, 80000000, 85000000, 1000000.00, 20, -73.27, -71.80, -66.53, -61.38, -63.27
2026-09-04, 15:01:03.491750, 90000000, 95000000, 1000000.00, 20, -63.42, -55.98, -51.88, -56.25, -59.28
2026-09-04, 15:01:03.491750, 85000000, 90000000, 1000000.00, 20, -53.72, -58.27, -63.13, -59.07, -60.46
2026-09-04, 15:01:03.491750, 95000000, 100000000, 1000000.00, 20, -65.12, -65.06, -65.77, -60.97, -55.10
2026-09-04, 15:01:03.491750, 100000000, 105000000, 1000000.00, 20, -64.63, -55.70, -59.19, -87.33, -68.28
2026-09-04, 15:01:03.491750, 110000000, 115000000, 1000000.00, 20, -68.42, -58.73, -56.65, -55.27, -57.76
2026-09-04, 15:01:03.491750, 105000000, 110000000, 1000000.00, 20, -65.93, -58.32, -57.15, -57.25, -55.86
2026-09-04, 15:01:03.491750, 115000000, 120000000, 1000000.00, 20, -58.53, -59.98, -59.63, -58.94, -80.78
2026-09-04, 15:01:03.491750, 120000000, 125000000, 1000000.00, 20, -64.88, -65.14, -62.19, -65.21, -66.81
2026-09-04, 15:01:03.491750, 130000000, 135000000, 1000000.00, 20, -57.47, -54.91, -54.50, -53.90, -56.43
2026-09-04, 15:01:03.491750, 125000000, 130000000, 1000000.00, 20, -67.76, -78.03, -62.27, -59.55, -61.43
2026-09-04, 15:01:03.491750, 135000000, 140000000, 1000000.00, 20, -56.53, -63.00, -74.55, -71.24, -68.20
2026-09-04, 15:01:03.491750, 140000000, 145000000, 1000000.00, 20, -55.60, -58.02, -61.33, -58.28, -64.72
2026-09-04, 15:01:03.491750, 150000000, 155000000, 1000000.00, 20, -72.41, -62.94, -62.97, -55.87, -54.41
2026-09-04, 15:01:03.491750, 145000000, 150000000, 1000000.00, 20, -59.92, -58.11, -65.25, -76.32, -63.18
2026-09-04, 15:01:03.491750, 155000000, 160000000, 1000000.00, 20, -73.75, -66.27, -64.53, -61.43, -63.29
2026-09-04, 15:01:03.491750, 160000000, 165000000, 1000000.00, 20, -60.16, -64.94, -75.20, -64.75, -61.27
2026-09-04, 15:01:03.491750, 170000000, 175000000, 1000000.00, 20, -71.41, -66.62, -65.14, -73.44, -71.15
2026-09-04, 15:01:03.491750, 165000000, 170000000, 1000000.00, 20, -62.03, -64.41, -62.87, -66.55, -61.95
2026-09-04, 15:01:03.491750, 175000000, 180000000, 1000000.00, 20, -66.30, -61.08, -62.41, -76.78, -67.48
2026-09-04, 15:01:03.511595, 180000000, 185000000, 1000000.00, 20, -53.44, -59.21, -64.75, -65.77, -64.98
2026-09-04, 15:01:03.511595, 190000000, 195000000, 1000000.00, 20, -67.20, -71.71, -67.45, -62.50, -56.05
2026-09-04, 15:01:03.511595, 185000000, 190000000, 1000000.00, 20, -62.90, -63.56, -64.06, -70.41, -59.04
2026-09-04, 15:01:03.511595, 195000000, 200000000, 1000000.00, 20, -59.98, -61.71, -62.92, -67.87, -67.52
2026-09-04, 15:01:03.511595, 200000000, 205000000, 1000000.00, 20, -59.70, -61.70, -63.17, -61.14, -70.04
2026-09-04, 15:01:03.511595, 210000000, 215000000, 1000000.00, 20, -86.00, -65.62, -62.83, -76.70, -64.47
2026-09-04, 15:01:03.511595, 205000000, 210000000, 1000000.00, 20, -74.56, -64.87, -68.21, -65.44, -60.74
2026-09-04, 15:01:03.511595, 215000000, 220000000, 1000000.00, 20, -70.85, -59.08, -59.28, -56.23, -59.91
2026-09-04, 15:01:03.511595, 220000000, 225000000, 1000000.00, 20, -56.78, -60.71, -59.86, -56.24, -55.96
2026-09-04, 15:01:03.511595, 230000000, 235000000, 1000000.00, 20, -58.53, -59.23, -60.51, -64.46, -59.37
2026-09-04, 15:01:03.511595, 225000000, 230000000, 1000000.00, 20, -54.95, -61.59, -64.49, -60.84, -60.28
2026-09-04, 15:01:03.511595, 235000000, 240000000, 1000000.00, 20, -64.59, -63.68, -63.08, -59.31, -61.99
2026-09-04, 15:01:03.511595, 240000000, 245000000, 1000000.00, 20, -58.65, -62.71, -61.62, -57.71, -61.10
2026-09-04, 15:01:03.511595, 250000000, 255000000, 1000000.00, 20, -66.90, -64.37, -57.73, -62.05, -67.82
2026-09-04, 15:01:03.511595, 245000000, 250000000, 1000000.00, 20, -65.18, -59.52, -63.71, -69.61, -75.44
2026-09-04, 15:01:03.511595, 255000000, 260000000, 1000000.00, 20, -63.82, -57.66, -55.87, -63.76, -60.87
2026-09-04, 15:01:03.511595, 260000000, 265000000, 1000000.00, 20, -60.79, -62.41, -61.43, -60.43, -64.45
2026-09-04, 15:01:03.511595, 270000000, 275000000, 1000000.00, 20, -56.43, -55.37, -58.52, -61.44, -64.05
2026-09-04, 15:01:03.511595, 265000000, 270000000, 1000000.00, 20, -66.76, -58.89, -59.49, -71.74, -73.03
2026-09-04, 15:01:03.511595, 275000000, 280000000, 1000000.00, 20, -55.77, -58.42, -70.47, -69.00, -70.56
2026-09-04, 15:01:03.511595, 280000000, 285000000, 1000000.00, 20, -74.36, -59.85, -57.33, -70.94, -64.18
2026-09-04, 15:01:03.511595, 290000000, 295000000, 1000000.00, 20, -69.98, -70.06, -69.62, -59.76, -59.25
2026-09-04, 15:01:03.511595, 285000000, 290000000, 1000000.00, 20, -58.70, -61.64, -61.40, -62.41, -60.05
2026-09-04, 15:01:03.511595, 295000000, 300000000, 1000000.00, 20, -69.07, -63.26, -66.88, -68.74, -75.49
2026-09-04, 15:01:03.511595, 300000000, 305000000, 1000000.00, 20, -56.40, -63.55, -70.11, -65.58, -61.13
2026-09-04, 15:01:03.511595, 310000000, 315000000, 1000000.00, 20, -65.32, -62.85, -64.79, -59.33, -54.88
2026-09-04, 15:01:03.511595, 305000000, 310000000, 1000000.00, 20, -63.54, -59.32, -57.88, -67.98, -63.90
2026-09-04, 15:01:03.511595, 315000000, 320000000, 1000000.00, 20, -65.04, -61.25, -63.93, -68.59, -59.40
2026-09-04, 15:01:03.511595, 320000000, 325000000, 1000000.00, 20, -56.47, -55.16, -60.76, -65.92, -59.74
2026-09-04, 15:01:03.511595, 330000000, 335000000, 1000000.00, 20, -68.55, -66.88, -63.64, -62.16, -66.29
2026-09-04, 15:01:03.511595, 325000000, 330000000, 1000000.00, 20, -61.43, -67.23, -62.04, -68.77, -70.64
2026-09-04, 15:01:03.511595, 335000000, 340000000, 1000000.00, 20, -62.13, -75.01, -78.00, -62.59, -58.73
2026-09-04, 15:01:03.531123, 340000000, 345000000, 1000000.00, 20, -59.29, -60.46, -73.90, -69.44, -75.36
2026-09-04, 15:01:03.531123, 350000000, 355000000, 1000000.00, 20, -71.36, -72.34, -67.35, -61.60, -61.02
2026-09-04, 15:01:03.531123, 345000000, 350000000, 1000000.00, 20, -70.35, -80.44, -62.32, -58.35, -66.84
2026-09-04, 15:01:03.531123, 355000000, 360000000, 1000000.00, 20, -63.94, -59.79, -58.37, -53.47, -55.32
2026-09-04, 15:01:03.531123, 360000000, 365000000, 1000000.00, 20, -64.21, -65.38, -73.90, -67.75, -62.91
2026-09-04, 15:01:03.531123, 370000000, 375000000, 1000000.00, 20, -71.76, -77.57, -63.02, -61.43, -62.04
2026-09-04, 15:01:03.531123, 365000000, 370000000, 1000000.00, 20, -59.39, -60.44, -70.32, -67.08, -74.20
2026-09-04, 15:01:03.531123, 375000000, 380000000, 1000000.00, 20, -60.19, -66.49, -62.97, -55.44, -55.79
2026-09-04, 15:01:03.531123, 380000000, 385000000, 1000000.00, 20, -75.22, -63.37, -60.48, -57.23, -61.03
2026-09-04, 15:01:03.531123, 390000000, 395000000, 1000000.00, 20, -45.65, -50.81, -52.79, -60.71, -74.30
2026-09-04, 15:01:03.531123, 385000000, 390000000, 1000000.00, 20, -62.34, -59.06, -57.50, -57.61, -60.96
2026-09-04, 15:01:03.531123, 395000000, 400000000, 1000000.00, 20, -60.24, -60.26, -60.00, -58.33, -57.24
2026-09-04, 15:01:03.531123, 400000000, 405000000, 1000000.00, 20, -55.08, -57.75, -61.47, -63.53, -68.54
2026-09-04, 15:01:03.531123, 410000000, 415000000, 1000000.00, 20, -80.87, -72.23, -77.21, -65.34, -61.20
2026-09-04, 15:01:03.531123, 405000000, 410000000, 1000000.00, 20, -61.29, -58.33, -55.56, -66.66, -56.14
2026-09-04, 15:01:03.531123, 415000000, 420000000, 1000000.00, 20, -56.57, -56.50, -59.57, -61.93, -63.42
2026-09-04, 15:01:03.531123, 420000000, 425000000, 1000000.00, 20, -64.59, -68.82, -69.89, -69.47, -62.07
2026-09-04, 15:01:03.531123, 430000000, 435000000, 1000000.00, 20, -64.26, -58.89, -63.77, -62.09, -66.51
2026-09-04, 15:01:03.531123, 425000000, 430000000, 1000000.00, 20, -69.86, -59.76, -59.79, -72.12, -66.61
2026-09-04, 15:01:03.531123, 435000000, 440000000, 1000000.00, 20, -62.05, -63.46, -58.82, -57.33, -60.86
2026-09-04, 15:01:03.531123, 440000000, 445000000, 1000000.00, 20, -60.03, -55.34, -54.64, -59.54, -64.36
2026-09-04, 15:01:03.531123, 450000000, 455000000, 1000000.00, 20, -59.34, -62.14, -57.78, -56.61, -58.51
2026-09-04, 15:01:03.531123, 445000000, 450000000, 1000000.00, 20, -70.15, -75.60, -58.59, -55.80, -61.69
2026-09-04, 15:01:03.531123, 455000000, 460000000, 1000000.00, 20, -74.27, -57.67, -56.20, -57.85, -58.25
2026-09-04, 15:01:03.531123, 460000000, 465000000, 1000000.00, 20, -55.89, -64.09, -68.00, -61.86, -70.35
2026-09-04, 15:01:03.531123, 470000000, 475000000, 1000000.00, 20, -63.14, -62.18, -69.40, -60.16, -62.91
2026-09-04, 15:01:03.531123, 465000000, 470000000, 1000000.00, 20, -68.61, -73.80, -64.07, -76.51, -68.75
2026-09-04, 15:01:03.531123, 475000000, 480000000, 1000000.00, 20, -63.61, -69.85, -68.84, -56.84, -53.26
2026-09-04, 15:01:03.531123, 480000000, 485000000, 1000000.00, 20, -66.81, -57.20, -59.69, -72.72, -59.60
2026-09-04, 15:01:03.531123, 490000000, 495000000, 1000000.00, 20, -58.67, -59.73, -63.38, -59.51, -59.68
2026-09-04, 15:01:03.531123, 485000000, 490000000, 1000000.00, 20, -66.23, -76.27, -70.77, -68.46, -64.78
2026-09-04, 15:01:03.531123, 495000000, 500000000, 1000000.00, 20, -58.42, -61.31, -60.59, -68.42, -56.42
2026-09-04, 15:01:03.550778, 500000000, 505000000, 1000000.00, 20, -60.81, -59.39, -56.84, -61.80, -60.10
2026-09-04, 15:01:03.550778, 510000000, 515000000, 1000000.00, 20, -76.01, -67.21, -66.46, -60.65, -58.18
2026-09-04, 15:01:03.550778, 505000000, 510000000, 1000000.00, 20, -57.69, -56.27, -63.02, -61.80, -57.80
2026-09-04, 15:01:03.550778, 515000000, 520000000, 1000000.00, 20, -76.08, -63.13, -59.02, -59.31, -62.72
2026-09-04, 15:01:03.550778, 520000000, 525000000, 1000000.00, 20, -59.49, -67.04, -63.63, -65.68, -64.60
2026-09-04, 15:01:03.550778, 530000000, 535000000, 1000000.00, 20, -54.55, -62.15, -60.48, -59.58, -68.15
2026-09-04, 15:01:03.550778, 525000000, 530000000, 1000000.00, 20, -68.53, -65.37, -75.61, -72.28, -66.49
2026-09-04, 15:01:03.550778, 535000000, 540000000, 1000000.00, 20, -59.71, -62.43, -59.35, -58.71, -58.47
2026-09-04, 15:01:03.550778, 540000000, 545000000, 1000000.00, 20, -74.04, -68.69, -61.14, -60.74, -59.97
2026-09-04, 15:01:03.550778, 550000000, 555000000, 1000000.00, 20, -65.00, -67.87, -65.86, -74.11, -73.64
2026-09-04, 15:01:03.550778, 545000000, 550000000, 1000000.00, 20, -59.22, -63.28, -66.10, -65.43, -61.99
2026-09-04, 15:01:03.550778, 555000000, 560000000, 1000000.00, 20, -62.68, -59.27, -61.52, -65.12, -56.52
2026-09-04, 15:01:03.550778, 560000000, 565000000, 1000000.00, 20, -55.92, -54.57, -57.22, -63.57, -81.01
2026-09-04, 15:01:03.550778, 570000000, 575000000, 1000000.00, 20, -63.47, -60.78, -79.69, -62.19, -60.79
2026-09-04, 15:01:03.550778, 565000000, 570000000, 1000000.00, 20, -64.95, -59.66, -60.27, -68.60, -66.35
2026-09-04, 15:01:03.550778, 575000000, 580000000, 1000000.00, 20, -63.63, -77.44, -70.62, -65.32, -58.99
2026-09-04, 15:01:03.550778, 580000000, 585000000, 1000000.00, 20, -53.17, -56.55, -66.27, -69.89, -56.59
2026-09-04, 15:01:03.550778, 590000000, 595000000, 1000000.00, 20, -60.68, -64.49, -71.31, -66.38, -63.13
2026-09-04, 15:01:03.550778, 585000000, 590000000, 1000000.00, 20, -65.38, -60.98, -57.98, -61.74, -73.18
2026-09-04, 15:01:03.550778, 595000000, 600000000, 1000000.00, 20, -65.56, -64.75, -67.54, -61.40, -60.98
2026-09-04, 15:01:03.550778, 600000000, 605000000, 1000000.00, 20, -72.95, -66.88, -62.46, -62.42, -59.16
2026-09-04, 15:01:03.550778, 610000000, 615000000, 1000000.00, 20, -67.99, -72.49, -76.96, -72.70, -64.61
2026-09-04, 15:01:03.550778, 605000000, 610000000, 1000000.00, 20, -63.58, -55.51, -54.36, -54.21, -55.02
2026-09-04, 15:01:03.550778, 615000000, 620000000, 1000000.00, 20, -67.08, -64.86, -63.33, -62.12, -60.04
2026-09-04, 15:01:03.550778, 620000000, 625000000, 1000000.00, 20, -56.90, -60.47, -63.84, -70.45, -68.19
2026-09-04, 15:01:03.550778, 630000000, 635000000, 1000000.00, 20, -65.38, -65.50, -84.74, -62.04, -73.06
2026-09-04, 15:01:03.550778, 625000000, 630000000, 1000000.00, 20, -56.76, -57.87, -59.39, -60.19, -65.34
2026-09-04, 15:01:03.550778, 635000000, 640000000, 1000000.00, 20, -66.57, -66.22, -61.28, -58.50, -56.32
2026-09-04, 15:01:03.550778, 640000000, 645000000, 1000000.00, 20, -57.62, -62.69, -60.64, -58.69, -55.13
2026-09-04, 15:01:03.550778, 650000000, 655000000, 1000000.00, 20, -68.97, -64.55, -63.23, -60.06, -58.11
2026-09-04, 15:01:03.550778, 645000000, 650000000, 1000000.00, 20, -58.96, -57.37, -68.80, -66.20, -66.54
2026-09-04, 15:01:03.550778, 655000000, 660000000, 1000000.00, 20, -54.52, -66.73, -61.94, -60.79, -67.11
2026-09-04, 15:01:03.570405, 660000000, 665000000, 1000000.00, 20, -64.32, -70.95, -63.28, -68.36, -66.53
2026-09-04, 15:01:03.570405, 670000000, 675000000, 1000000.00, 20, -61.82, -60.75, -62.08, -69.75, -60.89
2026-09-04, 15:01:03.570405, 665000000, 670000000, 1000000.00, 20, -63.30, -78.48, -77.00, -63.69, -62.64
2026-09-04, 15:01:03.570405, 675000000, 680000000, 1000000.00, 20, -62.23, -61.47, -75.39, -64.71, -65.94
2026-09-04, 15:01:03.570405, 680000000, 685000000, 1000000.00, 20, -69.21, -61.83, -58.77, -55.88, -55.08
2026-09-04, 15:01:03.570405, 690000000, 695000000, 1000000.00, 20, -71.85, -68.85, -69.45, -69.63, -85.92
2026-09-04, 15:01:03.570405, 685000000, 690000000, 1000000.00, 20, -67.37, -70.88, -68.90, -60.39, -60.96
2026-09-04, 15:01:03.570405, 695000000, 700000000, 1000000.00, 20, -62.46, -66.12, -58.51, -58.73, -67.51
2026-09-04, 15:01:03.570405, 700000000, 705000000, 1000000.00, 20, -58.95, -64.28, -59.43, -60.18, -67.12
2026-09-04, 15:01:03.570405, 710000000, 715000000, 1000000.00, 20, -65.84, -60.34, -59.68, -62.49, -59.43
2026-09-04, 15:01:03.570405, 705000000, 710000000, 1000000.00, 20, -65.47, -77.70, -65.38, -64.60, -66.47
2026-09-04, 15:01:03.570405, 715000000, 720000000, 1000000.00, 20, -58.54, -59.57, -63.93, -61.68, -58.97
2026-09-04, 15:01:03.570405, 720000000, 725000000, 1000000.00, 20, -62.64, -64.61, -70.98, -64.34, -65.38
2026-09-04, 15:01:03.570405, 730000000, 735000000, 1000000.00, 20, -64.28, -66.14, -80.80, -72.09, -62.90
2026-09-04, 15:01:03.570405, 725000000, 730000000, 1000000.00, 20, -57.84, -59.20, -68.56, -57.75, -58.52
2026-09-04, 15:01:03.570405, 735000000, 740000000, 1000000.00, 20, -59.26, -61.33, -57.96, -59.35, -66.35
2026-09-04, 15:01:03.570405, 740000000, 745000000, 1000000.00, 20, -57.57, -60.43, -71.08, -78.10, -73.24
2026-09-04, 15:01:03.570405, 750000000, 755000000, 1000000.00, 20, -61.09, -59.88, -61.95, -61.67, -73.44
2026-09-04, 15:01:03.570405, 745000000, 750000000, 1000000.00, 20, -64.47, -58.53, -61.75, -60.55, -66.21
2026-09-04, 15:01:03.570405, 755000000, 760000000, 1000000.00, 20, -59.48, -63.83, -59.52, -62.57, -84.17
2026-09-04, 15:01:03.570405, 760000000, 765000000, 1000000.00, 20, -63.16, -65.93, -68.89, -71.67, -57.31
2026-09-04, 15:01:03.570405, 770000000, 775000000, 1000000.00, 20, -65.16, -66.74, -63.75, -84.67, -62.99
2026-09-04, 15:01:03.570405, 765000000, 770000000, 1000000.00, 20, -58.97, -61.63, -63.39, -62.43, -62.37
2026-09-04, 15:01:03.570405, 775000000, 780000000, 1000000.00, 20, -59.40, -59.55, -59.52, -57.77, -55.85
2026-09-04, 15:01:03.570405, 780000000, 785000000, 1000000.00, 20, -58.70, -67.12, -74.60, -71.46, -66.61
2026-09-04, 15:01:03.570405, 790000000, 795000000, 1000000.00, 20, -73.40, -50.07, -43.11, -39.19, -37.76
2026-09-04, 15:01:03.570405, 785000000, 790000000, 1000000.00, 20, -62.88, -59.19, -64.06, -66.09, -64.94
2026-09-04, 15:01:03.570405, 795000000, 800000000, 1000000.00, 20, -43.44, -37.96, -40.37, -51.96, -53.92
2026-09-04, 15:01:03.570405, 800000000, 805000000, 1000000.00, 20, -67.99, -61.73, -62.07, -62.51, -61.02
2026-09-04, 15:01:03.570405, 810000000, 815000000, 1000000.00, 20, -59.66, -73.86, -66.57, -57.80, -53.56
2026-09-04, 15:01:03.570405, 805000000, 810000000, 1000000.00, 20, -59.72, -57.05, -54.90, -51.48, -51.87
2026-09-04, 15:01:03.570405, 815000000, 820000000, 1000000.00, 20, -51.10, -56.12, -66.81, -66.21, -54.24
2026-09-04, 15:01:03.590176, 820000000, 825000000, 1000000.00, 20, -50.59, -58.96, -65.39, -60.62, -59.83
2026-09-04, 15:01:03.590176, 830000000, 835000000, 1000000.00, 20, -69.11, -83.87, -71.09, -62.96, -56.51
2026-09-04, 15:01:03.590176, 825000000, 830000000, 1000000.00, 20, -57.41, -65.44, -61.78, -58.59, -61.51
2026-09-04, 15:01:03.590176, 835000000, 840000000, 1000000.00, 20, -62.59, -61.63, -56.32, -58.62, -58.98
2026-09-04, 15:01:03.590176, 840000000, 845000000, 1000000.00, 20, -64.65, -65.66, -66.13, -60.83, -66.55
2026-09-04, 15:01:03.590176, 850000000, 855000000, 1000000.00, 20, -61.63, -58.29, -56.53, -55.80, -54.97
2026-09-04, 15:01:03.590176, 845000000, 850000000, 1000000.00, 20, -58.76, -65.56, -61.17, -67.85, -83.03
2026-09-04, 15:01:03.590176, 855000000, 860000000, 1000000.00, 20, -66.11, -60.77, -61.14, -63.07, -61.40
2026-09-04, 15:01:03.590176, 860000000, 865000000, 1000000.00, 20, -63.72, -77.04, -66.52, -73.08, -67.23
2026-09-04, 15:01:03.590176, 870000000, 875000000, 1000000.00, 20, -60.25, -61.37, -57.64, -60.58, -63.81
2026-09-04, 15:01:03.590176, 865000000, 870000000, 1000000.00, 20, -60.10, -85.24, -67.62, -66.79, -64.90
2026-09-04, 15:01:03.590176, 875000000, 880000000, 1000000.00, 20, -64.59, -67.39, -65.45, -61.70, -63.10
2026-09-04, 15:01:03.590176, 880000000, 885000000, 1000000.00, 20, -56.91, -56.38, -53.17, -53.69, -57.56
2026-09-04, 15:01:03.590176, 890000000, 895000000, 1000000.00, 20, -61.53, -61.29, -67.43, -67.10, -64.92
2026-09-04, 15:01:03.590176, 885000000, 890000000, 1000000.00, 20, -56.38, -54.45, -57.64, -63.19, -63.36
2026-09-04, 15:01:03.590176, 895000000, 900000000, 1000000.00, 20, -67.10, -67.77, -68.87, -66.12, -58.05
2026-09-04, 15:01:03.590176, 900000000, 905000000, 1000000.00, 20, -60.56, -60.99, -66.78, -57.95, -57.58
2026-09-04, 15:01:03.590176, 910000000, 915000000, 1000000.00, 20, -60.38, -68.04, -62.43, -59.88, -68.62
2026-09-04, 15:01:03.590176, 905000000, 910000000, 1000000.00, 20, -59.08, -58.11, -55.99, -58.10, -65.92
2026-09-04, 15:01:03.590176, 915000000, 920000000, 1000000.00, 20, -62.88, -64.42, -64.81, -58.07, -60.27
2026-09-04, 15:01:03.590176, 920000000, 925000000, 1000000.00, 20, -62.91, -66.91, -71.40, -62.78, -51.33
2026-09-04, 15:01:03.590176, 930000000, 935000000, 1000000.00, 20, -37.90, -46.67, -54.07, -55.01, -52.03
2026-09-04, 15:01:03.590176, 925000000, 930000000, 1000000.00, 20, -41.63, -42.68, -48.30, -48.16, -37.68
2026-09-04, 15:01:03.590176, 935000000, 940000000, 1000000.00, 20, -65.46, -53.78, -44.93, -45.10, -40.18
2026-09-04, 15:01:03.590176, 940000000, 945000000, 1000000.00, 20, -41.82, -46.95, -52.41, -47.63, -47.56
2026-09-04, 15:01:03.590176, 950000000, 955000000, 1000000.00, 20, -58.33, -60.65, -60.50, -54.37, -53.53
2026-09-04, 15:01:03.590176, 945000000, 950000000, 1000000.00, 20, -40.03, -52.35, -42.97, -58.68, -53.93
2026-09-04, 15:01:03.590176, 955000000, 960000000, 1000000.00, 20, -55.54, -51.57, -54.95, -62.60, -52.91
2026-09-04, 15:01:03.590176, 960000000, 965000000, 1000000.00, 20, -65.52, -65.24, -64.37, -65.16, -68.19
2026-09-04, 15:01:03.590176, 970000000, 975000000, 1000000.00, 20, -61.38, -60.80, -66.50, -66.71, -67.58
2026-09-04, 15:01:03.590176, 965000000, 970000000, 1000000.00, 20, -66.40, -58.98, -59.65, -67.08, -69.43
2026-09-04, 15:01:03.590176, 975000000, 980000000, 1000000.00, 20, -59.27, -57.53, -57.06, -59.90, -57.43
2026-09-04, 15:01:03.609797, 980000000, 985000000, 1000000.00, 20, -71.62, -59.28, -57.65, -62.20, -66.84
2026-09-04, 15:01:03.609797, 990000000, 995000000, 1000000.00, 20, -65.04, -62.73, -67.02, -64.48, -59.79
2026-09-04, 15:01:03.609797, 985000000, 990000000, 1000000.00, 20, -58.03, -55.32, -54.84, -59.40, -56.42
2026-09-04, 15:01:03.609797, 995000000, 1000000000, 1000000.00, 20, -67.09, -66.39, -61.26, -61.02, -60.92
2026-09-04, 15:01:03.609797, 1000000000, 1005000000, 1000000.00, 20, -57.98, -65.43, -76.33, -62.65, -59.82
2026-09-04, 15:01:03.609797, 1010000000, 1015000000, 1000000.00, 20, -58.35, -66.89, -63.07, -56.09, -59.60
2026-09-04, 15:01:03.609797, 1005000000, 1010000000, 1000000.00, 20, -65.20, -61.22, -65.20, -61.85, -63.70
2026-09-04, 15:01:03.609797, 1015000000, 1020000000, 1000000.00, 20, -79.32, -60.84, -57.87, -64.95, -79.04
2026-09-04, 15:01:03.609797, 1020000000, 1025000000, 1000000.00, 20, -68.60, -63.73, -63.42, -64.61, -59.45
2026-09-04, 15:01:03.609797, 1030000000, 1035000000, 1000000.00, 20, -60.12, -58.03, -59.34, -63.07, -59.38
2026-09-04, 15:01:03.609797, 1025000000, 1030000000, 1000000.00, 20, -64.21, -73.19, -69.93, -72.20, -71.14
2026-09-04, 15:01:03.609797, 1035000000, 1040000000, 1000000.00, 20, -65.13, -70.85, -74.93, -73.99, -72.40
2026-09-04, 15:01:03.609797, 1040000000, 1045000000, 1000000.00, 20, -58.83, -60.55, -61.32, -61.82, -65.46
2026-09-04, 15:01:03.609797, 1050000000, 1055000000, 1000000.00, 20, -57.99, -57.68, -60.10, -62.08, -63.98
2026-09-04, 15:01:03.609797, 1045000000, 1050000000, 1000000.00, 20, -62.51, -63.56, -57.17, -59.11, -65.53
2026-09-04, 15:01:03.609797, 1055000000, 1060000000, 1000000.00, 20, -72.58, -73.59, -63.33, -58.38, -60.72
2026-09-04, 15:01:03.609797, 1060000000, 1065000000, 1000000.00, 20, -58.89, -60.89, -63.61, -57.81, -56.82
2026-09-04, 15:01:03.609797, 1070000000, 1075000000, 1000000.00, 20, -65.48, -56.87, -57.55, -64.42, -72.24
2026-09-04, 15:01:03.609797, 1065000000, 1070000000, 1000000.00, 20, -66.00, -61.10, -59.45, -70.79, -61.70
2026-09-04, 15:01:03.609797, 1075000000, 1080000000, 1000000.00, 20, -58.62, -60.31, -66.72, -66.48, -63.80
2026-09-04, 15:01:03.609797, 1080000000, 1085000000, 1000000.00, 20, -66.44, -61.88, -65.42, -58.31, -70.09
2026-09-04, 15:01:03.609797, 1090000000, 1095000000, 1000000.00, 20, -57.28, -61.82, -71.94, -58.25, -58.32
2026-09-04, 15:01:03.609797, 1085000000, 1090000000, 1000000.00, 20, -64.38, -60.51, -60.57, -60.21, -60.41
2026-09-04, 15:01:03.609797, 1095000000, 1100000000, 1000000.00, 20, -59.68, -67.17, -66.80, -64.76, -65.93
2026-09-04, 15:01:03.609797, 1100000000, 1105000000, 1000000.00, 20, -55.68, -60.70, -62.76, -64.99, -62.40
2026-09-04, 15:01:03.609797, 1110000000, 1115000000, 1000000.00, 20, -65.83, -77.35, -71.01, -63.82, -56.13
2026-09-04, 15:01:03.609797, 1105000000, 1110000000, 1000000.00, 20, -63.74, -62.38, -64.43, -63.62, -64.15
2026-09-04, 15:01:03.609797, 1115000000, 1120000000, 1000000.00, 20, -58.58, -69.97, -66.78, -72.55, -59.08
2026-09-04, 15:01:03.609797, 1120000000, 1125000000, 1000000.00, 20, -60.96, -61.21, -62.98, -65.08, -62.08
2026-09-04, 15:01:03.609797, 1130000000, 1135000000, 1000000.00, 20, -60.52, -60.22, -68.59, -65.00, -62.93
2026-09-04, 15:01:03.609797, 1125000000, 1130000000, 1000000.00, 20, -62.83, -68.24, -63.25, -68.31, -68.75
2026-09-04, 15:01:03.609797, 1135000000, 1140000000, 1000000.00, 20, -67.12, -72.04, -57.99, -56.87, -67.41
2026-09-04, 15:01:03.629423, 1140000000, 1145000000, 1000000.00, 20, -65.96, -69.66, -64.71, -64.45, -60.95
2026-09-04, 15:01:03.629423, 1150000000, 1155000000, 1000000.00, 20, -66.12, -63.36, -63.03, -62.92, -62.67
2026-09-04, 15:01:03.629423, 1145000000, 1150000000, 1000000.00, 20, -69.74, -60.20, -59.44, -61.20, -58.20
2026-09-04, 15:01:03.629423, 1155000000, 1160000000, 1000000.00, 20, -61.34, -58.72, -59.25, -60.16, -71.57
2026-09-04, 15:01:03.629423, 1160000000, 1165000000, 1000000.00, 20, -68.27, -60.87, -64.71, -67.04, -63.56
2026-09-04, 15:01:03.629423, 1170000000, 1175000000, 1000000.00, 20, -63.71, -61.18, -60.97, -67.09, -63.11
2026-09-04, 15:01:03.629423, 1165000000, 1170000000, 1000000.00, 20, -69.82, -60.11, -58.19, -62.49, -76.33
2026-09-04, 15:01:03.629423, 1175000000, 1180000000, 1000000.00, 20, -79.72, -70.35, -60.73, -58.66, -63.05
2026-09-04, 15:01:03.629423, 1180000000, 1185000000, 1000000.00, 20, -65.35, -62.72, -59.85, -57.82, -60.17
2026-09-04, 15:01:03.629423, 1190000000, 1195000000, 1000000.00, 20, -73.63, -60.50, -58.72, -62.73, -57.10
2026-09-04, 15:01:03.629423, 1185000000, 1190000000, 1000000.00, 20, -74.54, -61.98, -72.17, -57.48, -57.66
2026-09-04, 15:01:03.629423, 1195000000, 1200000000, 1000000.00, 20, -64.58, -77.10, -60.79, -60.55, -69.48
2026-09-04, 15:01:03.629423, 1200000000, 1205000000, 1000000.00, 20, -59.75, -67.58, -71.62, -72.91, -62.97
2026-09-04, 15:01:03.629423, 1210000000, 1215000000, 1000000.00, 20, -70.59, -66.09, -66.09, -63.88, -62.76
2026-09-04, 15:01:03.629423, 1205000000, 1210000000, 1000000.00, 20, -60.17, -55.79, -53.16, -57.05, -70.05
2026-09-04, 15:01:03.629423, 1215000000, 1220000000, 1000000.00, 20, -54.42, -55.48, -62.16, -78.75, -62.60
2026-09-04, 15:01:03.629423, 1220000000, 1225000000, 1000000.00, 20, -60.25, -62.39, -73.80, -59.05, -60.40
2026-09-04, 15:01:03.629423, 1230000000, 1235000000, 1000000.00, 20, -59.71, -63.76, -60.43, -55.86, -63.92
2026-09-04, 15:01:03.629423, 1225000000, 1230000000, 1000000.00, 20, -61.73, -58.20, -62.95, -59.02, -58.49
2026-09-04, 15:01:03.629423, 1235000000, 1240000000, 1000000.00, 20, -75.04, -62.58, -80.85, -65.03, -73.77
2026-09-04, 15:01:03.629423, 1240000000, 1245000000, 1000000.00, 20, -68.28, -64.30, -74.04, -59.21, -54.58
2026-09-04, 15:01:03.629423, 1250000000, 1255000000, 1000000.00, 20, -60.89, -58.49, -59.68, -62.57, -58.26
2026-09-04, 15:01:03.629423, 1245000000, 1250000000, 1000000.00, 20, -66.02, -64.22, -76.42, -67.38, -61.10
2026-09-04, 15:01:03.629423, 1255000000, 1260000000, 1000000.00, 20, -68.22, -62.38, -55.37, -59.17, -60.16
2026-09-04, 15:01:03.629423, 1260000000, 1265000000, 1000000.00, 20, -58.73, -67.54, -73.03, -65.38, -60.54
2026-09-04, 15:01:03.629423, 1270000000, 1275000000, 1000000.00, 20, -65.16, -62.97, -57.96, -56.47, -57.88
2026-09-04, 15:01:03.629423, 1265000000, 1270000000, 1000000.00, 20, -59.89, -64.84, -63.71, -61.08, -78.53
2026-09-04, 15:01:03.629423, 1275000000, 1280000000, 1000000.00, 20, -66.39, -75.24, -84.59, -70.28, -61.56
2026-09-04, 15:01:03.629423, 1280000000, 1285000000, 1000000.00, 20, -65.57, -65.38, -61.63, -61.36, -61.41
2026-09-04, 15:01:03.629423, 1290000000, 1295000000, 1000000.00, 20, -60.62, -60.76, -76.37, -63.53, -58.82
2026-09-04, 15:01:03.629423, 1285000000, 1290000000, 1000000.00, 20, -74.88, -65.27, -60.24, -64.96, -67.57
2026-09-04, 15:01:03.629423, 1295000000, 1300000000, 1000000.00, 20, -60.36, -60.33, -72.30, -67.87, -66.86
2026-09-04, 15:01:03.649079, 1300000000, 1305000000, 1000000.00, 20, -62.28, -58.73, -58.45, -61.44, -72.41
2026-09-04, 15:01:03.649079, 1310000000, 1315000000, 1000000.00, 20, -60.17, -76.09, -66.04, -61.02, -71.12
2026-09-04, 15:01:03.649079, 1305000000, 1310000000, 1000000.00, 20, -64.83, -58.65, -60.84, -76.52, -60.46
2026-09-04, 15:01:03.649079, 1315000000, 1320000000, 1000000.00, 20, -60.13, -59.20, -63.40, -66.36, -63.87
2026-09-04, 15:01:03.649079, 1320000000, 1325000000, 1000000.00, 20, -58.44, -71.22, -62.71, -67.06, -71.56
2026-09-04, 15:01:03.649079, 1330000000, 1335000000, 1000000.00, 20, -58.09, -57.93, -58.78, -58.03, -58.37
2026-09-04, 15:01:03.649079, 1325000000, 1330000000, 1000000.00, 20, -57.16, -63.25, -61.28, -61.04, -63.23
2026-09-04, 15:01:03.649079, 1335000000, 1340000000, 1000000.00, 20, -64.37, -59.01, -58.50, -56.59, -59.29
2026-09-04, 15:01:03.649079, 1340000000, 1345000000, 1000000.00, 20, -66.39, -62.67, -57.63, -57.68, -60.16
2026-09-04, 15:01:03.649079, 1350000000, 1355000000, 1000000.00, 20, -65.37, -60.50, -59.78, -60.20, -60.12
2026-09-04, 15:01:03.649079, 1345000000, 1350000000, 1000000.00, 20, -59.39, -61.65, -61.57, -61.93, -59.43
2026-09-04, 15:01:03.649079, 1355000000, 1360000000, 1000000.00, 20, -60.59, -58.70, -58.59, -58.50, -61.56
2026-09-04, 15:01:03.649079, 1360000000, 1365000000, 1000000.00, 20, -61.44, -68.83, -63.53, -69.89, -65.27
2026-09-04, 15:01:03.649079, 1370000000, 1375000000, 1000000.00, 20, -62.44, -60.30, -59.04, -58.01, -59.24
2026-09-04, 15:01:03.649079, 1365000000, 1370000000, 1000000.00, 20, -58.14, -58.21, -56.64, -61.15, -65.38
2026-09-04, 15:01:03.649079, 1375000000, 1380000000, 1000000.00, 20, -57.80, -61.43, -60.71, -62.72, -66.82
2026-09-04, 15:01:03.649079, 1380000000, 1385000000, 1000000.00, 20, -57.85, -57.60, -59.67, -62.84, -61.60
2026-09-04, 15:01:03.649079, 1390000000, 1395000000, 1000000.00, 20, -66.77, -58.38, -58.47, -56.75, -55.58
2026-09-04, 15:01:03.649079, 1385000000, 1390000000, 1000000.00, 20, -66.08, -68.68, -60.61, -63.60, -63.13
2026-09-04, 15:01:03.649079, 1395000000, 1400000000, 1000000.00, 20, -59.16, -59.55, -67.91, -75.32, -71.03
2026-09-04, 15:01:03.649079, 1400000000, 1405000000, 1000000.00, 20, -54.64, -57.36, -83.03, -64.61, -64.71
2026-09-04, 15:01:03.649079, 1410000000, 1415000000, 1000000.00, 20, -55.87, -54.09, -60.02, -73.02, -66.93
2026-09-04, 15:01:03.649079, 1405000000, 1410000000, 1000000.00, 20, -69.13, -61.28, -61.52, -62.85, -77.14
2026-09-04, 15:01:03.649079, 1415000000, 1420000000, 1000000.00, 20, -62.41, -62.96, -55.60, -54.15, -61.92
2026-09-04, 15:01:03.649079, 1420000000, 1425000000, 1000000.00, 20, -64.91, -62.54, -55.82, -57.06, -60.78
2026-09-04, 15:01:03.649079, 1430000000, 1435000000, 1000000.00, 20, -62.91, -63.58, -73.66, -63.95, -60.26
2026-09-04, 15:01:03.649079, 1425000000, 1430000000, 1000000.00, 20, -54.80, -56.71, -58.72, -58.20, -58.34
2026-09-04, 15:01:03.649079, 1435000000, 1440000000, 1000000.00, 20, -66.03, -65.27, -57.17, -58.09, -63.11
2026-09-04, 15:01:03.649079, 1440000000, 1445000000, 1000000.00, 20, -65.92, -56.48, -57.80, -59.24, -61.03
2026-09-04, 15:01:03.649079, 1450000000, 1455000000, 1000000.00, 20, -67.74, -68.69, -64.13, -59.54, -59.86
2026-09-04, 15:01:03.649079, 1445000000, 1450000000, 1000000.00, 20, -62.35, -62.47, -60.77, -59.29, -60.58
2026-09-04, 15:01:03.649079, 1455000000, 1460000000, 1000000.00, 20, -62.84, -64.83, -60.21, -59.99, -66.54
2026-09-04, 15:01:03.668788, 1460000000, 1465000000, 1000000.00, 20, -62.69, -56.44, -60.37, -62.76, -61.45
2026-09-04, 15:01:03.668788, 1470000000, 1475000000, 1000000.00, 20, -59.88, -63.12, -70.25, -71.45, -62.68
2026-09-04, 15:01:03.668788, 1465000000, 1470000000, 1000000.00, 20, -63.93, -69.82, -66.86, -60.56, -53.52
2026-09-04, 15:01:03.668788, 1475000000, 1480000000, 1000000.00, 20, -64.07, -69.01, -66.77, -59.13, -57.24
2026-09-04, 15:01:03.668788, 1480000000, 1485000000, 1000000.00, 20, -56.19, -57.65, -61.46, -65.03, -58.25
2026-09-04, 15:01:03.668788, 1490000000, 1495000000, 1000000.00, 20, -55.04, -56.90, -59.80, -63.94, -69.87
2026-09-04, 15:01:03.668788, 1485000000, 1490000000, 1000000.00, 20, -73.84, -65.42, -77.51, -62.66, -58.67
2026-09-04, 15:01:03.668788, 1495000000, 1500000000, 1000000.00, 20, -61.70, -57.13, -55.71, -57.85, -75.22
2026-09-04, 15:01:03.668788, 1500000000, 1505000000, 1000000.00, 20, -57.91, -57.36, -69.22, -59.10, -55.81
2026-09-04, 15:01:03.668788, 1510000000, 1515000000, 1000000.00, 20, -62.06, -64.68, -60.56, -59.19, -61.35
2026-09-04, 15:01:03.668788, 1505000000, 1510000000, 1000000.00, 20, -62.96, -66.59, -60.58, -54.39, -55.44
2026-09-04, 15:01:03.668788, 1515000000, 1520000000, 1000000.00, 20, -61.85, -58.70, -63.25, -69.53, -68.43
2026-09-04, 15:01:03.668788, 1520000000, 1525000000, 1000000.00, 20, -58.66, -56.77, -64.48, -62.05, -64.32
2026-09-04, 15:01:03.668788, 1530000000, 1535000000, 1000000.00, 20, -69.51, -64.42, -63.65, -62.67, -69.42
2026-09-04, 15:01:03.668788, 1525000000, 1530000000, 1000000.00, 20, -71.71, -62.56, -63.89, -66.02, -59.51
2026-09-04, 15:01:03.668788, 1535000000, 1540000000, 1000000.00, 20, -67.21, -68.53, -68.65, -62.90, -64.55
2026-09-04, 15:01:03.668788, 1540000000, 1545000000, 1000000.00, 20, -78.49, -65.62, -59.05, -63.79, -60.60
2026-09-04, 15:01:03.668788, 1550000000, 1555000000, 1000000.00, 20, -64.43, -73.83, -58.10, -58.86, -61.20
2026-09-04, 15:01:03.668788, 1545000000, 1550000000, 1000000.00, 20, -67.16, -69.03, -78.57, -73.07, -66.00
2026-09-04, 15:01:03.668788, 1555000000, 1560000000, 1000000.00, 20, -67.45, -67.97, -82.09, -73.04, -65.87
2026-09-04, 15:01:03.668788, 1560000000, 1565000000, 1000000.00, 20, -64.60, -66.58, -64.22, -65.33, -65.18
2026-09-04, 15:01:03.668788, 1570000000, 1575000000, 1000000.00, 20, -61.69, -61.09, -87.23, -64.22, -78.12
2026-09-04, 15:01:03.668788, 1565000000, 1570000000, 1000000.00, 20, -71.61, -72.55, -77.16, -60.04, -57.35
2026-09-04, 15:01:03.668788, 1575000000, 1580000000, 1000000.00, 20, -66.48, -65.92, -56.44, -54.97, -63.71
2026-09-04, 15:01:03.668788, 1580000000, 1585000000, 1000000.00, 20, -58.74, -62.32, -58.45, -68.26, -62.29
2026-09-04, 15:01:03.668788, 1590000000, 1595000000, 1000000.00, 20, -58.34, -60.57, -70.12, -63.52, -63.33
2026-09-04, 15:01:03.668788, 1585000000, 1590000000, 1000000.00, 20, -61.55, -66.12, -64.19, -60.54, -58.40
2026-09-04, 15:01:03.668788, 1595000000, 1600000000, 1000000.00, 20, -62.37, -67.86, -60.89, -56.57, -59.45
2026-09-04, 15:01:03.668788, 1600000000, 1605000000, 1000000.00, 20, -75.03, -62.74, -70.17, -66.62, -68.60
2026-09-04, 15:01:03.668788, 1610000000, 1615000000, 1000000.00, 20, -64.33, -60.58, -69.92, -58.65, -62.98
2026-09-04, 15:01:03.668788, 1605000000, 1610000000, 1000000.00, 20, -72.90, -66.03, -69.30, -59.46, -58.11
2026-09-04, 15:01:03.668788, 1615000000, 1620000000, 1000000.00, 20, -67.17, -60.06, -54.99, -55.80, -62.28
2026-09-04, 15:01:03.688379, 1620000000, 1625000000, 1000000.00, 20, -66.87, -68.61, -62.90, -71.29, -80.08
2026-09-04, 15:01:03.688379, 1630000000, 1635000000, 1000000.00, 20, -64.39, -66.94, -58.11, -58.82, -59.60
2026-09-04, 15:01:03.688379, 1625000000, 1630000000, 1000000.00, 20, -75.60, -68.95, -68.26, -77.59, -67.14
2026-09-04, 15:01:03.688379, 1635000000, 1640000000, 1000000.00, 20, -66.15, -61.83, -59.85, -59.24, -63.94
2026-09-04, 15:01:03.688379, 1640000000, 1645000000, 1000000.00, 20, -79.51, -76.25, -72.61, -70.74, -66.99
2026-09-04, 15:01:03.688379, 1650000000, 1655000000, 1000000.00, 20, -65.89, -65.12, -64.13, -78.32, -69.39
2026-09-04, 15:01:03.688379, 1645000000, 1650000000, 1000000.00, 20, -55.98, -57.80, -70.31, -62.95, -71.57
2026-09-04, 15:01:03.688379, 1655000000, 1660000000, 1000000.00, 20, -58.68, -62.60, -75.04, -69.53, -58.64
2026-09-04, 15:01:03.688379, 1660000000, 1665000000, 1000000.00, 20, -88.62, -60.24, -56.05, -58.29, -63.00
2026-09-04, 15:01:03.688379, 1670000000, 1675000000, 1000000.00, 20, -58.85, -63.68, -62.58, -69.14, -63.01
2026-09-04, 15:01:03.688379, 1665000000, 1670000000, 1000000.00, 20, -57.67, -62.42, -67.36, -78.99, -78.39
2026-09-04, 15:01:03.688379, 1675000000, 1680000000, 1000000.00, 20, -61.96, -61.27, -68.49, -74.39, -59.72
2026-09-04, 15:01:03.688379, 1680000000, 1685000000, 1000000.00, 20, -58.99, -59.74, -60.85, -61.11, -57.67
2026-09-04, 15:01:03.688379, 1690000000, 1695000000, 1000000.00, 20, -66.62, -58.22, -65.11, -59.86, -59.43
2026-09-04, 15:01:03.688379, 1685000000, 1690000000, 1000000.00, 20, -63.99, -61.70, -57.58, -55.59, -57.71
2026-09-04, 15:01:03.688379, 1695000000, 1700000000, 1000000.00, 20, -58.26, -56.75, -67.01, -67.56, -71.52
2026-09-04, 15:01:03.688379, 1700000000, 1705000000, 1000000.00, 20, -60.57, -62.99, -61.31, -70.77, -61.61
2026-09-04, 15:01:03.688379, 1710000000, 1715000000, 1000000.00, 20, -68.84, -63.46, -66.42, -59.72, -62.00
2026-09-04, 15:01:03.688379, 1705000000, 1710000000, 1000000.00, 20, -60.14, -65.27, -72.07, -64.33, -59.23
2026-09-04, 15:01:03.688379, 1715000000, 1720000000, 1000000.00, 20, -74.07, -86.69, -72.96, -76.29, -64.61
2026-09-04, 15:01:03.688379, 1720000000, 1725000000, 1000000.00, 20, -65.52, -68.76, -64.72, -64.05, -61.21
2026-09-04, 15:01:03.688379, 1730000000, 1735000000, 1000000.00, 20, -56.21, -60.95, -64.69, -70.95, -65.36
2026-09-04, 15:01:03.688379, 1725000000, 1730000000, 1000000.00, 20, -58.44, -62.70, -69.80, -71.32, -58.03
2026-09-04, 15:01:03.688379, 1735000000, 1740000000, 1000000.00, 20, -71.45, -63.28, -64.69, -65.01, -58.97
2026-09-04, 15:01:03.688379, 1740000000, 1745000000, 1000000.00, 20, -62.42, -69.32, -71.00, -73.29, -71.34
2026-09-04, 15:01:03.688379, 1750000000, 1755000000, 1000000.00, 20, -66.83, -73.71, -89.88, -64.30, -57.40
2026-09-04, 15:01:03.688379, 1745000000, 1750000000, 1000000.00, 20, -67.20, -62.54, -62.44, -62.48, -59.61
2026-09-04, 15:01:03.688379, 1755000000, 1760000000, 1000000.00, 20, -64.11, -60.90, -59.72, -58.67, -58.98
2026-09-04, 15:01:03.688379, 1760000000, 1765000000, 1000000.00, 20, -65.91, -60.67, -61.32, -66.72, -61.70
2026-09-04, 15:01:03.688379, 1770000000, 1775000000, 1000000.00, 20, -64.54, -69.24, -61.62, -63.02, -62.01
2026-09-04, 15:01:03.688379, 1765000000, 1770000000, 1000000.00, 20, -73.32, -65.28, -60.75, -60.29, -67.44
2026-09-04, 15:01:03.688379, 1775000000, 1780000000, 1000000.00, 20, -60.31, -55.31, -55.21, -56.80, -62.60
2026-09-04, 15:01:03.708017, 1780000000, 1785000000, 1000000.00, 20, -60.30, -53.98, -55.52, -58.29, -58.44
2026-09-04, 15:01:03.708017, 1790000000, 1795000000, 1000000.00, 20, -63.94, -63.07, -60.42, -64.32, -62.88
2026-09-04, 15:01:03.708017, 1785000000, 1790000000, 1000000.00, 20, -59.96, -60.37, -61.63, -62.15, -65.06
2026-09-04, 15:01:03.708017, 1795000000, 1800000000, 1000000.00, 20, -67.41, -58.61, -59.72, -70.14, -64.66
2026-09-04, 15:01:03.708017, 1800000000, 1805000000, 1000000.00, 20, -67.88, -56.89, -60.54, -79.40, -65.77
2026-09-04, 15:01:03.708017, 1810000000, 1815000000, 1000000.00, 20, -55.67, -53.23, -53.24, -52.27, -52.39
2026-09-04, 15:01:03.708017, 1805000000, 1810000000, 1000000.00, 20, -63.76, -58.19, -59.15, -62.42, -71.31
2026-09-04, 15:01:03.708017, 1815000000, 1820000000, 1000000.00, 20, -51.57, -47.50, -51.09, -61.73, -55.37
2026-09-04, 15:01:03.708017, 1820000000, 1825000000, 1000000.00, 20, -50.80, -62.72, -70.51, -67.20, -55.36
2026-09-04, 15:01:03.708017, 1830000000, 1835000000, 1000000.00, 20, -68.21, -64.30, -62.09, -57.40, -53.80
2026-09-04, 15:01:03.708017, 1825000000, 1830000000, 1000000.00, 20, -72.93, -60.45, -55.20, -55.89, -61.18
2026-09-04, 15:01:03.708017, 1835000000, 1840000000, 1000000.00, 20, -59.81, -58.47, -64.67, -55.85, -56.25
2026-09-04, 15:01:03.708017, 1840000000, 1845000000, 1000000.00, 20, -70.31, -60.10, -61.55, -69.14, -62.09
2026-09-04, 15:01:03.708017, 1850000000, 1855000000, 1000000.00, 20, -53.46, -58.78, -65.42, -62.21, -59.41
2026-09-04, 15:01:03.708017, 1845000000, 1850000000, 1000000.00, 20, -55.59, -50.19, -52.02, -64.10, -60.88
2026-09-04, 15:01:03.708017, 1855000000, 1860000000, 1000000.00, 20, -64.11, -62.10, -63.06, -59.30, -54.60
2026-09-04, 15:01:03.708017, 1860000000, 1865000000, 1000000.00, 20, -62.66, -53.16, -56.22, -63.07, -61.36
2026-09-04, 15:01:03.708017, 1870000000, 1875000000, 1000000.00, 20, -59.93, -52.64, -53.29, -57.67, -62.86
2026-09-04, 15:01:03.708017, 1865000000, 1870000000, 1000000.00, 20, -52.64, -52.55, -62.07, -56.63, -54.76
2026-09-04, 15:01:03.708017, 1875000000, 1880000000, 1000000.00, 20, -54.83, -58.97, -62.88, -56.43, -60.44
2026-09-04, 15:01:03.708017, 1880000000, 1885000000, 1000000.00, 20, -57.16, -59.78, -63.44, -63.64, -63.28
2026-09-04, 15:01:03.708017, 1890000000, 1895000000, 1000000.00, 20, -53.51, -54.65, -56.90, -58.03, -58.66
2026-09-04, 15:01:03.708017, 1885000000, 1890000000, 1000000.00, 20, -58.75, -59.17, -61.04, -64.22, -64.48
2026-09-04, 15:01:03.708017, 1895000000, 1900000000, 1000000.00, 20, -66.35, -63.25, -61.42, -60.83, -61.61
2026-09-04, 15:01:03.708017, 1900000000, 1905000000, 1000000.00, 20, -63.39, -58.41, -57.44, -61.23, -70.25
2026-09-04, 15:01:03.708017, 1910000000, 1915000000, 1000000.00, 20, -65.29, -72.31, -65.09, -58.48, -64.47
2026-09-04, 15:01:03.708017, 1905000000, 1910000000, 1000000.00, 20, -59.82, -62.27, -67.66, -71.53, -72.49
2026-09-04, 15:01:03.708017, 1915000000, 1920000000, 1000000.00, 20, -60.72, -58.97, -67.79, -67.91, -67.87
2026-09-04, 15:01:03.708017, 1920000000, 1925000000, 1000000.00, 20, -61.54, -64.64, -57.43, -54.95, -55.07
2026-09-04, 15:01:03.708017, 1930000000, 1935000000, 1000000.00, 20, -62.68, -65.52, -59.48, -56.25, -56.88
2026-09-04, 15:01:03.708017, 1925000000, 1930000000, 1000000.00, 20, -65.07, -64.49, -77.87, -64.87, -66.00
2026-09-04, 15:01:03.708017, 1935000000, 1940000000, 1000000.00, 20, -63.89, -57.31, -59.54, -66.08, -67.06
2026-09-04, 15:01:03.727708, 1940000000, 1945000000, 1000000.00, 20, -63.64, -68.29, -79.92, -79.78, -62.44
2026-09-04, 15:01:03.727708, 1950000000, 1955000000, 1000000.00, 20, -74.85, -71.40, -66.17, -64.09, -72.24
2026-09-04, 15:01:03.727708, 1945000000, 1950000000, 1000000.00, 20, -61.80, -64.40, -64.34, -62.75, -59.42
2026-09-04, 15:01:03.727708, 1955000000, 1960000000, 1000000.00, 20, -64.23, -74.66, -71.22, -65.40, -66.07
2026-09-04, 15:01:03.727708, 1960000000, 1965000000, 1000000.00, 20, -61.75, -67.66, -82.87, -60.60, -58.38
2026-09-04, 15:01:03.727708, 1970000000, 1975000000, 1000000.00, 20, -62.86, -67.33, -63.45, -57.76, -61.20
2026-09-04, 15:01:03.727708, 1965000000, 1970000000, 1000000.00, 20, -66.65, -58.24, -60.16, -60.17, -66.16
2026-09-04, 15:01:03.727708, 1975000000, 1980000000, 1000000.00, 20, -65.56, -58.82, -61.13, -62.25, -66.89
2026-09-04, 15:01:03.727708, 1980000000, 1985000000, 1000000.00, 20, -59.48, -63.50, -73.75, -70.65, -63.52
2026-09-04, 15:01:03.727708, 1990000000, 1995000000, 1000000.00, 20, -65.15, -61.18, -58.32, -68.12, -76.68
2026-09-04, 15:01:03.727708, 1985000000, 1990000000, 1000000.00, 20, -66.75, -60.87, -66.84, -64.02, -59.29
2026-09-04, 15:01:03.727708, 1995000000, 2000000000, 1000000.00, 20, -59.13, -56.79, -57.08, -60.58, -64.86
2026-09-04, 15:01:03.727708, 2000000000, 2005000000, 1000000.00, 20, -75.12, -61.17, -61.25, -62.64, -59.02
2026-09-04, 15:01:03.727708, 2010000000, 2015000000, 1000000.00, 20, -80.83, -63.11, -68.07, -61.84, -59.28
2026-09-04, 15:01:03.727708, 2005000000, 2010000000, 1000000.00, 20, -63.58, -66.66, -58.96, -55.42, -61.05
2026-09-04, 15:01:03.727708, 2015000000, 2020000000, 1000000.00, 20, -69.09, -60.54, -55.44, -59.95, -73.62
2026-09-04, 15:01:03.727708, 2020000000, 2025000000, 1000000.00, 20, -62.43, -61.45, -59.96, -66.82, -80.50
2026-09-04, 15:01:03.727708, 2030000000, 2035000000, 1000000.00, 20, -56.70, -57.29, -57.67, -60.70, -57.51
2026-09-04, 15:01:03.727708, 2025000000, 2030000000, 1000000.00, 20, -63.92, -55.87, -56.82, -69.55, -63.72
2026-09-04, 15:01:03.727708, 2035000000, 2040000000, 1000000.00, 20, -63.93, -59.69, -63.45, -57.51, -60.44
2026-09-04, 15:01:03.727708, 2040000000, 2045000000, 1000000.00, 20, -58.68, -56.91, -60.52, -64.32, -59.57
2026-09-04, 15:01:03.727708, 2050000000, 2055000000, 1000000.00, 20, -66.34, -58.04, -52.89, -53.11, -55.32
2026-09-04, 15:01:03.727708, 2045000000, 2050000000, 1000000.00, 20, -73.99, -62.58, -60.89, -59.53, -59.87
2026-09-04, 15:01:03.727708, 2055000000, 2060000000, 1000000.00, 20, -70.18, -69.43, -58.25, -57.65, -67.02
2026-09-04, 15:01:03.727708, 2060000000, 2065000000, 1000000.00, 20, -56.65, -60.75, -63.16, -59.41, -63.02
2026-09-04, 15:01:03.727708, 2070000000, 2075000000, 1000000.00, 20, -62.51, -62.82, -77.56, -63.97, -57.31
2026-09-04, 15:01:03.727708, 2065000000, 2070000000, 1000000.00, 20, -68.90, -58.99, -56.06, -57.97, -60.02
2026-09-04, 15:01:03.727708, 2075000000, 2080000000, 1000000.00, 20, -67.35, -63.62, -59.63, -65.73, -77.83
2026-09-04, 15:01:03.727708, 2080000000, 2085000000, 1000000.00, 20, -62.72, -61.63, -63.54, -65.11, -60.39
2026-09-04, 15:01:03.727708, 2090000000, 2095000000, 1000000.00, 20, -66.02, -78.72, -64.31, -68.09, -67.63
2026-09-04, 15:01:03.727708, 2085000000, 2090000000, 1000000.00, 20, -59.14, -58.44, -56.05, -61.08, -65.59
2026-09-04, 15:01:03.727708, 2095000000, 2100000000, 1000000.00, 20, -61.80, -68.18, -80.25, -60.72, -58.85
2026-09-04, 15:01:03.747394, 2100000000, 2105000000, 1000000.00, 20, -94.83, -64.81, -62.69, -77.07, -58.41
2026-09-04, 15:01:03.747394, 2110000000, 2115000000, 1000000.00, 20, -65.68, -77.03, -67.73, -58.80, -63.44
2026-09-04, 15:01:03.747394, 2105000000, 2110000000, 1000000.00, 20, -57.78, -62.06, -68.51, -65.47, -61.75
2026-09-04, 15:01:03.747394, 2115000000, 2120000000, 1000000.00, 20, -56.62, -58.23, -66.50, -76.26, -68.18
2026-09-04, 15:01:03.747394, 2120000000, 2125000000, 1000000.00, 20, -68.03, -62.33, -62.66, -57.60, -57.18
2026-09-04, 15:01:03.747394, 2130000000, 2135000000, 1000000.00, 20, -56.34, -71.64, -64.03, -56.51, -57.99
2026-09-04, 15:01:03.747394, 2125000000, 2130000000, 1000000.00, 20, -52.88, -54.03, -51.70, -52.21, -57.42
2026-09-04, 15:01:03.747394, 2135000000, 2140000000, 1000000.00, 20, -63.78, -62.58, -63.06, -54.75, -57.23
2026-09-04, 15:01:03.747394, 2140000000, 2145000000, 1000000.00, 20, -63.94, -60.47, -53.65, -54.44, -58.51
2026-09-04, 15:01:03.747394, 2150000000, 2155000000, 1000000.00, 20, -47.50, -46.92, -58.44, -51.34, -54.64
2026-09-04, 15:01:03.747394, 2145000000, 2150000000, 1000000.00, 20, -70.96, -71.28, -62.18, -59.34, -59.83
2026-09-04, 15:01:03.747394, 2155000000, 2160000000, 1000000.00, 20, -51.97, -48.53, -52.47, -57.76, -63.36
2026-09-04, 15:01:03.747394, 2160000000, 2165000000, 1000000.00, 20, -53.74, -55.34, -58.50, -54.99, -53.24
2026-09-04, 15:01:03.747394, 2170000000, 2175000000, 1000000.00, 20, -63.32, -61.81, -57.40, -57.51, -57.28
2026-09-04, 15:01:03.747394, 2165000000, 2170000000, 1000000.00, 20, -55.78, -60.01, -61.70, -62.29, -60.23
2026-09-04, 15:01:03.747394, 2175000000, 2180000000, 1000000.00, 20, -65.05, -66.33, -63.45, -68.57, -57.81
2026-09-04, 15:01:03.747394, 2180000000, 2185000000, 1000000.00, 20, -54.97, -55.66, -59.02, -59.33, -59.54
2026-09-04, 15:01:03.747394, 2190000000, 2195000000, 1000000.00, 20, -60.82, -59.58, -55.12, -56.73, -71.45
2026-09-04, 15:01:03.747394, 2185000000, 2190000000, 1000000.00, 20, -64.97, -63.19, -63.20, -64.25, -64.56
2026-09-04, 15:01:03.747394, 2195000000, 2200000000, 1000000.00, 20, -60.61, -70.69, -63.44, -61.49, -63.25
2026-09-04, 15:01:03.747394, 2200000000, 2205000000, 1000000.00, 20, -56.90, -60.42, -79.15, -83.12, -72.34
2026-09-04, 15:01:03.747394, 2210000000, 2215000000, 1000000.00, 20, -61.67, -55.90, -58.90, -63.23, -64.52
2026-09-04, 15:01:03.747394, 2205000000, 2210000000, 1000000.00, 20, -68.28, -63.35, -59.90, -58.57, -58.86
2026-09-04, 15:01:03.747394, 2215000000, 2220000000, 1000000.00, 20, -73.87, -59.69, -55.34, -57.79, -66.70
2026-09-04, 15:01:03.747394, 2220000000, 2225000000, 1000000.00, 20, -64.59, -58.58, -61.21, -62.00, -57.93
2026-09-04, 15:01:03.747394, 2230000000, 2235000000, 1000000.00, 20, -79.59, -65.09, -65.85, -64.95, -70.04
2026-09-04, 15:01:03.747394, 2225000000, 2230000000, 1000000.00, 20, -61.03, -60.11, -67.58, -57.55, -59.62
2026-09-04, 15:01:03.747394, 2235000000, 2240000000, 1000000.00, 20, -64.39, -80.72, -69.27, -61.32, -60.14
2026-09-04, 15:01:03.747394, 2240000000, 2245000000, 1000000.00, 20, -59.71, -60.90, -67.36, -70.00, -71.80
2026-09-04, 15:01:03.747394, 2250000000, 2255000000, 1000000.00, 20, -71.94, -64.38, -59.67, -60.41, -70.07
2026-09-04, 15:01:03.747394, 2245000000, 2250000000, 1000000.00, 20, -60.94, -64.40, -67.72, -67.17, -65.66
2026-09-04, 15:01:03.747394, 2255000000, 2260000000, 1000000.00, 20, -67.15, -63.48, -70.36, -63.02, -60.98
2026-09-04, 15:01:03.767013, 2260000000, 2265000000, 1000000.00, 20, -57.56, -60.38, -66.54, -64.01, -59.39
2026-09-04, 15:01:03.767013, 2270000000, 2275000000, 1000000.00, 20, -63.23, -68.45, -64.64, -59.84, -68.60
2026-09-04, 15:01:03.767013, 2265000000, 2270000000, 1000000.00, 20, -63.28, -59.14, -59.51, -61.82, -63.34
2026-09-04, 15:01:03.767013, 2275000000, 2280000000, 1000000.00, 20, -57.32, -65.80, -81.30, -70.49, -65.75
2026-09-04, 15:01:03.767013, 2280000000, 2285000000, 1000000.00, 20, -61.65, -65.57, -76.65, -60.85, -65.95
2026-09-04, 15:01:03.767013, 2290000000, 2295000000, 1000000.00, 20, -74.71, -62.81, -70.25, -62.59, -59.42
2026-09-04, 15:01:03.767013, 2285000000, 2290000000, 1000000.00, 20, -65.18, -63.05, -61.95, -66.10, -61.13
2026-09-04, 15:01:03.767013, 2295000000, 2300000000, 1000000.00, 20, -66.44, -84.86, -69.85, -60.54, -58.20
2026-09-04, 15:01:03.767013, 2300000000, 2305000000, 1000000.00, 20, -59.52, -63.70, -61.88, -63.51, -63.63
2026-09-04, 15:01:03.767013, 2310000000, 2315000000, 1000000.00, 20, -86.72, -68.90, -65.51, -61.18, -55.42
2026-09-04, 15:01:03.767013, 2305000000, 2310000000, 1000000.00, 20, -87.13, -64.98, -66.76, -65.10, -62.42
2026-09-04, 15:01:03.767013, 2315000000, 2320000000, 1000000.00, 20, -70.03, -64.90, -66.94, -63.29, -63.80
2026-09-04, 15:01:03.767013, 2320000000, 2325000000, 1000000.00, 20, -70.96, -67.55, -71.03, -72.50, -63.46
2026-09-04, 15:01:03.767013, 2330000000, 2335000000, 1000000.00, 20, -59.43, -60.34, -57.81, -58.81, -64.88
2026-09-04, 15:01:03.767013, 2325000000, 2330000000, 1000000.00, 20, -66.25, -58.99, -64.26, -65.22, -57.74
2026-09-04, 15:01:03.767013, 2335000000, 2340000000, 1000000.00, 20, -69.78, -64.85, -69.65, -64.49, -67.62
2026-09-04, 15:01:03.767013, 2340000000, 2345000000, 1000000.00, 20, -65.59, -67.81, -68.33, -61.70, -63.55
2026-09-04, 15:01:03.767013, 2350000000, 2355000000, 1000000.00, 20, -63.35, -66.58, -71.22, -71.71, -72.40
2026-09-04, 15:01:03.767013, 2345000000, 2350000000, 1000000.00, 20, -57.23, -57.18, -58.27, -65.02, -74.84
2026-09-04, 15:01:03.767013, 2355000000, 2360000000, 1000000.00, 20, -66.24, -65.37, -55.97, -57.75, -59.70
2026-09-04, 15:01:03.767013, 2360000000, 2365000000, 1000000.00, 20, -56.09, -61.43, -69.30, -63.05, -71.69
2026-09-04, 15:01:03.767013, 2370000000, 2375000000, 1000000.00, 20, -70.75, -67.32, -67.62, -61.18, -61.33
2026-09-04, 15:01:03.767013, 2365000000, 2370000000, 1000000.00, 20, -66.32, -73.23, -59.91, -60.15, -62.46
2026-09-04, 15:01:03.767013, 2375000000, 2380000000, 1000000.00, 20, -57.33, -62.17, -64.96, -59.94, -61.79
2026-09-04, 15:01:03.767013, 2380000000, 2385000000, 1000000.00, 20, -63.27, -69.86, -88.23, -66.55, -58.00
2026-09-04, 15:01:03.767013, 2390000000, 2395000000, 1000000.00, 20, -62.82, -62.85, -61.95, -64.76, -64.39
2026-09-04, 15:01:03.767013, 2385000000, 2390000000, 1000000.00, 20, -58.08, -58.47, -69.16, -64.54, -61.52
2026-09-04, 15:01:03.767013, 2395000000, 2400000000, 1000000.00, 20, -66.00, -54.56, -54.30, -62.25, -68.77
2026-09-04, 15:01:03.767013, 2400000000, 2405000000, 1000000.00, 20, -57.05, -56.17, -60.40, -60.45, -61.05
2026-09-04, 15:01:03.767013, 2410000000, 2415000000, 1000000.00, 20, -63.24, -58.82, -59.84, -61.47, -62.09
2026-09-04, 15:01:03.767013, 2405000000, 2410000000, 1000000.00, 20, -56.48, -58.02, -75.72, -69.76, -67.87
2026-09-04, 15:01:03.767013, 2415000000, 2420000000, 1000000.00, 20, -57.64, -58.72, -63.89, -61.26, -64.05
2026-09-04, 15:01:03.786791, 2420000000, 2425000000, 1000000.00, 20, -70.89, -65.97, -74.12, -70.29, -65.70
2026-09-04, 15:01:03.786791, 2430000000, 2435000000, 1000000.00, 20, -59.64, -60.02, -64.81, -61.74, -59.11
2026-09-04, 15:01:03.786791, 2425000000, 2430000000, 1000000.00, 20, -65.95, -63.22, -67.40, -66.06, -73.88
2026-09-04, 15:01:03.786791, 2435000000, 2440000000, 1000000.00, 20, -71.30, -65.90, -68.44, -63.03, -65.56
2026-09-04, 15:01:03.786791, 2440000000, 2445000000, 1000000.00, 20, -57.89, -57.61, -64.13, -76.31, -64.23
2026-09-04, 15:01:03.786791, 2450000000, 2455000000, 1000000.00, 20, -58.48, -60.99, -74.18, -60.09, -67.16
2026-09-04, 15:01:03.786791, 2445000000, 2450000000, 1000000.00, 20, -55.80, -56.73, -71.72, -72.77, -66.48
2026-09-04, 15:01:03.786791, 2455000000, 2460000000, 1000000.00, 20, -59.12, -65.71, -74.25, -69.28, -77.88
2026-09-04, 15:01:03.786791, 2460000000, 2465000000, 1000000.00, 20, -60.20, -64.52, -78.54, -63.32, -57.54
2026-09-04, 15:01:03.786791, 2470000000, 2475000000, 1000000.00, 20, -71.93, -62.07, -59.89, -69.92, -62.41
2026-09-04, 15:01:03.786791, 2465000000, 2470000000, 1000000.00, 20, -60.92, -60.24, -60.32, -57.66, -60.84
2026-09-04, 15:01:03.786791, 2475000000, 2480000000, 1000000.00, 20, -60.01, -68.03, -62.90, -62.75, -61.55
2026-09-04, 15:01:03.786791, 2480000000, 2485000000, 1000000.00, 20, -65.76, -69.85, -67.52, -67.98, -68.07
2026-09-04, 15:01:03.786791, 2490000000, 2495000000, 1000000.00, 20, -65.52, -63.68, -63.27, -60.01, -58.26
2026-09-04, 15:01:03.786791, 2485000000, 2490000000, 1000000.00, 20, -58.55, -60.85, -65.09, -78.96, -69.37
2026-09-04, 15:01:03.786791, 2495000000, 2500000000, 1000000.00, 20, -59.98, -58.38, -61.90, -65.43, -71.41
2026-09-04, 15:01:03.786791, 2500000000, 2505000000, 1000000.00, 20, -65.98, -57.23, -56.20, -60.36, -61.15
2026-09-04, 15:01:03.786791, 2510000000, 2515000000, 1000000.00, 20, -66.93, -63.26, -58.11, -59.67, -65.00
2026-09-04, 15:01:03.786791, 2505000000, 2510000000, 1000000.00, 20, -61.06, -68.41, -56.36, -59.00, -65.78
2026-09-04, 15:01:03.786791, 2515000000, 2520000000, 1000000.00, 20, -57.33, -57.95, -72.92, -65.76, -62.30
2026-09-04, 15:01:03.786791, 2520000000, 2525000000, 1000000.00, 20, -62.94, -59.37, -60.41, -60.72, -60.79
2026-09-04, 15:01:03.786791, 2530000000, 2535000000, 1000000.00, 20, -65.72, -61.02, -60.52, -60.89, -61.74
2026-09-04, 15:01:03.786791, 2525000000, 2530000000, 1000000.00, 20, -67.11, -82.17, -65.31, -66.01, -73.77
2026-09-04, 15:01:03.786791, 2535000000, 2540000000, 1000000.00, 20, -66.56, -75.42, -57.11, -54.47, -54.62
2026-09-04, 15:01:03.786791, 2540000000, 2545000000, 1000000.00, 20, -62.82, -64.07, -64.75, -74.27, -65.64
2026-09-04, 15:01:03.786791, 2550000000, 2555000000, 1000000.00, 20, -77.90, -72.64, -62.85, -67.02, -72.82
2026-09-04, 15:01:03.786791, 2545000000, 2550000000, 1000000.00, 20, -60.15, -65.26, -64.38, -77.36, -62.87
2026-09-04, 15:01:03.786791, 2555000000, 2560000000, 1000000.00, 20, -61.26, -57.29, -59.36, -61.69, -58.32
2026-09-04, 15:01:03.786791, 2560000000, 2565000000, 1000000.00, 20, -63.77, -62.03, -75.74, -63.20, -58.67
2026-09-04, 15:01:03.786791, 2570000000, 2575000000, 1000000.00, 20, -72.29, -63.42, -68.28, -63.71, -56.39
2026-09-04, 15:01:03.786791, 2565000000, 2570000000, 1000000.00, 20, -64.58, -62.15, -62.85, -63.12, -65.52
2026-09-04, 15:01:03.786791, 2575000000, 2580000000, 1000000.00, 20, -62.81, -60.61, -64.55, -65.29, -61.53
2026-09-04, 15:01:03.806403, 2580000000, 2585000000, 1000000.00, 20, -59.49, -67.82, -65.78, -62.33, -66.91
2026-09-04, 15:01:03.806403, 2590000000, 2595000000, 1000000.00, 20, -62.28, -67.23, -64.10, -55.92, -62.46
2026-09-04, 15:01:03.806403, 2585000000, 2590000000, 1000000.00, 20, -62.04, -62.10, -61.36, -65.22, -62.96
2026-09-04, 15:01:03.806403, 2595000000, 2600000000, 1000000.00, 20, -64.63, -68.30, -59.36, -58.09, -68.61
2026-09-04, 15:01:03.806403, 2600000000, 2605000000, 1000000.00, 20, -61.86, -60.66, -65.74, -69.02, -59.23
2026-09-04, 15:01:03.806403, 2610000000, 2615000000, 1000000.00, 20, -63.13, -64.16, -66.05, -63.89, -60.30
2026-09-04, 15:01:03.806403, 2605000000, 2610000000, 1000000.00, 20, -80.02, -69.07, -62.13, -60.02, -65.50
2026-09-04, 15:01:03.806403, 2615000000, 2620000000, 1000000.00, 20, -65.85, -60.20, -64.01, -59.66, -65.56
2026-09-04, 15:01:03.806403, 2620000000, 2625000000, 1000000.00, 20, -57.29, -61.61, -73.78, -63.20, -57.59
2026-09-04, 15:01:03.806403, 2630000000, 2635000000, 1000000.00, 20, -64.43, -62.15, -74.81, -61.24, -60.38
2026-09-04, 15:01:03.806403, 2625000000, 2630000000, 1000000.00, 20, -51.56, -55.81, -60.31, -55.67, -60.06
2026-09-04, 15:01:03.806403, 2635000000, 2640000000, 1000000.00, 20, -63.12, -56.05, -56.34, -57.39, -57.10
2026-09-04, 15:01:03.806403, 2640000000, 2645000000, 1000000.00, 20, -58.38, -57.15, -60.96, -72.39, -61.53
2026-09-04, 15:01:03.806403, 2650000000, 2655000000, 1000000.00, 20, -57.60, -55.06, -52.56, -59.22, -65.12
2026-09-04, 15:01:03.806403, 2645000000, 2650000000, 1000000.00, 20, -63.45, -52.17, -47.10, -53.45, -51.51
2026-09-04, 15:01:03.806403, 2655000000, 2660000000, 1000000.00, 20, -55.59, -52.53, -52.14, -52.18, -54.72
2026-09-04, 15:01:03.806403, 2660000000, 2665000000, 1000000.00, 20, -47.33, -44.94, -53.04, -47.26, -42.62
2026-09-04, 15:01:03.806403, 2670000000, 2675000000, 1000000.00, 20, -61.98, -65.85, -65.93, -63.54, -60.45
2026-09-04, 15:01:03.806403, 2665000000, 2670000000, 1000000.00, 20, -47.83, -44.69, -55.47, -41.37, -44.91
2026-09-04, 15:01:03.806403, 2675000000, 2680000000, 1000000.00, 20, -63.68, -57.93, -70.64, -59.99, -56.98
2026-09-04, 15:01:03.806403, 2680000000, 2685000000, 1000000.00, 20, -60.09, -76.93, -59.06, -59.82, -57.62
2026-09-04, 15:01:03.806403, 2690000000, 2695000000, 1000000.00, 20, -64.39, -61.81, -68.89, -62.04, -58.90
2026-09-04, 15:01:03.806403, 2685000000, 2690000000, 1000000.00, 20, -69.14, -62.87, -56.35, -64.36, -68.82
2026-09-04, 15:01:03.806403, 2695000000, 2700000000, 1000000.00, 20, -61.53, -65.21, -63.58, -67.66, -73.04
2026-09-04, 15:01:03.806403, 2700000000, 2705000000, 1000000.00, 20, -83.09, -66.11, -62.92, -58.51, -61.72
2026-09-04, 15:01:03.806403, 2710000000, 2715000000, 1000000.00, 20, -67.76, -64.56, -62.56, -67.42, -65.60
2026-09-04, 15:01:03.806403, 2705000000, 2710000000, 1000000.00, 20, -60.29, -57.70, -57.78, -55.91, -56.41
2026-09-04, 15:01:03.806403, 2715000000, 2720000000, 1000000.00, 20, -64.81, -63.78, -59.52, -59.96, -72.03
2026-09-04, 15:01:03.806403, 2720000000, 2725000000, 1000000.00, 20, -57.54, -58.38, -62.63, -61.25, -72.20
2026-09-04, 15:01:03.806403, 2730000000, 2735000000, 1000000.00, 20, -72.50, -75.04, -64.64, -59.53, -69.25
2026-09-04, 15:01:03.806403, 2725000000, 2730000000, 1000000.00, 20, -63.21, -61.71, -62.25, -65.93, -66.48
2026-09-04, 15:01:03.806403, 2735000000, 2740000000, 1000000.00, 20, -65.22, -67.21, -59.54, -56.11, -59.72
2026-09-04, 15:01:03.826036, 2740000000, 2745000000, 1000000.00, 20, -63.25, -66.19, -70.20, -76.29, -74.29
2026-09-04, 15:01:03.826036, 2750000000, 2755000000, 1000000.00, 20, -68.95, -68.73, -64.56, -63.96, -64.04
2026-09-04, 15:01:03.826036, 2745000000, 2750000000, 1000000.00, 20, -57.55, -64.52, -66.12, -63.33, -63.95
2026-09-04, 15:01:03.826036, 2755000000, 2760000000, 1000000.00, 20, -59.80, -59.51, -57.72, -59.09, -62.53
2026-09-04, 15:01:03.826036, 2760000000, 2765000000, 1000000.00, 20, -60.20, -57.80, -59.82, -71.43, -60.88
2026-09-04, 15:01:03.826036, 2770000000, 2775000000, 1000000.00, 20, -61.22, -67.90, -61.18, -58.07, -64.97
2026-09-04, 15:01:03.826036, 2765000000, 2770000000, 1000000.00, 20, -58.14, -57.92, -66.51, -63.61, -63.23
2026-09-04, 15:01:03.826036, 2775000000, 2780000000, 1000000.00, 20, -59.41, -65.36, -60.06, -59.12, -60.67
2026-09-04, 15:01:03.826036, 2780000000, 2785000000, 1000000.00, 20, -67.83, -66.15, -68.82, -58.23, -58.57
2026-09-04, 15:01:03.826036, 2790000000, 2795000000, 1000000.00, 20, -68.93, -67.74, -65.78, -66.25, -62.91
2026-09-04, 15:01:03.826036, 2785000000, 2790000000, 1000000.00, 20, -63.37, -60.49, -81.94, -60.35, -61.51
2026-09-04, 15:01:03.826036, 2795000000, 2800000000, 1000000.00, 20, -70.33, -58.72, -57.55, -61.25, -69.74
2026-09-04, 15:01:03.826036, 2800000000, 2805000000, 1000000.00, 20, -60.89, -60.29, -64.86, -70.91, -69.96
2026-09-04, 15:01:03.826036, 2810000000, 2815000000, 1000000.00, 20, -72.67, -67.49, -62.89, -62.52, -59.41
2026-09-04, 15:01:03.826036, 2805000000, 2810000000, 1000000.00, 20, -64.82, -60.23, -62.99, -66.55, -68.86
2026-09-04, 15:01:03.826036, 2815000000, 2820000000, 1000000.00, 20, -61.18, -66.24, -76.18, -61.64, -65.66
2026-09-04, 15:01:03.826036, 2820000000, 2825000000, 1000000.00, 20, -61.59, -84.91, -67.46, -67.31, -55.56
2026-09-04, 15:01:03.826036, 2830000000, 2835000000, 1000000.00, 20, -57.91, -84.89, -62.53, -63.76, -58.02
2026-09-04, 15:01:03.826036, 2825000000, 2830000000, 1000000.00, 20, -64.41, -65.52, -64.99, -67.18, -66.69
2026-09-04, 15:01:03.826036, 2835000000, 2840000000, 1000000.00, 20, -60.71, -64.23, -74.10, -65.95, -62.01
2026-09-04, 15:01:03.826036, 2840000000, 2845000000, 1000000.00, 20, -64.63, -70.24, -61.53, -60.58, -70.84
2026-09-04, 15:01:03.826036, 2850000000, 2855000000, 1000000.00, 20, -61.26, -67.23, -73.82, -70.79, -65.16
2026-09-04, 15:01:03.826036, 2845000000, 2850000000, 1000000.00, 20, -64.83, -62.88, -61.85, -61.11, -70.08
2026-09-04, 15:01:03.826036, 2855000000, 2860000000, 1000000.00, 20, -60.02, -59.74, -68.26, -64.93, -57.14
2026-09-04, 15:01:03.826036, 2860000000, 2865000000, 1000000.00, 20, -66.20, -63.93, -59.21, -62.61, -64.26
2026-09-04, 15:01:03.826036, 2870000000, 2875000000, 1000000.00, 20, -65.37, -62.05, -62.74, -65.07, -61.82
2026-09-04, 15:01:03.826036, 2865000000, 2870000000, 1000000.00, 20, -69.91, -66.03, -58.01, -59.42, -66.78
2026-09-04, 15:01:03.826036, 2875000000, 2880000000, 1000000.00, 20, -64.32, -61.57, -64.28, -63.35, -64.74
2026-09-04, 15:01:03.826036, 2880000000, 2885000000, 1000000.00, 20, -65.90, -62.70, -71.82, -63.96, -58.68
2026-09-04, 15:01:03.826036, 2890000000, 2895000000, 1000000.00, 20, -59.30, -63.63, -70.49, -62.60, -66.21
2026-09-04, 15:01:03.826036, 2885000000, 2890000000, 1000000.00, 20, -63.75, -60.18, -58.96, -62.33, -62.77
2026-09-04, 15:01:03.826036, 2895000000, 2900000000, 1000000.00, 20, -66.42, -68.25, -67.66, -59.33, -54.42
2026-09-04, 15:01:03.845663, 2900000000, 2905000000, 1000000.00, 20, -62.45, -59.06, -60.32, -66.20, -59.88
2026-09-04, 15:01:03.845663, 2910000000, 2915000000, 1000000.00, 20, -65.72, -67.37, -68.39, -54.49, -52.77
2026-09-04, 15:01:03.845663, 2905000000, 2910000000, 1000000.00, 20, -55.28, -60.05, -65.65, -67.18, -68.05
2026-09-04, 15:01:03.845663, 2915000000, 2920000000, 1000000.00, 20, -80.59, -74.10, -69.21, -64.50, -82.16
2026-09-04, 15:01:03.845663, 2920000000, 2925000000, 1000000.00, 20, -55.95, -56.19, -68.89, -64.48, -62.18
2026-09-04, 15:01:03.845663, 2930000000, 2935000000, 1000000.00, 20, -59.80, -60.72, -56.92, -65.47, -85.32
2026-09-04, 15:01:03.845663, 2925000000, 2930000000, 1000000.00, 20, -60.74, -64.30, -68.74, -59.67, -63.49
2026-09-04, 15:01:03.845663, 2935000000, 2940000000, 1000000.00, 20, -63.20, -59.21, -60.08, -60.86, -63.46
2026-09-04, 15:01:03.845663, 2940000000, 2945000000, 1000000.00, 20, -70.88, -75.28, -71.01, -68.23, -65.03
2026-09-04, 15:01:03.845663, 2950000000, 2955000000, 1000000.00, 20, -55.09, -55.15, -59.61, -65.95, -62.86
2026-09-04, 15:01:03.845663, 2945000000, 2950000000, 1000000.00, 20, -65.70, -65.58, -70.75, -63.66, -65.46
2026-09-04, 15:01:03.845663, 2955000000, 2960000000, 1000000.00, 20, -67.67, -59.62, -62.14, -61.60, -58.37
2026-09-04, 15:01:03.845663, 2960000000, 2965000000, 1000000.00, 20, -67.59, -61.05, -61.83, -62.61, -71.92
2026-09-04, 15:01:03.845663, 2970000000, 2975000000, 1000000.00, 20, -60.89, -60.56, -61.79, -69.84, -65.85
2026-09-04, 15:01:03.845663, 2965000000, 2970000000, 1000000.00, 20, -67.59, -60.93, -63.51, -70.89, -64.23
2026-09-04, 15:01:03.845663, 2975000000, 2980000000, 1000000.00, 20, -73.75, -72.27, -60.35, -61.57, -65.56
2026-09-04, 15:01:03.845663, 2980000000, 2985000000, 1000000.00, 20, -64.64, -67.81, -68.50, -60.40, -62.53
2026-09-04, 15:01:03.845663, 2990000000, 2995000000, 1000000.00, 20, -71.46, -56.11, -54.98, -62.03, -67.00
2026-09-04, 15:01:03.845663, 2985000000, 2990000000, 1000000.00, 20, -65.65, -66.24, -66.12, -66.67, -67.54
2026-09-04, 15:01:03.845663, 2995000000, 3000000000, 1000000.00, 20, -62.12, -63.68, -70.68, -68.10, -60.70
2026-09-04, 15:01:03.845663, 3000000000, 3005000000, 1000000.00, 20, -61.13, -58.41, -63.42, -62.84, -61.36
2026-09-04, 15:01:03.845663, 3010000000, 3015000000, 1000000.00, 20, -62.60, -56.55, -57.38, -64.82, -60.01
2026-09-04, 15:01:03.845663, 3005000000, 3010000000, 1000000.00, 20, -76.31, -67.02, -81.76, -70.82, -72.19
2026-09-04, 15:01:03.845663, 3015000000, 3020000000, 1000000.00, 20, -59.71, -57.00, -57.17, -68.14, -71.36
2026-09-04, 15:01:03.845663, 3020000000, 3025000000, 1000000.00, 20, -58.40, -57.90, -66.27, -60.75, -63.59
2026-09-04, 15:01:03.845663, 3030000000, 3035000000, 1000000.00, 20, -60.79, -59.51, -60.22, -64.83, -70.15
2026-09-04, 15:01:03.845663, 3025000000, 3030000000, 1000000.00, 20, -57.77, -54.82, -56.66, -64.49, -58.56
2026-09-04, 15:01:03.845663, 3035000000, 3040000000, 1000000.00, 20, -53.76, -57.66, -66.69, -63.22, -57.63
2026-09-04, 15:01:03.845663, 3040000000, 3045000000, 1000000.00, 20, -69.13, -76.29, -67.01, -72.21, -73.95
2026-09-04, 15:01:03.845663, 3050000000, 3055000000, 1000000.00, 20, -62.48, -62.97, -63.36, -62.22, -57.11
2026-09-04, 15:01:03.845663, 3045000000, 3050000000, 1000000.00, 20, -72.43, -83.13, -72.01, -71.74, -67.32
2026-09-04, 15:01:03.845663, 3055000000, 3060000000, 1000000.00, 20, -60.91, -65.92, -68.07, -63.85, -63.00
2026-09-04, 15:01:03.865442, 3060000000, 3065000000, 1000000.00, 20, -59.90, -65.72, -74.64, -64.00, -61.45
2026-09-04, 15:01:03.865442, 3070000000, 3075000000, 1000000.00, 20, -58.95, -58.60, -61.13, -59.39, -56.79
2026-09-04, 15:01:03.865442, 3065000000, 3070000000, 1000000.00, 20, -72.03, -63.11, -59.23, -66.69, -63.35
2026-09-04, 15:01:03.865442, 3075000000, 3080000000, 1000000.00, 20, -64.87, -68.13, -70.71, -81.26, -69.58
2026-09-04, 15:01:03.865442, 3080000000, 3085000000, 1000000.00, 20, -58.34, -59.51, -66.34, -70.83, -64.74
2026-09-04, 15:01:03.865442, 3090000000, 3095000000, 1000000.00, 20, -73.33, -82.22, -66.78, -58.62, -56.11
2026-09-04, 15:01:03.865442, 3085000000, 3090000000, 1000000.00, 20, -67.23, -66.28, -68.59, -57.08, -59.83
2026-09-04, 15:01:03.865442, 3095000000, 3100000000, 1000000.00, 20, -63.90, -62.31, -58.11, -58.65, -63.66
2026-09-04, 15:01:03.865442, 3100000000, 3105000000, 1000000.00, 20, -62.28, -59.84, -66.95, -57.54, -57.78
2026-09-04, 15:01:03.865442, 3110000000, 3115000000, 1000000.00, 20, -59.28, -58.72, -62.19, -59.34, -57.27
2026-09-04, 15:01:03.865442, 3105000000, 3110000000, 1000000.00, 20, -65.19, -52.20, -50.94, -59.21, -71.44
2026-09-04, 15:01:03.865442, 3115000000, 3120000000, 1000000.00, 20, -78.63, -68.44, -59.80, -59.68, -65.99
2026-09-04, 15:01:03.865442, 3120000000, 3125000000, 1000000.00, 20, -58.40, -60.61, -67.68, -64.32, -72.76
2026-09-04, 15:01:03.865442, 3130000000, 3135000000, 1000000.00, 20, -61.59, -68.66, -71.82, -67.99, -59.83
2026-09-04, 15:01:03.865442, 3125000000, 3130000000, 1000000.00, 20, -56.88, -60.63, -65.88, -69.87, -70.66
2026-09-04, 15:01:03.865442, 3135000000, 3140000000, 1000000.00, 20, -60.78, -69.40, -58.18, -61.35, -61.07
2026-09-04, 15:01:03.865442, 3140000000, 3145000000, 1000000.00, 20, -75.04, -82.93, -68.59, -72.93, -72.44
2026-09-04, 15:01:03.865442, 3150000000, 3155000000, 1000000.00, 20, -75.93, -74.84, -66.93, -65.48, -64.01
2026-09-04, 15:01:03.865442, 3145000000, 3150000000, 1000000.00, 20, -56.56, -62.59, -79.17, -69.53, -64.76
2026-09-04, 15:01:03.865442, 3155000000, 3160000000, 1000000.00, 20, -63.88, -65.11, -56.73, -57.23, -68.59
2026-09-04, 15:01:03.865442, 3160000000, 3165000000, 1000000.00, 20, -69.09, -59.76, -61.05, -71.62, -64.41
2026-09-04, 15:01:03.865442, 3170000000, 3175000000, 1000000.00, 20, -74.02, -62.95, -61.05, -59.04, -59.89
2026-09-04, 15:01:03.865442, 3165000000, 3170000000, 1000000.00, 20, -82.31, -62.14, -58.95, -62.81, -57.91
2026-09-04, 15:01:03.865442, 3175000000, 3180000000, 1000000.00, 20, -56.91, -59.77, -66.15, -59.54, -71.94
2026-09-04, 15:01:03.865442, 3180000000, 3185000000, 1000000.00, 20, -59.04, -57.58, -61.23, -61.96, -61.23
2026-09-04, 15:01:03.865442, 3190000000, 3195000000, 1000000.00, 20, -65.19, -70.56, -73.62, -63.03, -60.63
2026-09-04, 15:01:03.865442, 3185000000, 3190000000, 1000000.00, 20, -61.49, -59.87, -62.43, -61.70, -60.37
2026-09-04, 15:01:03.865442, 3195000000, 3200000000, 1000000.00, 20, -62.17, -61.70, -63.31, -71.36, -68.14
2026-09-04, 15:01:03.865442, 3200000000, 3205000000, 1000000.00, 20, -61.28, -62.44, -71.05, -63.82, -61.48
2026-09-04, 15:01:03.865442, 3210000000, 3215000000, 1000000.00, 20, -64.72, -58.41, -60.60, -65.30, -66.52
2026-09-04, 15:01:03.865442, 3205000000, 3210000000, 1000000.00, 20, -59.63, -63.55, -58.62, -60.94, -67.45
2026-09-04, 15:01:03.865442, 3215000000, 3220000000, 1000000.00, 20, -57.26, -59.47, -68.99, -59.59, -57.34
2026-09-04, 15:01:03.885070, 3220000000, 3225000000, 1000000.00, 20, -69.29, -61.99, -61.66, -66.87, -59.19
2026-09-04, 15:01:03.885070, 3230000000, 3235000000, 1000000.00, 20, -62.49, -68.79, -61.28, -65.47, -64.32
2026-09-04, 15:01:03.885070, 3225000000, 3230000000, 1000000.00, 20, -60.17, -58.94, -64.70, -63.14, -59.85
2026-09-04, 15:01:03.885070, 3235000000, 3240000000, 1000000.00, 20, -66.34, -71.76, -61.72, -57.50, -60.10
2026-09-04, 15:01:03.885070, 3240000000, 3245000000, 1000000.00, 20, -71.18, -74.30, -68.82, -63.65, -66.43
2026-09-04, 15:01:03.885070, 3250000000, 3255000000, 1000000.00, 20, -69.72, -70.68, -65.68, -71.19, -69.16
2026-09-04, 15:01:03.885070, 3245000000, 3250000000, 1000000.00, 20, -82.24, -68.38, -64.47, -58.07, -59.55
2026-09-04, 15:01:03.885070, 3255000000, 3260000000, 1000000.00, 20, -58.38, -66.79, -67.33, -65.14, -62.84
2026-09-04, 15:01:03.885070, 3260000000, 3265000000, 1000000.00, 20, -67.51, -58.52, -62.88, -57.83, -59.84
2026-09-04, 15:01:03.885070, 3270000000, 3275000000, 1000000.00, 20, -62.03, -66.17, -65.73, -66.03, -62.11
2026-09-04, 15:01:03.885070, 3265000000, 3270000000, 1000000.00, 20, -64.51, -58.50, -57.67, -72.73, -60.79
2026-09-04, 15:01:03.885070, 3275000000, 3280000000, 1000000.00, 20, -58.72, -66.94, -76.05, -63.32, -59.93
2026-09-04, 15:01:03.885070, 3280000000, 3285000000, 1000000.00, 20, -61.85, -56.04, -54.01, -55.92, -62.53
2026-09-04, 15:01:03.885070, 3290000000, 3295000000, 1000000.00, 20, -72.32, -67.64, -65.54, -74.15, -64.31
2026-09-04, 15:01:03.885070, 3285000000, 3290000000, 1000000.00, 20, -58.17, -64.12, -61.53, -67.96, -61.49
2026-09-04, 15:01:03.885070, 3295000000, 3300000000, 1000000.00, 20, -64.21, -61.11, -62.30, -60.78, -63.14
2026-09-04, 15:01:03.885070, 3300000000, 3305000000, 1000000.00, 20, -68.34, -63.46, -67.93, -70.91, -62.18
2026-09-04, 15:01:03.885070, 3310000000, 3315000000, 1000000.00, 20, -64.05, -63.68, -64.24, -61.62, -73.13
2026-09-04, 15:01:03.885070, 3305000000, 3310000000, 1000000.00, 20, -63.10, -73.63, -64.01, -65.81, -63.47
2026-09-04, 15:01:03.885070, 3315000000, 3320000000, 1000000.00, 20, -59.30, -59.06, -62.24, -71.60, -62.38
2026-09-04, 15:01:03.885070, 3320000000, 3325000000, 1000000.00, 20, -69.21, -65.34, -69.34, -57.76, -54.43
2026-09-04, 15:01:03.885070, 3330000000, 3335000000, 1000000.00, 20, -54.31, -55.53, -57.15, -59.09, -61.17
2026-09-04, 15:01:03.885070, 3325000000, 3330000000, 1000000.00, 20, -57.62, -59.35, -65.39, -62.13, -63.01
2026-09-04, 15:01:03.885070, 3335000000, 3340000000, 1000000.00, 20, -71.13, -72.40, -81.22, -64.35, -61.72
2026-09-04, 15:01:03.885070, 3340000000, 3345000000, 1000000.00, 20, -63.86, -61.32, -55.37, -55.76, -59.71
2026-09-04, 15:01:03.885070, 3350000000, 3355000000, 1000000.00, 20, -66.61, -66.70, -68.50, -75.86, -60.48
2026-09-04, 15:01:03.885070, 3345000000, 3350000000, 1000000.00, 20, -66.16, -62.36, -67.95, -66.18, -62.93
2026-09-04, 15:01:03.885070, 3355000000, 3360000000, 1000000.00, 20, -60.45, -64.94, -59.48, -57.04, -63.01
2026-09-04, 15:01:03.885070, 3360000000, 3365000000, 1000000.00, 20, -66.81, -63.94, -67.75, -62.45, -64.95
2026-09-04, 15:01:03.885070, 3370000000, 3375000000, 1000000.00, 20, -56.12, -59.39, -65.78, -66.59, -64.69
2026-09-04, 15:01:03.885070, 3365000000, 3370000000, 1000000.00, 20, -54.40, -54.89, -60.11, -68.06, -68.42
2026-09-04, 15:01:03.885070, 3375000000, 3380000000, 1000000.00, 20, -67.90, -79.23, -87.33, -68.96, -64.95
2026-09-04, 15:01:03.904772, 3380000000, 3385000000, 1000000.00, 20, -60.39, -61.69, -63.91, -76.59, -69.43
2026-09-04, 15:01:03.904772, 3390000000, 3395000000, 1000000.00, 20, -66.72, -62.39, -65.31, -75.15, -72.42
2026-09-04, 15:01:03.904772, 3385000000, 3390000000, 1000000.00, 20, -60.91, -64.95, -68.39, -64.58, -67.02
2026-09-04, 15:01:03.904772, 3395000000, 3400000000, 1000000.00, 20, -67.71, -63.99, -68.85, -64.85, -60.92
2026-09-04, 15:01:03.904772, 3400000000, 3405000000, 1000000.00, 20, -64.37, -65.70, -76.55, -64.05, -56.84
2026-09-04, 15:01:03.904772, 3410000000, 3415000000, 1000000.00, 20, -59.35, -62.67, -70.38, -64.65, -61.88
2026-09-04, 15:01:03.904772, 3405000000, 3410000000, 1000000.00, 20, -60.16, -62.10, -62.31, -60.09, -61.88
2026-09-04, 15:01:03.904772, 3415000000, 3420000000, 1000000.00, 20, -58.36, -61.76, -64.15, -60.48, -64.11
2026-09-04, 15:01:03.904772, 3420000000, 3425000000, 1000000.00, 20, -63.39, -59.04, -62.19, -65.78, -61.65
2026-09-04, 15:01:03.904772, 3430000000, 3435000000, 1000000.00, 20, -74.42, -65.34, -61.33, -56.53, -57.50
2026-09-04, 15:01:03.904772, 3425000000, 3430000000, 1000000.00, 20, -65.49, -69.95, -62.23, -61.19, -61.57
2026-09-04, 15:01:03.904772, 3435000000, 3440000000, 1000000.00, 20, -63.33, -69.35, -61.72, -61.07, -66.35
2026-09-04, 15:01:03.904772, 3440000000, 3445000000, 1000000.00, 20, -61.40, -62.00, -62.92, -61.26, -58.37
2026-09-04, 15:01:03.904772, 3450000000, 3455000000, 1000000.00, 20, -62.47, -60.57, -73.12, -67.32, -65.44
2026-09-04, 15:01:03.904772, 3445000000, 3450000000, 1000000.00, 20, -65.13, -74.06, -63.21, -60.61, -61.88
2026-09-04, 15:01:03.904772, 3455000000, 3460000000, 1000000.00, 20, -61.52, -58.75, -79.67, -59.96, -59.43
2026-09-04, 15:01:03.904772, 3460000000, 3465000000, 1000000.00, 20, -62.19, -67.01, -68.22, -57.16, -62.11
2026-09-04, 15:01:03.904772, 3470000000, 3475000000, 1000000.00, 20, -61.96, -69.98, -71.27, -61.28, -59.01
2026-09-04, 15:01:03.904772, 3465000000, 3470000000, 1000000.00, 20, -67.08, -72.37, -69.24, -65.41, -61.91
2026-09-04, 15:01:03.904772, 3475000000, 3480000000, 1000000.00, 20, -57.89, -54.90, -59.66, -66.04, -59.82
2026-09-04, 15:01:03.904772, 3480000000, 3485000000, 1000000.00, 20, -69.39, -61.82, -67.06, -67.17, -61.97
2026-09-04, 15:01:03.904772, 3490000000, 3495000000, 1000000.00, 20, -62.93, -63.81, -57.33, -56.09, -58.07
2026-09-04, 15:01:03.904772, 3485000000, 3490000000, 1000000.00, 20, -58.26, -60.40, -75.83, -61.48, -65.70
2026-09-04, 15:01:03.904772, 3495000000, 3500000000, 1000000.00, 20, -69.89, -62.54, -66.82, -62.08, -57.17
2026-09-04, 15:01:03.904772, 3500000000, 3505000000, 1000000.00, 20, -58.47, -61.34, -58.25, -61.12, -65.97
2026-09-04, 15:01:03.904772, 3510000000, 3515000000, 1000000.00, 20, -70.52, -70.34, -67.45, -59.64, -57.71
2026-09-04, 15:01:03.904772, 3505000000, 3510000000, 1000000.00, 20, -59.32, -58.64, -55.81, -60.23, -67.85
2026-09-04, 15:01:03.904772, 3515000000, 3520000000, 1000000.00, 20, -73.85, -62.14, -59.65, -62.46, -76.29
2026-09-04, 15:01:03.904772, 3520000000, 3525000000, 1000000.00, 20, -63.33, -65.88, -63.87, -71.28, -60.62
2026-09-04, 15:01:03.904772, 3530000000, 3535000000, 1000000.00, 20, -59.80, -57.89, -56.08, -56.16, -60.60
2026-09-04, 15:01:03.904772, 3525000000, 3530000000, 1000000.00, 20, -59.02, -71.97, -69.96, -67.46, -71.10
2026-09-04, 15:01:03.904772, 3535000000, 3540000000, 1000000.00, 20, -56.70, -64.09, -70.01, -60.80, -64.18
2026-09-04, 15:01:03.924396, 3540000000, 3545000000, 1000000.00, 20, -59.41, -57.90, -62.85, -61.26, -67.77
2026-09-04, 15:01:03.924396, 3550000000, 3555000000, 1000000.00, 20, -53.32, -53.85, -63.01, -81.46, -63.15
2026-09-04, 15:01:03.924396, 3545000000, 3550000000, 1000000.00, 20, -59.82, -72.92, -60.75, -58.67, -61.07
2026-09-04, 15:01:03.924396, 3555000000, 3560000000, 1000000.00, 20, -60.52, -59.43, -65.79, -58.33, -65.77
2026-09-04, 15:01:03.924396, 3560000000, 3565000000, 1000000.00, 20, -57.61, -57.69, -68.43, -60.75, -60.98
2026-09-04, 15:01:03.924396, 3570000000, 3575000000, 1000000.00, 20, -62.00, -60.69, -60.14, -65.16, -66.88
2026-09-04, 15:01:03.924396, 3565000000, 3570000000, 1000000.00, 20, -59.14, -56.74, -61.46, -62.62, -75.34
2026-09-04, 15:01:03.924396, 3575000000, 3580000000, 1000000.00, 20, -59.77, -61.55, -69.03, -67.30, -62.17
2026-09-04, 15:01:03.924396, 3580000000, 3585000000, 1000000.00, 20, -59.25, -64.45, -75.07, -67.11, -59.52
2026-09-04, 15:01:03.924396, 3590000000, 3595000000, 1000000.00, 20, -68.48, -65.27, -58.03, -62.39, -62.90
2026-09-04, 15:01:03.924396, 3585000000, 3590000000, 1000000.00, 20, -65.96, -67.20, -71.65, -59.25, -57.46
2026-09-04, 15:01:03.924396, 3595000000, 3600000000, 1000000.00, 20, -62.34, -55.81, -59.90, -71.25, -68.64
2026-09-04, 15:01:03.924396, 3600000000, 3605000000, 1000000.00, 20, -69.99, -64.78, -73.57, -58.49, -56.58
2026-09-04, 15:01:03.924396, 3610000000, 3615000000, 1000000.00, 20, -62.37, -68.78, -62.43, -62.45, -67.73
2026-09-04, 15:01:03.924396, 3605000000, 3610000000, 1000000.00, 20, -59.11, -65.67, -61.80, -67.90, -85.82
2026-09-04, 15:01:03.924396, 3615000000, 3620000000, 1000000.00, 20, -65.91, -73.42, -63.49, -58.74, -55.99
2026-09-04, 15:01:03.924396, 3620000000, 3625000000, 1000000.00, 20, -63.38, -58.03, -62.22, -58.91, -56.46
2026-09-04, 15:01:03.924396, 3630000000, 3635000000, 1000000.00, 20, -61.66, -62.48, -62.52, -65.66, -67.19
2026-09-04, 15:01:03.924396, 3625000000, 3630000000, 1000000.00, 20, -60.31, -62.32, -63.12, -63.33, -69.69
2026-09-04, 15:01:03.924396, 3635000000, 3640000000, 1000000.00, 20, -58.64, -60.75, -58.69, -59.78, -63.07
2026-09-04, 15:01:03.924396, 3640000000, 3645000000, 1000000.00, 20, -60.43, -65.57, -56.64, -57.28, -61.92
2026-09-04, 15:01:03.924396, 3650000000, 3655000000, 1000000.00, 20, -61.81, -58.36, -60.23, -70.37, -66.06
2026-09-04, 15:01:03.924396, 3645000000, 3650000000, 1000000.00, 20, -69.98, -66.44, -74.99, -68.84, -63.43
2026-09-04, 15:01:03.924396, 3655000000, 3660000000, 1000000.00, 20, -76.81, -63.92, -73.34, -75.25, -66.85
2026-09-04, 15:01:03.924396, 3660000000, 3665000000, 1000000.00, 20, -69.17, -67.46, -61.40, -59.43, -64.63
2026-09-04, 15:01:03.924396, 3670000000, 3675000000, 1000000.00, 20, -60.19, -62.47, -71.28, -64.10, -62.57
2026-09-04, 15:01:03.924396, 3665000000, 3670000000, 1000000.00, 20, -68.14, -59.74, -69.84, -63.66, -63.55
2026-09-04, 15:01:03.924396, 3675000000, 3680000000, 1000000.00, 20, -62.40, -64.20, -62.28, -56.54, -58.66
2026-09-04, 15:01:03.924396, 3680000000, 3685000000, 1000000.00, 20, -73.28, -70.78, -67.16, -64.47, -61.00
2026-09-04, 15:01:03.924396, 3690000000, 3695000000, 1000000.00, 20, -59.21, -57.29, -60.03, -63.38, -66.05
2026-09-04, 15:01:03.924396, 3685000000, 3690000000, 1000000.00, 20, -63.38, -70.81, -60.35, -61.17, -61.51
2026-09-04, 15:01:03.924396, 3695000000, 3700000000, 1000000.00, 20, -65.13, -61.06, -59.23, -71.90, -61.87
2026-09-04, 15:01:03.944045, 3700000000, 3705000000, 1000000.00, 20, -59.93, -61.30, -72.99, -69.20, -61.53
2026-09-04, 15:01:03.944045, 3710000000, 3715000000, 1000000.00, 20, -60.65, -62.52, -65.83, -62.90, -57.62
2026-09-04, 15:01:03.944045, 3705000000, 3710000000, 1000000.00, 20, -66.74, -64.58, -64.34, -76.10, -80.05
2026-09-04, 15:01:03.944045, 3715000000, 3720000000, 1000000.00, 20, -62.00, -65.43, -67.89, -63.05, -59.15
2026-09-04, 15:01:03.944045, 3720000000, 3725000000, 1000000.00, 20, -57.78, -63.75, -60.15, -57.22, -57.27
2026-09-04, 15:01:03.944045, 3730000000, 3735000000, 1000000.00, 20, -60.90, -68.40, -65.37, -60.41, -58.24
2026-09-04, 15:01:03.944045, 3725000000, 3730000000, 1000000.00, 20, -63.00, -56.69, -58.65, -59.38, -55.06
2026-09-04, 15:01:03.944045, 3735000000, 3740000000, 1000000.00, 20, -61.74, -62.64, -62.24, -61.42, -66.73
2026-09-04, 15:01:03.944045, 3740000000, 3745000000, 1000000.00, 20, -64.13, -63.20, -65.65, -72.75, -64.98
2026-09-04, 15:01:03.944045, 3750000000, 3755000000, 1000000.00, 20, -57.53, -71.55, -68.77, -60.48, -64.12
2026-09-04, 15:01:03.944045, 3745000000, 3750000000, 1000000.00, 20, -59.57, -64.91, -70.21, -66.52, -61.14
2026-09-04, 15:01:03.944045, 3755000000, 3760000000, 1000000.00, 20, -75.68, -74.72, -62.60, -60.13, -64.08
2026-09-04, 15:01:03.944045, 3760000000, 3765000000, 1000000.00, 20, -66.49, -78.86, -73.77, -72.05, -76.08
2026-09-04, 15:01:03.944045, 3770000000, 3775000000, 1000000.00, 20, -68.17, -86.03, -62.12, -64.12, -67.09
2026-09-04, 15:01:03.944045, 3765000000, 3770000000, 1000000.00, 20, -72.33, -74.30, -67.25, -66.57, -64.16
2026-09-04, 15:01:03.944045, 3775000000, 3780000000, 1000000.00, 20, -62.83, -61.77, -76.16, -61.98, -62.77
2026-09-04, 15:01:03.944045, 3780000000, 3785000000, 1000000.00, 20, -54.10, -63.38, -58.22, -58.21, -60.05
2026-09-04, 15:01:03.944045, 3790000000, 3795000000, 1000000.00, 20, -60.41, -64.19, -64.77, -64.81, -58.51
2026-09-04, 15:01:03.944045, 3785000000, 3790000000, 1000000.00, 20, -75.66, -61.42, -60.15, -62.37, -61.47
2026-09-04, 15:01:03.944045, 3795000000, 3800000000, 1000000.00, 20, -63.17, -68.91, -67.19, -69.26, -65.40
2026-09-04, 15:01:03.944045, 3800000000, 3805000000, 1000000.00, 20, -56.65, -57.83, -58.74, -64.03, -67.06
2026-09-04, 15:01:03.944045, 3810000000, 3815000000, 1000000.00, 20, -57.98, -59.78, -61.54, -65.18, -69.07
2026-09-04, 15:01:03.944045, 3805000000, 3810000000, 1000000.00, 20, -60.83, -68.85, -60.95, -59.05, -57.98
2026-09-04, 15:01:03.944045, 3815000000, 3820000000, 1000000.00, 20, -60.20, -62.46, -63.80, -62.18, -62.63
2026-09-04, 15:01:03.944045, 3820000000, 3825000000, 1000000.00, 20, -63.85, -55.25, -57.22, -64.81, -70.04
2026-09-04, 15:01:03.944045, 3830000000, 3835000000, 1000000.00, 20, -54.75, -55.47, -60.54, -62.35, -56.30
2026-09-04, 15:01:03.944045, 3825000000, 3830000000, 1000000.00, 20, -66.95, -63.68, -61.00, -63.52, -60.43
2026-09-04, 15:01:03.944045, 3835000000, 3840000000, 1000000.00, 20, -58.98, -58.95, -62.05, -67.53, -58.50
2026-09-04, 15:01:03.944045, 3840000000, 3845000000, 1000000.00, 20, -62.06, -56.69, -57.44, -66.36, -72.61
2026-09-04, 15:01:03.944045, 3850000000, 3855000000, 1000000.00, 20, -67.26, -63.55, -61.26, -59.62, -64.33
2026-09-04, 15:01:03.944045, 3845000000, 3850000000, 1000000.00, 20, -75.94, -67.99, -73.22, -62.00, -59.38
2026-09-04, 15:01:03.944045, 3855000000, 3860000000, 1000000.00, 20, -67.85, -80.29, -64.44, -61.99, -62.26
2026-09-04, 15:01:03.963625, 3860000000, 3865000000, 1000000.00, 20, -59.32, -60.81, -66.07, -64.22, -60.23
2026-09-04, 15:01:03.963625, 3870000000, 3875000000, 1000000.00, 20, -66.38, -62.90, -60.06, -66.42, -60.57
2026-09-04, 15:01:03.963625, 3865000000, 3870000000, 1000000.00, 20, -58.97, -63.52, -64.40, -63.25, -60.29
2026-09-04, 15:01:03.963625, 3875000000, 3880000000, 1000000.00, 20, -60.28, -58.23, -67.57, -76.29, -72.42
2026-09-04, 15:01:03.963625, 3880000000, 3885000000, 1000000.00, 20, -67.29, -62.49, -60.83, -74.53, -63.44
2026-09-04, 15:01:03.963625, 3890000000, 3895000000, 1000000.00, 20, -58.66, -60.36, -66.71, -68.43, -63.20
2026-09-04, 15:01:03.963625, 3885000000, 3890000000, 1000000.00, 20, -57.07, -58.77, -58.21, -54.19, -55.04
2026-09-04, 15:01:03.963625, 3895000000, 3900000000, 1000000.00, 20, -69.97, -59.90, -57.79, -82.68, -64.57
2026-09-04, 15:01:03.963625, 3900000000, 3905000000, 1000000.00, 20, -52.09, -54.86, -60.59, -65.27, -63.29
2026-09-04, 15:01:03.963625, 3910000000, 3915000000, 1000000.00, 20, -61.35, -60.63, -58.77, -59.27, -62.76
2026-09-04, 15:01:03.963625, 3905000000, 3910000000, 1000000.00, 20, -73.08, -60.14, -62.74, -68.00, -72.23
2026-09-04, 15:01:03.963625, 3915000000, 3920000000, 1000000.00, 20, -64.77, -74.88, -60.31, -59.86, -59.49
2026-09-04, 15:01:03.963625, 3920000000, 3925000000, 1000000.00, 20, -60.69, -63.89, -64.34, -61.80, -62.23
2026-09-04, 15:01:03.963625, 3930000000, 3935000000, 1000000.00, 20, -58.70, -67.40, -61.58, -59.13, -68.43
2026-09-04, 15:01:03.963625, 3925000000, 3930000000, 1000000.00, 20, -62.53, -67.99, -70.57, -60.93, -58.44
2026-09-04, 15:01:03.963625, 3935000000, 3940000000, 1000000.00, 20, -57.52, -70.55, -65.63, -62.41, -65.27
2026-09-04, 15:01:03.963625, 3940000000, 3945000000, 1000000.00, 20, -58.41, -57.80, -57.22, -59.14, -64.33
2026-09-04, 15:01:03.963625, 3950000000, 3955000000, 1000000.00, 20, -63.00, -61.75, -59.67, -61.74, -63.91
2026-09-04, 15:01:03.963625, 3945000000, 3950000000, 1000000.00, 20, -61.76, -62.32, -67.68, -61.29, -57.73
2026-09-04, 15:01:03.963625, 3955000000, 3960000000, 1000000.00, 20, -62.58, -62.26, -62.55, -60.28, -55.12
2026-09-04, 15:01:03.963625, 3960000000, 3965000000, 1000000.00, 20, -65.57, -59.35, -58.59, -57.23, -64.56
2026-09-04, 15:01:03.963625, 3970000000, 3975000000, 1000000.00, 20, -66.11, -60.92, -59.27, -58.53, -55.50
2026-09-04, 15:01:03.963625, 3965000000, 3970000000, 1000000.00, 20, -66.45, -62.42, -63.96, -57.65, -56.72
2026-09-04, 15:01:03.963625, 3975000000, 3980000000, 1000000.00, 20, -63.46, -67.19, -60.15, -63.02, -63.11
2026-09-04, 15:01:03.963625, 3980000000, 3985000000, 1000000.00, 20, -69.71, -68.54, -63.59, -56.13, -62.46
2026-09-04, 15:01:03.963625, 3990000000, 3995000000, 1000000.00, 20, -62.70, -66.22, -64.82, -65.36, -75.57
2026-09-04, 15:01:03.963625, 3985000000, 3990000000, 1000000.00, 20, -73.85, -61.24, -62.16, -78.02, -66.06
2026-09-04, 15:01:03.963625, 3995000000, 4000000000, 1000000.00, 20, -80.05, -66.64, -65.32, -67.31, -64.87
2026-09-04, 15:01:03.963625, 4000000000, 4005000000, 1000000.00, 20, -55.70, -56.88, -64.11, -66.60, -64.22
2026-09-04, 15:01:03.963625, 4010000000, 4015000000, 1000000.00, 20, -60.08, -63.67, -64.60, -68.52, -57.50
2026-09-04, 15:01:03.963625, 4005000000, 4010000000, 1000000.00, 20, -66.53, -68.27, -63.83, -58.52, -61.65
2026-09-04, 15:01:03.963625, 4015000000, 4020000000, 1000000.00, 20, -63.91, -61.59, -64.74, -72.88, -66.62
2026-09-04, 15:01:03.983409, 4020000000, 4025000000, 1000000.00, 20, -56.79, -56.93, -60.87, -66.88, -72.72
2026-09-04, 15:01:03.983409, 4030000000, 4035000000, 1000000.00, 20, -65.36, -64.59, -62.43, -60.76, -61.62
2026-09-04, 15:01:03.983409, 4025000000, 4030000000, 1000000.00, 20, -61.04, -58.02, -57.63, -59.94, -61.40
2026-09-04, 15:01:03.983409, 4035000000, 4040000000, 1000000.00, 20, -64.57, -60.63, -60.29, -60.86, -60.51
2026-09-04, 15:01:03.983409, 4040000000, 4045000000, 1000000.00, 20, -61.62, -61.97, -60.71, -57.89, -58.31
2026-09-04, 15:01:03.983409, 4050000000, 4055000000, 1000000.00, 20, -66.83, -58.90, -57.13, -58.44, -58.57
2026-09-04, 15:01:03.983409, 4045000000, 4050000000, 1000000.00, 20, -60.47, -62.46, -59.24, -60.17, -64.35
2026-09-04, 15:01:03.983409, 4055000000, 4060000000, 1000000.00, 20, -70.29, -65.40, -58.66, -58.26, -56.15
2026-09-04, 15:01:03.983409, 4060000000, 4065000000, 1000000.00, 20, -68.77, -74.92, -66.55, -64.74, -59.75
2026-09-04, 15:01:03.983409, 4070000000, 4075000000, 1000000.00, 20, -68.28, -62.60, -58.83, -64.98, -67.54
2026-09-04, 15:01:03.983409, 4065000000, 4070000000, 1000000.00, 20, -66.06, -63.01, -61.15, -68.91, -66.27
2026-09-04, 15:01:03.983409, 4075000000, 4080000000, 1000000.00, 20, -63.48, -70.59, -62.42, -63.99, -72.57
2026-09-04, 15:01:03.983409, 4080000000, 4085000000, 1000000.00, 20, -56.84, -57.77, -63.56, -60.51, -60.86
2026-09-04, 15:01:03.983409, 4090000000, 4095000000, 1000000.00, 20, -63.23, -65.54, -56.86, -54.96, -63.83
2026-09-04, 15:01:03.983409, 4085000000, 4090000000, 1000000.00, 20, -58.57, -54.80, -55.95, -58.91, -59.30
2026-09-04, 15:01:03.983409, 4095000000, 4100000000, 1000000.00, 20, -59.23, -60.31, -66.29, -59.17, -57.74
2026-09-04, 15:01:03.983409, 4100000000, 4105000000, 1000000.00, 20, -55.29, -55.04, -55.92, -57.88, -64.51
2026-09-04, 15:01:03.983409, 4110000000, 4115000000, 1000000.00, 20, -72.99, -65.25, -60.27, -55.46, -60.08
2026-09-04, 15:01:03.983409, 4105000000, 4110000000, 1000000.00, 20, -60.85, -60.50, -59.43, -59.30, -66.22
2026-09-04, 15:01:03.983409, 4115000000, 4120000000, 1000000.00, 20, -67.30, -83.96, -67.84, -59.20, -57.73
2026-09-04, 15:01:03.983409, 4120000000, 4125000000, 1000000.00, 20, -59.88, -70.06, -61.30, -62.40, -60.59
2026-09-04, 15:01:03.983409, 4130000000, 4135000000, 1000000.00, 20, -62.98, -63.68, -68.12, -56.28, -54.92
2026-09-04, 15:01:03.983409, 4125000000, 4130000000, 1000000.00, 20, -62.01, -70.71, -58.13, -56.85, -60.66
2026-09-04, 15:01:03.983409, 4135000000, 4140000000, 1000000.00, 20, -73.74, -70.56, -68.27, -65.74, -65.67
2026-09-04, 15:01:03.983409, 4140000000, 4145000000, 1000000.00, 20, -59.28, -62.47, -68.32, -64.56, -64.18
2026-09-04, 15:01:03.983409, 4150000000, 4155000000, 1000000.00, 20, -59.81, -63.43, -65.07, -68.58, -62.23
2026-09-04, 15:01:03.983409, 4145000000, 4150000000, 1000000.00, 20, -79.15, -62.92, -65.28, -63.80, -60.72
2026-09-04, 15:01:03.983409, 4155000000, 4160000000, 1000000.00, 20, -70.45, -64.35, -61.33, -59.00, -59.57
2026-09-04, 15:01:03.983409, 4160000000, 4165000000, 1000000.00, 20, -66.27, -64.92, -72.29, -68.21, -73.19
2026-09-04, 15:01:03.983409, 4170000000, 4175000000, 1000000.00, 20, -61.54, -57.51, -54.09, -57.66, -59.32
2026-09-04, 15:01:03.983409, 4165000000, 4170000000, 1000000.00, 20, -59.89, -61.17, -62.38, -63.81, -64.67
2026-09-04, 15:01:03.983409, 4175000000, 4180000000, 1000000.00, 20, -73.97, -71.01, -64.23, -63.25, -64.79
2026-09-04, 15:01:04.003039, 4180000000, 4185000000, 1000000.00, 20, -60.26, -57.72, -60.18, -63.59, -71.59
2026-09-04, 15:01:04.003039, 4190000000, 4195000000, 1000000.00, 20, -68.35, -64.01, -62.10, -58.36, -56.08
2026-09-04, 15:01:04.003039, 4185000000, 4190000000, 1000000.00, 20, -72.62, -58.91, -57.89, -58.37, -63.81
2026-09-04, 15:01:04.003039, 4195000000, 4200000000, 1000000.00, 20, -62.32, -74.39, -67.94, -71.19, -64.11
2026-09-04, 15:01:04.003039, 4200000000, 4205000000, 1000000.00, 20, -63.87, -62.27, -64.00, -70.01, -87.09
2026-09-04, 15:01:04.003039, 4210000000, 4215000000, 1000000.00, 20, -63.48, -59.17, -72.06, -58.08, -60.38
2026-09-04, 15:01:04.003039, 4205000000, 4210000000, 1000000.00, 20, -57.22, -56.74, -61.85, -71.11, -90.16
2026-09-04, 15:01:04.003039, 4215000000, 4220000000, 1000000.00, 20, -56.51, -65.27, -58.85, -57.48, -62.13
2026-09-04, 15:01:04.003039, 4220000000, 4225000000, 1000000.00, 20, -57.96, -66.30, -71.65, -67.35, -60.57
2026-09-04, 15:01:04.003039, 4230000000, 4235000000, 1000000.00, 20, -68.76, -60.75, -59.21, -56.65, -57.74
2026-09-04, 15:01:04.003039, 4225000000, 4230000000, 1000000.00, 20, -60.22, -68.35, -64.95, -66.44, -64.52
2026-09-04, 15:01:04.003039, 4235000000, 4240000000, 1000000.00, 20, -64.72, -66.99, -61.09, -61.39, -57.31
2026-09-04, 15:01:04.003039, 4240000000, 4245000000, 1000000.00, 20, -67.17, -64.61, -68.16, -66.09, -72.51
2026-09-04, 15:01:04.003039, 4250000000, 4255000000, 1000000.00, 20, -64.75, -62.49, -60.18, -58.73, -57.86
2026-09-04, 15:01:04.003039, 4245000000, 4250000000, 1000000.00, 20, -59.64, -60.17, -61.14, -65.89, -65.18
2026-09-04, 15:01:04.003039, 4255000000, 4260000000, 1000000.00, 20, -68.85, -65.81, -61.66, -60.10, -55.56
2026-09-04, 15:01:04.003039, 4260000000, 4265000000, 1000000.00, 20, -65.15, -65.82, -63.51, -65.28, -66.92
2026-09-04, 15:01:04.003039, 4270000000, 4275000000, 1000000.00, 20, -69.78, -72.63, -79.67, -73.71, -71.64
2026-09-04, 15:01:04.003039, 4265000000, 4270000000, 1000000.00, 20, -62.26, -59.84, -67.72, -62.99, -65.69
2026-09-04, 15:01:04.003039, 4275000000, 4280000000, 1000000.00, 20, -61.39, -77.34, -80.19, -60.87, -54.10
2026-09-04, 15:01:04.003039, 4280000000, 4285000000, 1000000.00, 20, -60.20, -69.83, -72.10, -67.90, -56.72
2026-09-04, 15:01:04.003039, 4290000000, 4295000000, 1000000.00, 20, -76.22, -63.59, -60.13, -62.07, -67.98
2026-09-04, 15:01:04.003039, 4285000000, 4290000000, 1000000.00, 20, -61.66, -60.43, -68.69, -60.51, -60.28
2026-09-04, 15:01:04.003039, 4295000000, 4300000000, 1000000.00, 20, -59.35, -59.20, -65.62, -79.33, -77.11
2026-09-04, 15:01:04.003039, 4300000000, 4305000000, 1000000.00, 20, -67.31, -62.96, -59.76, -55.06, -55.79
2026-09-04, 15:01:04.003039, 4310000000, 4315000000, 1000000.00, 20, -58.92, -74.03, -57.16, -60.90, -60.51
2026-09-04, 15:01:04.003039, 4305000000, 4310000000, 1000000.00, 20, -65.67, -65.39, -64.58, -59.01, -62.48
2026-09-04, 15:01:04.003039, 4315000000, 4320000000, 1000000.00, 20, -60.61, -56.52, -55.97, -62.12, -59.02
2026-09-04, 15:01:04.003039, 4320000000, 4325000000, 1000000.00, 20, -64.29, -66.48, -78.75, -64.50, -62.80
2026-09-04, 15:01:04.003039, 4330000000, 4335000000, 1000000.00, 20, -62.31, -63.27, -57.99, -56.26, -59.94
2026-09-04, 15:01:04.003039, 4325000000, 4330000000, 1000000.00, 20, -67.70, -61.20, -58.54, -63.23, -63.79
2026-09-04, 15:01:04.003039, 4335000000, 4340000000, 1000000.00, 20, -65.13, -58.95, -56.44, -55.78, -62.08
2026-09-04, 15:01:04.022705, 4340000000, 4345000000, 1000000.00, 20, -63.19, -60.31, -61.63, -61.43, -65.19
2026-09-04, 15:01:04.022705, 4350000000, 4355000000, 1000000.00, 20, -64.26, -58.65, -56.83, -58.98, -65.52
2026-09-04, 15:01:04.022705, 4345000000, 4350000000, 1000000.00, 20, -61.86, -66.93, -68.74, -71.02, -91.02
2026-09-04, 15:01:04.022705, 4355000000, 4360000000, 1000000.00, 20, -58.20, -58.38, -62.88, -60.24, -65.69
2026-09-04, 15:01:04.022705, 4360000000, 4365000000, 1000000.00, 20, -63.47, -70.01, -59.61, -58.30, -57.90
2026-09-04, 15:01:04.022705, 4370000000, 4375000000, 1000000.00, 20, -62.80, -67.83, -71.52, -57.42, -60.50
2026-09-04, 15:01:04.022705, 4365000000, 4370000000, 1000000.00, 20, -62.43, -64.58, -59.10, -61.52, -64.09
2026-09-04, 15:01:04.022705, 4375000000, 4380000000, 1000000.00, 20, -62.22, -57.59, -60.83, -65.17, -60.13
2026-09-04, 15:01:04.022705, 4380000000, 4385000000, 1000000.00, 20, -56.93, -65.35, -64.34, -58.93, -57.42
2026-09-04, 15:01:04.022705, 4390000000, 4395000000, 1000000.00, 20, -57.95, -55.50, -67.14, -56.78, -56.77
2026-09-04, 15:01:04.022705, 4385000000, 4390000000, 1000000.00, 20, -61.93, -69.85, -62.53, -70.25, -69.52
2026-09-04, 15:01:04.022705, 4395000000, 4400000000, 1000000.00, 20, -59.28, -59.82, -60.55, -67.07, -56.35
2026-09-04, 15:01:04.022705, 4400000000, 4405000000, 1000000.00, 20, -59.84, -60.90, -62.36, -64.12, -70.88
2026-09-04, 15:01:04.022705, 4410000000, 4415000000, 1000000.00, 20, -60.92, -67.99, -59.86, -60.37, -60.53
2026-09-04, 15:01:04.022705, 4405000000, 4410000000, 1000000.00, 20, -60.49, -55.25, -58.83, -64.35, -62.34
2026-09-04, 15:01:04.022705, 4415000000, 4420000000, 1000000.00, 20, -63.23, -63.15, -65.25, -60.08, -58.89
2026-09-04, 15:01:04.022705, 4420000000, 4425000000, 1000000.00, 20, -64.36, -77.24, -69.73, -66.50, -60.69
2026-09-04, 15:01:04.022705, 4430000000, 4435000000, 1000000.00, 20, -65.23, -67.30, -68.07, -57.81, -56.71
2026-09-04, 15:01:04.022705, 4425000000, 4430000000, 1000000.00, 20, -69.92, -72.16, -60.22, -55.30, -57.20
2026-09-04, 15:01:04.022705, 4435000000, 4440000000, 1000000.00, 20, -62.72, -59.40, -58.12, -61.77, -58.91
2026-09-04, 15:01:04.022705, 4440000000, 4445000000, 1000000.00, 20, -62.85, -64.92, -65.86, -65.04, -61.54
2026-09-04, 15:01:04.022705, 4450000000, 4455000000, 1000000.00, 20, -66.10, -73.73, -61.92, -58.60, -57.55
2026-09-04, 15:01:04.022705, 4445000000, 4450000000, 1000000.00, 20, -69.48, -65.74, -62.44, -57.39, -58.16
2026-09-04, 15:01:04.022705, 4455000000, 4460000000, 1000000.00, 20, -64.24, -65.17, -64.86, -57.95, -59.78
2026-09-04, 15:01:04.022705, 4460000000, 4465000000, 1000000.00, 20, -66.89, -73.42, -74.60, -63.14, -56.45
2026-09-04, 15:01:04.022705, 4470000000, 4475000000, 1000000.00, 20, -70.20, -63.23, -60.75, -61.36, -65.72
2026-09-04, 15:01:04.022705, 4465000000, 4470000000, 1000000.00, 20, -59.61, -56.31, -63.00, -71.10, -78.76
2026-09-04, 15:01:04.022705, 4475000000, 4480000000, 1000000.00, 20, -78.29, -60.60, -60.95, -68.06, -69.66
2026-09-04, 15:01:04.022705, 4480000000, 4485000000, 1000000.00, 20, -58.81, -57.63, -65.29, -65.75, -62.79
2026-09-04, 15:01:04.022705, 4490000000, 4495000000, 1000000.00, 20, -72.20, -68.23, -58.33, -54.97, -55.96
2026-09-04, 15:01:04.022705, 4485000000, 4490000000, 1000000.00, 20, -64.23, -63.25, -77.45, -64.46, -63.68
2026-09-04, 15:01:04.022705, 4495000000, 4500000000, 1000000.00, 20, -58.95, -58.49, -67.72, -62.74, -62.79
2026-09-04, 15:01:04.042357, 4500000000, 4505000000, 1000000.00, 20, -64.20, -60.30, -73.74, -65.94, -69.95
2026-09-04, 15:01:04.042357, 4510000000, 4515000000, 1000000.00, 20, -71.95, -64.53, -66.28, -73.67, -64.77
2026-09-04, 15:01:04.042357, 4505000000, 4510000000, 1000000.00, 20, -57.75, -63.24, -62.54, -59.30, -57.27
2026-09-04, 15:01:04.042357, 4515000000, 4520000000, 1000000.00, 20, -66.97, -63.45, -62.17, -67.60, -64.26
2026-09-04, 15:01:04.042357, 4520000000, 4525000000, 1000000.00, 20, -55.64, -56.16, -59.96, -70.82, -73.57
2026-09-04, 15:01:04.042357, 4530000000, 4535000000, 1000000.00, 20, -58.02, -59.39, -61.64, -58.09, -59.05
2026-09-04, 15:01:04.042357, 4525000000, 4530000000, 1000000.00, 20, -59.80, -59.84, -59.09, -58.25, -63.32
2026-09-04, 15:01:04.042357, 4535000000, 4540000000, 1000000.00, 20, -63.57, -58.12, -63.25, -72.62, -66.18
2026-09-04, 15:01:04.042357, 4540000000, 4545000000, 1000000.00, 20, -59.18, -68.25, -74.69, -66.62, -64.86
2026-09-04, 15:01:04.042357, 4550000000, 4555000000, 1000000.00, 20, -62.12, -63.19, -69.72, -63.48, -59.02
2026-09-04, 15:01:04.042357, 4545000000, 4550000000, 1000000.00, 20, -62.30, -60.04, -59.80, -66.00, -71.44
2026-09-04, 15:01:04.042357, 4555000000, 4560000000, 1000000.00, 20, -60.96, -65.39, -81.92, -66.83, -66.72
2026-09-04, 15:01:04.042357, 4560000000, 4565000000, 1000000.00, 20, -63.86, -57.17, -57.91, -63.81, -63.29
2026-09-04, 15:01:04.042357, 4570000000, 4575000000, 1000000.00, 20, -57.79, -59.72, -64.52, -69.61, -71.52
2026-09-04, 15:01:04.042357, 4565000000, 4570000000, 1000000.00, 20, -57.85, -59.69, -59.61, -65.45, -67.90
2026-09-04, 15:01:04.042357, 4575000000, 4580000000, 1000000.00, 20, -61.19, -59.40, -58.50, -59.84, -67.52
2026-09-04, 15:01:04.042357, 4580000000, 4585000000, 1000000.00, 20, -58.19, -64.41, -73.12, -77.00, -68.78
2026-09-04, 15:01:04.042357, 4590000000, 4595000000, 1000000.00, 20, -63.59, -66.46, -62.03, -62.36, -60.59
2026-09-04, 15:01:04.042357, 4585000000, 4590000000, 1000000.00, 20, -58.21, -66.62, -65.68, -81.71, -64.25
2026-09-04, 15:01:04.042357, 4595000000, 4600000000, 1000000.00, 20, -68.78, -61.74, -62.76, -64.48, -62.28
2026-09-04, 15:01:04.042357, 4600000000, 4605000000, 1000000.00, 20, -59.44, -62.78, -65.89, -64.88, -67.36
2026-09-04, 15:01:04.042357, 4610000000, 4615000000, 1000000.00, 20, -63.05, -59.10, -67.90, -59.99, -62.22
2026-09-04, 15:01:04.042357, 4605000000, 4610000000, 1000000.00, 20, -61.28, -67.00, -79.05, -69.77, -73.43
2026-09-04, 15:01:04.042357, 4615000000, 4620000000, 1000000.00, 20, -63.14, -60.61, -60.51, -61.88, -72.92
2026-09-04, 15:01:04.042357, 4620000000, 4625000000, 1000000.00, 20, -67.43, -68.63, -74.65, -73.53, -69.43
2026-09-04, 15:01:04.042357, 4630000000, 4635000000, 1000000.00, 20, -65.54, -58.39, -56.24, -58.03, -65.95
2026-09-04, 15:01:04.042357, 4625000000, 4630000000, 1000000.00, 20, -70.76, -64.26, -60.55, -61.08, -60.28
2026-09-04, 15:01:04.042357, 4635000000, 4640000000, 1000000.00, 20, -65.07, -61.62, -76.31, -79.49, -59.10
2026-09-04, 15:01:04.042357, 4640000000, 4645000000, 1000000.00, 20, -56.88, -59.42, -62.91, -60.68, -57.36
2026-09-04, 15:01:04.042357, 4650000000, 4655000000, 1000000.00, 20, -64.28, -66.02, -72.60, -61.22, -60.25
2026-09-04, 15:01:04.042357, 4645000000, 4650000000, 1000000.00, 20, -60.34, -61.57, -62.19, -60.62, -64.39
2026-09-04, 15:01:04.042357, 4655000000, 4660000000, 1000000.00, 20, -64.41, -64.54, -62.10, -72.01, -64.82
2026-09-04, 15:01:04.061980, 4660000000, 4665000000, 1000000.00, 20, -55.02, -57.25, -57.31, -60.86, -73.51
2026-09-04, 15:01:04.061980, 4670000000, 4675000000, 1000000.00, 20, -57.11, -55.97, -57.24, -56.83, -57.03
2026-09-04, 15:01:04.061980, 4665000000, 4670000000, 1000000.00, 20, -65.05, -60.48, -59.86, -57.75, -62.12
2026-09-04, 15:01:04.061980, 4675000000, 4680000000, 1000000.00, 20, -59.25, -66.78, -62.48, -59.26, -63.40
2026-09-04, 15:01:04.061980, 4680000000, 4685000000, 1000000.00, 20, -59.97, -59.96, -62.26, -63.67, -60.12
2026-09-04, 15:01:04.061980, 4690000000, 4695000000, 1000000.00, 20, -64.24, -67.72, -72.60, -68.56, -66.07
2026-09-04, 15:01:04.061980, 4685000000, 4690000000, 1000000.00, 20, -65.81, -65.64, -64.29, -57.23, -56.11
2026-09-04, 15:01:04.061980, 4695000000, 4700000000, 1000000.00, 20, -56.10, -59.56, -60.90, -59.26, -67.84
2026-09-04, 15:01:04.061980, 4700000000, 4705000000, 1000000.00, 20, -59.95, -66.30, -58.86, -54.18, -58.04
2026-09-04, 15:01:04.061980, 4710000000, 4715000000, 1000000.00, 20, -76.03, -71.11, -67.57, -62.38, -69.27
2026-09-04, 15:01:04.061980, 4705000000, 4710000000, 1000000.00, 20, -58.11, -65.03, -67.65, -65.85, -61.24
2026-09-04, 15:01:04.061980, 4715000000, 4720000000, 1000000.00, 20, -54.87, -55.17, -57.89, -60.29, -57.18
2026-09-04, 15:01:04.061980, 4720000000, 4725000000, 1000000.00, 20, -67.47, -72.23, -60.40, -65.87, -56.94
2026-09-04, 15:01:04.061980, 4730000000, 4735000000, 1000000.00, 20, -74.34, -63.90, -61.80, -68.42, -57.89
2026-09-04, 15:01:04.061980, 4725000000, 4730000000, 1000000.00, 20, -57.73, -63.01, -60.90, -58.21, -59.93
2026-09-04, 15:01:04.061980, 4735000000, 4740000000, 1000000.00, 20, -67.42, -64.67, -62.28, -56.70, -56.17
2026-09-04, 15:01:04.061980, 4740000000, 4745000000, 1000000.00, 20, -66.98, -62.83, -73.75, -64.76, -62.95
2026-09-04, 15:01:04.061980, 4750000000, 4755000000, 1000000.00, 20, -68.74, -68.07, -67.34, -71.25, -62.05
2026-09-04, 15:01:04.061980, 4745000000, 4750000000, 1000000.00, 20, -69.56, -60.76, -62.75, -68.67, -63.07
2026-09-04, 15:01:04.061980, 4755000000, 4760000000, 1000000.00, 20, -58.61, -67.39, -63.28, -63.62, -71.31
2026-09-04, 15:01:04.061980, 4760000000, 4765000000, 1000000.00, 20, -58.57, -69.98, -77.90, -57.56, -54.85
2026-09-04, 15:01:04.061980, 4770000000, 4775000000, 1000000.00, 20, -63.48, -63.06, -60.89, -81.59, -57.61
2026-09-04, 15:01:04.061980, 4765000000, 4770000000, 1000000.00, 20, -57.08, -60.10, -85.35, -64.78, -66.92
2026-09-04, 15:01:04.061980, 4775000000, 4780000000, 1000000.00, 20, -67.42, -66.83, -63.99, -66.96, -77.83
2026-09-04, 15:01:04.061980, 4780000000, 4785000000, 1000000.00, 20, -58.42, -70.12, -67.34, -67.03, -62.08
2026-09-04, 15:01:04.061980, 4790000000, 4795000000, 1000000.00, 20, -63.51, -62.09, -62.74, -58.36, -53.44
2026-09-04, 15:01:04.061980, 4785000000, 4790000000, 1000000.00, 20, -67.11, -60.34, -60.89, -60.08, -59.04
2026-09-04, 15:01:04.061980, 4795000000, 4800000000, 1000000.00, 20, -67.88, -69.58, -65.20, -64.78, -65.02
2026-09-04, 15:01:04.061980, 4800000000, 4805000000, 1000000.00, 20, -66.21, -75.67, -66.53, -61.50, -62.78
2026-09-04, 15:01:04.061980, 4810000000, 4815000000, 1000000.00, 20, -60.64, -58.52, -62.40, -72.19, -64.56
2026-09-04, 15:01:04.061980, 4805000000, 4810000000, 1000000.00, 20, -64.17, -69.39, -63.88, -58.87, -56.63
2026-09-04, 15:01:04.061980, 4815000000, 4820000000, 1000000.00, 20, -66.03, -58.40, -57.80, -63.43, -71.99
2026-09-04, 15:01:04.081625, 4820000000, 4825000000, 1000000.00, 20, -66.87, -62.44, -62.99, -60.93, -61.07
2026-09-04, 15:01:04.081625, 4830000000, 4835000000, 1000000.00, 20, -58.95, -64.57, -62.55, -61.96, -69.93
2026-09-04, 15:01:04.081625, 4825000000, 4830000000, 1000000.00, 20, -72.36, -64.94, -76.43, -64.84, -75.09
2026-09-04, 15:01:04.081625, 4835000000, 4840000000, 1000000.00, 20, -60.84, -57.52, -60.92, -57.48, -61.36
2026-09-04, 15:01:04.081625, 4840000000, 4845000000, 1000000.00, 20, -62.01, -64.79, -71.75, -68.46, -66.32
2026-09-04, 15:01:04.081625, 4850000000, 4855000000, 1000000.00, 20, -70.17, -68.32, -63.32, -59.37, -56.21
2026-09-04, 15:01:04.081625, 4845000000, 4850000000, 1000000.00, 20, -72.09, -64.64, -62.06, -63.92, -71.79
2026-09-04, 15:01:04.081625, 4855000000, 4860000000, 1000000.00, 20, -64.53, -63.92, -64.39, -61.06, -58.05
2026-09-04, 15:01:04.081625, 4860000000, 4865000000, 1000000.00, 20, -61.96, -63.36, -59.37, -56.02, -61.59
2026-09-04, 15:01:04.081625, 4870000000, 4875000000, 1000000.00, 20, -65.95, -71.12, -63.11, -58.30, -66.45
2026-09-04, 15:01:04.081625, 4865000000, 4870000000, 1000000.00, 20, -65.20, -62.28, -64.40, -68.48, -59.51
2026-09-04, 15:01:04.081625, 4875000000, 4880000000, 1000000.00, 20, -61.95, -66.51, -66.69, -60.22, -57.34
2026-09-04, 15:01:04.081625, 4880000000, 4885000000, 1000000.00, 20, -55.85, -59.19, -63.72, -58.09, -59.60
2026-09-04, 15:01:04.081625, 4890000000, 4895000000, 1000000.00, 20, -63.09, -58.74, -64.37, -61.16, -60.96
2026-09-04, 15:01:04.081625, 4885000000, 4890000000, 1000000.00, 20, -68.43, -69.15, -67.52, -63.86, -59.08
2026-09-04, 15:01:04.081625, 4895000000, 4900000000, 1000000.00, 20, -62.76, -61.81, -56.90, -56.41, -61.76
2026-09-04, 15:01:04.081625, 4900000000, 4905000000, 1000000.00, 20, -64.22, -60.94, -56.52, -60.34, -69.06
2026-09-04, 15:01:04.081625, 4910000000, 4915000000, 1000000.00, 20, -70.78, -69.18, -60.82, -71.07, -60.47
2026-09-04, 15:01:04.081625, 4905000000, 4910000000, 1000000.00, 20, -67.31, -106.96, -69.19, -59.34, -60.68
2026-09-04, 15:01:04.081625, 4915000000, 4920000000, 1000000.00, 20, -76.73, -69.14, -68.88, -63.95, -58.36
2026-09-04, 15:01:04.081625, 4920000000, 4925000000, 1000000.00, 20, -70.52, -69.23, -63.38, -62.59, -67.10
2026-09-04, 15:01:04.081625, 4930000000, 4935000000, 1000000.00, 20, -62.78, -59.68, -56.93, -61.56, -63.38
2026-09-04, 15:01:04.081625, 4925000000, 4930000000, 1000000.00, 20, -73.92, -57.70, -59.98, -61.55, -68.23
2026-09-04, 15:01:04.081625, 4935000000, 4940000000, 1000000.00, 20, -59.81, -58.90, -60.65, -69.17, -65.33
2026-09-04, 15:01:04.081625, 4940000000, 4945000000, 1000000.00, 20, -59.46, -57.24, -58.40, -60.92, -58.54
2026-09-04, 15:01:04.081625, 4950000000, 4955000000, 1000000.00, 20, -61.22, -62.67, -67.02, -72.88, -72.48
2026-09-04, 15:01:04.081625, 4945000000, 4950000000, 1000000.00, 20, -79.07, -65.93, -69.78, -63.97, -69.39
2026-09-04, 15:01:04.081625, 4955000000, 4960000000, 1000000.00, 20, -69.71, -57.56, -53.98, -56.13, -61.93
2026-09-04, 15:01:04.081625, 4960000000, 4965000000, 1000000.00, 20, -63.26, -55.59, -60.30, -67.59, -68.46
2026-09-04, 15:01:04.081625, 4970000000, 4975000000, 1000000.00, 20, -63.82, -64.39, -58.60, -57.47, -61.20
2026-09-04, 15:01:04.081625, 4965000000, 4970000000, 1000000.00, 20, -65.36, -66.08, -60.93, -60.71, -61.81
2026-09-04, 15:01:04.081625, 4975000000, 4980000000, 1000000.00, 20, -61.18, -61.55, -54.47, -57.26, -65.63
2026-09-04, 15:01:04.101343, 4980000000, 4985000000, 1000000.00, 20, -59.68, -61.13, -64.06, -62.05, -64.30
2026-09-04, 15:01:04.101343, 4990000000, 4995000000, 1000000.00, 20, -54.80, -57.10, -67.87, -61.04, -58.66
2026-09-04, 15:01:04.101343, 4985000000, 4990000000, 1000000.00, 20, -64.78, -75.56, -63.13, -64.33, -60.26
2026-09-04, 15:01:04.101343, 4995000000, 5000000000, 1000000.00, 20, -60.40, -62.79, -73.16, -69.49, -65.03
2026-09-04, 15:01:04.101343, 5000000000, 5005000000, 1000000.00, 20, -58.58, -57.90, -55.74, -59.76, -65.65
2026-09-04, 15:01:04.101343, 5010000000, 5015000000, 1000000.00, 20, -60.06, -64.76, -63.75, -61.91, -58.95
2026-09-04, 15:01:04.101343, 5005000000, 5010000000, 1000000.00, 20, -67.41, -67.96, -64.46, -65.42, -64.09
2026-09-04, 15:01:04.101343, 5015000000, 5020000000, 1000000.00, 20, -58.82, -63.77, -68.31, -60.06, -57.56
2026-09-04, 15:01:04.101343, 5020000000, 5025000000, 1000000.00, 20, -60.64, -61.51, -57.43, -58.60, -63.85
2026-09-04, 15:01:04.101343, 5030000000, 5035000000, 1000000.00, 20, -66.34, -69.15, -67.06, -60.13, -56.50
2026-09-04, 15:01:04.101343, 5025000000, 5030000000, 1000000.00, 20, -62.55, -72.44, -65.39, -66.99, -77.32
2026-09-04, 15:01:04.101343, 5035000000, 5040000000, 1000000.00, 20, -61.99, -61.87, -65.25, -61.47, -58.86
2026-09-04, 15:01:04.101343, 5040000000, 5045000000, 1000000.00, 20, -56.23, -60.09, -64.66, -67.90, -61.33
2026-09-04, 15:01:04.101343, 5050000000, 5055000000, 1000000.00, 20, -62.86, -63.83, -58.07, -66.31, -61.76
2026-09-04, 15:01:04.101343, 5045000000, 5050000000, 1000000.00, 20, -63.00, -58.20, -61.01, -67.54, -58.46
2026-09-04, 15:01:04.101343, 5055000000, 5060000000, 1000000.00, 20, -64.56, -62.08, -63.28, -85.49, -63.27
2026-09-04, 15:01:04.101343, 5060000000, 5065000000, 1000000.00, 20, -61.46, -59.02, -68.78, -58.48, -57.20
2026-09-04, 15:01:04.101343, 5070000000, 5075000000, 1000000.00, 20, -63.87, -61.70, -57.68, -68.24, -61.42
2026-09-04, 15:01:04.101343, 5065000000, 5070000000, 1000000.00, 20, -57.60, -80.91, -70.85, -63.77, -69.20
2026-09-04, 15:01:04.101343, 5075000000, 5080000000, 1000000.00, 20, -64.80, -57.57, -56.30, -59.71, -57.07
2026-09-04, 15:01:04.101343, 5080000000, 5085000000, 1000000.00, 20, -62.89, -63.41, -68.10, -66.35, -70.54
2026-09-04, 15:01:04.101343, 5090000000, 5095000000, 1000000.00, 20, -73.87, -70.14, -66.99, -63.59, -68.68
2026-09-04, 15:01:04.101343, 5085000000, 5090000000, 1000000.00, 20, -66.21, -59.10, -54.34, -57.06, -58.30
2026-09-04, 15:01:04.101343, 5095000000, 5100000000, 1000000.00, 20, -70.56, -74.10, -66.47, -67.29, -57.16
2026-09-04, 15:01:04.101343, 5100000000, 5105000000, 1000000.00, 20, -56.61, -61.68, -58.58, -56.07, -61.98
2026-09-04, 15:01:04.101343, 5110000000, 5115000000, 1000000.00, 20, -62.87, -62.88, -59.67, -63.24, -58.67
2026-09-04, 15:01:04.101343, 5105000000, 5110000000, 1000000.00, 20, -60.38, -61.16, -65.63, -63.07, -56.34
2026-09-04, 15:01:04.101343, 5115000000, 5120000000, 1000000.00, 20, -60.88, -58.22, -59.42, -62.96, -58.44
2026-09-04, 15:01:04.101343, 5120000000, 5125000000, 1000000.00, 20, -65.41, -65.57, -57.28, -58.75, -60.91
2026-09-04, 15:01:04.101343, 5130000000, 5135000000, 1000000.00, 20, -65.97, -57.79, -62.33, -71.42, -59.17
2026-09-04, 15:01:04.101343, 5125000000, 5130000000, 1000000.00, 20, -61.13, -67.78, -66.60, -55.83, -59.81
2026-09-04, 15:01:04.101343, 5135000000, 5140000000, 1000000.00, 20, -59.96, -58.69, -59.10, -61.86, -64.47
2026-09-04, 15:01:04.120985, 5140000000, 5145000000, 1000000.00, 20, -62.75, -63.03, -63.44, -58.87, -56.41
2026-09-04, 15:01:04.120985, 5150000000, 5155000000, 1000000.00, 20, -69.00, -71.36, -62.95, -60.27, -65.33
2026-09-04, 15:01:04.120985, 5145000000, 5150000000, 1000000.00, 20, -60.03, -58.84, -63.63, -64.51, -57.04
2026-09-04, 15:01:04.120985, 5155000000, 5160000000, 1000000.00, 20, -64.06, -65.88, -55.96, -60.46, -58.28
2026-09-04, 15:01:04.120985, 5160000000, 5165000000, 1000000.00, 20, -56.28, -57.61, -61.29, -68.62, -94.58
2026-09-04, 15:01:04.120985, 5170000000, 5175000000, 1000000.00, 20, -61.90, -67.38, -60.92, -58.22, -62.98
2026-09-04, 15:01:04.120985, 5165000000, 5170000000, 1000000.00, 20, -57.28, -67.81, -61.20, -54.31, -54.59
2026-09-04, 15:01:04.120985, 5175000000, 5180000000, 1000000.00, 20, -57.97, -61.06, -67.12, -56.82, -54.45
2026-09-04, 15:01:04.120985, 5180000000, 5185000000, 1000000.00, 20, -65.63, -66.34, -68.09, -72.98, -59.67
2026-09-04, 15:01:04.120985, 5190000000, 5195000000, 1000000.00, 20, -58.90, -65.21, -61.54, -64.43, -55.25
2026-09-04, 15:01:04.120985, 5185000000, 5190000000, 1000000.00, 20, -96.86, -67.06, -60.18, -60.64, -58.87
2026-09-04, 15:01:04.120985, 5195000000, 5200000000, 1000000.00, 20, -71.12, -68.72, -63.02, -64.00, -61.49
2026-09-04, 15:01:04.120985, 5200000000, 5205000000, 1000000.00, 20, -60.76, -61.81, -69.05, -64.14, -62.75
2026-09-04, 15:01:04.120985, 5210000000, 5215000000, 1000000.00, 20, -65.02, -79.00, -74.72, -69.95, -66.34
2026-09-04, 15:01:04.120985, 5205000000, 5210000000, 1000000.00, 20, -55.85, -64.58, -64.78, -58.22, -63.23
2026-09-04, 15:01:04.120985, 5215000000, 5220000000, 1000000.00, 20, -65.43, -67.91, -66.86, -56.41, -56.42
2026-09-04, 15:01:04.120985, 5220000000, 5225000000, 1000000.00, 20, -57.74, -59.57, -63.68, -65.98, -63.55
2026-09-04, 15:01:04.120985, 5230000000, 5235000000, 1000000.00, 20, -68.20, -68.22, -65.13, -60.61, -63.07
2026-09-04, 15:01:04.120985, 5225000000, 5230000000, 1000000.00, 20, -61.51, -77.40, -68.08, -68.86, -65.13
2026-09-04, 15:01:04.120985, 5235000000, 5240000000, 1000000.00, 20, -60.43, -62.83, -71.81, -63.65, -63.94
2026-09-04, 15:01:04.120985, 5240000000, 5245000000, 1000000.00, 20, -61.09, -56.14, -52.31, -54.44, -58.17
2026-09-04, 15:01:04.120985, 5250000000, 5255000000, 1000000.00, 20, -62.45, -61.24, -66.03, -73.96, -62.81
2026-09-04, 15:01:04.120985, 5245000000, 5250000000, 1000000.00, 20, -69.75, -61.31, -69.14, -69.79, -71.14
2026-09-04, 15:01:04.120985, 5255000000, 5260000000, 1000000.00, 20, -72.78, -69.06, -59.84, -57.50, -63.31
2026-09-04, 15:01:04.120985, 5260000000, 5265000000, 1000000.00, 20, -59.18, -59.79, -61.98, -75.19, -67.40
2026-09-04, 15:01:04.120985, 5270000000, 5275000000, 1000000.00, 20, -56.92, -60.42, -59.86, -59.97, -60.48
2026-09-04, 15:01:04.120985, 5265000000, 5270000000, 1000000.00, 20, -52.93, -57.48, -62.33, -60.31, -60.27
2026-09-04, 15:01:04.120985, 5275000000, 5280000000, 1000000.00, 20, -64.09, -61.12, -62.14, -59.91, -60.97
2026-09-04, 15:01:04.120985, 5280000000, 5285000000, 1000000.00, 20, -58.95, -65.26, -61.99, -57.87, -60.33
2026-09-04, 15:01:04.120985, 5290000000, 5295000000, 1000000.00, 20, -59.27, -63.58, -60.00, -63.81, -69.16
2026-09-04, 15:01:04.120985, 5285000000, 5290000000, 1000000.00, 20, -67.72, -64.33, -59.70, -54.41, -55.14
2026-09-04, 15:01:04.120985, 5295000000, 5300000000, 1000000.00, 20, -72.02, -71.75, -68.13, -76.11, -67.35
2026-09-04, 15:01:04.140602, 5300000000, 5305000000, 1000000.00, 20, -72.20, -85.17, -67.10, -62.97, -61.02
2026-09-04, 15:01:04.140602, 5310000000, 5315000000, 1000000.00, 20, -63.32, -63.45, -68.16, -63.51, -55.94
2026-09-04, 15:01:04.140602, 5305000000, 5310000000, 1000000.00, 20, -62.06, -72.87, -59.27, -57.40, -63.23
2026-09-04, 15:01:04.140602, 5315000000, 5320000000, 1000000.00, 20, -58.42, -64.74, -67.65, -71.71, -80.67
2026-09-04, 15:01:04.140602, 5320000000, 5325000000, 1000000.00, 20, -65.31, -60.27, -61.30, -68.44, -67.93
2026-09-04, 15:01:04.140602, 5330000000, 5335000000, 1000000.00, 20, -66.06, -59.61, -60.58, -59.78, -59.98
2026-09-04, 15:01:04.140602, 5325000000, 5330000000, 1000000.00, 20, -64.56, -62.91, -60.67, -87.55, -67.10
2026-09-04, 15:01:04.140602, 5335000000, 5340000000, 1000000.00, 20, -75.01, -69.58, -59.42, -56.34, -61.16
2026-09-04, 15:01:04.140602, 5340000000, 5345000000, 1000000.00, 20, -61.56, -60.52, -55.36, -55.11, -60.51
2026-09-04, 15:01:04.140602, 5350000000, 5355000000, 1000000.00, 20, -63.91, -63.00, -60.93, -62.56, -59.25
2026-09-04, 15:01:04.140602, 5345000000, 5350000000, 1000000.00, 20, -56.64, -56.27, -59.71, -60.88, -68.81
2026-09-04, 15:01:04.140602, 5355000000, 5360000000, 1000000.00, 20, -71.04, -72.55, -65.68, -68.11, -64.17
2026-09-04, 15:01:04.140602, 5360000000, 5365000000, 1000000.00, 20, -66.53, -61.95, -58.66, -67.94, -63.03
2026-09-04, 15:01:04.140602, 5370000000, 5375000000, 1000000.00, 20, -60.56, -62.43, -62.09, -64.74, -63.23
2026-09-04, 15:01:04.140602, 5365000000, 5370000000, 1000000.00, 20, -68.40, -56.47, -57.57, -71.10, -66.15
2026-09-04, 15:01:04.140602, 5375000000, 5380000000, 1000000.00, 20, -63.86, -65.56, -64.50, -67.71, -71.37
2026-09-04, 15:01:04.140602, 5380000000, 5385000000, 1000000.00, 20, -60.94, -67.49, -60.41, -58.40, -70.18
2026-09-04, 15:01:04.140602, 5390000000, 5395000000, 1000000.00, 20, -62.48, -70.90, -76.08, -61.69, -58.85
2026-09-04, 15:01:04.140602, 5385000000, 5390000000, 1000000.00, 20, -63.13, -70.59, -66.54, -63.41, -65.35
2026-09-04, 15:01:04.140602, 5395000000, 5400000000, 1000000.00, 20, -66.24, -59.09, -57.50, -68.12, -72.60
2026-09-04, 15:01:04.140602, 5400000000, 5405000000, 1000000.00, 20, -55.15, -58.14, -76.53, -57.91, -58.47
2026-09-04, 15:01:04.140602, 5410000000, 5415000000, 1000000.00, 20, -63.03, -60.61, -65.23, -72.78, -73.91
2026-09-04, 15:01:04.140602, 5405000000, 5410000000, 1000000.00, 20, -55.24, -59.96, -63.44, -68.09, -62.25
2026-09-04, 15:01:04.140602, 5415000000, 5420000000, 1000000.00, 20, -61.04, -61.50, -60.44, -67.54, -72.97
2026-09-04, 15:01:04.140602, 5420000000, 5425000000, 1000000.00, 20, -61.34, -58.71, -61.47, -62.00, -65.05
2026-09-04, 15:01:04.140602, 5430000000, 5435000000, 1000000.00, 20, -63.68, -65.01, -63.87, -59.84, -59.70
2026-09-04, 15:01:04.140602, 5425000000, 5430000000, 1000000.00, 20, -65.45, -59.05, -64.90, -66.01, -59.08
2026-09-04, 15:01:04.140602, 5435000000, 5440000000, 1000000.00, 20, -62.86, -68.50, -66.12, -63.05, -65.21
2026-09-04, 15:01:04.140602, 5440000000, 5445000000, 1000000.00, 20, -58.30, -55.08, -56.75, -65.73, -66.81
2026-09-04, 15:01:04.140602, 5450000000, 5455000000, 1000000.00, 20, -65.10, -62.50, -64.52, -55.90, -59.93
2026-09-04, 15:01:04.140602, 5445000000, 5450000000, 1000000.00, 20, -62.91, -64.14, -67.68, -65.89, -59.88
2026-09-04, 15:01:04.140602, 5455000000, 5460000000, 1000000.00, 20, -64.54, -65.46, -61.79, -63.71, -71.20
2026-09-04, 15:01:04.160278, 5460000000, 5465000000, 1000000.00, 20, -56.71, -56.22, -60.95, -68.43, -58.90
2026-09-04, 15:01:04.160278, 5470000000, 5475000000, 1000000.00, 20, -66.60, -61.85, -59.48, -68.78, -71.42
2026-09-04, 15:01:04.160278, 5465000000, 5470000000, 1000000.00, 20, -65.97, -71.95, -70.57, -69.75, -63.69
2026-09-04, 15:01:04.160278, 5475000000, 5480000000, 1000000.00, 20, -72.40, -65.10, -59.69, -63.50, -71.08
2026-09-04, 15:01:04.160278, 5480000000, 5485000000, 1000000.00, 20, -58.35, -54.17, -58.20, -85.29, -68.45
2026-09-04, 15:01:04.160278, 5490000000, 5495000000, 1000000.00, 20, -68.49, -66.06, -69.46, -71.28, -60.41
2026-09-04, 15:01:04.160278, 5485000000, 5490000000, 1000000.00, 20, -60.93, -63.64, -72.62, -70.46, -66.04
2026-09-04, 15:01:04.160278, 5495000000, 5500000000, 1000000.00, 20, -65.04, -58.19, -55.07, -69.23, -61.62
2026-09-04, 15:01:04.160278, 5500000000, 5505000000, 1000000.00, 20, -65.69, -59.59, -60.78, -69.93, -63.37
2026-09-04, 15:01:04.160278, 5510000000, 5515000000, 1000000.00, 20, -55.55, -57.01, -62.28, -69.64, -63.92
2026-09-04, 15:01:04.160278, 5505000000, 5510000000, 1000000.00, 20, -58.56, -61.51, -63.68, -69.67, -65.69
2026-09-04, 15:01:04.160278, 5515000000, 5520000000, 1000000.00, 20, -63.46, -63.97, -67.12, -72.73, -62.65
2026-09-04, 15:01:04.160278, 5520000000, 5525000000, 1000000.00, 20, -57.18, -59.08, -66.25, -69.09, -64.64
2026-09-04, 15:01:04.160278, 5530000000, 5535000000, 1000000.00, 20, -61.12, -58.58, -61.54, -72.91, -82.70
2026-09-04, 15:01:04.160278, 5525000000, 5530000000, 1000000.00, 20, -82.42, -61.11, -57.64, -60.92, -65.64
2026-09-04, 15:01:04.160278, 5535000000, 5540000000, 1000000.00, 20, -63.07, -63.04, -61.15, -70.97, -57.81
2026-09-04, 15:01:04.160278, 5540000000, 5545000000, 1000000.00, 20, -62.33, -58.34, -61.67, -65.44, -73.07
2026-09-04, 15:01:04.160278, 5550000000, 5555000000, 1000000.00, 20, -66.09, -62.37, -62.09, -75.84, -62.03
2026-09-04, 15:01:04.160278, 5545000000, 5550000000, 1000000.00, 20, -56.18, -60.43, -60.46, -63.57, -65.90
2026-09-04, 15:01:04.160278, 5555000000, 5560000000, 1000000.00, 20, -76.15, -58.53, -57.71, -60.13, -56.45
2026-09-04, 15:01:04.160278, 5560000000, 5565000000, 1000000.00, 20, -64.35, -61.13, -59.85, -59.20, -61.45
2026-09-04, 15:01:04.160278, 5570000000, 5575000000, 1000000.00, 20, -58.11, -58.44, -57.81, -63.34, -64.40
2026-09-04, 15:01:04.160278, 5565000000, 5570000000, 1000000.00, 20, -59.88, -66.67, -60.96, -61.76, -62.07
2026-09-04, 15:01:04.160278, 5575000000, 5580000000, 1000000.00, 20, -65.66, -63.88, -56.09, -54.63, -62.18
2026-09-04, 15:01:04.160278, 5580000000, 5585000000, 1000000.00, 20, -64.14, -62.65, -62.10, -56.14, -58.16
2026-09-04, 15:01:04.160278, 5590000000, 5595000000, 1000000.00, 20, -61.10, -67.19, -67.94, -63.76, -68.42
2026-09-04, 15:01:04.160278, 5585000000, 5590000000, 1000000.00, 20, -61.25, -56.70, -54.63, -55.77, -55.88
2026-09-04, 15:01:04.160278, 5595000000, 5600000000, 1000000.00, 20, -65.65, -64.52, -60.56, -62.45, -64.02
2026-09-04, 15:01:04.160278, 5600000000, 5605000000, 1000000.00, 20, -60.93, -85.46, -62.38, -63.58, -57.92
2026-09-04, 15:01:04.160278, 5610000000, 5615000000, 1000000.00, 20, -65.35, -65.07, -62.17, -59.01, -66.13
2026-09-04, 15:01:04.160278, 5605000000, 5610000000, 1000000.00, 20, -59.99, -63.03, -59.24, -57.09, -56.96
2026-09-04, 15:01:04.160278, 5615000000, 5620000000, 1000000.00, 20, -58.98, -62.84, -65.76, -56.75, -58.35
2026-09-04, 15:01:04.179947, 5620000000, 5625000000, 1000000.00, 20, -63.74, -65.05, -66.38, -59.46, -59.98
2026-09-04, 15:01:04.179947, 5630000000, 5635000000, 1000000.00, 20, -63.55, -60.07, -57.99, -61.89, -66.20
2026-09-04, 15:01:04.179947, 5625000000, 5630000000, 1000000.00, 20, -69.10, -64.34, -60.42, -62.31, -70.99
2026-09-04, 15:01:04.179947, 5635000000, 5640000000, 1000000.00, 20, -62.23, -60.71, -59.60, -70.37, -64.94
2026-09-04, 15:01:04.179947, 5640000000, 5645000000, 1000000.00, 20, -64.55, -60.98, -60.68, -61.97, -69.66
2026-09-04, 15:01:04.179947, 5650000000, 5655000000, 1000000.00, 20, -58.99, -59.88, -63.80, -62.96, -64.18
2026-09-04, 15:01:04.179947, 5645000000, 5650000000, 1000000.00, 20, -59.52, -59.69, -62.03, -59.52, -65.03
2026-09-04, 15:01:04.179947, 5655000000, 5660000000, 1000000.00, 20, -60.44, -60.09, -70.91, -64.52, -67.38
2026-09-04, 15:01:04.179947, 5660000000, 5665000000, 1000000.00, 20, -59.87, -60.87, -64.23, -63.84, -68.89
2026-09-04, 15:01:04.179947, 5670000000, 5675000000, 1000000.00, 20, -65.91, -62.79, -65.79, -58.89, -59.25
2026-09-04, 15:01:04.179947, 5665000000, 5670000000, 1000000.00, 20, -63.95, -61.26, -60.27, -58.16, -61.87
2026-09-04, 15:01:04.179947, 5675000000, 5680000000, 1000000.00, 20, -65.25, -58.53, -65.76, -65.39, -67.14
2026-09-04, 15:01:04.179947, 5680000000, 5685000000, 1000000.00, 20, -63.65, -60.38, -62.87, -67.50, -64.80
2026-09-04, 15:01:04.179947, 5690000000, 5695000000, 1000000.00, 20, -55.67, -56.43, -57.62, -60.41, -65.20
2026-09-04, 15:01:04.179947, 5685000000, 5690000000, 1000000.00, 20, -60.27, -63.60, -69.02, -77.03, -63.75
2026-09-04, 15:01:04.179947, 5695000000, 5700000000, 1000000.00, 20, -72.98, -66.54, -59.28, -61.34, -64.97
2026-09-04, 15:01:04.179947, 5700000000, 5705000000, 1000000.00, 20, -57.45, -60.57, -58.90, -59.36, -55.01
2026-09-04, 15:01:04.179947, 5710000000, 5715000000, 1000000.00, 20, -63.14, -65.12, -68.26, -59.92, -53.52
2026-09-04, 15:01:04.179947, 5705000000, 5710000000, 1000000.00, 20, -58.95, -63.13, -64.91, -62.82, -62.91
2026-09-04, 15:01:04.179947, 5715000000, 5720000000, 1000000.00, 20, -62.28, -61.33, -68.61, -60.96, -60.02
2026-09-04, 15:01:04.179947, 5720000000, 5725000000, 1000000.00, 20, -60.78, -64.59, -67.29, -63.20, -66.41
2026-09-04, 15:01:04.179947, 5730000000, 5735000000, 1000000.00, 20, -59.09, -61.14, -67.71, -59.27, -63.12
2026-09-04, 15:01:04.179947, 5725000000, 5730000000, 1000000.00, 20, -63.87, -69.11, -65.50, -65.57, -72.83
2026-09-04, 15:01:04.179947, 5735000000, 5740000000, 1000000.00, 20, -61.48, -59.76, -60.10, -59.66, -58.03
2026-09-04, 15:01:04.179947, 5740000000, 5745000000, 1000000.00, 20, -54.64, -55.03, -58.24, -60.10, -63.46
2026-09-04, 15:01:04.179947, 5750000000, 5755000000, 1000000.00, 20, -61.63, -61.41, -66.76, -65.57, -58.52
2026-09-04, 15:01:04.179947, 5745000000, 5750000000, 1000000.00, 20, -56.76, -58.42, -67.54, -66.23, -72.30
2026-09-04, 15:01:04.179947, 5755000000, 5760000000, 1000000.00, 20, -56.57, -59.65, -59.29, -64.92, -63.65
2026-09-04, 15:01:04.179947, 5760000000, 5765000000, 1000000.00, 20, -67.48, -63.82, -68.20, -64.91, -60.13
2026-09-04, 15:01:04.179947, 5770000000, 5775000000, 1000000.00, 20, -65.57, -76.55, -56.85, -56.63, -66.03
2026-09-04, 15:01:04.179947, 5765000000, 5770000000, 1000000.00, 20, -57.92, -70.38, -80.40, -72.36, -73.69
2026-09-04, 15:01:04.179947, 5775000000, 5780000000, 1000000.00, 20, -62.09, -66.99, -60.90, -59.84, -59.45
2026-09-04, 15:01:04.199592, 5780000000, 5785000000, 1000000.00, 20, -74.62, -68.81, -66.54, -59.76, -60.03
2026-09-04, 15:01:04.199592, 5790000000, 5795000000, 1000000.00, 20, -61.58, -65.05, -70.15, -59.69, -57.51
2026-09-04, 15:01:04.199592, 5785000000, 5790000000, 1000000.00, 20, -78.92, -61.47, -61.71, -68.41, -59.42
2026-09-04, 15:01:04.199592, 5795000000, 5800000000, 1000000.00, 20, -62.27, -62.50, -65.74, -65.84, -62.86
2026-09-04, 15:01:04.199592, 5800000000, 5805000000, 1000000.00, 20, -60.57, -63.82, -63.48, -60.72, -62.34
2026-09-04, 15:01:04.199592, 5810000000, 5815000000, 1000000.00, 20, -71.79, -67.73, -67.23, -61.86, -64.28
2026-09-04, 15:01:04.199592, 5805000000, 5810000000, 1000000.00, 20, -57.39, -60.34, -67.66, -66.85, -72.11
2026-09-04, 15:01:04.199592, 5815000000, 5820000000, 1000000.00, 20, -61.88, -63.96, -67.62, -65.87, -64.73
2026-09-04, 15:01:04.199592, 5820000000, 5825000000, 1000000.00, 20, -56.33, -54.96, -52.20, -50.79, -54.46
2026-09-04, 15:01:04.199592, 5830000000, 5835000000, 1000000.00, 20, -65.99, -67.62, -63.94, -60.50, -62.72
2026-09-04, 15:01:04.199592, 5825000000, 5830000000, 1000000.00, 20, -63.17, -62.66, -63.87, -65.32, -67.88
2026-09-04, 15:01:04.199592, 5835000000, 5840000000, 1000000.00, 20, -68.32, -67.35, -61.46, -61.72, -66.11
2026-09-04, 15:01:04.199592, 5840000000, 5845000000, 1000000.00, 20, -69.29, -61.21, -61.04, -62.88, -65.61
2026-09-04, 15:01:04.199592, 5850000000, 5855000000, 1000000.00, 20, -60.28, -59.19, -63.65, -66.72, -71.66
2026-09-04, 15:01:04.199592, 5845000000, 5850000000, 1000000.00, 20, -68.86, -64.37, -56.20, -56.66, -64.35
2026-09-04, 15:01:04.199592, 5855000000, 5860000000, 1000000.00, 20, -57.17, -65.75, -60.33, -64.38, -54.99
2026-09-04, 15:01:04.199592, 5860000000, 5865000000, 1000000.00, 20, -61.49, -62.37, -61.67, -64.06, -68.10
2026-09-04, 15:01:04.199592, 5870000000, 5875000000, 1000000.00, 20, -64.84, -59.40, -59.85, -64.04, -59.16
2026-09-04, 15:01:04.199592, 5865000000, 5870000000, 1000000.00, 20, -57.62, -59.80, -68.01, -69.83, -62.68
2026-09-04, 15:01:04.199592, 5875000000, 5880000000, 1000000.00, 20, -61.38, -57.82, -61.18, -64.56, -62.94
2026-09-04, 15:01:04.199592, 5880000000, 5885000000, 1000000.00, 20, -62.27, -61.49, -61.63, -64.96, -77.21
2026-09-04, 15:01:04.199592, 5890000000, 5895000000, 1000000.00, 20, -64.35, -61.51, -62.10, -63.65, -65.31
2026-09-04, 15:01:04.199592, 5885000000, 5890000000, 1000000.00, 20, -57.11, -69.09, -63.19, -68.06, -64.08
2026-09-04, 15:01:04.199592, 5895000000, 5900000000, 1000000.00, 20, -66.38, -67.84, -69.97, -58.93, -61.58
2026-09-04, 15:01:04.199592, 5900000000, 5905000000, 1000000.00, 20, -64.35, -56.89, -57.38, -69.53, -61.53
2026-09-04, 15:01:04.199592, 5910000000, 5915000000, 1000000.00, 20, -62.61, -63.81, -63.37, -59.14, -72.22
2026-09-04, 15:01:04.199592, 5905000000, 5910000000, 1000000.00, 20, -63.83, -59.01, -60.56, -69.00, -58.88
2026-09-04, 15:01:04.199592, 5915000000, 5920000000, 1000000.00, 20, -63.75, -75.06, -64.64, -59.65, -59.87
2026-09-04, 15:01:04.199592, 5920000000, 5925000000, 1000000.00, 20, -59.93, -68.30, -64.33, -60.68, -61.17
2026-09-04, 15:01:04.199592, 5930000000, 5935000000, 1000000.00, 20, -57.43, -61.75, -70.78, -66.48, -59.30
2026-09-04, 15:01:04.199592, 5925000000, 5930000000, 1000000.00, 20, -54.83, -63.81, -73.09, -77.24, -58.30
2026-09-04, 15:01:04.199592, 5935000000, 5940000000, 1000000.00, 20, -57.75, -57.73, -56.90, -61.42, -70.81
2026-09-04, 15:01:04.219331, 5940000000, 5945000000, 1000000.00, 20, -56.84, -58.07, -58.13, -65.14, -61.60
2026-09-04, 15:01:04.219331, 5950000000, 5955000000, 1000000.00, 20, -58.93, -58.76, -66.28, -63.70, -57.16
2026-09-04, 15:01:04.219331, 5945000000, 5950000000, 1000000.00, 20, -61.37, -55.11, -55.02, -61.21, -67.18
2026-09-04, 15:01:04.219331, 5955000000, 5960000000, 1000000.00, 20, -64.85, -60.53, -66.35, -69.27, -69.42
2026-09-04, 15:01:04.219331, 5960000000, 5965000000, 1000000.00, 20, -66.58, -63.94, -60.81, -62.24, -61.47
2026-09-04, 15:01:04.219331, 5970000000, 5975000000, 1000000.00, 20, -75.43, -64.30, -66.86, -64.63, -65.78
2026-09-04, 15:01:04.219331, 5965000000, 5970000000, 1000000.00, 20, -62.36, -67.84, -66.12, -63.33, -66.88
2026-09-04, 15:01:04.219331, 5975000000, 5980000000, 1000000.00, 20, -65.85, -63.85, -65.44, -67.24, -62.73
2026-09-04, 15:01:04.219331, 5980000000, 5985000000, 1000000.00, 20, -71.03, -64.19, -59.86, -63.15, -65.22
2026-09-04, 15:01:04.219331, 5990000000, 5995000000, 1000000.00, 20, -63.30, -68.82, -64.98, -54.83, -54.08
2026-09-04, 15:01:04.219331, 5985000000, 5990000000, 1000000.00, 20, -70.09, -59.59, -60.13, -60.37, -73.48
2026-09-04, 15:01:04.219331, 5995000000, 6000000000, 1000000.00, 20, -70.51, -66.87, -60.81, -56.28, -60.55
