0000000000000000
0000000000000000
0000000000000000
0000000000000000
0000000000000000
0000000000000000
0000000000000000
0000000000000000
0000000000000000
0000000000000000
0000000000000000
0000000000000000
0000000000000000
0000000000000000
0000000000000000
0000000000000000
0000000000000000
0000000000000000
0000000000000000
0000000000000000
0000000000000000
0000000000000000
0000000000000000
0000000000000000
0000000000000000
0000000000000000
0000000000000000
0000000000000000
0000000000000000
0000000000000000
0000000000000000
0000000000000000
0000000000000000
0000000000000000
0000000000000000
0000000000000000
0000000000000000
0000000000000000
0000000000000000
0000000000000000
0000000000000000
0000000000000000
0000000000000000
0000000000000000
0000000000000000
0000000000000000
0000000000000000
0000000000000000
0000000000000000
0000000000000000
0000000000000000
0000000000000000
0000000000000000
0000000000000000
0000000000000000
0000000000000000
0000000000000000
0000000000000000
0000000000000000
0000000000000000
0000000000000000
0000000000000000
0000000000000000
0000000000000000
0000000000000000
0000000000000000
0000000000000000
0000000000000000
0000000000000000
0000000000000000
0000000000000000
0000000000000000
0000000000000000
0000000000000000
0000000000000000
0000000000000000
0000000000000000
0000000000000000
0000000000000000
0000000000000000
0000000000000000
0000000000000000
0000000000000000
0000000000000000
0000000000000000
0000000000000000
0000000000000000
0000000000000000
0000000000000000
0000000000000000
0000000000000000
0000000000000000
0000000000000000
0000000000000000
0000000000000000
0000000000000000
0000000000000000
0000000000000000
0000000000000000
0000000000000000
0000000000000000
0000000000000000
0000000000000000
0000000000000000
0000000000000000
0000000000000000
0000000000000000
0000000000000000
0000000000000000
0000000000000000
0000000000000000
0000000000000000
0000000000000000
0000000000000000
0000000000000000
0000000000000000
0000000000000000
0000000000000000
0000000000000000
0000000000000000
0000000000000000
0000000000000000
0000000000000000
0000000000000000
0000000000000000
0000000000000000
0000000000000000
0000000000000000
0000000000000000
0000000000000000
0000000000000000
0000000000000000
0000000000000000
0000000000000000
0000000000000000
0000000000000000
0000000000000000
0000000000000000
0000000000000000
0000000000000000
0000000000000000
0000000000000000
0000000000000000
0000000000000000
0000000000000000
0000000000000000
0000000000000000
0000000000000000
0000000000000000
0000000000000000
0000000000000000
0000000000000000
0000000000000000
0000000000000000
0000000000000000
0000000000000000
0000000000000000
0000000000000000
0000000000000000
0000000000000000
0000000000000000
0000000000000000
0000000000000000
0000000000000000
0000000000000000
0000000000000000
0000000000000000
0000000000000000
0000000000000000
0000000000000000
0000000000000000
0000000000000000
0000000000000000
0000000000000000
0000000000000000
0000000000000000
0000000000000000
0000000000000000
0000000000000000
0000000000000000
0000000000000000
0000000000000000
0000000000000000
0000000000000000
0000000000000000
0000000000000000
0000000000000000
0000000000000000
0000000000000000
0000000000000000
0000000000000000
0000000000000000
0000000000000000
0000000000000000
0000000000000000
0000000000000000
0000000000000000
0000000000000000
0000000000000000
0000000000000000
0000000000000000
0000000000000000
0000000000000000
0000000000000000
0000000000000000
0000000000000000
0000000000000000
0000000000000000
0000000000000000
0000000000000000
0000000000000000
0000000000000000
0000000000000000
0000000000000000
0000000000000000
0000000000000000
0000000000000000
0000000000000000
0000000000000000
0000000000000000
0000000000000000
0000000000000000
0000000000000000
0000000000000000
0000000000000000
0000000000000000
0000000000000000
0000000000000000
0000000000000000
0000000000000000
0000000000000000
0000000000000000
0000000000000000
0000000000000000
0000000000000000
0000000000000000
0000000000000000
0000000000000000
0000000000000000
0000000000000000
0000000000000000
0000000000000000
0000000000000000
0000000000000000
0000000000000000
0000000000000000
0000000000000000
0000000000000000
0000000000000000
0000000000000000
0000000000000000
0000000000000000
0000000000000000
0000000000000000
0000000000000000
0000000000000000
0000000000000000
0000000000000000
0000000000000000
0000000000000000
0000000000000000
0000000000000000
0000000000000000
0000000000000000
0000000000000000
0000000000000000
0000000000000000
0000000000000000
0000000000000000
0000000000000000
0000000000000000
0000000000000000
0000000000000000
0000000000000000
0000000000000000
0000000000000000
0000000000000000
0000000000000000
0000000000000000
0000000000000000
0000000000000000
0000000000000000
0000000000000000
0000000000000000
0000000000000000
0000000000000000
0000000000000000
0000000000000000
0000000000000000
0000000000000000
0000000000000000
0000000000000000
0000000000000000
0000000000000000
0000000000000000
0000000000000000
0000000000000000
0000000000000000
0000000000000000
0000000000000000
0000000000000000
0000000000000000
0000000000000000
0000000000000000
0000000000000000
0000000000000000
0000000000000000
0000000000000000
0000000000000000
0000000000000000
0000000000000000
0000000000000000
0000000000000000
0000000000000000
0000000000000000
0000000000000000
0000000000000000
0000000000000000
0000000000000000
0000000000000000
0000000000000000
0000000000000000
0000000000000000
0000000000000000
0000000000000000
0000000000000000
0000000000000000
0000000000000000
0000000000000000
0000000000000000
0000000000000000
0000000000000000
0000000000000000
0000000000000000
0000000000000000
0000000000000000
0000000000000000
0000000000000000
0000000000000000
0000000000000000
0000000000000000
0000000000000000
0000000000000000
0000000000000000
0000000000000000
0000000000000000
0000000000000000
0000000000000000
0000000000000000
0000000000000000
0000000000000000
0000000000000000
0000000000000000
0000000000000000
0000000000000000
0000000000000000
0000000000000000
0000000000000000
0000000000000000
0000000000000000
0000000000000000
0000000000000000
0000000000000000
0000000000000000
0000000000000000
0000000000000000
0000000000000000
0000000000000000
0000000000000000
0000000000000000
0000000000000000
0000000000000000
0000000000000000
0000000000000000
0000000000000000
0000000000000000
0000000000000000
0000000000000000
0000000000000000
0000000000000000
0000000000000000
0000000000000000
0000000000000000
0000000000000000
0000000000000000
0000000000000000
0000000000000000
0000000000000000
0000000000000000
0000000000000000
0000000000000000
0000000000000000
0000000000000000
0000000000000000
0000000000000000
0000000000000000
0000000000000000
0000000000000000
0000000000000000
0000000000000000
0000000000000000
0000000000000000
0000000000000000
0000000000000000
0000000000000000
0000000000000000
0000000000000000
0000000000000000
0000000000000000
0000000000000000
0000000000000000
0000000000000000
0000000000000000
0000000000000000
0000000000000000
0000000000000000
0000000000000000
0000000000000000
0000000000000000
0000000000000000
0000000000000000
0000000000000000
0000000000000000
0000000000000000
0000000000000000
0000000000000000
0000000000000000
0000000000000000
0000000000000000
0000000000000000
0000000000000000
0000000000000000
0000000000000000
0000000000000000
0000000000000000
0000000000000000
0000000000000000
0000000000000000
0000000000000000
0000000000000000
0000000000000000
0000000000000000
0000000000000000
0000000000000000
0000000000000000
0000000000000000
0000000000000000
0000000000000000
0000000000000000
0000000000000000
0000000000000000
0000000000000000
0000000000000000
0000000000000000
0000000000000000
0000000000000000
0000000000000000
0000000000000000
0000000000000000
0000000000000000
0000000000000000
0000000000000000
0000000000000000
0000000000000000
0000000000000000
0000000000000000
0000000000000000
0000000000000000
0000000000000000
0000000000000000
0000000000000000
0000000000000000
0000000000000000
0000000000000000
0000000000000000
0000000000000000
0000000000000000
0000000000000000
0000000000000000
0000000000000000
0000000000000000
0000000000000000
0000000000000000
0000000000000000
0000000000000000
0000000000000000
0000000000000000
0000000000000000
0000000000000000
0000000000000000
0000000000000000
0000000000000000
0000000000000000
0000000000000000
0000000000000000
0000000000000000
0000000000000000
0000000000000000
0000000000000000
0000000000000000
0000000000000000
0000000000000000
0000000000000000
0000000000000000
0000000000000000
0000000000000000
0000000000000000
0000000000000000
0000000000000000
0000000000000000
0000000000000000
0000000000000000
0000000000000000
0000000000000000
0000000000000000
0000000000000000
0000000000000000
0000000000000000
0000000000000000
0000000000000000
0000000000000000
0000000000000000
0000000000000000
0000000000000000
0000000000000000
0000000000000000
0000000000000000
0000000000000000
0000000000000000
0000000000000000
0000000000000000
0000000000000000
0000000000000000
0000000000000000
0000000000000000
0000000000000000
0000000000000000
0000000000000000
0000000000000000
0000000000000000
0000000000000000
0000000000000000
0000000000000000
0000000000000000
0000000000000000
0000000000000000
0000000000000000
0000000000000000
0000000000000000
0000000000000000
0000000000000000
0000000000000000
0000000000000000
0000000000000000
0000000000000000
0000000000000000
0000000000000000
0000000000000000
0000000000000000
0000000000000000
0000000000000000
0000000000000000
0000000000000000
0000000000000000
0000000000000000
0000000000000000
0000000000000000
0000000000000000
0000000000000000
0000000000000000
0000000000000000
0000000000000000
0000000000000000
0000000000000000
0000000000000000
0000000000000000
0000000000000000
0000000000000000
0000000000000000
0000000000000000
0000000000000000
0000000000000000
0000000000000000
0000000000000000
0000000000000000
0000000000000000
0000000000000000
0000000000000000
0000000000000000
0000000000000000
0000000000000000
0000000000000000
0000000000000000
0000000000000000
0000000000000000
0000000000000000
0000000000000000
0000000000000000
0000000000000000
0000000000000000
0000000000000000
0000000000000000
0000000000000000
0000000000000000
0000000000000000
0000000000000000
0000000000000000
0000000000000000
0000000000000000
0000000000000000
0000000000000000
0000000000000000
0000000000000000
0000000000000000
0000000000000000
0000000000000000
0000000000000000
0000000000000000
0000000000000000
0000000000000000
0000000000000000
0000000000000000
0000000000000000
0000000000000000
0000000000000000
0000000000000000
0000000000000000
0000000000000000
0000000000000000
0000000000000000
0000000000000000
0000000000000000
0000000000000000
0000000000000000
0000000000000000
0000000000000000
0000000000000000
0000000000000000
0000000000000000
0000000000000000
0000000000000000
0000000000000000
0000000000000000
0000000000000000
0000000000000000
0000000000000000
0000000000000000
0000000000000000
0000000000000000
0000000000000000
0000000000000000
0000000000000000
0000000000000000
0000000000000000
0000000000000000
0000000000000000
0000000000000000
0000000000000000
0000000000000000
0000000000000000
0000000000000000
0000000000000000
0000000000000000
0000000000000000
0000000000000000
0000000000000000
0000000000000000
0000000000000000
0000000000000000
0000000000000000
0000000000000000
0000000000000000
0000000000000000
0000000000000000
0000000000000000
0000000000000000
0000000000000000
0000000000000000
0000000000000000
0000000000000000
0000000000000000
0000000000000000
0000000000000000
0000000000000000
0000000000000000
0000000000000000
0000000000000000
0000000000000000
0000000000000000
0000000000000000
0000000000000000
0000000000000000
0000000000000000
0000000000000000
0000000000000000
0000000000000000
0000000000000000
0000000000000000
0000000000000000
0000000000000000
0000000000000000
0000000000000000
0000000000000000
0000000000000000
0000000000000000
0000000000000000
0000000000000000
0000000000000000
0000000000000000
0000000000000000
0000000000000000
0000000000000000
0000000000000000
0000000000000000
0000000000000000
0000000000000000
0000000000000000
0000000000000000
0000000000000000
0000000000000000
0000000000000000
0000000000000000
0000000000000000
0000000000000000
0000000000000000
0000000000000000
0000000000000000
0000000000000000
0000000000000000
0000000000000000
0000000000000000
0000000000000000
0000000000000000
0000000000000000
0000000000000000
0000000000000000
0000000000000000
0000000000000000
0000000000000000
0000000000000000
0000000000000000
0000000000000000
0000000000000000
0000000000000000
0000000000000000
0000000000000000
0000000000000000
0000000000000000
0000000000000000
0000000000000000
0000000000000000
0000000000000000
0000000000000000
0000000000000000
0000000000000000
0000000000000000
0000000000000000
0000000000000000
0000000000000000
0000000000000000
0000000000000000
0000000000000000
0000000000000000
0000000000000000
0000000000000000
0000000000000000
0000000000000000
0000000000000000
0000000000000000
0000000000000000
0000000000000000
0000000000000000
0000000000000000
0000000000000000
0000000000000000
0000000000000000
0000000000000000
0000000000000000
0000000000000000
0000000000000000
0000000000000000
0000000000000000
0000000000000000
0000000000000000
0000000000000000
0000000000000000
0000000000000000
0000000000000000
0000000000000000
0000000000000000
0000000000000000
0000000000000000
0000000000000000
0000000000000000
0000000000000000
0000000000000000
0000000000000000
0000000000000000
0000000000000000
0000000000000000
0000000000000000
0000000000000000
0000000000000000
0000000000000000
0000000000000000
0000000000000000
0000000000000000
0000000000000000
0000000000000000
0000000000000000
0000000000000000
0000000000000000
0000000000000000
0000000000000000
0000000000000000
0000000000000000
0000000000000000
0000000000000000
0000000000000000
0000000000000000
0000000000000000
0000000000000000
0000000000000000
0000000000000000
0000000000000000
0000000000000000
0000000000000000
0000000000000000
0000000000000000
0000000000000000
0000000000000000
0000000000000000
0000000000000000
0000000000000000
0000000000000000
0000000000000000
0000000000000000
0000000000000000
0000000000000000
0000000000000000
0000000000000000
0000000000000000
0000000000000000
0000000000000000
0000000000000000
0000000000000000
0000000000000000
0000000000000000
0000000000000000
0000000000000000
0000000000000000
0000000000000000
0000000000000000
0000000000000000
0000000000000000
0000000000000000
0000000000000000
0000000000000000
0000000000000000
0000000000000000
0000000000000000
0000000000000000
0000000000000000
0000000000000000
0000000000000000
0000000000000000
0000000000000000
0000000000000000
0000000000000000
0000000000000000
0000000000000000
0000000000000000
0000000000000000
0000000000000000
0000000000000000
0000000000000000
0000000000000000
0000000000000000
0000000000000000
0000000000000000
0000000000000000
0000000000000000
0000000000000000
0000000000000000
0000000000000000
0000000000000000
0000000000000000
0000000000000000
0000000000000000
0000000000000000
0000000000000000
0000000000000000
0000000000000000
0000000000000000
0000000000000000
0000000000000000
0000000000000000
0000000000000000
0000000000000000
0000000000000000
0000000000000000
0000000000000000
0000000000000000
0000000000000000
0000000000000000
0000000000000000
0000000000000000
0000000000000000
0000000000000000
0000000000000000
0000000000000000
0000000000000000
0000000000000000
0000000000000000
0000000000000000
0000000000000000
0000000000000000
0000000000000000
0000000000000000
0000000000000000
0000000000000000
0000000000000000
0000000000000000
0000000000000000
0000000000000000
0000000000000000
0000000000000000
0000000000000000
0000000000000000
0000000000000000
0000000000000000
0000000000000000
0000000000000000
0000000000000000
0000000000000000
0000000000000000
0000000000000000
0000000000000000
0000000000000000
0000000000000000
0000000000000000
0000000000000000
0000000000000000
0000000000000000
0000000000000000
0000000000000000
0000000000000000
0000000000000000
0000000000000000
0000000000000000
0000000000000000
0000000000000000
0000000000000000
0000000000000000
0000000000000000
0000000000000000
0000000000000000
0000000000000000
0000000000000000
0000000000000000
0000000000000000
0000000000000000
0000000000000000
0000000000000000
0000000000000000
0000000000000000
0000000000000000
0000000000000000
0000000000000000
0000000000000000
0000000000000000
0000000000000000
0000000000000000
0000000000000000
0000000000000000
0000000000000000
0000000000000000
0000000000000000
0000000000000000
0000000000000000
0000000000000000
0000000000000000
0000000000000000
0000000000000000
0000000000000000
0000000000000000
0000000000000000
0000000000000000
0000000000000000
0000000000000000
0000000000000000
0000000000000000
0000000000000000
0000000000000000
0000000000000000
0000000000000000
0000000000000000
0000000000000000
0000000000000000
0000000000000000
0000000000000000
0000000000000000
0000000000000000
0000000000000000
0000000000000000
0000000000000000
0000000000000000
0000000000000000
0000000000000000
0000000000000000
0000000000000000
0000000000000000
0000000000000000
0000000000000000
0000000000000000
0000000000000000
0000000000000000
0000000000000000
0000000000000000
0000000000000000
0000000000000000
0000000000000000
0000000000000000
0000000000000000
0000000000000000
0000000000000000
0000000000000000
0000000000000000
0000000000000000
0000000000000000
0000000000000000
0000000000000000
0000000000000000
0000000000000000
0000000000000000
0000000000000000
0000000000000000
0000000000000000
0000000000000000
0000000000000000
0000000000000000
0000000000000000
0000000000000000
0000000000000000
0000000000000000
0000000000000000
0000000000000000
0000000000000000
0000000000000000
0000000000000000
0000000000000000
0000000000000000
0000000000000000
0000000000000000
0000000000000000
0000000000000000
0000000000000000
0000000000000000
0000000000000000
0000000000000000
0000000000000000
0000000000000000
0000000000000000
0000000000000000
0000000000000000
0000000000000000
0000000000000000
0000000000000000
0000000000000000
0000000000000000
0000000000000000
0000000000000000
0000000000000000
0000000000000000
0000000000000000
0000000000000000
0000000000000000
0000000000000000
0000000000000000
0000000000000000
0000000000000000
0000000000000000
0000000000000000
0000000000000000
0000000000000000
0000000000000000
0000000000000000
0000000000000000
0000000000000000
0000000000000000
0000000000000000
0000000000000000
0000000000000000
0000000000000000
0000000000000000
0000000000000000
0000000000000000
0000000000000000
0000000000000000
0000000000000000
0000000000000000
0000000000000000
0000000000000000
0000000000000000
0000000000000000
0000000000000000
0000000000000000
0000000000000000
0000000000000000
0000000000000000
0000000000000000
0000000000000000
0000000000000000
0000000000000000
0000000000000000
0000000000000000
0000000000000000
0000000000000000
0000000000000000
0000000000000000
0000000000000000
0000000000000000
0000000000000000
0000000000000000
0000000000000000
0000000000000000
0000000000000000
0000000000000000
0000000000000000
0000000000000000
0000000000000000
0000000000000000
0000000000000000
0000000000000000
0000000000000000
0000000000000000
0000000000000000
0000000000000000
0000000000000000
0000000000000000
0000000000000000
0000000000000000
0000000000000000
0000000000000000
0000000000000000
0000000000000000
0000000000000000
0000000000000000
0000000000000000
0000000000000000
0000000000000000
0000000000000000
0000000000000000
0000000000000000
0000000000000000
0000000000000000
0000000000000000
0000000000000000
0000000000000000
0000000000000000
0000000000000000
0000000000000000
0000000000000000
0000000000000000
0000000000000000
0000000000000000
0000000000000000
0000000000000000
0000000000000000
0000000000000000
0000000000000000
0000000000000000
0000000000000000
0000000000000000
0000000000000000
0000000000000000
0000000000000000
0000000000000000
0000000000000000
0000000000000000
0000000000000000
0000000000000000
0000000000000000
0000000000000000
0000000000000000
0000000000000000
0000000000000000
0000000000000000
0000000000000000
0000000000000000
0000000000000000
0000000000000000
0000000000000000
0000000000000000
0000000000000000
0000000000000000
0000000000000000
0000000000000000
0000000000000000
0000000000000000
0000000000000000
0000000000000000
0000000000000000
0000000000000000
0000000000000000
0000000000000000
0000000000000000
0000000000000000
0000000000000000
0000000000000000
0000000000000000
0000000000000000
0000000000000000
0000000000000000
0000000000000000
0000000000000000
0000000000000000
0000000000000000
0000000000000000
0000000000000000
0000000000000000
0000000000000000
0000000000000000
0000000000000000
0000000000000000
0000000000000000
0000000000000000
0000000000000000
0000000000000000
0000000000000000
0000000000000000
0000000000000000
0000000000000000
0000000000000000
0000000000000000
0000000000000000
0000000000000000
0000000000000000
0000000000000000
0000000000000000
0000000000000000
0000000000000000
0000000000000000
0000000000000000
0000000000000000
0000000000000000
0000000000000000
0000000000000000
0000000000000000
0000000000000000
0000000000000000
0000000000000000
0000000000000000
0000000000000000
0000000000000000
0000000000000000
0000000000000000
0000000000000000
0000000000000000
0000000000000000
0000000000000000
0000000000000000
0000000000000000
0000000000000000
0000000000000000
0000000000000000
0000000000000000
0000000000000000
0000000000000000
0000000000000000
0000000000000000
0000000000000000
0000000000000000
0000000000000000
0000000000000000
0000000000000000
0000000000000000
0000000000000000
0000000000000000
0000000000000000
0000000000000000
0000000000000000
0000000000000000
0000000000000000
0000000000000000
0000000000000000
0000000000000000
0000000000000000
0000000000000000
0000000000000000
0000000000000000
0000000000000000
0000000000000000
0000000000000000
0000000000000000
0000000000000000
0000000000000000
0000000000000000
0000000000000000
0000000000000000
0000000000000000
0000000000000000
0000000000000000
0000000000000000
0000000000000000
0000000000000000
0000000000000000
0000000000000000
0000000000000000
0000000000000000
0000000000000000
0000000000000000
0000000000000000
0000000000000000
0000000000000000
0000000000000000
0000000000000000
0000000000000000
0000000000000000
0000000000000000
0000000000000000
0000000000000000
0000000000000000
0000000000000000
0000000000000000
0000000000000000
0000000000000000
0000000000000000
0000000000000000
0000000000000000
0000000000000000
0000000000000000
0000000000000000
0000000000000000
0000000000000000
0000000000000000
0000000000000000
0000000000000000
0000000000000000
0000000000000000
0000000000000000
0000000000000000
0000000000000000
0000000000000000
0000000000000000
0000000000000000
0000000000000000
0000000000000000
0000000000000000
0000000000000000
0000000000000000
0000000000000000
0000000000000000
0000000000000000
0000000000000000
0000000000000000
0000000000000000
0000000000000000
0000000000000000
0000000000000000
0000000000000000
0000000000000000
0000000000000000
0000000000000000
0000000000000000
0000000000000000
0000000000000000
0000000000000000
0000000000000000
0000000000000000
0000000000000000
0000000000000000
0000000000000000
0000000000000000
0000000000000000
0000000000000000
0000000000000000
0000000000000000
0000000000000000
0000000000000000
0000000000000000
0000000000000000
0000000000000000
0000000000000000
0000000000000000
0000000000000000
0000000000000000
0000000000000000
0000000000000000
0000000000000000
0000000000000000
0000000000000000
0000000000000000
0000000000000000
0000000000000000
0000000000000000
0000000000000000
0000000000000000
0000000000000000
0000000000000000
0000000000000000
0000000000000000
0000000000000000
0000000000000000
0000000000000000
0000000000000000
0000000000000000
0000000000000000
0000000000000000
0000000000000000
0000000000000000
0000000000000000
0000000000000000
0000000000000000
0000000000000000
0000000000000000
0000000000000000
0000000000000000
0000000000000000
0000000000000000
0000000000000000
0000000000000000
0000000000000000
0000000000000000
0000000000000000
0000000000000000
0000000000000000
0000000000000000
0000000000000000
0000000000000000
0000000000000000
0000000000000000
0000000000000000
0000000000000000
0000000000000000
0000000000000000
0000000000000000
0000000000000000
0000000000000000
0000000000000000
0000000000000000
0000000000000000
0000000000000000
0000000000000000
0000000000000000
0000000000000000
0000000000000000
0000000000000000
0000000000000000
0000000000000000
0000000000000000
0000000000000000
0000000000000000
0000000000000000
0000000000000000
0000000000000000
0000000000000000
0000000000000000
0000000000000000
0000000000000000
0000000000000000
0000000000000000
0000000000000000
0000000000000000
0000000000000000
0000000000000000
0000000000000000
0000000000000000
0000000000000000
0000000000000000
0000000000000000
0000000000000000
0000000000000000
0000000000000000
0000000000000000
0000000000000000
0000000000000000
0000000000000000
0000000000000000
0000000000000000
0000000000000000
0000000000000000
0000000000000000
0000000000000000
0000000000000000
0000000000000000
0000000000000000
0000000000000000
0000000000000000
0000000000000000
0000000000000000
0000000000000000
0000000000000000
0000000000000000
0000000000000000
0000000000000000
0000000000000000
0000000000000000
0000000000000000
0000000000000000
0000000000000000
0000000000000000
0000000000000000
0000000000000000
0000000000000000
0000000000000000
0000000000000000
0000000000000000
0000000000000000
0000000000000000
0000000000000000
0000000000000000
0000000000000000
0000000000000000
0000000000000000
0000000000000000
0000000000000000
0000000000000000
0000000000000000
0000000000000000
0000000000000000
0000000000000000
0000000000000000
0000000000000000
0000000000000000
0000000000000000
0000000000000000
0000000000000000
0000000000000000
0000000000000000
0000000000000000
0000000000000000
0000000000000000
0000000000000000
0000000000000000
0000000000000000
0000000000000000
0000000000000000
0000000000000000
0000000000000000
0000000000000000
0000000000000000
0000000000000000
0000000000000000
0000000000000000
0000000000000000
0000000000000000
0000000000000000
0000000000000000
0000000000000000
0000000000000000
0000000000000000
0000000000000000
0000000000000000
0000000000000000
0000000000000000
0000000000000000
0000000000000000
0000000000000000
0000000000000000
0000000000000000
0000000000000000
0000000000000000
0000000000000000
0000000000000000
0000000000000000
0000000000000000
0000000000000000
0000000000000000
0000000000000000
0000000000000000
0000000000000000
0000000000000000
0000000000000000
0000000000000000
0000000000000000
0000000000000000
0000000000000000
0000000000000000
0000000000000000
0000000000000000
0000000000000000
0000000000000000
0000000000000000
0000000000000000
0000000000000000
0000000000000000
0000000000000000
0000000000000000
0000000000000000
0000000000000000
0000000000000000
0000000000000000
0000000000000000
0000000000000000
0000000000000000
0000000000000000
0000000000000000
0000000000000000
0000000000000000
0000000000000000
0000000000000000
0000000000000000
0000000000000000
0000000000000000
0000000000000000
0000000000000000
0000000000000000
0000000000000000
0000000000000000
0000000000000000
0000000000000000
0000000000000000
0000000000000000
0000000000000000
0000000000000000
0000000000000000
0000000000000000
0000000000000000
0000000000000000
0000000000000000
0000000000000000
0000000000000000
0000000000000000
0000000000000000
0000000000000000
0000000000000000
0000000000000000
0000000000000000
0000000000000000
0000000000000000
0000000000000000
0000000000000000
0000000000000000
0000000000000000
0000000000000000
0000000000000000
0000000000000000
0000000000000000
0000000000000000
0000000000000000
0000000000000000
0000000000000000
0000000000000000
0000000000000000
0000000000000000
0000000000000000
0000000000000000
0000000000000000
0000000000000000
0000000000000000
0000000000000000
0000000000000000
0000000000000000
0000000000000000
0000000000000000
0000000000000000
0000000000000000
0000000000000000
0000000000000000
0000000000000000
0000000000000000
0000000000000000
0000000000000000
0000000000000000
0000000000000000
0000000000000000
0000000000000000
0000000000000000
0000000000000000
0000000000000000
0000000000000000
0000000000000000
0000000000000000
0000000000000000
0000000000000000
0000000000000000
0000000000000000
0000000000000000
0000000000000000
0000000000000000
0000000000000000
0000000000000000
0000000000000000
0000000000000000
0000000000000000
0000000000000000
0000000000000000
0000000000000000
0000000000000000
0000000000000000
0000000000000000
0000000000000000
0000000000000000
0000000000000000
0000000000000000
0000000000000000
0000000000000000
0000000000000000
0000000000000000
0000000000000000
0000000000000000
0000000000000000
0000000000000000
0000000000000000
0000000000000000
0000000000000000
0000000000000000
0000000000000000
0000000000000000
0000000000000000
0000000000000000
0000000000000000
0000000000000000
0000000000000000
0000000000000000
0000000000000000
0000000000000000
0000000000000000
0000000000000000
0000000000000000
0000000000000000
0000000000000000
0000000000000000
0000000000000000
0000000000000000
0000000000000000
0000000000000000
0000000000000000
0000000000000000
0000000000000000
0000000000000000
0000000000000000
0000000000000000
0000000000000000
0000000000000000
0000000000000000
0000000000000000
0000000000000000
0000000000000000
0000000000000000
0000000000000000
0000000000000000
0000000000000000
0000000000000000
0000000000000000
0000000000000000
0000000000000000
0000000000000000
0000000000000000
0000000000000000
0000000000000000
0000000000000000
0000000000000000
0000000000000000
0000000000000000
0000000000000000
0000000000000000
0000000000000000
0000000000000000
0000000000000000
0000000000000000
0000000000000000
0000000000000000
0000000000000000
0000000000000000
0000000000000000
0000000000000000
0000000000000000
0000000000000000
0000000000000000
0000000000000000
0000000000000000
0000000000000000
0000000000000000
0000000000000000
0000000000000000
0000000000000000
0000000000000000
0000000000000000
0000000000000000
0000000000000000
0000000000000000
0000000000000000
0000000000000000
0000000000000000
0000000000000000
0000000000000000
0000000000000000
0000000000000000
0000000000000000
0000000000000000
0000000000000000
0000000000000000
0000000000000000
0000000000000000
0000000000000000
0000000000000000
0000000000000000
0000000000000000
0000000000000000
0000000000000000
0000000000000000
0000000000000000
0000000000000000
0000000000000000
0000000000000000
0000000000000000
0000000000000000
0000000000000000
0000000000000000
0000000000000000
0000000000000000
0000000000000000
0000000000000000
0000000000000000
0000000000000000
0000000000000000
0000000000000000
0000000000000000
0000000000000000
0000000000000000
0000000000000000
0000000000000000
0000000000000000
0000000000000000
0000000000000000
0000000000000000
0000000000000000
0000000000000000
0000000000000000
0000000000000000
0000000000000000
0000000000000000
0000000000000000
0000000000000000
0000000000000000
0000000000000000
0000000000000000
0000000000000000
0000000000000000
0000000000000000
0000000000000000
0000000000000000
0000000000000000
0000000000000000
0000000000000000
0000000000000000
0000000000000000
0000000000000000
0000000000000000
0000000000000000
0000000000000000
0000000000000000
0000000000000000
0000000000000000
0000000000000000
0000000000000000
0000000000000000
0000000000000000
0000000000000000
0000000000000000
0000000000000000
0000000000000000
0000000000000000
0000000000000000
0000000000000000
0000000000000000
0000000000000000
0000000000000000
0000000000000000
0000000000000000
0000000000000000
0000000000000000
0000000000000000
0000000000000000
0000000000000000
0000000000000000
0000000000000000
0000000000000000
0000000000000000
0000000000000000
0000000000000000
0000000000000000
0000000000000000
0000000000000000
0000000000000000
0000000000000000
0000000000000000
0000000000000000
0000000000000000
0000000000000000
0000000000000000
0000000000000000
0000000000000000
0000000000000000
0000000000000000
0000000000000000
0000000000000000
0000000000000000
0000000000000000
0000000000000000
0000000000000000
0000000000000000
0000000000000000
0000000000000000
0000000000000000
0000000000000000
0000000000000000
0000000000000000
0000000000000000
0000000000000000
0000000000000000
0000000000000000
0000000000000000
0000000000000000
0000000000000000
0000000000000000
0000000000000000
0000000000000000
0000000000000000
0000000000000000
0000000000000000
0000000000000000
0000000000000000
0000000000000000
0000000000000000
0000000000000000
0000000000000000
0000000000000000
0000000000000000
0000000000000000
0000000000000000
0000000000000000
0000000000000000
0000000000000000
0000000000000000
0000000000000000
0000000000000000
0000000000000000
0000000000000000
0000000000000000
0000000000000000
0000000000000000
0000000000000000
0000000000000000
0000000000000000
0000000000000000
0000000000000000
0000000000000000
0000000000000000
0000000000000000
0000000000000000
0000000000000000
0000000000000000
0000000000000000
0000000000000000
0000000000000000
0000000000000000
0000000000000000
0000000000000000
0000000000000000
0000000000000000
0000000000000000
0000000000000000
0000000000000000
0000000000000000
0000000000000000
0000000000000000
0000000000000000
0000000000000000
0000000000000000
0000000000000000
0000000000000000
0000000000000000
0000000000000000
0000000000000000
0000000000000000
0000000000000000
0000000000000000
0000000000000000
0000000000000000
0000000000000000
0000000000000000
0000000000000000
0000000000000000
0000000000000000
0000000000000000
0000000000000000
0000000000000000
0000000000000000
0000000000000000
0000000000000000
0000000000000000
0000000000000000
0000000000000000
0000000000000000
0000000000000000
0000000000000000
0000000000000000
0000000000000000
0000000000000000
0000000000000000
0000000000000000
0000000000000000
0000000000000000
0000000000000000
0000000000000000
0000000000000000
0000000000000000
0000000000000000
0000000000000000
0000000000000000
0000000000000000
0000000000000000
0000000000000000
0000000000000000
0000000000000000
0000000000000000
0000000000000000
0000000000000000
0000000000000000
0000000000000000
0000000000000000
0000000000000000
0000000000000000
0000000000000000
0000000000000000
0000000000000000
0000000000000000
0000000000000000
0000000000000000
0000000000000000
0000000000000000
0000000000000000
0000000000000000
0000000000000000
0000000000000000
0000000000000000
0000000000000000
0000000000000000
0000000000000000
0000000000000000
0000000000000000
0000000000000000
0000000000000000
0000000000000000
0000000000000000
0000000000000000
0000000000000000
0000000000000000
0000000000000000
0000000000000000
0000000000000000
0000000000000000
0000000000000000
0000000000000000
0000000000000000
0000000000000000
0000000000000000
0000000000000000
0000000000000000
0000000000000000
0000000000000000
0000000000000000
0000000000000000
0000000000000000
0000000000000000
0000000000000000
0000000000000000
0000000000000000
0000000000000000
0000000000000000
0000000000000000
0000000000000000
0000000000000000
0000000000000000
0000000000000000
0000000000000000
0000000000000000
0000000000000000
0000000000000000
0000000000000000
0000000000000000
0000000000000000
0000000000000000
0000000000000000
0000000000000000
0000000000000000
0000000000000000
0000000000000000
0000000000000000
0000000000000000
0000000000000000
0000000000000000
0000000000000000
0000000000000000
0000000000000000
0000000000000000
0000000000000000
0000000000000000
0000000000000000
0000000000000000
0000000000000000
0000000000000000
0000000000000000
0000000000000000
0000000000000000
0000000000000000
0000000000000000
0000000000000000
0000000000000000
0000000000000000
0000000000000000
0000000000000000
0000000000000000
0000000000000000
0000000000000000
0000000000000000
0000000000000000
0000000000000000
0000000000000000
0000000000000000
0000000000000000
0000000000000000
0000000000000000
0000000000000000
0000000000000000
0000000000000000
0000000000000000
0000000000000000
0000000000000000
0000000000000000
0000000000000000
0000000000000000
0000000000000000
0000000000000000
0000000000000000
0000000000000000
0000000000000000
0000000000000000
0000000000000000
0000000000000000
0000000000000000
0000000000000000
0000000000000000
0000000000000000
0000000000000000
0000000000000000
0000000000000000
0000000000000000
0000000000000000
0000000000000000
0000000000000000
0000000000000000
0000000000000000
0000000000000000
0000000000000000
0000000000000000
0000000000000000
0000000000000000
0000000000000000
0000000000000000
0000000000000000
0000000000000000
0000000000000000
0000000000000000
0000000000000000
0000000000000000
0000000000000000
0000000000000000
0000000000000000
0000000000000000
0000000000000000
0000000000000000
0000000000000000
0000000000000000
0000000000000000
0000000000000000
0000000000000000
0000000000000000
0000000000000000
0000000000000000
0000000000000000
0000000000000000
0000000000000000
0000000000000000
0000000000000000
0000000000000000
0000000000000000
0000000000000000
0000000000000000
0000000000000000
0000000000000000
0000000000000000
0000000000000000
0000000000000000
0000000000000000
0000000000000000
0000000000000000
0000000000000000
0000000000000000
0000000000000000
0000000000000000
0000000000000000
0000000000000000
0000000000000000
0000000000000000
0000000000000000
0000000000000000
0000000000000000
0000000000000000
0000000000000000
0000000000000000
0000000000000000
0000000000000000
0000000000000000
0000000000000000
0000000000000000
0000000000000000
0000000000000000
0000000000000000
0000000000000000
0000000000000000
0000000000000000
0000000000000000
0000000000000000
0000000000000000
0000000000000000
0000000000000000
0000000000000000
0000000000000000
0000000000000000
0000000000000000
0000000000000000
0000000000000000
0000000000000000
0000000000000000
0000000000000000
0000000000000000
0000000000000000
0000000000000000
0000000000000000
0000000000000000
0000000000000000
0000000000000000
0000000000000000
0000000000000000
0000000000000000
0000000000000000
0000000000000000
0000000000000000
0000000000000000
0000000000000000
0000000000000000
0000000000000000
0000000000000000
0000000000000000
0000000000000000
0000000000000000
0000000000000000
0000000000000000
0000000000000000
0000000000000000
0000000000000000
0000000000000000
0000000000000000
0000000000000000
0000000000000000
0000000000000000
0000000000000000
0000000000000000
0000000000000000
0000000000000000
0000000000000000
0000000000000000
0000000000000000
0000000000000000
0000000000000000
0000000000000000
0000000000000000
0000000000000000
0000000000000000
0000000000000000
0000000000000000
0000000000000000
0000000000000000
0000000000000000
0000000000000000
0000000000000000
0000000000000000
0000000000000000
0000000000000000
0000000000000000
0000000000000000
0000000000000000
0000000000000000
0000000000000000
0000000000000000
0000000000000000
0000000000000000
0000000000000000
0000000000000000
0000000000000000
0000000000000000
0000000000000000
0000000000000000
0000000000000000
0000000000000000
0000000000000000
0000000000000000
0000000000000000
0000000000000000
0000000000000000
0000000000000000
0000000000000000
0000000000000000
0000000000000000
0000000000000000
0000000000000000
0000000000000000
0000000000000000
0000000000000000
0000000000000000
0000000000000000
0000000000000000
0000000000000000
0000000000000000
0000000000000000
0000000000000000
0000000000000000
0000000000000000
0000000000000000
0000000000000000
0000000000000000
0000000000000000
0000000000000000
0000000000000000
0000000000000000
0000000000000000
0000000000000000
0000000000000000
0000000000000000
0000000000000000
0000000000000000
0000000000000000
0000000000000000
0000000000000000
0000000000000000
0000000000000000
0000000000000000
0000000000000000
0000000000000000
0000000000000000
0000000000000000
0000000000000000
0000000000000000
0000000000000000
0000000000000000
0000000000000000
0000000000000000
0000000000000000
0000000000000000
0000000000000000
0000000000000000
0000000000000000
0000000000000000
0000000000000000
0000000000000000
0000000000000000
0000000000000000
0000000000000000
0000000000000000
0000000000000000
0000000000000000
0000000000000000
0000000000000000
0000000000000000
0000000000000000
0000000000000000
0000000000000000
0000000000000000
0000000000000000
0000000000000000
0000000000000000
0000000000000000
0000000000000000
0000000000000000
0000000000000000
0000000000000000
0000000000000000
0000000000000000
0000000000000000
0000000000000000
0000000000000000
0000000000000000
0000000000000000
0000000000000000
0000000000000000
0000000000000000
0000000000000000
0000000000000000
0000000000000000
0000000000000000
0000000000000000
0000000000000000
0000000000000000
0000000000000000
0000000000000000
0000000000000000
0000000000000000
0000000000000000
0000000000000000
0000000000000000
0000000000000000
0000000000000000
0000000000000000
0000000000000000
0000000000000000
0000000000000000
0000000000000000
0000000000000000
0000000000000000
0000000000000000
0000000000000000
0000000000000000
0000000000000000
0000000000000000
0000000000000000
0000000000000000
0000000000000000
0000000000000000
0000000000000000
0000000000000000
0000000000000000
0000000000000000
0000000000000000
0000000000000000
0000000000000000
0000000000000000
0000000000000000
0000000000000000
0000000000000000
0000000000000000
0000000000000000
0000000000000000
0000000000000000
0000000000000000
0000000000000000
0000000000000000
0000000000000000
0000000000000000
0000000000000000
0000000000000000
0000000000000000
0000000000000000
0000000000000000
0000000000000000
0000000000000000
0000000000000000
0000000000000000
0000000000000000
0000000000000000
0000000000000000
0000000000000000
0000000000000000
0000000000000000
0000000000000000
0000000000000000
0000000000000000
0000000000000000
0000000000000000
0000000000000000
0000000000000000
0000000000000000
0000000000000000
0000000000000000
0000000000000000
0000000000000000
0000000000000000
0000000000000000
0000000000000000
0000000000000000
0000000000000000
0000000000000000
0000000000000000
0000000000000000
0000000000000000
0000000000000000
0000000000000000
0000000000000000
0000000000000000
0000000000000000
0000000000000000
0000000000000000
0000000000000000
0000000000000000
0000000000000000
0000000000000000
0000000000000000
0000000000000000
0000000000000000
0000000000000000
0000000000000000
0000000000000000
0000000000000000
0000000000000000
0000000000000000
0000000000000000
0000000000000000
0000000000000000
0000000000000000
0000000000000000
0000000000000000
0000000000000000
0000000000000000
0000000000000000
0000000000000000
0000000000000000
0000000000000000
0000000000000000
0000000000000000
0000000000000000
0000000000000000
0000000000000000
0000000000000000
0000000000000000
0000000000000000
0000000000000000
0000000000000000
0000000000000000
0000000000000000
0000000000000000
0000000000000000
0000000000000000
0000000000000000
0000000000000000
0000000000000000
0000000000000000
0000000000000000
0000000000000000
0000000000000000
0000000000000000
0000000000000000
0000000000000000
0000000000000000
0000000000000000
0000000000000000
0000000000000000
0000000000000000
0000000000000000
0000000000000000
0000000000000000
0000000000000000
0000000000000000
0000000000000000
0000000000000000
0000000000000000
0000000000000000
0000000000000000
0000000000000000
0000000000000000
0000000000000000
0000000000000000
0000000000000000
0000000000000000
0000000000000000
0000000000000000
0000000000000000
0000000000000000
0000000000000000
0000000000000000
0000000000000000
0000000000000000
0000000000000000
0000000000000000
0000000000000000
0000000000000000
0000000000000000
0000000000000000
0000000000000000
0000000000000000
0000000000000000
0000000000000000
0000000000000000
0000000000000000
0000000000000000
0000000000000000
0000000000000000
0000000000000000
0000000000000000
0000000000000000
0000000000000000
0000000000000000
0000000000000000
0000000000000000
0000000000000000
0000000000000000
0000000000000000
0000000000000000
0000000000000000
0000000000000000
0000000000000000
0000000000000000
0000000000000000
0000000000000000
0000000000000000
0000000000000000
0000000000000000
0000000000000000
0000000000000000
0000000000000000
0000000000000000
0000000000000000
0000000000000000
0000000000000000
0000000000000000
0000000000000000
0000000000000000
0000000000000000
0000000000000000
0000000000000000
0000000000000000
0000000000000000
0000000000000000
0000000000000000
0000000000000000
0000000000000000
0000000000000000
0000000000000000
0000000000000000
0000000000000000
0000000000000000
0000000000000000
0000000000000000
0000000000000000
0000000000000000
0000000000000000
0000000000000000
0000000000000000
0000000000000000
0000000000000000
0000000000000000
0000000000000000
0000000000000000
0000000000000000
0000000000000000
0000000000000000
0000000000000000
0000000000000000
0000000000000000
0000000000000000
0000000000000000
0000000000000000
0000000000000000
0000000000000000
0000000000000000
0000000000000000
0000000000000000
0000000000000000
0000000000000000
0000000000000000
0000000000000000
0000000000000000
0000000000000000
0000000000000000
0000000000000000
0000000000000000
0000000000000000
0000000000000000
0000000000000000
0000000000000000
0000000000000000
0000000000000000
0000000000000000
0000000000000000
0000000000000000
0000000000000000
0000000000000000
0000000000000000
0000000000000000
0000000000000000
0000000000000000
0000000000000000
0000000000000000
0000000000000000
0000000000000000
0000000000000000
0000000000000000
0000000000000000
0000000000000000
0000000000000000
0000000000000000
0000000000000000
0000000000000000
0000000000000000
0000000000000000
0000000000000000
0000000000000000
0000000000000000
0000000000000000
0000000000000000
0000000000000000
0000000000000000
0000000000000000
0000000000000000
0000000000000000
0000000000000000
0000000000000000
0000000000000000
0000000000000000
0000000000000000
0000000000000000
0000000000000000
0000000000000000
0000000000000000
0000000000000000
0000000000000000
0000000000000000
0000000000000000
0000000000000000
0000000000000000
0000000000000000
0000000000000000
0000000000000000
0000000000000000
0000000000000000
0000000000000000
0000000000000000
0000000000000000
0000000000000000
0000000000000000
0000000000000000
0000000000000000
0000000000000000
0000000000000000
0000000000000000
0000000000000000
0000000000000000
0000000000000000
0000000000000000
0000000000000000
0000000000000000
0000000000000000
0000000000000000
0000000000000000
0000000000000000
0000000000000000
0000000000000000
0000000000000000
0000000000000000
0000000000000000
0000000000000000
0000000000000000
0000000000000000
0000000000000000
0000000000000000
0000000000000000
0000000000000000
0000000000000000
0000000000000000
0000000000000000
0000000000000000
0000000000000000
0000000000000000
0000000000000000
0000000000000000
0000000000000000
0000000000000000
0000000000000000
0000000000000000
0000000000000000
0000000000000000
0000000000000000
0000000000000000
0000000000000000
0000000000000000
0000000000000000
0000000000000000
0000000000000000
0000000000000000
0000000000000000
0000000000000000
0000000000000000
0000000000000000
0000000000000000
0000000000000000
0000000000000000
0000000000000000
0000000000000000
0000000000000000
0000000000000000
0000000000000000
0000000000000000
0000000000000000
0000000000000000
0000000000000000
0000000000000000
0000000000000000
0000000000000000
0000000000000000
0000000000000000
0000000000000000
0000000000000000
0000000000000000
0000000000000000
0000000000000000
0000000000000000
0000000000000000
0000000000000000
0000000000000000
0000000000000000
0000000000000000
0000000000000000
0000000000000000
0000000000000000
0000000000000000
0000000000000000
0000000000000000
0000000000000000
0000000000000000
0000000000000000
0000000000000000
0000000000000000
0000000000000000
0000000000000000
0000000000000000
0000000000000000
0000000000000000
0000000000000000
0000000000000000
0000000000000000
0000000000000000
0000000000000000
0000000000000000
0000000000000000
0000000000000000
0000000000000000
0000000000000000
0000000000000000
0000000000000000
0000000000000000
0000000000000000
0000000000000000
0000000000000000
0000000000000000
0000000000000000
0000000000000000
0000000000000000
0000000000000000
0000000000000000
0000000000000000
0000000000000000
0000000000000000
0000000000000000
0000000000000000
0000000000000000
0000000000000000
0000000000000000
0000000000000000
0000000000000000
0000000000000000
0000000000000000
0000000000000000
0000000000000000
0000000000000000
0000000000000000
0000000000000000
0000000000000000
0000000000000000
0000000000000000
0000000000000000
0000000000000000
0000000000000000
0000000000000000
0000000000000000
0000000000000000
0000000000000000
0000000000000000
0000000000000000
0000000000000000
0000000000000000
0000000000000000
0000000000000000
0000000000000000
0000000000000000
0000000000000000
0000000000000000
0000000000000000
0000000000000000
0000000000000000
0000000000000000
0000000000000000
0000000000000000
0000000000000000
0000000000000000
0000000000000000
0000000000000000
0000000000000000
0000000000000000
0000000000000000
0000000000000000
0000000000000000
0000000000000000
0000000000000000
0000000000000000
0000000000000000
0000000000000000
0000000000000000
0000000000000000
0000000000000000
0000000000000000
0000000000000000
0000000000000000
0000000000000000
0000000000000000
0000000000000000
0000000000000000
0000000000000000
0000000000000000
0000000000000000
0000000000000000
0000000000000000
0000000000000000
0000000000000000
0000000000000000
0000000000000000
0000000000000000
0000000000000000
0000000000000000
0000000000000000
0000000000000000
0000000000000000
0000000000000000
0000000000000000
0000000000000000
0000000000000000
0000000000000000
0000000000000000
0000000000000000
0000000000000000
0000000000000000
0000000000000000
0000000000000000
0000000000000000
0000000000000000
0000000000000000
0000000000000000
0000000000000000
0000000000000000
0000000000000000
0000000000000000
0000000000000000
0000000000000000
0000000000000000
0000000000000000
0000000000000000
0000000000000000
0000000000000000
0000000000000000
0000000000000000
0000000000000000
0000000000000000
0000000000000000
0000000000000000
0000000000000000
0000000000000000
0000000000000000
0000000000000000
0000000000000000
0000000000000000
0000000000000000
0000000000000000
0000000000000000
0000000000000000
0000000000000000
0000000000000000
0000000000000000
0000000000000000
0000000000000000
0000000000000000
0000000000000000
0000000000000000
0000000000000000
0000000000000000
0000000000000000
0000000000000000
0000000000000000
0000000000000000
0000000000000000
0000000000000000
0000000000000000
0000000000000000
0000000000000000
0000000000000000
0000000000000000
0000000000000000
0000000000000000
0000000000000000
0000000000000000
0000000000000000
0000000000000000
0000000000000000
0000000000000000
0000000000000000
0000000000000000
0000000000000000
0000000000000000
0000000000000000
0000000000000000
0000000000000000
0000000000000000
0000000000000000
0000000000000000
0000000000000000
0000000000000000
0000000000000000
0000000000000000
0000000000000000
0000000000000000
0000000000000000
0000000000000000
0000000000000000
0000000000000000
0000000000000000
0000000000000000
0000000000000000
0000000000000000
0000000000000000
0000000000000000
0000000000000000
0000000000000000
0000000000000000
0000000000000000
0000000000000000
0000000000000000
0000000000000000
0000000000000000
0000000000000000
0000000000000000
0000000000000000
0000000000000000
0000000000000000
0000000000000000
0000000000000000
0000000000000000
0000000000000000
0000000000000000
0000000000000000
0000000000000000
0000000000000000
0000000000000000
0000000000000000
0000000000000000
0000000000000000
0000000000000000
0000000000000000
0000000000000000
0000000000000000
0000000000000000
0000000000000000
0000000000000000
0000000000000000
0000000000000000
0000000000000000
0000000000000000
0000000000000000
0000000000000000
0000000000000000
0000000000000000
0000000000000000
0000000000000000
0000000000000000
0000000000000000
0000000000000000
0000000000000000
0000000000000000
0000000000000000
0000000000000000
0000000000000000
0000000000000000
0000000000000000
0000000000000000
0000000000000000
0000000000000000
0000000000000000
0000000000000000
0000000000000000
0000000000000000
0000000000000000
0000000000000000
0000000000000000
0000000000000000
0000000000000000
0000000000000000
0000000000000000
0000000000000000
0000000000000000
0000000000000000
0000000000000000
0000000000000000
0000000000000000
0000000000000000
0000000000000000
0000000000000000
0000000000000000
0000000000000000
0000000000000000
0000000000000000
0000000000000000
0000000000000000
0000000000000000
0000000000000000
0000000000000000
0000000000000000
0000000000000000
0000000000000000
0000000000000000
0000000000000000
0000000000000000
0000000000000000
0000000000000000
0000000000000000
0000000000000000
0000000000000000
0000000000000000
0000000000000000
0000000000000000
0000000000000000
0000000000000000
0000000000000000
0000000000000000
0000000000000000
0000000000000000
0000000000000000
0000000000000000
0000000000000000
0000000000000000
0000000000000000
0000000000000000
0000000000000000
0000000000000000
0000000000000000
0000000000000000
0000000000000000
0000000000000000
0000000000000000
0000000000000000
0000000000000000
0000000000000000
0000000000000000
0000000000000000
0000000000000000
0000000000000000
0000000000000000
0000000000000000
0000000000000000
0000000000000000
0000000000000000
0000000000000000
0000000000000000
0000000000000000
0000000000000000
0000000000000000
0000000000000000
0000000000000000
0000000000000000
0000000000000000
0000000000000000
0000000000000000
0000000000000000
0000000000000000
0000000000000000
0000000000000000
0000000000000000
0000000000000000
0000000000000000
0000000000000000
0000000000000000
0000000000000000
0000000000000000
0000000000000000
0000000000000000
0000000000000000
0000000000000000
0000000000000000
0000000000000000
0000000000000000
0000000000000000
0000000000000000
0000000000000000
0000000000000000
0000000000000000
0000000000000000
0000000000000000
0000000000000000
0000000000000000
0000000000000000
0000000000000000
0000000000000000
0000000000000000
0000000000000000
0000000000000000
0000000000000000
0000000000000000
0000000000000000
0000000000000000
0000000000000000
0000000000000000
0000000000000000
0000000000000000
0000000000000000
0000000000000000
0000000000000000
0000000000000000
0000000000000000
0000000000000000
0000000000000000
0000000000000000
0000000000000000
0000000000000000
0000000000000000
0000000000000000
0000000000000000
0000000000000000
0000000000000000
0000000000000000
0000000000000000
0000000000000000
0000000000000000
0000000000000000
0000000000000000
0000000000000000
0000000000000000
0000000000000000
0000000000000000
0000000000000000
0000000000000000
0000000000000000
0000000000000000
0000000000000000
0000000000000000
0000000000000000
0000000000000000
0000000000000000
0000000000000000
0000000000000000
0000000000000000
0000000000000000
0000000000000000
0000000000000000
0000000000000000
0000000000000000
0000000000000000
0000000000000000
0000000000000000
0000000000000000
0000000000000000
0000000000000000
0000000000000000
0000000000000000
0000000000000000
0000000000000000
0000000000000000
0000000000000000
0000000000000000
0000000000000000
0000000000000000
0000000000000000
0000000000000000
0000000000000000
0000000000000000
0000000000000000
0000000000000000
0000000000000000
0000000000000000
0000000000000000
0000000000000000
0000000000000000
0000000000000000
0000000000000000
0000000000000000
0000000000000000
0000000000000000
0000000000000000
0000000000000000
0000000000000000
0000000000000000
0000000000000000
0000000000000000
0000000000000000
0000000000000000
0000000000000000
0000000000000000
0000000000000000
0000000000000000
0000000000000000
0000000000000000
0000000000000000
0000000000000000
0000000000000000
0000000000000000
0000000000000000
0000000000000000
0000000000000000
0000000000000000
0000000000000000
0000000000000000
0000000000000000
0000000000000000
0000000000000000
0000000000000000
0000000000000000
0000000000000000
0000000000000000
0000000000000000
0000000000000000
0000000000000000
0000000000000000
0000000000000000
0000000000000000
0000000000000000
0000000000000000
0000000000000000
0000000000000000
0000000000000000
0000000000000000
0000000000000000
0000000000000000
0000000000000000
0000000000000000
0000000000000000
0000000000000000
0000000000000000
0000000000000000
0000000000000000
0000000000000000
0000000000000000
0000000000000000
0000000000000000
0000000000000000
0000000000000000
0000000000000000
0000000000000000
0000000000000000
0000000000000000
0000000000000000
0000000000000000
0000000000000000
0000000000000000
0000000000000000
0000000000000000
0000000000000000
0000000000000000
0000000000000000
0000000000000000
0000000000000000
0000000000000000
0000000000000000
0000000000000000
0000000000000000
0000000000000000
0000000000000000
0000000000000000
0000000000000000
0000000000000000
0000000000000000
0000000000000000
0000000000000000
0000000000000000
0000000000000000
0000000000000000
0000000000000000
0000000000000000
0000000000000000
0000000000000000
0000000000000000
0000000000000000
0000000000000000
0000000000000000
0000000000000000
0000000000000000
0000000000000000
0000000000000000
0000000000000000
0000000000000000
0000000000000000
0000000000000000
0000000000000000
0000000000000000
0000000000000000
0000000000000000
0000000000000000
0000000000000000
0000000000000000
0000000000000000
0000000000000000
0000000000000000
0000000000000000
0000000000000000
0000000000000000
0000000000000000
0000000000000000
0000000000000000
0000000000000000
0000000000000000
0000000000000000
0000000000000000
0000000000000000
0000000000000000
0000000000000000
0000000000000000
0000000000000000
0000000000000000
0000000000000000
0000000000000000
0000000000000000
0000000000000000
0000000000000000
0000000000000000
0000000000000000
0000000000000000
0000000000000000
0000000000000000
0000000000000000
0000000000000000
0000000000000000
0000000000000000
0000000000000000
0000000000000000
0000000000000000
0000000000000000
0000000000000000
0000000000000000
0000000000000000
0000000000000000
0000000000000000
0000000000000000
0000000000000000
0000000000000000
0000000000000000
0000000000000000
0000000000000000
0000000000000000
0000000000000000
0000000000000000
0000000000000000
0000000000000000
0000000000000000
0000000000000000
0000000000000000
0000000000000000
0000000000000000
0000000000000000
0000000000000000
0000000000000000
0000000000000000
0000000000000000
0000000000000000
0000000000000000
0000000000000000
0000000000000000
0000000000000000
0000000000000000
0000000000000000
0000000000000000
0000000000000000
0000000000000000
0000000000000000
0000000000000000
0000000000000000
0000000000000000
0000000000000000
0000000000000000
0000000000000000
0000000000000000
0000000000000000
0000000000000000
0000000000000000
0000000000000000
0000000000000000
0000000000000000
0000000000000000
0000000000000000
0000000000000000
0000000000000000
0000000000000000
0000000000000000
0000000000000000
0000000000000000
0000000000000000
0000000000000000
0000000000000000
0000000000000000
0000000000000000
0000000000000000
0000000000000000
0000000000000000
0000000000000000
0000000000000000
0000000000000000
0000000000000000
0000000000000000
0000000000000000
0000000000000000
0000000000000000
0000000000000000
0000000000000000
0000000000000000
0000000000000000
0000000000000000
0000000000000000
0000000000000000
0000000000000000
0000000000000000
0000000000000000
0000000000000000
0000000000000000
0000000000000000
0000000000000000
0000000000000000
0000000000000000
0000000000000000
0000000000000000
0000000000000000
0000000000000000
0000000000000000
0000000000000000
0000000000000000
0000000000000000
0000000000000000
0000000000000000
0000000000000000
0000000000000000
0000000000000000
0000000000000000
0000000000000000
0000000000000000
0000000000000000
0000000000000000
0000000000000000
0000000000000000
0000000000000000
0000000000000000
0000000000000000
0000000000000000
0000000000000000
0000000000000000
0000000000000000
0000000000000000
0000000000000000
0000000000000000
0000000000000000
0000000000000000
0000000000000000
0000000000000000
0000000000000000
0000000000000000
0000000000000000
0000000000000000
0000000000000000
0000000000000000
0000000000000000
0000000000000000
0000000000000000
0000000000000000
0000000000000000
0000000000000000
0000000000000000
0000000000000000
0000000000000000
0000000000000000
0000000000000000
0000000000000000
0000000000000000
0000000000000000
0000000000000000
0000000000000000
0000000000000000
0000000000000000
0000000000000000
0000000000000000
0000000000000000
0000000000000000
0000000000000000
0000000000000000
0000000000000000
0000000000000000
0000000000000000
0000000000000000
0000000000000000
0000000000000000
0000000000000000
0000000000000000
0000000000000000
0000000000000000
0000000000000000
0000000000000000
0000000000000000
0000000000000000
0000000000000000
0000000000000000
0000000000000000
0000000000000000
0000000000000000
0000000000000000
0000000000000000
0000000000000000
0000000000000000
0000000000000000
0000000000000000
0000000000000000
0000000000000000
0000000000000000
0000000000000000
0000000000000000
0000000000000000
0000000000000000
0000000000000000
0000000000000000
0000000000000000
0000000000000000
0000000000000000
0000000000000000
0000000000000000
0000000000000000
0000000000000000
0000000000000000
0000000000000000
0000000000000000
0000000000000000
0000000000000000
0000000000000000
0000000000000000
0000000000000000
0000000000000000
0000000000000000
0000000000000000
0000000000000000
0000000000000000
0000000000000000
0000000000000000
0000000000000000
0000000000000000
0000000000000000
0000000000000000
0000000000000000
0000000000000000
0000000000000000
0000000000000000
0000000000000000
0000000000000000
0000000000000000
0000000000000000
0000000000000000
0000000000000000
0000000000000000
0000000000000000
0000000000000000
0000000000000000
0000000000000000
0000000000000000
0000000000000000
0000000000000000
0000000000000000
0000000000000000
0000000000000000
0000000000000000
0000000000000000
0000000000000000
0000000000000000
0000000000000000
0000000000000000
0000000000000000
0000000000000000
0000000000000000
0000000000000000
0000000000000000
0000000000000000
0000000000000000
0000000000000000
0000000000000000
0000000000000000
0000000000000000
0000000000000000
0000000000000000
0000000000000000
0000000000000000
0000000000000000
0000000000000000
0000000000000000
0000000000000000
0000000000000000
0000000000000000
0000000000000000
0000000000000000
0000000000000000
0000000000000000
0000000000000000
0000000000000000
0000000000000000
0000000000000000
0000000000000000
0000000000000000
0000000000000000
0000000000000000
0000000000000000
0000000000000000
0000000000000000
0000000000000000
0000000000000000
0000000000000000
0000000000000000
0000000000000000
0000000000000000
0000000000000000
0000000000000000
0000000000000000
0000000000000000
0000000000000000
0000000000000000
0000000000000000
0000000000000000
0000000000000000
0000000000000000
0000000000000000
0000000000000000
0000000000000000
0000000000000000
0000000000000000
0000000000000000
0000000000000000
0000000000000000
0000000000000000
0000000000000000
0000000000000000
0000000000000000
0000000000000000
0000000000000000
0000000000000000
0000000000000000
0000000000000000
0000000000000000
0000000000000000
0000000000000000
0000000000000000
0000000000000000
0000000000000000
0000000000000000
0000000000000000
0000000000000000
0000000000000000
0000000000000000
0000000000000000
0000000000000000
0000000000000000
0000000000000000
0000000000000000
0000000000000000
0000000000000000
0000000000000000
0000000000000000
0000000000000000
0000000000000000
0000000000000000
0000000000000000
0000000000000000
0000000000000000
0000000000000000
0000000000000000
0000000000000000
0000000000000000
0000000000000000
0000000000000000
0000000000000000
0000000000000000
0000000000000000
0000000000000000
0000000000000000
0000000000000000
0000000000000000
0000000000000000
0000000000000000
0000000000000000
0000000000000000
0000000000000000
0000000000000000
0000000000000000
0000000000000000
0000000000000000
0000000000000000
0000000000000000
0000000000000000
0000000000000000
0000000000000000
0000000000000000
0000000000000000
0000000000000000
0000000000000000
0000000000000000
0000000000000000
0000000000000000
0000000000000000
0000000000000000
0000000000000000
0000000000000000
0000000000000000
0000000000000000
0000000000000000
0000000000000000
0000000000000000
0000000000000000
0000000000000000
0000000000000000
0000000000000000
0000000000000000
0000000000000000
0000000000000000
0000000000000000
0000000000000000
0000000000000000
0000000000000000
0000000000000000
0000000000000000
0000000000000000
0000000000000000
0000000000000000
0000000000000000
0000000000000000
0000000000000000
0000000000000000
0000000000000000
0000000000000000
0000000000000000
0000000000000000
0000000000000000
0000000000000000
0000000000000000
0000000000000000
0000000000000000
0000000000000000
0000000000000000
0000000000000000
0000000000000000
0000000000000000
0000000000000000
0000000000000000
0000000000000000
0000000000000000
0000000000000000
0000000000000000
0000000000000000
0000000000000000
0000000000000000
0000000000000000
0000000000000000
0000000000000000
0000000000000000
0000000000000000
0000000000000000
0000000000000000
0000000000000000
0000000000000000
0000000000000000
0000000000000000
0000000000000000
0000000000000000
0000000000000000
0000000000000000
0000000000000000
0000000000000000
0000000000000000
0000000000000000
0000000000000000
0000000000000000
0000000000000000
0000000000000000
0000000000000000
0000000000000000
0000000000000000
0000000000000000
0000000000000000
0000000000000000
0000000000000000
0000000000000000
0000000000000000
0000000000000000
0000000000000000
0000000000000000
0000000000000000
0000000000000000
0000000000000000
0000000000000000
0000000000000000
0000000000000000
0000000000000000
0000000000000000
0000000000000000
0000000000000000
0000000000000000
0000000000000000
0000000000000000
0000000000000000
0000000000000000
0000000000000000
0000000000000000
0000000000000000
0000000000000000
0000000000000000
0000000000000000
0000000000000000
0000000000000000
0000000000000000
0000000000000000
0000000000000000
0000000000000000
0000000000000000
0000000000000000
0000000000000000
0000000000000000
0000000000000000
0000000000000000
0000000000000000
0000000000000000
0000000000000000
0000000000000000
0000000000000000
0000000000000000
0000000000000000
0000000000000000
0000000000000000
0000000000000000
0000000000000000
0000000000000000
0000000000000000
0000000000000000
0000000000000000
0000000000000000
0000000000000000
0000000000000000
0000000000000000
0000000000000000
0000000000000000
0000000000000000
0000000000000000
0000000000000000
0000000000000000
0000000000000000
0000000000000000
0000000000000000
0000000000000000
0000000000000000
0000000000000000
0000000000000000
0000000000000000
0000000000000000
0000000000000000
0000000000000000
0000000000000000
0000000000000000
0000000000000000
0000000000000000
0000000000000000
0000000000000000
0000000000000000
0000000000000000
0000000000000000
0000000000000000
0000000000000000
0000000000000000
0000000000000000
0000000000000000
0000000000000000
0000000000000000
0000000000000000
0000000000000000
0000000000000000
0000000000000000
0000000000000000
0000000000000000
0000000000000000
0000000000000000
0000000000000000
0000000000000000
0000000000000000
0000000000000000
0000000000000000
0000000000000000
0000000000000000
0000000000000000
0000000000000000
0000000000000000
0000000000000000
0000000000000000
0000000000000000
0000000000000000
0000000000000000
0000000000000000
0000000000000000
0000000000000000
0000000000000000
0000000000000000
0000000000000000
0000000000000000
0000000000000000
0000000000000000
0000000000000000
0000000000000000
0000000000000000
0000000000000000
0000000000000000
0000000000000000
0000000000000000
0000000000000000
0000000000000000
0000000000000000
0000000000000000
0000000000000000
0000000000000000
0000000000000000
0000000000000000
0000000000000000
0000000000000000
0000000000000000
0000000000000000
0000000000000000
0000000000000000
0000000000000000
0000000000000000
0000000000000000
0000000000000000
0000000000000000
0000000000000000
0000000000000000
0000000000000000
0000000000000000
0000000000000000
0000000000000000
0000000000000000
0000000000000000
0000000000000000
0000000000000000
0000000000000000
0000000000000000
0000000000000000
0000000000000000
0000000000000000
0000000000000000
0000000000000000
0000000000000000
0000000000000000
0000000000000000
0000000000000000
0000000000000000
0000000000000000
0000000000000000
0000000000000000
0000000000000000
0000000000000000
0000000000000000
0000000000000000
0000000000000000
0000000000000000
0000000000000000
0000000000000000
0000000000000000
0000000000000000
0000000000000000
0000000000000000
0000000000000000
0000000000000000
0000000000000000
0000000000000000
0000000000000000
0000000000000000
0000000000000000
0000000000000000
0000000000000000
0000000000000000
0000000000000000
0000000000000000
0000000000000000
0000000000000000
0000000000000000
0000000000000000
0000000000000000
0000000000000000
0000000000000000
0000000000000000
0000000000000000
0000000000000000
0000000000000000
0000000000000000
0000000000000000
0000000000000000
0000000000000000
0000000000007fff
0000000000007fff
0000000000007fff
0000000000007fff
0000000000007fff
0000000000007fff
0000000000007fff
0000000000007fff
0000000000007fff
0000000000007fff
0000000000007fff
0000000000007fff
0000000000007fff
0000000000007fff
0000000000007fff
0000000000007fff
0000000000007fff
0000000000007fff
0000000000007fff
0000000000007fff
0000000000007fff
0000000000007fff
0000000000007fff
0000000000007fff
0000000000007fff
0000000000007fff
0000000000007fff
0000000000007fff
0000000000007fff
0000000000007fff
0000000000007fff
0000000000007fff
0000000000007fff
0000000000007fff
0000000000007fff
0000000000007fff
0000000000007fff
0000000000007fff
0000000000007fff
0000000000007fff
0000000000007fff
0000000000007fff
0000000000007fff
0000000000007fff
0000000000007fff
0000000000007fff
0000000000007fff
0000000000007fff
0000000000007fff
0000000000007fff
0000000000007fff
0000000000007fff
0000000000007fff
0000000000007fff
0000000000007fff
0000000000007fff
0000000000007fff
0000000000007fff
0000000000007fff
0000000000007fff
0000000000007fff
0000000000007fff
0000000000007fff
0000000000007fff
0000000000007fff
0000000000007fff
0000000000007fff
0000000000007fff
0000000000007fff
0000000000007fff
0000000000007fff
0000000000007fff
0000000000007fff
0000000000007fff
0000000000007fff
0000000000007fff
0000000000007fff
0000000000007fff
0000000000007fff
0000000000007fff
0000000000007fff
0000000000007fff
0000000000007fff
0000000000007fff
0000000000007fff
0000000000007fff
0000000000007fff
0000000000007fff
0000000000007fff
0000000000007fff
0000000000007fff
0000000000007fff
0000000000007fff
0000000000007fff
0000000000007fff
0000000000007fff
0000000000007fff
0000000000007fff
0000000000007fff
0000000000007fff
0000000000007fff
0000000000007fff
0000000000007fff
0000000000007fff
0000000000007fff
0000000000007fff
0000000000007fff
0000000000007fff
0000000000007fff
0000000000007fff
0000000000007fff
0000000000007fff
0000000000007fff
0000000000007fff
0000000000007fff
0000000000007fff
0000000000007fff
0000000000007fff
0000000000007fff
0000000000007fff
0000000000007fff
0000000000007fff
0000000000007fff
0000000000007fff
0000000000007fff
0000000000007fff
0000000000007fff
0000000000007fff
0000000000007fff
0000000000007fff
0000000000007fff
0000000000007fff
0000000000007fff
0000000000007fff
0000000000007fff
0000000000007fff
0000000000007fff
0000000000007fff
0000000000007fff
0000000000007fff
0000000000007fff
0000000000007fff
0000000000007fff
0000000000007fff
0000000000007fff
0000000000007fff
0000000000007fff
0000000000007fff
0000000000007fff
0000000000007fff
0000000000007fff
0000000000007fff
0000000000007fff
0000000000007fff
0000000000007fff
0000000000007fff
0000000000007fff
0000000000007fff
0000000000007fff
0000000000007fff
0000000000007fff
0000000000007fff
0000000000007fff
0000000000007fff
0000000000007fff
0000000000007fff
0000000000007fff
0000000000007fff
0000000000007fff
0000000000007fff
0000000000007fff
0000000000007fff
0000000000007fff
0000000000007fff
0000000000007fff
0000000000007fff
0000000000007fff
0000000000007fff
0000000000007fff
0000000000007fff
0000000000007fff
0000000000007fff
0000000000007fff
0000000000007fff
0000000000007fff
0000000000007fff
0000000000007fff
0000000000007fff
0000000000007fff
0000000000007fff
0000000000007fff
0000000000007fff
0000000000007fff
0000000000007fff
0000000000007fff
0000000000007fff
0000000000007fff
0000000000007fff
0000000000007fff
0000000000007fff
0000000000007fff
0000000000007fff
0000000000007fff
0000000000007fff
0000000000007fff
0000000000007fff
0000000000007fff
0000000000007fff
0000000000007fff
0000000000007fff
0000000000007fff
0000000000007fff
0000000000007fff
0000000000007fff
0000000000007fff
0000000000007fff
0000000000007fff
0000000000007fff
0000000000007fff
0000000000007fff
0000000000007fff
0000000000007fff
0000000000007fff
0000000000007fff
0000000000007fff
0000000000007fff
0000000000007fff
0000000000007fff
0000000000007fff
0000000000007fff
0000000000007fff
0000000000007fff
0000000000007fff
0000000000007fff
0000000000007fff
0000000000007fff
0000000000007fff
0000000000007fff
0000000000007fff
0000000000007fff
0000000000007fff
0000000000007fff
0000000000007fff
0000000000007fff
0000000000007fff
0000000000007fff
0000000000007fff
0000000000007fff
0000000000007fff
0000000000007fff
0000000000007fff
0000000000007fff
0000000000007fff
0000000000007fff
0000000000007fff
0000000000007fff
0000000000007fff
0000000000007fff
0000000000007fff
0000000000007fff
0000000000007fff
0000000000007fff
0000000000007fff
0000000000007fff
0000000000007fff
0000000000007fff
0000000000007fff
0000000000007fff
0000000000007fff
0000000000007fff
0000000000007fff
0000000000007fff
0000000000007fff
0000000000007fff
0000000000007fff
0000000000007fff
0000000000007fff
0000000000007fff
0000000000007fff
0000000000007fff
0000000000007fff
0000000000007fff
0000000000007fff
0000000000007fff
0000000000007fff
0000000000007fff
0000000000007fff
0000000000007fff
0000000000007fff
0000000000007fff
0000000000007fff
0000000000007fff
0000000000007fff
0000000000007fff
0000000000007fff
0000000000007fff
0000000000007fff
0000000000007fff
0000000000007fff
0000000000007fff
0000000000007fff
0000000000007fff
0000000000007fff
0000000000007fff
0000000000007fff
0000000000007fff
0000000000007fff
0000000000007fff
0000000000007fff
0000000000007fff
0000000000007fff
0000000000007fff
0000000000007fff
0000000000007fff
0000000000007fff
0000000000007fff
0000000000007fff
0000000000007fff
0000000000007fff
0000000000007fff
0000000000007fff
0000000000007fff
0000000000007fff
0000000000007fff
0000000000007fff
0000000000007fff
0000000000007fff
0000000000007fff
0000000000007fff
0000000000007fff
0000000000007fff
0000000000007fff
0000000000007fff
0000000000007fff
0000000000007fff
0000000000007fff
0000000000007fff
0000000000007fff
0000000000007fff
0000000000007fff
0000000000007fff
0000000000007fff
0000000000007fff
0000000000007fff
0000000000007fff
0000000000007fff
0000000000007fff
0000000000007fff
0000000000007fff
0000000000007fff
0000000000007fff
0000000000007fff
0000000000007fff
0000000000007fff
0000000000007fff
0000000000007fff
0000000000007fff
0000000000007fff
0000000000007fff
0000000000007fff
0000000000007fff
0000000000007fff
0000000000007fff
0000000000007fff
0000000000007fff
0000000000007fff
0000000000007fff
0000000000007fff
0000000000007fff
0000000000007fff
0000000000007fff
0000000000007fff
0000000000007fff
0000000000007fff
0000000000007fff
0000000000007fff
0000000000007fff
0000000000007fff
0000000000007fff
0000000000007fff
0000000000007fff
0000000000007fff
0000000000007fff
0000000000007fff
0000000000007fff
0000000000007fff
0000000000007fff
0000000000007fff
0000000000007fff
0000000000007fff
0000000000007fff
0000000000007fff
0000000000007fff
0000000000007fff
0000000000007fff
0000000000007fff
0000000000007fff
0000000000007fff
0000000000007fff
0000000000007fff
0000000000007fff
0000000000007fff
0000000000007fff
0000000000007fff
0000000000007fff
0000000000007fff
0000000000007fff
0000000000007fff
0000000000007fff
0000000000007fff
0000000000007fff
0000000000007fff
0000000000007fff
0000000000007fff
0000000000007fff
0000000000007fff
0000000000007fff
0000000000007fff
0000000000007fff
0000000000007fff
0000000000007fff
0000000000007fff
0000000000007fff
0000000000007fff
0000000000007fff
0000000000007fff
0000000000007fff
0000000000007fff
0000000000007fff
0000000000007fff
0000000000007fff
0000000000007fff
0000000000007fff
0000000000007fff
0000000000007fff
0000000000007fff
0000000000007fff
0000000000007fff
0000000000007fff
0000000000007fff
0000000000007fff
0000000000007fff
0000000000007fff
0000000000007fff
0000000000007fff
0000000000007fff
0000000000007fff
0000000000007fff
0000000000007fff
0000000000007fff
0000000000007fff
0000000000007fff
0000000000007fff
0000000000007fff
0000000000007fff
0000000000007fff
0000000000007fff
0000000000007fff
0000000000007fff
0000000000007fff
0000000000007fff
0000000000007fff
0000000000007fff
0000000000007fff
0000000000007fff
0000000000007fff
0000000000007fff
0000000000007fff
0000000000007fff
0000000000007fff
0000000000007fff
0000000000007fff
0000000000007fff
0000000000007fff
0000000000007fff
0000000000007fff
0000000000007fff
0000000000007fff
0000000000007fff
0000000000007fff
0000000000007fff
0000000000007fff
0000000000007fff
0000000000007fff
0000000000007fff
0000000000007fff
0000000000007fff
0000000000007fff
0000000000007fff
0000000000007fff
0000000000007fff
0000000000007fff
0000000000007fff
0000000000007fff
0000000000007fff
0000000000007fff
0000000000007fff
0000000000007fff
0000000000007fff
0000000000007fff
0000000000007fff
0000000000007fff
0000000000007fff
0000000000007fff
0000000000007fff
0000000000007fff
0000000000007fff
0000000000007fff
0000000000007fff
0000000000007fff
0000000000007fff
0000000000007fff
0000000000007fff
0000000000007fff
0000000000007fff
0000000000007fff
0000000000007fff
0000000000007fff
0000000000007fff
0000000000007fff
0000000000007fff
0000000000007fff
0000000000007fff
0000000000007fff
0000000000007fff
0000000000007fff
0000000000007fff
0000000000007fff
0000000000007fff
0000000000007fff
0000000000007fff
0000000000007fff
0000000000007fff
0000000000007fff
0000000000007fff
0000000000007fff
0000000000007fff
0000000000007fff
0000000000007fff
0000000000007fff
0000000000007fff
0000000000007fff
0000000000007fff
0000000000007fff
0000000000007fff
0000000000007fff
0000000000007fff
0000000000007fff
0000000000007fff
0000000000007fff
0000000000007fff
0000000000007fff
0000000000007fff
0000000000007fff
0000000000007fff
0000000000007fff
0000000000007fff
0000000000007fff
0000000000007fff
0000000000007fff
0000000000007fff
0000000000007fff
0000000000007fff
0000000000007fff
0000000000007fff
0000000000007fff
0000000000007fff
0000000000007fff
0000000000007fff
0000000000007fff
0000000000007fff
0000000000007fff
0000000000007fff
0000000000007fff
0000000000007fff
0000000000007fff
0000000000007fff
0000000000007fff
0000000000007fff
0000000000007fff
0000000000007fff
0000000000007fff
0000000000007fff
0000000000007fff
0000000000007fff
0000000000007fff
0000000000007fff
0000000000007fff
0000000000007fff
0000000000007fff
0000000000007fff
0000000000007fff
0000000000007fff
0000000000007fff
0000000000007fff
0000000000007fff
0000000000007fff
0000000000007fff
0000000000007fff
0000000000007fff
0000000000007fff
0000000000007fff
0000000000007fff
0000000000007fff
0000000000007fff
0000000000007fff
0000000000007fff
0000000000007fff
0000000000007fff
0000000000007fff
0000000000007fff
0000000000007fff
0000000000007fff
0000000000007fff
0000000000007fff
0000000000007fff
0000000000007fff
0000000000007fff
0000000000007fff
0000000000007fff
0000000000007fff
0000000000007fff
0000000000007fff
0000000000007fff
0000000000007fff
0000000000007fff
0000000000007fff
0000000000007fff
0000000000007fff
0000000000007fff
0000000000007fff
0000000000007fff
0000000000007fff
0000000000007fff
0000000000007fff
0000000000007fff
0000000000007fff
0000000000007fff
0000000000007fff
0000000000007fff
0000000000007fff
0000000000007fff
0000000000007fff
0000000000007fff
0000000000007fff
0000000000007fff
0000000000007fff
0000000000007fff
0000000000007fff
0000000000007fff
0000000000007fff
0000000000007fff
0000000000007fff
0000000000007fff
0000000000007fff
0000000000007fff
0000000000007fff
0000000000007fff
0000000000007fff
0000000000007fff
0000000000007fff
0000000000007fff
0000000000007fff
0000000000007fff
0000000000007fff
0000000000007fff
0000000000007fff
0000000000007fff
0000000000007fff
0000000000007fff
0000000000007fff
0000000000007fff
0000000000007fff
0000000000007fff
0000000000007fff
0000000000007fff
0000000000007fff
0000000000007fff
0000000000007fff
0000000000007fff
0000000000007fff
0000000000007fff
0000000000007fff
0000000000007fff
0000000000007fff
0000000000007fff
0000000000007fff
0000000000007fff
0000000000007fff
0000000000007fff
0000000000007fff
0000000000007fff
0000000000007fff
0000000000007fff
0000000000007fff
0000000000007fff
0000000000007fff
0000000000007fff
0000000000007fff
0000000000007fff
0000000000007fff
0000000000007fff
0000000000007fff
0000000000007fff
0000000000007fff
0000000000007fff
0000000000007fff
0000000000007fff
0000000000007fff
0000000000007fff
0000000000007fff
0000000000007fff
0000000000007fff
0000000000007fff
0000000000007fff
0000000000007fff
0000000000007fff
0000000000007fff
0000000000007fff
0000000000007fff
0000000000007fff
0000000000007fff
0000000000007fff
0000000000007fff
0000000000007fff
0000000000007fff
0000000000007fff
0000000000007fff
0000000000007fff
0000000000007fff
0000000000007fff
0000000000007fff
0000000000007fff
0000000000007fff
0000000000007fff
0000000000007fff
0000000000007fff
0000000000007fff
0000000000007fff
0000000000007fff
0000000000007fff
0000000000007fff
0000000000007fff
0000000000007fff
0000000000007fff
0000000000007fff
0000000000007fff
0000000000007fff
0000000000007fff
0000000000007fff
0000000000007fff
0000000000007fff
0000000000007fff
0000000000007fff
0000000000007fff
0000000000007fff
0000000000007fff
0000000000007fff
0000000000007fff
0000000000007fff
0000000000007fff
0000000000007fff
0000000000007fff
0000000000007fff
0000000000007fff
0000000000007fff
0000000000007fff
0000000000007fff
0000000000007fff
0000000000007fff
0000000000007fff
0000000000007fff
0000000000007fff
0000000000007fff
0000000000007fff
0000000000007fff
0000000000007fff
0000000000007fff
0000000000007fff
0000000000007fff
0000000000007fff
0000000000007fff
0000000000007fff
0000000000007fff
0000000000007fff
0000000000007fff
0000000000007fff
0000000000007fff
0000000000007fff
0000000000007fff
0000000000007fff
0000000000007fff
0000000000007fff
0000000000007fff
0000000000007fff
0000000000007fff
0000000000007fff
0000000000007fff
0000000000007fff
0000000000007fff
0000000000007fff
0000000000007fff
0000000000007fff
0000000000007fff
0000000000007fff
0000000000007fff
0000000000007fff
0000000000007fff
0000000000007fff
0000000000007fff
0000000000007fff
0000000000007fff
0000000000007fff
0000000000007fff
0000000000007fff
0000000000007fff
0000000000007fff
0000000000007fff
0000000000007fff
0000000000007fff
0000000000007fff
0000000000007fff
0000000000007fff
0000000000007fff
0000000000007fff
0000000000007fff
0000000000007fff
0000000000007fff
0000000000007fff
0000000000007fff
0000000000007fff
0000000000007fff
0000000000007fff
0000000000007fff
0000000000007fff
0000000000007fff
0000000000007fff
0000000000007fff
0000000000007fff
0000000000007fff
0000000000007fff
0000000000007fff
0000000000007fff
0000000000007fff
0000000000007fff
0000000000007fff
0000000000007fff
0000000000007fff
0000000000007fff
0000000000007fff
0000000000007fff
0000000000007fff
0000000000007fff
0000000000007fff
0000000000007fff
0000000000007fff
0000000000007fff
0000000000007fff
0000000000007fff
0000000000007fff
0000000000007fff
0000000000007fff
0000000000007fff
0000000000007fff
0000000000007fff
0000000000007fff
0000000000007fff
0000000000007fff
0000000000007fff
0000000000007fff
0000000000007fff
0000000000007fff
0000000000007fff
0000000000007fff
0000000000007fff
0000000000007fff
0000000000007fff
0000000000007fff
0000000000007fff
0000000000007fff
0000000000007fff
0000000000007fff
0000000000007fff
0000000000007fff
0000000000007fff
0000000000007fff
0000000000007fff
0000000000007fff
0000000000007fff
0000000000007fff
0000000000007fff
0000000000007fff
0000000000007fff
0000000000007fff
0000000000007fff
0000000000007fff
0000000000007fff
0000000000007fff
0000000000007fff
0000000000007fff
0000000000007fff
0000000000007fff
0000000000007fff
0000000000007fff
0000000000007fff
0000000000007fff
0000000000007fff
0000000000007fff
0000000000007fff
0000000000007fff
0000000000007fff
0000000000007fff
0000000000007fff
0000000000007fff
0000000000007fff
0000000000007fff
0000000000007fff
0000000000007fff
0000000000007fff
0000000000007fff
0000000000007fff
0000000000007fff
0000000000007fff
0000000000007fff
0000000000007fff
0000000000007fff
0000000000007fff
0000000000007fff
0000000000007fff
0000000000007fff
0000000000007fff
0000000000007fff
0000000000007fff
0000000000007fff
0000000000007fff
0000000000007fff
0000000000007fff
0000000000007fff
0000000000007fff
0000000000007fff
0000000000007fff
0000000000007fff
0000000000007fff
0000000000007fff
0000000000007fff
0000000000007fff
0000000000007fff
0000000000007fff
0000000000007fff
0000000000007fff
0000000000007fff
0000000000007fff
0000000000007fff
0000000000007fff
0000000000007fff
0000000000007fff
0000000000007fff
0000000000007fff
0000000000007fff
0000000000007fff
0000000000007fff
0000000000007fff
0000000000007fff
0000000000007fff
0000000000007fff
0000000000007fff
0000000000007fff
0000000000007fff
0000000000007fff
0000000000007fff
0000000000007fff
0000000000007fff
0000000000007fff
0000000000007fff
0000000000007fff
0000000000007fff
0000000000007fff
0000000000007fff
0000000000007fff
0000000000007fff
0000000000007fff
0000000000007fff
0000000000007fff
0000000000007fff
0000000000007fff
0000000000007fff
0000000000007fff
0000000000007fff
0000000000007fff
0000000000007fff
0000000000007fff
0000000000007fff
0000000000007fff
0000000000007fff
0000000000007fff
0000000000007fff
0000000000007fff
0000000000007fff
0000000000007fff
0000000000007fff
0000000000007fff
0000000000007fff
0000000000007fff
0000000000007fff
0000000000007fff
0000000000007fff
0000000000007fff
0000000000007fff
0000000000007fff
0000000000007fff
0000000000007fff
0000000000007fff
0000000000007fff
0000000000007fff
0000000000007fff
0000000000007fff
0000000000007fff
0000000000007fff
0000000000007fff
0000000000007fff
0000000000007fff
0000000000007fff
0000000000007fff
0000000000007fff
0000000000007fff
0000000000007fff
0000000000007fff
0000000000007fff
0000000000007fff
0000000000007fff
0000000000007fff
0000000000007fff
0000000000007fff
0000000000007fff
0000000000007fff
0000000000007fff
0000000000007fff
0000000000007fff
0000000000007fff
0000000000007fff
0000000000007fff
0000000000007fff
0000000000007fff
0000000000007fff
0000000000007fff
0000000000007fff
0000000000007fff
0000000000007fff
0000000000007fff
0000000000007fff
0000000000007fff
0000000000007fff
0000000000007fff
0000000000007fff
0000000000007fff
0000000000007fff
0000000000007fff
0000000000007fff
0000000000007fff
0000000000007fff
0000000000007fff
0000000000007fff
0000000000007fff
0000000000007fff
0000000000007fff
0000000000007fff
0000000000007fff
0000000000007fff
0000000000007fff
0000000000007fff
0000000000007fff
0000000000007fff
0000000000007fff
0000000000007fff
0000000000007fff
0000000000007fff
0000000000007fff
0000000000007fff
0000000000007fff
0000000000007fff
0000000000007fff
0000000000007fff
0000000000007fff
0000000000007fff
0000000000007fff
0000000000007fff
0000000000007fff
0000000000007fff
0000000000007fff
0000000000007fff
0000000000007fff
0000000000007fff
0000000000007fff
0000000000007fff
0000000000007fff
0000000000007fff
0000000000007fff
0000000000007fff
0000000000007fff
0000000000007fff
0000000000007fff
0000000000007fff
0000000000007fff
0000000000007fff
0000000000007fff
0000000000007fff
0000000000007fff
0000000000007fff
0000000000007fff
0000000000007fff
0000000000007fff
0000000000007fff
0000000000007fff
0000000000007fff
0000000000007fff
0000000000007fff
0000000000007fff
0000000000007fff
0000000000007fff
0000000000007fff
0000000000007fff
0000000000007fff
0000000000007fff
0000000000007fff
0000000000007fff
0000000000007fff
0000000000007fff
0000000000007fff
0000000000007fff
0000000000007fff
0000000000007fff
0000000000007fff
0000000000007fff
0000000000007fff
0000000000007fff
0000000000007fff
0000000000007fff
0000000000007fff
0000000000007fff
0000000000007fff
0000000000007fff
0000000000007fff
0000000000007fff
0000000000007fff
0000000000007fff
0000000000007fff
0000000000007fff
0000000000007fff
0000000000007fff
0000000000007fff
0000000000007fff
0000000000007fff
0000000000007fff
0000000000007fff
0000000000007fff
0000000000007fff
0000000000007fff
0000000000007fff
0000000000007fff
0000000000007fff
0000000000007fff
0000000000007fff
0000000000007fff
0000000000007fff
0000000000007fff
0000000000007fff
0000000000007fff
0000000000007fff
0000000000007fff
0000000000007fff
0000000000007fff
0000000000007fff
0000000000007fff
0000000000007fff
0000000000007fff
0000000000007fff
0000000000007fff
0000000000007fff
0000000000007fff
0000000000007fff
0000000000007fff
0000000000007fff
0000000000007fff
0000000000007fff
0000000000007fff
0000000000007fff
0000000000007fff
0000000000007fff
0000000000007fff
0000000000007fff
0000000000007fff
0000000000007fff
0000000000007fff
0000000000007fff
0000000000007fff
0000000000007fff
0000000000007fff
0000000000007fff
0000000000007fff
0000000000007fff
0000000000007fff
0000000000007fff
0000000000007fff
0000000000007fff
0000000000007fff
0000000000007fff
0000000000007fff
0000000000007fff
0000000000007fff
0000000000007fff
0000000000007fff
0000000000007fff
0000000000007fff
0000000000007fff
0000000000007fff
0000000000007fff
0000000000007fff
0000000000007fff
0000000000007fff
0000000000007fff
0000000000007fff
0000000000007fff
0000000000007fff
0000000000007fff
0000000000007fff
0000000000007fff
0000000000007fff
0000000000007fff
0000000000007fff
0000000000007fff
0000000000007fff
0000000000007fff
0000000000007fff
0000000000007fff
0000000000007fff
0000000000007fff
0000000000007fff
0000000000007fff
0000000000007fff
0000000000007fff
0000000000007fff
0000000000007fff
0000000000007fff
0000000000007fff
0000000000007fff
0000000000007fff
0000000000007fff
0000000000007fff
0000000000007fff
0000000000007fff
0000000000007fff
0000000000007fff
0000000000007fff
0000000000007fff
0000000000007fff
0000000000007fff
0000000000007fff
0000000000007fff
0000000000007fff
0000000000007fff
0000000000007fff
0000000000007fff
0000000000007fff
0000000000007fff
0000000000007fff
0000000000007fff
0000000000007fff
0000000000007fff
0000000000007fff
0000000000007fff
0000000000007fff
0000000000007fff
0000000000007fff
0000000000007fff
0000000000007fff
0000000000007fff
0000000000007fff
0000000000007fff
0000000000007fff
0000000000007fff
0000000000007fff
0000000000007fff
0000000000007fff
0000000000007fff
0000000000007fff
0000000000007fff
0000000000007fff
0000000000007fff
0000000000007fff
0000000000007fff
0000000000007fff
0000000000007fff
0000000000007fff
0000000000007fff
0000000000007fff
0000000000007fff
0000000000007fff
0000000000007fff
0000000000007fff
0000000000007fff
0000000000007fff
0000000000007fff
0000000000007fff
0000000000007fff
0000000000007fff
0000000000007fff
0000000000007fff
0000000000007fff
0000000000007fff
0000000000007fff
0000000000007fff
0000000000007fff
0000000000007fff
0000000000007fff
0000000000007fff
0000000000007fff
0000000000007fff
0000000000007fff
0000000000007fff
0000000000007fff
0000000000007fff
0000000000007fff
0000000000007fff
0000000000007fff
0000000000007fff
0000000000007fff
0000000000007fff
0000000000007fff
0000000000007fff
0000000000007fff
0000000000007fff
0000000000007fff
0000000000007fff
0000000000007fff
0000000000007fff
0000000000007fff
0000000000007fff
0000000000007fff
0000000000007fff
0000000000007fff
0000000000007fff
0000000000007fff
0000000000007fff
0000000000007fff
0000000000007fff
0000000000007fff
0000000000007fff
0000000000007fff
0000000000007fff
0000000000007fff
0000000000007fff
0000000000007fff
0000000000007fff
0000000000007fff
0000000000007fff
0000000000007fff
0000000000007fff
0000000000007fff
0000000000007fff
0000000000007fff
0000000000007fff
0000000000007fff
0000000000007fff
0000000000007fff
0000000000007fff
0000000000007fff
0000000000007fff
0000000000007fff
0000000000007fff
0000000000007fff
0000000000007fff
0000000000007fff
0000000000007fff
0000000000007fff
0000000000007fff
0000000000007fff
0000000000007fff
0000000000007fff
0000000000007fff
0000000000007fff
0000000000007fff
0000000000007fff
0000000000007fff
0000000000007fff
0000000000007fff
0000000000007fff
0000000000007fff
0000000000007fff
0000000000007fff
0000000000007fff
0000000000007fff
0000000000007fff
0000000000007fff
0000000000007fff
0000000000007fff
0000000000007fff
0000000000007fff
0000000000007fff
0000000000007fff
0000000000007fff
0000000000007fff
0000000000007fff
0000000000007fff
0000000000007fff
0000000000007fff
0000000000007fff
0000000000007fff
0000000000007fff
0000000000007fff
0000000000007fff
0000000000007fff
0000000000007fff
0000000000007fff
0000000000007fff
0000000000007fff
0000000000007fff
0000000000007fff
0000000000007fff
0000000000007fff
0000000000007fff
0000000000007fff
0000000000007fff
0000000000007fff
0000000000007fff
0000000000007fff
0000000000007fff
0000000000007fff
0000000000007fff
0000000000007fff
0000000000007fff
0000000000007fff
0000000000007fff
0000000000007fff
0000000000007fff
0000000000007fff
0000000000007fff
0000000000007fff
0000000000007fff
0000000000007fff
0000000000007fff
0000000000007fff
0000000000007fff
0000000000007fff
0000000000007fff
0000000000007fff
0000000000007fff
0000000000007fff
0000000000007fff
0000000000007fff
0000000000007fff
0000000000007fff
0000000000007fff
0000000000007fff
0000000000007fff
0000000000007fff
0000000000007fff
0000000000007fff
0000000000007fff
0000000000007fff
0000000000007fff
0000000000007fff
0000000000007fff
0000000000007fff
0000000000007fff
0000000000007fff
0000000000007fff
0000000000007fff
0000000000007fff
0000000000007fff
0000000000007fff
0000000000007fff
0000000000007fff
0000000000007fff
0000000000007fff
0000000000007fff
0000000000007fff
0000000000007fff
0000000000007fff
0000000000007fff
0000000000007fff
0000000000007fff
0000000000007fff
0000000000007fff
0000000000007fff
0000000000007fff
0000000000007fff
0000000000007fff
0000000000007fff
0000000000007fff
0000000000007fff
0000000000007fff
0000000000007fff
0000000000007fff
0000000000007fff
0000000000007fff
0000000000007fff
0000000000007fff
0000000000007fff
0000000000007fff
0000000000007fff
0000000000007fff
0000000000007fff
0000000000007fff
0000000000007fff
0000000000007fff
0000000000007fff
0000000000007fff
0000000000007fff
0000000000007fff
0000000000007fff
0000000000007fff
0000000000007fff
0000000000007fff
0000000000007fff
0000000000007fff
0000000000007fff
0000000000007fff
0000000000007fff
0000000000007fff
0000000000007fff
0000000000007fff
0000000000007fff
0000000000007fff
0000000000007fff
0000000000007fff
0000000000007fff
0000000000007fff
0000000000007fff
0000000000007fff
0000000000007fff
0000000000007fff
0000000000007fff
0000000000007fff
0000000000007fff
0000000000007fff
0000000000007fff
0000000000007fff
0000000000007fff
0000000000007fff
0000000000007fff
0000000000007fff
0000000000007fff
0000000000007fff
0000000000007fff
0000000000007fff
0000000000007fff
0000000000007fff
0000000000007fff
0000000000007fff
0000000000007fff
0000000000007fff
0000000000007fff
0000000000007fff
0000000000007fff
0000000000007fff
0000000000007fff
0000000000007fff
0000000000007fff
0000000000007fff
0000000000007fff
0000000000007fff
0000000000007fff
0000000000007fff
0000000000007fff
0000000000007fff
0000000000007fff
0000000000007fff
0000000000007fff
0000000000007fff
0000000000007fff
0000000000007fff
0000000000007fff
0000000000007fff
0000000000007fff
0000000000007fff
0000000000007fff
0000000000007fff
0000000000007fff
0000000000007fff
0000000000007fff
0000000000007fff
0000000000007fff
0000000000007fff
0000000000007fff
0000000000007fff
0000000000007fff
0000000000007fff
0000000000007fff
0000000000007fff
0000000000007fff
0000000000007fff
0000000000007fff
0000000000007fff
0000000000007fff
0000000000007fff
0000000000007fff
0000000000007fff
0000000000007fff
0000000000007fff
0000000000007fff
0000000000007fff
0000000000007fff
0000000000007fff
0000000000007fff
0000000000007fff
0000000000007fff
0000000000007fff
0000000000007fff
0000000000007fff
0000000000007fff
0000000000007fff
0000000000007fff
0000000000007fff
0000000000007fff
0000000000007fff
0000000000007fff
0000000000007fff
0000000000007fff
0000000000007fff
0000000000007fff
0000000000007fff
0000000000007fff
0000000000007fff
0000000000007fff
0000000000007fff
0000000000007fff
0000000000007fff
0000000000007fff
0000000000007fff
0000000000007fff
0000000000007fff
0000000000007fff
0000000000007fff
0000000000007fff
0000000000007fff
0000000000007fff
0000000000007fff
0000000000007fff
0000000000007fff
0000000000007fff
0000000000007fff
0000000000007fff
0000000000007fff
0000000000007fff
0000000000007fff
0000000000007fff
0000000000007fff
0000000000007fff
0000000000007fff
0000000000007fff
0000000000007fff
0000000000007fff
0000000000007fff
0000000000007fff
0000000000007fff
0000000000007fff
0000000000007fff
0000000000007fff
0000000000007fff
0000000000007fff
0000000000007fff
0000000000007fff
0000000000007fff
0000000000007fff
0000000000007fff
0000000000007fff
0000000000007fff
0000000000007fff
0000000000007fff
0000000000007fff
0000000000007fff
0000000000007fff
0000000000007fff
0000000000007fff
0000000000007fff
0000000000007fff
0000000000007fff
0000000000007fff
0000000000007fff
0000000000007fff
0000000000007fff
0000000000007fff
0000000000007fff
0000000000007fff
0000000000007fff
0000000000007fff
0000000000007fff
0000000000007fff
0000000000007fff
0000000000007fff
0000000000007fff
0000000000007fff
0000000000007fff
0000000000007fff
0000000000007fff
0000000000007fff
0000000000007fff
0000000000007fff
0000000000007fff
0000000000007fff
0000000000007fff
0000000000007fff
0000000000007fff
0000000000007fff
0000000000007fff
0000000000007fff
0000000000007fff
0000000000007fff
0000000000007fff
0000000000007fff
0000000000007fff
0000000000007fff
0000000000007fff
0000000000007fff
0000000000007fff
0000000000007fff
0000000000007fff
0000000000007fff
0000000000007fff
0000000000007fff
0000000000007fff
0000000000007fff
0000000000007fff
0000000000007fff
0000000000007fff
0000000000007fff
0000000000007fff
0000000000007fff
0000000000007fff
0000000000007fff
0000000000007fff
0000000000007fff
0000000000007fff
0000000000007fff
0000000000007fff
0000000000007fff
0000000000007fff
0000000000007fff
0000000000007fff
0000000000007fff
0000000000007fff
0000000000007fff
0000000000007fff
0000000000007fff
0000000000007fff
0000000000007fff
0000000000007fff
0000000000007fff
0000000000007fff
0000000000007fff
0000000000007fff
0000000000007fff
0000000000007fff
0000000000007fff
0000000000007fff
0000000000007fff
0000000000007fff
0000000000007fff
0000000000007fff
0000000000007fff
0000000000007fff
0000000000007fff
0000000000007fff
0000000000007fff
0000000000007fff
0000000000007fff
0000000000007fff
0000000000007fff
0000000000007fff
0000000000007fff
0000000000007fff
0000000000007fff
0000000000007fff
0000000000007fff
0000000000007fff
0000000000007fff
0000000000007fff
0000000000007fff
0000000000007fff
0000000000007fff
0000000000007fff
0000000000007fff
0000000000007fff
0000000000007fff
0000000000007fff
0000000000007fff
0000000000007fff
0000000000007fff
0000000000007fff
0000000000007fff
0000000000007fff
0000000000007fff
0000000000007fff
0000000000007fff
0000000000007fff
0000000000007fff
0000000000007fff
0000000000007fff
0000000000007fff
0000000000007fff
0000000000007fff
0000000000007fff
0000000000007fff
0000000000007fff
0000000000007fff
0000000000007fff
0000000000007fff
0000000000007fff
0000000000007fff
0000000000007fff
0000000000007fff
0000000000007fff
0000000000007fff
0000000000007fff
0000000000007fff
0000000000007fff
0000000000007fff
0000000000007fff
0000000000007fff
0000000000007fff
0000000000007fff
0000000000007fff
0000000000007fff
0000000000007fff
0000000000007fff
0000000000007fff
0000000000007fff
0000000000007fff
0000000000007fff
0000000000007fff
0000000000007fff
0000000000007fff
0000000000007fff
0000000000007fff
0000000000007fff
0000000000007fff
0000000000007fff
0000000000007fff
0000000000007fff
0000000000007fff
0000000000007fff
0000000000007fff
0000000000007fff
0000000000007fff
0000000000007fff
0000000000007fff
0000000000007fff
0000000000007fff
0000000000007fff
0000000000007fff
0000000000007fff
0000000000007fff
0000000000007fff
0000000000007fff
0000000000007fff
0000000000007fff
0000000000007fff
0000000000007fff
0000000000007fff
0000000000007fff
0000000000007fff
0000000000007fff
0000000000007fff
0000000000007fff
0000000000007fff
0000000000007fff
0000000000007fff
0000000000007fff
0000000000007fff
0000000000007fff
0000000000007fff
0000000000007fff
0000000000007fff
0000000000007fff
0000000000007fff
0000000000007fff
0000000000007fff
0000000000007fff
0000000000007fff
0000000000007fff
0000000000007fff
0000000000007fff
0000000000007fff
0000000000007fff
0000000000007fff
0000000000007fff
0000000000007fff
0000000000007fff
0000000000007fff
0000000000007fff
0000000000007fff
0000000000007fff
0000000000007fff
0000000000007fff
0000000000007fff
0000000000007fff
0000000000007fff
0000000000007fff
0000000000007fff
0000000000007fff
0000000000007fff
0000000000007fff
0000000000007fff
0000000000007fff
0000000000007fff
0000000000007fff
0000000000007fff
0000000000007fff
0000000000007fff
0000000000007fff
0000000000007fff
0000000000007fff
0000000000007fff
0000000000007fff
0000000000007fff
0000000000007fff
0000000000007fff
0000000000007fff
0000000000007fff
0000000000007fff
0000000000007fff
0000000000007fff
0000000000007fff
0000000000007fff
0000000000007fff
0000000000007fff
0000000000007fff
0000000000007fff
0000000000007fff
0000000000007fff
0000000000007fff
0000000000007fff
0000000000007fff
0000000000007fff
0000000000007fff
0000000000007fff
0000000000007fff
0000000000007fff
0000000000007fff
0000000000007fff
0000000000007fff
0000000000007fff
0000000000007fff
0000000000007fff
0000000000007fff
0000000000007fff
0000000000007fff
0000000000007fff
0000000000007fff
0000000000007fff
0000000000007fff
0000000000007fff
0000000000007fff
0000000000007fff
0000000000007fff
0000000000007fff
0000000000007fff
0000000000007fff
0000000000007fff
0000000000007fff
0000000000007fff
0000000000007fff
0000000000007fff
0000000000007fff
0000000000007fff
0000000000007fff
0000000000007fff
0000000000007fff
0000000000007fff
0000000000007fff
0000000000007fff
0000000000007fff
0000000000007fff
0000000000007fff
0000000000007fff
0000000000007fff
0000000000007fff
0000000000007fff
0000000000007fff
0000000000007fff
0000000000007fff
0000000000007fff
0000000000007fff
0000000000007fff
0000000000007fff
0000000000007fff
0000000000007fff
0000000000007fff
0000000000007fff
0000000000007fff
0000000000007fff
0000000000007fff
0000000000007fff
0000000000007fff
0000000000007fff
0000000000007fff
0000000000007fff
0000000000007fff
0000000000007fff
0000000000007fff
0000000000007fff
0000000000007fff
0000000000007fff
0000000000007fff
0000000000007fff
0000000000007fff
0000000000007fff
0000000000007fff
0000000000007fff
0000000000007fff
0000000000007fff
0000000000007fff
0000000000007fff
0000000000007fff
0000000000007fff
0000000000007fff
0000000000007fff
0000000000007fff
0000000000007fff
0000000000007fff
0000000000007fff
0000000000007fff
0000000000007fff
0000000000007fff
0000000000007fff
0000000000007fff
0000000000007fff
0000000000007fff
0000000000007fff
0000000000007fff
0000000000007fff
0000000000007fff
0000000000007fff
0000000000007fff
0000000000007fff
0000000000007fff
0000000000007fff
0000000000007fff
0000000000007fff
0000000000007fff
0000000000007fff
0000000000007fff
0000000000007fff
0000000000007fff
0000000000007fff
0000000000007fff
0000000000007fff
0000000000007fff
0000000000007fff
0000000000007fff
0000000000007fff
0000000000007fff
0000000000007fff
0000000000007fff
0000000000007fff
0000000000007fff
0000000000007fff
0000000000007fff
0000000000007fff
0000000000007fff
0000000000007fff
0000000000007fff
0000000000007fff
0000000000007fff
0000000000007fff
0000000000007fff
0000000000007fff
0000000000007fff
0000000000007fff
0000000000007fff
0000000000007fff
0000000000007fff
0000000000007fff
0000000000007fff
0000000000007fff
0000000000007fff
0000000000007fff
0000000000007fff
0000000000007fff
0000000000007fff
0000000000007fff
0000000000007fff
0000000000007fff
0000000000007fff
0000000000007fff
0000000000007fff
0000000000007fff
0000000000007fff
0000000000007fff
0000000000007fff
0000000000007fff
0000000000007fff
0000000000007fff
0000000000007fff
0000000000007fff
0000000000007fff
0000000000007fff
0000000000007fff
0000000000007fff
0000000000007fff
0000000000007fff
0000000000007fff
0000000000007fff
0000000000007fff
0000000000007fff
0000000000007fff
0000000000007fff
0000000000007fff
0000000000007fff
0000000000007fff
0000000000007fff
0000000000007fff
0000000000007fff
0000000000007fff
0000000000007fff
0000000000007fff
0000000000007fff
0000000000007fff
0000000000007fff
0000000000007fff
0000000000007fff
0000000000007fff
0000000000007fff
0000000000007fff
0000000000007fff
0000000000007fff
0000000000007fff
0000000000007fff
0000000000007fff
0000000000007fff
0000000000007fff
0000000000007fff
0000000000007fff
0000000000007fff
0000000000007fff
0000000000007fff
0000000000007fff
0000000000007fff
0000000000007fff
0000000000007fff
0000000000007fff
0000000000007fff
0000000000007fff
0000000000007fff
0000000000007fff
0000000000007fff
0000000000007fff
0000000000007fff
0000000000007fff
0000000000007fff
0000000000007fff
0000000000007fff
0000000000007fff
0000000000007fff
0000000000007fff
0000000000007fff
0000000000007fff
0000000000007fff
0000000000007fff
0000000000007fff
0000000000007fff
0000000000007fff
0000000000007fff
0000000000007fff
0000000000007fff
0000000000007fff
0000000000007fff
0000000000007fff
0000000000007fff
0000000000007fff
0000000000007fff
0000000000007fff
0000000000007fff
0000000000007fff
0000000000007fff
0000000000007fff
0000000000007fff
0000000000007fff
0000000000007fff
0000000000007fff
0000000000007fff
0000000000007fff
0000000000007fff
0000000000007fff
0000000000007fff
0000000000007fff
0000000000007fff
0000000000007fff
0000000000007fff
0000000000007fff
0000000000007fff
0000000000007fff
0000000000007fff
0000000000007fff
0000000000007fff
0000000000007fff
0000000000007fff
0000000000007fff
0000000000007fff
0000000000007fff
0000000000007fff
0000000000007fff
0000000000007fff
0000000000007fff
0000000000007fff
0000000000007fff
0000000000007fff
0000000000007fff
0000000000007fff
0000000000007fff
0000000000007fff
0000000000007fff
0000000000007fff
0000000000007fff
0000000000007fff
0000000000007fff
0000000000007fff
0000000000007fff
0000000000007fff
0000000000007fff
0000000000007fff
0000000000007fff
0000000000007fff
0000000000007fff
0000000000007fff
0000000000007fff
0000000000007fff
0000000000007fff
0000000000007fff
0000000000007fff
0000000000007fff
0000000000007fff
0000000000007fff
0000000000007fff
0000000000007fff
0000000000007fff
0000000000007fff
0000000000007fff
0000000000007fff
0000000000007fff
0000000000007fff
0000000000007fff
0000000000007fff
0000000000007fff
0000000000007fff
0000000000007fff
0000000000007fff
0000000000007fff
0000000000007fff
0000000000007fff
0000000000007fff
0000000000007fff
0000000000007fff
0000000000007fff
0000000000007fff
0000000000007fff
0000000000007fff
0000000000007fff
0000000000007fff
0000000000007fff
0000000000007fff
0000000000007fff
0000000000007fff
0000000000007fff
0000000000007fff
0000000000007fff
0000000000007fff
0000000000007fff
0000000000007fff
0000000000007fff
0000000000007fff
0000000000007fff
0000000000007fff
0000000000007fff
0000000000007fff
0000000000007fff
0000000000007fff
0000000000007fff
0000000000007fff
0000000000007fff
0000000000007fff
0000000000007fff
0000000000007fff
0000000000007fff
0000000000007fff
0000000000007fff
0000000000007fff
0000000000007fff
0000000000007fff
0000000000007fff
0000000000007fff
0000000000007fff
0000000000007fff
0000000000007fff
0000000000007fff
0000000000007fff
0000000000007fff
0000000000007fff
0000000000007fff
0000000000007fff
0000000000007fff
0000000000007fff
0000000000007fff
0000000000007fff
0000000000007fff
0000000000007fff
0000000000007fff
0000000000007fff
0000000000007fff
0000000000007fff
0000000000007fff
0000000000007fff
0000000000007fff
0000000000007fff
0000000000007fff
0000000000007fff
0000000000007fff
0000000000007fff
0000000000007fff
0000000000007fff
0000000000007fff
0000000000007fff
0000000000007fff
0000000000007fff
0000000000007fff
0000000000007fff
0000000000007fff
0000000000007fff
0000000000007fff
0000000000007fff
0000000000007fff
0000000000007fff
0000000000007fff
0000000000007fff
0000000000007fff
0000000000007fff
0000000000007fff
0000000000007fff
0000000000007fff
0000000000007fff
0000000000007fff
0000000000007fff
0000000000007fff
0000000000007fff
0000000000007fff
0000000000007fff
0000000000007fff
0000000000007fff
0000000000007fff
0000000000007fff
0000000000007fff
0000000000007fff
0000000000007fff
0000000000007fff
0000000000007fff
0000000000007fff
0000000000007fff
0000000000007fff
0000000000007fff
0000000000007fff
0000000000007fff
0000000000007fff
0000000000007fff
0000000000007fff
0000000000007fff
0000000000007fff
0000000000007fff
0000000000007fff
0000000000007fff
0000000000007fff
0000000000007fff
0000000000007fff
0000000000007fff
0000000000007fff
0000000000007fff
0000000000007fff
0000000000007fff
0000000000007fff
0000000000007fff
0000000000007fff
0000000000007fff
0000000000007fff
0000000000007fff
0000000000007fff
0000000000007fff
0000000000007fff
0000000000007fff
0000000000007fff
0000000000007fff
0000000000007fff
0000000000007fff
0000000000007fff
0000000000007fff
0000000000007fff
0000000000007fff
0000000000007fff
0000000000007fff
0000000000007fff
0000000000007fff
0000000000007fff
0000000000007fff
0000000000007fff
0000000000007fff
0000000000007fff
0000000000007fff
0000000000007fff
0000000000007fff
0000000000007fff
0000000000007fff
0000000000007fff
0000000000007fff
0000000000007fff
0000000000007fff
0000000000007fff
0000000000007fff
0000000000007fff
0000000000007fff
0000000000007fff
0000000000007fff
0000000000007fff
0000000000007fff
0000000000007fff
0000000000007fff
0000000000007fff
0000000000007fff
0000000000007fff
0000000000007fff
0000000000007fff
0000000000007fff
0000000000007fff
0000000000007fff
0000000000007fff
0000000000007fff
0000000000007fff
0000000000007fff
0000000000007fff
0000000000007fff
0000000000007fff
0000000000007fff
0000000000007fff
0000000000007fff
0000000000007fff
0000000000007fff
0000000000007fff
0000000000007fff
0000000000007fff
0000000000007fff
0000000000007fff
0000000000007fff
0000000000007fff
0000000000007fff
0000000000007fff
0000000000007fff
0000000000007fff
0000000000007fff
0000000000007fff
0000000000007fff
0000000000007fff
0000000000007fff
0000000000007fff
0000000000007fff
0000000000007fff
0000000000007fff
0000000000007fff
0000000000007fff
0000000000007fff
0000000000007fff
0000000000007fff
0000000000007fff
0000000000007fff
0000000000007fff
0000000000007fff
0000000000007fff
0000000000007fff
0000000000007fff
0000000000007fff
0000000000007fff
0000000000007fff
0000000000007fff
0000000000007fff
0000000000007fff
0000000000007fff
0000000000007fff
0000000000007fff
0000000000007fff
0000000000007fff
0000000000007fff
0000000000007fff
0000000000007fff
0000000000007fff
0000000000007fff
0000000000007fff
0000000000007fff
0000000000007fff
0000000000007fff
0000000000007fff
0000000000007fff
0000000000007fff
0000000000007fff
0000000000007fff
0000000000007fff
0000000000007fff
0000000000007fff
0000000000007fff
0000000000007fff
0000000000007fff
0000000000007fff
0000000000007fff
0000000000007fff
0000000000007fff
0000000000007fff
0000000000007fff
0000000000007fff
0000000000007fff
0000000000007fff
0000000000007fff
0000000000007fff
0000000000007fff
0000000000007fff
0000000000007fff
0000000000007fff
0000000000007fff
0000000000007fff
0000000000007fff
0000000000007fff
0000000000007fff
0000000000007fff
0000000000007fff
0000000000007fff
0000000000007fff
0000000000007fff
0000000000007fff
0000000000007fff
0000000000007fff
0000000000007fff
0000000000007fff
0000000000007fff
0000000000007fff
0000000000007fff
0000000000007fff
0000000000007fff
0000000000007fff
0000000000007fff
0000000000007fff
0000000000007fff
0000000000007fff
0000000000007fff
0000000000007fff
0000000000007fff
0000000000007fff
0000000000007fff
0000000000007fff
0000000000007fff
0000000000007fff
0000000000007fff
0000000000007fff
0000000000007fff
0000000000007fff
0000000000007fff
0000000000007fff
0000000000007fff
0000000000007fff
0000000000007fff
0000000000007fff
0000000000007fff
0000000000007fff
0000000000007fff
0000000000007fff
0000000000007fff
0000000000007fff
0000000000007fff
0000000000007fff
0000000000007fff
0000000000007fff
0000000000007fff
0000000000007fff
0000000000007fff
0000000000007fff
0000000000007fff
0000000000007fff
0000000000007fff
0000000000007fff
0000000000007fff
0000000000007fff
0000000000007fff
0000000000007fff
0000000000007fff
0000000000007fff
0000000000007fff
0000000000007fff
0000000000007fff
0000000000007fff
0000000000007fff
0000000000007fff
0000000000007fff
0000000000007fff
0000000000007fff
0000000000007fff
0000000000007fff
0000000000007fff
0000000000007fff
0000000000007fff
0000000000007fff
0000000000007fff
0000000000007fff
0000000000007fff
0000000000007fff
0000000000007fff
0000000000007fff
0000000000007fff
0000000000007fff
0000000000007fff
0000000000007fff
0000000000007fff
0000000000007fff
0000000000007fff
0000000000007fff
0000000000007fff
0000000000007fff
0000000000007fff
0000000000007fff
0000000000007fff
0000000000007fff
0000000000007fff
0000000000007fff
0000000000007fff
0000000000007fff
0000000000007fff
0000000000007fff
0000000000007fff
0000000000007fff
0000000000007fff
0000000000007fff
0000000000007fff
0000000000007fff
0000000000007fff
0000000000007fff
0000000000007fff
0000000000007fff
0000000000007fff
0000000000007fff
0000000000007fff
0000000000007fff
0000000000007fff
0000000000007fff
0000000000007fff
0000000000007fff
0000000000007fff
0000000000007fff
0000000000007fff
0000000000007fff
0000000000007fff
0000000000007fff
0000000000007fff
0000000000007fff
0000000000007fff
0000000000007fff
0000000000007fff
0000000000007fff
0000000000007fff
0000000000007fff
0000000000007fff
0000000000007fff
0000000000007fff
0000000000007fff
0000000000007fff
0000000000007fff
0000000000007fff
0000000000007fff
0000000000007fff
0000000000007fff
0000000000007fff
0000000000007fff
0000000000007fff
0000000000007fff
0000000000007fff
0000000000007fff
0000000000007fff
0000000000007fff
0000000000007fff
0000000000007fff
0000000000007fff
0000000000007fff
0000000000007fff
0000000000007fff
0000000000007fff
0000000000007fff
0000000000007fff
0000000000007fff
0000000000007fff
0000000000007fff
0000000000007fff
0000000000007fff
0000000000007fff
0000000000007fff
0000000000007fff
0000000000007fff
0000000000007fff
0000000000007fff
0000000000007fff
0000000000007fff
0000000000007fff
0000000000007fff
0000000000007fff
0000000000007fff
0000000000007fff
0000000000007fff
0000000000007fff
0000000000007fff
0000000000007fff
0000000000007fff
0000000000007fff
0000000000007fff
0000000000007fff
0000000000007fff
0000000000007fff
0000000000007fff
0000000000007fff
0000000000007fff
0000000000007fff
0000000000007fff
0000000000007fff
0000000000007fff
0000000000007fff
0000000000007fff
0000000000007fff
0000000000007fff
0000000000007fff
0000000000007fff
0000000000007fff
0000000000007fff
0000000000007fff
0000000000007fff
0000000000007fff
0000000000007fff
0000000000007fff
0000000000007fff
0000000000007fff
0000000000007fff
0000000000007fff
0000000000007fff
0000000000007fff
0000000000007fff
0000000000007fff
0000000000007fff
0000000000007fff
0000000000007fff
0000000000007fff
0000000000007fff
0000000000007fff
0000000000007fff
0000000000007fff
0000000000007fff
0000000000007fff
0000000000007fff
0000000000007fff
0000000000007fff
0000000000007fff
0000000000007fff
0000000000007fff
0000000000007fff
0000000000007fff
0000000000007fff
0000000000007fff
0000000000007fff
0000000000007fff
0000000000007fff
0000000000007fff
0000000000007fff
0000000000007fff
0000000000007fff
0000000000007fff
0000000000007fff
0000000000007fff
0000000000007fff
0000000000007fff
0000000000007fff
0000000000007fff
0000000000007fff
0000000000007fff
0000000000007fff
0000000000007fff
0000000000007fff
0000000000007fff
0000000000007fff
0000000000007fff
0000000000007fff
0000000000007fff
0000000000007fff
0000000000007fff
0000000000007fff
0000000000007fff
0000000000007fff
0000000000007fff
0000000000007fff
0000000000007fff
0000000000007fff
0000000000007fff
0000000000007fff
0000000000007fff
0000000000007fff
0000000000007fff
0000000000007fff
0000000000007fff
0000000000007fff
0000000000007fff
0000000000007fff
0000000000007fff
0000000000007fff
0000000000007fff
0000000000007fff
0000000000007fff
0000000000007fff
0000000000007fff
0000000000007fff
0000000000007fff
0000000000007fff
0000000000007fff
0000000000007fff
0000000000007fff
0000000000007fff
0000000000007fff
0000000000007fff
0000000000007fff
0000000000007fff
0000000000007fff
0000000000007fff
0000000000007fff
0000000000007fff
0000000000007fff
0000000000007fff
0000000000007fff
0000000000007fff
0000000000007fff
0000000000007fff
0000000000007fff
0000000000007fff
0000000000007fff
0000000000007fff
0000000000007fff
0000000000007fff
0000000000007fff
0000000000007fff
0000000000007fff
0000000000007fff
0000000000007fff
0000000000007fff
0000000000007fff
0000000000007fff
0000000000007fff
0000000000007fff
0000000000007fff
0000000000007fff
0000000000007fff
0000000000007fff
0000000000007fff
0000000000007fff
0000000000007fff
0000000000007fff
0000000000007fff
0000000000007fff
0000000000007fff
0000000000007fff
0000000000007fff
0000000000007fff
0000000000007fff
0000000000007fff
0000000000007fff
0000000000007fff
0000000000007fff
0000000000007fff
0000000000007fff
0000000000007fff
0000000000007fff
0000000000007fff
0000000000007fff
0000000000007fff
0000000000007fff
0000000000007fff
0000000000007fff
0000000000007fff
0000000000007fff
0000000000007fff
0000000000007fff
0000000000007fff
0000000000007fff
0000000000007fff
0000000000007fff
0000000000007fff
0000000000007fff
0000000000007fff
0000000000007fff
0000000000007fff
0000000000007fff
0000000000007fff
0000000000007fff
0000000000007fff
0000000000007fff
0000000000007fff
0000000000007fff
0000000000007fff
0000000000007fff
0000000000007fff
0000000000007fff
0000000000007fff
0000000000007fff
0000000000007fff
0000000000007fff
0000000000007fff
0000000000007fff
0000000000007fff
0000000000007fff
0000000000007fff
0000000000007fff
0000000000007fff
0000000000007fff
0000000000007fff
0000000000007fff
0000000000007fff
0000000000007fff
0000000000007fff
0000000000007fff
0000000000007fff
0000000000007fff
0000000000007fff
0000000000007fff
0000000000007fff
0000000000007fff
0000000000007fff
0000000000007fff
0000000000007fff
0000000000007fff
0000000000007fff
0000000000007fff
0000000000007fff
0000000000007fff
0000000000007fff
0000000000007fff
0000000000007fff
0000000000007fff
0000000000007fff
0000000000007fff
0000000000007fff
0000000000007fff
0000000000007fff
0000000000007fff
0000000000007fff
0000000000007fff
0000000000007fff
0000000000007fff
0000000000007fff
0000000000007fff
0000000000007fff
0000000000007fff
0000000000007fff
0000000000007fff
0000000000007fff
0000000000007fff
0000000000007fff
0000000000007fff
0000000000007fff
0000000000007fff
0000000000007fff
0000000000007fff
0000000000007fff
0000000000007fff
0000000000007fff
0000000000007fff
0000000000007fff
0000000000007fff
0000000000007fff
0000000000007fff
0000000000007fff
0000000000007fff
0000000000007fff
0000000000007fff
0000000000007fff
0000000000007fff
0000000000007fff
0000000000007fff
0000000000007fff
0000000000007fff
0000000000007fff
0000000000007fff
0000000000007fff
0000000000007fff
0000000000007fff
0000000000007fff
0000000000007fff
0000000000007fff
0000000000007fff
0000000000007fff
0000000000007fff
0000000000007fff
0000000000007fff
0000000000007fff
0000000000007fff
0000000000007fff
0000000000007fff
0000000000007fff
0000000000007fff
0000000000007fff
0000000000007fff
0000000000007fff
0000000000007fff
0000000000007fff
0000000000007fff
0000000000007fff
0000000000007fff
0000000000007fff
0000000000007fff
0000000000007fff
0000000000007fff
0000000000007fff
0000000000007fff
0000000000007fff
0000000000007fff
0000000000007fff
0000000000007fff
0000000000007fff
0000000000007fff
0000000000007fff
0000000000007fff
0000000000007fff
0000000000007fff
0000000000007fff
0000000000007fff
0000000000007fff
0000000000007fff
0000000000007fff
0000000000007fff
0000000000007fff
0000000000007fff
0000000000007fff
0000000000007fff
0000000000007fff
0000000000007fff
0000000000007fff
0000000000007fff
0000000000007fff
0000000000007fff
0000000000007fff
0000000000007fff
0000000000007fff
0000000000007fff
0000000000007fff
0000000000007fff
0000000000007fff
0000000000007fff
0000000000007fff
0000000000007fff
0000000000007fff
0000000000007fff
0000000000007fff
0000000000007fff
0000000000007fff
0000000000007fff
0000000000007fff
0000000000007fff
0000000000007fff
0000000000007fff
0000000000007fff
0000000000007fff
0000000000007fff
0000000000007fff
0000000000007fff
0000000000007fff
0000000000007fff
0000000000007fff
0000000000007fff
0000000000007fff
0000000000007fff
0000000000007fff
0000000000007fff
0000000000007fff
0000000000007fff
0000000000007fff
0000000000007fff
0000000000007fff
0000000000007fff
0000000000007fff
0000000000007fff
0000000000007fff
0000000000007fff
0000000000007fff
0000000000007fff
0000000000007fff
0000000000007fff
0000000000007fff
0000000000007fff
0000000000007fff
0000000000007fff
0000000000007fff
0000000000007fff
0000000000007fff
0000000000007fff
0000000000007fff
0000000000007fff
0000000000007fff
0000000000007fff
0000000000007fff
0000000000007fff
0000000000007fff
0000000000007fff
0000000000007fff
0000000000007fff
0000000000007fff
0000000000007fff
0000000000007fff
0000000000007fff
0000000000007fff
0000000000007fff
0000000000007fff
0000000000007fff
0000000000007fff
0000000000007fff
0000000000007fff
0000000000007fff
0000000000007fff
0000000000007fff
0000000000007fff
0000000000007fff
0000000000007fff
0000000000007fff
0000000000007fff
0000000000007fff
0000000000007fff
0000000000007fff
0000000000007fff
0000000000007fff
0000000000007fff
0000000000007fff
0000000000007fff
0000000000007fff
0000000000007fff
0000000000007fff
0000000000007fff
0000000000007fff
0000000000007fff
0000000000007fff
0000000000007fff
0000000000007fff
0000000000007fff
0000000000007fff
0000000000007fff
0000000000007fff
0000000000007fff
0000000000007fff
0000000000007fff
0000000000007fff
0000000000007fff
0000000000007fff
0000000000007fff
0000000000007fff
0000000000007fff
0000000000007fff
0000000000007fff
0000000000007fff
0000000000007fff
0000000000007fff
0000000000007fff
0000000000007fff
0000000000007fff
0000000000007fff
0000000000007fff
0000000000007fff
0000000000007fff
0000000000007fff
0000000000007fff
0000000000007fff
0000000000007fff
0000000000007fff
0000000000007fff
0000000000007fff
0000000000007fff
0000000000007fff
0000000000007fff
0000000000007fff
0000000000007fff
0000000000007fff
0000000000007fff
0000000000007fff
0000000000007fff
0000000000007fff
0000000000007fff
0000000000007fff
0000000000007fff
0000000000007fff
0000000000007fff
0000000000007fff
0000000000007fff
0000000000007fff
0000000000007fff
0000000000007fff
0000000000007fff
0000000000007fff
0000000000007fff
0000000000007fff
0000000000007fff
0000000000007fff
0000000000007fff
0000000000007fff
0000000000007fff
0000000000007fff
0000000000007fff
0000000000007fff
0000000000007fff
0000000000007fff
0000000000007fff
0000000000007fff
0000000000007fff
0000000000007fff
0000000000007fff
0000000000007fff
0000000000007fff
0000000000007fff
0000000000007fff
0000000000007fff
0000000000007fff
0000000000007fff
0000000000007fff
0000000000007fff
0000000000007fff
0000000000007fff
0000000000007fff
0000000000007fff
0000000000007fff
0000000000007fff
0000000000007fff
0000000000007fff
0000000000007fff
0000000000007fff
0000000000007fff
0000000000007fff
0000000000007fff
0000000000007fff
0000000000007fff
0000000000007fff
0000000000007fff
0000000000007fff
0000000000007fff
0000000000007fff
0000000000007fff
0000000000007fff
0000000000007fff
0000000000007fff
0000000000007fff
0000000000007fff
0000000000007fff
0000000000007fff
0000000000007fff
0000000000007fff
0000000000007fff
0000000000007fff
0000000000007fff
0000000000007fff
0000000000007fff
0000000000007fff
0000000000007fff
0000000000007fff
0000000000007fff
0000000000007fff
0000000000007fff
0000000000007fff
0000000000007fff
0000000000007fff
0000000000007fff
0000000000007fff
0000000000007fff
0000000000007fff
0000000000007fff
0000000000007fff
0000000000007fff
0000000000007fff
0000000000007fff
0000000000007fff
0000000000007fff
0000000000007fff
0000000000007fff
0000000000007fff
0000000000007fff
0000000000007fff
0000000000007fff
0000000000007fff
0000000000007fff
0000000000007fff
0000000000007fff
0000000000007fff
0000000000007fff
0000000000007fff
0000000000007fff
0000000000007fff
0000000000007fff
0000000000007fff
0000000000007fff
0000000000007fff
0000000000007fff
0000000000007fff
0000000000007fff
0000000000007fff
0000000000007fff
0000000000007fff
0000000000007fff
0000000000007fff
0000000000007fff
0000000000007fff
0000000000007fff
0000000000007fff
0000000000007fff
0000000000007fff
0000000000007fff
0000000000007fff
0000000000007fff
0000000000007fff
0000000000007fff
0000000000007fff
0000000000007fff
0000000000007fff
0000000000007fff
0000000000007fff
0000000000007fff
0000000000007fff
0000000000007fff
0000000000007fff
0000000000007fff
0000000000007fff
0000000000007fff
0000000000007fff
0000000000007fff
0000000000007fff
0000000000007fff
0000000000007fff
0000000000007fff
0000000000007fff
0000000000007fff
0000000000007fff
0000000000007fff
0000000000007fff
0000000000007fff
0000000000007fff
0000000000007fff
0000000000007fff
0000000000007fff
0000000000007fff
0000000000007fff
0000000000007fff
0000000000007fff
0000000000007fff
0000000000007fff
0000000000007fff
0000000000007fff
0000000000007fff
0000000000007fff
0000000000007fff
0000000000007fff
0000000000007fff
0000000000007fff
0000000000007fff
0000000000007fff
0000000000007fff
0000000000007fff
0000000000007fff
0000000000007fff
0000000000007fff
0000000000007fff
0000000000007fff
0000000000007fff
0000000000007fff
0000000000007fff
0000000000007fff
0000000000007fff
0000000000007fff
0000000000007fff
0000000000007fff
0000000000007fff
0000000000007fff
0000000000007fff
0000000000007fff
0000000000007fff
0000000000007fff
0000000000007fff
0000000000007fff
0000000000007fff
0000000000007fff
0000000000007fff
0000000000007fff
0000000000007fff
0000000000007fff
0000000000007fff
0000000000007fff
0000000000007fff
0000000000007fff
0000000000007fff
0000000000007fff
0000000000007fff
0000000000007fff
0000000000007fff
0000000000007fff
0000000000007fff
0000000000007fff
0000000000007fff
0000000000007fff
0000000000007fff
0000000000007fff
0000000000007fff
0000000000007fff
0000000000007fff
0000000000007fff
0000000000007fff
0000000000007fff
0000000000007fff
0000000000007fff
0000000000007fff
0000000000007fff
0000000000007fff
0000000000007fff
0000000000007fff
0000000000007fff
0000000000007fff
0000000000007fff
0000000000007fff
0000000000007fff
0000000000007fff
0000000000007fff
0000000000007fff
0000000000007fff
0000000000007fff
0000000000007fff
0000000000007fff
0000000000007fff
0000000000007fff
0000000000007fff
0000000000007fff
0000000000007fff
0000000000007fff
0000000000007fff
0000000000007fff
0000000000007fff
0000000000007fff
0000000000007fff
0000000000007fff
0000000000007fff
0000000000007fff
0000000000007fff
0000000000007fff
0000000000007fff
0000000000007fff
0000000000007fff
0000000000007fff
0000000000007fff
0000000000007fff
0000000000007fff
0000000000007fff
0000000000007fff
0000000000007fff
0000000000007fff
0000000000007fff
0000000000007fff
0000000000007fff
0000000000007fff
0000000000007fff
0000000000007fff
0000000000007fff
0000000000007fff
0000000000007fff
0000000000007fff
0000000000007fff
0000000000007fff
0000000000007fff
0000000000007fff
0000000000007fff
0000000000007fff
0000000000007fff
0000000000007fff
0000000000007fff
0000000000007fff
0000000000007fff
0000000000007fff
0000000000007fff
0000000000007fff
0000000000007fff
0000000000007fff
0000000000007fff
0000000000007fff
0000000000007fff
0000000000007fff
0000000000007fff
0000000000007fff
0000000000007fff
0000000000007fff
0000000000007fff
0000000000007fff
0000000000007fff
0000000000007fff
0000000000007fff
0000000000007fff
0000000000007fff
0000000000007fff
0000000000007fff
0000000000007fff
0000000000007fff
0000000000007fff
0000000000007fff
0000000000007fff
0000000000007fff
0000000000007fff
0000000000007fff
0000000000007fff
0000000000007fff
0000000000007fff
0000000000007fff
0000000000007fff
0000000000007fff
0000000000007fff
0000000000007fff
0000000000007fff
0000000000007fff
0000000000007fff
0000000000007fff
0000000000007fff
0000000000007fff
0000000000007fff
0000000000007fff
0000000000007fff
0000000000007fff
0000000000007fff
0000000000007fff
0000000000007fff
0000000000007fff
0000000000007fff
0000000000007fff
0000000000007fff
0000000000007fff
0000000000007fff
0000000000007fff
0000000000007fff
0000000000007fff
0000000000007fff
0000000000007fff
0000000000007fff
0000000000007fff
0000000000007fff
0000000000007fff
0000000000007fff
0000000000007fff
0000000000007fff
0000000000007fff
0000000000007fff
0000000000007fff
0000000000007fff
0000000000007fff
0000000000007fff
0000000000007fff
0000000000007fff
0000000000007fff
0000000000007fff
0000000000007fff
0000000000007fff
0000000000007fff
0000000000007fff
0000000000007fff
0000000000007fff
0000000000007fff
0000000000007fff
0000000000007fff
0000000000007fff
0000000000007fff
0000000000007fff
0000000000007fff
0000000000007fff
0000000000007fff
0000000000007fff
0000000000007fff
0000000000007fff
0000000000007fff
0000000000007fff
0000000000007fff
0000000000007fff
0000000000007fff
0000000000007fff
0000000000007fff
0000000000007fff
0000000000007fff
0000000000007fff
0000000000007fff
0000000000007fff
0000000000007fff
0000000000007fff
0000000000007fff
0000000000007fff
0000000000007fff
0000000000007fff
0000000000007fff
0000000000007fff
0000000000007fff
0000000000007fff
0000000000007fff
0000000000007fff
0000000000007fff
0000000000007fff
0000000000007fff
0000000000007fff
0000000000007fff
0000000000007fff
0000000000007fff
0000000000007fff
0000000000007fff
0000000000007fff
0000000000007fff
0000000000007fff
0000000000007fff
0000000000007fff
0000000000007fff
0000000000007fff
0000000000007fff
0000000000007fff
0000000000007fff
0000000000007fff
0000000000007fff
0000000000007fff
0000000000007fff
0000000000007fff
0000000000007fff
0000000000007fff
0000000000007fff
0000000000007fff
0000000000007fff
0000000000007fff
0000000000007fff
0000000000007fff
0000000000007fff
0000000000007fff
0000000000007fff
0000000000007fff
0000000000007fff
0000000000007fff
0000000000007fff
0000000000007fff
0000000000007fff
0000000000007fff
0000000000007fff
0000000000007fff
0000000000007fff
0000000000007fff
0000000000007fff
0000000000007fff
0000000000007fff
0000000000007fff
0000000000007fff
0000000000007fff
0000000000007fff
0000000000007fff
0000000000007fff
0000000000007fff
0000000000007fff
0000000000007fff
0000000000007fff
0000000000007fff
0000000000007fff
0000000000007fff
0000000000007fff
0000000000007fff
0000000000007fff
0000000000007fff
0000000000007fff
0000000000007fff
0000000000007fff
0000000000007fff
0000000000007fff
0000000000007fff
0000000000007fff
0000000000007fff
0000000000007fff
0000000000007fff
0000000000007fff
0000000000007fff
0000000000007fff
0000000000007fff
0000000000007fff
0000000000007fff
0000000000007fff
0000000000007fff
0000000000007fff
0000000000007fff
0000000000007fff
0000000000007fff
0000000000007fff
0000000000007fff
0000000000007fff
0000000000007fff
0000000000007fff
0000000000007fff
0000000000007fff
0000000000007fff
0000000000007fff
0000000000007fff
0000000000007fff
0000000000007fff
0000000000007fff
0000000000007fff
0000000000007fff
0000000000007fff
0000000000007fff
0000000000007fff
0000000000007fff
0000000000007fff
0000000000007fff
0000000000007fff
0000000000007fff
0000000000007fff
0000000000007fff
0000000000007fff
0000000000007fff
0000000000007fff
0000000000007fff
0000000000007fff
0000000000007fff
0000000000007fff
0000000000007fff
0000000000007fff
0000000000007fff
0000000000007fff
0000000000007fff
0000000000007fff
0000000000007fff
0000000000007fff
0000000000007fff
0000000000007fff
0000000000007fff
0000000000007fff
0000000000007fff
0000000000007fff
0000000000007fff
0000000000007fff
0000000000007fff
0000000000007fff
0000000000007fff
0000000000007fff
0000000000007fff
0000000000007fff
0000000000007fff
0000000000007fff
0000000000007fff
0000000000007fff
0000000000007fff
0000000000007fff
0000000000007fff
0000000000007fff
0000000000007fff
0000000000007fff
0000000000007fff
0000000000007fff
0000000000007fff
0000000000007fff
0000000000007fff
0000000000007fff
0000000000007fff
0000000000007fff
0000000000007fff
0000000000007fff
0000000000007fff
0000000000007fff
0000000000007fff
0000000000007fff
0000000000007fff
0000000000007fff
0000000000007fff
0000000000007fff
0000000000007fff
0000000000007fff
0000000000007fff
0000000000007fff
0000000000007fff
0000000000007fff
0000000000007fff
0000000000007fff
0000000000007fff
0000000000007fff
0000000000007fff
0000000000007fff
0000000000007fff
0000000000007fff
0000000000007fff
0000000000007fff
0000000000007fff
0000000000007fff
0000000000007fff
0000000000007fff
0000000000007fff
0000000000007fff
0000000000007fff
0000000000007fff
0000000000007fff
0000000000007fff
0000000000007fff
0000000000007fff
0000000000007fff
0000000000007fff
0000000000007fff
0000000000007fff
0000000000007fff
0000000000007fff
0000000000007fff
0000000000007fff
0000000000007fff
0000000000007fff
0000000000007fff
0000000000007fff
0000000000007fff
0000000000007fff
0000000000007fff
0000000000007fff
0000000000007fff
0000000000007fff
0000000000007fff
0000000000007fff
0000000000007fff
0000000000007fff
0000000000007fff
0000000000007fff
0000000000007fff
0000000000007fff
0000000000007fff
0000000000007fff
0000000000007fff
0000000000007fff
0000000000007fff
0000000000007fff
0000000000007fff
0000000000007fff
0000000000007fff
0000000000007fff
0000000000007fff
0000000000007fff
0000000000007fff
0000000000007fff
0000000000007fff
0000000000007fff
0000000000007fff
0000000000007fff
0000000000007fff
0000000000007fff
0000000000007fff
0000000000007fff
0000000000007fff
0000000000007fff
0000000000007fff
0000000000007fff
0000000000007fff
0000000000007fff
0000000000007fff
0000000000007fff
0000000000007fff
0000000000007fff
0000000000007fff
0000000000007fff
0000000000007fff
0000000000007fff
0000000000007fff
0000000000007fff
0000000000007fff
0000000000007fff
0000000000007fff
0000000000007fff
0000000000007fff
0000000000007fff
0000000000007fff
0000000000007fff
0000000000007fff
0000000000007fff
0000000000007fff
0000000000007fff
0000000000007fff
0000000000007fff
0000000000007fff
0000000000007fff
0000000000007fff
0000000000007fff
0000000000007fff
0000000000007fff
0000000000007fff
0000000000007fff
0000000000007fff
0000000000007fff
0000000000007fff
0000000000007fff
0000000000007fff
0000000000007fff
0000000000007fff
0000000000007fff
0000000000007fff
0000000000007fff
0000000000007fff
0000000000007fff
0000000000007fff
0000000000007fff
0000000000007fff
0000000000007fff
0000000000007fff
0000000000007fff
0000000000007fff
0000000000007fff
0000000000007fff
0000000000007fff
0000000000007fff
0000000000007fff
0000000000007fff
0000000000007fff
0000000000007fff
0000000000007fff
0000000000007fff
0000000000007fff
0000000000007fff
0000000000007fff
0000000000007fff
0000000000007fff
0000000000007fff
0000000000007fff
0000000000007fff
0000000000007fff
0000000000007fff
0000000000007fff
0000000000007fff
0000000000007fff
0000000000007fff
0000000000007fff
0000000000007fff
0000000000007fff
0000000000007fff
0000000000007fff
0000000000007fff
0000000000007fff
0000000000007fff
0000000000007fff
0000000000007fff
0000000000007fff
0000000000007fff
0000000000007fff
0000000000007fff
0000000000007fff
0000000000007fff
0000000000007fff
0000000000007fff
0000000000007fff
0000000000007fff
0000000000007fff
0000000000007fff
0000000000007fff
0000000000007fff
0000000000007fff
0000000000007fff
0000000000007fff
0000000000007fff
0000000000007fff
0000000000007fff
0000000000007fff
0000000000007fff
0000000000007fff
0000000000007fff
0000000000007fff
0000000000007fff
0000000000007fff
0000000000007fff
0000000000007fff
0000000000007fff
0000000000007fff
0000000000007fff
0000000000007fff
0000000000007fff
0000000000007fff
0000000000007fff
0000000000007fff
0000000000007fff
0000000000007fff
0000000000007fff
0000000000007fff
0000000000007fff
0000000000007fff
0000000000007fff
0000000000007fff
0000000000007fff
0000000000007fff
0000000000007fff
0000000000007fff
0000000000007fff
0000000000007fff
0000000000007fff
0000000000007fff
0000000000007fff
0000000000007fff
0000000000007fff
0000000000007fff
0000000000007fff
0000000000007fff
0000000000007fff
0000000000007fff
0000000000007fff
0000000000007fff
0000000000007fff
0000000000007fff
0000000000007fff
0000000000007fff
0000000000007fff
0000000000007fff
0000000000007fff
0000000000007fff
0000000000007fff
0000000000007fff
0000000000007fff
0000000000007fff
0000000000007fff
0000000000007fff
0000000000007fff
0000000000007fff
0000000000007fff
0000000000007fff
0000000000007fff
0000000000007fff
0000000000007fff
0000000000007fff
0000000000007fff
0000000000007fff
0000000000007fff
0000000000007fff
0000000000007fff
0000000000007fff
0000000000007fff
0000000000007fff
0000000000007fff
0000000000007fff
0000000000007fff
0000000000007fff
0000000000007fff
0000000000007fff
0000000000007fff
0000000000007fff
0000000000007fff
0000000000007fff
0000000000007fff
0000000000007fff
0000000000007fff
0000000000007fff
0000000000007fff
0000000000007fff
0000000000007fff
0000000000007fff
0000000000007fff
0000000000007fff
0000000000007fff
0000000000007fff
0000000000007fff
0000000000007fff
0000000000007fff
0000000000007fff
0000000000007fff
0000000000007fff
0000000000007fff
0000000000007fff
0000000000007fff
0000000000007fff
0000000000007fff
0000000000007fff
0000000000007fff
0000000000007fff
0000000000007fff
0000000000007fff
0000000000007fff
0000000000007fff
0000000000007fff
0000000000007fff
0000000000007fff
0000000000007fff
0000000000007fff
0000000000007fff
0000000000007fff
0000000000007fff
0000000000007fff
0000000000007fff
0000000000007fff
0000000000007fff
0000000000007fff
0000000000007fff
0000000000007fff
0000000000007fff
0000000000007fff
0000000000007fff
0000000000007fff
0000000000007fff
0000000000007fff
0000000000007fff
0000000000007fff
0000000000007fff
0000000000007fff
0000000000007fff
0000000000007fff
0000000000007fff
0000000004000000
0000000000000000
0000000000000000
0000000000000000
0000000000000000
0000000000000000
0000000000000000
0000000000000000
0000000000000000
0000000000000000
0000000000000000
0000000000000000
0000000000000000
0000000000000000
0000000000000000
0000000000000000
0000000000000000
0000000000000000
0000000000000000
0000000000000000
0000000000000000
0000000000000000
0000000000000000
0000000000000000
0000000000000000
0000000000000000
0000000000000000
0000000000000000
0000000000000000
0000000000000000
0000000000000000
0000000000000000
0000000000000000
0000000000000000
0000000000000000
0000000000000000
0000000000000000
0000000000000000
0000000000000000
0000000000000000
0000000000000000
0000000000000000
0000000000000000
0000000000000000
0000000000000000
0000000000000000
0000000000000000
0000000000000000
0000000000000000
0000000000000000
0000000000000000
0000000000000000
0000000000000000
0000000000000000
0000000000000000
0000000000000000
0000000000000000
0000000000000000
0000000000000000
0000000000000000
0000000000000000
0000000000000000
0000000000000000
0000000000000000
0000000000000000
0000000000000000
0000000000000000
0000000000000000
0000000000000000
0000000000000000
0000000000000000
0000000000000000
0000000000000000
0000000000000000
0000000000000000
0000000000000000
0000000000000000
0000000000000000
0000000000000000
0000000000000000
0000000000000000
0000000000000000
0000000000000000
0000000000000000
0000000000000000
0000000000000000
0000000000000000
0000000000000000
0000000000000000
0000000000000000
0000000000000000
0000000000000000
0000000000000000
0000000000000000
0000000000000000
0000000000000000
0000000000000000
0000000000000000
0000000000000000
0000000000000000
0000000000000000
0000000000000000
0000000000000000
0000000000000000
0000000000000000
0000000000000000
0000000000000000
0000000000000000
0000000000000000
0000000000000000
0000000000000000
0000000000000000
0000000000000000
0000000000000000
0000000000000000
0000000000000000
0000000000000000
0000000000000000
0000000000000000
0000000000000000
0000000000000000
0000000000000000
0000000000000000
0000000000000000
0000000000000000
0000000000000000
0000000000000000
0000000000000000
0000000000000000
0000000000000000
0000000000000000
0000000000000000
0000000000000000
0000000000000000
0000000000000000
0000000000000000
0000000000000000
0000000000000000
0000000000000000
0000000000000000
0000000000000000
0000000000000000
0000000000000000
0000000000000000
0000000000000000
0000000000000000
0000000000000000
0000000000000000
0000000000000000
0000000000000000
0000000000000000
0000000000000000
0000000000000000
0000000000000000
0000000000000000
0000000000000000
0000000000000000
0000000000000000
0000000000000000
0000000000000000
0000000000000000
0000000000000000
0000000000000000
0000000000000000
0000000000000000
0000000000000000
0000000000000000
0000000000000000
0000000000000000
0000000000000000
0000000000000000
0000000000000000
0000000000000000
0000000000000000
0000000000000000
0000000000000000
0000000000000000
0000000000000000
0000000000000000
0000000000000000
0000000000000000
0000000000000000
0000000000000000
0000000000000000
0000000000000000
0000000000000000
0000000000000000
0000000000000000
0000000000000000
0000000000000000
0000000000000000
0000000000000000
0000000000000000
0000000000000000
0000000000000000
0000000000000000
0000000000000000
0000000000000000
0000000000000000
0000000000000000
0000000000000000
0000000000000000
0000000000000000
0000000000000000
0000000000000000
0000000000000000
0000000000000000
0000000000000000
0000000000000000
0000000000000000
0000000000000000
0000000000000000
0000000000000000
0000000000000000
0000000000000000
0000000000000000
0000000000000000
0000000000000000
0000000000000000
0000000000000000
0000000000000000
0000000000000000
0000000000000000
0000000000000000
0000000000000000
0000000000000000
0000000000000000
0000000000000000
0000000000000000
0000000000000000
0000000000000000
0000000000000000
0000000000000000
0000000000000000
0000000000000000
0000000000000000
0000000000000000
0000000000000000
0000000000000000
0000000000000000
0000000000000000
0000000000000000
0000000000000000
0000000000000000
0000000000000000
0000000000000000
0000000000000000
0000000000000000
0000000000000000
0000000000000000
0000000000000000
0000000000000000
0000000000000000
0000000000000000
0000000000000000
0000000000000000
0000000000000000
0000000000000000
0000000000000000
0000000000000000
0000000000000000
0000000000000000
0000000000000000
0000000000000000
0000000000000000
0000000000000000
0000000000000000
0000000000000000
0000000000000000
0000000000000000
0000000000000000
0000000000000000
0000000000000000
0000000000000000
0000000000000000
0000000000000000
0000000000000000
0000000000000000
0000000000000000
0000000000000000
0000000000000000
0000000000000000
0000000000000000
0000000000000000
0000000000000000
0000000000000000
0000000000000000
0000000000000000
0000000000000000
0000000000000000
0000000000000000
0000000000000000
0000000000000000
0000000000000000
0000000000000000
0000000000000000
0000000000000000
0000000000000000
0000000000000000
0000000000000000
0000000000000000
0000000000000000
0000000000000000
0000000000000000
0000000000000000
0000000000000000
0000000000000000
0000000000000000
0000000000000000
0000000000000000
0000000000000000
0000000000000000
0000000000000000
0000000000000000
0000000000000000
0000000000000000
0000000000000000
0000000000000000
0000000000000000
0000000000000000
0000000000000000
0000000000000000
0000000000000000
0000000000000000
0000000000000000
0000000000000000
0000000000000000
0000000000000000
0000000000000000
0000000000000000
0000000000000000
0000000000000000
0000000000000000
0000000000000000
0000000000000000
0000000000000000
0000000000000000
0000000000000000
0000000000000000
0000000000000000
0000000000000000
0000000000000000
0000000000000000
0000000000000000
0000000000000000
0000000000000000
0000000000000000
0000000000000000
0000000000000000
0000000000000000
0000000000000000
0000000000000000
0000000000000000
0000000000000000
0000000000000000
0000000000000000
0000000000000000
0000000000000000
0000000000000000
0000000000000000
0000000000000000
0000000000000000
0000000000000000
0000000000000000
0000000000000000
0000000000000000
0000000000000000
0000000000000000
0000000000000000
0000000000000000
0000000000000000
0000000000000000
0000000000000000
0000000000000000
0000000000000000
0000000000000000
0000000000000000
0000000000000000
0000000000000000
0000000000000000
0000000000000000
0000000000000000
0000000000000000
0000000000000000
0000000000000000
0000000000000000
0000000000000000
0000000000000000
0000000000000000
0000000000000000
0000000000000000
0000000000000000
0000000000000000
0000000000000000
0000000000000000
0000000000000000
0000000000000000
0000000000000000
0000000000000000
0000000000000000
0000000000000000
0000000000000000
0000000000000000
0000000000000000
0000000000000000
0000000000000000
0000000000000000
0000000000000000
0000000000000000
0000000000000000
0000000000000000
0000000000000000
0000000000000000
0000000000000000
0000000000000000
0000000000000000
0000000000000000
0000000000000000
0000000000000000
0000000000000000
0000000000000000
0000000000000000
0000000000000000
0000000000000000
0000000000000000
0000000000000000
0000000000000000
0000000000000000
0000000000000000
0000000000000000
0000000000000000
0000000000000000
0000000000000000
0000000000000000
0000000000000000
0000000000000000
0000000000000000
0000000000000000
0000000000000000
0000000000000000
0000000000000000
0000000000000000
0000000000000000
0000000000000000
0000000000000000
0000000000000000
0000000000000000
0000000000000000
0000000000000000
0000000000000000
0000000000000000
0000000000000000
0000000000000000
0000000000000000
0000000000000000
0000000000000000
0000000000000000
0000000000000000
0000000000000000
0000000000000000
0000000000000000
0000000000000000
0000000000000000
0000000000000000
0000000000000000
0000000000000000
0000000000000000
0000000000000000
0000000000000000
0000000000000000
0000000000000000
0000000000000000
0000000000000000
0000000000000000
0000000000000000
0000000000000000
0000000000000000
0000000000000000
0000000000000000
0000000000000000
0000000000000000
0000000000000000
0000000000000000
0000000000000000
0000000000000000
0000000000000000
0000000000000000
0000000000000000
0000000000000000
0000000000000000
0000000000000000
0000000000000000
0000000000000000
0000000000000000
0000000000000000
0000000000000000
0000000000000000
0000000000000000
0000000000000000
0000000000000000
0000000000000000
0000000000000000
0000000000000000
0000000000000000
0000000000000000
0000000000000000
0000000000000000
0000000000000000
0000000000000000
0000000000000000
0000000000000000
0000000000000000
0000000000000000
0000000000000000
0000000000000000
0000000000000000
0000000000000000
0000000000000000
0000000000000000
0000000000000000
0000000000000000
0000000000000000
0000000000000000
0000000000000000
0000000000000000
0000000000000000
0000000000000000
0000000000000000
0000000000000000
0000000000000000
0000000000000000
0000000000000000
0000000000000000
0000000000000000
0000000000000000
0000000000000000
0000000000000000
0000000000000000
0000000000000000
0000000000000000
0000000000000000
0000000000000000
0000000000000000
0000000000000000
0000000000000000
0000000000000000
0000000000000000
0000000000000000
0000000000000000
0000000000000000
0000000000000000
0000000000000000
0000000000000000
0000000000000000
0000000000000000
0000000000000000
0000000000000000
0000000000000000
0000000000000000
0000000000000000
0000000000000000
0000000000000000
0000000000000000
0000000000000000
0000000000000000
0000000000000000
0000000000000000
0000000000000000
0000000000000000
0000000000000000
0000000000000000
0000000000000000
0000000000000000
0000000000000000
0000000000000000
0000000000000000
0000000000000000
0000000000000000
0000000000000000
0000000000000000
0000000000000000
0000000000000000
0000000000000000
0000000000000000
0000000000000000
0000000000000000
0000000000000000
0000000000000000
0000000000000000
0000000000000000
0000000000000000
0000000000000000
0000000000000000
0000000000000000
0000000000000000
0000000000000000
0000000000000000
0000000000000000
0000000000000000
0000000000000000
0000000000000000
0000000000000000
0000000000000000
0000000000000000
0000000000000000
0000000000000000
0000000000000000
0000000000000000
0000000000000000
0000000000000000
0000000000000000
0000000000000000
0000000000000000
0000000000000000
0000000000000000
0000000000000000
0000000000000000
0000000000000000
0000000000000000
0000000000000000
0000000000000000
0000000000000000
0000000000000000
0000000000000000
0000000000000000
0000000000000000
0000000000000000
0000000000000000
0000000000000000
0000000000000000
0000000000000000
0000000000000000
0000000000000000
0000000000000000
0000000000000000
0000000000000000
0000000000000000
0000000000000000
0000000000000000
0000000000000000
0000000000000000
0000000000000000
0000000000000000
0000000000000000
0000000000000000
0000000000000000
0000000000000000
0000000000000000
0000000000000000
0000000000000000
0000000000000000
0000000000000000
0000000000000000
0000000000000000
0000000000000000
0000000000000000
0000000000000000
0000000000000000
0000000000000000
0000000000000000
0000000000000000
0000000000000000
0000000000000000
0000000000000000
0000000000000000
0000000000000000
0000000000000000
0000000000000000
0000000000000000
0000000000000000
0000000000000000
0000000000000000
0000000000000000
0000000000000000
0000000000000000
0000000000000000
0000000000000000
0000000000000000
0000000000000000
0000000000000000
0000000000000000
0000000000000000
0000000000000000
0000000000000000
0000000000000000
0000000000000000
0000000000000000
0000000000000000
0000000000000000
0000000000000000
0000000000000000
0000000000000000
0000000000000000
0000000000000000
0000000000000000
0000000000000000
0000000000000000
0000000000000000
0000000000000000
0000000000000000
0000000000000000
0000000000000000
0000000000000000
0000000000000000
0000000000000000
0000000000000000
0000000000000000
0000000000000000
0000000000000000
0000000000000000
0000000000000000
0000000000000000
0000000000000000
0000000000000000
0000000000000000
0000000000000000
0000000000000000
0000000000000000
0000000000000000
0000000000000000
0000000000000000
0000000000000000
0000000000000000
0000000000000000
0000000000000000
0000000000000000
0000000000000000
0000000000000000
0000000000000000
0000000000000000
0000000000000000
0000000000000000
0000000000000000
0000000000000000
0000000000000000
0000000000000000
0000000000000000
0000000000000000
0000000000000000
0000000000000000
0000000000000000
0000000000000000
0000000000000000
0000000000000000
0000000000000000
0000000000000000
0000000000000000
0000000000000000
0000000000000000
0000000000000000
0000000000000000
0000000000000000
0000000000000000
0000000000000000
0000000000000000
0000000000000000
0000000000000000
0000000000000000
0000000000000000
0000000000000000
0000000000000000
0000000000000000
0000000000000000
0000000000000000
0000000000000000
0000000000000000
0000000000000000
0000000000000000
0000000000000000
0000000000000000
0000000000000000
0000000000000000
0000000000000000
0000000000000000
0000000000000000
0000000000000000
0000000000000000
0000000000000000
0000000000000000
0000000000000000
0000000000000000
0000000000000000
0000000000000000
0000000000000000
0000000000000000
0000000000000000
0000000000000000
0000000000000000
0000000000000000
0000000000000000
0000000000000000
0000000000000000
0000000000000000
0000000000000000
0000000000000000
0000000000000000
0000000000000000
0000000000000000
0000000000000000
0000000000000000
0000000000000000
0000000000000000
0000000000000000
0000000000000000
0000000000000000
0000000000000000
0000000000000000
0000000000000000
0000000000000000
0000000000000000
0000000000000000
0000000000000000
0000000000000000
0000000000000000
0000000000000000
0000000000000000
0000000000000000
0000000000000000
0000000000000000
0000000000000000
0000000000000000
0000000000000000
0000000000000000
0000000000000000
0000000000000000
0000000000000000
0000000000000000
0000000000000000
0000000000000000
0000000000000000
0000000000000000
0000000000000000
0000000000000000
0000000000000000
0000000000000000
0000000000000000
0000000000000000
0000000000000000
0000000000000000
0000000000000000
0000000000000000
0000000000000000
0000000000000000
0000000000000000
0000000000000000
0000000000000000
0000000000000000
0000000000000000
0000000000000000
0000000000000000
0000000000000000
0000000000000000
0000000000000000
0000000000000000
0000000000000000
0000000000000000
0000000000000000
0000000000000000
0000000000000000
0000000000000000
0000000000000000
0000000000000000
0000000000000000
0000000000000000
0000000000000000
0000000000000000
0000000000000000
0000000000000000
0000000000000000
0000000000000000
0000000000000000
0000000000000000
0000000000000000
0000000000000000
0000000000000000
0000000000000000
0000000000000000
0000000000000000
0000000000000000
0000000000000000
0000000000000000
0000000000000000
0000000000000000
0000000000000000
0000000000000000
0000000000000000
0000000000000000
0000000000000000
0000000000000000
0000000000000000
0000000000000000
0000000000000000
0000000000000000
0000000000000000
0000000000000000
0000000000000000
0000000000000000
0000000000000000
0000000000000000
0000000000000000
0000000000000000
0000000000000000
0000000000000000
0000000000000000
0000000000000000
0000000000000000
0000000000000000
0000000000000000
0000000000000000
0000000000000000
0000000000000000
0000000000000000
0000000000000000
0000000000000000
0000000000000000
0000000000000000
0000000000000000
0000000000000000
0000000000000000
0000000000000000
0000000000000000
0000000000000000
0000000000000000
0000000000000000
0000000000000000
0000000000000000
0000000000000000
0000000000000000
0000000000000000
0000000000000000
0000000000000000
0000000000000000
0000000000000000
0000000000000000
0000000000000000
0000000000000000
0000000000000000
0000000000000000
0000000000000000
0000000000000000
0000000000000000
0000000000000000
0000000000000000
0000000000000000
0000000000000000
0000000000000000
0000000000000000
0000000000000000
0000000000000000
0000000000000000
0000000000000000
0000000000000000
0000000000000000
0000000000000000
0000000000000000
0000000000000000
0000000000000000
0000000000000000
0000000000000000
0000000000000000
0000000000000000
0000000000000000
0000000000000000
0000000000000000
0000000000000000
0000000000000000
0000000000000000
0000000000000000
0000000000000000
0000000000000000
0000000000000000
0000000000000000
0000000000000000
0000000000000000
0000000000000000
0000000000000000
0000000000000000
0000000000000000
0000000000000000
0000000000000000
0000000000000000
0000000000000000
0000000000000000
0000000000000000
0000000000000000
0000000000000000
0000000000000000
0000000000000000
0000000000000000
0000000000000000
0000000000000000
0000000000000000
0000000000000000
0000000000000000
0000000000000000
0000000000000000
0000000000000000
0000000000000000
0000000000000000
0000000000000000
0000000000000000
0000000000000000
0000000000000000
0000000000000000
0000000000000000
0000000000000000
0000000000000000
0000000000000000
0000000000000000
0000000000000000
0000000000000000
0000000000000000
0000000000000000
0000000000000000
0000000000000000
0000000000000000
0000000000000000
0000000000000000
0000000000000000
0000000000000000
0000000000000000
0000000000000000
0000000000000000
0000000000000000
0000000000000000
0000000000000000
0000000000000000
0000000000000000
0000000000000000
0000000000000000
0000000000000000
0000000000000000
0000000000000000
0000000000000000
0000000000000000
0000000000000000
0000000000000000
0000000000000000
0000000000000000
0000000000000000
0000000000000000
0000000000000000
0000000000000000
0000000000000000
0000000000000000
0000000000000000
0000000000000000
0000000000000000
0000000000000000
0000000000000000
0000000000000000
0000000000000000
0000000000000000
0000000000000000
0000000000000000
0000000000000000
0000000000000000
0000000000000000
0000000000000000
0000000000000000
0000000000000000
0000000000000000
0000000000000000
0000000000000000
0000000000000000
0000000000000000
0000000000000000
0000000000000000
0000000000000000
0000000000000000
0000000000000000
0000000000000000
0000000000000000
0000000000000000
0000000000000000
0000000000000000
0000000000000000
0000000000000000
0000000000000000
0000000000000000
0000000000000000
0000000000000000
0000000000000000
0000000000000000
0000000000000000
0000000000000000
0000000000000000
0000000000000000
0000000000000000
0000000000000000
0000000000000000
0000000000000000
0000000000000000
0000000000000000
0000000000000000
0000000000000000
0000000000000000
0000000000000000
0000000000000000
0000000000000000
0000000000000000
0000000000000000
0000000000000000
0000000000000000
0000000000000000
0000000000000000
0000000000000000
0000000000000000
0000000000000000
0000000000000000
0000000000000000
0000000000000000
0000000000000000
0000000000000000
0000000000000000
0000000000000000
0000000000000000
0000000000000000
0000000000000000
0000000000000000
0000000000000000
0000000000000000
0000000000000000
0000000000000000
0000000000000000
0000000000000000
0000000000000000
0000000000000000
0000000000000000
0000000000000000
0000000000000000
0000000000000000
0000000000000000
0000000000000000
0000000000000000
0000000000000000
0000000000000000
0000000000000000
0000000000000000
0000000000000000
0000000000000000
0000000000000000
0000000000000000
0000000000000000
0000000000000000
0000000000000000
0000000000000000
0000000000000000
0000000000000000
0000000000000000
0000000000000000
0000000000000000
0000000000000000
0000000000000000
0000000000000000
0000000000000000
0000000000000000
0000000000000000
0000000000000000
0000000000000000
0000000000000000
0000000000000000
0000000000000000
0000000000000000
0000000000000000
0000000000000000
0000000000000000
0000000000000000
0000000000000000
0000000000000000
0000000000000000
0000000000000000
0000000000000000
0000000000000000
0000000000000000
0000000000000000
0000000000000000
0000000000000000
0000000000000000
0000000000000000
0000000000000000
0000000000000000
0000000000000000
0000000000000000
0000000000000000
0000000000000000
0000000000000000
0000000000000000
0000000000000000
0000000000000000
0000000000000000
0000000000000000
0000000000000000
0000000000000000
0000000000000000
0000000000000000
0000000000000000
0000000000000000
0000000000000000
0000000000000000
0000000000000000
0000000000000000
0000000000000000
0000000000000000
0000000000000000
0000000000000000
0000000000000000
0000000000000000
0000000000000000
0000000000000000
0000000000000000
0000000000000000
0000000000000000
0000000000000000
0000000000000000
0000000000000000
0000000000000000
0000000000000000
0000000000000000
0000000000000000
0000000000000000
0000000000000000
0000000000000000
0000000000000000
0000000000000000
0000000000000000
0000000000000000
0000000000000000
0000000000000000
0000000000000000
0000000000000000
0000000000000000
0000000000000000
0000000000000000
0000000000000000
0000000000000000
0000000000000000
0000000000000000
0000000000000000
0000000000000000
0000000000000000
0000000000000000
0000000000000000
0000000000000000
0000000000000000
0000000000000000
0000000000000000
0000000000000000
0000000000000000
0000000000000000
0000000000000000
0000000000000000
0000000000000000
0000000000000000
0000000000000000
0000000000000000
0000000000000000
0000000000000000
0000000000000000
0000000000000000
0000000000000000
0000000000000000
0000000000000000
0000000000000000
0000000000000000
0000000000000000
0000000000000000
0000000000000000
0000000000000000
0000000000000000
0000000000000000
0000000000000000
0000000000000000
0000000000000000
0000000000000000
0000000000000000
0000000000000000
0000000000000000
0000000000000000
0000000000000000
0000000000000000
0000000000000000
0000000000000000
0000000000000000
0000000000000000
0000000000000000
0000000000000000
0000000000000000
0000000000000000
0000000000000000
0000000000000000
0000000000000000
0000000000000000
0000000000000000
0000000000000000
0000000000000000
0000000000000000
0000000000000000
0000000000000000
0000000000000000
0000000000000000
0000000000000000
0000000000000000
0000000000000000
0000000000000000
0000000000000000
0000000000000000
0000000000000000
0000000000000000
0000000000000000
0000000000000000
0000000000000000
0000000000000000
0000000000000000
0000000000000000
0000000000000000
0000000000000000
0000000000000000
0000000000000000
0000000000000000
0000000000000000
0000000000000000
0000000000000000
0000000000000000
0000000000000000
0000000000000000
0000000000000000
0000000000000000
0000000000000000
0000000000000000
0000000000000000
0000000000000000
0000000000000000
0000000000000000
0000000000000000
0000000000000000
0000000000000000
0000000000000000
0000000000000000
0000000000000000
0000000000000000
0000000000000000
0000000000000000
0000000000000000
0000000000000000
0000000000000000
0000000000000000
0000000000000000
0000000000000000
0000000000000000
0000000000000000
0000000000000000
0000000000000000
0000000000000000
0000000000000000
0000000000000000
0000000000000000
0000000000000000
0000000000000000
0000000000000000
0000000000000000
0000000000000000
0000000000000000
0000000000000000
0000000000000000
0000000000000000
0000000000000000
0000000000000000
0000000000000000
0000000000000000
0000000000000000
0000000000000000
0000000000000000
0000000000000000
0000000000000000
0000000000000000
0000000000000000
0000000000000000
0000000000000000
0000000000000000
0000000000000000
0000000000000000
0000000000000000
0000000000000000
0000000000000000
0000000000000000
0000000000000000
0000000000000000
0000000000000000
0000000000000000
0000000000000000
0000000000000000
0000000000000000
0000000000000000
0000000000000000
0000000000000000
0000000000000000
0000000000000000
0000000000000000
0000000000000000
0000000000000000
0000000000000000
0000000000000000
0000000000000000
0000000000000000
0000000000000000
0000000000000000
0000000000000000
0000000000000000
0000000000000000
0000000000000000
0000000000000000
0000000000000000
0000000000000000
0000000000000000
0000000000000000
0000000000000000
0000000000000000
0000000000000000
0000000000000000
0000000000000000
0000000000000000
0000000000000000
0000000000000000
0000000000000000
0000000000000000
0000000000000000
0000000000000000
0000000000000000
0000000000000000
0000000000000000
0000000000000000
0000000000000000
0000000000000000
0000000000000000
0000000000000000
0000000000000000
0000000000000000
0000000000000000
0000000000000000
0000000000000000
0000000000000000
0000000000000000
0000000000000000
0000000000000000
0000000000000000
0000000000000000
0000000000000000
0000000000000000
0000000000000000
0000000000000000
0000000000000000
0000000000000000
0000000000000000
0000000000000000
0000000000000000
0000000000000000
0000000000000000
0000000000000000
0000000000000000
0000000000000000
0000000000000000
0000000000000000
0000000000000000
0000000000000000
0000000000000000
0000000000000000
0000000000000000
0000000000000000
0000000000000000
0000000000000000
0000000000000000
0000000000000000
0000000000000000
0000000000000000
0000000000000000
0000000000000000
0000000000000000
0000000000000000
0000000000000000
0000000000000000
0000000000000000
0000000000000000
0000000000000000
0000000000000000
0000000000000000
0000000000000000
0000000000000000
0000000000000000
0000000000000000
0000000000000000
0000000000000000
0000000000000000
0000000000000000
0000000000000000
0000000000000000
0000000000000000
0000000000000000
0000000000000000
0000000000000000
0000000000000000
0000000000000000
0000000000000000
0000000000000000
0000000000000000
0000000000000000
0000000000000000
0000000000000000
0000000000000000
0000000000000000
0000000000000000
0000000000000000
0000000000000000
0000000000000000
0000000000000000
0000000000000000
0000000000000000
0000000000000000
0000000000000000
0000000000000000
0000000000000000
0000000000000000
0000000000000000
0000000000000000
0000000000000000
0000000000000000
0000000000000000
0000000000000000
0000000000000000
0000000000000000
0000000000000000
0000000000000000
0000000000000000
0000000000000000
0000000000000000
0000000000000000
0000000000000000
0000000000000000
0000000000000000
0000000000000000
0000000000000000
0000000000000000
0000000000000000
0000000000000000
0000000000000000
0000000000000000
0000000000000000
0000000000000000
0000000000000000
0000000000000000
0000000000000000
0000000000000000
0000000000000000
0000000000000000
0000000000000000
0000000000000000
0000000000000000
0000000000000000
0000000000000000
0000000000000000
0000000000000000
0000000000000000
0000000000000000
0000000000000000
0000000000000000
0000000000000000
0000000000000000
0000000000000000
0000000000000000
0000000000000000
0000000000000000
0000000000000000
0000000000000000
0000000000000000
0000000000000000
0000000000000000
0000000000000000
0000000000000000
0000000000000000
0000000000000000
0000000000000000
0000000000000000
0000000000000000
0000000000000000
0000000000000000
0000000000000000
0000000000000000
0000000000000000
0000000000000000
0000000000000000
0000000000000000
0000000000000000
0000000000000000
0000000000000000
0000000000000000
0000000000000000
0000000000000000
0000000000000000
0000000000000000
0000000000000000
0000000000000000
0000000000000000
0000000000000000
0000000000000000
0000000000000000
0000000000000000
0000000000000000
0000000000000000
0000000000000000
0000000000000000
0000000000000000
0000000000000000
0000000000000000
0000000000000000
0000000000000000
0000000000000000
0000000000000000
0000000000000000
0000000000000000
0000000000000000
0000000000000000
0000000000000000
0000000000000000
0000000000000000
0000000000000000
0000000000000000
0000000000000000
0000000000000000
0000000000000000
0000000000000000
0000000000000000
0000000000000000
0000000000000000
0000000000000000
0000000000000000
0000000000000000
0000000000000000
0000000000000000
0000000000000000
0000000000000000
0000000000000000
0000000000000000
0000000000000000
0000000000000000
0000000000000000
0000000000000000
0000000000000000
0000000000000000
0000000000000000
0000000000000000
0000000000000000
0000000000000000
0000000000000000
0000000000000000
0000000000000000
0000000000000000
0000000000000000
0000000000000000
0000000000000000
0000000000000000
0000000000000000
0000000000000000
0000000000000000
0000000000000000
0000000000000000
0000000000000000
0000000000000000
0000000000000000
0000000000000000
0000000000000000
0000000000000000
0000000000000000
0000000000000000
0000000000000000
0000000000000000
0000000000000000
0000000000000000
0000000000000000
0000000000000000
0000000000000000
0000000000000000
0000000000000000
0000000000000000
0000000000000000
0000000000000000
0000000000000000
0000000000000000
0000000000000000
0000000000000000
0000000000000000
0000000000000000
0000000000000000
0000000000000000
0000000000000000
0000000000000000
0000000000000000
0000000000000000
0000000000000000
0000000000000000
0000000000000000
0000000000000000
0000000000000000
0000000000000000
0000000000000000
0000000000000000
0000000000000000
0000000000000000
0000000000000000
0000000000000000
0000000000000000
0000000000000000
0000000000000000
0000000000000000
0000000000000000
0000000000000000
0000000000000000
0000000000000000
0000000000000000
0000000000000000
0000000000000000
0000000000000000
0000000000000000
0000000000000000
0000000000000000
0000000000000000
0000000000000000
0000000000000000
0000000000000000
0000000000000000
0000000000000000
0000000000000000
0000000000000000
0000000000000000
0000000000000000
0000000000000000
0000000000000000
0000000000000000
0000000000000000
0000000000000000
0000000000000000
0000000000000000
0000000000000000
0000000000000000
0000000000000000
0000000000000000
0000000000000000
0000000000000000
0000000000000000
0000000000000000
0000000000000000
0000000000000000
0000000000000000
0000000000000000
0000000000000000
0000000000000000
0000000000000000
0000000000000000
0000000000000000
0000000000000000
0000000000000000
0000000000000000
0000000000000000
0000000000000000
0000000000000000
0000000000000000
0000000000000000
0000000000000000
0000000000000000
0000000000000000
0000000000000000
0000000000000000
0000000000000000
0000000000000000
0000000000000000
0000000000000000
0000000000000000
0000000000000000
0000000000000000
0000000000000000
0000000000000000
0000000000000000
0000000000000000
0000000000000000
0000000000000000
0000000000000000
0000000000000000
0000000000000000
0000000000000000
0000000000000000
0000000000000000
0000000000000000
0000000000000000
0000000000000000
0000000000000000
0000000000000000
0000000000000000
0000000000000000
0000000000000000
0000000000000000
0000000000000000
0000000000000000
0000000000000000
0000000000000000
0000000000000000
0000000000000000
0000000000000000
0000000000000000
0000000000000000
0000000000000000
0000000000000000
0000000000000000
0000000000000000
0000000000000000
0000000000000000
0000000000000000
0000000000000000
0000000000000000
0000000000000000
0000000000000000
0000000000000000
0000000000000000
0000000000000000
0000000000000000
0000000000000000
0000000000000000
0000000000000000
0000000000000000
0000000000000000
0000000000000000
0000000000000000
0000000000000000
0000000000000000
0000000000000000
0000000000000000
0000000000000000
0000000000000000
0000000000000000
0000000000000000
0000000000000000
0000000000000000
0000000000000000
0000000000000000
0000000000000000
0000000000000000
0000000000000000
0000000000000000
0000000000000000
0000000000000000
0000000000000000
0000000000000000
0000000000000000
0000000000000000
0000000000000000
0000000000000000
0000000000000000
0000000000000000
0000000000000000
0000000000000000
0000000000000000
0000000000000000
0000000000000000
0000000000000000
0000000000000000
0000000000000000
0000000000000000
0000000000000000
0000000000000000
0000000000000000
0000000000000000
0000000000000000
0000000000000000
0000000000000000
0000000000000000
0000000000000000
0000000000000000
0000000000000000
0000000000000000
0000000000000000
0000000000000000
0000000000000000
0000000000000000
0000000000000000
0000000000000000
0000000000000000
0000000000000000
0000000000000000
0000000000000000
0000000000000000
0000000000000000
0000000000000000
0000000000000000
0000000000000000
0000000000000000
0000000000000000
0000000000000000
0000000000000000
0000000000000000
0000000000000000
0000000000000000
0000000000000000
0000000000000000
0000000000000000
0000000000000000
0000000000000000
0000000000000000
0000000000000000
0000000000000000
0000000000000000
0000000000000000
0000000000000000
0000000000000000
0000000000000000
0000000000000000
0000000000000000
0000000000000000
0000000000000000
0000000000000000
0000000000000000
0000000000000000
0000000000000000
0000000000000000
0000000000000000
0000000000000000
0000000000000000
0000000000000000
0000000000000000
0000000000000000
0000000000000000
0000000000000000
0000000000000000
0000000000000000
0000000000000000
0000000000000000
0000000000000000
0000000000000000
0000000000000000
0000000000000000
0000000000000000
0000000000000000
0000000000000000
0000000000000000
0000000000000000
0000000000000000
0000000000000000
0000000000000000
0000000000000000
0000000000000000
0000000000000000
0000000000000000
0000000000000000
0000000000000000
0000000000000000
0000000000000000
0000000000000000
0000000000000000
0000000000000000
0000000000000000
0000000000000000
0000000000000000
0000000000000000
0000000000000000
0000000000000000
0000000000000000
0000000000000000
0000000000000000
0000000000000000
0000000000000000
0000000000000000
0000000000000000
0000000000000000
0000000000000000
0000000000000000
0000000000000000
0000000000000000
0000000000000000
0000000000000000
0000000000000000
0000000000000000
0000000000000000
0000000000000000
0000000000000000
0000000000000000
0000000000000000
0000000000000000
0000000000000000
0000000000000000
0000000000000000
0000000000000000
0000000000000000
0000000000000000
0000000000000000
0000000000000000
0000000000000000
0000000000000000
0000000000000000
0000000000000000
0000000000000000
0000000000000000
0000000000000000
0000000000000000
0000000000000000
0000000000000000
0000000000000000
0000000000000000
0000000000000000
0000000000000000
0000000000000000
0000000000000000
0000000000000000
0000000000000000
0000000000000000
0000000000000000
0000000000000000
0000000000000000
0000000000000000
0000000000000000
0000000000000000
0000000000000000
0000000000000000
0000000000000000
0000000000000000
0000000000000000
0000000000000000
0000000000000000
0000000000000000
0000000000000000
0000000000000000
0000000000000000
0000000000000000
0000000000000000
0000000000000000
0000000000000000
0000000000000000
0000000000000000
0000000000000000
0000000000000000
0000000000000000
0000000000000000
0000000000000000
0000000000000000
0000000000000000
0000000000000000
0000000000000000
0000000000000000
0000000000000000
0000000000000000
0000000000000000
0000000000000000
0000000000000000
0000000000000000
0000000000000000
0000000000000000
0000000000000000
0000000000000000
0000000000000000
0000000000000000
0000000000000000
0000000000000000
0000000000000000
0000000000000000
0000000000000000
0000000000000000
0000000000000000
0000000000000000
0000000000000000
0000000000000000
0000000000000000
0000000000000000
0000000000000000
0000000000000000
0000000000000000
0000000000000000
0000000000000000
0000000000000000
0000000000000000
0000000000000000
0000000000000000
0000000000000000
0000000000000000
0000000000000000
0000000000000000
0000000000000000
0000000000000000
0000000000000000
0000000000000000
0000000000000000
0000000000000000
0000000000000000
0000000000000000
0000000000000000
0000000000000000
0000000000000000
0000000000000000
0000000000000000
0000000000000000
0000000000000000
0000000000000000
0000000000000000
0000000000000000
0000000000000000
0000000000000000
0000000000000000
0000000000000000
0000000000000000
0000000000000000
0000000000000000
0000000000000000
0000000000000000
0000000000000000
0000000000000000
0000000000000000
0000000000000000
0000000000000000
0000000000000000
0000000000000000
0000000000000000
0000000000000000
0000000000000000
0000000000000000
0000000000000000
0000000000000000
0000000000000000
0000000000000000
0000000000000000
0000000000000000
0000000000000000
0000000000000000
0000000000000000
0000000000000000
0000000000000000
0000000000000000
0000000000000000
0000000000000000
0000000000000000
0000000000000000
0000000000000000
0000000000000000
0000000000000000
0000000000000000
0000000000000000
0000000000000000
0000000000000000
0000000000000000
0000000000000000
0000000000000000
0000000000000000
0000000000000000
0000000000000000
0000000000000000
0000000000000000
0000000000000000
0000000000000000
0000000000000000
0000000000000000
0000000000000000
0000000000000000
0000000000000000
0000000000000000
0000000000000000
0000000000000000
0000000000000000
0000000000000000
0000000000000000
0000000000000000
0000000000000000
0000000000000000
0000000000000000
0000000000000000
0000000000000000
0000000000000000
0000000000000000
0000000000000000
0000000000000000
0000000000000000
0000000000000000
0000000000000000
0000000000000000
0000000000000000
0000000000000000
0000000000000000
0000000000000000
0000000000000000
0000000000000000
0000000000000000
0000000000000000
0000000000000000
0000000000000000
0000000000000000
0000000000000000
0000000000000000
0000000000000000
0000000000000000
0000000000000000
0000000000000000
0000000000000000
0000000000000000
0000000000000000
0000000000000000
0000000000000000
0000000000000000
0000000000000000
0000000000000000
0000000000000000
0000000000000000
0000000000000000
0000000000000000
0000000000000000
0000000000000000
0000000000000000
0000000000000000
0000000000000000
0000000000000000
0000000000000000
0000000000000000
0000000000000000
0000000000000000
0000000000000000
0000000000000000
0000000000000000
0000000000000000
0000000000000000
0000000000000000
0000000000000000
0000000000000000
0000000000000000
0000000000000000
0000000000000000
0000000000000000
0000000000000000
0000000000000000
0000000000000000
0000000000000000
0000000000000000
0000000000000000
0000000000000000
0000000000000000
0000000000000000
0000000000000000
0000000000000000
0000000000000000
0000000000000000
0000000000000000
0000000000000000
0000000000000000
0000000000000000
0000000000000000
0000000000000000
0000000000000000
0000000000000000
0000000000000000
0000000000000000
0000000000000000
0000000000000000
0000000000000000
0000000000000000
0000000000000000
0000000000000000
0000000000000000
0000000000000000
0000000000000000
0000000000000000
0000000000000000
0000000000000000
0000000000000000
0000000000000000
0000000000000000
0000000000000000
0000000000000000
0000000000000000
0000000000000000
0000000000000000
0000000000000000
0000000000000000
0000000000000000
0000000000000000
0000000000000000
0000000000000000
0000000000000000
0000000000000000
0000000000000000
0000000000000000
0000000000000000
0000000000000000
0000000000000000
0000000000000000
0000000000000000
0000000000000000
0000000000000000
0000000000000000
0000000000000000
0000000000000000
0000000000000000
0000000000000000
0000000000000000
0000000000000000
0000000000000000
0000000000000000
0000000000000000
0000000000000000
0000000000000000
0000000000000000
0000000000000000
0000000000000000
0000000000000000
0000000000000000
0000000000000000
0000000000000000
0000000000000000
0000000000000000
0000000000000000
0000000000000000
0000000000000000
0000000000000000
0000000000000000
0000000000000000
0000000000000000
0000000000000000
0000000000000000
0000000000000000
0000000000000000
0000000000000000
0000000000000000
0000000000000000
0000000000000000
0000000000000000
0000000000000000
0000000000000000
0000000000000000
0000000000000000
0000000000000000
0000000000000000
0000000000000000
0000000000000000
0000000000000000
0000000000000000
0000000000000000
0000000000000000
0000000000000000
0000000000000000
0000000000000000
0000000000000000
0000000000000000
0000000000000000
0000000000000000
0000000000000000
0000000000000000
0000000000000000
0000000000000000
0000000000000000
0000000000000000
0000000000000000
0000000000000000
0000000000000000
0000000000000000
0000000000000000
0000000000000000
0000000000000000
0000000000000000
0000000000000000
0000000000000000
0000000000000000
0000000000000000
0000000000000000
0000000000000000
0000000000000000
0000000000000000
0000000000000000
0000000000000000
0000000000000000
0000000000000000
0000000000000000
0000000000000000
0000000000000000
0000000000000000
0000000000000000
0000000000000000
0000000000000000
0000000000000000
0000000000000000
0000000000000000
0000000000000000
0000000000000000
0000000000000000
0000000000000000
0000000000000000
0000000000000000
0000000000000000
0000000000000000
0000000000000000
0000000000000000
0000000000000000
0000000000000000
0000000000000000
0000000000000000
0000000000000000
0000000000000000
0000000000000000
0000000000000000
0000000000000000
0000000000000000
0000000000000000
0000000000000000
0000000000000000
0000000000000000
0000000000000000
0000000000000000
0000000000000000
0000000000000000
0000000000000000
0000000000000000
0000000000000000
0000000000000000
0000000000000000
0000000000000000
0000000000000000
0000000000000000
0000000000000000
0000000000000000
0000000000000000
0000000000000000
0000000000000000
0000000000000000
0000000000000000
0000000000000000
0000000000000000
0000000000000000
0000000000000000
0000000000000000
0000000000000000
0000000000000000
0000000000000000
0000000000000000
0000000000000000
0000000000000000
0000000000000000
0000000000000000
0000000000000000
0000000000000000
0000000000000000
0000000000000000
0000000000000000
0000000000000000
0000000000000000
0000000000000000
0000000000000000
0000000000000000
0000000000000000
0000000000000000
0000000000000000
0000000000000000
0000000000000000
0000000000000000
0000000000000000
0000000000000000
0000000000000000
0000000000000000
0000000000000000
0000000000000000
0000000000000000
0000000000000000
0000000000000000
0000000000000000
0000000000000000
0000000000000000
0000000000000000
0000000000000000
0000000000000000
0000000000000000
0000000000000000
0000000000000000
0000000000000000
0000000000000000
0000000000000000
0000000000000000
0000000000000000
0000000000000000
0000000000000000
0000000000000000
0000000000000000
0000000000000000
0000000000000000
0000000000000000
0000000000000000
0000000000000000
0000000000000000
0000000000000000
0000000000000000
0000000000000000
0000000000000000
0000000000000000
0000000000000000
0000000000000000
0000000000000000
0000000000000000
0000000000000000
0000000000000000
0000000000000000
0000000000000000
0000000000000000
0000000000000000
0000000000000000
0000000000000000
0000000000000000
0000000000000000
0000000000000000
0000000000000000
0000000000000000
0000000000000000
0000000000000000
0000000000000000
0000000000000000
0000000000000000
0000000000000000
0000000000000000
0000000000000000
0000000000000000
0000000000000000
0000000000000000
0000000000000000
0000000000000000
0000000000000000
0000000000000000
0000000000000000
0000000000000000
0000000000000000
0000000000000000
0000000000000000
0000000000000000
0000000000000000
0000000000000000
0000000000000000
0000000000000000
0000000000000000
0000000000000000
0000000000000000
0000000000000000
0000000000000000
0000000000000000
0000000000000000
0000000000000000
0000000000000000
0000000000000000
0000000000000000
0000000000000000
0000000000000000
0000000000000000
0000000000000000
0000000000000000
0000000000000000
0000000000000000
0000000000000000
0000000000000000
0000000000000000
0000000000000000
0000000000000000
0000000000000000
0000000000000000
0000000000000000
0000000000000000
0000000000000000
0000000000000000
0000000000000000
0000000000000000
0000000000000000
0000000000000000
0000000000000000
0000000000000000
0000000000000000
0000000000000000
0000000000000000
0000000000000000
0000000000000000
0000000000000000
0000000000000000
0000000000000000
0000000000000000
0000000000000000
0000000000000000
0000000000000000
0000000000000000
0000000000000000
0000000000000000
0000000000000000
0000000000000000
0000000000000000
0000000000000000
0000000000000000
0000000000000000
0000000000000000
0000000000000000
0000000000000000
0000000000000000
0000000000000000
0000000000000000
0000000000000000
0000000000000000
0000000000000000
0000000000000000
0000000000000000
0000000000000000
0000000000000000
0000000000000000
0000000000000000
0000000000000000
0000000000000000
0000000000000000
0000000000000000
0000000000000000
0000000000000000
0000000000000000
0000000000000000
0000000000000000
0000000000000000
0000000000000000
0000000000000000
0000000000000000
0000000000000000
0000000000000000
0000000000000000
0000000000000000
0000000000000000
0000000000000000
0000000000000000
0000000000000000
0000000000000000
0000000000000000
0000000000000000
0000000000000000
0000000000000000
0000000000000000
0000000000000000
0000000000000000
0000000000000000
0000000000000000
0000000000000000
0000000000000000
0000000000000000
0000000000000000
0000000000000000
0000000000000000
0000000000000000
0000000000000000
0000000000000000
0000000000000000
0000000000000000
0000000000000000
0000000000000000
0000000000000000
0000000000000000
0000000000000000
0000000000000000
0000000000000000
0000000000000000
0000000000000000
0000000000000000
0000000000000000
0000000000000000
0000000000000000
0000000000000000
0000000000000000
0000000000000000
0000000000000000
0000000000000000
0000000000000000
0000000000000000
0000000000000000
0000000000000000
0000000000000000
0000000000000000
0000000000000000
0000000000000000
0000000000000000
0000000000000000
0000000000000000
0000000000000000
0000000000000000
0000000000000000
0000000000000000
0000000000000000
0000000000000000
0000000000000000
0000000000000000
0000000000000000
0000000000000000
0000000000000000
0000000000000000
0000000000000000
0000000000000000
0000000000000000
0000000000000000
0000000000000000
0000000000000000
0000000000000000
0000000000000000
0000000000000000
0000000000000000
0000000000000000
0000000000000000
0000000000000000
0000000000000000
0000000000000000
0000000000000000
0000000000000000
0000000000000000
0000000000000000
0000000000000000
0000000000000000
0000000000000000
0000000000000000
0000000000000000
0000000000000000
0000000000000000
0000000000000000
0000000000000000
0000000000000000
0000000000000000
0000000000000000
0000000000000000
0000000000000000
0000000000000000
0000000000000000
0000000000000000
0000000000000000
0000000000000000
0000000000000000
0000000000000000
0000000000000000
0000000000000000
0000000000000000
0000000000000000
0000000000000000
0000000000000000
0000000000000000
0000000000000000
0000000000000000
0000000000000000
0000000000000000
0000000000000000
0000000000000000
0000000000000000
0000000000000000
0000000000000000
0000000000000000
0000000000000000
0000000000000000
0000000000000000
0000000000000000
0000000000000000
0000000000000000
0000000000000000
0000000000000000
0000000000000000
0000000000000000
0000000000000000
0000000000000000
0000000000000000
0000000000000000
0000000000000000
0000000000000000
0000000000000000
0000000000000000
0000000000000000
0000000000000000
0000000000000000
0000000000000000
0000000000000000
0000000000000000
0000000000000000
0000000000000000
0000000000000000
0000000000000000
0000000000000000
0000000000000000
0000000000000000
0000000000000000
0000000000000000
0000000000000000
0000000000000000
0000000000000000
0000000000000000
0000000000000000
0000000000000000
0000000000000000
0000000000000000
0000000000000000
0000000000000000
0000000000000000
0000000000000000
0000000000000000
0000000000000000
0000000000000000
0000000000000000
0000000000000000
0000000000000000
0000000000000000
0000000000000000
0000000000000000
0000000000000000
0000000000000000
0000000000000000
0000000000000000
0000000000000000
0000000000000000
0000000000000000
0000000000000000
0000000000000000
0000000000000000
0000000000000000
0000000000000000
0000000000000000
0000000000000000
0000000000000000
0000000000000000
0000000000000000
0000000000000000
0000000000000000
0000000000000000
0000000000000000
0000000000000000
0000000000000000
0000000000000000
0000000000000000
0000000000000000
0000000000000000
0000000000000000
0000000000000000
0000000000000000
0000000000000000
0000000000000000
0000000000000000
0000000000000000
0000000000000000
0000000000000000
0000000000000000
0000000000000000
0000000000000000
0000000000000000
0000000000000000
0000000000000000
0000000000000000
0000000000000000
0000000000000000
0000000000000000
0000000000000000
0000000000000000
0000000000000000
0000000000000000
0000000000000000
0000000000000000
0000000000000000
0000000000000000
0000000000000000
0000000000000000
0000000000000000
0000000000000000
0000000000000000
0000000000000000
0000000000000000
0000000000000000
0000000000000000
0000000000000000
0000000000000000
0000000000000000
0000000000000000
0000000000000000
0000000000000000
0000000000000000
0000000000000000
0000000000000000
0000000000000000
0000000000000000
0000000000000000
0000000000000000
0000000000000000
0000000000000000
0000000000000000
0000000000000000
0000000000000000
0000000000000000
0000000000000000
0000000000000000
0000000000000000
0000000000000000
0000000000000000
0000000000000000
0000000000000000
0000000000000000
0000000000000000
0000000000000000
0000000000000000
0000000000000000
0000000000000000
0000000000000000
0000000000000000
0000000000000000
0000000000000000
0000000000000000
0000000000000000
0000000000000000
0000000000000000
0000000000000000
0000000000000000
0000000000000000
0000000000000000
0000000000000000
0000000000000000
0000000000000000
0000000000000000
0000000000000000
0000000000000000
0000000000000000
0000000000000000
0000000000000000
0000000000000000
0000000000000000
0000000000000000
0000000000000000
0000000000000000
0000000000000000
0000000000000000
0000000000000000
0000000000000000
0000000000000000
0000000000000000
0000000000000000
0000000000000000
0000000000000000
0000000000000000
0000000000000000
0000000000000000
0000000000000000
0000000000000000
0000000000000000
0000000000000000
0000000000000000
0000000000000000
0000000000000000
0000000000000000
0000000000000000
0000000000000000
0000000000000000
0000000000000000
0000000000000000
0000000000000000
0000000000000000
0000000000000000
0000000000000000
0000000000000000
0000000000000000
0000000000000000
0000000000000000
0000000000000000
0000000000000000
0000000000000000
0000000000000000
0000000000000000
0000000000000000
0000000000000000
0000000000000000
0000000000000000
0000000000000000
0000000000000000
0000000000000000
0000000000000000
0000000000000000
0000000000000000
0000000000000000
0000000000000000
0000000000000000
0000000000000000
0000000000000000
0000000000000000
0000000000000000
0000000000000000
0000000000000000
0000000000000000
0000000000000000
0000000000000000
0000000000000000
0000000000000000
0000000000000000
0000000000000000
0000000000000000
0000000000000000
0000000000000000
0000000000000000
0000000000000000
0000000000000000
0000000000000000
0000000000000000
0000000000000000
0000000000000000
0000000000000000
0000000000000000
0000000000000000
0000000000000000
0000000000000000
0000000000000000
0000000000000000
0000000000000000
0000000000000000
0000000000000000
0000000000000000
0000000000000000
0000000000000000
0000000000000000
0000000000000000
0000000000000000
0000000000000000
0000000000000000
0000000000000000
0000000000000000
0000000000000000
0000000000000000
0000000000000000
0000000000000000
0000000000000000
0000000000000000
0000000000000000
0000000000000000
0000000000000000
0000000000000000
0000000000000000
0000000000000000
0000000000000000
0000000000000000
0000000000000000
0000000000000000
0000000000000000
0000000000000000
0000000000000000
0000000000000000
0000000000000000
0000000000000000
0000000000000000
0000000000000000
0000000000000000
0000000000000000
0000000000000000
0000000000000000
0000000000000000
0000000000000000
0000000000000000
0000000000000000
0000000000000000
0000000000000000
0000000000000000
0000000000000000
0000000000000000
0000000000000000
0000000000000000
0000000000000000
0000000000000000
0000000000000000
0000000000000000
0000000000000000
0000000000000000
0000000000000000
0000000000000000
0000000000000000
0000000000000000
0000000000000000
0000000000000000
0000000000000000
0000000000000000
0000000000000000
0000000000000000
0000000000000000
0000000000000000
0000000000000000
0000000000000000
0000000000000000
0000000000000000
0000000000000000
0000000000000000
0000000000000000
0000000000000000
0000000000000000
0000000000000000
0000000000000000
0000000000000000
0000000000000000
0000000000000000
0000000000000000
0000000000000000
0000000000000000
0000000000000000
0000000000000000
0000000000000000
0000000000000000
0000000000000000
0000000000000000
0000000000000000
0000000000000000
0000000000000000
0000000000000000
0000000000000000
0000000000000000
0000000000000000
0000000000000000
0000000000000000
0000000000000000
0000000000000000
0000000000000000
0000000000000000
0000000000000000
0000000000000000
0000000000000000
0000000000000000
0000000000000000
0000000000000000
0000000000000000
0000000000000000
0000000000000000
0000000000000000
0000000000000000
0000000000000000
0000000000000000
0000000000000000
0000000000000000
0000000000000000
0000000000000000
0000000000000000
0000000000000000
0000000000000000
0000000000000000
0000000000000000
0000000000000000
0000000000000000
0000000000000000
0000000000000000
0000000000000000
0000000000000000
0000000000000000
0000000000000000
0000000000000000
0000000000000000
0000000000000000
0000000000000000
0000000000000000
0000000000000000
0000000000000000
0000000000000000
0000000000000000
0000000000000000
0000000000000000
0000000000000000
0000000000000000
0000000000000000
0000000000000000
0000000000000000
0000000000000000
0000000000000000
0000000000000000
0000000000000000
0000000000000000
0000000000000000
0000000000000000
0000000000000000
0000000000000000
0000000000000000
0000000000000000
0000000000000000
0000000000000000
0000000000000000
0000000000000000
0000000000000000
0000000000000000
0000000000000000
0000000000000000
0000000000000000
0000000000000000
0000000000000000
0000000000000000
0000000000000000
0000000000000000
0000000000000000
0000000000000000
0000000000000000
0000000000000000
0000000000000000
0000000000000000
0000000000000000
0000000000000000
0000000000000000
0000000000000000
0000000000000000
0000000000000000
0000000000000000
0000000000000000
0000000000000000
0000000000000000
0000000000000000
0000000000000000
0000000000000000
0000000000000000
0000000000000000
0000000000000000
0000000000000000
0000000000000000
0000000000000000
0000000000000000
0000000000000000
0000000000000000
0000000000000000
0000000000000000
0000000000000000
0000000000000000
0000000000000000
0000000000000000
0000000000000000
0000000000000000
0000000000000000
0000000000000000
0000000000000000
0000000000000000
0000000000000000
0000000000000000
0000000000000000
0000000000000000
0000000000000000
0000000000000000
0000000000000000
0000000000000000
0000000000000000
0000000000000000
0000000000000000
0000000000000000
0000000000000000
0000000000000000
0000000000000000
0000000000000000
0000000000000000
0000000000000000
0000000000000000
0000000000000000
0000000000000000
0000000000000000
0000000000000000
0000000000000000
0000000000000000
0000000000000000
0000000000000000
0000000000000000
0000000000000000
0000000000000000
0000000000000000
0000000000000000
0000000000000000
0000000000000000
0000000000000000
0000000000000000
0000000000000000
0000000000000000
0000000000000000
0000000000000000
0000000000000000
0000000000000000
0000000000000000
0000000000000000
0000000000000000
0000000000000000
0000000000000000
0000000000000000
0000000000000000
0000000000000000
0000000000000000
0000000000000000
0000000000000000
0000000000000000
0000000000000000
0000000000000000
0000000000000000
0000000000000000
0000000000000000
0000000000000000
0000000000000000
0000000000000000
0000000000000000
0000000000000000
0000000000000000
0000000000000000
0000000000000000
0000000000000000
0000000000000000
0000000000000000
0000000000000000
0000000000000000
0000000000000000
0000000000000000
0000000000000000
0000000000000000
0000000000000000
0000000000000000
0000000000000000
0000000000000000
0000000000000000
0000000000000000
0000000000000000
0000000000000000
0000000000000000
0000000000000000
0000000000000000
0000000000000000
0000000000000000
0000000000000000
0000000000000000
0000000000000000
0000000000000000
0000000000000000
0000000000000000
0000000000000000
0000000000000000
0000000000000000
0000000000000000
0000000000000000
0000000000000000
0000000000000000
0000000000000000
0000000000000000
0000000000000000
0000000000000000
0000000000000000
0000000000000000
0000000000000000
0000000000000000
0000000000000000
0000000000000000
0000000000000000
0000000000000000
0000000000000000
0000000000000000
0000000000000000
0000000000000000
0000000000000000
0000000000000000
0000000000000000
0000000000000000
0000000000000000
0000000000000000
0000000000000000
0000000000000000
0000000000000000
0000000000000000
0000000000000000
0000000000000000
0000000000000000
0000000000000000
0000000000000000
0000000000000000
0000000000000000
0000000000000000
0000000000000000
0000000000000000
0000000000000000
0000000000000000
0000000000000000
0000000000000000
0000000000000000
0000000000000000
0000000000000000
0000000000000000
0000000000000000
0000000000000000
0000000000000000
0000000000000000
0000000000000000
0000000000000000
0000000000000000
0000000000000000
0000000000000000
0000000000000000
0000000000000000
0000000000000000
0000000000000000
0000000000000000
0000000000000000
0000000000000000
0000000000000000
0000000000000000
0000000000000000
0000000000000000
0000000000000000
0000000000000000
0000000000000000
0000000000000000
0000000000000000
0000000000000000
0000000000000000
0000000000000000
0000000000000000
0000000000000000
0000000000000000
0000000000000000
0000000000000000
0000000000000000
0000000000000000
0000000000000000
0000000000000000
0000000000000000
0000000000000000
0000000000000000
0000000000000000
0000000000000000
0000000000000000
0000000000000000
0000000000000000
0000000000000000
0000000000000000
0000000000000000
0000000000000000
0000000000000000
0000000000000000
0000000000000000
0000000000000000
0000000000000000
0000000000000000
0000000000000000
0000000000000000
0000000000000000
0000000000000000
0000000000000000
0000000000000000
0000000000000000
0000000000000000
0000000000000000
0000000000000000
0000000000000000
0000000000000000
0000000000000000
0000000000000000
0000000000000000
0000000000000000
0000000000000000
0000000000000000
0000000000000000
0000000000000000
0000000000000000
0000000000000000
0000000000000000
0000000000000000
0000000000000000
0000000000000000
0000000000000000
0000000000000000
0000000000000000
0000000000000000
0000000000000000
0000000000000000
0000000000000000
0000000000000000
0000000000000000
0000000000000000
0000000000000000
0000000000000000
0000000000000000
0000000000000000
0000000000000000
0000000000000000
0000000000000000
0000000000000000
0000000000000000
0000000000000000
0000000000000000
0000000000000000
0000000000000000
0000000000000000
0000000000000000
0000000000000000
0000000000000000
0000000000000000
0000000000000000
0000000000000000
0000000000000000
0000000000000000
0000000000000000
0000000000000000
0000000000000000
0000000000000000
0000000000000000
0000000000000000
0000000000000000
0000000000000000
0000000000000000
0000000000000000
0000000000000000
0000000000000000
0000000000000000
0000000000000000
0000000000000000
0000000000000000
0000000000000000
0000000000000000
0000000000000000
0000000000000000
0000000000000000
0000000000000000
0000000000000000
0000000000000000
0000000000000000
0000000000000000
0000000000000000
0000000000000000
0000000000000000
0000000000000000
0000000000000000
0000000000000000
0000000000000000
0000000000000000
0000000000000000
0000000000000000
0000000000000000
0000000000000000
0000000000000000
0000000000000000
0000000000000000
0000000000000000
0000000000000000
0000000000000000
0000000000000000
0000000000000000
0000000000000000
0000000000000000
0000000000000000
0000000000000000
0000000000000000
0000000000000000
0000000000000000
0000000000000000
0000000000000000
0000000000000000
0000000000000000
0000000000000000
0000000000000000
0000000000000000
0000000000000000
0000000000000000
0000000000000000
0000000000000000
0000000000000000
0000000000000000
0000000000000000
0000000000000000
0000000000000000
0000000000000000
0000000000000000
0000000000000000
0000000000000000
0000000000000000
0000000000000000
0000000000000000
0000000000000000
0000000000000000
0000000000000000
0000000000000000
0000000000000000
0000000000000000
0000000000000000
0000000000000000
0000000000000000
0000000000000000
0000000000000000
0000000000000000
0000000000000000
0000000000000000
0000000000000000
0000000000000000
0000000000000000
0000000000000000
0000000000000000
0000000000000000
0000000000000000
0000000000000000
0000000000000000
0000000000000000
0000000000000000
0000000000000000
0000000000000000
0000000000000000
0000000000000000
0000000000000000
0000000000000000
0000000000000000
0000000000000000
0000000000000000
0000000000000000
0000000000000000
0000000000000000
0000000000000000
0000000000000000
0000000000000000
0000000000000000
0000000000000000
0000000000000000
0000000000000000
0000000000000000
0000000000000000
0000000000000000
0000000000000000
0000000000000000
0000000000000000
0000000000000000
0000000000000000
0000000000000000
0000000000000000
0000000000000000
0000000000000000
0000000000000000
0000000000000000
0000000000000000
0000000000000000
0000000000000000
0000000000000000
0000000000000000
0000000000000000
0000000000000000
0000000000000000
0000000000000000
0000000000000000
0000000000000000
0000000000000000
0000000000000000
0000000000000000
0000000000000000
0000000000000000
0000000000000000
0000000000000000
0000000000000000
0000000000000000
0000000000000000
0000000000000000
0000000000000000
0000000000000000
0000000000000000
0000000000000000
0000000000000000
0000000000000000
0000000000000000
0000000000000000
0000000000000000
0000000000000000
0000000000000000
0000000000000000
0000000000000000
0000000000000000
0000000000000000
0000000000000000
0000000000000000
0000000000000000
0000000000000000
0000000000000000
0000000000000000
0000000000000000
0000000000000000
0000000000000000
0000000000000000
0000000000000000
0000000000000000
0000000000000000
0000000000000000
0000000000000000
0000000000000000
0000000000000000
0000000000000000
0000000000000000
0000000000000000
0000000000000000
0000000000000000
0000000000000000
0000000000000000
0000000000000000
0000000000000000
0000000000000000
0000000000000000
0000000000000000
0000000000000000
0000000000000000
0000000000000000
0000000000000000
0000000000000000
0000000000000000
0000000000000000
0000000000000000
0000000000000000
0000000000000000
0000000000000000
0000000000000000
0000000000000000
0000000000000000
0000000000000000
0000000000000000
0000000000000000
0000000000000000
0000000000000000
0000000000000000
0000000000000000
0000000000000000
0000000000000000
0000000000000000
0000000000000000
0000000000000000
0000000000000000
0000000000000000
0000000000000000
0000000000000000
0000000000000000
0000000000000000
0000000000000000
0000000000000000
0000000000000000
0000000000000000
0000000000000000
0000000000000000
0000000000000000
0000000000000000
0000000000000000
0000000000000000
0000000000000000
0000000000000000
0000000000000000
0000000000000000
0000000000000000
0000000000000000
0000000000000000
0000000000000000
0000000000000000
0000000000000000
0000000000000000
0000000000000000
0000000000000000
0000000000000000
0000000000000000
0000000000000000
0000000000000000
0000000000000000
0000000000000000
0000000000000000
0000000000000000
0000000000000000
0000000000000000
0000000000000000
0000000000000000
0000000000000000
0000000000000000
0000000000000000
0000000000000000
0000000000000000
0000000000000000
0000000000000000
0000000000000000
0000000000000000
0000000000000000
0000000000000000
0000000000000000
0000000000000000
0000000000000000
0000000000000000
0000000000000000
0000000000000000
0000000000000000
0000000000000000
0000000000000000
0000000000000000
0000000000000000
0000000000000000
0000000000000000
0000000000000000
0000000000000000
0000000000000000
0000000000000000
0000000000000000
0000000000000000
0000000000000000
0000000000000000
0000000000000000
0000000000000000
0000000000000000
0000000000000000
0000000000000000
0000000000000000
0000000000000000
0000000000000000
0000000000000000
0000000000000000
0000000000000000
0000000000000000
0000000000000000
0000000000000000
0000000000000000
0000000000000000
0000000000000000
0000000000000000
0000000000000000
0000000000000000
0000000000000000
0000000000000000
0000000000000000
0000000000000000
0000000000000000
0000000000000000
0000000000000000
0000000000000000
0000000000000000
0000000000000000
0000000000000000
0000000000000000
0000000000000000
0000000000000000
0000000000000000
0000000000000000
0000000000000000
0000000000000000
0000000000000000
0000000000000000
0000000000000000
0000000000000000
0000000000000000
0000000000000000
0000000000000000
0000000000000000
0000000000000000
0000000000000000
0000000000000000
0000000000000000
0000000000000000
0000000000000000
0000000000000000
0000000000000000
0000000000000000
0000000000000000
0000000000000000
0000000000000000
0000000000000000
0000000000000000
0000000000000000
0000000000000000
0000000000000000
0000000000000000
0000000000000000
0000000000000000
0000000000000000
0000000000000000
0000000000000000
0000000000000000
0000000000000000
0000000000000000
0000000000000000
0000000000000000
0000000000000000
0000000000000000
0000000000000000
0000000000000000
0000000000000000
0000000000000000
0000000000000000
0000000000000000
0000000000000000
0000000000000000
0000000000000000
0000000000000000
0000000000000000
0000000000000000
0000000000000000
0000000000000000
0000000000000000
0000000000000000
0000000000000000
0000000000000000
0000000000000000
0000000000000000
0000000000000000
0000000000000000
0000000000000000
0000000000000000
0000000000000000
0000000000000000
0000000000000000
0000000000000000
0000000000000000
0000000000000000
0000000000000000
0000000000000000
0000000000000000
0000000000000000
0000000000000000
0000000000000000
0000000000000000
0000000000000000
0000000000000000
0000000000000000
0000000000000000
0000000000000000
0000000000000000
0000000000000000
0000000000000000
0000000000000000
0000000000000000
0000000000000000
0000000000000000
0000000000000000
0000000000000000
0000000000000000
0000000000000000
0000000000000000
0000000000000000
0000000000000000
0000000000000000
0000000000000000
0000000000000000
0000000000000000
0000000000000000
0000000000000000
0000000000000000
0000000000000000
0000000000000000
0000000000000000
0000000000000000
0000000000000000
0000000000000000
0000000000000000
0000000000000000
0000000000000000
0000000000000000
0000000000000000
0000000000000000
0000000000000000
0000000000000000
0000000000000000
0000000000000000
0000000000000000
0000000000000000
0000000000000000
0000000000000000
0000000000000000
0000000000000000
0000000000000000
0000000000000000
0000000000000000
0000000000000000
0000000000000000
0000000000000000
0000000000000000
0000000000000000
0000000000000000
0000000000000000
0000000000000000
0000000000000000
0000000000000000
0000000000000000
0000000000000000
0000000000000000
0000000000000000
0000000000000000
0000000000000000
0000000000000000
0000000000000000
0000000000000000
0000000000000000
0000000000000000
0000000000000000
0000000000000000
0000000000000000
0000000000000000
0000000000000000
0000000000000000
0000000000000000
0000000000000000
0000000000000000
0000000000000000
0000000000000000
0000000000000000
0000000000000000
0000000000000000
0000000000000000
0000000000000000
0000000000000000
0000000000000000
0000000000000000
0000000000000000
0000000000000000
0000000000000000
0000000000000000
0000000000000000
0000000000000000
0000000000000000
0000000000000000
0000000000000000
0000000000000000
0000000000000000
0000000000000000
0000000000000000
0000000000000000
0000000000000000
0000000000000000
0000000000000000
0000000000000000
0000000000000000
0000000000000000
0000000000000000
0000000000000000
0000000000000000
0000000000000000
0000000000000000
0000000000000000
0000000000000000
0000000000000000
0000000000000000
0000000000000000
0000000000000000
0000000000000000
0000000000000000
0000000000000000
0000000000000000
0000000000000000
0000000000000000
0000000000000000
0000000000000000
0000000000000000
0000000000000000
0000000000000000
0000000000000000
0000000000000000
0000000000000000
0000000000000000
0000000000000000
0000000000000000
0000000000000000
0000000000000000
0000000000000000
0000000000000000
0000000000000000
0000000000000000
0000000000000000
0000000000000000
0000000000000000
0000000000000000
0000000000000000
0000000000000000
0000000000000000
0000000000000000
0000000000000000
0000000000000000
0000000000000000
0000000000000000
0000000000000000
0000000000000000
0000000000000000
0000000000000000
0000000000000000
0000000000000000
0000000000000000
0000000000000000
0000000000000000
0000000000000000
0000000000000000
0000000000000000
0000000000000000
0000000000000000
0000000000000000
0000000000000000
0000000000000000
0000000000000000
0000000000000000
0000000000000000
0000000000000000
0000000000000000
0000000000000000
0000000000000000
0000000000000000
0000000000000000
0000000000000000
0000000000000000
0000000000000000
0000000000000000
0000000000000000
0000000000000000
0000000000000000
0000000000000000
0000000000000000
0000000000000000
0000000000000000
0000000000000000
0000000000000000
0000000000000000
0000000000000000
0000000000000000
0000000000000000
0000000000000000
0000000000000000
0000000000000000
0000000000000000
0000000000000000
0000000000000000
0000000000000000
0000000000000000
0000000000000000
00000000fc000000
0000000000000000
0000000000000000
0000000000000000
0000000000000000
0000000000000000
0000000000000000
0000000000000000
0000000000000000
0000000000000000
0000000000000000
0000000000000000
0000000000000000
0000000000000000
0000000000000000
0000000000000000
0000000000000000
0000000000000000
0000000000000000
0000000000000000
0000000000000000
0000000000000000
0000000000000000
0000000000000000
0000000000000000
0000000000000000
0000000000000000
0000000000000000
0000000000000000
0000000000000000
0000000000000000
0000000000000000
0000000000000000
0000000000000000
0000000000000000
0000000000000000
0000000000000000
0000000000000000
0000000000000000
0000000000000000
0000000000000000
0000000000000000
0000000000000000
0000000000000000
0000000000000000
0000000000000000
0000000000000000
0000000000000000
0000000000000000
0000000000000000
0000000000000000
0000000000000000
0000000000000000
0000000000000000
0000000000000000
0000000000000000
0000000000000000
0000000000000000
0000000000000000
0000000000000000
0000000000000000
0000000000000000
0000000000000000
0000000000000000
0000000000000000
0000000000000000
0000000000000000
0000000000000000
0000000000000000
0000000000000000
0000000000000000
0000000000000000
0000000000000000
0000000000000000
0000000000000000
0000000000000000
0000000000000000
0000000000000000
0000000000000000
0000000000000000
0000000000000000
0000000000000000
0000000000000000
0000000000000000
0000000000000000
0000000000000000
0000000000000000
0000000000000000
0000000000000000
0000000000000000
0000000000000000
0000000000000000
0000000000000000
0000000000000000
0000000000000000
0000000000000000
0000000000000000
0000000000000000
0000000000000000
0000000000000000
0000000000000000
0000000000000000
0000000000000000
0000000000000000
0000000000000000
0000000000000000
0000000000000000
0000000000000000
0000000000000000
0000000000000000
0000000000000000
0000000000000000
0000000000000000
0000000000000000
0000000000000000
0000000000000000
0000000000000000
0000000000000000
0000000000000000
0000000000000000
0000000000000000
0000000000000000
0000000000000000
0000000000000000
0000000000000000
0000000000000000
0000000000000000
0000000000000000
0000000000000000
0000000000000000
0000000000000000
0000000000000000
0000000000000000
0000000000000000
0000000000000000
0000000000000000
0000000000000000
0000000000000000
0000000000000000
0000000000000000
0000000000000000
0000000000000000
0000000000000000
0000000000000000
0000000000000000
0000000000000000
0000000000000000
0000000000000000
0000000000000000
0000000000000000
0000000000000000
0000000000000000
0000000000000000
0000000000000000
0000000000000000
0000000000000000
0000000000000000
0000000000000000
0000000000000000
0000000000000000
0000000000000000
0000000000000000
0000000000000000
0000000000000000
0000000000000000
0000000000000000
0000000000000000
0000000000000000
0000000000000000
0000000000000000
0000000000000000
0000000000000000
0000000000000000
0000000000000000
0000000000000000
0000000000000000
0000000000000000
0000000000000000
0000000000000000
0000000000000000
0000000000000000
0000000000000000
0000000000000000
0000000000000000
0000000000000000
0000000000000000
0000000000000000
0000000000000000
0000000000000000
0000000000000000
0000000000000000
0000000000000000
0000000000000000
0000000000000000
0000000000000000
0000000000000000
0000000000000000
0000000000000000
0000000000000000
0000000000000000
0000000000000000
0000000000000000
0000000000000000
0000000000000000
0000000000000000
0000000000000000
0000000000000000
0000000000000000
0000000000000000
0000000000000000
0000000000000000
0000000000000000
0000000000000000
0000000000000000
0000000000000000
0000000000000000
0000000000000000
0000000000000000
0000000000000000
0000000000000000
0000000000000000
0000000000000000
0000000000000000
0000000000000000
0000000000000000
0000000000000000
0000000000000000
0000000000000000
0000000000000000
0000000000000000
0000000000000000
0000000000000000
0000000000000000
0000000000000000
0000000000000000
0000000000000000
0000000000000000
0000000000000000
0000000000000000
0000000000000000
0000000000000000
0000000000000000
0000000000000000
0000000000000000
0000000000000000
0000000000000000
0000000000000000
0000000000000000
0000000000000000
0000000000000000
0000000000000000
0000000000000000
0000000000000000
0000000000000000
0000000000000000
0000000000000000
0000000000000000
0000000000000000
0000000000000000
0000000000000000
0000000000000000
0000000000000000
0000000000000000
0000000000000000
0000000000000000
0000000000000000
0000000000000000
0000000000000000
0000000000000000
0000000000000000
0000000000000000
0000000000000000
0000000000000000
0000000000000000
0000000000000000
0000000000000000
0000000000000000
0000000000000000
0000000000000000
0000000000000000
0000000000000000
0000000000000000
0000000000000000
0000000000000000
0000000000000000
0000000000000000
0000000000000000
0000000000000000
0000000000000000
0000000000000000
0000000000000000
0000000000000000
0000000000000000
0000000000000000
0000000000000000
0000000000000000
0000000000000000
0000000000000000
0000000000000000
0000000000000000
0000000000000000
0000000000000000
0000000000000000
0000000000000000
0000000000000000
0000000000000000
0000000000000000
0000000000000000
0000000000000000
0000000000000000
0000000000000000
0000000000000000
0000000000000000
0000000000000000
0000000000000000
0000000000000000
0000000000000000
0000000000000000
0000000000000000
0000000000000000
0000000000000000
0000000000000000
0000000000000000
0000000000000000
0000000000000000
0000000000000000
0000000000000000
0000000000000000
0000000000000000
0000000000000000
0000000000000000
0000000000000000
0000000000000000
0000000000000000
0000000000000000
0000000000000000
0000000000000000
0000000000000000
0000000000000000
0000000000000000
0000000000000000
0000000000000000
0000000000000000
0000000000000000
0000000000000000
0000000000000000
0000000000000000
0000000000000000
0000000000000000
0000000000000000
0000000000000000
0000000000000000
0000000000000000
0000000000000000
0000000000000000
0000000000000000
0000000000000000
0000000000000000
0000000000000000
0000000000000000
0000000000000000
0000000000000000
0000000000000000
0000000000000000
0000000000000000
0000000000000000
0000000000000000
0000000000000000
0000000000000000
0000000000000000
0000000000000000
0000000000000000
0000000000000000
0000000000000000
0000000000000000
0000000000000000
0000000000000000
0000000000000000
0000000000000000
0000000000000000
0000000000000000
0000000000000000
0000000000000000
0000000000000000
0000000000000000
0000000000000000
0000000000000000
0000000000000000
0000000000000000
0000000000000000
0000000000000000
0000000000000000
0000000000000000
0000000000000000
0000000000000000
0000000000000000
0000000000000000
0000000000000000
0000000000000000
0000000000000000
0000000000000000
0000000000000000
0000000000000000
0000000000000000
0000000000000000
0000000000000000
0000000000000000
0000000000000000
0000000000000000
0000000000000000
0000000000000000
0000000000000000
0000000000000000
0000000000000000
0000000000000000
0000000000000000
0000000000000000
0000000000000000
0000000000000000
0000000000000000
0000000000000000
0000000000000000
0000000000000000
0000000000000000
0000000000000000
0000000000000000
0000000000000000
0000000000000000
0000000000000000
0000000000000000
0000000000000000
0000000000000000
0000000000000000
0000000000000000
0000000000000000
0000000000000000
0000000000000000
0000000000000000
0000000000000000
0000000000000000
0000000000000000
0000000000000000
0000000000000000
0000000000000000
0000000000000000
0000000000000000
0000000000000000
0000000000000000
0000000000000000
0000000000000000
0000000000000000
0000000000000000
0000000000000000
0000000000000000
0000000000000000
0000000000000000
0000000000000000
0000000000000000
0000000000000000
0000000000000000
0000000000000000
0000000000000000
0000000000000000
0000000000000000
0000000000000000
0000000000000000
0000000000000000
0000000000000000
0000000000000000
0000000000000000
0000000000000000
0000000000000000
0000000000000000
0000000000000000
0000000000000000
0000000000000000
0000000000000000
0000000000000000
0000000000000000
0000000000000000
0000000000000000
0000000000000000
0000000000000000
0000000000000000
0000000000000000
0000000000000000
0000000000000000
0000000000000000
0000000000000000
0000000000000000
0000000000000000
0000000000000000
0000000000000000
0000000000000000
0000000000000000
0000000000000000
0000000000000000
0000000000000000
0000000000000000
0000000000000000
0000000000000000
0000000000000000
0000000000000000
0000000000000000
0000000000000000
0000000000000000
0000000000000000
0000000000000000
0000000000000000
0000000000000000
0000000000000000
0000000000000000
0000000000000000
0000000000000000
0000000000000000
0000000000000000
0000000000000000
0000000000000000
0000000000000000
0000000000000000
0000000000000000
0000000000000000
0000000000000000
0000000000000000
0000000000000000
0000000000000000
0000000000000000
0000000000000000
0000000000000000
0000000000000000
0000000000000000
0000000000000000
0000000000000000
0000000000000000
0000000000000000
0000000000000000
0000000000000000
0000000000000000
0000000000000000
0000000000000000
0000000000000000
0000000000000000
0000000000000000
0000000000000000
0000000000000000
0000000000000000
0000000000000000
0000000000000000
0000000000000000
0000000000000000
0000000000000000
0000000000000000
0000000000000000
0000000000000000
0000000000000000
0000000000000000
0000000000000000
0000000000000000
0000000000000000
0000000000000000
0000000000000000
0000000000000000
0000000000000000
0000000000000000
0000000000000000
0000000000000000
0000000000000000
0000000000000000
0000000000000000
0000000000000000
0000000000000000
0000000000000000
0000000000000000
0000000000000000
0000000000000000
0000000000000000
0000000000000000
0000000000000000
0000000000000000
0000000000000000
0000000000000000
0000000000000000
0000000000000000
0000000000000000
0000000000000000
0000000000000000
0000000000000000
0000000000000000
0000000000000000
0000000000000000
0000000000000000
0000000000000000
0000000000000000
0000000000000000
0000000000000000
0000000000000000
0000000000000000
0000000000000000
0000000000000000
0000000000000000
0000000000000000
0000000000000000
0000000000000000
0000000000000000
0000000000000000
0000000000000000
0000000000000000
0000000000000000
0000000000000000
0000000000000000
0000000000000000
0000000000000000
0000000000000000
0000000000000000
0000000000000000
0000000000000000
0000000000000000
0000000000000000
0000000000000000
0000000000000000
0000000000000000
0000000000000000
0000000000000000
0000000000000000
0000000000000000
0000000000000000
0000000000000000
0000000000000000
0000000000000000
0000000000000000
0000000000000000
0000000000000000
0000000000000000
0000000000000000
0000000000000000
0000000000000000
0000000000000000
0000000000000000
0000000000000000
0000000000000000
0000000000000000
0000000000000000
0000000000000000
0000000000000000
0000000000000000
0000000000000000
0000000000000000
0000000000000000
0000000000000000
0000000000000000
0000000000000000
0000000000000000
0000000000000000
0000000000000000
0000000000000000
0000000000000000
0000000000000000
0000000000000000
0000000000000000
0000000000000000
0000000000000000
0000000000000000
0000000000000000
0000000000000000
0000000000000000
0000000000000000
0000000000000000
0000000000000000
0000000000000000
0000000000000000
0000000000000000
0000000000000000
0000000000000000
0000000000000000
0000000000000000
0000000000000000
0000000000000000
0000000000000000
0000000000000000
0000000000000000
0000000000000000
0000000000000000
0000000000000000
0000000000000000
0000000000000000
0000000000000000
0000000000000000
0000000000000000
0000000000000000
0000000000000000
0000000000000000
0000000000000000
0000000000000000
0000000000000000
0000000000000000
0000000000000000
0000000000000000
0000000000000000
0000000000000000
0000000000000000
0000000000000000
0000000000000000
0000000000000000
0000000000000000
0000000000000000
0000000000000000
0000000000000000
0000000000000000
0000000000000000
0000000000000000
0000000000000000
0000000000000000
0000000000000000
0000000000000000
0000000000000000
0000000000000000
0000000000000000
0000000000000000
0000000000000000
0000000000000000
0000000000000000
0000000000000000
0000000000000000
0000000000000000
0000000000000000
0000000000000000
0000000000000000
0000000000000000
0000000000000000
0000000000000000
0000000000000000
0000000000000000
0000000000000000
0000000000000000
0000000000000000
0000000000000000
0000000000000000
0000000000000000
0000000000000000
0000000000000000
0000000000000000
0000000000000000
0000000000000000
0000000000000000
0000000000000000
0000000000000000
0000000000000000
0000000000000000
0000000000000000
0000000000000000
0000000000000000
0000000000000000
0000000000000000
0000000000000000
0000000000000000
0000000000000000
0000000000000000
0000000000000000
0000000000000000
0000000000000000
0000000000000000
0000000000000000
0000000000000000
0000000000000000
0000000000000000
0000000000000000
0000000000000000
0000000000000000
0000000000000000
0000000000000000
0000000000000000
0000000000000000
0000000000000000
0000000000000000
0000000000000000
0000000000000000
0000000000000000
0000000000000000
0000000000000000
0000000000000000
0000000000000000
0000000000000000
0000000000000000
0000000000000000
0000000000000000
0000000000000000
0000000000000000
0000000000000000
0000000000000000
0000000000000000
0000000000000000
0000000000000000
0000000000000000
0000000000000000
0000000000000000
0000000000000000
0000000000000000
0000000000000000
0000000000000000
0000000000000000
0000000000000000
0000000000000000
0000000000000000
0000000000000000
0000000000000000
0000000000000000
0000000000000000
0000000000000000
0000000000000000
0000000000000000
0000000000000000
0000000000000000
0000000000000000
0000000000000000
0000000000000000
0000000000000000
0000000000000000
0000000000000000
0000000000000000
0000000000000000
0000000000000000
0000000000000000
0000000000000000
0000000000000000
0000000000000000
0000000000000000
0000000000000000
0000000000000000
0000000000000000
0000000000000000
0000000000000000
0000000000000000
0000000000000000
0000000000000000
0000000000000000
0000000000000000
0000000000000000
0000000000000000
0000000000000000
0000000000000000
0000000000000000
0000000000000000
0000000000000000
0000000000000000
0000000000000000
0000000000000000
0000000000000000
0000000000000000
0000000000000000
0000000000000000
0000000000000000
0000000000000000
0000000000000000
0000000000000000
0000000000000000
0000000000000000
0000000000000000
0000000000000000
0000000000000000
0000000000000000
0000000000000000
0000000000000000
0000000000000000
0000000000000000
0000000000000000
0000000000000000
0000000000000000
0000000000000000
0000000000000000
0000000000000000
0000000000000000
0000000000000000
0000000000000000
0000000000000000
0000000000000000
0000000000000000
0000000000000000
0000000000000000
0000000000000000
0000000000000000
0000000000000000
0000000000000000
0000000000000000
0000000000000000
0000000000000000
0000000000000000
0000000000000000
0000000000000000
0000000000000000
0000000000000000
0000000000000000
0000000000000000
0000000000000000
0000000000000000
0000000000000000
0000000000000000
0000000000000000
0000000000000000
0000000000000000
0000000000000000
0000000000000000
0000000000000000
0000000000000000
0000000000000000
0000000000000000
0000000000000000
0000000000000000
0000000000000000
0000000000000000
0000000000000000
0000000000000000
0000000000000000
0000000000000000
0000000000000000
0000000000000000
0000000000000000
0000000000000000
0000000000000000
0000000000000000
0000000000000000
0000000000000000
0000000000000000
0000000000000000
0000000000000000
0000000000000000
0000000000000000
0000000000000000
0000000000000000
0000000000000000
0000000000000000
0000000000000000
0000000000000000
0000000000000000
0000000000000000
0000000000000000
0000000000000000
0000000000000000
0000000000000000
0000000000000000
0000000000000000
0000000000000000
0000000000000000
0000000000000000
0000000000000000
0000000000000000
0000000000000000
0000000000000000
0000000000000000
0000000000000000
0000000000000000
0000000000000000
0000000000000000
0000000000000000
0000000000000000
0000000000000000
0000000000000000
0000000000000000
0000000000000000
0000000000000000
0000000000000000
0000000000000000
0000000000000000
0000000000000000
0000000000000000
0000000000000000
0000000000000000
0000000000000000
0000000000000000
0000000000000000
0000000000000000
0000000000000000
0000000000000000
0000000000000000
0000000000000000
0000000000000000
0000000000000000
0000000000000000
0000000000000000
0000000000000000
0000000000000000
0000000000000000
0000000000000000
0000000000000000
0000000000000000
0000000000000000
0000000000000000
0000000000000000
0000000000000000
0000000000000000
0000000000000000
0000000000000000
0000000000000000
0000000000000000
0000000000000000
0000000000000000
0000000000000000
0000000000000000
0000000000000000
0000000000000000
0000000000000000
0000000000000000
0000000000000000
0000000000000000
0000000000000000
0000000000000000
0000000000000000
0000000000000000
0000000000000000
0000000000000000
0000000000000000
0000000000000000
0000000000000000
0000000000000000
0000000000000000
0000000000000000
0000000000000000
0000000000000000
0000000000000000
0000000000000000
0000000000000000
0000000000000000
0000000000000000
0000000000000000
0000000000000000
0000000000000000
0000000000000000
0000000000000000
0000000000000000
0000000000000000
0000000000000000
0000000000000000
0000000000000000
0000000000000000
0000000000000000
0000000000000000
0000000000000000
0000000000000000
0000000000000000
0000000000000000
0000000000000000
0000000000000000
0000000000000000
0000000000000000
0000000000000000
0000000000000000
0000000000000000
0000000000000000
0000000000000000
0000000000000000
0000000000000000
0000000000000000
0000000000000000
0000000000000000
0000000000000000
0000000000000000
0000000000000000
0000000000000000
0000000000000000
0000000000000000
0000000000000000
0000000000000000
0000000000000000
0000000000000000
0000000000000000
0000000000000000
0000000000000000
0000000000000000
0000000000000000
0000000000000000
0000000000000000
0000000000000000
0000000000000000
0000000000000000
0000000000000000
0000000000000000
0000000000000000
0000000000000000
0000000000000000
0000000000000000
0000000000000000
0000000000000000
0000000000000000
0000000000000000
0000000000000000
0000000000000000
0000000000000000
0000000000000000
0000000000000000
0000000000000000
0000000000000000
0000000000000000
0000000000000000
0000000000000000
0000000000000000
0000000000000000
0000000000000000
0000000000000000
0000000000000000
0000000000000000
0000000000000000
0000000000000000
0000000000000000
0000000000000000
0000000000000000
0000000000000000
0000000000000000
0000000000000000
0000000000000000
0000000000000000
0000000000000000
0000000000000000
0000000000000000
0000000000000000
0000000000000000
0000000000000000
0000000000000000
0000000000000000
0000000000000000
0000000000000000
0000000000000000
0000000000000000
0000000000000000
0000000000000000
0000000000000000
0000000000000000
0000000000000000
0000000000000000
0000000000000000
0000000000000000
0000000000000000
0000000000000000
0000000000000000
0000000000000000
0000000000000000
0000000000000000
0000000000000000
0000000000000000
0000000000000000
0000000000000000
0000000000000000
0000000000000000
0000000000000000
0000000000000000
0000000000000000
0000000000000000
0000000000000000
0000000000000000
0000000000000000
0000000000000000
0000000000000000
0000000000000000
0000000000000000
0000000000000000
0000000000000000
0000000000000000
0000000000000000
0000000000000000
0000000000000000
0000000000000000
0000000000000000
0000000000000000
0000000000000000
0000000000000000
0000000000000000
0000000000000000
0000000000000000
0000000000000000
0000000000000000
0000000000000000
0000000000000000
0000000000000000
0000000000000000
0000000000000000
0000000000000000
0000000000000000
0000000000000000
0000000000000000
0000000000000000
0000000000000000
0000000000000000
0000000000000000
0000000000000000
0000000000000000
0000000000000000
0000000000000000
0000000000000000
0000000000000000
0000000000000000
0000000000000000
0000000000000000
0000000000000000
0000000000000000
0000000000000000
0000000000000000
0000000000000000
0000000000000000
0000000000000000
0000000000000000
0000000000000000
0000000000000000
0000000000000000
0000000000000000
0000000000000000
0000000000000000
0000000000000000
0000000000000000
0000000000000000
0000000000000000
0000000000000000
0000000000000000
0000000000000000
0000000000000000
0000000000000000
0000000000000000
0000000000000000
0000000000000000
0000000000000000
0000000000000000
0000000000000000
0000000000000000
0000000000000000
0000000000000000
0000000000000000
0000000000000000
0000000000000000
0000000000000000
0000000000000000
0000000000000000
0000000000000000
0000000000000000
0000000000000000
0000000000000000
0000000000000000
0000000000000000
0000000000000000
0000000000000000
0000000000000000
0000000000000000
0000000000000000
0000000000000000
0000000000000000
0000000000000000
0000000000000000
0000000000000000
0000000000000000
0000000000000000
0000000000000000
0000000000000000
0000000000000000
0000000000000000
0000000000000000
0000000000000000
0000000000000000
0000000000000000
0000000000000000
0000000000000000
0000000000000000
0000000000000000
0000000000000000
0000000000000000
0000000000000000
0000000000000000
0000000000000000
0000000000000000
0000000000000000
0000000000000000
0000000000000000
0000000000000000
0000000000000000
0000000000000000
0000000000000000
0000000000000000
0000000000000000
0000000000000000
0000000000000000
0000000000000000
0000000000000000
0000000000000000
0000000000000000
0000000000000000
0000000000000000
0000000000000000
0000000000000000
0000000000000000
0000000000000000
0000000000000000
0000000000000000
0000000000000000
0000000000000000
0000000000000000
0000000000000000
0000000000000000
0000000000000000
0000000000000000
0000000000000000
0000000000000000
0000000000000000
0000000000000000
0000000000000000
0000000000000000
0000000000000000
0000000000000000
0000000000000000
0000000000000000
0000000000000000
0000000000000000
0000000000000000
0000000000000000
0000000000000000
0000000000000000
0000000000000000
0000000000000000
0000000000000000
0000000000000000
0000000000000000
0000000000000000
0000000000000000
0000000000000000
0000000000000000
0000000000000000
0000000000000000
0000000000000000
0000000000000000
0000000000000000
0000000000000000
0000000000000000
0000000000000000
0000000000000000
0000000000000000
0000000000000000
0000000000000000
0000000000000000
0000000000000000
0000000000000000
0000000000000000
0000000000000000
0000000000000000
0000000000000000
0000000000000000
0000000000000000
0000000000000000
0000000000000000
0000000000000000
0000000000000000
0000000000000000
0000000000000000
0000000000000000
0000000000000000
0000000000000000
0000000000000000
0000000000000000
0000000000000000
0000000000000000
0000000000000000
0000000000000000
0000000000000000
0000000000000000
0000000000000000
0000000000000000
0000000000000000
0000000000000000
0000000000000000
0000000000000000
0000000000000000
0000000000000000
0000000000000000
0000000000000000
0000000000000000
0000000000000000
0000000000000000
0000000000000000
0000000000000000
0000000000000000
0000000000000000
0000000000000000
0000000000000000
0000000000000000
0000000000000000
0000000000000000
0000000000000000
0000000000000000
0000000000000000
0000000000000000
0000000000000000
0000000000000000
0000000000000000
0000000000000000
0000000000000000
0000000000000000
0000000000000000
0000000000000000
0000000000000000
0000000000000000
0000000000000000
0000000000000000
0000000000000000
0000000000000000
0000000000000000
0000000000000000
0000000000000000
0000000000000000
0000000000000000
0000000000000000
0000000000000000
0000000000000000
0000000000000000
0000000000000000
0000000000000000
0000000000000000
0000000000000000
0000000000000000
0000000000000000
0000000000000000
0000000000000000
0000000000000000
0000000000000000
0000000000000000
0000000000000000
0000000000000000
0000000000000000
0000000000000000
0000000000000000
0000000000000000
0000000000000000
0000000000000000
0000000000000000
0000000000000000
0000000000000000
0000000000000000
0000000000000000
0000000000000000
0000000000000000
0000000000000000
0000000000000000
0000000000000000
0000000000000000
0000000000000000
0000000000000000
0000000000000000
0000000000000000
0000000000000000
0000000000000000
0000000000000000
0000000000000000
0000000000000000
0000000000000000
0000000000000000
0000000000000000
0000000000000000
0000000000000000
0000000000000000
0000000000000000
0000000000000000
0000000000000000
0000000000000000
0000000000000000
0000000000000000
0000000000000000
0000000000000000
0000000000000000
0000000000000000
0000000000000000
0000000000000000
0000000000000000
0000000000000000
0000000000000000
0000000000000000
0000000000000000
0000000000000000
0000000000000000
0000000000000000
0000000000000000
0000000000000000
0000000000000000
0000000000000000
0000000000000000
0000000000000000
0000000000000000
0000000000000000
0000000000000000
0000000000000000
0000000000000000
0000000000000000
0000000000000000
0000000000000000
0000000000000000
0000000000000000
0000000000000000
0000000000000000
0000000000000000
0000000000000000
0000000000000000
0000000000000000
0000000000000000
0000000000000000
0000000000000000
0000000000000000
0000000000000000
0000000000000000
0000000000000000
0000000000000000
0000000000000000
0000000000000000
0000000000000000
0000000000000000
0000000000000000
0000000000000000
0000000000000000
0000000000000000
0000000000000000
0000000000000000
0000000000000000
0000000000000000
0000000000000000
0000000000000000
0000000000000000
0000000000000000
0000000000000000
0000000000000000
0000000000000000
0000000000000000
0000000000000000
0000000000000000
0000000000000000
0000000000000000
0000000000000000
0000000000000000
0000000000000000
0000000000000000
0000000000000000
0000000000000000
0000000000000000
0000000000000000
0000000000000000
0000000000000000
0000000000000000
0000000000000000
0000000000000000
0000000000000000
0000000000000000
0000000000000000
0000000000000000
0000000000000000
0000000000000000
0000000000000000
0000000000000000
0000000000000000
0000000000000000
0000000000000000
0000000000000000
0000000000000000
0000000000000000
0000000000000000
0000000000000000
0000000000000000
0000000000000000
0000000000000000
0000000000000000
0000000000000000
0000000000000000
0000000000000000
0000000000000000
0000000000000000
0000000000000000
0000000000000000
0000000000000000
0000000000000000
0000000000000000
0000000000000000
0000000000000000
0000000000000000
0000000000000000
0000000000000000
0000000000000000
0000000000000000
0000000000000000
0000000000000000
0000000000000000
0000000000000000
0000000000000000
0000000000000000
0000000000000000
0000000000000000
0000000000000000
0000000000000000
0000000000000000
0000000000000000
0000000000000000
0000000000000000
0000000000000000
0000000000000000
0000000000000000
0000000000000000
0000000000000000
0000000000000000
0000000000000000
0000000000000000
0000000000000000
0000000000000000
0000000000000000
0000000000000000
0000000000000000
0000000000000000
0000000000000000
0000000000000000
0000000000000000
0000000000000000
0000000000000000
0000000000000000
0000000000000000
0000000000000000
0000000000000000
0000000000000000
0000000000000000
0000000000000000
0000000000000000
0000000000000000
0000000000000000
0000000000000000
0000000000000000
0000000000000000
0000000000000000
0000000000000000
0000000000000000
0000000000000000
0000000000000000
0000000000000000
0000000000000000
0000000000000000
0000000000000000
0000000000000000
0000000000000000
0000000000000000
0000000000000000
0000000000000000
0000000000000000
0000000000000000
0000000000000000
0000000000000000
0000000000000000
0000000000000000
0000000000000000
0000000000000000
0000000000000000
0000000000000000
0000000000000000
0000000000000000
0000000000000000
0000000000000000
0000000000000000
0000000000000000
0000000000000000
0000000000000000
0000000000000000
0000000000000000
0000000000000000
0000000000000000
0000000000000000
0000000000000000
0000000000000000
0000000000000000
0000000000000000
0000000000000000
0000000000000000
0000000000000000
0000000000000000
0000000000000000
0000000000000000
0000000000000000
0000000000000000
0000000000000000
0000000000000000
0000000000000000
0000000000000000
0000000000000000
0000000000000000
0000000000000000
0000000000000000
0000000000000000
0000000000000000
0000000000000000
0000000000000000
0000000000000000
0000000000000000
0000000000000000
0000000000000000
0000000000000000
0000000000000000
0000000000000000
0000000000000000
0000000000000000
0000000000000000
0000000000000000
0000000000000000
0000000000000000
0000000000000000
0000000000000000
0000000000000000
0000000000000000
0000000000000000
0000000000000000
0000000000000000
0000000000000000
0000000000000000
0000000000000000
0000000000000000
0000000000000000
0000000000000000
0000000000000000
0000000000000000
0000000000000000
0000000000000000
0000000000000000
0000000000000000
0000000000000000
0000000000000000
0000000000000000
0000000000000000
0000000000000000
0000000000000000
0000000000000000
0000000000000000
0000000000000000
0000000000000000
0000000000000000
0000000000000000
0000000000000000
0000000000000000
0000000000000000
0000000000000000
0000000000000000
0000000000000000
0000000000000000
0000000000000000
0000000000000000
0000000000000000
0000000000000000
0000000000000000
0000000000000000
0000000000000000
0000000000000000
0000000000000000
0000000000000000
0000000000000000
0000000000000000
0000000000000000
0000000000000000
0000000000000000
0000000000000000
0000000000000000
0000000000000000
0000000000000000
0000000000000000
0000000000000000
0000000000000000
0000000000000000
0000000000000000
0000000000000000
0000000000000000
0000000000000000
0000000000000000
0000000000000000
0000000000000000
0000000000000000
0000000000000000
0000000000000000
0000000000000000
0000000000000000
0000000000000000
0000000000000000
0000000000000000
0000000000000000
0000000000000000
0000000000000000
0000000000000000
0000000000000000
0000000000000000
0000000000000000
0000000000000000
0000000000000000
0000000000000000
0000000000000000
0000000000000000
0000000000000000
0000000000000000
0000000000000000
0000000000000000
0000000000000000
0000000000000000
0000000000000000
0000000000000000
0000000000000000
0000000000000000
0000000000000000
0000000000000000
0000000000000000
0000000000000000
0000000000000000
0000000000000000
0000000000000000
0000000000000000
0000000000000000
0000000000000000
0000000000000000
0000000000000000
0000000000000000
0000000000000000
0000000000000000
0000000000000000
0000000000000000
0000000000000000
0000000000000000
0000000000000000
0000000000000000
0000000000000000
0000000000000000
0000000000000000
0000000000000000
0000000000000000
0000000000000000
0000000000000000
0000000000000000
0000000000000000
0000000000000000
0000000000000000
0000000000000000
0000000000000000
0000000000000000
0000000000000000
0000000000000000
0000000000000000
0000000000000000
0000000000000000
0000000000000000
0000000000000000
0000000000000000
0000000000000000
0000000000000000
0000000000000000
0000000000000000
0000000000000000
0000000000000000
0000000000000000
0000000000000000
0000000000000000
0000000000000000
0000000000000000
0000000000000000
0000000000000000
0000000000000000
0000000000000000
0000000000000000
0000000000000000
0000000000000000
0000000000000000
0000000000000000
0000000000000000
0000000000000000
0000000000000000
0000000000000000
0000000000000000
0000000000000000
0000000000000000
0000000000000000
0000000000000000
0000000000000000
0000000000000000
0000000000000000
0000000000000000
0000000000000000
0000000000000000
0000000000000000
0000000000000000
0000000000000000
0000000000000000
0000000000000000
0000000000000000
0000000000000000
0000000000000000
0000000000000000
0000000000000000
0000000000000000
0000000000000000
0000000000000000
0000000000000000
0000000000000000
0000000000000000
0000000000000000
0000000000000000
0000000000000000
0000000000000000
0000000000000000
0000000000000000
0000000000000000
0000000000000000
0000000000000000
0000000000000000
0000000000000000
0000000000000000
0000000000000000
0000000000000000
0000000000000000
0000000000000000
0000000000000000
0000000000000000
0000000000000000
0000000000000000
0000000000000000
0000000000000000
0000000000000000
0000000000000000
0000000000000000
0000000000000000
0000000000000000
0000000000000000
0000000000000000
0000000000000000
0000000000000000
0000000000000000
0000000000000000
0000000000000000
0000000000000000
0000000000000000
0000000000000000
0000000000000000
0000000000000000
0000000000000000
0000000000000000
0000000000000000
0000000000000000
0000000000000000
0000000000000000
0000000000000000
0000000000000000
0000000000000000
0000000000000000
0000000000000000
0000000000000000
0000000000000000
0000000000000000
0000000000000000
0000000000000000
0000000000000000
0000000000000000
0000000000000000
0000000000000000
0000000000000000
0000000000000000
0000000000000000
0000000000000000
0000000000000000
0000000000000000
0000000000000000
0000000000000000
0000000000000000
0000000000000000
0000000000000000
0000000000000000
0000000000000000
0000000000000000
0000000000000000
0000000000000000
0000000000000000
0000000000000000
0000000000000000
0000000000000000
0000000000000000
0000000000000000
0000000000000000
0000000000000000
0000000000000000
0000000000000000
0000000000000000
0000000000000000
0000000000000000
0000000000000000
0000000000000000
0000000000000000
0000000000000000
0000000000000000
0000000000000000
0000000000000000
0000000000000000
0000000000000000
0000000000000000
0000000000000000
0000000000000000
0000000000000000
0000000000000000
0000000000000000
0000000000000000
0000000000000000
0000000000000000
0000000000000000
0000000000000000
0000000000000000
0000000000000000
0000000000000000
0000000000000000
0000000000000000
0000000000000000
0000000000000000
0000000000000000
0000000000000000
0000000000000000
0000000000000000
0000000000000000
0000000000000000
0000000000000000
0000000000000000
0000000000000000
0000000000000000
0000000000000000
0000000000000000
0000000000000000
0000000000000000
0000000000000000
0000000000000000
0000000000000000
0000000000000000
0000000000000000
0000000000000000
0000000000000000
0000000000000000
0000000000000000
0000000000000000
0000000000000000
0000000000000000
0000000000000000
0000000000000000
0000000000000000
0000000000000000
0000000000000000
0000000000000000
0000000000000000
0000000000000000
0000000000000000
0000000000000000
0000000000000000
0000000000000000
0000000000000000
0000000000000000
0000000000000000
0000000000000000
0000000000000000
0000000000000000
0000000000000000
0000000000000000
0000000000000000
0000000000000000
0000000000000000
0000000000000000
0000000000000000
0000000000000000
0000000000000000
0000000000000000
0000000000000000
0000000000000000
0000000000000000
0000000000000000
0000000000000000
0000000000000000
0000000000000000
0000000000000000
0000000000000000
0000000000000000
0000000000000000
0000000000000000
0000000000000000
0000000000000000
0000000000000000
0000000000000000
0000000000000000
0000000000000000
0000000000000000
0000000000000000
0000000000000000
0000000000000000
0000000000000000
0000000000000000
0000000000000000
0000000000000000
0000000000000000
0000000000000000
0000000000000000
0000000000000000
0000000000000000
0000000000000000
0000000000000000
0000000000000000
0000000000000000
0000000000000000
0000000000000000
0000000000000000
0000000000000000
0000000000000000
0000000000000000
0000000000000000
0000000000000000
0000000000000000
0000000000000000
0000000000000000
0000000000000000
0000000000000000
0000000000000000
0000000000000000
0000000000000000
0000000000000000
0000000000000000
0000000000000000
0000000000000000
0000000000000000
0000000000000000
0000000000000000
0000000000000000
0000000000000000
0000000000000000
0000000000000000
0000000000000000
0000000000000000
0000000000000000
0000000000000000
0000000000000000
0000000000000000
0000000000000000
0000000000000000
0000000000000000
0000000000000000
0000000000000000
0000000000000000
0000000000000000
0000000000000000
0000000000000000
0000000000000000
0000000000000000
0000000000000000
0000000000000000
0000000000000000
0000000000000000
0000000000000000
0000000000000000
0000000000000000
0000000000000000
0000000000000000
0000000000000000
0000000000000000
0000000000000000
0000000000000000
0000000000000000
0000000000000000
0000000000000000
0000000000000000
0000000000000000
0000000000000000
0000000000000000
0000000000000000
0000000000000000
0000000000000000
0000000000000000
0000000000000000
0000000000000000
0000000000000000
0000000000000000
0000000000000000
0000000000000000
0000000000000000
0000000000000000
0000000000000000
0000000000000000
0000000000000000
0000000000000000
0000000000000000
0000000000000000
0000000000000000
0000000000000000
0000000000000000
0000000000000000
0000000000000000
0000000000000000
0000000000000000
0000000000000000
0000000000000000
0000000000000000
0000000000000000
0000000000000000
0000000000000000
0000000000000000
0000000000000000
0000000000000000
0000000000000000
0000000000000000
0000000000000000
0000000000000000
0000000000000000
0000000000000000
0000000000000000
0000000000000000
0000000000000000
0000000000000000
0000000000000000
0000000000000000
0000000000000000
0000000000000000
0000000000000000
0000000000000000
0000000000000000
0000000000000000
0000000000000000
0000000000000000
0000000000000000
0000000000000000
0000000000000000
0000000000000000
0000000000000000
0000000000000000
0000000000000000
0000000000000000
0000000000000000
0000000000000000
0000000000000000
0000000000000000
0000000000000000
0000000000000000
0000000000000000
0000000000000000
0000000000000000
0000000000000000
0000000000000000
0000000000000000
0000000000000000
0000000000000000
0000000000000000
0000000000000000
0000000000000000
0000000000000000
0000000000000000
0000000000000000
0000000000000000
0000000000000000
0000000000000000
0000000000000000
0000000000000000
0000000000000000
0000000000000000
0000000000000000
0000000000000000
0000000000000000
0000000000000000
0000000000000000
0000000000000000
0000000000000000
0000000000000000
0000000000000000
0000000000000000
0000000000000000
0000000000000000
0000000000000000
0000000000000000
0000000000000000
0000000000000000
0000000000000000
0000000000000000
0000000000000000
0000000000000000
0000000000000000
0000000000000000
0000000000000000
0000000000000000
0000000000000000
0000000000000000
0000000000000000
0000000000000000
0000000000000000
0000000000000000
0000000000000000
0000000000000000
0000000000000000
0000000000000000
0000000000000000
0000000000000000
0000000000000000
0000000000000000
0000000000000000
0000000000000000
0000000000000000
0000000000000000
0000000000000000
0000000000000000
0000000000000000
0000000000000000
0000000000000000
0000000000000000
0000000000000000
0000000000000000
0000000000000000
0000000000000000
0000000000000000
0000000000000000
0000000000000000
0000000000000000
0000000000000000
0000000000000000
0000000000000000
0000000000000000
0000000000000000
0000000000000000
0000000000000000
0000000000000000
0000000000000000
0000000000000000
0000000000000000
0000000000000000
0000000000000000
0000000000000000
0000000000000000
0000000000000000
0000000000000000
0000000000000000
0000000000000000
0000000000000000
0000000000000000
0000000000000000
0000000000000000
0000000000000000
0000000000000000
0000000000000000
0000000000000000
0000000000000000
0000000000000000
0000000000000000
0000000000000000
0000000000000000
0000000000000000
0000000000000000
0000000000000000
0000000000000000
0000000000000000
0000000000000000
0000000000000000
0000000000000000
0000000000000000
0000000000000000
0000000000000000
0000000000000000
0000000000000000
0000000000000000
0000000000000000
0000000000000000
0000000000000000
0000000000000000
0000000000000000
0000000000000000
0000000000000000
0000000000000000
0000000000000000
0000000000000000
0000000000000000
0000000000000000
0000000000000000
0000000000000000
0000000000000000
0000000000000000
0000000000000000
0000000000000000
0000000000000000
0000000000000000
0000000000000000
0000000000000000
0000000000000000
0000000000000000
0000000000000000
0000000000000000
0000000000000000
0000000000000000
0000000000000000
0000000000000000
0000000000000000
0000000000000000
0000000000000000
0000000000000000
0000000000000000
0000000000000000
0000000000000000
0000000000000000
0000000000000000
0000000000000000
0000000000000000
0000000000000000
0000000000000000
0000000000000000
0000000000000000
0000000000000000
0000000000000000
0000000000000000
0000000000000000
0000000000000000
0000000000000000
0000000000000000
0000000000000000
0000000000000000
0000000000000000
0000000000000000
0000000000000000
0000000000000000
0000000000000000
0000000000000000
0000000000000000
0000000000000000
0000000000000000
0000000000000000
0000000000000000
0000000000000000
0000000000000000
0000000000000000
0000000000000000
0000000000000000
0000000000000000
0000000000000000
0000000000000000
0000000000000000
0000000000000000
0000000000000000
0000000000000000
0000000000000000
0000000000000000
0000000000000000
0000000000000000
0000000000000000
0000000000000000
0000000000000000
0000000000000000
0000000000000000
0000000000000000
0000000000000000
0000000000000000
0000000000000000
0000000000000000
0000000000000000
0000000000000000
0000000000000000
0000000000000000
0000000000000000
0000000000000000
0000000000000000
0000000000000000
0000000000000000
0000000000000000
0000000000000000
0000000000000000
0000000000000000
0000000000000000
0000000000000000
0000000000000000
0000000000000000
0000000000000000
0000000000000000
0000000000000000
0000000000000000
0000000000000000
0000000000000000
0000000000000000
0000000000000000
0000000000000000
0000000000000000
0000000000000000
0000000000000000
0000000000000000
0000000000000000
0000000000000000
0000000000000000
0000000000000000
0000000000000000
0000000000000000
0000000000000000
0000000000000000
0000000000000000
0000000000000000
0000000000000000
0000000000000000
0000000000000000
0000000000000000
0000000000000000
0000000000000000
0000000000000000
0000000000000000
0000000000000000
0000000000000000
0000000000000000
0000000000000000
0000000000000000
0000000000000000
0000000000000000
0000000000000000
0000000000000000
0000000000000000
0000000000000000
0000000000000000
0000000000000000
0000000000000000
0000000000000000
0000000000000000
0000000000000000
0000000000000000
0000000000000000
0000000000000000
0000000000000000
0000000000000000
0000000000000000
0000000000000000
0000000000000000
0000000000000000
0000000000000000
0000000000000000
0000000000000000
0000000000000000
0000000000000000
0000000000000000
0000000000000000
0000000000000000
0000000000000000
0000000000000000
0000000000000000
0000000000000000
0000000000000000
0000000000000000
0000000000000000
0000000000000000
0000000000000000
0000000000000000
0000000000000000
0000000000000000
0000000000000000
0000000000000000
0000000000000000
0000000000000000
0000000000000000
0000000000000000
0000000000000000
0000000000000000
0000000000000000
0000000000000000
0000000000000000
0000000000000000
0000000000000000
0000000000000000
0000000000000000
0000000000000000
0000000000000000
0000000000000000
0000000000000000
0000000000000000
0000000000000000
0000000000000000
0000000000000000
0000000000000000
0000000000000000
0000000000000000
0000000000000000
0000000000000000
0000000000000000
0000000000000000
0000000000000000
0000000000000000
0000000000000000
0000000000000000
0000000000000000
0000000000000000
0000000000000000
0000000000000000
0000000000000000
0000000000000000
0000000000000000
0000000000000000
0000000000000000
0000000000000000
0000000000000000
0000000000000000
0000000000000000
0000000000000000
0000000000000000
0000000000000000
0000000000000000
0000000000000000
0000000000000000
0000000000000000
0000000000000000
0000000000000000
0000000000000000
0000000000000000
0000000000000000
0000000000000000
0000000000000000
0000000000000000
0000000000000000
0000000000000000
0000000000000000
0000000000000000
0000000000000000
0000000000000000
0000000000000000
0000000000000000
0000000000000000
0000000000000000
0000000000000000
0000000000000000
0000000000000000
0000000000000000
0000000000000000
0000000000000000
0000000000000000
0000000000000000
0000000000000000
0000000000000000
0000000000000000
0000000000000000
0000000000000000
0000000000000000
0000000000000000
0000000000000000
0000000000000000
0000000000000000
0000000000000000
0000000000000000
0000000000000000
0000000000000000
0000000000000000
0000000000000000
0000000000000000
0000000000000000
0000000000000000
0000000000000000
0000000000000000
0000000000000000
0000000000000000
0000000000000000
0000000000000000
0000000000000000
0000000000000000
0000000000000000
0000000000000000
0000000000000000
0000000000000000
0000000000000000
0000000000000000
0000000000000000
0000000000000000
0000000000000000
0000000000000000
0000000000000000
0000000000000000
0000000000000000
0000000000000000
0000000000000000
0000000000000000
0000000000000000
0000000000000000
0000000000000000
0000000000000000
0000000000000000
0000000000000000
0000000000000000
0000000000000000
0000000000000000
0000000000000000
0000000000000000
0000000000000000
0000000000000000
0000000000000000
0000000000000000
0000000000000000
0000000000000000
0000000000000000
0000000000000000
0000000000000000
0000000000000000
0000000000000000
0000000000000000
0000000000000000
0000000000000000
0000000000000000
0000000000000000
0000000000000000
0000000000000000
0000000000000000
0000000000000000
0000000000000000
0000000000000000
0000000000000000
0000000000000000
0000000000000000
0000000000000000
0000000000000000
0000000000000000
0000000000000000
0000000000000000
0000000000000000
0000000000000000
0000000000000000
0000000000000000
0000000000000000
0000000000000000
0000000000000000
0000000000000000
0000000000000000
0000000000000000
0000000000000000
0000000000000000
0000000000000000
0000000000000000
0000000000000000
0000000000000000
0000000000000000
0000000000000000
0000000000000000
0000000000000000
0000000000000000
0000000000000000
0000000000000000
0000000000000000
0000000000000000
0000000000000000
0000000000000000
0000000000000000
0000000000000000
0000000000000000
0000000000000000
0000000000000000
0000000000000000
0000000000000000
0000000000000000
0000000000000000
0000000000000000
0000000000000000
0000000000000000
0000000000000000
0000000000000000
0000000000000000
0000000000000000
0000000000000000
0000000000000000
0000000000000000
0000000000000000
0000000000000000
0000000000000000
0000000000000000
0000000000000000
0000000000000000
0000000000000000
0000000000000000
0000000000000000
0000000000000000
0000000000000000
0000000000000000
0000000000000000
0000000000000000
0000000000000000
0000000000000000
0000000000000000
0000000000000000
0000000000000000
0000000000000000
0000000000000000
0000000000000000
0000000000000000
0000000000000000
0000000000000000
0000000000000000
0000000000000000
0000000000000000
0000000000000000
0000000000000000
0000000000000000
0000000000000000
0000000000000000
0000000000000000
0000000000000000
0000000000000000
0000000000000000
0000000000000000
0000000000000000
0000000000000000
0000000000000000
0000000000000000
0000000000000000
0000000000000000
0000000000000000
0000000000000000
0000000000000000
0000000000000000
0000000000000000
0000000000000000
0000000000000000
0000000000000000
0000000000000000
0000000000000000
0000000000000000
0000000000000000
0000000000000000
0000000000000000
0000000000000000
0000000000000000
0000000000000000
0000000000000000
0000000000000000
0000000000000000
0000000000000000
0000000000000000
0000000000000000
0000000000000000
0000000000000000
0000000000000000
0000000000000000
0000000000000000
0000000000000000
0000000000000000
0000000000000000
0000000000000000
0000000000000000
0000000000000000
0000000000000000
0000000000000000
0000000000000000
0000000000000000
0000000000000000
0000000000000000
0000000000000000
0000000000000000
0000000000000000
0000000000000000
0000000000000000
0000000000000000
0000000000000000
0000000000000000
0000000000000000
0000000000000000
0000000000000000
0000000000000000
0000000000000000
0000000000000000
0000000000000000
0000000000000000
0000000000000000
0000000000000000
0000000000000000
0000000000000000
0000000000000000
0000000000000000
0000000000000000
0000000000000000
0000000000000000
0000000000000000
0000000000000000
0000000000000000
0000000000000000
0000000000000000
0000000000000000
0000000000000000
0000000000000000
0000000000000000
0000000000000000
0000000000000000
0000000000000000
0000000000000000
0000000000000000
0000000000000000
0000000000000000
0000000000000000
0000000000000000
0000000000000000
0000000000000000
0000000000000000
0000000000000000
0000000000000000
0000000000000000
0000000000000000
0000000000000000
0000000000000000
0000000000000000
0000000000000000
0000000000000000
0000000000000000
0000000000000000
0000000000000000
0000000000000000
0000000000000000
0000000000000000
0000000000000000
0000000000000000
0000000000000000
0000000000000000
0000000000000000
0000000000000000
0000000000000000
0000000000000000
0000000000000000
0000000000000000
0000000000000000
0000000000000000
0000000000000000
0000000000000000
0000000000000000
0000000000000000
0000000000000000
0000000000000000
0000000000000000
0000000000000000
0000000000000000
0000000000000000
0000000000000000
0000000000000000
0000000000000000
0000000000000000
0000000000000000
0000000000000000
0000000000000000
0000000000000000
0000000000000000
0000000000000000
0000000000000000
0000000000000000
0000000000000000
0000000000000000
0000000000000000
0000000000000000
0000000000000000
0000000000000000
0000000000000000
0000000000000000
0000000000000000
0000000000000000
0000000000000000
0000000000000000
0000000000000000
0000000000000000
0000000000000000
0000000000000000
0000000000000000
0000000000000000
0000000000000000
0000000000000000
0000000000000000
0000000000000000
0000000000000000
0000000000000000
0000000000000000
0000000000000000
0000000000000000
0000000000000000
0000000000000000
0000000000000000
0000000000000000
0000000000000000
0000000000000000
0000000000000000
0000000000000000
0000000000000000
0000000000000000
0000000000000000
0000000000000000
0000000000000000
0000000000000000
0000000000000000
0000000000000000
0000000000000000
0000000000000000
0000000000000000
0000000000000000
0000000000000000
0000000000000000
0000000000000000
0000000000000000
0000000000000000
0000000000000000
0000000000000000
0000000000000000
0000000000000000
0000000000000000
0000000000000000
0000000000000000
0000000000000000
0000000000000000
0000000000000000
0000000000000000
0000000000000000
0000000000000000
0000000000000000
0000000000000000
0000000000000000
0000000000000000
0000000000000000
0000000000000000
0000000000000000
0000000000000000
0000000000000000
0000000000000000
0000000000000000
0000000000000000
0000000000000000
0000000000000000
0000000000000000
0000000000000000
0000000000000000
0000000000000000
0000000000000000
0000000000000000
0000000000000000
0000000000000000
0000000000000000
0000000000000000
0000000000000000
0000000000000000
0000000000000000
0000000000000000
0000000000000000
0000000000000000
0000000000000000
0000000000000000
0000000000000000
0000000000000000
0000000000000000
0000000000000000
0000000000000000
0000000000000000
0000000000000000
0000000000000000
0000000000000000
0000000000000000
0000000000000000
0000000000000000
0000000000000000
0000000000000000
0000000000000000
0000000000000000
0000000000000000
0000000000000000
0000000000000000
0000000000000000
0000000000000000
0000000000000000
0000000000000000
0000000000000000
0000000000000000
0000000000000000
0000000000000000
0000000000000000
0000000000000000
0000000000000000
0000000000000000
0000000000000000
0000000000000000
0000000000000000
0000000000000000
0000000000000000
0000000000000000
0000000000000000
0000000000000000
0000000000000000
0000000000000000
0000000000000000
0000000000000000
0000000000000000
0000000000000000
0000000000000000
0000000000000000
0000000000000000
0000000000000000
0000000000000000
0000000000000000
0000000000000000
0000000000000000
0000000000000000
0000000000000000
0000000000000000
0000000000000000
0000000000000000
0000000000000000
0000000000000000
0000000000000000
0000000000000000
0000000000000000
0000000000000000
0000000000000000
0000000000000000
0000000000000000
0000000000000000
0000000000000000
0000000000000000
0000000000000000
0000000000000000
0000000000000000
0000000000000000
0000000000000000
0000000000000000
0000000000000000
0000000000000000
0000000000000000
0000000000000000
0000000000000000
0000000000000000
0000000000000000
0000000000000000
0000000000000000
0000000000000000
0000000000000000
0000000000000000
0000000000000000
0000000000000000
0000000000000000
0000000000000000
0000000000000000
0000000000000000
0000000000000000
0000000000000000
0000000000000000
0000000000000000
0000000000000000
0000000000000000
0000000000000000
0000000000000000
0000000000000000
0000000000000000
0000000000000000
0000000000000000
0000000000000000
0000000000000000
0000000000000000
0000000000000000
0000000000000000
0000000000000000
0000000000000000
0000000000000000
0000000000000000
0000000000000000
0000000000000000
0000000000000000
0000000000000000
0000000000000000
0000000000000000
0000000000000000
0000000000000000
0000000000000000
0000000000000000
0000000000000000
0000000000000000
0000000000000000
0000000000000000
0000000000000000
0000000000000000
0000000000000000
0000000000000000
0000000000000000
0000000000000000
0000000000000000
0000000000000000
0000000000000000
0000000000000000
0000000000000000
0000000000000000
0000000000000000
0000000000000000
0000000000000000
0000000000000000
0000000000000000
0000000000000000
0000000000000000
0000000000000000
0000000000000000
0000000000000000
0000000000000000
0000000000000000
0000000000000000
0000000000000000
0000000000000000
0000000000000000
0000000000000000
0000000000000000
0000000000000000
0000000000000000
0000000000000000
0000000000000000
0000000000000000
0000000000000000
0000000000000000
0000000000000000
0000000000000000
0000000000000000
0000000000000000
0000000000000000
0000000000000000
0000000000000000
0000000000000000
0000000000000000
0000000000000000
0000000000000000
0000000000000000
0000000000000000
0000000000000000
0000000000000000
0000000000000000
0000000000000000
0000000000000000
0000000000000000
0000000000000000
0000000000000000
0000000000000000
0000000000000000
0000000000000000
0000000000000000
0000000000000000
0000000000000000
0000000000000000
0000000000000000
0000000000000000
0000000000000000
0000000000000000
0000000000000000
0000000000000000
0000000000000000
0000000000000000
0000000000000000
0000000000000000
0000000000000000
0000000000000000
0000000000000000
0000000000000000
0000000000000000
0000000000000000
0000000000000000
0000000000000000
0000000000000000
0000000000000000
0000000000000000
0000000000000000
0000000000000000
0000000000000000
0000000000000000
0000000000000000
0000000000000000
0000000000000000
0000000000000000
0000000000000000
0000000000000000
0000000000000000
0000000000000000
0000000000000000
0000000000000000
0000000000000000
0000000000000000
0000000000000000
0000000000000000
0000000000000000
0000000000000000
0000000000000000
0000000000000000
0000000000000000
0000000000000000
0000000000000000
0000000000000000
0000000000000000
0000000000000000
0000000000000000
0000000000000000
0000000000000000
0000000000000000
0000000000000000
0000000000000000
0000000000000000
0000000000000000
0000000000000000
0000000000000000
0000000000000000
0000000000000000
0000000000000000
0000000000000000
0000000000000000
0000000000000000
0000000000000000
0000000000000000
0000000000000000
0000000000000000
0000000000000000
0000000000000000
0000000000000000
0000000000000000
0000000000000000
0000000000000000
0000000000000000
0000000000000000
0000000000000000
0000000000000000
0000000000000000
0000000000000000
0000000000000000
0000000000000000
0000000000000000
0000000000000000
0000000000000000
0000000000000000
0000000000000000
0000000000000000
0000000000000000
0000000000000000
0000000000000000
0000000000000000
0000000000000000
0000000000000000
0000000000000000
0000000000000000
0000000000000000
0000000000000000
0000000000000000
0000000000000000
0000000000000000
0000000000000000
0000000000000000
0000000000000000
0000000000000000
0000000000000000
0000000000000000
0000000000000000
0000000000000000
0000000000000000
0000000000000000
0000000000000000
0000000000000000
0000000000000000
0000000000000000
0000000000000000
0000000000000000
0000000000000000
0000000000000000
0000000000000000
0000000000000000
0000000000000000
0000000000000000
0000000000000000
0000000000000000
0000000000000000
0000000000000000
0000000000000000
0000000000000000
0000000000000000
0000000000000000
0000000000000000
0000000000000000
0000000000000000
0000000000000000
0000000000000000
0000000000000000
0000000000000000
0000000000000000
0000000000000000
0000000000000000
0000000000000000
0000000000000000
0000000000000000
0000000000000000
0000000000000000
0000000000000000
0000000000000000
0000000000000000
0000000000000000
0000000000000000
0000000000000000
0000000000000000
0000000000000000
0000000000000000
0000000000000000
0000000000000000
0000000000000000
0000000000000000
0000000000000000
0000000000000000
0000000000000000
0000000000000000
0000000000000000
0000000000000000
0000000000000000
0000000000000000
0000000000000000
0000000000000000
0000000000000000
0000000000000000
0000000000000000
0000000000000000
0000000000000000
0000000000000000
0000000000000000
0000000000000000
0000000000000000
0000000000000000
0000000000000000
0000000000000000
0000000000000000
0000000000000000
0000000000000000
0000000000000000
0000000000000000
0000000000000000
0000000000000000
0000000000000000
0000000000000000
0000000000000000
0000000000000000
0000000000000000
0000000000000000
0000000000000000
0000000000000000
0000000000000000
0000000000000000
0000000000000000
0000000000000000
0000000000000000
0000000000000000
0000000000000000
0000000000000000
0000000000000000
0000000000000000
0000000000000000
0000000000000000
0000000000000000
0000000000000000
0000000000000000
0000000000000000
0000000000000000
0000000000000000
0000000000000000
0000000000000000
0000000000000000
0000000000000000
0000000000000000
0000000000000000
0000000000000000
0000000000000000
0000000000000000
0000000000000000
0000000000000000
0000000000000000
0000000000000000
0000000000000000
0000000000000000
0000000000000000
0000000000000000
0000000000000000
0000000000000000
0000000000000000
0000000000000000
0000000000000000
0000000000000000
0000000000000000
0000000000000000
0000000000000000
0000000000000000
0000000000000000
0000000000000000
0000000000000000
0000000000000000
0000000000000000
0000000000000000
0000000000000000
0000000000000000
0000000000000000
0000000000000000
0000000000000000
0000000000000000
0000000000000000
0000000000000000
0000000000000000
0000000000000000
0000000000000000
0000000000000000
0000000000000000
0000000000000000
0000000000000000
0000000000000000
0000000000000000
0000000000000000
0000000000000000
0000000000000000
0000000000000000
0000000000000000
0000000000000000
0000000000000000
0000000000000000
0000000000000000
0000000000000000
0000000000000000
0000000000000000
0000000000000000
0000000000000000
0000000000000000
0000000000000000
0000000000000000
0000000000000000
0000000000000000
0000000000000000
0000000000000000
0000000000000000
0000000000000000
0000000000000000
0000000000000000
0000000000000000
0000000000000000
0000000000000000
0000000000000000
0000000000000000
0000000000000000
0000000000000000
0000000000000000
0000000000000000
0000000000000000
0000000000000000
0000000000000000
0000000000000000
0000000000000000
0000000000000000
0000000000000000
0000000000000000
0000000000000000
0000000000000000
0000000000000000
0000000000000000
0000000000000000
0000000000000000
0000000000000000
0000000000000000
0000000000000000
0000000000000000
0000000000000000
0000000000000000
0000000000000000
0000000000000000
0000000000000000
0000000000000000
0000000000000000
0000000000000000
0000000000000000
0000000000000000
0000000000000000
0000000000000000
0000000000000000
0000000000000000
0000000000000000
0000000000000000
0000000000000000
0000000000000000
0000000000000000
0000000000000000
0000000000000000
0000000000000000
0000000000000000
0000000000000000
0000000000000000
0000000000000000
0000000000000000
0000000000000000
0000000000000000
0000000000000000
0000000000000000
0000000000000000
0000000000000000
0000000000000000
0000000000000000
0000000000000000
0000000000000000
0000000000000000
0000000000000000
0000000000000000
0000000000000000
0000000000000000
0000000000000000
0000000000000000
0000000000000000
0000000000000000
0000000000000000
0000000000000000
0000000000000000
0000000000000000
0000000000000000
0000000000000000
0000000000000000
0000000000000000
0000000000000000
0000000000000000
0000000000000000
0000000000000000
0000000000000000
0000000000000000
0000000000000000
0000000000000000
0000000000000000
0000000000000000
0000000000000000
0000000000000000
0000000000000000
0000000000000000
0000000000000000
0000000000000000
0000000000000000
0000000000000000
0000000000000000
0000000000000000
0000000000000000
0000000000000000
0000000000000000
0000000000000000
0000000000000000
0000000000000000
0000000000000000
0000000000000000
0000000000000000
0000000000000000
0000000000000000
0000000000000000
0000000000000000
0000000000000000
0000000000000000
0000000000000000
0000000000000000
0000000000000000
0000000000000000
0000000000000000
0000000000000000
0000000000000000
0000000000000000
0000000000000000
0000000000000000
0000000000000000
0000000000000000
0000000000000000
0000000000000000
0000000000000000
0000000000000000
0000000000000000
0000000000000000
0000000000000000
0000000000000000
0000000000000000
0000000000000000
0000000000000000
0000000000000000
0000000000000000
0000000000000000
0000000000000000
0000000000000000
0000000000000000
0000000000000000
0000000000000000
0000000000000000
0000000000000000
0000000000000000
0000000000000000
0000000000000000
0000000000000000
0000000000000000
0000000000000000
0000000000000000
0000000000000000
0000000000000000
0000000000000000
0000000000000000
0000000000000000
0000000000000000
0000000000000000
0000000000000000
0000000000000000
0000000000000000
0000000000000000
0000000000000000
0000000000000000
0000000000000000
0000000000000000
0000000000000000
0000000000000000
0000000000000000
0000000000000000
0000000000000000
0000000000000000
0000000000000000
0000000000000000
0000000000000000
0000000000000000
0000000000000000
0000000000000000
0000000000000000
0000000000000000
0000000000000000
0000000000000000
0000000000000000
0000000000000000
0000000000000000
0000000000000000
0000000000000000
0000000000000000
0000000000000000
0000000000000000
0000000000000000
0000000000000000
0000000000000000
0000000000000000
0000000000000000
0000000000000000
0000000000000000
0000000000000000
0000000000000000
0000000000000000
0000000000000000
0000000000000000
0000000000000000
0000000000000000
0000000000000000
0000000000000000
0000000000000000
0000000000000000
0000000000000000
0000000000000000
0000000000000000
0000000000000000
0000000000000000
0000000000000000
0000000000000000
0000000000000000
0000000000000000
0000000000000000
0000000000000000
0000000000000000
0000000000000000
0000000000000000
0000000000000000
0000000000000000
0000000000000000
0000000000000000
0000000000000000
0000000000000000
0000000000000000
0000000000000000
0000000000000000
0000000000000000
0000000000000000
0000000000000000
0000000000000000
0000000000000000
0000000000000000
0000000000000000
0000000000000000
0000000000000000
0000000000000000
0000000000000000
0000000000000000
0000000000000000
0000000000000000
0000000000000000
0000000000000000
0000000000000000
0000000000000000
0000000000000000
0000000000000000
0000000000000000
0000000000000000
0000000000000000
0000000000000000
0000000000000000
0000000000000000
0000000000000000
0000000000000000
0000000000000000
0000000000000000
0000000000000000
0000000000000000
0000000000000000
0000000000000000
0000000000000000
0000000000000000
0000000000000000
0000000000000000
0000000000000000
0000000000000000
0000000000000000
0000000000000000
0000000000000000
0000000000000000
0000000000000000
0000000000000000
0000000000000000
0000000000000000
0000000000000000
0000000000000000
0000000000000000
0000000000000000
0000000000000000
0000000000000000
0000000000000000
0000000000000000
0000000000000000
0000000000000000
0000000000000000
0000000000000000
0000000000000000
0000000000000000
0000000000000000
0000000000000000
0000000000000000
0000000000000000
0000000000000000
0000000000000000
0000000000000000
0000000000000000
0000000000000000
0000000000000000
0000000000000000
0000000000000000
0000000000000000
0000000000000000
0000000000000000
0000000000000000
0000000000000000
0000000000000000
0000000000000000
0000000000000000
0000000000000000
0000000000000000
0000000000000000
0000000000000000
0000000000000000
0000000000000000
0000000000000000
0000000000000000
0000000000000000
0000000000000000
0000000000000000
0000000000000000
0000000000000000
0000000000000000
0000000000000000
0000000000000000
0000000000000000
0000000000000000
0000000000000000
0000000000000000
0000000000000000
0000000000000000
0000000000000000
0000000000000000
0000000000000000
0000000000000000
0000000000000000
0000000000000000
0000000000000000
0000000000000000
0000000000000000
0000000000000000
0000000000000000
0000000000000000
0000000000000000
0000000000000000
0000000000000000
0000000000000000
0000000000000000
0000000000000000
0000000000000000
0000000000000000
0000000000000000
0000000000000000
0000000000000000
0000000000000000
0000000000000000
0000000000000000
0000000000000000
0000000000000000
0000000000000000
0000000000000000
0000000000000000
0000000000000000
0000000000000000
0000000000000000
0000000000000000
0000000000000000
0000000000000000
0000000000000000
0000000000000000
0000000000000000
0000000000000000
0000000000000000
0000000000000000
0000000000000000
0000000000000000
0000000000000000
0000000000000000
0000000000000000
0000000000000000
0000000000000000
0000000000000000
0000000000000000
0000000000000000
0000000000000000
0000000000000000
0000000000000000
0000000000000000
0000000000000000
0000000000000000
0000000000000000
0000000000000000
0000000000000000
0000000000000000
0000000000000000
0000000000000000
0000000000000000
0000000000000000
0000000000000000
0000000000000000
0000000000000000
0000000000000000
0000000000000000
0000000000000000
0000000000000000
0000000000000000
0000000000000000
0000000000000000
0000000000000000
0000000000000000
0000000000000000
0000000000000000
0000000000000000
0000000000000000
0000000000000000
0000000000000000
0000000000000000
0000000000000000
0000000000000000
0000000000000000
0000000000000000
0000000000000000
0000000000000000
0000000000000000
0000000000000000
0000000000000000
0000000000000000
0000000000000000
0000000000000000
0000000000000000
0000000000000000
0000000000000000
0000000000000000
0000000000000000
0000000000000000
0000000000000000
0000000000000000
0000000000000000
0000000000000000
0000000000000000
0000000000000000
0000000000000000
0000000000000000
0000000000000000
0000000000000000
0000000000000000
0000000000000000
0000000000000000
0000000000000000
0000000000000000
0000000000000000
0000000000000000
0000000000000000
0000000000000000
0000000000000000
0000000000000000
0000000000000000
0000000000000000
0000000000000000
0000000000000000
0000000000000000
0000000000000000
0000000000000000
0000000000000000
0000000000000000
0000000000000000
0000000000000000
0000000000000000
0000000000000000
0000000000000000
0000000000000000
0000000000000000
0000000000000000
0000000000000000
0000000000000000
0000000000000000
0000000000000000
0000000000000000
0000000000000000
0000000000000000
0000000000000000
0000000000000000
0000000000000000
0000000000000000
0000000000000000
0000000000000000
0000000000000000
0000000000000000
0000000000000000
0000000000000000
0000000000000000
0000000000000000
0000000000000000
0000000000000000
0000000000000000
0000000000000000
0000000000000000
0000000000000000
0000000000000000
0000000000000000
0000000000000000
0000000000000000
0000000000000000
0000000000000000
0000000000000000
0000000000000000
0000000000000000
0000000000000000
0000000000000000
0000000000000000
0000000000000000
0000000000000000
0000000000000000
0000000000000000
0000000000000000
0000000000000000
0000000000000000
0000000000000000
0000000000000000
0000000000000000
0000000000000000
0000000000000000
0000000000000000
0000000000000000
0000000000000000
0000000000000000
0000000000000000
0000000000000000
0000000000000000
0000000000000000
0000000000000000
0000000000000000
0000000000000000
0000000000000000
0000000000000000
0000000000000000
0000000000000000
0000000000000000
0000000000000000
0000000000000000
0000000000000000
0000000000000000
0000000000000000
0000000000000000
0000000000000000
0000000000000000
0000000000000000
0000000000000000
0000000000000000
0000000000000000
0000000000000000
0000000000000000
0000000000000000
0000000000000000
0000000000000000
0000000000000000
0000000000000000
0000000000000000
0000000000000000
0000000000000000
0000000000000000
0000000000000000
0000000000000000
0000000000000000
0000000000000000
0000000000000000
0000000000000000
0000000000000000
0000000000000000
0000000000000000
0000000000000000
0000000000000000
0000000000000000
0000000000000000
0000000000000000
0000000000000000
0000000000000000
0000000000000000
0000000000000000
0000000000000000
0000000000000000
0000000000000000
0000000000000000
0000000000000000
0000000000000000
0000000000000000
0000000000000000
0000000000000000
0000000000000000
0000000000000000
0000000000000000
0000000000000000
0000000000000000
0000000000000000
0000000000000000
0000000000000000
0000000000000000
0000000000000000
0000000000000000
0000000000000000
0000000000000000
0000000000000000
0000000000000000
0000000000000000
0000000000000000
0000000000000000
0000000000000000
0000000000000000
0000000000000000
0000000000000000
0000000000000000
0000000000000000
0000000000000000
0000000000000000
0000000000000000
0000000000000000
0000000000000000
0000000000000000
0000000000000000
0000000000000000
0000000000000000
0000000000000000
0000000000000000
0000000000000000
0000000000000000
0000000000000000
0000000000000000
0000000000000000
0000000000000000
0000000000000000
0000000000000000
0000000000000000
0000000000000000
0000000000000000
0000000000000000
0000000000000000
0000000000000000
0000000000000000
0000000000000000
0000000000000000
0000000000000000
0000000000000000
0000000000000000
0000000000000000
0000000000000000
0000000000000000
0000000000000000
0000000000000000
0000000000000000
0000000000000000
0000000000000000
0000000000000000
0000000000000000
0000000000000000
0000000000000000
0000000000000000
0000000000000000
0000000000000000
0000000000000000
0000000000000000
0000000000000000
0000000000000000
0000000000000000
0000000000000000
0000000000000000
0000000000000000
0000000000000000
0000000000000000
0000000000000000
0000000000000000
0000000000000000
0000000000000000
0000000000000000
0000000000000000
0000000000000000
0000000000000000
0000000000000000
0000000000000000
0000000000000000
0000000000000000
0000000000000000
0000000000000000
0000000000000000
0000000000000000
0000000000000000
0000000000000000
0000000000000000
0000000000000000
0000000000000000
0000000000000000
0000000000000000
0000000000000000
0000000000000000
0000000000000000
0000000000000000
0000000000000000
0000000000000000
0000000000000000
0000000000000000
0000000000000000
0000000000000000
0000000000000000
0000000000000000
0000000000000000
0000000000000000
0000000000000000
0000000000000000
0000000000000000
0000000000000000
0000000000000000
0000000000000000
0000000000000000
0000000000000000
0000000000000000
0000000000000000
0000000000000000
0000000000000000
0000000000000000
0000000000000000
0000000000000000
0000000000000000
0000000000000000
0000000000000000
0000000000000000
0000000000000000
0000000000000000
0000000000000000
0000000000000000
0000000000000000
0000000000000000
0000000000000000
0000000000000000
0000000000000000
0000000000000000
0000000000000000
0000000000000000
0000000000000000
0000000000000000
0000000000000000
0000000000000000
0000000000000000
0000000000000000
0000000000000000
0000000000000000
0000000000000000
0000000000000000
0000000000000000
0000000000000000
0000000000000000
0000000000000000
0000000000000000
0000000000000000
0000000000000000
0000000000000000
0000000000000000
0000000000000000
0000000000000000
0000000000000000
0000000000000000
0000000000000000
0000000000000000
0000000000000000
0000000000000000
0000000000000000
0000000000000000
0000000000000000
0000000000000000
0000000000000000
0000000000000000
0000000000000000
0000000000000000
0000000000000000
0000000000000000
0000000000000000
0000000000000000
0000000000000000
0000000000000000
0000000000000000
0000000000000000
0000000000000000
0000000000000000
0000000000000000
0000000000000000
0000000000000000
0000000000000000
0000000000000000
0000000000000000
0000000000000000
0000000000000000
0000000000000000
0000000000000000
0000000000000000
0000000000000000
0000000000000000
0000000000000000
0000000000000000
0000000000000000
0000000000000000
0000000000000000
0000000000000000
0000000000000000
0000000000000000
0000000000000000
0000000000000000
0000000000000000
0000000000000000
0000000000000000
0000000000000000
0000000000000000
0000000000000000
0000000000000000
0000000000000000
0000000000000000
0000000000000000
0000000000000000
0000000000000000
0000000000000000
0000000000000000
0000000000000000
0000000000000000
0000000000000000
0000000000000000
0000000000000000
0000000000000000
0000000000000000
0000000000000000
0000000000000000
0000000000000000
0000000000000000
0000000000000000
0000000000000000
0000000000000000
0000000000000000
0000000000000000
0000000000000000
0000000000000000
0000000000000000
0000000000000000
0000000000000000
0000000000000000
0000000000000000
0000000000000000
0000000005ffff64
0000000000000000
0000000000000000
0000000000000000
0000000000000000
0000000000000000
0000000000000000
0000000000000000
0000000000000000
0000000000000000
0000000000000000
0000000000000000
0000000000000000
0000000000000000
0000000000000000
0000000000000000
0000000000000000
0000000000000000
0000000000000000
0000000000000000
0000000000000000
0000000000000000
0000000000000000
0000000000000000
0000000000000000
0000000000000000
0000000000000000
0000000000000000
0000000000000000
0000000000000000
0000000000000000
0000000000000000
0000000000000000
0000000000000000
0000000000000000
0000000000000000
0000000000000000
0000000000000000
0000000000000000
0000000000000000
0000000000000000
0000000000000000
0000000000000000
0000000000000000
0000000000000000
0000000000000000
0000000000000000
0000000000000000
0000000000000000
0000000000000000
0000000000000000
0000000000000000
0000000000000000
0000000000000000
0000000000000000
0000000000000000
0000000000000000
0000000000000000
0000000000000000
0000000000000000
0000000000000000
0000000000000000
0000000000000000
0000000000000000
0000000000000000
0000000000000000
0000000000000000
0000000000000000
0000000000000000
0000000000000000
0000000000000000
0000000000000000
0000000000000000
0000000000000000
0000000000000000
0000000000000000
0000000000000000
0000000000000000
0000000000000000
0000000000000000
0000000000000000
0000000000000000
0000000000000000
0000000000000000
0000000000000000
0000000000000000
0000000000000000
0000000000000000
0000000000000000
0000000000000000
0000000000000000
0000000000000000
0000000000000000
0000000000000000
0000000000000000
0000000000000000
0000000000000000
0000000000000000
0000000000000000
0000000000000000
0000000000000000
0000000000000000
0000000000000000
0000000000000000
0000000000000000
0000000000000000
0000000000000000
0000000000000000
0000000000000000
0000000000000000
0000000000000000
0000000000000000
0000000000000000
0000000000000000
0000000000000000
0000000000000000
0000000000000000
0000000000000000
0000000000000000
0000000000000000
0000000000000000
0000000000000000
0000000000000000
0000000000000000
0000000000000000
0000000000000000
0000000000000000
0000000000000000
0000000000000000
0000000000000000
0000000000000000
0000000000000000
0000000000000000
0000000000000000
0000000000000000
0000000000000000
0000000000000000
0000000000000000
0000000000000000
0000000000000000
0000000000000000
0000000000000000
0000000000000000
0000000000000000
0000000000000000
0000000000000000
0000000000000000
0000000000000000
0000000000000000
0000000000000000
0000000000000000
0000000000000000
0000000000000000
0000000000000000
0000000000000000
0000000000000000
0000000000000000
0000000000000000
0000000000000000
0000000000000000
0000000000000000
0000000000000000
0000000000000000
0000000000000000
0000000000000000
0000000000000000
0000000000000000
0000000000000000
0000000000000000
0000000000000000
0000000000000000
0000000000000000
0000000000000000
0000000000000000
0000000000000000
0000000000000000
0000000000000000
0000000000000000
0000000000000000
0000000000000000
0000000000000000
0000000000000000
0000000000000000
0000000000000000
0000000000000000
0000000000000000
0000000000000000
0000000000000000
0000000000000000
0000000000000000
0000000000000000
0000000000000000
0000000000000000
0000000000000000
0000000000000000
0000000000000000
0000000000000000
0000000000000000
0000000000000000
0000000000000000
0000000000000000
0000000000000000
0000000000000000
0000000000000000
0000000000000000
0000000000000000
0000000000000000
0000000000000000
0000000000000000
0000000000000000
0000000000000000
0000000000000000
0000000000000000
0000000000000000
0000000000000000
0000000000000000
0000000000000000
0000000000000000
0000000000000000
0000000000000000
0000000000000000
0000000000000000
0000000000000000
0000000000000000
0000000000000000
0000000000000000
0000000000000000
0000000000000000
0000000000000000
0000000000000000
0000000000000000
0000000000000000
0000000000000000
0000000000000000
0000000000000000
0000000000000000
0000000000000000
0000000000000000
0000000000000000
0000000000000000
0000000000000000
0000000000000000
0000000000000000
0000000000000000
0000000000000000
0000000000000000
0000000000000000
0000000000000000
0000000000000000
0000000000000000
0000000000000000
0000000000000000
0000000000000000
0000000000000000
0000000000000000
0000000000000000
0000000000000000
0000000000000000
0000000000000000
0000000000000000
0000000000000000
0000000000000000
0000000000000000
0000000000000000
0000000000000000
0000000000000000
0000000000000000
0000000000000000
0000000000000000
0000000000000000
0000000000000000
0000000000000000
0000000000000000
0000000000000000
0000000000000000
0000000000000000
0000000000000000
0000000000000000
0000000000000000
0000000000000000
0000000000000000
0000000000000000
0000000000000000
0000000000000000
0000000000000000
0000000000000000
0000000000000000
0000000000000000
0000000000000000
0000000000000000
0000000000000000
0000000000000000
0000000000000000
0000000000000000
0000000000000000
0000000000000000
0000000000000000
0000000000000000
0000000000000000
0000000000000000
0000000000000000
0000000000000000
0000000000000000
0000000000000000
0000000000000000
0000000000000000
0000000000000000
0000000000000000
0000000000000000
0000000000000000
0000000000000000
0000000000000000
0000000000000000
0000000000000000
0000000000000000
0000000000000000
0000000000000000
0000000000000000
0000000000000000
0000000000000000
0000000000000000
0000000000000000
0000000000000000
0000000000000000
0000000000000000
0000000000000000
0000000000000000
0000000000000000
0000000000000000
0000000000000000
0000000000000000
0000000000000000
0000000000000000
0000000000000000
0000000000000000
0000000000000000
0000000000000000
0000000000000000
0000000000000000
0000000000000000
0000000000000000
0000000000000000
0000000000000000
0000000000000000
0000000000000000
0000000000000000
0000000000000000
0000000000000000
0000000000000000
0000000000000000
0000000000000000
0000000000000000
0000000000000000
0000000000000000
0000000000000000
0000000000000000
0000000000000000
0000000000000000
0000000000000000
0000000000000000
0000000000000000
0000000000000000
0000000000000000
0000000000000000
0000000000000000
0000000000000000
0000000000000000
0000000000000000
0000000000000000
0000000000000000
0000000000000000
0000000000000000
0000000000000000
0000000000000000
0000000000000000
0000000000000000
0000000000000000
0000000000000000
0000000000000000
0000000000000000
0000000000000000
0000000000000000
0000000000000000
0000000000000000
0000000000000000
0000000000000000
0000000000000000
0000000000000000
0000000000000000
0000000000000000
0000000000000000
0000000000000000
0000000000000000
0000000000000000
0000000000000000
0000000000000000
0000000000000000
0000000000000000
0000000000000000
0000000000000000
0000000000000000
0000000000000000
0000000000000000
0000000000000000
0000000000000000
0000000000000000
0000000000000000
0000000000000000
0000000000000000
0000000000000000
0000000000000000
0000000000000000
0000000000000000
0000000000000000
0000000000000000
0000000000000000
0000000000000000
0000000000000000
0000000000000000
0000000000000000
0000000000000000
0000000000000000
0000000000000000
0000000000000000
0000000000000000
0000000000000000
0000000000000000
0000000000000000
0000000000000000
0000000000000000
0000000000000000
0000000000000000
0000000000000000
0000000000000000
0000000000000000
0000000000000000
0000000000000000
0000000000000000
0000000000000000
0000000000000000
0000000000000000
0000000000000000
0000000000000000
0000000000000000
0000000000000000
0000000000000000
0000000000000000
0000000000000000
0000000000000000
0000000000000000
0000000000000000
0000000000000000
0000000000000000
0000000000000000
0000000000000000
0000000000000000
0000000000000000
0000000000000000
0000000000000000
0000000000000000
0000000000000000
0000000000000000
0000000000000000
0000000000000000
0000000000000000
0000000000000000
0000000000000000
0000000000000000
0000000000000000
0000000000000000
0000000000000000
0000000000000000
0000000000000000
0000000000000000
0000000000000000
0000000000000000
0000000000000000
0000000000000000
0000000000000000
0000000000000000
0000000000000000
0000000000000000
0000000000000000
0000000000000000
0000000000000000
0000000000000000
0000000000000000
0000000000000000
0000000000000000
0000000000000000
0000000000000000
0000000000000000
0000000000000000
0000000000000000
0000000000000000
0000000000000000
0000000000000000
0000000000000000
0000000000000000
0000000000000000
0000000000000000
0000000000000000
0000000000000000
0000000000000000
0000000000000000
0000000000000000
0000000000000000
0000000000000000
0000000000000000
0000000000000000
0000000000000000
0000000000000000
0000000000000000
0000000000000000
0000000000000000
0000000000000000
0000000000000000
0000000000000000
0000000000000000
0000000000000000
0000000000000000
0000000000000000
0000000000000000
0000000000000000
0000000000000000
0000000000000000
0000000000000000
0000000000000000
0000000000000000
0000000000000000
0000000000000000
0000000000000000
0000000000000000
0000000000000000
0000000000000000
0000000000000000
0000000000000000
0000000000000000
0000000000000000
0000000000000000
0000000000000000
0000000000000000
0000000000000000
0000000000000000
0000000000000000
0000000000000000
0000000000000000
0000000000000000
0000000000000000
0000000000000000
0000000000000000
0000000000000000
0000000000000000
0000000000000000
0000000000000000
0000000000000000
0000000000000000
0000000000000000
0000000000000000
0000000000000000
0000000000000000
0000000000000000
0000000000000000
0000000000000000
0000000000000000
0000000000000000
0000000000000000
0000000000000000
0000000000000000
0000000000000000
0000000000000000
0000000000000000
0000000000000000
0000000000000000
0000000000000000
0000000000000000
0000000000000000
0000000000000000
0000000000000000
0000000000000000
0000000000000000
0000000000000000
0000000000000000
0000000000000000
0000000000000000
0000000000000000
0000000000000000
0000000000000000
0000000000000000
0000000000000000
0000000000000000
0000000000000000
0000000000000000
0000000000000000
0000000000000000
0000000000000000
0000000000000000
0000000000000000
0000000000000000
0000000000000000
0000000000000000
0000000000000000
0000000000000000
0000000000000000
0000000000000000
0000000000000000
0000000000000000
0000000000000000
0000000000000000
0000000000000000
0000000000000000
0000000000000000
0000000000000000
0000000000000000
0000000000000000
0000000000000000
0000000000000000
0000000000000000
0000000000000000
0000000000000000
0000000000000000
0000000000000000
0000000000000000
0000000000000000
0000000000000000
0000000000000000
0000000000000000
0000000000000000
0000000000000000
0000000000000000
0000000000000000
0000000000000000
0000000000000000
0000000000000000
0000000000000000
0000000000000000
0000000000000000
0000000000000000
0000000000000000
0000000000000000
0000000000000000
0000000000000000
0000000000000000
0000000000000000
0000000000000000
0000000000000000
0000000000000000
0000000000000000
0000000000000000
0000000000000000
0000000000000000
0000000000000000
0000000000000000
0000000000000000
0000000000000000
0000000000000000
0000000000000000
0000000000000000
0000000000000000
0000000000000000
0000000000000000
0000000000000000
0000000000000000
0000000000000000
0000000000000000
0000000000000000
0000000000000000
0000000000000000
0000000000000000
0000000000000000
0000000000000000
0000000000000000
0000000000000000
0000000000000000
0000000000000000
0000000000000000
0000000000000000
0000000000000000
0000000000000000
0000000000000000
0000000000000000
0000000000000000
0000000000000000
0000000000000000
0000000000000000
0000000000000000
0000000000000000
0000000000000000
0000000000000000
0000000000000000
0000000000000000
0000000000000000
0000000000000000
0000000000000000
0000000000000000
0000000000000000
0000000000000000
0000000000000000
0000000000000000
0000000000000000
0000000000000000
0000000000000000
0000000000000000
0000000000000000
0000000000000000
0000000000000000
0000000000000000
0000000000000000
0000000000000000
0000000000000000
0000000000000000
0000000000000000
0000000000000000
0000000000000000
0000000000000000
0000000000000000
0000000000000000
0000000000000000
0000000000000000
0000000000000000
0000000000000000
0000000000000000
0000000000000000
0000000000000000
0000000000000000
0000000000000000
0000000000000000
0000000000000000
0000000000000000
0000000000000000
0000000000000000
0000000000000000
0000000000000000
0000000000000000
0000000000000000
0000000000000000
0000000000000000
0000000000000000
0000000000000000
0000000000000000
0000000000000000
0000000000000000
0000000000000000
0000000000000000
0000000000000000
0000000000000000
0000000000000000
0000000000000000
0000000000000000
0000000000000000
0000000000000000
0000000000000000
0000000000000000
0000000000000000
0000000000000000
0000000000000000
0000000000000000
0000000000000000
0000000000000000
0000000000000000
0000000000000000
0000000000000000
0000000000000000
0000000000000000
0000000000000000
0000000000000000
0000000000000000
0000000000000000
0000000000000000
0000000000000000
0000000000000000
0000000000000000
0000000000000000
0000000000000000
0000000000000000
0000000000000000
0000000000000000
0000000000000000
0000000000000000
0000000000000000
0000000000000000
0000000000000000
0000000000000000
0000000000000000
0000000000000000
0000000000000000
0000000000000000
0000000000000000
0000000000000000
0000000000000000
0000000000000000
0000000000000000
0000000000000000
0000000000000000
0000000000000000
0000000000000000
0000000000000000
0000000000000000
0000000000000000
0000000000000000
0000000000000000
0000000000000000
0000000000000000
0000000000000000
0000000000000000
0000000000000000
0000000000000000
0000000000000000
0000000000000000
0000000000000000
0000000000000000
0000000000000000
0000000000000000
0000000000000000
0000000000000000
0000000000000000
0000000000000000
0000000000000000
0000000000000000
0000000000000000
0000000000000000
0000000000000000
0000000000000000
0000000000000000
0000000000000000
0000000000000000
0000000000000000
0000000000000000
0000000000000000
0000000000000000
0000000000000000
0000000000000000
0000000000000000
0000000000000000
0000000000000000
0000000000000000
0000000000000000
0000000000000000
0000000000000000
0000000000000000
0000000000000000
0000000000000000
0000000000000000
0000000000000000
0000000000000000
0000000000000000
0000000000000000
0000000000000000
0000000000000000
0000000000000000
0000000000000000
0000000000000000
0000000000000000
0000000000000000
0000000000000000
0000000000000000
0000000000000000
0000000000000000
0000000000000000
0000000000000000
0000000000000000
0000000000000000
0000000000000000
0000000000000000
0000000000000000
0000000000000000
0000000000000000
0000000000000000
0000000000000000
0000000000000000
0000000000000000
0000000000000000
0000000000000000
0000000000000000
0000000000000000
0000000000000000
0000000000000000
0000000000000000
0000000000000000
0000000000000000
0000000000000000
0000000000000000
0000000000000000
0000000000000000
0000000000000000
0000000000000000
0000000000000000
0000000000000000
0000000000000000
0000000000000000
0000000000000000
0000000000000000
0000000000000000
0000000000000000
0000000000000000
0000000000000000
0000000000000000
0000000000000000
0000000000000000
0000000000000000
0000000000000000
0000000000000000
0000000000000000
0000000000000000
0000000000000000
0000000000000000
0000000000000000
0000000000000000
0000000000000000
0000000000000000
0000000000000000
0000000000000000
0000000000000000
0000000000000000
0000000000000000
0000000000000000
0000000000000000
0000000000000000
0000000000000000
0000000000000000
0000000000000000
0000000000000000
0000000000000000
0000000000000000
0000000000000000
0000000000000000
0000000000000000
0000000000000000
0000000000000000
0000000000000000
0000000000000000
0000000000000000
0000000000000000
0000000000000000
0000000000000000
0000000000000000
0000000000000000
0000000000000000
0000000000000000
0000000000000000
0000000000000000
0000000000000000
0000000000000000
0000000000000000
0000000000000000
0000000000000000
0000000000000000
0000000000000000
0000000000000000
0000000000000000
0000000000000000
0000000000000000
0000000000000000
0000000000000000
0000000000000000
0000000000000000
0000000000000000
0000000000000000
0000000000000000
0000000000000000
0000000000000000
0000000000000000
0000000000000000
0000000000000000
0000000000000000
0000000000000000
0000000000000000
0000000000000000
0000000000000000
0000000000000000
0000000000000000
0000000000000000
0000000000000000
0000000000000000
0000000000000000
0000000000000000
0000000000000000
0000000000000000
0000000000000000
0000000000000000
0000000000000000
0000000000000000
0000000000000000
0000000000000000
0000000000000000
0000000000000000
0000000000000000
0000000000000000
0000000000000000
0000000000000000
0000000000000000
0000000000000000
0000000000000000
0000000000000000
0000000000000000
0000000000000000
0000000000000000
0000000000000000
0000000000000000
0000000000000000
0000000000000000
0000000000000000
0000000000000000
0000000000000000
0000000000000000
0000000000000000
0000000000000000
0000000000000000
0000000000000000
0000000000000000
0000000000000000
0000000000000000
0000000000000000
0000000000000000
0000000000000000
0000000000000000
0000000000000000
0000000000000000
0000000000000000
0000000000000000
0000000000000000
0000000000000000
0000000000000000
0000000000000000
0000000000000142
0000000000000000
0000000000000000
0000000000000000
0000000000000000
0000000000000000
0000000000000000
0000000000000000
0000000000000000
0000000000000000
0000000000000000
0000000000000000
0000000000000000
0000000000000000
0000000000000000
0000000000000000
0000000000000000
0000000000000000
0000000000000000
0000000000000000
0000000000000000
0000000000000000
0000000000000000
0000000000000000
0000000000000000
0000000000000000
0000000000000000
0000000000000000
0000000000000000
0000000000000000
0000000000000000
0000000000000000
0000000000000000
0000000000000000
0000000000000000
0000000000000000
0000000000000000
0000000000000000
0000000000000000
0000000000000000
0000000000000000
0000000000000000
0000000000000000
0000000000000000
0000000000000000
0000000000000000
0000000000000000
0000000000000000
0000000000000000
0000000000000000
0000000000000000
0000000000000000
0000000000000000
0000000000000000
0000000000000000
0000000000000000
0000000000000000
0000000000000000
0000000000000000
0000000000000000
0000000000000000
0000000000000000
0000000000000000
0000000000000000
0000000000000000
0000000000000000
0000000000000000
0000000000000000
0000000000000000
0000000000000000
0000000000000000
0000000000000000
0000000000000000
0000000000000000
0000000000000000
0000000000000000
0000000000000000
0000000000000000
0000000000000000
0000000000000000
0000000000000000
0000000000000000
0000000000000000
0000000000000000
0000000000000000
0000000000000000
0000000000000000
0000000000000000
0000000000000000
0000000000000000
0000000000000000
0000000000000000
0000000000000000
0000000000000000
0000000000000000
0000000000000000
0000000000000000
0000000000000000
0000000000000000
0000000000000000
0000000000000000
0000000000000000
0000000000000000
0000000000000000
0000000000000000
0000000000000000
0000000000000000
0000000000000000
0000000000000000
0000000000000000
0000000000000000
0000000000000000
0000000000000000
0000000000000000
0000000000000000
0000000000000000
0000000000000000
0000000000000000
0000000000000000
0000000000000000
0000000000000000
0000000000000000
0000000000000000
0000000000000000
0000000000000000
0000000000000000
0000000000000000
0000000000000000
0000000000000000
0000000000000000
0000000000000000
0000000000000000
0000000000000000
0000000000000000
0000000000000000
0000000000000000
0000000000000000
0000000000000000
0000000000000000
0000000000000000
0000000000000000
0000000000000000
0000000000000000
0000000000000000
0000000000000000
0000000000000000
0000000000000000
0000000000000000
0000000000000000
0000000000000000
0000000000000000
0000000000000000
0000000000000000
0000000000000000
0000000000000000
0000000000000000
0000000000000000
0000000000000000
0000000000000000
0000000000000000
0000000000000000
0000000000000000
0000000000000000
0000000000000000
0000000000000000
0000000000000000
0000000000000000
0000000000000000
0000000000000000
0000000000000000
0000000000000000
0000000000000000
0000000000000000
0000000000000000
0000000000000000
0000000000000000
0000000000000000
0000000000000000
0000000000000000
0000000000000000
0000000000000000
0000000000000000
0000000000000000
0000000000000000
0000000000000000
0000000000000000
0000000000000000
0000000000000000
0000000000000000
0000000000000000
0000000000000000
0000000000000000
0000000000000000
0000000000000000
0000000000000000
0000000000000000
0000000000000000
0000000000000000
0000000000000000
0000000000000000
0000000000000000
0000000000000000
0000000000000000
0000000000000000
0000000000000000
0000000000000000
0000000000000000
0000000000000000
0000000000000000
0000000000000000
0000000000000000
0000000000000000
0000000000000000
0000000000000000
0000000000000000
0000000000000000
0000000000000000
0000000000000000
0000000000000000
0000000000000000
0000000000000000
0000000000000000
0000000000000000
0000000000000000
0000000000000000
0000000000000000
0000000000000000
0000000000000000
0000000000000000
0000000000000000
0000000000000000
0000000000000000
0000000000000000
0000000000000000
0000000000000000
0000000000000000
0000000000000000
0000000000000000
0000000000000000
0000000000000000
0000000000000000
0000000000000000
0000000000000000
0000000000000000
0000000000000000
0000000000000000
0000000000000000
0000000000000000
0000000000000000
0000000000000000
0000000000000000
0000000000000000
0000000000000000
0000000000000000
0000000000000000
0000000000000000
0000000000000000
0000000000000000
0000000000000000
0000000000000000
0000000000000000
0000000000000000
0000000000000000
0000000000000000
0000000000000000
0000000000000000
0000000000000000
0000000000000000
0000000000000000
0000000000000000
0000000000000000
0000000000000000
0000000000000000
0000000000000000
0000000000000000
0000000000000000
0000000000000000
0000000000000000
0000000000000000
0000000000000000
0000000000000000
0000000000000000
0000000000000000
0000000000000000
0000000000000000
0000000000000000
0000000000000000
0000000000000000
0000000000000000
0000000000000000
0000000000000000
0000000000000000
0000000000000000
0000000000000000
0000000000000000
0000000000000000
0000000000000000
0000000000000000
0000000000000000
0000000000000000
0000000000000000
0000000000000000
0000000000000000
0000000000000000
0000000000000000
0000000000000000
0000000000000000
0000000000000000
0000000000000000
0000000000000000
0000000000000000
0000000000000000
0000000000000000
0000000000000000
0000000000000000
0000000000000000
0000000000000000
0000000000000000
0000000000000000
0000000000000000
0000000000000000
0000000000000000
0000000000000000
0000000000000000
0000000000000000
0000000000000000
0000000000000000
0000000000000000
0000000000000000
0000000000000000
0000000000000000
0000000000000000
0000000000000000
0000000000000000
0000000000000000
0000000000000000
0000000000000000
0000000000000000
0000000000000000
0000000000000000
0000000000000000
0000000000000000
0000000000000000
0000000000000000
0000000000000000
0000000000000000
0000000000000000
0000000000000000
0000000000000000
0000000000000000
0000000000000000
0000000000000000
0000000000000000
0000000000000000
0000000000000000
0000000000000000
0000000000000000
0000000000000000
0000000000000000
0000000000000000
0000000000000000
0000000000000000
0000000000000000
0000000000000000
0000000000000000
0000000000000000
0000000000000000
0000000000000000
0000000000000000
0000000000000000
0000000000000000
0000000000000000
0000000000000000
0000000000000000
0000000000000000
0000000000000000
0000000000000000
0000000000000000
0000000000000000
0000000000000000
0000000000000000
0000000000000000
0000000000000000
0000000000000000
0000000000000000
0000000000000000
0000000000000000
0000000000000000
0000000000000000
0000000000000000
0000000000000000
0000000000000000
0000000000000000
0000000000000000
0000000000000000
0000000000000000
0000000000000000
0000000000000000
0000000000000000
0000000000000000
0000000000000000
0000000000000000
0000000000000000
0000000000000000
0000000000000000
0000000000000000
0000000000000000
0000000000000000
0000000000000000
0000000000000000
0000000000000000
0000000000000000
0000000000000000
0000000000000000
0000000000000000
0000000000000000
0000000000000000
0000000000000000
0000000000000000
0000000000000000
0000000000000000
0000000000000000
0000000000000000
0000000000000000
0000000000000000
0000000000000000
0000000000000000
0000000000000000
0000000000000000
0000000000000000
0000000000000000
0000000000000000
0000000000000000
0000000000000000
0000000000000000
0000000000000000
0000000000000000
0000000000000000
0000000000000000
0000000000000000
0000000000000000
0000000000000000
0000000000000000
0000000000000000
0000000000000000
0000000000000000
0000000000000000
0000000000000000
0000000000000000
0000000000000000
0000000000000000
0000000000000000
0000000000000000
0000000000000000
0000000000000000
0000000000000000
0000000000000000
0000000000000000
0000000000000000
0000000000000000
0000000000000000
0000000000000000
0000000000000000
0000000000000000
0000000000000000
0000000000000000
0000000000000000
0000000000000000
0000000000000000
0000000000000000
0000000000000000
0000000000000000
0000000000000000
0000000000000000
0000000000000000
0000000000000000
0000000000000000
0000000000000000
0000000000000000
0000000000000000
0000000000000000
0000000000000000
0000000000000000
0000000000000000
0000000000000000
0000000000000000
0000000000000000
0000000000000000
0000000000000000
0000000000000000
0000000000000000
0000000000000000
0000000000000000
0000000000000000
0000000000000000
0000000000000000
0000000000000000
0000000000000000
0000000000000000
0000000000000000
0000000000000000
0000000000000000
0000000000000000
0000000000000000
0000000000000000
0000000000000000
0000000000000000
0000000000000000
0000000000000000
0000000000000000
0000000000000000
0000000000000000
0000000000000000
0000000000000000
0000000000000000
0000000000000000
0000000000000000
0000000000000000
0000000000000000
0000000000000000
0000000000000000
0000000000000000
0000000000000000
0000000000000000
0000000000000000
0000000000000000
0000000000000000
0000000000000000
0000000000000000
0000000000000000
0000000000000000
0000000000000000
0000000000000000
0000000000000000
0000000000000000
0000000000000000
0000000000000000
0000000000000000
0000000000000000
0000000000000000
0000000000000000
0000000000000000
0000000000000000
0000000000000000
0000000000000000
0000000000000000
0000000000000000
0000000000000000
0000000000000000
0000000000000000
0000000000000000
0000000000000000
0000000000000000
0000000000000000
0000000000000000
0000000000000000
0000000000000000
0000000000000000
0000000000000000
0000000000000000
0000000000000000
0000000000000000
0000000000000000
0000000000000000
0000000000000000
0000000000000000
0000000000000000
0000000000000000
0000000000000000
0000000000000000
0000000000000000
0000000000000000
0000000000000000
0000000000000000
0000000000000000
0000000000000000
0000000000000000
0000000000000000
0000000000000000
0000000000000000
0000000000000000
0000000000000000
0000000000000000
0000000000000000
0000000000000000
0000000000000000
0000000000000000
0000000000000000
0000000000000000
0000000000000000
0000000000000000
0000000000000000
0000000000000000
0000000000000000
0000000000000000
0000000000000000
0000000000000000
0000000000000000
0000000000000000
0000000000000000
0000000000000000
0000000000000000
0000000000000000
0000000000000000
0000000000000000
0000000000000000
0000000000000000
0000000000000000
0000000000000000
0000000000000000
0000000000000000
0000000000000000
0000000000000000
0000000000000000
0000000000000000
0000000000000000
0000000000000000
0000000000000000
0000000000000000
0000000000000000
0000000000000000
0000000000000000
0000000000000000
0000000000000000
0000000000000000
0000000000000000
0000000000000000
0000000000000000
0000000000000000
0000000000000000
0000000000000000
0000000000000000
0000000000000000
0000000000000000
0000000000000000
0000000000000000
0000000000000000
0000000000000000
0000000000000000
0000000000000000
0000000000000000
0000000000000000
0000000000000000
0000000000000000
0000000000000000
0000000000000000
0000000000000000
0000000000000000
0000000000000000
0000000000000000
0000000000000000
0000000000000000
0000000000000000
0000000000000000
0000000000000000
0000000000000000
0000000000000000
0000000000000000
0000000000000000
0000000000000000
0000000000000000
0000000000000000
0000000000000000
0000000000000000
0000000000000000
0000000000000000
0000000000000000
0000000000000000
0000000000000000
0000000000000000
0000000000000000
0000000000000000
0000000000000000
0000000000000000
0000000000000000
0000000000000000
0000000000000000
0000000000000000
0000000000000000
0000000000000000
0000000000000000
0000000000000000
0000000000000000
0000000000000000
0000000000000000
0000000000000000
0000000000000000
0000000000000000
0000000000000000
0000000000000000
0000000000000000
0000000000000000
0000000000000000
0000000000000000
0000000000000000
0000000000000000
0000000000000000
0000000000000000
0000000000000000
0000000000000000
0000000000000000
0000000000000000
0000000000000000
0000000000000000
0000000000000000
0000000000000000
0000000000000000
0000000000000000
0000000000000000
0000000000000000
0000000000000000
0000000000000000
0000000000000000
0000000000000000
0000000000000000
0000000000000000
0000000000000000
0000000000000000
0000000000000000
0000000000000000
0000000000000000
0000000000000000
0000000000000000
0000000000000000
0000000000000000
0000000000000000
0000000000000000
0000000000000000
0000000000000000
0000000000000000
0000000000000000
0000000000000000
0000000000000000
0000000000000000
0000000000000000
0000000000000000
0000000000000000
0000000000000000
0000000000000000
0000000000000000
0000000000000000
0000000000000000
0000000000000000
0000000000000000
0000000000000000
0000000000000000
0000000000000000
0000000000000000
0000000000000000
0000000000000000
0000000000000000
0000000000000000
0000000000000000
0000000000000000
0000000000000000
0000000000000000
0000000000000000
0000000000000000
0000000000000000
0000000000000000
0000000000000000
0000000000000000
0000000000000000
0000000000000000
0000000000000000
0000000000000000
0000000000000000
0000000000000000
0000000000000000
0000000000000000
0000000000000000
0000000000000000
0000000000000000
0000000000000000
0000000000000000
0000000000000000
0000000000000000
0000000000000000
0000000000000000
0000000000000000
0000000000000000
0000000000000000
0000000000000000
0000000000000000
0000000000000000
0000000000000000
0000000000000000
0000000000000000
0000000000000000
0000000000000000
0000000000000000
0000000000000000
0000000000000000
0000000000000000
0000000000000000
0000000000000000
0000000000000000
0000000000000000
0000000000000000
0000000000000000
0000000000000000
0000000000000000
0000000000000000
0000000000000000
0000000000000000
0000000000000000
0000000000000000
0000000000000000
0000000000000000
0000000000000000
0000000000000000
0000000000000000
0000000000000000
0000000000000000
0000000000000000
0000000000000000
0000000000000000
0000000000000000
0000000000000000
0000000000000000
0000000000000000
0000000000000000
0000000000000000
0000000000000000
0000000000000000
0000000000000000
0000000000000000
0000000000000000
0000000000000000
0000000000000000
0000000000000000
0000000000000000
0000000000000000
0000000000000000
0000000000000000
0000000000000000
0000000000000000
0000000000000000
0000000000000000
0000000000000000
0000000000000000
0000000000000000
0000000000000000
0000000000000000
0000000000000000
0000000000000000
0000000000000000
0000000000000000
0000000000000000
0000000000000000
0000000000000000
0000000000000000
0000000000000000
0000000000000000
0000000000000000
0000000000000000
0000000000000000
0000000000000000
0000000000000000
0000000000000000
0000000000000000
0000000000000000
0000000000000000
0000000000000000
0000000000000000
0000000000000000
0000000000000000
0000000000000000
0000000000000000
0000000000000000
0000000000000000
0000000000000000
0000000000000000
0000000000000000
0000000000000000
0000000000000000
0000000000000000
0000000000000000
0000000000000000
0000000000000000
0000000000000000
0000000000000000
0000000000000000
0000000000000000
0000000000000000
0000000000000000
0000000000000000
0000000000000000
0000000000000000
0000000000000000
0000000000000000
0000000000000000
0000000000000000
0000000000000000
0000000000000000
0000000000000000
0000000000000000
0000000000000000
0000000000000000
0000000000000000
0000000000000000
0000000000000000
0000000000000000
0000000000000000
0000000000000000
0000000000000000
0000000000000000
0000000000000000
0000000000000000
0000000000000000
0000000000000000
0000000000000000
0000000000000000
0000000000000000
0000000000000000
0000000000000000
0000000000000000
0000000000000000
0000000000000000
0000000000000000
0000000000000000
0000000000000000
0000000000000000
0000000000000000
0000000000000000
0000000000000000
0000000000000000
0000000000000000
0000000000000000
0000000000000000
0000000000000000
0000000000000000
0000000000000000
0000000000000000
0000000000000000
0000000000000000
0000000000000000
0000000000000000
0000000000000000
0000000000000000
0000000000000000
0000000000000000
0000000000000000
0000000000000000
0000000000000000
0000000000000000
0000000000000000
0000000000000000
0000000000000000
0000000000000000
0000000000000000
0000000000000000
0000000000000000
0000000000000000
0000000000000000
0000000000000000
0000000000000000
0000000000000000
0000000000000000
0000000000000000
0000000000000000
0000000000000000
0000000000000000
0000000000000000
0000000000000000
0000000000000000
0000000000000000
0000000000000000
0000000000000000
0000000000000000
0000000000000000
0000000000000000
0000000000000000
0000000000000000
0000000000000000
0000000000000000
0000000000000000
0000000000000000
0000000000000000
0000000000000000
0000000000000000
0000000000000000
0000000000000000
0000000000000000
0000000000000000
0000000000000000
0000000000000000
0000000000000000
0000000000000000
0000000000000000
0000000000000000
0000000000000000
0000000000000000
0000000000000000
0000000000000000
0000000000000000
0000000000000000
0000000000000000
0000000000000000
0000000000000000
0000000000000000
0000000000000000
0000000000000000
0000000000000000
0000000000000000
0000000000000000
0000000000000000
0000000000000000
0000000000000000
0000000000000000
0000000000000000
0000000000000000
0000000000000000
0000000000000000
0000000000000000
0000000000000000
0000000000000000
0000000000000000
0000000000000000
0000000000000000
0000000000000000
0000000000000000
0000000000000000
0000000000000000
0000000000000240
0000000000000000
0000000000000000
0000000000000000
0000000000000000
0000000000000000
0000000000000000
0000000000000000
0000000000000000
0000000000000000
0000000000000000
0000000000000000
0000000000000000
0000000000000000
0000000000000000
0000000000000000
0000000000000000
0000000000000000
0000000000000000
0000000000000000
0000000000000000
0000000000000000
0000000000000000
0000000000000000
0000000000000000
0000000000000000
0000000000000000
0000000000000000
0000000000000000
0000000000000000
0000000000000000
0000000000000000
0000000000000000
0000000000000000
0000000000000000
0000000000000000
0000000000000000
0000000000000000
0000000000000000
0000000000000000
0000000000000000
0000000000000000
0000000000000000
0000000000000000
0000000000000000
0000000000000000
0000000000000000
0000000000000000
0000000000000000
0000000000000000
0000000000000000
0000000000000000
0000000000000000
0000000000000000
0000000000000000
0000000000000000
0000000000000000
0000000000000000
0000000000000000
0000000000000000
0000000000000000
0000000000000000
0000000000000000
0000000000000000
0000000000000000
0000000000000000
0000000000000000
0000000000000000
0000000000000000
0000000000000000
0000000000000000
0000000000000000
0000000000000000
0000000000000000
0000000000000000
0000000000000000
0000000000000000
0000000000000000
0000000000000000
0000000000000000
0000000000000000
0000000000000000
0000000000000000
0000000000000000
0000000000000000
0000000000000000
0000000000000000
0000000000000000
0000000000000000
0000000000000000
0000000000000000
0000000000000000
0000000000000000
0000000000000000
0000000000000000
0000000000000000
0000000000000000
0000000000000000
0000000000000000
0000000000000000
0000000000000000
0000000000000000
0000000000000000
0000000000000000
0000000000000000
0000000000000000
0000000000000000
0000000000000000
0000000000000000
0000000000000000
0000000000000000
0000000000000000
0000000000000000
0000000000000000
0000000000000000
0000000000000000
0000000000000000
0000000000000000
0000000000000000
0000000000000000
0000000000000000
0000000000000000
0000000000000000
0000000000000000
0000000000000000
0000000000000000
0000000000000000
0000000000000000
0000000000000000
0000000000000000
0000000000000000
0000000000000000
0000000000000000
0000000000000000
0000000000000000
0000000000000000
0000000000000000
0000000000000000
0000000000000000
0000000000000000
0000000000000000
0000000000000000
0000000000000000
0000000000000000
0000000000000000
0000000000000000
0000000000000000
0000000000000000
0000000000000000
0000000000000000
0000000000000000
0000000000000000
0000000000000000
0000000000000000
0000000000000000
0000000000000000
0000000000000000
0000000000000000
0000000000000000
0000000000000000
0000000000000000
0000000000000000
0000000000000000
0000000000000000
0000000000000000
0000000000000000
0000000000000000
0000000000000000
0000000000000000
0000000000000000
0000000000000000
0000000000000000
0000000000000000
0000000000000000
0000000000000000
0000000000000000
0000000000000000
0000000000000000
0000000000000000
0000000000000000
0000000000000000
0000000000000000
0000000000000000
0000000000000000
0000000000000000
0000000000000000
0000000000000000
0000000000000000
0000000000000000
0000000000000000
0000000000000000
0000000000000000
0000000000000000
0000000000000000
0000000000000000
0000000000000000
0000000000000000
0000000000000000
0000000000000000
0000000000000000
0000000000000000
0000000000000000
0000000000000000
0000000000000000
0000000000000000
0000000000000000
0000000000000000
0000000000000000
0000000000000000
0000000000000000
0000000000000000
0000000000000000
0000000000000000
0000000000000000
0000000000000000
0000000000000000
0000000000000000
0000000000000000
0000000000000000
0000000000000000
0000000000000000
0000000000000000
0000000000000000
0000000000000000
0000000000000000
0000000000000000
0000000000000000
0000000000000000
0000000000000000
0000000000000000
0000000000000000
0000000000000000
0000000000000000
0000000000000000
0000000000000000
0000000000000000
0000000000000000
0000000000000000
0000000000000000
0000000000000000
0000000000000000
0000000000000000
0000000000000000
0000000000000000
0000000000000000
0000000000000000
0000000000000000
0000000000000000
0000000000000000
0000000000000000
0000000000000000
0000000000000000
0000000000000000
0000000000000000
0000000000000000
0000000000000000
0000000000000000
0000000000000000
0000000000000000
0000000000000000
0000000000000000
0000000000000000
0000000000000000
0000000000000000
0000000000000000
0000000000000000
0000000000000000
0000000000000000
0000000000000000
0000000000000000
0000000000000000
0000000000000000
0000000000000000
0000000000000000
0000000000000000
0000000000000000
0000000000000000
0000000000000000
0000000000000000
0000000000000000
0000000000000000
0000000000000000
0000000000000000
0000000000000000
0000000000000000
0000000000000000
0000000000000000
0000000000000000
0000000000000000
0000000000000000
0000000000000000
0000000000000000
0000000000000000
0000000000000000
0000000000000000
0000000000000000
0000000000000000
0000000000000000
0000000000000000
0000000000000000
0000000000000000
0000000000000000
0000000000000000
0000000000000000
0000000000000000
0000000000000000
0000000000000000
0000000000000000
0000000000000000
0000000000000000
0000000000000000
0000000000000000
0000000000000000
0000000000000000
0000000000000000
0000000000000000
0000000000000000
0000000000000000
0000000000000000
0000000000000000
0000000000000000
0000000000000000
0000000000000000
0000000000000000
0000000000000000
0000000000000000
0000000000000000
0000000000000000
0000000000000000
0000000000000000
0000000000000000
0000000000000000
0000000000000000
0000000000000000
0000000000000000
0000000000000000
0000000000000000
0000000000000000
0000000000000000
0000000000000000
0000000000000000
0000000000000000
0000000000000000
0000000000000000
0000000000000000
0000000000000000
0000000000000000
0000000000000000
0000000000000000
0000000000000000
0000000000000000
0000000000000000
0000000000000000
0000000000000000
0000000000000000
0000000000000000
0000000000000000
0000000000000000
0000000000000000
0000000000000000
0000000000000000
0000000000000000
0000000000000000
0000000000000000
0000000000000000
0000000000000000
0000000000000000
0000000000000000
0000000000000000
0000000000000000
0000000000000000
0000000000000000
0000000000000000
0000000000000000
0000000000000000
0000000000000000
0000000000000000
0000000000000000
0000000000000000
0000000000000000
0000000000000000
0000000000000000
0000000000000000
0000000000000000
0000000000000000
0000000000000000
0000000000000000
0000000000000000
0000000000000000
0000000000000000
0000000000000000
0000000000000000
0000000000000000
0000000000000000
0000000000000000
0000000000000000
0000000000000000
0000000000000000
0000000000000000
0000000000000000
0000000000000000
0000000000000000
0000000000000000
0000000000000000
0000000000000000
0000000000000000
0000000000000000
0000000000000000
0000000000000000
0000000000000000
0000000000000000
0000000000000000
0000000000000000
0000000000000000
0000000000000000
0000000000000000
0000000000000000
0000000000000000
0000000000000000
0000000000000000
0000000000000000
0000000000000000
0000000000000000
0000000000000000
0000000000000000
0000000000000000
0000000000000000
0000000000000000
0000000000000000
0000000000000000
0000000000000000
0000000000000000
0000000000000000
0000000000000000
0000000000000000
0000000000000000
0000000000000000
0000000000000000
0000000000000000
0000000000000000
0000000000000000
0000000000000000
0000000000000000
0000000000000000
0000000000000000
0000000000000000
0000000000000000
0000000000000000
0000000000000000
0000000000000000
0000000000000000
0000000000000000
0000000000000000
0000000000000000
0000000000000000
0000000000000000
0000000000000000
0000000000000000
0000000000000000
0000000000000000
0000000000000000
0000000000000000
0000000000000000
0000000000000000
0000000000000000
0000000000000000
0000000000000000
0000000000000000
0000000000000000
0000000000000000
0000000000000000
0000000000000000
0000000000000000
0000000000000000
0000000000000000
0000000000000000
0000000000000000
0000000000000000
0000000000000000
0000000000000000
0000000000000000
0000000000000000
0000000000000000
0000000000000000
0000000000000000
0000000000000000
0000000000000000
0000000000000000
0000000000000000
0000000000000000
0000000000000000
0000000000000000
0000000000000000
0000000000000000
0000000000000000
0000000000000000
0000000000000000
0000000000000000
0000000000000000
0000000000000000
0000000000000000
0000000000000000
0000000000000000
0000000000000000
0000000000000000
0000000000000000
0000000000000000
0000000000000000
0000000000000000
0000000000000000
0000000000000000
0000000000000000
0000000000000000
0000000000000000
0000000000000000
0000000000000000
0000000000000000
0000000000000000
0000000000000000
0000000000000000
0000000000000000
0000000000000000
0000000000000000
0000000000000000
0000000000000000
0000000000000000
0000000000000000
0000000000000000
0000000000000000
0000000000000000
0000000000000000
0000000000000000
0000000000000000
0000000000000000
0000000000000000
0000000000000000
0000000000000000
0000000000000000
0000000000000000
0000000000000000
0000000000000000
0000000000000000
0000000000000000
0000000000000000
0000000000000000
0000000000000000
0000000000000000
0000000000000000
0000000000000000
0000000000000000
0000000000000000
0000000000000000
0000000000000000
0000000000000000
0000000000000000
0000000000000000
0000000000000000
0000000000000000
0000000000000000
0000000000000000
0000000000000000
0000000000000000
0000000000000000
0000000000000000
0000000000000000
0000000000000000
0000000000000000
0000000000000000
0000000000000000
0000000000000000
0000000000000000
0000000000000000
0000000000000000
0000000000000000
0000000000000000
0000000000000000
0000000000000000
0000000000000000
0000000000000000
0000000000000000
0000000000000000
0000000000000000
0000000000000000
0000000000000000
0000000000000000
0000000000000000
0000000000000000
0000000000000000
0000000000000000
0000000000000000
0000000000000000
0000000000000000
0000000000000000
0000000000000000
0000000000000000
0000000000000000
0000000000000000
0000000000000000
0000000000000000
0000000000000000
0000000000000000
0000000000000000
0000000000000000
0000000000000000
0000000000000000
0000000000000000
0000000000000000
0000000000000000
0000000000000000
0000000000000000
0000000000000000
0000000000000000
0000000000000000
0000000000000000
0000000000000000
0000000000000000
0000000000000000
0000000000000000
0000000000000000
0000000000000000
0000000000000000
0000000000000000
0000000000000000
0000000000000000
0000000000000000
0000000000000000
0000000000000000
0000000000000000
0000000000000000
0000000000000000
0000000000000000
0000000000000000
0000000000000000
0000000000000000
0000000000000000
0000000000000000
0000000000000000
0000000000000000
0000000000000000
0000000000000000
0000000000000000
0000000000000000
0000000000000000
0000000000000000
0000000000000000
0000000000000000
0000000000000000
0000000000000000
0000000000000000
0000000000000000
0000000000000000
0000000000000000
0000000000000000
0000000000000000
0000000000000000
0000000000000000
0000000000000000
0000000000000000
0000000000000000
0000000000000000
0000000000000000
0000000000000000
0000000000000000
0000000000000000
0000000000000000
0000000000000000
0000000000000000
0000000000000000
0000000000000000
0000000000000000
0000000000000000
0000000000000000
0000000000000000
0000000000000000
0000000000000000
0000000000000000
0000000000000000
0000000000000000
0000000000000000
0000000000000000
0000000000000000
0000000000000000
0000000000000000
0000000000000000
0000000000000000
0000000000000000
0000000000000000
0000000000000000
0000000000000000
0000000000000000
0000000000000000
0000000000000000
0000000000000000
0000000000000000
0000000000000000
0000000000000000
0000000000000000
0000000000000000
0000000000000000
0000000000000000
0000000000000000
0000000000000000
0000000000000000
0000000000000000
0000000000000000
0000000000000000
0000000000000000
0000000000000000
0000000000000000
0000000000000000
0000000000000000
0000000000000000
0000000000000000
0000000000000000
0000000000000000
0000000000000000
0000000000000000
0000000000000000
0000000000000000
0000000000000000
0000000000000000
0000000000000000
0000000000000000
0000000000000000
0000000000000000
0000000000000000
0000000000000000
0000000000000000
0000000000000000
0000000000000000
0000000000000000
0000000000000000
0000000000000000
0000000000000000
0000000000000000
0000000000000000
0000000000000000
0000000000000000
0000000000000000
0000000000000000
0000000000000000
0000000000000000
0000000000000000
0000000000000000
0000000000000000
0000000000000000
0000000000000000
0000000000000000
0000000000000000
0000000000000000
0000000000000000
0000000000000000
0000000000000000
0000000000000000
0000000000000000
0000000000000000
0000000000000000
0000000000000000
0000000000000000
0000000000000000
0000000000000000
0000000000000000
0000000000000000
0000000000000000
0000000000000000
0000000000000000
0000000000000000
0000000000000000
0000000000000000
0000000000000000
0000000000000000
0000000000000000
0000000000000000
0000000000000000
0000000000000000
0000000000000000
0000000000000000
0000000000000000
0000000000000000
0000000000000000
0000000000000000
0000000000000000
0000000000000000
0000000000000000
0000000000000000
0000000000000000
0000000000000000
0000000000000000
0000000000000000
0000000000000000
0000000000000000
0000000000000000
0000000000000000
0000000000000000
0000000000000000
0000000000000000
0000000000000000
0000000000000000
0000000000000000
0000000000000000
0000000000000000
0000000000000000
0000000000000000
0000000000000000
0000000000000000
0000000000000000
0000000000000000
0000000000000000
0000000000000000
0000000000000000
0000000000000000
0000000000000000
0000000000000000
0000000000000000
0000000000000000
0000000000000000
0000000000000000
0000000000000000
0000000000000000
0000000000000000
0000000000000000
0000000000000000
0000000000000000
0000000000000000
0000000000000000
0000000000000000
0000000000000000
0000000000000000
0000000000000000
0000000000000000
0000000000000000
0000000000000000
0000000000000000
0000000000000000
0000000000000000
0000000000000000
0000000000000000
0000000000000000
0000000000000000
0000000000000000
0000000000000000
0000000000000000
0000000000000000
0000000000000000
0000000000000000
0000000000000000
0000000000000000
0000000000000000
0000000000000000
0000000000000000
0000000000000000
0000000000000000
0000000000000000
0000000000000000
0000000000000000
0000000000000000
0000000000000000
0000000000000000
0000000000000000
0000000000000000
0000000000000000
0000000000000000
0000000000000000
0000000000000000
0000000000000000
0000000000000000
0000000000000000
0000000000000000
0000000000000000
0000000000000000
0000000000000000
0000000000000000
0000000000000000
0000000000000000
0000000000000000
0000000000000000
0000000000000000
0000000000000000
0000000000000000
0000000000000000
0000000000000000
0000000000000000
0000000000000000
0000000000000000
0000000000000000
0000000000000000
0000000000000000
0000000000000000
0000000000000000
0000000000000000
0000000000000000
0000000000000000
0000000000000000
0000000000000000
0000000000000000
0000000000000000
0000000000000000
0000000000000000
0000000000000000
0000000000000000
0000000000000000
0000000000000000
0000000000000000
0000000000000000
0000000000000000
0000000000000000
0000000000000000
0000000000000000
0000000000000000
0000000000000000
0000000000000000
0000000000000000
0000000000000000
0000000000000000
0000000000000000
0000000000000000
0000000000000000
0000000000000000
0000000000000000
0000000000000000
0000000000000000
0000000000000000
0000000000000000
0000000000000000
0000000000000000
0000000000000000
0000000000000000
0000000000000000
0000000000000000
0000000000000000
0000000000000000
0000000000000000
0000000000000000
0000000000000000
0000000000000000
0000000000000000
0000000000000000
0000000000000000
0000000000000000
0000000000000000
0000000000000000
0000000000000000
0000000000000000
0000000000000000
0000000000000000
0000000000000000
0000000000000000
0000000000000000
0000000000000000
0000000000000000
0000000000000000
0000000000000000
0000000000000000
0000000000000000
0000000000000000
0000000000000000
0000000000000000
0000000000000000
0000000000000000
0000000000000000
0000000000000000
0000000000000000
0000000000000000
0000000000000000
0000000000000000
0000000000000000
0000000000000000
0000000000000000
0000000000000000
0000000000000000
0000000000000000
0000000000000000
0000000000000000
0000000000000000
0000000000000000
0000000000000000
0000000000000000
0000000000000000
0000000000000000
0000000000000000
0000000000000000
0000000000000000
0000000000000000
0000000000000000
0000000000000000
0000000000000000
0000000000000000
0000000000000000
0000000000000000
0000000000000000
0000000000000000
0000000000000000
0000000000000000
0000000000000000
0000000000000000
0000000000000000
0000000000000000
0000000000000000
0000000000000000
0000000000000000
0000000000000000
0000000000000000
0000000000000000
0000000000000000
0000000000000000
0000000000000000
0000000000000000
0000000000000000
0000000000000000
0000000000000000
0000000000000000
0000000000000000
0000000000000000
0000000000000000
0000000000000000
0000000000000000
0000000000000000
0000000000000000
0000000000000000
0000000000000000
0000000000000000
0000000000000000
0000000000000000
0000000000000000
00000000fffffd1a
0000000000000000
0000000000000000
0000000000000000
0000000000000000
0000000000000000
0000000000000000
0000000000000000
0000000000000000
0000000000000000
0000000000000000
0000000000000000
0000000000000000
0000000000000000
0000000000000000
0000000000000000
0000000000000000
0000000000000000
0000000000000000
0000000000000000
0000000000000000
0000000000000000
0000000000000000
0000000000000000
0000000000000000
0000000000000000
0000000000000000
0000000000000000
0000000000000000
0000000000000000
0000000000000000
0000000000000000
0000000000000000
0000000000000000
0000000000000000
0000000000000000
0000000000000000
0000000000000000
0000000000000000
0000000000000000
0000000000000000
0000000000000000
0000000000000000
0000000000000000
0000000000000000
0000000000000000
0000000000000000
0000000000000000
0000000000000000
0000000000000000
0000000000000000
0000000000000000
0000000000000000
0000000000000000
0000000000000000
0000000000000000
0000000000000000
0000000000000000
0000000000000000
0000000000000000
0000000000000000
0000000000000000
0000000000000000
0000000000000000
0000000000000000
0000000000000000
0000000000000000
0000000000000000
0000000000000000
0000000000000000
0000000000000000
0000000000000000
0000000000000000
0000000000000000
0000000000000000
0000000000000000
0000000000000000
0000000000000000
0000000000000000
0000000000000000
0000000000000000
0000000000000000
0000000000000000
0000000000000000
0000000000000000
0000000000000000
0000000000000000
0000000000000000
0000000000000000
0000000000000000
0000000000000000
0000000000000000
0000000000000000
0000000000000000
0000000000000000
0000000000000000
0000000000000000
0000000000000000
0000000000000000
0000000000000000
0000000000000000
0000000000000000
0000000000000000
0000000000000000
0000000000000000
0000000000000000
0000000000000000
0000000000000000
0000000000000000
0000000000000000
0000000000000000
0000000000000000
0000000000000000
0000000000000000
0000000000000000
0000000000000000
0000000000000000
0000000000000000
0000000000000000
0000000000000000
0000000000000000
0000000000000000
0000000000000000
0000000000000000
0000000000000000
0000000000000000
0000000000000000
0000000000000000
0000000000000000
0000000000000000
0000000000000000
0000000000000000
0000000000000000
0000000000000000
0000000000000000
0000000000000000
0000000000000000
0000000000000000
0000000000000000
0000000000000000
0000000000000000
0000000000000000
0000000000000000
0000000000000000
0000000000000000
0000000000000000
0000000000000000
0000000000000000
0000000000000000
0000000000000000
0000000000000000
0000000000000000
0000000000000000
0000000000000000
0000000000000000
0000000000000000
0000000000000000
0000000000000000
0000000000000000
0000000000000000
0000000000000000
0000000000000000
0000000000000000
0000000000000000
0000000000000000
0000000000000000
0000000000000000
0000000000000000
0000000000000000
0000000000000000
0000000000000000
0000000000000000
0000000000000000
0000000000000000
0000000000000000
0000000000000000
0000000000000000
0000000000000000
0000000000000000
0000000000000000
0000000000000000
0000000000000000
0000000000000000
0000000000000000
0000000000000000
0000000000000000
0000000000000000
0000000000000000
0000000000000000
0000000000000000
0000000000000000
0000000000000000
0000000000000000
0000000000000000
0000000000000000
0000000000000000
0000000000000000
0000000000000000
0000000000000000
0000000000000000
0000000000000000
0000000000000000
0000000000000000
0000000000000000
0000000000000000
0000000000000000
0000000000000000
0000000000000000
0000000000000000
0000000000000000
0000000000000000
0000000000000000
0000000000000000
0000000000000000
0000000000000000
0000000000000000
0000000000000000
0000000000000000
0000000000000000
0000000000000000
0000000000000000
0000000000000000
0000000000000000
0000000000000000
0000000000000000
0000000000000000
0000000000000000
0000000000000000
0000000000000000
0000000000000000
0000000000000000
0000000000000000
0000000000000000
0000000000000000
0000000000000000
0000000000000000
0000000000000000
0000000000000000
0000000000000000
0000000000000000
0000000000000000
0000000000000000
0000000000000000
0000000000000000
0000000000000000
0000000000000000
0000000000000000
0000000000000000
0000000000000000
0000000000000000
0000000000000000
0000000000000000
0000000000000000
0000000000000000
0000000000000000
0000000000000000
0000000000000000
0000000000000000
0000000000000000
0000000000000000
0000000000000000
0000000000000000
0000000000000000
0000000000000000
0000000000000000
0000000000000000
0000000000000000
0000000000000000
0000000000000000
0000000000000000
0000000000000000
0000000000000000
0000000000000000
0000000000000000
0000000000000000
0000000000000000
0000000000000000
0000000000000000
0000000000000000
0000000000000000
0000000000000000
0000000000000000
0000000000000000
0000000000000000
0000000000000000
0000000000000000
0000000000000000
0000000000000000
0000000000000000
0000000000000000
0000000000000000
0000000000000000
0000000000000000
0000000000000000
0000000000000000
0000000000000000
0000000000000000
0000000000000000
0000000000000000
0000000000000000
0000000000000000
0000000000000000
0000000000000000
0000000000000000
0000000000000000
0000000000000000
0000000000000000
0000000000000000
0000000000000000
0000000000000000
0000000000000000
0000000000000000
0000000000000000
0000000000000000
0000000000000000
0000000000000000
0000000000000000
0000000000000000
0000000000000000
0000000000000000
0000000000000000
0000000000000000
0000000000000000
0000000000000000
0000000000000000
0000000000000000
0000000000000000
0000000000000000
0000000000000000
0000000000000000
0000000000000000
0000000000000000
0000000000000000
0000000000000000
0000000000000000
0000000000000000
0000000000000000
0000000000000000
0000000000000000
0000000000000000
0000000000000000
0000000000000000
0000000000000000
0000000000000000
0000000000000000
0000000000000000
0000000000000000
0000000000000000
0000000000000000
0000000000000000
0000000000000000
0000000000000000
0000000000000000
0000000000000000
0000000000000000
0000000000000000
0000000000000000
0000000000000000
0000000000000000
0000000000000000
0000000000000000
0000000000000000
0000000000000000
0000000000000000
0000000000000000
0000000000000000
0000000000000000
0000000000000000
0000000000000000
0000000000000000
0000000000000000
0000000000000000
0000000000000000
0000000000000000
0000000000000000
0000000000000000
0000000000000000
0000000000000000
0000000000000000
0000000000000000
0000000000000000
0000000000000000
0000000000000000
0000000000000000
0000000000000000
0000000000000000
0000000000000000
0000000000000000
0000000000000000
0000000000000000
0000000000000000
0000000000000000
0000000000000000
0000000000000000
0000000000000000
0000000000000000
0000000000000000
0000000000000000
0000000000000000
0000000000000000
0000000000000000
0000000000000000
0000000000000000
0000000000000000
0000000000000000
0000000000000000
0000000000000000
0000000000000000
0000000000000000
0000000000000000
0000000000000000
0000000000000000
0000000000000000
0000000000000000
0000000000000000
0000000000000000
0000000000000000
0000000000000000
0000000000000000
0000000000000000
0000000000000000
0000000000000000
0000000000000000
0000000000000000
0000000000000000
0000000000000000
0000000000000000
0000000000000000
0000000000000000
0000000000000000
0000000000000000
0000000000000000
0000000000000000
0000000000000000
0000000000000000
0000000000000000
0000000000000000
0000000000000000
0000000000000000
0000000000000000
0000000000000000
0000000000000000
0000000000000000
0000000000000000
0000000000000000
0000000000000000
0000000000000000
0000000000000000
0000000000000000
0000000000000000
0000000000000000
0000000000000000
0000000000000000
0000000000000000
0000000000000000
0000000000000000
0000000000000000
0000000000000000
0000000000000000
0000000000000000
0000000000000000
0000000000000000
0000000000000000
0000000000000000
0000000000000000
0000000000000000
0000000000000000
0000000000000000
0000000000000000
0000000000000000
0000000000000000
0000000000000000
0000000000000000
0000000000000000
0000000000000000
0000000000000000
0000000000000000
0000000000000000
0000000000000000
0000000000000000
0000000000000000
0000000000000000
0000000000000000
0000000000000000
0000000000000000
0000000000000000
0000000000000000
0000000000000000
0000000000000000
0000000000000000
0000000000000000
0000000000000000
0000000000000000
0000000000000000
0000000000000000
0000000000000000
0000000000000000
0000000000000000
0000000000000000
0000000000000000
0000000000000000
0000000000000000
0000000000000000
0000000000000000
0000000000000000
0000000000000000
0000000000000000
0000000000000000
0000000000000000
0000000000000000
0000000000000000
0000000000000000
0000000000000000
0000000000000000
0000000000000000
0000000000000000
0000000000000000
0000000000000000
0000000000000000
0000000000000000
0000000000000000
0000000000000000
0000000000000000
0000000000000000
0000000000000000
0000000000000000
0000000000000000
0000000000000000
0000000000000000
0000000000000000
0000000000000000
0000000000000000
0000000000000000
0000000000000000
0000000000000000
0000000000000000
0000000000000000
0000000000000000
0000000000000000
0000000000000000
0000000000000000
0000000000000000
0000000000000000
0000000000000000
0000000000000000
0000000000000000
0000000000000000
0000000000000000
0000000000000000
0000000000000000
0000000000000000
0000000000000000
0000000000000000
0000000000000000
0000000000000000
0000000000000000
0000000000000000
0000000000000000
0000000000000000
0000000000000000
0000000000000000
0000000000000000
0000000000000000
0000000000000000
0000000000000000
0000000000000000
0000000000000000
0000000000000000
0000000000000000
0000000000000000
0000000000000000
0000000000000000
0000000000000000
0000000000000000
0000000000000000
0000000000000000
0000000000000000
0000000000000000
0000000000000000
0000000000000000
0000000000000000
0000000000000000
0000000000000000
0000000000000000
0000000000000000
0000000000000000
0000000000000000
0000000000000000
0000000000000000
0000000000000000
0000000000000000
0000000000000000
0000000000000000
0000000000000000
0000000000000000
0000000000000000
0000000000000000
0000000000000000
0000000000000000
0000000000000000
0000000000000000
0000000000000000
0000000000000000
0000000000000000
0000000000000000
0000000000000000
0000000000000000
0000000000000000
0000000000000000
0000000000000000
0000000000000000
0000000000000000
0000000000000000
0000000000000000
0000000000000000
0000000000000000
0000000000000000
0000000000000000
0000000000000000
0000000000000000
0000000000000000
0000000000000000
0000000000000000
0000000000000000
0000000000000000
0000000000000000
0000000000000000
0000000000000000
0000000000000000
0000000000000000
0000000000000000
0000000000000000
0000000000000000
0000000000000000
0000000000000000
0000000000000000
0000000000000000
0000000000000000
0000000000000000
0000000000000000
0000000000000000
0000000000000000
0000000000000000
0000000000000000
0000000000000000
0000000000000000
0000000000000000
0000000000000000
0000000000000000
0000000000000000
0000000000000000
0000000000000000
0000000000000000
0000000000000000
0000000000000000
0000000000000000
0000000000000000
0000000000000000
0000000000000000
0000000000000000
0000000000000000
0000000000000000
0000000000000000
0000000000000000
0000000000000000
0000000000000000
0000000000000000
0000000000000000
0000000000000000
0000000000000000
0000000000000000
0000000000000000
0000000000000000
0000000000000000
0000000000000000
0000000000000000
0000000000000000
0000000000000000
0000000000000000
0000000000000000
0000000000000000
0000000000000000
0000000000000000
0000000000000000
0000000000000000
0000000000000000
0000000000000000
0000000000000000
0000000000000000
0000000000000000
0000000000000000
0000000000000000
0000000000000000
0000000000000000
0000000000000000
0000000000000000
0000000000000000
0000000000000000
0000000000000000
0000000000000000
0000000000000000
0000000000000000
0000000000000000
0000000000000000
0000000000000000
0000000000000000
0000000000000000
0000000000000000
0000000000000000
0000000000000000
0000000000000000
0000000000000000
0000000000000000
0000000000000000
0000000000000000
0000000000000000
0000000000000000
0000000000000000
0000000000000000
0000000000000000
0000000000000000
0000000000000000
0000000000000000
0000000000000000
0000000000000000
0000000000000000
0000000000000000
0000000000000000
0000000000000000
0000000000000000
0000000000000000
0000000000000000
0000000000000000
0000000000000000
0000000000000000
0000000000000000
0000000000000000
0000000000000000
0000000000000000
0000000000000000
0000000000000000
0000000000000000
0000000000000000
0000000000000000
0000000000000000
0000000000000000
0000000000000000
0000000000000000
0000000000000000
0000000000000000
0000000000000000
0000000000000000
0000000000000000
0000000000000000
0000000000000000
0000000000000000
0000000000000000
0000000000000000
0000000000000000
0000000000000000
0000000000000000
0000000000000000
0000000000000000
0000000000000000
0000000000000000
0000000000000000
0000000000000000
0000000000000000
00000080ffffff80
0000000000000000
0000000000000000
0000000000000000
0000000000000000
0000000000000000
0000000000000000
0000000000000000
0000000000000000
0000000000000000
0000000000000000
0000000000000000
0000000000000000
0000000000000000
0000000000000000
0000000000000000
0000000000000000
0000000000000000
0000000000000000
0000000000000000
0000000000000000
0000000000000000
0000000000000000
0000000000000000
0000000000000000
0000000000000000
0000000000000000
0000000000000000
0000000000000000
0000000000000000
0000000000000000
0000000000000000
0000000000000000
0000000000000000
0000000000000000
0000000000000000
0000000000000000
0000000000000000
0000000000000000
0000000000000000
0000000000000000
0000000000000000
0000000000000000
0000000000000000
0000000000000000
0000000000000000
0000000000000000
0000000000000000
0000000000000000
0000000000000000
0000000000000000
0000000000000000
0000000000000000
0000000000000000
0000000000000000
0000000000000000
0000000000000000
0000000000000000
0000000000000000
0000000000000000
0000000000000000
0000000000000000
0000000000000000
0000000000000000
0000000000000000
0000000000000000
0000000000000000
0000000000000000
0000000000000000
0000000000000000
0000000000000000
0000000000000000
0000000000000000
0000000000000000
0000000000000000
0000000000000000
0000000000000000
0000000000000000
0000000000000000
0000000000000000
0000000000000000
0000000000000000
0000000000000000
0000000000000000
0000000000000000
0000000000000000
0000000000000000
0000000000000000
0000000000000000
0000000000000000
0000000000000000
0000000000000000
0000000000000000
0000000000000000
0000000000000000
0000000000000000
0000000000000000
0000000000000000
0000000000000000
0000000000000000
0000000000000000
0000000000000000
0000000000000000
0000000000000000
0000000000000000
0000000000000000
0000000000000000
0000000000000000
0000000000000000
0000000000000000
0000000000000000
0000000000000000
0000000000000000
0000000000000000
0000000000000000
0000000000000000
0000000000000000
0000000000000000
0000000000000000
0000000000000000
0000000000000000
0000000000000000
0000000000000000
0000000000000000
0000000000000000
0000000000000000
0000000000000000
0000000000000000
0000000004000002
0000000000000000
0000000000000000
0000000000000000
0000000000000000
0000000000000000
0000000000000000
0000000000000000
0000000000000000
0000000000000000
0000000000000000
0000000000000000
0000000000000000
0000000000000000
0000000000000000
0000000000000000
0000000000000000
0000000000000000
0000000000000000
0000000000000000
0000000000000000
0000000000000000
0000000000000000
0000000000000000
0000000000000000
0000000000000000
0000000000000000
0000000000000000
0000000000000000
0000000000000000
0000000000000000
0000000000000000
0000000000000000
0000000000000000
0000000000000000
0000000000000000
0000000000000000
0000000000000000
0000000000000000
0000000000000000
0000000000000000
0000000000000000
0000000000000000
0000000000000000
0000000000000000
0000000000000000
0000000000000000
0000000000000000
0000000000000000
0000000000000000
0000000000000000
0000000000000000
0000000000000000
0000000000000000
0000000000000000
0000000000000000
0000000000000000
0000000000000000
0000000000000000
0000000000000000
0000000000000000
0000000000000000
0000000000000000
0000000000000000
0000000000000000
0000000000000000
0000000000000000
0000000000000000
0000000000000000
0000000000000000
0000000000000000
0000000000000000
0000000000000000
0000000000000000
0000000000000000
0000000000000000
0000000000000000
0000000000000000
0000000000000000
0000000000000000
0000000000000000
0000000000000000
0000000000000000
0000000000000000
0000000000000000
0000000000000000
0000000000000000
0000000000000000
0000000000000000
0000000000000000
0000000000000000
0000000000000000
0000000000000000
0000000000000000
0000000000000000
0000000000000000
0000000000000000
0000000000000000
0000000000000000
0000000000000000
0000000000000000
0000000000000000
0000000000000000
0000000000000000
0000000000000000
0000000000000000
0000000000000000
0000000000000000
0000000000000000
0000000000000000
0000000000000000
0000000000000000
0000000000000000
0000000000000000
0000000000000000
0000000000000000
0000000000000000
0000000000000000
0000000000000000
0000000000000000
0000000000000000
0000000000000000
0000000000000000
0000000000000000
0000000000000000
0000000000000000
0000000000000000
0000000000000000
0000010900000046
0000000000000000
0000000000000000
0000000000000000
0000000000000000
0000000000000000
0000000000000000
0000000000000000
0000000000000000
0000000000000000
0000000000000000
0000000000000000
0000000000000000
0000000000000000
0000000000000000
0000000000000000
0000000000000000
0000000000000000
0000000000000000
0000000000000000
0000000000000000
0000000000000000
0000000000000000
0000000000000000
0000000000000000
0000000000000000
0000000000000000
0000000000000000
0000000000000000
0000000000000000
0000000000000000
0000000000000000
0000000000000000
0000000000000000
0000000000000000
0000000000000000
0000000000000000
0000000000000000
0000000000000000
0000000000000000
0000000000000000
0000000000000000
0000000000000000
0000000000000000
0000000000000000
0000000000000000
0000000000000000
0000000000000000
0000000000000000
0000000000000000
0000000000000000
0000000000000000
0000000000000000
0000000000000000
0000000000000000
0000000000000000
0000000000000000
0000000000000000
0000000000000000
0000000000000000
0000000000000000
0000000000000000
0000000000000000
0000000000000000
0000000000000000
0000000000000000
0000000000000000
0000000000000000
0000000000000000
0000000000000000
0000000000000000
0000000000000000
0000000000000000
0000000000000000
0000000000000000
0000000000000000
0000000000000000
0000000000000000
0000000000000000
0000000000000000
0000000000000000
0000000000000000
0000000000000000
0000000000000000
0000000000000000
0000000000000000
0000000000000000
0000000000000000
0000000000000000
0000000000000000
0000000000000000
0000000000000000
0000000000000000
0000000000000000
0000000000000000
0000000000000000
0000000000000000
0000000000000000
0000000000000000
0000000000000000
0000000000000000
0000000000000000
0000000000000000
0000000000000000
0000000000000000
0000000000000000
0000000000000000
0000000000000000
0000000000000000
0000000000000000
0000000000000000
0000000000000000
0000000000000000
0000000000000000
0000000000000000
0000000000000000
0000000000000000
0000000000000000
0000000000000000
0000000000000000
0000000000000000
0000000000000000
0000000000000000
0000000000000000
0000000000000000
0000000000000000
0000000000000000
0000000000000000
000000d600000000
0000000000000000
0000000000000000
0000000000000000
0000000000000000
0000000000000000
0000000000000000
0000000000000000
0000000000000000
0000000000000000
0000000000000000
0000000000000000
0000000000000000
0000000000000000
0000000000000000
0000000000000000
0000000000000000
0000000000000000
0000000000000000
0000000000000000
0000000000000000
0000000000000000
0000000000000000
0000000000000000
0000000000000000
0000000000000000
0000000000000000
0000000000000000
0000000000000000
0000000000000000
0000000000000000
0000000000000000
0000000000000000
0000000000000000
0000000000000000
0000000000000000
0000000000000000
0000000000000000
0000000000000000
0000000000000000
0000000000000000
0000000000000000
0000000000000000
0000000000000000
0000000000000000
0000000000000000
0000000000000000
0000000000000000
0000000000000000
0000000000000000
0000000000000000
0000000000000000
0000000000000000
0000000000000000
0000000000000000
0000000000000000
0000000000000000
0000000000000000
0000000000000000
0000000000000000
0000000000000000
0000000000000000
0000000000000000
0000000000000000
0000000000000000
0000000000000000
0000000000000000
0000000000000000
0000000000000000
0000000000000000
0000000000000000
0000000000000000
0000000000000000
0000000000000000
0000000000000000
0000000000000000
0000000000000000
0000000000000000
0000000000000000
0000000000000000
0000000000000000
0000000000000000
0000000000000000
0000000000000000
0000000000000000
0000000000000000
0000000000000000
0000000000000000
0000000000000000
0000000000000000
0000000000000000
0000000000000000
0000000000000000
0000000000000000
0000000000000000
0000000000000000
0000000000000000
0000000000000000
0000000000000000
0000000000000000
0000000000000000
0000000000000000
0000000000000000
0000000000000000
0000000000000000
0000000000000000
0000000000000000
0000000000000000
0000000000000000
0000000000000000
0000000000000000
0000000000000000
0000000000000000
0000000000000000
0000000000000000
0000000000000000
0000000000000000
0000000000000000
0000000000000000
0000000000000000
0000000000000000
0000000000000000
0000000000000000
0000000000000000
0000000000000000
0000000000000000
0000000000000000
0000000000000000
00974ef201e9215c
0000000000000000
0000000000000000
0000000000000000
0000000000000000
0000000000000000
0000000000000000
0000000000000000
0000000000000000
0000000000000000
0000000000000000
0000000000000000
0000000000000000
0000000000000000
0000000000000000
0000000000000000
0000000000000000
0000000000000000
0000000000000000
0000000000000000
0000000000000000
0000000000000000
0000000000000000
0000000000000000
0000000000000000
0000000000000000
0000000000000000
0000000000000000
0000000000000000
0000000000000000
0000000000000000
0000000000000000
0000000000000000
0000000000000000
0000000000000000
0000000000000000
0000000000000000
0000000000000000
0000000000000000
0000000000000000
0000000000000000
0000000000000000
0000000000000000
0000000000000000
0000000000000000
0000000000000000
0000000000000000
0000000000000000
0000000000000000
0000000000000000
0000000000000000
0000000000000000
0000000000000000
0000000000000000
0000000000000000
0000000000000000
0000000000000000
0000000000000000
0000000000000000
0000000000000000
0000000000000000
0000000000000000
0000000000000000
0000000000000000
0000000000000000
0000000000000000
0000000000000000
0000000000000000
0000000000000000
0000000000000000
0000000000000000
0000000000000000
0000000000000000
0000000000000000
0000000000000000
0000000000000000
0000000000000000
0000000000000000
0000000000000000
0000000000000000
0000000000000000
0000000000000000
0000000000000000
0000000000000000
0000000000000000
0000000000000000
0000000000000000
0000000000000000
0000000000000000
0000000000000000
0000000000000000
0000000000000000
0000000000000000
0000000000000000
0000000000000000
0000000000000000
0000000000000000
0000000000000000
0000000000000000
0000000000000000
0000000000000000
0000000000000000
0000000000000000
0000000000000000
0000000000000000
0000000000000000
0000000000000000
0000000000000000
0000000000000000
0000000000000000
0000000000000000
0000000000000000
0000000000000000
0000000000000000
0000000000000000
0000000000000000
0000000000000000
0000000000000000
0000000000000000
0000000000000000
0000000000000000
0000000000000000
0000000000000000
0000000000000000
0000000000000000
0000000000000000
0000000000000000
0000000000000000
00000000ffffff52
0000000000000000
0000000000000000
0000000000000000
0000000000000000
0000000000000000
0000000000000000
0000000000000000
0000000000000000
0000000000000000
0000000000000000
0000000000000000
0000000000000000
0000000000000000
0000000000000000
0000000000000000
0000000000000000
0000000000000000
0000000000000000
0000000000000000
0000000000000000
0000000000000000
0000000000000000
0000000000000000
0000000000000000
0000000000000000
0000000000000000
0000000000000000
0000000000000000
0000000000000000
0000000000000000
0000000000000000
0000000000000000
0000000000000000
0000000000000000
0000000000000000
0000000000000000
0000000000000000
0000000000000000
0000000000000000
0000000000000000
0000000000000000
0000000000000000
0000000000000000
0000000000000000
0000000000000000
0000000000000000
0000000000000000
0000000000000000
0000000000000000
0000000000000000
0000000000000000
0000000000000000
0000000000000000
0000000000000000
0000000000000000
0000000000000000
0000000000000000
0000000000000000
0000000000000000
0000000000000000
0000000000000000
0000000000000000
0000000000000000
0000000000000000
0000000000000000
0000000000000000
0000000000000000
0000000000000000
0000000000000000
0000000000000000
0000000000000000
0000000000000000
0000000000000000
0000000000000000
0000000000000000
0000000000000000
0000000000000000
0000000000000000
0000000000000000
0000000000000000
0000000000000000
0000000000000000
0000000000000000
0000000000000000
0000000000000000
0000000000000000
0000000000000000
0000000000000000
0000000000000000
0000000000000000
0000000000000000
0000000000000000
0000000000000000
0000000000000000
0000000000000000
0000000000000000
0000000000000000
0000000000000000
0000000000000000
0000000000000000
0000000000000000
0000000000000000
0000000000000000
0000000000000000
0000000000000000
0000000000000000
0000000000000000
0000000000000000
0000000000000000
0000000000000000
0000000000000000
0000000000000000
0000000000000000
0000000000000000
0000000000000000
0000000000000000
0000000000000000
0000000000000000
0000000000000000
0000000000000000
0000000000000000
0000000000000000
0000000000000000
0000000000000000
0000000000000000
0000000000000000
0000000000000000
fffffef7ffffffba
0000000000000000
0000000000000000
0000000000000000
0000000000000000
0000000000000000
0000000000000000
0000000000000000
0000000000000000
0000000000000000
0000000000000000
0000000000000000
0000000000000000
0000000000000000
0000000000000000
0000000000000000
0000000000000000
0000000000000000
0000000000000000
0000000000000000
0000000000000000
0000000000000000
0000000000000000
0000000000000000
0000000000000000
0000000000000000
0000000000000000
0000000000000000
0000000000000000
0000000000000000
0000000000000000
0000000000000000
0000000000000000
0000000000000000
0000000000000000
0000000000000000
0000000000000000
0000000000000000
0000000000000000
0000000000000000
0000000000000000
0000000000000000
0000000000000000
0000000000000000
0000000000000000
0000000000000000
0000000000000000
0000000000000000
0000000000000000
0000000000000000
0000000000000000
0000000000000000
0000000000000000
0000000000000000
0000000000000000
0000000000000000
0000000000000000
0000000000000000
0000000000000000
0000000000000000
0000000000000000
0000000000000000
0000000000000000
0000000000000000
0000000000000000
0000000000000000
0000000000000000
0000000000000000
0000000000000000
0000000000000000
0000000000000000
0000000000000000
0000000000000000
0000000000000000
0000000000000000
0000000000000000
0000000000000000
0000000000000000
0000000000000000
0000000000000000
0000000000000000
0000000000000000
0000000000000000
0000000000000000
0000000000000000
0000000000000000
0000000000000000
0000000000000000
0000000000000000
0000000000000000
0000000000000000
0000000000000000
0000000000000000
0000000000000000
0000000000000000
0000000000000000
0000000000000000
0000000000000000
0000000000000000
0000000000000000
0000000000000000
0000000000000000
0000000000000000
0000000000000000
0000000000000000
0000000000000000
0000000000000000
0000000000000000
0000000000000000
0000000000000000
0000000000000000
0000000000000000
0000000000000000
0000000000000000
0000000000000000
0000000000000000
0000000000000000
0000000000000000
0000000000000000
0000000000000000
0000000000000000
0000000000000000
0000000000000000
0000000000000000
0000000000000000
0000000000000000
0000000000000000
0000000000000000
0000003200000000
0000000000000000
0000000000000000
0000000000000000
0000000000000000
0000000000000000
0000000000000000
0000000000000000
0000000000000000
0000000000000000
0000000000000000
0000000000000000
0000000000000000
0000000000000000
0000000000000000
0000000000000000
0000000000000000
0000000000000000
0000000000000000
0000000000000000
0000000000000000
0000000000000000
0000000000000000
0000000000000000
0000000000000000
0000000000000000
0000000000000000
0000000000000000
0000000000000000
0000000000000000
0000000000000000
0000000000000000
0000000000000000
0000000000000000
0000000000000000
0000000000000000
0000000000000000
0000000000000000
0000000000000000
0000000000000000
0000000000000000
0000000000000000
0000000000000000
0000000000000000
0000000000000000
0000000000000000
0000000000000000
0000000000000000
0000000000000000
0000000000000000
0000000000000000
0000000000000000
0000000000000000
0000000000000000
0000000000000000
0000000000000000
0000000000000000
0000000000000000
0000000000000000
0000000000000000
0000000000000000
0000000000000000
0000000000000000
0000000000000000
0000000000000000
0000000000000000
0000000000000000
0000000000000000
0000000000000000
0000000000000000
0000000000000000
0000000000000000
0000000000000000
0000000000000000
0000000000000000
0000000000000000
0000000000000000
0000000000000000
0000000000000000
0000000000000000
0000000000000000
0000000000000000
0000000000000000
0000000000000000
0000000000000000
0000000000000000
0000000000000000
0000000000000000
0000000000000000
0000000000000000
0000000000000000
0000000000000000
0000000000000000
0000000000000000
0000000000000000
0000000000000000
0000000000000000
0000000000000000
0000000000000000
0000000000000000
0000000000000000
0000000000000000
0000000000000000
0000000000000000
0000000000000000
0000000000000000
0000000000000000
0000000000000000
0000000000000000
0000000000000000
0000000000000000
0000000000000000
0000000000000000
0000000000000000
0000000000000000
0000000000000000
0000000000000000
0000000000000000
0000000000000000
0000000000000000
0000000000000000
0000000000000000
0000000000000000
0000000000000000
0000000000000000
0000000000000000
0000000000000000
0000000000000000
00000080ffffff80
0000000000000000
0000000000000000
0000000000000000
0000000000000000
0000000000000000
0000000000000000
0000000000000000
0000000000000000
0000000000000000
0000000000000000
0000000000000000
0000000000000000
0000000000000000
0000000000000000
0000000000000000
0000000000000000
0000000000000000
0000000000000000
0000000000000000
0000000000000000
0000000000000000
0000000000000000
0000000000000000
0000000000000000
0000000000000000
0000000000000000
0000000000000000
0000000000000000
0000000000000000
0000000000000000
0000000000000000
0000000000000000
0000000000000000
0000000000000000
0000000000000000
0000000000000000
0000000000000000
0000000000000000
0000000000000000
0000000000000000
0000000000000000
0000000000000000
0000000000000000
0000000000000000
0000000000000000
0000000000000000
0000000000000000
0000000000000000
0000000000000000
0000000000000000
0000000000000000
0000000000000000
0000000000000000
0000000000000000
0000000000000000
0000000000000000
0000000000000000
0000000000000000
0000000000000000
0000000000000000
0000000000000000
0000000000000000
0000000000000000
0000000000000000
0000000000000000
0000000000000000
0000000000000000
0000000000000000
0000000000000000
0000000000000000
0000000000000000
0000000000000000
0000000000000000
0000000000000000
0000000000000000
0000000000000000
0000000000000000
0000000000000000
0000000000000000
0000000000000000
0000000000000000
0000000000000000
0000000000000000
0000000000000000
0000000000000000
0000000000000000
0000000000000000
0000000000000000
0000000000000000
0000000000000000
0000000000000000
0000000000000000
0000000000000000
0000000000000000
0000000000000000
0000000000000000
0000000000000000
0000000000000000
0000000000000000
0000000000000000
0000000000000000
0000000000000000
0000000000000000
0000000000000000
0000000000000000
0000000000000000
0000000000000000
0000000000000000
0000000000000000
0000000000000000
0000000000000000
0000000000000000
0000000000000000
0000000000000000
0000000000000000
0000000000000000
0000000000000000
0000000000000000
0000000000000000
0000000000000000
0000000000000000
0000000000000000
0000000000000000
0000000000000000
0000000000000000
0000000000000000
0000000000000000
00000000fffffea0
0000000000000000
0000000000000000
0000000000000000
0000000000000000
0000000000000000
0000000000000000
0000000000000000
0000000000000000
0000000000000000
0000000000000000
0000000000000000
0000000000000000
0000000000000000
0000000000000000
0000000000000000
0000000000000000
0000000000000000
0000000000000000
0000000000000000
0000000000000000
0000000000000000
0000000000000000
0000000000000000
0000000000000000
0000000000000000
0000000000000000
0000000000000000
0000000000000000
0000000000000000
0000000000000000
0000000000000000
0000000000000000
0000000000000000
0000000000000000
0000000000000000
0000000000000000
0000000000000000
0000000000000000
0000000000000000
0000000000000000
0000000000000000
0000000000000000
0000000000000000
0000000000000000
0000000000000000
0000000000000000
0000000000000000
0000000000000000
0000000000000000
0000000000000000
0000000000000000
0000000000000000
0000000000000000
0000000000000000
0000000000000000
0000000000000000
0000000000000000
0000000000000000
0000000000000000
0000000000000000
0000000000000000
0000000000000000
0000000000000000
0000000000000000
0000000000000000
0000000000000000
0000000000000000
0000000000000000
0000000000000000
0000000000000000
0000000000000000
0000000000000000
0000000000000000
0000000000000000
0000000000000000
0000000000000000
0000000000000000
0000000000000000
0000000000000000
0000000000000000
0000000000000000
0000000000000000
0000000000000000
0000000000000000
0000000000000000
0000000000000000
0000000000000000
0000000000000000
0000000000000000
0000000000000000
0000000000000000
0000000000000000
0000000000000000
0000000000000000
0000000000000000
0000000000000000
0000000000000000
0000000000000000
0000000000000000
0000000000000000
0000000000000000
0000000000000000
0000000000000000
0000000000000000
0000000000000000
0000000000000000
0000000000000000
0000000000000000
0000000000000000
0000000000000000
0000000000000000
0000000000000000
0000000000000000
0000000000000000
0000000000000000
0000000000000000
0000000000000000
0000000000000000
0000000000000000
0000000000000000
0000000000000000
0000000000000000
0000000000000000
0000000000000000
0000000000000000
0000000000000000
0000000000000000
00000132ffffff59
0000000000000000
0000000000000000
0000000000000000
0000000000000000
0000000000000000
0000000000000000
0000000000000000
0000000000000000
0000000000000000
0000000000000000
0000000000000000
0000000000000000
0000000000000000
0000000000000000
0000000000000000
0000000000000000
0000000000000000
0000000000000000
0000000000000000
0000000000000000
0000000000000000
0000000000000000
0000000000000000
0000000000000000
0000000000000000
0000000000000000
0000000000000000
0000000000000000
0000000000000000
0000000000000000
0000000000000000
0000000000000000
0000000000000000
0000000000000000
0000000000000000
0000000000000000
0000000000000000
0000000000000000
0000000000000000
0000000000000000
0000000000000000
0000000000000000
0000000000000000
0000000000000000
0000000000000000
0000000000000000
0000000000000000
0000000000000000
0000000000000000
0000000000000000
0000000000000000
0000000000000000
0000000000000000
0000000000000000
0000000000000000
0000000000000000
0000000000000000
0000000000000000
0000000000000000
0000000000000000
0000000000000000
0000000000000000
0000000000000000
0000000000000000
0000000000000000
0000000000000000
0000000000000000
0000000000000000
0000000000000000
0000000000000000
0000000000000000
0000000000000000
0000000000000000
0000000000000000
0000000000000000
0000000000000000
0000000000000000
0000000000000000
0000000000000000
0000000000000000
0000000000000000
0000000000000000
0000000000000000
0000000000000000
0000000000000000
0000000000000000
0000000000000000
0000000000000000
0000000000000000
0000000000000000
0000000000000000
0000000000000000
0000000000000000
0000000000000000
0000000000000000
0000000000000000
0000000000000000
0000000000000000
0000000000000000
0000000000000000
0000000000000000
0000000000000000
0000000000000000
0000000000000000
0000000000000000
0000000000000000
0000000000000000
0000000000000000
0000000000000000
0000000000000000
0000000000000000
0000000000000000
0000000000000000
0000000000000000
0000000000000000
0000000000000000
0000000000000000
0000000000000000
0000000000000000
0000000000000000
0000000000000000
0000000000000000
0000000000000000
0000000000000000
0000000000000000
0000000000000000
0000000000000000
ffffff7200000000
0000000000000000
0000000000000000
0000000000000000
0000000000000000
0000000000000000
0000000000000000
0000000000000000
0000000000000000
0000000000000000
0000000000000000
0000000000000000
0000000000000000
0000000000000000
0000000000000000
0000000000000000
0000000000000000
0000000000000000
0000000000000000
0000000000000000
0000000000000000
0000000000000000
0000000000000000
0000000000000000
0000000000000000
0000000000000000
0000000000000000
0000000000000000
0000000000000000
0000000000000000
0000000000000000
0000000000000000
0000000000000000
0000000000000000
0000000000000000
0000000000000000
0000000000000000
0000000000000000
0000000000000000
0000000000000000
0000000000000000
0000000000000000
0000000000000000
0000000000000000
0000000000000000
0000000000000000
0000000000000000
0000000000000000
0000000000000000
0000000000000000
0000000000000000
0000000000000000
0000000000000000
0000000000000000
0000000000000000
0000000000000000
0000000000000000
0000000000000000
0000000000000000
0000000000000000
0000000000000000
0000000000000000
0000000000000000
0000000000000000
0000000000000000
0000000000000000
0000000000000000
0000000000000000
0000000000000000
0000000000000000
0000000000000000
0000000000000000
0000000000000000
0000000000000000
0000000000000000
0000000000000000
0000000000000000
0000000000000000
0000000000000000
0000000000000000
0000000000000000
0000000000000000
0000000000000000
0000000000000000
0000000000000000
0000000000000000
0000000000000000
0000000000000000
0000000000000000
0000000000000000
0000000000000000
0000000000000000
0000000000000000
0000000000000000
0000000000000000
0000000000000000
0000000000000000
0000000000000000
0000000000000000
0000000000000000
0000000000000000
0000000000000000
0000000000000000
0000000000000000
0000000000000000
0000000000000000
0000000000000000
0000000000000000
0000000000000000
0000000000000000
0000000000000000
0000000000000000
0000000000000000
0000000000000000
0000000000000000
0000000000000000
0000000000000000
0000000000000000
0000000000000000
0000000000000000
0000000000000000
0000000000000000
0000000000000000
0000000000000000
0000000000000000
0000000000000000
0000000000000000
0000000000000000
0000000000000000
0000000000000000
0000000000000000
0000000000000000
0000000000000000
0000000000000000
0000000000000000
0000000000000000
0000000000000000
0000000000000000
0000000000000000
0000000000000000
0000000000000000
0000000000000000
0000000000000000
0000000000000000
0000000000000000
0000000000000000
0000000000000000
0000000000000000
0000000000000000
0000000000000000
0000000000000000
0000000000000000
0000000000000000
0000000000000000
0000000000000000
0000000000000000
0000000000000000
0000000000000000
0000000000000000
0000000000000000
0000000000000000
0000000000000000
0000000000000000
0000000000000000
0000000000000000
0000000000000000
0000000000000000
0000000000000000
0000000000000000
0000000000000000
0000000000000000
0000000000000000
0000000000000000
0000000000000000
0000000000000000
0000000000000000
0000000000000000
0000000000000000
0000000000000000
0000000000000000
0000000000000000
0000000000000000
0000000000000000
0000000000000000
0000000000000000
0000000000000000
0000000000000000
0000000000000000
0000000000000000
0000000000000000
0000000000000000
0000000000000000
0000000000000000
0000000000000000
0000000000000000
0000000000000000
0000000000000000
0000000000000000
0000000000000000
0000000000000000
0000000000000000
0000000000000000
0000000000000000
0000000000000000
0000000000000000
0000000000000000
0000000000000000
0000000000000000
0000000000000000
0000000000000000
0000000000000000
0000000000000000
0000000000000000
0000000000000000
0000000000000000
0000000000000000
0000000000000000
0000000000000000
0000000000000000
0000000000000000
0000000000000000
0000000000000000
0000000000000000
0000000000000000
0000000000000000
0000000000000000
0000000000000000
0000000000000000
0000000000000000
0000000000000000
0000000000000000
0000000000000000
0000000000000000
0000000000000000
0000000000000000
0000000000000000
0000000000000000
0000000000000000
0000000000000000
0000000000000000
0000000000000000
0000000000000000
0000000000000000
0000000000000000
0000000000000000
0000000000000000
0000000000000000
0000000000000000
0000000000000000
0000000000000000
0000000000000000
0000000000000000
0000000000000000
0000000000000000
0000000000000000
0000000000000000
000000000000012a
0000000000000000
0000000000000000
0000000000000000
0000000000000000
0000000000000000
0000000000000000
0000000000000000
0000000000000000
0000000000000000
0000000000000000
0000000000000000
0000000000000000
0000000000000000
0000000000000000
0000000000000000
0000000000000000
0000000000000000
0000000000000000
0000000000000000
0000000000000000
0000000000000000
0000000000000000
0000000000000000
0000000000000000
0000000000000000
0000000000000000
0000000000000000
0000000000000000
0000000000000000
0000000000000000
0000000000000000
0000000000000000
0000000000000000
0000000000000000
0000000000000000
0000000000000000
0000000000000000
0000000000000000
0000000000000000
0000000000000000
0000000000000000
0000000000000000
0000000000000000
0000000000000000
0000000000000000
0000000000000000
0000000000000000
0000000000000000
0000000000000000
0000000000000000
0000000000000000
0000000000000000
0000000000000000
0000000000000000
0000000000000000
0000000000000000
0000000000000000
0000000000000000
0000000000000000
0000000000000000
0000000000000000
0000000000000000
0000000000000000
0000000000000000
0000000000000000
0000000000000000
0000000000000000
0000000000000000
0000000000000000
0000000000000000
0000000000000000
0000000000000000
0000000000000000
0000000000000000
0000000000000000
0000000000000000
0000000000000000
0000000000000000
0000000000000000
0000000000000000
0000000000000000
0000000000000000
0000000000000000
0000000000000000
0000000000000000
0000000000000000
0000000000000000
0000000000000000
0000000000000000
0000000000000000
0000000000000000
0000000000000000
0000000000000000
0000000000000000
0000000000000000
0000000000000000
0000000000000000
0000000000000000
0000000000000000
0000000000000000
0000000000000000
0000000000000000
0000000000000000
0000000000000000
0000000000000000
0000000000000000
0000000000000000
0000000000000000
0000000000000000
0000000000000000
0000000000000000
0000000000000000
0000000000000000
0000000000000000
0000000000000000
0000000000000000
0000000000000000
0000000000000000
0000000000000000
0000000000000000
0000000000000000
0000000000000000
0000000000000000
0000000000000000
0000000000000000
0000000000000000
0000000000000000
00000132ffffff59
0000000000000000
0000000000000000
0000000000000000
0000000000000000
0000000000000000
0000000000000000
0000000000000000
0000000000000000
0000000000000000
0000000000000000
0000000000000000
0000000000000000
0000000000000000
0000000000000000
0000000000000000
0000000000000000
0000000000000000
0000000000000000
0000000000000000
0000000000000000
0000000000000000
0000000000000000
0000000000000000
0000000000000000
0000000000000000
0000000000000000
0000000000000000
0000000000000000
0000000000000000
0000000000000000
0000000000000000
0000000000000000
0000000000000000
0000000000000000
0000000000000000
0000000000000000
0000000000000000
0000000000000000
0000000000000000
0000000000000000
0000000000000000
0000000000000000
0000000000000000
0000000000000000
0000000000000000
0000000000000000
0000000000000000
0000000000000000
0000000000000000
0000000000000000
0000000000000000
0000000000000000
0000000000000000
0000000000000000
0000000000000000
0000000000000000
0000000000000000
0000000000000000
0000000000000000
0000000000000000
0000000000000000
0000000000000000
0000000000000000
0000000000000000
0000000000000000
0000000000000000
0000000000000000
0000000000000000
0000000000000000
0000000000000000
0000000000000000
0000000000000000
0000000000000000
0000000000000000
0000000000000000
0000000000000000
0000000000000000
0000000000000000
0000000000000000
0000000000000000
0000000000000000
0000000000000000
0000000000000000
0000000000000000
0000000000000000
0000000000000000
0000000000000000
0000000000000000
0000000000000000
0000000000000000
0000000000000000
0000000000000000
0000000000000000
0000000000000000
0000000000000000
0000000000000000
0000000000000000
0000000000000000
0000000000000000
0000000000000000
0000000000000000
0000000000000000
0000000000000000
0000000000000000
0000000000000000
0000000000000000
0000000000000000
0000000000000000
0000000000000000
0000000000000000
0000000000000000
0000000000000000
0000000000000000
0000000000000000
0000000000000000
0000000000000000
0000000000000000
0000000000000000
0000000000000000
0000000000000000
0000000000000000
0000000000000000
0000000000000000
0000000000000000
0000000000000000
0000000000000000
0000000000000000
ffffff0400000000
0000000000000000
0000000000000000
0000000000000000
0000000000000000
0000000000000000
0000000000000000
0000000000000000
0000000000000000
0000000000000000
0000000000000000
0000000000000000
0000000000000000
0000000000000000
0000000000000000
0000000000000000
0000000000000000
0000000000000000
0000000000000000
0000000000000000
0000000000000000
0000000000000000
0000000000000000
0000000000000000
0000000000000000
0000000000000000
0000000000000000
0000000000000000
0000000000000000
0000000000000000
0000000000000000
0000000000000000
0000000000000000
0000000000000000
0000000000000000
0000000000000000
0000000000000000
0000000000000000
0000000000000000
0000000000000000
0000000000000000
0000000000000000
0000000000000000
0000000000000000
0000000000000000
0000000000000000
0000000000000000
0000000000000000
0000000000000000
0000000000000000
0000000000000000
0000000000000000
0000000000000000
0000000000000000
0000000000000000
0000000000000000
0000000000000000
0000000000000000
0000000000000000
0000000000000000
0000000000000000
0000000000000000
0000000000000000
0000000000000000
0000000000000000
0000000000000000
0000000000000000
0000000000000000
0000000000000000
0000000000000000
0000000000000000
0000000000000000
0000000000000000
0000000000000000
0000000000000000
0000000000000000
0000000000000000
0000000000000000
0000000000000000
0000000000000000
0000000000000000
0000000000000000
0000000000000000
0000000000000000
0000000000000000
0000000000000000
0000000000000000
0000000000000000
0000000000000000
0000000000000000
0000000000000000
0000000000000000
0000000000000000
0000000000000000
0000000000000000
0000000000000000
0000000000000000
0000000000000000
0000000000000000
0000000000000000
0000000000000000
0000000000000000
0000000000000000
0000000000000000
0000000000000000
0000000000000000
0000000000000000
0000000000000000
0000000000000000
0000000000000000
0000000000000000
0000000000000000
0000000000000000
0000000000000000
0000000000000000
0000000000000000
0000000000000000
0000000000000000
0000000000000000
0000000000000000
0000000000000000
0000000000000000
0000000000000000
0000000000000000
0000000000000000
0000000000000000
0000000000000000
0000000000000000
ffffff8000000080
0000000000000000
0000000000000000
0000000000000000
0000000000000000
0000000000000000
0000000000000000
0000000000000000
0000000000000000
0000000000000000
0000000000000000
0000000000000000
0000000000000000
0000000000000000
0000000000000000
0000000000000000
0000000000000000
0000000000000000
0000000000000000
0000000000000000
0000000000000000
0000000000000000
0000000000000000
0000000000000000
0000000000000000
0000000000000000
0000000000000000
0000000000000000
0000000000000000
0000000000000000
0000000000000000
0000000000000000
0000000000000000
0000000000000000
0000000000000000
0000000000000000
0000000000000000
0000000000000000
0000000000000000
0000000000000000
0000000000000000
0000000000000000
0000000000000000
0000000000000000
0000000000000000
0000000000000000
0000000000000000
0000000000000000
0000000000000000
0000000000000000
0000000000000000
0000000000000000
0000000000000000
0000000000000000
0000000000000000
0000000000000000
0000000000000000
0000000000000000
0000000000000000
0000000000000000
0000000000000000
0000000000000000
0000000000000000
0000000000000000
0000000000000000
0000000000000000
0000000000000000
0000000000000000
0000000000000000
0000000000000000
0000000000000000
0000000000000000
0000000000000000
0000000000000000
0000000000000000
0000000000000000
0000000000000000
0000000000000000
0000000000000000
0000000000000000
0000000000000000
0000000000000000
0000000000000000
0000000000000000
0000000000000000
0000000000000000
0000000000000000
0000000000000000
0000000000000000
0000000000000000
0000000000000000
0000000000000000
0000000000000000
0000000000000000
0000000000000000
0000000000000000
0000000000000000
0000000000000000
0000000000000000
0000000000000000
0000000000000000
0000000000000000
0000000000000000
0000000000000000
0000000000000000
0000000000000000
0000000000000000
0000000000000000
0000000000000000
0000000000000000
0000000000000000
0000000000000000
0000000000000000
0000000000000000
0000000000000000
0000000000000000
0000000000000000
0000000000000000
0000000000000000
0000000000000000
0000000000000000
0000000000000000
0000000000000000
0000000000000000
0000000000000000
0000000000000000
0000000000000000
0000000000000000
0000000000000026
0000000000000000
0000000000000000
0000000000000000
0000000000000000
0000000000000000
0000000000000000
0000000000000000
0000000000000000
0000000000000000
0000000000000000
0000000000000000
0000000000000000
0000000000000000
0000000000000000
0000000000000000
0000000000000000
0000000000000000
0000000000000000
0000000000000000
0000000000000000
0000000000000000
0000000000000000
0000000000000000
0000000000000000
0000000000000000
0000000000000000
0000000000000000
0000000000000000
0000000000000000
0000000000000000
0000000000000000
0000000000000000
0000000000000000
0000000000000000
0000000000000000
0000000000000000
0000000000000000
0000000000000000
0000000000000000
0000000000000000
0000000000000000
0000000000000000
0000000000000000
0000000000000000
0000000000000000
0000000000000000
0000000000000000
0000000000000000
0000000000000000
0000000000000000
0000000000000000
0000000000000000
0000000000000000
0000000000000000
0000000000000000
0000000000000000
0000000000000000
0000000000000000
0000000000000000
0000000000000000
0000000000000000
0000000000000000
0000000000000000
0000000000000000
0000000000000000
0000000000000000
0000000000000000
0000000000000000
0000000000000000
0000000000000000
0000000000000000
0000000000000000
0000000000000000
0000000000000000
0000000000000000
0000000000000000
0000000000000000
0000000000000000
0000000000000000
0000000000000000
0000000000000000
0000000000000000
0000000000000000
0000000000000000
0000000000000000
0000000000000000
0000000000000000
0000000000000000
0000000000000000
0000000000000000
0000000000000000
0000000000000000
0000000000000000
0000000000000000
0000000000000000
0000000000000000
0000000000000000
0000000000000000
0000000000000000
0000000000000000
0000000000000000
0000000000000000
0000000000000000
0000000000000000
0000000000000000
0000000000000000
0000000000000000
0000000000000000
0000000000000000
0000000000000000
0000000000000000
0000000000000000
0000000000000000
0000000000000000
0000000000000000
0000000000000000
0000000000000000
0000000000000000
0000000000000000
0000000000000000
0000000000000000
0000000000000000
0000000000000000
0000000000000000
0000000000000000
0000000000000000
0000000000000000
fffffef7ffffffba
0000000000000000
0000000000000000
0000000000000000
0000000000000000
0000000000000000
0000000000000000
0000000000000000
0000000000000000
0000000000000000
0000000000000000
0000000000000000
0000000000000000
0000000000000000
0000000000000000
0000000000000000
0000000000000000
0000000000000000
0000000000000000
0000000000000000
0000000000000000
0000000000000000
0000000000000000
0000000000000000
0000000000000000
0000000000000000
0000000000000000
0000000000000000
0000000000000000
0000000000000000
0000000000000000
0000000000000000
0000000000000000
0000000000000000
0000000000000000
0000000000000000
0000000000000000
0000000000000000
0000000000000000
0000000000000000
0000000000000000
0000000000000000
0000000000000000
0000000000000000
0000000000000000
0000000000000000
0000000000000000
0000000000000000
0000000000000000
0000000000000000
0000000000000000
0000000000000000
0000000000000000
0000000000000000
0000000000000000
0000000000000000
0000000000000000
0000000000000000
0000000000000000
0000000000000000
0000000000000000
0000000000000000
0000000000000000
0000000000000000
0000000000000000
0000000000000000
0000000000000000
0000000000000000
0000000000000000
0000000000000000
0000000000000000
0000000000000000
0000000000000000
0000000000000000
0000000000000000
0000000000000000
0000000000000000
0000000000000000
0000000000000000
0000000000000000
0000000000000000
0000000000000000
0000000000000000
0000000000000000
0000000000000000
0000000000000000
0000000000000000
0000000000000000
0000000000000000
0000000000000000
0000000000000000
0000000000000000
0000000000000000
0000000000000000
0000000000000000
0000000000000000
0000000000000000
0000000000000000
0000000000000000
0000000000000000
0000000000000000
0000000000000000
0000000000000000
0000000000000000
0000000000000000
0000000000000000
0000000000000000
0000000000000000
0000000000000000
0000000000000000
0000000000000000
0000000000000000
0000000000000000
0000000000000000
0000000000000000
0000000000000000
0000000000000000
0000000000000000
0000000000000000
0000000000000000
0000000000000000
0000000000000000
0000000000000000
0000000000000000
0000000000000000
0000000000000000
0000000000000000
0000000000000000
ffffff2a00000000
0000000000000000
0000000000000000
0000000000000000
0000000000000000
0000000000000000
0000000000000000
0000000000000000
0000000000000000
0000000000000000
0000000000000000
0000000000000000
0000000000000000
0000000000000000
0000000000000000
0000000000000000
0000000000000000
0000000000000000
0000000000000000
0000000000000000
0000000000000000
0000000000000000
0000000000000000
0000000000000000
0000000000000000
0000000000000000
0000000000000000
0000000000000000
0000000000000000
0000000000000000
0000000000000000
0000000000000000
0000000000000000
0000000000000000
0000000000000000
0000000000000000
0000000000000000
0000000000000000
0000000000000000
0000000000000000
0000000000000000
0000000000000000
0000000000000000
0000000000000000
0000000000000000
0000000000000000
0000000000000000
0000000000000000
0000000000000000
0000000000000000
0000000000000000
0000000000000000
0000000000000000
0000000000000000
0000000000000000
0000000000000000
0000000000000000
0000000000000000
0000000000000000
0000000000000000
0000000000000000
0000000000000000
0000000000000000
0000000000000000
0000000000000000
0000000000000000
0000000000000000
0000000000000000
0000000000000000
0000000000000000
0000000000000000
0000000000000000
0000000000000000
0000000000000000
0000000000000000
0000000000000000
0000000000000000
0000000000000000
0000000000000000
0000000000000000
0000000000000000
0000000000000000
0000000000000000
0000000000000000
0000000000000000
0000000000000000
0000000000000000
0000000000000000
0000000000000000
0000000000000000
0000000000000000
0000000000000000
0000000000000000
0000000000000000
0000000000000000
0000000000000000
0000000000000000
0000000000000000
0000000000000000
0000000000000000
0000000000000000
0000000000000000
0000000000000000
0000000000000000
0000000000000000
0000000000000000
0000000000000000
0000000000000000
0000000000000000
0000000000000000
0000000000000000
0000000000000000
0000000000000000
0000000000000000
0000000000000000
0000000000000000
0000000000000000
0000000000000000
0000000000000000
0000000000000000
0000000000000000
0000000000000000
0000000000000000
0000000000000000
0000000000000000
0000000000000000
0000000000000000
0000000000000000
0000010efffffea4
0000000000000000
0000000000000000
0000000000000000
0000000000000000
0000000000000000
0000000000000000
0000000000000000
0000000000000000
0000000000000000
0000000000000000
0000000000000000
0000000000000000
0000000000000000
0000000000000000
0000000000000000
0000000000000000
0000000000000000
0000000000000000
0000000000000000
0000000000000000
0000000000000000
0000000000000000
0000000000000000
0000000000000000
0000000000000000
0000000000000000
0000000000000000
0000000000000000
0000000000000000
0000000000000000
0000000000000000
0000000000000000
0000000000000000
0000000000000000
0000000000000000
0000000000000000
0000000000000000
0000000000000000
0000000000000000
0000000000000000
0000000000000000
0000000000000000
0000000000000000
0000000000000000
0000000000000000
0000000000000000
0000000000000000
0000000000000000
0000000000000000
0000000000000000
0000000000000000
0000000000000000
0000000000000000
0000000000000000
0000000000000000
0000000000000000
0000000000000000
0000000000000000
0000000000000000
0000000000000000
0000000000000000
0000000000000000
0000000000000000
0000000000000000
0000000000000000
0000000000000000
0000000000000000
0000000000000000
0000000000000000
0000000000000000
0000000000000000
0000000000000000
0000000000000000
0000000000000000
0000000000000000
0000000000000000
0000000000000000
0000000000000000
0000000000000000
0000000000000000
0000000000000000
0000000000000000
0000000000000000
0000000000000000
0000000000000000
0000000000000000
0000000000000000
0000000000000000
0000000000000000
0000000000000000
0000000000000000
0000000000000000
0000000000000000
0000000000000000
0000000000000000
0000000000000000
0000000000000000
0000000000000000
0000000000000000
0000000000000000
0000000000000000
0000000000000000
0000000000000000
0000000000000000
0000000000000000
0000000000000000
0000000000000000
0000000000000000
0000000000000000
0000000000000000
0000000000000000
0000000000000000
0000000000000000
0000000000000000
0000000000000000
0000000000000000
0000000000000000
0000000000000000
0000000000000000
0000000000000000
0000000000000000
0000000000000000
0000000000000000
0000000000000000
0000000000000000
0000000000000000
0000000000000000
0000000000000266
0000000000000000
0000000000000000
0000000000000000
0000000000000000
0000000000000000
0000000000000000
0000000000000000
0000000000000000
0000000000000000
0000000000000000
0000000000000000
0000000000000000
0000000000000000
0000000000000000
0000000000000000
0000000000000000
0000000000000000
0000000000000000
0000000000000000
0000000000000000
0000000000000000
0000000000000000
0000000000000000
0000000000000000
0000000000000000
0000000000000000
0000000000000000
0000000000000000
0000000000000000
0000000000000000
0000000000000000
0000000000000000
0000000000000000
0000000000000000
0000000000000000
0000000000000000
0000000000000000
0000000000000000
0000000000000000
0000000000000000
0000000000000000
0000000000000000
0000000000000000
0000000000000000
0000000000000000
0000000000000000
0000000000000000
0000000000000000
0000000000000000
0000000000000000
0000000000000000
0000000000000000
0000000000000000
0000000000000000
0000000000000000
0000000000000000
0000000000000000
0000000000000000
0000000000000000
0000000000000000
0000000000000000
0000000000000000
0000000000000000
0000000000000000
0000000000000000
0000000000000000
0000000000000000
0000000000000000
0000000000000000
0000000000000000
0000000000000000
0000000000000000
0000000000000000
0000000000000000
0000000000000000
0000000000000000
0000000000000000
0000000000000000
0000000000000000
0000000000000000
0000000000000000
0000000000000000
0000000000000000
0000000000000000
0000000000000000
0000000000000000
0000000000000000
0000000000000000
0000000000000000
0000000000000000
0000000000000000
0000000000000000
0000000000000000
0000000000000000
0000000000000000
0000000000000000
0000000000000000
0000000000000000
0000000000000000
0000000000000000
0000000000000000
0000000000000000
0000000000000000
0000000000000000
0000000000000000
0000000000000000
0000000000000000
0000000000000000
0000000000000000
0000000000000000
0000000000000000
0000000000000000
0000000000000000
0000000000000000
0000000000000000
0000000000000000
0000000000000000
0000000000000000
0000000000000000
0000000000000000
0000000000000000
0000000000000000
0000000000000000
0000000000000000
0000000000000000
0000000000000000
0000000000000000
0000010900000046
0000000000000000
0000000000000000
0000000000000000
0000000000000000
0000000000000000
0000000000000000
0000000000000000
0000000000000000
0000000000000000
0000000000000000
0000000000000000
0000000000000000
0000000000000000
0000000000000000
0000000000000000
0000000000000000
0000000000000000
0000000000000000
0000000000000000
0000000000000000
0000000000000000
0000000000000000
0000000000000000
0000000000000000
0000000000000000
0000000000000000
0000000000000000
0000000000000000
0000000000000000
0000000000000000
0000000000000000
0000000000000000
0000000000000000
0000000000000000
0000000000000000
0000000000000000
0000000000000000
0000000000000000
0000000000000000
0000000000000000
0000000000000000
0000000000000000
0000000000000000
0000000000000000
0000000000000000
0000000000000000
0000000000000000
0000000000000000
0000000000000000
0000000000000000
0000000000000000
0000000000000000
0000000000000000
0000000000000000
0000000000000000
0000000000000000
0000000000000000
0000000000000000
0000000000000000
0000000000000000
0000000000000000
0000000000000000
0000000000000000
0000000000000000
0000000000000000
0000000000000000
0000000000000000
0000000000000000
0000000000000000
0000000000000000
0000000000000000
0000000000000000
0000000000000000
0000000000000000
0000000000000000
0000000000000000
0000000000000000
0000000000000000
0000000000000000
0000000000000000
0000000000000000
0000000000000000
0000000000000000
0000000000000000
0000000000000000
0000000000000000
0000000000000000
0000000000000000
0000000000000000
0000000000000000
0000000000000000
0000000000000000
0000000000000000
0000000000000000
0000000000000000
0000000000000000
0000000000000000
0000000000000000
0000000000000000
0000000000000000
0000000000000000
0000000000000000
0000000000000000
0000000000000000
0000000000000000
0000000000000000
0000000000000000
0000000000000000
0000000000000000
0000000000000000
0000000000000000
0000000000000000
0000000000000000
0000000000000000
0000000000000000
0000000000000000
0000000000000000
0000000000000000
0000000000000000
0000000000000000
0000000000000000
0000000000000000
0000000000000000
0000000000000000
0000000000000000
0000000000000000
0000000000000000
ffffffce00000000
0000000000000000
0000000000000000
0000000000000000
0000000000000000
0000000000000000
0000000000000000
0000000000000000
0000000000000000
0000000000000000
0000000000000000
0000000000000000
0000000000000000
0000000000000000
0000000000000000
0000000000000000
0000000000000000
0000000000000000
0000000000000000
0000000000000000
0000000000000000
0000000000000000
0000000000000000
0000000000000000
0000000000000000
0000000000000000
0000000000000000
0000000000000000
0000000000000000
0000000000000000
0000000000000000
0000000000000000
0000000000000000
0000000000000000
0000000000000000
0000000000000000
0000000000000000
0000000000000000
0000000000000000
0000000000000000
0000000000000000
0000000000000000
0000000000000000
0000000000000000
0000000000000000
0000000000000000
0000000000000000
0000000000000000
0000000000000000
0000000000000000
0000000000000000
0000000000000000
0000000000000000
0000000000000000
0000000000000000
0000000000000000
0000000000000000
0000000000000000
0000000000000000
0000000000000000
0000000000000000
0000000000000000
0000000000000000
0000000000000000
0000000000000000
0000000000000000
0000000000000000
0000000000000000
0000000000000000
0000000000000000
0000000000000000
0000000000000000
0000000000000000
0000000000000000
0000000000000000
0000000000000000
0000000000000000
0000000000000000
0000000000000000
0000000000000000
0000000000000000
0000000000000000
0000000000000000
0000000000000000
0000000000000000
0000000000000000
0000000000000000
0000000000000000
0000000000000000
0000000000000000
0000000000000000
0000000000000000
0000000000000000
0000000000000000
0000000000000000
0000000000000000
0000000000000000
0000000000000000
0000000000000000
0000000000000000
0000000000000000
0000000000000000
0000000000000000
0000000000000000
0000000000000000
0000000000000000
0000000000000000
0000000000000000
0000000000000000
0000000000000000
0000000000000000
0000000000000000
0000000000000000
0000000000000000
0000000000000000
0000000000000000
0000000000000000
0000000000000000
0000000000000000
0000000000000000
0000000000000000
0000000000000000
0000000000000000
0000000000000000
0000000000000000
0000000000000000
0000000000000000
0000000000000000
ffffff8000000080
0000000000000000
0000000000000000
0000000000000000
0000000000000000
0000000000000000
0000000000000000
0000000000000000
0000000000000000
0000000000000000
0000000000000000
0000000000000000
0000000000000000
0000000000000000
0000000000000000
0000000000000000
0000000000000000
0000000000000000
0000000000000000
0000000000000000
0000000000000000
0000000000000000
0000000000000000
0000000000000000
0000000000000000
0000000000000000
0000000000000000
0000000000000000
0000000000000000
0000000000000000
0000000000000000
0000000000000000
0000000000000000
0000000000000000
0000000000000000
0000000000000000
0000000000000000
0000000000000000
0000000000000000
0000000000000000
0000000000000000
0000000000000000
0000000000000000
0000000000000000
0000000000000000
0000000000000000
0000000000000000
0000000000000000
0000000000000000
0000000000000000
0000000000000000
0000000000000000
0000000000000000
0000000000000000
0000000000000000
0000000000000000
0000000000000000
0000000000000000
0000000000000000
0000000000000000
0000000000000000
0000000000000000
0000000000000000
0000000000000000
0000000000000000
0000000000000000
0000000000000000
0000000000000000
0000000000000000
0000000000000000
0000000000000000
0000000000000000
0000000000000000
0000000000000000
0000000000000000
0000000000000000
0000000000000000
0000000000000000
0000000000000000
0000000000000000
0000000000000000
0000000000000000
0000000000000000
0000000000000000
0000000000000000
0000000000000000
0000000000000000
0000000000000000
0000000000000000
0000000000000000
0000000000000000
0000000000000000
0000000000000000
0000000000000000
0000000000000000
0000000000000000
0000000000000000
0000000000000000
0000000000000000
0000000000000000
0000000000000000
0000000000000000
0000000000000000
0000000000000000
0000000000000000
0000000000000000
0000000000000000
0000000000000000
0000000000000000
0000000000000000
0000000000000000
0000000000000000
0000000000000000
0000000000000000
0000000000000000
0000000000000000
0000000000000000
0000000000000000
0000000000000000
0000000000000000
0000000000000000
0000000000000000
0000000000000000
0000000000000000
0000000000000000
0000000000000000
0000000000000000
0000000000000000
00000000fffffe88
0000000000000000
0000000000000000
0000000000000000
0000000000000000
0000000000000000
0000000000000000
0000000000000000
0000000000000000
0000000000000000
0000000000000000
0000000000000000
0000000000000000
0000000000000000
0000000000000000
0000000000000000
0000000000000000
0000000000000000
0000000000000000
0000000000000000
0000000000000000
0000000000000000
0000000000000000
0000000000000000
0000000000000000
0000000000000000
0000000000000000
0000000000000000
0000000000000000
0000000000000000
0000000000000000
0000000000000000
0000000000000000
0000000000000000
0000000000000000
0000000000000000
0000000000000000
0000000000000000
0000000000000000
0000000000000000
0000000000000000
0000000000000000
0000000000000000
0000000000000000
0000000000000000
0000000000000000
0000000000000000
0000000000000000
0000000000000000
0000000000000000
0000000000000000
0000000000000000
0000000000000000
0000000000000000
0000000000000000
0000000000000000
0000000000000000
0000000000000000
0000000000000000
0000000000000000
0000000000000000
0000000000000000
0000000000000000
0000000000000000
0000000000000000
0000000000000000
0000000000000000
0000000000000000
0000000000000000
0000000000000000
0000000000000000
0000000000000000
0000000000000000
0000000000000000
0000000000000000
0000000000000000
0000000000000000
0000000000000000
0000000000000000
0000000000000000
0000000000000000
0000000000000000
0000000000000000
0000000000000000
0000000000000000
0000000000000000
0000000000000000
0000000000000000
0000000000000000
0000000000000000
0000000000000000
0000000000000000
0000000000000000
0000000000000000
0000000000000000
0000000000000000
0000000000000000
0000000000000000
0000000000000000
0000000000000000
0000000000000000
0000000000000000
0000000000000000
0000000000000000
0000000000000000
0000000000000000
0000000000000000
0000000000000000
0000000000000000
0000000000000000
0000000000000000
0000000000000000
0000000000000000
0000000000000000
0000000000000000
0000000000000000
0000000000000000
0000000000000000
0000000000000000
0000000000000000
0000000000000000
0000000000000000
0000000000000000
0000000000000000
0000000000000000
0000000000000000
0000000000000000
0000000000000000
fffffece000000a7
0000000000000000
0000000000000000
0000000000000000
0000000000000000
0000000000000000
0000000000000000
0000000000000000
0000000000000000
0000000000000000
0000000000000000
0000000000000000
0000000000000000
0000000000000000
0000000000000000
0000000000000000
0000000000000000
0000000000000000
0000000000000000
0000000000000000
0000000000000000
0000000000000000
0000000000000000
0000000000000000
0000000000000000
0000000000000000
0000000000000000
0000000000000000
0000000000000000
0000000000000000
0000000000000000
0000000000000000
0000000000000000
0000000000000000
0000000000000000
0000000000000000
0000000000000000
0000000000000000
0000000000000000
0000000000000000
0000000000000000
0000000000000000
0000000000000000
0000000000000000
0000000000000000
0000000000000000
0000000000000000
0000000000000000
0000000000000000
0000000000000000
0000000000000000
0000000000000000
0000000000000000
0000000000000000
0000000000000000
0000000000000000
0000000000000000
0000000000000000
0000000000000000
0000000000000000
0000000000000000
0000000000000000
0000000000000000
0000000000000000
0000000000000000
0000000000000000
0000000000000000
0000000000000000
0000000000000000
0000000000000000
0000000000000000
0000000000000000
0000000000000000
0000000000000000
0000000000000000
0000000000000000
0000000000000000
0000000000000000
0000000000000000
0000000000000000
0000000000000000
0000000000000000
0000000000000000
0000000000000000
0000000000000000
0000000000000000
0000000000000000
0000000000000000
0000000000000000
0000000000000000
0000000000000000
0000000000000000
0000000000000000
0000000000000000
0000000000000000
0000000000000000
0000000000000000
0000000000000000
0000000000000000
0000000000000000
0000000000000000
0000000000000000
0000000000000000
0000000000000000
0000000000000000
0000000000000000
0000000000000000
0000000000000000
0000000000000000
0000000000000000
0000000000000000
0000000000000000
0000000000000000
0000000000000000
0000000000000000
0000000000000000
0000000000000000
0000000000000000
0000000000000000
0000000000000000
0000000000000000
0000000000000000
0000000000000000
0000000000000000
0000000000000000
0000000000000000
0000000000000000
0000000000000000
0000008e00000000
0000000000000000
0000000000000000
0000000000000000
0000000000000000
0000000000000000
0000000000000000
0000000000000000
0000000000000000
0000000000000000
0000000000000000
0000000000000000
0000000000000000
0000000000000000
0000000000000000
0000000000000000
0000000000000000
0000000000000000
0000000000000000
0000000000000000
0000000000000000
0000000000000000
0000000000000000
0000000000000000
0000000000000000
0000000000000000
0000000000000000
0000000000000000
0000000000000000
0000000000000000
0000000000000000
0000000000000000
0000000000000000
0000000000000000
0000000000000000
0000000000000000
0000000000000000
0000000000000000
0000000000000000
0000000000000000
0000000000000000
0000000000000000
0000000000000000
0000000000000000
0000000000000000
0000000000000000
0000000000000000
0000000000000000
0000000000000000
0000000000000000
0000000000000000
0000000000000000
0000000000000000
0000000000000000
0000000000000000
0000000000000000
0000000000000000
0000000000000000
0000000000000000
0000000000000000
0000000000000000
0000000000000000
0000000000000000
0000000000000000
0000000000000000
0000000000000000
0000000000000000
0000000000000000
0000000000000000
0000000000000000
0000000000000000
0000000000000000
0000000000000000
0000000000000000
0000000000000000
0000000000000000
0000000000000000
0000000000000000
0000000000000000
0000000000000000
0000000000000000
0000000000000000
0000000000000000
0000000000000000
0000000000000000
0000000000000000
0000000000000000
0000000000000000
0000000000000000
0000000000000000
0000000000000000
0000000000000000
0000000000000000
0000000000000000
0000000000000000
0000000000000000
0000000000000000
0000000000000000
0000000000000000
0000000000000000
0000000000000000
0000000000000000
0000000000000000
0000000000000000
0000000000000000
0000000000000000
0000000000000000
0000000000000000
0000000000000000
0000000000000000
0000000000000000
0000000000000000
0000000000000000
0000000000000000
0000000000000000
0000000000000000
0000000000000000
0000000000000000
0000000000000000
0000000000000000
0000000000000000
0000000000000000
0000000000000000
0000000000000000
0000000000000000
0000000000000000
0000000000000000
0000000000000000
0000000000000000
0000000000000000
0000000000000000
0000000000000000
0000000000000000
0000000000000000
0000000000000000
0000000000000000
0000000000000000
0000000000000000
0000000000000000
0000000000000000
0000000000000000
0000000000000000
0000000000000000
0000000000000000
0000000000000000
0000000000000000
0000000000000000
0000000000000000
0000000000000000
0000000000000000
0000000000000000
0000000000000000
0000000000000000
0000000000000000
0000000000000000
0000000000000000
0000000000000000
0000000000000000
0000000000000000
0000000000000000
0000000000000000
0000000000000000
0000000000000000
0000000000000000
0000000000000000
0000000000000000
0000000000000000
0000000000000000
0000000000000000
0000000000000000
0000000000000000
0000000000000000
0000000000000000
0000000000000000
0000000000000000
0000000000000000
0000000000000000
0000000000000000
0000000000000000
0000000000000000
0000000000000000
0000000000000000
0000000000000000
0000000000000000
0000000000000000
0000000000000000
0000000000000000
0000000000000000
0000000000000000
0000000000000000
0000000000000000
0000000000000000
0000000000000000
0000000000000000
0000000000000000
0000000000000000
0000000000000000
0000000000000000
0000000000000000
0000000000000000
0000000000000000
0000000000000000
0000000000000000
0000000000000000
0000000000000000
0000000000000000
0000000000000000
0000000000000000
0000000000000000
0000000000000000
0000000000000000
0000000000000000
0000000000000000
0000000000000000
0000000000000000
0000000000000000
0000000000000000
0000000000000000
0000000000000000
0000000000000000
0000000000000000
0000000000000000
0000000000000000
0000000000000000
0000000000000000
0000000000000000
0000000000000000
0000000000000000
0000000000000000
0000000000000000
0000000000000000
0000000000000000
0000000000000000
0000000000000000
0000000000000000
0000000000000000
0000000000000000
0000000000000000
0000000000000000
0000000000000000
0000000000000000
0000000000000000
0000000000000000
0000000000000000
0000000000000000
0000000000000000
0000000000000000
0000000000000000
0000000000000000
0000000000000000
0000000000000000
0000000000000000
0000000000000000
0000000000000000
0000000000000000
0000000000000000
00000000ffffffce
0000000000000000
0000000000000000
0000000000000000
0000000000000000
0000000000000000
0000000000000000
0000000000000000
0000000000000000
0000000000000000
0000000000000000
0000000000000000
0000000000000000
0000000000000000
0000000000000000
0000000000000000
0000000000000000
0000000000000000
0000000000000000
0000000000000000
0000000000000000
0000000000000000
0000000000000000
0000000000000000
0000000000000000
0000000000000000
0000000000000000
0000000000000000
0000000000000000
0000000000000000
0000000000000000
0000000000000000
0000000000000000
0000000000000000
0000000000000000
0000000000000000
0000000000000000
0000000000000000
0000000000000000
0000000000000000
0000000000000000
0000000000000000
0000000000000000
0000000000000000
0000000000000000
0000000000000000
0000000000000000
0000000000000000
0000000000000000
0000000000000000
0000000000000000
0000000000000000
0000000000000000
0000000000000000
0000000000000000
0000000000000000
0000000000000000
0000000000000000
0000000000000000
0000000000000000
0000000000000000
0000000000000000
0000000000000000
0000000000000000
0000000000000000
0000000000000000
0000000000000000
0000000000000000
0000000000000000
0000000000000000
0000000000000000
0000000000000000
0000000000000000
0000000000000000
0000000000000000
0000000000000000
0000000000000000
0000000000000000
0000000000000000
0000000000000000
0000000000000000
0000000000000000
0000000000000000
0000000000000000
0000000000000000
0000000000000000
0000000000000000
0000000000000000
0000000000000000
0000000000000000
0000000000000000
0000000000000000
0000000000000000
0000000000000000
0000000000000000
0000000000000000
0000000000000000
0000000000000000
0000000000000000
0000000000000000
0000000000000000
0000000000000000
0000000000000000
0000000000000000
0000000000000000
0000000000000000
0000000000000000
0000000000000000
0000000000000000
0000000000000000
0000000000000000
0000000000000000
0000000000000000
0000000000000000
0000000000000000
0000000000000000
0000000000000000
0000000000000000
0000000000000000
0000000000000000
0000000000000000
0000000000000000
0000000000000000
0000000000000000
0000000000000000
0000000000000000
0000000000000000
0000000000000000
fffffece000000a7
0000000000000000
0000000000000000
0000000000000000
0000000000000000
0000000000000000
0000000000000000
0000000000000000
0000000000000000
0000000000000000
0000000000000000
0000000000000000
0000000000000000
0000000000000000
0000000000000000
0000000000000000
0000000000000000
0000000000000000
0000000000000000
0000000000000000
0000000000000000
0000000000000000
0000000000000000
0000000000000000
0000000000000000
0000000000000000
0000000000000000
0000000000000000
0000000000000000
0000000000000000
0000000000000000
0000000000000000
0000000000000000
0000000000000000
0000000000000000
0000000000000000
0000000000000000
0000000000000000
0000000000000000
0000000000000000
0000000000000000
0000000000000000
0000000000000000
0000000000000000
0000000000000000
0000000000000000
0000000000000000
0000000000000000
0000000000000000
0000000000000000
0000000000000000
0000000000000000
0000000000000000
0000000000000000
0000000000000000
0000000000000000
0000000000000000
0000000000000000
0000000000000000
0000000000000000
0000000000000000
0000000000000000
0000000000000000
0000000000000000
0000000000000000
0000000000000000
0000000000000000
0000000000000000
0000000000000000
0000000000000000
0000000000000000
0000000000000000
0000000000000000
0000000000000000
0000000000000000
0000000000000000
0000000000000000
0000000000000000
0000000000000000
0000000000000000
0000000000000000
0000000000000000
0000000000000000
0000000000000000
0000000000000000
0000000000000000
0000000000000000
0000000000000000
0000000000000000
0000000000000000
0000000000000000
0000000000000000
0000000000000000
0000000000000000
0000000000000000
0000000000000000
0000000000000000
0000000000000000
0000000000000000
0000000000000000
0000000000000000
0000000000000000
0000000000000000
0000000000000000
0000000000000000
0000000000000000
0000000000000000
0000000000000000
0000000000000000
0000000000000000
0000000000000000
0000000000000000
0000000000000000
0000000000000000
0000000000000000
0000000000000000
0000000000000000
0000000000000000
0000000000000000
0000000000000000
0000000000000000
0000000000000000
0000000000000000
0000000000000000
0000000000000000
0000000000000000
0000000000000000
0000000000000000
000000fc00000000
0000000000000000
0000000000000000
0000000000000000
0000000000000000
0000000000000000
0000000000000000
0000000000000000
0000000000000000
0000000000000000
0000000000000000
0000000000000000
0000000000000000
0000000000000000
0000000000000000
0000000000000000
0000000000000000
0000000000000000
0000000000000000
0000000000000000
0000000000000000
0000000000000000
0000000000000000
0000000000000000
0000000000000000
0000000000000000
0000000000000000
0000000000000000
0000000000000000
0000000000000000
0000000000000000
0000000000000000
0000000000000000
0000000000000000
0000000000000000
0000000000000000
0000000000000000
0000000000000000
0000000000000000
0000000000000000
0000000000000000
0000000000000000
0000000000000000
0000000000000000
0000000000000000
0000000000000000
0000000000000000
0000000000000000
0000000000000000
0000000000000000
0000000000000000
0000000000000000
0000000000000000
0000000000000000
0000000000000000
0000000000000000
0000000000000000
0000000000000000
0000000000000000
0000000000000000
0000000000000000
0000000000000000
0000000000000000
0000000000000000
0000000000000000
0000000000000000
0000000000000000
0000000000000000
0000000000000000
0000000000000000
0000000000000000
0000000000000000
0000000000000000
0000000000000000
0000000000000000
0000000000000000
0000000000000000
0000000000000000
0000000000000000
0000000000000000
0000000000000000
0000000000000000
0000000000000000
0000000000000000
0000000000000000
0000000000000000
0000000000000000
0000000000000000
0000000000000000
0000000000000000
0000000000000000
0000000000000000
0000000000000000
0000000000000000
0000000000000000
0000000000000000
0000000000000000
0000000000000000
0000000000000000
0000000000000000
0000000000000000
0000000000000000
0000000000000000
0000000000000000
0000000000000000
0000000000000000
0000000000000000
0000000000000000
0000000000000000
0000000000000000
0000000000000000
0000000000000000
0000000000000000
0000000000000000
0000000000000000
0000000000000000
0000000000000000
0000000000000000
0000000000000000
0000000000000000
0000000000000000
0000000000000000
0000000000000000
0000000000000000
0000000000000000
0000000000000000
0000000000000000
0000000000000000
00000001fffffff6
fffffff6ffffffee
0000001dfffffffa
ffffffe000000007
fffffff1ffffffe9
ffffffe300000003
0000000e00000016
fffffff700000016
0000000efffffff7
0000000c0000000c
00000026fffffffa
0000001600000002
ffffffe3fffffff5
fffffffdfffffffd
0000000b00000015
00000012ffffffff
00000027ffffffed
0000000bfffffff8
00000015fffffff1
fffffff6fffffffe
0000000a0000001a
0000000c00000014
0000000ffffffff4
fffffff6ffffffec
ffffffe500000009
fffffff6ffffffff
00000001ffffffe7
ffffffdfffffffe0
fffffffefffffff2
0000001600000021
00000007fffffff6
ffffffe300000021
fffffffc00000010
00000009ffffffff
0000000b00000006
00000002fffffffa
0000000f00000008
0000001100000022
ffffffe5ffffffe8
fffffffcfffffff4
00000018fffffffe
ffffffff00000009
00000024ffffffe3
fffffff400000009
00000029ffffffeb
0000000700000000
0000001dffffffff
fffffff6fffffff6
0000000efffffffd
fffffffdfffffff7
00000013ffffffef
00000003ffffffea
ffffffeffffffff2
fffffff200000004
00000015ffffffff
fffffffcffffffd5
ffffffeefffffffa
00000008fffffff4
ffffffe20000000c
0000000a0000000f
ffffffff0000000f
00000002fffffff5
fffffffd00000015
fffffffafffffff6
fffffff50266665b
fffffff90000000e
fffffff9ffffffef
0000000900000032
0000000e00000006
ffffffed00000018
0000000affffffe5
00000004fffffff4
fffffffbfffffffe
fffffff000000007
ffffffd400000022
00000002ffffffee
0000000300000000
ffffffef0000001b
ffffffebffffffe9
fffffff8fffffffc
00000027ffffffeb
00000004ffffffe8
ffffffdd00000016
000000040000002a
0000001c00000001
fffffffeffffffe8
0000002effffffef
ffffffe600000003
00000005fffffffa
fffffffd00000017
ffffffff00000009
fffffff800000004
fffffff900000010
ffffffeffffffff9
0000000b00000003
ffffffe100000004
00000020fffffff0
fffffff1fffffff5
000000070000000c
000000040000001a
0000001200000024
ffffffff00000022
ffffffe3fffffff7
fffffff80000000d
0000000bffffffff
0000000d00000000
ffffffefffffffd9
0000000200000017
ffffffe9fffffff9
fffffff9fffffffe
fffffffe00000002
0000000400000019
000000100000000d
00000004fffffffc
00000013fffffffc
0000000d00000005
0000000bfffffff7
0000001400000005
00000019ffffffda
00000019fffffffc
0000001dffffffff
fffffff9fffffff2
ffffffd400000001
fffffff900000014
0000000c00000005
0000001f00000013
ffffffecffffffeb
0000000300000007
00000020ffffffeb
fffffff100000019
fffffff4ffffffe7
fffffffb00000027
00000013ffffffee
fffffff7fffffff5
0000000700000021
ffffffe00000001b
fffffff90000000b
00000006ffffffdd
fffffffeffffffdf
0000000500000015
ffffffd900000025
fffffff400000018
00000012fffffffc
fffffffb00000003
000000230000001b
ffffffedffffffdf
fffffff600000012
ffffffe500000006
fffffffeffffffe6
0000000bfffffff7
00000011fffffff0
00000012fffffffa
fffffffffffffffe
00000007fffffffe
00000004fffffff7
0000000bffffffdf
0000000400000018
fffffffafffffff2
00000009ffffffef
00000011ffffffce
ffffffff00000008
fffffff7fffffffb
0000002200000001
fffffff000000033
ffffffdf00000000
ffffffff00000003
fffffffb00000025
ffffffed0000000f
000000090000001a
ffffffeafffffff7
fffffff400000019
fffffffefffffff9
00000008fffffffc
fffffffb00000020
00000000fffffff2
fffffffbffffffe7
0000001000000007
ffffffff00000008
fffffff1ffffffef
ffffffee00000004
0000000cfffffff2
ffffffeb0000000a
00000005ffffffec
00000008fffffff9
0000000800000004
0000001200000005
ffffffedffffffed
000000210000001f
0000000dffffffe0
ffffffe20000000e
0000001cfffffff8
0000000c00000000
00000007fffffffe
fffffff7fffffff7
ffffffedffffffe8
fffffff10000002a
fffffffcfffffff5
0000000b00000003
ffffffe000000002
fffffffd00000006
0000000e00000014
fffffffeffffffec
fffffff0fffffff6
0000000c00000000
fffffffd00000002
ffffffdb00000010
fffffff5fffffff0
ffffffe6fffffff3
0000000700000013
000000130000001e
fffffff6ffffffee
00000017ffffffff
0000000e00000001
00000003fffffff7
00000003fffffffc
0000000f0000000c
ffffffffffffffe9
0000001affffffd6
ffffffee00000001
000000030000001c
00000018ffffffd5
fffffff5fffffff4
ffffffe8ffffffdd
0000000000000009
00000016fffffff9
ffffffec00000008
0000002d00000006
ffffffee00000007
00000007ffffffed
fffffffefffffff3
0000002400000009
00000010ffffffe4
fffffff80000001d
fffffff5ffffffe6
00000009ffffffe7
ffffffdbffffffe2
ffffffec00000018
0000001300000009
00000008ffffffe2
0000000b00000019
000000160000000b
ffffffea00000014
fffffff600000023
fffffff800000002
000000060000001e
0000000e00000023
0000000700000017
fffffff700000000
ffffffecffffffda
ffffffdbffffffeb
ffffffc800000004
fffffff400000003
fffffffdfffffff9
0000000b00000034
ffffffefffffffd4
0000000500000013
ffffffef00000006
00000009ffffffe1
fffffff900000009
fffffff700000012
0000000900000001
ffffffeffffffff0
0000001bfffffff2
0000001500000000
fffffff0ffffffff
00000003fffffff5
ffffffe5ffffffed
0000001200000002
0000001b00000002
fffffffdfffffff0
0000002500000007
0000000f00000010
0000002c0000000c
000000030000000f
ffffffdf0000000c
fffffffdfffffffe
0000000effffffd8
ffffffff00000002
ffffffe100000000
fffffff300000010
00000026ffffffea
ffffffe4fffffff6
00000009ffffffc7
0000001affffffdc
ffffffe6fffffff7
fffffffefffffff5
ffffffdf00000014
0000001fffffffef
fffffff50000001b
0000000d0000001e
00000003fffffff1
fffffffdfffffff2
fffffff5fffffff9
0000001effffffef
fffffff50000001d
000000160000000b
00000007fffffff1
0000000afffffff3
0000000dffffffd6
ffffffe9fffffff0
00000007fffffff8
0000003400000009
00000000fffffff7
fffffff200000002
00000013fffffff6
fffffffe0000000c
0000000000000001
00000016ffffffff
ffffffefffffffee
fffffffeffffffe6
000000060000000e
0000001100000021
00000013fffffff8
0000001cfffffff0
0000000100000011
fffffffcfffffff0
fffffff1fffffffa
fffffff6fffffffd
ffffffe2ffffffde
0000000600000003
ffffffeafffffff5
fffffffd00000011
00000017ffffffe4
0000000a00000029
00000003ffffffec
0000001cfffffff7
ffffffe40000001f
ffffffeafffffffb
00000009ffffffec
fffffffcffffffef
ffffffe8ffffffec
00000018fffffffb
0000000500000015
0065b80001f5cb33
fffffff6fffffffb
00000006fffffff6
fffffff6ffffffe7
ffffffea00000011
fffffff6ffffffeb
fffffff90000000b
0000000300000016
00000014ffffffea
ffffffdfffffffeb
ffffffffffffffe3
fffffff1fffffff4
00000009ffffffec
0000000efffffffa
000000090000000c
0000000000000000
ffffffd3ffffffe8
000000250000000f
ffffffea0000001a
0000000afffffff8
00000001ffffffe6
00000000fffffff5
fffffff7ffffffec
ffffffe10000002f
ffffffdeffffffed
00000005ffffffe6
0000000000000017
00000008ffffffff
ffffffe900000011
0000000a00000024
fffffffc00000013
0000000b00000010
fffffff4ffffffe8
ffffffeb00000009
ffffffea0000000c
fffffffc00000015
fffffff9ffffffff
ffffffd8fffffff6
00000015ffffffed
fffffffcfffffff0
fffffff90000000d
ffffffeefffffff9
00000015ffffffe0
fffffffb00000026
000000120000000e
ffffffe20000000e
0000001dfffffff0
fffffff800000018
00000008fffffffa
0000000c00000002
0000000800000012
ffffffdd0000000f
fffffff200000014
fffffff40000000d
00000002fffffff2
ffffffdafffffff2
fffffffa00000000
0000000300000015
fffffff10000001c
ffffffe500000019
0000000b00000016
0000002200000004
ffffffeefffffffd
fffffffd00000028
fffffff4fffffff7
ffffffe0fffffffa
0000000bfffffff4
00000017fffffffb
000000110000000c
ffffffee0000001f
0000001affffffea
0000000800000004
fffffff7fffffffc
fffffff1ffffffec
fffffff40000000d
fffffff1fffffff9
0000002200000005
0000000200000006
0000000a00000016
00000012ffffffda
0000000c0000000a
0000002bfffffffa
00000008fffffffd
00000012fffffffe
fffffff20000001d
ffffffe600000007
00000004ffffffeb
0000001bfffffff6
fffffffb00000029
00000001fffffff8
0000001300000006
fffffff8fffffff3
0000000f00000002
00000003ffffffd1
000000100000000b
0000001bffffffff
0000000b00000007
0000001700000005
fffffffb00000011
fffffff300000000
fffffff1ffffffe0
ffffffe200000000
0000002100000003
ffffffdffffffff0
00000002fffffff2
ffffffe10000000b
00000011ffffffe7
fffffffd00000004
0000001000000018
000000060000000b
00000017ffffffef
fffffffb00000019
0000000affffffec
ffffffeb00000007
fffffff3ffffffeb
ffffffeaffffffea
0000000c00000022
0000000effffffed
0000000a00000015
0000000bfffffff7
000000040000000f
fffffffd0000000a
ffffffe40000001b
fffffff7fffffff2
00000003ffffffec
0000001bfffffff2
0000001afffffff9
00000000ffffffe8
fffffff400000000
0000001400000006
fffffffd0000000c
00000002fffffff9
fffffff900000024
0000000c0000000c
00000018fffffffd
00000009ffffffe7
00000018fffffff5
00000008fffffffc
fffffff9fffffffb
fffffff200000020
fffffff4fffffff7
000000000000001d
00000016ffffffdc
00000004fffffff3
0000000dfffffff8
fffffff700000009
ffffffeb00000001
ffffffd9ffffffd9
00000021fffffff5
0000000d00000015
0000000500000011
0000000f00000029
fffffff000000003
ffffffef0000002e
fffffffd00000000
00000004ffffffda
00000004fffffff5
fffffff300000012
fffffffd00000009
fffffff3fffffff7
ffffffea00000007
0000000900000002
0000000900000004
fffffff80000001d
fffffff100000001
ffffffd400000008
ffffffd500000004
ffffffec0000001f
ffffffef00000001
fffffff9fffffff4
ffffffed00000010
ffffffedfffffff4
00000008fffffff6
ffffffc9ffffffeb
0000000fffffffed
0000000300000010
0000000ffffffffd
00000021fffffff4
ffffffff00000011
0000000100000004
0000001c00000028
0000000bfffffff7
0000001200000012
0000000700000001
00000002ffffffe1
fffffffeffffffee
00000004ffffffe0
000000100000000a
fffffffb00000005
0000000000000002
fffffff8fffffff2
ffffffcf0000001c
ffffffe5ffffffef
00000020fffffff9
00000020fffffff4
fffffffffffffffc
0000001bffffffe1
ffffffe5fffffffb
ffffffecffffffef
fffffffffffffff0
0000001b00000030
0000000e00000001
00000004ffffffe2
ffffffeeffffffe7
0000001dfffffff8
fffffff200000017
00000009fffffff7
0000001100000004
0000000fffffffef
0000001c00000003
ffffffd1fffffff6
000000140000000e
fffffff30000000c
fffffffdfffffffc
fffffffa00000013
ffffffe6fffffff6
ffffffeefffffffb
00000020ffffffef
000000150000000b
00000001ffffffed
00000017ffffffe5
0000000600000004
0000000dfffffffe
ffffffe500000008
ffffffdfffffffea
ffffffdc00000012
ffffffeafffffffb
0000001afffffff2
0000001e00000013
0000000f00000001
00000015ffffffff
00000001ffffffe7
00000004fffffff3
fffffff800000008
fffffff900000003
ffffffe7ffffffec
0000001efffffff5
0000000800000003
ffffffe3ffffffef
0000002900000006
fffffff3ffffffee
ffffffe900000003
0000001800000020
ffffffe3fffffff7
fffffff300000012
0000000d00000012
0000000a0000000b
0000000200000000
fffffffc00000013
00000026fffffffe
ffffffe000000001
0000000bffffffef
0000000600000013
00000012fffffff2
00000003ffffffeb
000000170000000e
fffffff9ffffffff
fffffff8ffffffeb
ffffffe50000000a
0000000900000006
fffffffd00000019
00000014fffffff6
00000016ffffffe3
0000001ffffffff3
0000001dfffffff9
00000012fffffff3
fffffffa00000018
0000000bffffffda
ffffffefffffffff
0000001900000006
fffffffdffffffcf
00000009fffffff9
00000000fffffff8
ffffffecffffffd3
ffffffd6ffffffed
0000001500000002
fffffff4ffffffef
ffffffeb00000000
fffffff1fffffffa
0000000ffffffffc
ffffffe6ffffffec
fffffff600000000
ffffffe200000000
fffffff0fffffffa
000000060000000b
fffffff100000002
0000000bfffffff3
0000000800000014
ffffffe7ffffffdc
ffffffe300000006
fffffffcffffffe1
000000150000000a
0000002000000013
fffffff000000010
0000000afffffffb
fffffff3fffffff6
ffffffddfffffff8
fffffff50000000e
0000000300000000
fffffff200000029
fffffff5ffffffea
0000000d00000007
0000002400000016
fffffff300000002
0000000000000001
0000001b0000000e
fffffff500000000
fffffff9fffffff6
ffffffecffffffe7
fffffff20000002a
0000000efffffffc
ffffffed00000016
fffffff100000030
fffffffbffffffea
fffffffa0000000c
000000180000000c
0000000400000009
ffffffe300000025
00000018ffffffe7
ffffffeaffffffff
ffffffe600000008
00000006fffffff8
00000014fffffff3
0000000100000004
fffffffdfffffff4
0000000f00000007
ffffffebfffffffa
fffffff9fffffff0
fffffffdfffffff3
fffffff70000001c
00000001fffffff8
fffffffa00000004
fffffffafffffffd
0000000100000025
ffffffedfffffffc
fffffff6fffffffe
ffffffeeffffffef
0000001100000000
fffffffc0000000f
ffffffe800000022
ffffffe8fffffffe
0000002a00000005
fffffff9ffffffeb
00000001ffffffdf
fffffffc00000013
fffffff8fffffff8
fffffff300000001
ffffffff00000004
00000021ffffffe7
0000000a00000025
fffffff4fffffffd
ffffffe700000020
00000008ffffffdd
ffffffe20000000d
fffffff5fffffffd
00000002fffffffa
00000013fffffffa
ffffffdc0000001c
0000000300000008
fffffffc00000014
0000001900000001
fffffff7fffffff4
fffffffdfffffff9
ffffffee0000000a
00000005ffffffec
fffffff3ffffffef
00000008fffffffa
fffffff3fffffff9
0000000f00000006
ffffffe900000005
ffffffff0000000c
0000001afffffff3
00000011fffffff3
fffffff600000002
fffffff5fffffffa
ffffffedffffffe5
ffffffe400000014
0000000a0000001f
0000000c0000000b
fffffff1ffffffe0
ffffffe10000000a
fffffffcfffffff0
fffffff3ffffffea
fffffffefffffffc
0000000300000020
00000008fffffff9
0000000efffffff4
00000002ffffffe3
0000001d00000000
ffffffeb00000025
0000000b00000005
00000010fffffffc
0000001700000006
fffffffcffffffe6
ffffffea00000009
fffffff4ffffffeb
fffffffc0000000d
fffffffeffffffd8
ffffffebfffffff0
000000180000000d
00000029fffffffa
fffffff6fffffff7
ffffffeb00000008
000000140000001a
fffffffa00000005
00000005fffffff3
0000000fffffffff
fffffffcfffffffa
000000140000001e
0000001800000000
fffffffdfffffff8
0000000800000017
00000019ffffffed
fffffffb0000000e
0000000c00000008
0000001500000013
000000300000000b
ffffffe800000005
ffffffe300000013
00000018fffffff5
ffffffdfffffffed
ffffffe700000003
ffffffe2fffffffb
ffffffe7fffffff9
0000001d00000017
000000150000002b
00000000fffffff1
ffffffeffffffff9
fffffffefffffffa
fffffff700000012
fffffff800000009
fffffff6ffffffff
0000001700000001
00000002ffffffee
fffffffb00000005
fffffff000000008
000000020000001b
fffffffe00000001
fffffff200000023
00000011ffffffff
0000000300000026
ffffffd8ffffffff
fffffffe00000009
0000001afffffff9
fffffffa00000003
ffffffeffffffff8
fffffff80000001b
000000030000000d
ffffffef00000027
ffffffe8fffffff1
00000012fffffff5
000000030000000c
ffffffe500000030
00000000fffffff7
fffffffb00000013
fffffff50000001b
ffffffd9ffffffd8
00000011ffffffdd
0000000d00000015
fffffff3ffffffe1
00000002ffffffd9
ffffffff00000003
0000001600000007
fffffffdfffffffc
fffffff700000005
ffffffef0000000d
fffffff00000000d
0000002c0000000e
fffffffcfffffffc
000000280000000e
ffffffe400000001
0000001cfffffffc
fffffff100000002
0000002700000006
ffffffff00000002
fffffffdfffffff1
fffffff4ffffffe2
fffffff7fffffff2
00000002ffffffe8
0000001200000015
fffffffa0000001a
0000000afffffffc
0000000fffffffe5
ffffffeffffffffb
0000000afffffffa
fffffff7ffffffd6
00000017ffffffe8
ffffffc6fffffff8
00000019fffffff7
fffffff1fffffff3
0000001900000023
fffffffeffffffe9
0000000affffffe0
0000001bfffffff5
fffffffc00000019
fffffff9ffffffff
00000007fffffffe
ffffffe7fffffff8
ffffffdb00000013
0000000a00000013
fffffffb00000022
0000000c0000000a
fffffff0ffffffd4
fffffff3ffffffe4
00000027ffffffd3
00000007ffffffef
0000000bfffffff6
00000005fffffffe
ffffffebffffffe3
fffffff700000007
fffffffeffffffee
0000000effffffff
00000005fffffffc
00000007fffffffd
fffffff70000000f
ffffffecffffffee
00000012ffffffec
000000020000000d
00000000ffffffea
0000000efffffffa
00000010ffffffe0
00000015fffffffa
fffffff400000033
ffffffeffffffff8
ffffffea00000028
fffffff0ffffffed
fffffff400000029
00000014ffffffe1
ffffffe100000002
fffffffffffffff1
ffffffebfffffffb
fffffff80000000d
0000001000000004
00000015fffffff2
0000001bfffffffb
ffffffdd00000020
0000002c00000008
ffffffe30000000d
fffffffd00000005
fffffff3ffffffec
00000006fffffffa
ffffffdffffffffd
0000001200000012
fffffffeffffffff
000000330000000d
0000000efffffffc
fffffffcfffffff8
ffffffe500000007
ffffffe900000002
fffffff1fffffff0
0000002dfffffffd
ffffffe30000000d
fffffff6fffffffb
ffffffdf0000000b
fffffffcfffffffc
00000010fffffff0
000000120000000f
000000010000000b
ffffffee0000000f
0000001a0000000a
fffffff40000000d
0000000c00000020
fffffff0ffffffe6
00000004fffffff7
fffffff8ffffffe7
000000060000000d
ffffffd500000006
fffffff3ffffffe8
0000001f0000000c
fffffff900000002
0000000a0000000c
0000000b00000007
0000000dffffffff
00000008ffffffed
fffffffbfffffffd
ffffffefffffffdf
00000018fffffff6
000000380000001a
00000002fffffffc
00000000ffffffec
ffffffe800000002
ffffffe90000001e
00000007ffffffee
000000090000000c
000000120000000a
ffffffe0ffffffd5
000000000000002c
0000000100000002
00000000fffffff0
00000008ffffffe8
fffffffe00000005
00000020ffffffdf
fffffff8ffffffe9
0000001a0000000c
0000000400000009
0000000700000015
0000001f0000000a
ffffffedfffffffe
00000009ffffffef
fffffff500000005
fffffff3fffffffd
fffffffa00000007
fffffff900000001
ffffffd200000009
ffffffd3fffffffc
00000006ffffffe8
fffffff0fffffff7
fffffff5ffffffe6
0000000affffffe7
ffffffc5ffffffe0
ffffffee0000000b
fffffff500000010
ffffffe5ffffffee
00000020ffffffe8
0000000400000008
0000002500000024
00000000fffffff4
fffffff2fffffffc
ffffffdcfffffff5
0000000afffffff8
0000000900000022
fffffff80000000b
fffffff3fffffff8
0000000c00000017
0000001bffffffff
0000000500000020
fffffff300000002
0000000600000003
ffffffe1ffffffd7
000000070000002e
0000000400000014
0000000dfffffff3
0000000700000000
0000000900000013
0000000d00000008
fffffff200000015
0000002affffffe2
ffffffeffffffff4
00000009fffffff5
00000016ffffffe3
0000003700000000
ffffffef0000000c
fffffff0fffffff6
fffffff7fffffffd
ffffffff00000005
fffffff7fffffffe
0000002200000017
0000003300000008
ffffffdefffffff9
ffffffeb00000004
00000006ffffffe6
ffffffecfffffff1
fffffff9fffffff5
fffffff6fffffffb
0000000300000013
ffffffdb0000000d
0000000c0000000c
ffffffe0ffffffea
fffffff8fffffff1
0000000cfffffff0
fffffff7fffffff5
0000000efffffff9
0000001affffffd3
000000210000000c
ffffffef0000001c
ffffffec0000000c
fffffff200000015
00000009fffffffc
ffffffc9fffffffa
fffffff5fffffff4
00000009fffffff9
ffffffeafffffff4
ffffffd8fffffffe
ffffffe9fffffffb
fffffff1ffffffde
ffffffe2ffffffde
fffffff1fffffff4
0000002c0000000d
0000000100000017
0000000ffffffff9
ffffffeaffffffe7
fffffffa0000000e
fffffffcfffffff5
fffffff5fffffffa
0000000100000006
00000004fffffff7
ffffffff00000000
fffffff7ffffffed
fffffff3fffffff6
ffffffe20000001b
0000000efffffffc
ff607e9001794417
000000120000001e
ffffffe600000013
ffffffe900000008
ffffffefffffffdb
0000000c00000002
ffffffffffffffdb
00000008fffffffb
fffffff2ffffffe1
00000017ffffffef
00000000fffffff0
0000000c00000002
fffffff6fffffff6
00000001ffffffd7
0000001100000007
fffffff8ffffffe7
0000000b00000005
fffffff90000002a
00000001ffffffff
fffffff3fffffff7
fffffffa0000001a
ffffffeaffffffec
00000002ffffffeb
fffffffffffffffb
ffffffbfffffffe5
0000000bffffffec
0000000ffffffff7
fffffffb00000004
fffffffaffffffe8
0000000fffffffee
ffffffe2fffffff9
fffffff7fffffff3
ffffffec00000004
00000014fffffffa
00000048fffffffb
00000006fffffff0
ffffffe1fffffffc
fffffff1fffffff0
00000005ffffffe4
fffffff900000001
ffffffe6fffffffe
fffffffdffffffc3
00000010ffffffe5
0000000800000003
fffffff2fffffffa
fffffff1ffffffbe
fffffff5fffffffd
0000000f00000017
ffffffff0000000c
ffffffecffffffee
00000008fffffffa
0000000dffffffee
fffffffcfffffff1
0000000e00000002
00000003ffffffff
000000120000000d
00000016ffffffea
fffffff80000001c
ffffffd0fffffffa
fffffff90000000a
fffffff400000000
00000026ffffffed
0000000100000019
ffffffe60000000a
fffffffdffffffeb
fffffff400000017
000000030000000b
00000009fffffffc
0000000100000017
0000000bfffffffe
ffffffeefffffff7
0000000e00000004
ffffffec00000001
fffffff900000002
0000001d00000007
00000016fffffff2
000000140000000b
ffffffff00000037
ffffffd5fffffffd
0000001900000009
ffffffee00000006
ffffffd400000012
fffffffcfffffff7
0000000700000015
0000001effffffdb
ffffffe400000000
fffffff700000002
0000001d00000000
fffffff9ffffffee
00000026fffffffa
ffffffebffffffeb
ffffffff00000015
ffffffde00000007
000000030000001d
ffffffeb0000000b
00000008ffffffdf
00000012fffffff2
fffffff60000000c
fffffff800000009
0000000f0000000f
0000000a00000032
fffffff2ffffffe9
fffffffc00000008
fffffffafffffff9
000000010000001d
fffffff5ffffffe2
0000000fffffffe7
ffffffef00000004
fffffff4fffffffc
00000010ffffffff
ffffffe500000019
ffffffeaffffffeb
00000000ffffffe5
000000130000001f
fffffff6ffffffff
0000000d00000007
fffffff300000001
0000001ffffffff6
0000000b0000001a
fffffff4fffffffb
ffffffcbffffffd5
0000001500000000
fffffffcffffffe7
00000006ffffffff
fffffffefffffff1
0000000bffffffcd
ffffffea0000000f
ffffffe60000000e
fffffff9fffffff2
00000004ffffffea
ffffffef00000000
fffffff100000011
00000001fffffffc
00000002fffffff6
0000000cfffffffc
fffffff6ffffffe7
ffffffdf00000013
fffffffe0000000b
ffffffeefffffff1
00000013fffffffd
0000000600000016
000000240000000a
ffffffe3fffffff7
fffffff400000008
00000015fffffff9
fffffff500000011
ffffffee00000026
0000000000000031
000000230000000f
0000002cfffffff6
ffffffe8ffffffff
0000001ffffffff1
fffffff900000008
00000002fffffff5
0000000600000007
00000007fffffff3
0000000700000001
0000000d00000001
00000021fffffff9
fffffff700000004
00000015fffffffe
0000000dffffffdb
0000000d00000002
ffffffeffffffff0
fffffff4fffffffb
fffffff7fffffff1
00000001fffffff9
0000000b0000001f
fffffffdfffffffc
0000001b00000012
ffffffc3ffffffea
ffffffec00000013
ffffffee0000000c
ffffffdffffffff0
fffffffb00000021
fffffff400000012
00000003fffffff0
0000001a00000017
00000021ffffffe3
0000000f00000005
ffffffe00000001c
ffffffcbfffffff6
0000002700000000
00000012ffffffc9
fffffffe00000012
ffffffe7fffffffc
ffffffda00000010
ffffffe100000017
0000002700000004
fffffffc00000000
ffffffdafffffffe
ffffffec00000004
0000000afffffffb
fffffff40000001e
0000001dfffffffe
0000000d00000016
000000110000000e
fffffff5fffffff7
fffffffafffffff8
ffffffea00000005
fffffffbffffffe5
fffffff0fffffffc
0000000600000006
0000000e0000001e
0000000000000017
ffffffffffffffda
fffffffbfffffff6
ffffffff00000000
0000002000000008
00000006ffffffef
000000230000000d
0000000f0000000b
0000002100000032
ffffffe700000001
00000004fffffff3
fffffffd00000026
0000002400000000
0000000f00000001
fffffffefffffff1
fffffffc0000000d
fffffffb00000010
fffffffdffffffce
ffffffdf00000016
fffffffeffffffdd
00000013ffffffe4
0000001effffffcc
0000000b00000024
ffffffdf00000012
ffffffc1ffffffef
0000001000000027
ffffffeb00000024
fffffffefffffff2
00000009ffffffd8
00000034fffffff1
fffffffb00000015
fffffff50000001c
00000023fffffff9
0000001b0000000d
0000000afffffff2
00000013ffffffd9
000000040000001b
0000000e0000000e
ffffffee0000000b
00000002fffffff0
0000001bffffffff
0000001afffffff5
0000000e00000014
00000006ffffffff
fffffffe00000022
ffffffff00000003
fffffffc00000002
fffffff50000000a
ffffffddfffffff9
fffffffd0000002c
0000002200000011
ffffffe8ffffffe6
fffffff8ffffffed
ffffffea00000004
ffffffe4fffffff0
00000004fffffffd
0000002300000009
ffffffe800000007
00000015fffffffa
00000006ffffffe5
00000008fffffffd
0000000300000015
00000012fffffff6
0000000200000018
ffffffeefffffffb
ffffffed00000024
ffffffeefffffff4
0000000900000002
ffffffeefffffff2
0000001200000006
0000000effffffeb
ffffffef00000016
000000150000001f
ffffffee00000011
fffffff5ffffffbc
fffffffe00000003
0000001100000023
ffffffe1fffffff7
00000007fffffffb
0000001400000028
00000006ffffffe5
0000000e00000019
00000000fffffff7
0000000400000006
ffffffed00000001
ffffffeb0000000c
ffffffe700000027
0000001600000009
fffffffe00000010
fffffffa0000001b
0000000fffffffff
0000000bfffffffc
fffffff3ffffffe3
fffffffb00000038
fffffffbffffffec
0000001b00000004
fffffff100000012
fffffffe00000011
ffffffe900000008
0000001e00000016
fffffff9fffffffc
00000011fffffffb
0000001dfffffffa
00000029fffffff6
ffffffff0000000e
0000001f0000000b
fffffff000000002
0000002100000023
00000005ffffffea
0000000900000005
fffffff7fffffffd
00000000fffffff4
0000000400000013
ffffffed0000000a
00000006fffffffa
ffffffebfffffff4
00000005ffffffee
ffffffdb00000003
fffffff2fffffff9
ffffffe6ffffffed
00000008fffffffb
0000000300000008
ffffffdcffffffed
00000011fffffff8
fffffff0fffffff1
fffffffe00000003
ffffffe90000000d
0000000900000006
0000002000000014
00000001fffffff2
0000001800000023
fffffffcffffffea
ffffffed00000018
ffffffec00000015
fffffff700000010
0000000a00000012
0000002300000016
ffffffeefffffffc
0000000a00000006
0000000500000007
00000010fffffffd
0000000900000014
00000010fffffffa
fffffff4fffffff9
00000003ffffffe3
fffffff600000021
00000021fffffff1
fffffff900000003
0000000c0000001c
fffffff700000006
0000001700000004
00000011fffffff2
ffffffcb00000009
00000011ffffffe2
0000001100000006
00000000fffffffd
00000024fffffff9
fffffffbfffffff1
00000022ffffffea
0000001200000013
0000000cffffffe9
0000000200000010
ffffffecffffffee
fffffff000000012
ffffffe100000014
0000000000000012
0000000bffffffeb
000000020000001e
0000001affffffd6
fffffff80000001c
fffffff5ffffffde
0000000900000000
fffffff1ffffffee
fffffffcfffffff2
fffffff800000000
fffffff3ffffffd4
0000001bffffffe7
0000000300000017
ffffffe800000012
ffffffe4ffffffec
fffffff70000000b
fffffff60000000e
ffffffe8ffffffeb
0000003000000014
0000001e00000008
0000001e00000000
fffffff7ffffffeb
fffffff7fffffff0
00000027ffffffeb
0000001a0000001d
fffffffffffffff3
fffffff80000001b
fffffff9ffffffc8
0000002700000004
0000001d00000013
000000090000000a
0000001800000002
fffffffffffffffa
ffffffe400000005
ffffffee00000010
fffffff4fffffff6
ffffffe600000015
0000001800000013
00000009ffffffe0
ffffffeafffffff6
fffffff50000000a
fffffffa00000008
fffffff7ffffffef
fffffffafffffffc
0000000fffffffd5
0000001b00000000
0000001000000011
0000001c00000018
ffffffd800000015
ffffffd50000000c
fffffff5fffffff4
0000001b00000006
00000023fffffffb
000000060000000d
ffffffed0000000a
fffffff100000016
0000000700000000
ffffffeefffffffe
0000000200000009
fffffff300000023
ffffffec00000020
ffffffde00000002
ffffffe4ffffffec
ffffffe200000017
fffffff9ffffffe6
0000001cfffffffc
ffffffe90000001d
00000018fffffff7
0000000100000005
0000000d00000015
fffffff7fffffff9
0000000affffffff
fffffff4fffffff6
fffffffa00000003
ffffffffffffffcd
00000001ffffffed
ffffffe600000024
0000000900000005
fffffff800000002
0000000f0000000b
0000001000000014
0000001400000015
00000015ffffffda
fffffffc0000000e
ffffffeefffffffb
0000000bfffffff6
0000000ffffffff0
ffffffcc0000001d
fffffff7fffffffc
ffffffeb0000000e
ffffffde00000015
fffffff4ffffffe2
0000001affffffe2
ffffffe800000014
0000002400000007
0000000100000026
ffffffe8ffffffef
fffffffd0000000d
fffffff400000003
ffffffe3ffffffeb
0000002100000008
0000000b00000019
0000001c00000006
ffffffcefffffff2
0000000500000004
00000006fffffff7
fffffff10000000f
0000000bfffffff0
0000001fffffffe8
00000001ffffffe9
fffffff0fffffff8
0000000f00000021
ffffffeeffffffe6
fffffff9ffffffe7
fffffff1fffffff3
fffffff8ffffffea
0000000400000015
00000009ffffffe0
00000008fffffff9
fffffff50000001b
ffffffeb00000012
000000130000000c
fffffff8fffffff2
0000000700000011
0000002e0000000f
fffffffcfffffffd
0000002b00000012
ffffffd7ffffffe8
fffffff900000029
00000011fffffffd
0000002d00000006
00000015fffffffa
0000000cffffffee
0000001000000011
fffffff8fffffff7
fffffff5ffffffe8
0000000b00000003
0000001d00000025
ffffffe4ffffffee
00000009ffffffe4
ffffffeefffffff6
fffffff80000002d
ffffffffffffffed
ffffffe800000003
fffffffa00000000
ffffffd90000000f
000000140000000a
00000005fffffffb
fffffffaffffffef
fffffffffffffff9
0000000000000006
00000009ffffffe9
0000001200000012
0000001e00000006
0000001c00000000
0000000dfffffffc
fffffff9ffffffcd
fffffffbfffffffc
fffffff900000001
fffffffcffffffd3
ffffffeafffffff4
000000010000000b
fffffff000000005
ffffffec0000001b
ffffffde00000005
fffffff700000006
fffffff3ffffffdf
00000003ffffffdc
00000016fffffff3
fffffffdfffffffa
fffffffafffffff0
0000000afffffff9
ffffffe30000001b
fffffffdffffffe8
fffffffe00000005
00000018fffffffe
fffffff1ffffffde
fffffffa00000017
0000001500000028
ffffffe5fffffff3
fffffffc0000000d
fffffffeffffffe9
fffffff0ffffffee
000000130000000f
ffffffe1ffffffeb
fffffff3fffffff9
000000030000001e
fffffffffffffff2
00000003ffffffea
fffffffc00000028
ffffffec00000003
fffffff00000001e
00000006fffffff5
00000006fffffff8
ffffffee0000000a
ffffffed00000003
fffffff3fffffffa
fffffffafffffffc
fffffffe00000000
ffffffe400000003
ffffffe100000006
ffffffdd00000002
0000000dffffffe5
fffffff1ffffffe4
0000000f0000002c
fffffff50000001f
fffffff60000001e
fffffff100000003
fffffff0ffffffef
fffffffafffffffb
00000006fffffff5
0000000bffffffff
00000028ffffffef
0000000b00000003
00000003fffffff4
0000001900000011
fffffff900000020
ffffffff00000015
00000023fffffff1
fffffffafffffff5
ffffffd3ffffffeb
fffffff700000000
00000003fffffff2
fffffffbfffffffe
0000000100000023
fffffffe0000000e
0000001400000003
ffffffd800000002
ffffffe5fffffff1
0000000500000014
fffffffa0000000c
00000013fffffff8
0000001efffffff4
0000001600000011
00000014fffffffe
ffffffd3ffffffe5
ffffffe40000000a
000000190000001a
ffffffe3ffffffe8
ffffffee00000015
0000000afffffff3
ffffffd6ffffffe7
000000050000000e
00000012fffffffd
ffffffec0000001c
ffffffef00000005
00000007fffffff3
0000000000000002
fffffffeffffffff
00000014fffffff5
0000000dffffffe5
0000000900000001
ffffffd000000009
ffffffeb00000016
00000016fffffffb
00000001fffffff6
ffffffdaffffffd9
fffffff600000002
fffffffdfffffffa
fffffffcffffffd3
fffffffefffffffb
fffffff1ffffffd6
fffffff6fffffff3
00000011fffffff8
000000030000000e
ffffffec00000008
fffffff4fffffffa
fffffff90000000c
fffffff700000012
ffffffe500000022
0000001dfffffffa
ffffffe4ffffffed
000000040000000f
fffffff0fffffffa
0000000a00000002
0000000500000000
0000002700000010
ffffffefffffffee
ffffffffffffffe7
0000000efffffff2
0000000c0000001b
fffffffa00000000
ffffffedffffffe4
0000000c0000002b
ffffffda00000022
00000017fffffff7
fffffff8fffffff7
0000000600000013
ffffffe6fffffffb
00000017fffffff3
00000004ffffffed
ffffffe500000006
0000001200000000
ffffffda00000019
000000090000001e
00000001ffffffe9
0000001b00000022
fffffffa0000001c
00000002ffffffe9
00000025ffffffed
ffffffec00000019
00000000ffffffdf
ffffffe200000029
000000030000000f
fffffff600000032
ffffffe500000000
ffffffd9fffffff7
fffffff700000025
00000013ffffffec
fffffff4fffffff4
fffffff5ffffffe9
000000050000000c
ffffffcdfffffff9
0000000bfffffff2
0000000a00000007
fffffffe00000007
fffffff0ffffffed
fffffff6ffffffeb
0000001200000000
fffffff4ffffffe8
fffffff600000007
0000002800000016
fffffff900000016
fffffff0fffffffa
0000001600000008
fffffff70000000c
0000001400000008
ffffffde0000000a
00000008fffffff5
fffffff8fffffffe
0000000000000002
0000002e00000002
fffffff4ffffffdb
0000001d0000000b
fffffff4ffffffe7
00000021ffffffde
000000020000000a
fffffffb0000001b
0000001f00000004
0000000700000003
fffffffefffffff6
ffffffd300000002
000000110000000c
00000001ffffffee
ffffffdcffffffe7
00000026fffffff6
0000000600000021
fffffff8ffffffec
000000270000002e
00000000fffffff9
fffffff4fffffff0
00000000fffffff3
fffffffe0000000b
0000000000000002
fffffff5fffffff7
0000000c00000008
fffffffefffffffd
0000000a00000008
ffffffe00000000d
ffffffd4ffffffef
000000020000000d
0000001300000001
ffffffe600000017
000000030000001c
0000002ffffffffc
ffffffefffffffd6
0000000ffffffff6
000000160000001e
0000000bfffffffa
0000001200000002
00000011fffffffd
00000018ffffffe6
fffffffb0000000b
0000001400000000
fffffffefffffff1
ffffffef00000010
ffffffeffffffffb
fffffffcfffffff5
ffffffe9fffffff5
fffffff8ffffffe2
0000000b0000000c
ffffffed00000006
ffffffe300000015
fffffffe00000019
00000003fffffff7
fffffff4fffffffe
000000010000000e
00000000ffffffe0
0000000200000016
fffffff4fffffff6
0000000300000010
fffffff300000013
ffffffe6fffffffe
fffffff4fffffff7
0000001bfffffff6
00000005fffffff2
ffffffdeffffffe8
0000001200000020
0000001e0000000c
fffffffd0000000b
000000110000001c
00000006fffffffb
fffffff6fffffff1
0000000bfffffff5
fffffffa00000009
ffffffec0000000f
0000000100000002
00000000ffffffeb
00000007ffffffd8
fffffff100000012
fffffffd0000000c
ffffffe900000015
000000170000000d
ffffffff00000026
ffffffeb0000000e
00000006ffffffff
ffffffeb0000001c
0000000a00000013
fffffffc0000000a
00000011fffffff9
fffffff900000006
00000008fffffff0
00000000ffffffec
0000001cfffffffe
fffffffbffffffde
ffffffff0000001d
ffffffea0000001d
000000000000001d
fffffffd00000009
ffffffcdfffffff1
ffffffee00000003
ffffffe6ffffffee
ffffffdffffffff7
0000000900000009
00000003ffffffee
00000006ffffffea
ffffffe5fffffff2
0000002b00000006
ffffffefffffffea
0000000ffffffff9
0000000d00000005
0000001300000012
fffffffe00000002
fffffff100000010
fffffffc00000002
ffffffed00000001
fffffff60000000c
0000000100000015
0000001100000001
0000002400000017
fffffffc0000000f
fffffff8fffffffe
00000007fffffff7
0000003bfffffff3
0000000500000007
0000001500000020
00000017fffffffb
fffffffaffffffda
0000000500000000
fffffff400000000
ffffffffffffffd8
0000000b00000018
00000019fffffffb
fffffff50000000e
fffffff00000000d
000000110000000d
00000019fffffff5
fffffff4ffffffed
00000019ffffffdf
0000000c0000000c
0000000c00000007
000000020000001d
fffffffefffffffa
0000000a00000014
00000013fffffff3
fffffff800000019
fffffff000000025
00000003ffffffe7
ffffffdfffffffe3
00000013ffffffff
00000002ffffffec
00000020fffffff5
ffffffe9fffffff7
fffffff6fffffff8
fffffff100000013
fffffffa00000013
fffffff400000007
fffffffafffffffd
fffffffd00000005
fffffff4ffffffef
00000002ffffffd1
0000000dffffffec
fffffff20000000b
fffffff7fffffff1
0000000500000015
fffffffbffffffe0
00000010ffffffe0
ffffffe6fffffff7
fffffff600000000
0000000bfffffff6
000000170000002d
ffffffd900000003
fffffffe0000001c
fffffffeffffffeb
0000001c00000006
000000280000001c
fffffff2fffffffa
ffffffd400000027
fffffff3ffffffef
fffffff70000000b
fffffff4fffffffc
ffffffef00000003
fffffffcfffffff7
00000008ffffffef
fffffffa00000000
0000001dfffffffb
0000000900000006
00000004fffffffa
0000000100000009
ffffffe5fffffffd
fffffff800000003
ffffffde00000022
fffffff50000001c
0000000700000001
fffffff7fffffff6
0000000b00000019
ffffffeaffffffe4
000000090000000e
00000003fffffffc
ffffffeefffffff3
0000001100000002
ffffffc80000000f
fffffff7fffffffa
ffffffecfffffffd
00000014ffffffda
0000001400000020
000000010000000d
00000021fffffffa
00000005ffffffe3
fffffff70000001b
0000000000000008
000000120000000e
00000010fffffff4
0000001efffffffe
fffffff80000000a
0000000b00000018
ffffffeb00000002
00000004fffffffd
ffffffe7fffffff9
ffffffe10000000e
0000000000000008
0000000700000008
fffffff1fffffff7
00000014fffffffa
fffffffb0000000a
0000000100000032
0000000500000018
ffffffea0000000a
ffffffe8fffffffb
fffffffafffffffa
fffffff000000015
00000008ffffffeb
0000000bfffffff9
fffffffd00000023
00000023fffffffb
00000004ffffffe9
00000024ffffffec
fffffffcffffffed
ffffffde00000003
fffffffb0000001f
000000030000000c
000000010000003a
000000120000000b
0000000e00000007
fffffffc0000000f
ffffffe50000001e
0000000e00000009
0000000800000010
00000025fffffff5
ffffffd900000016
fffffffa00000000
0000000c00000006
fffffff10000000a
ffffffe600000022
00000001fffffffa
ffffffeefffffffb
fffffffbffffffe8
fffffffcfffffffd
ffffffef0000001b
000000150000000e
fffffff800000019
00000003ffffffe6
ffffffe8fffffffe
00000012fffffff5
fffffff600000000
fffffffafffffff4
ffffffe800000009
000000050000000d
fffffff900000010
00000034ffffffff
fffffffd0000000f
ffffffe70000000a
ffffffe0fffffff0
ffffffeeffffffdf
0000000a0000001d
0000000b00000008
ffffffdb00000005
0000000300000007
0000000300000017
fffffff8fffffffd
00000004fffffff1
fffffff3fffffff4
fffffffbfffffffc
ffffffe7ffffffe8
00000009ffffffff
fffffff900000020
fffffff1fffffffd
0000000c00000001
fffffff400000010
fffffffc00000028
fffffffffffffff5
ffffffff00000011
00000002fffffff1
0000000600000006
ffffffd800000006
00000000fffffff1
ffffffecfffffff9
0000001c00000009
00000004fffffffd
ffffffe2ffffffec
fffffff000000015
ffffffeeffffffef
0000000900000002
fffffff400000007
fffffff100000013
0000001200000018
ffffffe100000023
00000001ffffffed
00000018fffffff3
fffffffafffffffe
00000024ffffffff
ffffffe10000000a
00000012ffffffee
000000240000000a
0000002700000010
00000028ffffffc4
ffffffffffffffea
fffffff200000001
0000000bffffffd2
ffffffd0fffffff3
0000000700000002
ffffffe100000007
fffffff6fffffff5
ffffffb60000000f
0000000600000006
ffffffd70000000a
ffffffe20000001a
fffffffdffffffe0
ffffffdcfffffff9
fffffff100000025
000000090000000f
ffffffdcffffffea
000000210000000e
fffffffe0000000b
00000014ffffffea
ffffffeefffffffa
0000001efffffff6
000000010000000d
00000003fffffff3
0000000900000013
0000000c00000005
0000002100000017
fffffff300000000
fffffff7fffffff7
0000001cfffffffa
ffffffee0000000a
0000001200000016
ffffffdffffffff2
fffffff8fffffffc
00000003fffffff7
ffffffe600000021
fffffff900000027
ffffffff00000008
00000008ffffffe4
fffffff0ffffffe1
ffffffe100000012
fffffffdffffffe3
0000000cfffffff0
fffffffdffffffed
00000019fffffff6
0000000afffffff2
0000000100000016
00000003ffffffec
fffffff300000022
0000000400000012
ffffffe20000000c
0000000b0000001d
ffffffdaffffffe5
00000018ffffffed
fffffffbfffffff7
0000001bffffffe8
0000000d00000003
fffffff8fffffffa
ffffffe8ffffffed
fffffff700000027
0000000300000015
ffffffed00000000
ffffffe3ffffffe8
00000012fffffff4
ffffffe500000007
00000004ffffffe1
00000004ffffffec
ffffffea0000001e
ffffffeafffffff4
0000000600000009
0000000700000005
0000003600000009
fffffffffffffff7
0000000c0000001c
ffffffebffffffe9
ffffffebffffffe2
00000007ffffffd9
fffffff50000000a
fffffff6ffffffe8
00000017fffffffe
fffffff4ffffffdf
00000004ffffffe4
00000019fffffff6
ffffffdcfffffff5
fffffffcfffffff8
00000002fffffff2
ffffffe900000000
0000002ffffffffb
00000023fffffff5
0000000affffffe0
0000000300000009
00000008fffffff4
00000003ffffffe6
ffffffe6fffffff2
ffffffe4fffffff9
0000001600000000
0000001efffffff1
00000010ffffffe3
0000000f00000028
0000002100000021
0000002dfffffffb
0000000cffffffe2
ffffffffffffffe4
00000001fffffff7
fffffffb0000001f
ffffffeffffffff4
fffffff20000000a
fffffffdffffffef
0000000f0000000e
0000000600000002
000000100000001a
fffffffb00000008
0000001300000025
fffffffafffffff3
fffffffbfffffff3
0000000b00000002
fffffffdffffffeb
0000002afffffff9
ffffffe7fffffff9
fffffff7fffffffe
fffffff200000008
00000014fffffff9
0000000c00000005
0000001a00000008
00000001fffffff4
00000007ffffffeb
ffffffe5fffffff1
00000006ffffffed
ffffffff00000014
0000000b0000001c
000000010000002f
ffffffebfffffff4
fffffff8fffffff5
0000000700000020
fffffffeffffffff
000000090000002d
fffffffe00000019
fffffffb0000000d
ffffffe8fffffffd
0000000ffffffff5
fffffff20000002f
0000000700000003
ffffffddffffffe4
00000001ffffffe1
00000001ffffffdd
ffffffde00000005
0000000b00000015
0000000000000017
0000000e0000000f
0000000300000003
fffffff300000001
fffffff6ffffffd2
fffffffc00000028
0000000300000001
ffffffefffffffff
0000000900000017
fffffff6fffffffa
fffffff7ffffffea
0000000000000016
fffffff700000001
ffffffffffffffec
00000012fffffff4
000000230000001a
ffffffe300000020
00000006fffffff5
fffffff7ffffffeb
0000002cffffffe2
00000012fffffff4
ffffffff0000000d
0000000500000012
fffffff90000002e
00000007fffffff7
00000022fffffff7
00000010ffffffe9
fffffff500000020
ffffffeb00000023
00000015fffffff3
0000001f00000009
fffffff1ffffffee
00000006ffffffdd
0000001400000003
00000012fffffff5
00000006fffffff2
ffffffe300000020
0000000a0000000e
ffffffeb00000019
fffffff6fffffff7
ffffffebfffffffa
0000002dfffffff3
ffffffecffffffd8
00000008ffffffe6
00000003fffffffa
0000000f0000001a
00000028fffffff1
ffffffce00000002
ffffffe80000000d
fffffff100000007
fffffff1fffffff7
fffffffbfffffff2
ffffffca0000000a
0000000000000004
ffffffd80000001c
ffffffcf00000004
0000000300000011
0000000ffffffffe
00000009ffffffee
fffffff0fffffff7
0000001d00000001
ffffffee00000008
fffffffb00000002
fffffff2ffffffbe
fffffffcffffffee
ffffffec00000006
0000001000000004
ffffffcdfffffff8
fffffff1ffffffe6
0000001bfffffffe
0000000e0000000d
ffffffe7ffffffe9
00000019fffffff6
fffffff8ffffffe6
fffffff100000019
ffffffee00000003
0000000700000017
fffffff700000002
0000001700000028
fffffff100000001
ffffffe00000000a
000000200000000f
fffffff3fffffff2
ffffffee0000001d
00000001fffffff0
fffffffeffffffe9
fffffff0ffffffed
fffffffc00000009
fffffff2fffffffe
0000000100000006
00000004fffffff7
fffffffbffffffd9
0000000800000029
fffffff0fffffff3
0000000600000022
fffffff4ffffffeb
00000005fffffff0
0000000300000001
0000000b00000002
00000012ffffffe8
fffffff7ffffffe1
fffffff4fffffff6
fffffffb00000005
fffffffefffffffb
0000000c00000012
fffffff0fffffff9
00000010fffffff6
ffffffec00000016
fffffffafffffffb
0000001700000005
ffffffe5ffffffec
000000160000002c
0000000100000005
0000002600000012
0000000200000003
fffffff5ffffffed
fffffff1fffffff6
00000009ffffffdc
ffffffe900000025
ffffffdd00000012
fffffffdfffffff7
0000000b00000005
0000000900000006
00000007fffffffb
fffffff7fffffffa
fffffffdfffffff8
ffffffef00000004
fffffff40000001f
0000000900000003
fffffff700000001
0000000afffffff2
000000370000001c
fffffffd0000000c
ffffffdbfffffffb
fffffffd00000002
ffffffe2fffffffe
fffffff90000001f
0000000fffffffea
0000002300000004
000000020000000a
00000011ffffffce
0000000300000002
00000009fffffffc
0000000effffffec
0000001a00000002
0000001d00000007
fffffffe00000004
fffffffeffffffff
fffffff400000017
ffffffe30000003a
fffffff1ffffffff
fffffff9ffffffff
fffffffbfffffff4
00000011ffffffef
0000000100000014
fffffff3ffffffe9
0000001affffffff
0000000d00000005
000000080000000f
00000007fffffffd
ffffffea0000000d
0000000d0000001a
0000001500000018
0000001d0000001a
ffffffee0000000b
000000080000002d
0000000400000000
0000001500000000
0000000affffffea
ffffffe000000027
00000016fffffff5
ffffffe7fffffff6
fffffffe0000000c
fffffff00000001c
ffffffff00000003
fffffffbfffffff8
00000000fffffff2
ffffffd70000001b
ffffffe2fffffff6
fffffff3fffffffe
ffffffecfffffff1
00000016fffffffa
ffffffea00000015
00000012ffffffe3
fffffffdfffffff1
0000000f00000006
fffffffa00000009
fffffff9ffffffe8
0000000c00000009
0000000afffffffd
00000004fffffffb
0000000f00000018
0000000a00000005
00000010fffffff2
0000000a00000007
00000007fffffffd
000000020000000f
0000001a00000003
0000002effffffea
0000001600000005
fffffffcffffffef
00000016fffffffd
fffffffd00000005
0000000300000002
00000022fffffff0
0000000bffffffd1
ffffffedffffffe9
fffffff9fffffffe
fffffffbffffffde
00000004fffffff0
0000000300000004
00000026ffffffe8
0000000bfffffff2
fffffffb00000005
00000002ffffffe8
0000001effffffe4
0000003f00000010
ffffffdcffffffff
00000005fffffffe
0000000900000013
00000008fffffff1
0000001700000004
0000002afffffff9
0000001800000003
fffffffdffffffe9
ffffffe8ffffffee
00000000fffffff3
000000010000000c
ffffffe0fffffff8
ffffffebffffffeb
00000008ffffffca
fffffff8ffffffc7
fffffffb0000000f
0000000effffffe6
00000017fffffff1
fffffffc00000004
ffffffff00000001
0000000c00000011
00000019fffffff0
0000001d0000000c
0000002e00000002
00000012fffffff6
ffffffe500000000
ffffffe4fffffff2
0000000cfffffff0
00000022fffffff4
ffffffee00000014
0000000300000001
fffffffc0000000e
fffffff6ffffffef
ffffffeefffffffe
ffffffea0000001a
fffffff80000001e
0000000dfffffffb
fffffff3fffffffa
0000000100000001
0000000300000008
00000004ffffffd8
fffffff0fffffffb
0000000700000016
0000000200000027
000000360000001e
00000019fffffff6
00000003fffffff9
0000000500000028
fffffffaffffffef
fffffff800000000
fffffffc00000004
ffffffe90000001c
ffffffef00000004
000000180000000f
fffffff3fffffff5
0000001800000009
fffffffe0000000a
0000001400000006
00000006ffffffee
0000003000000014
ffffffd70000000a
fffffff8ffffffe1
0000000e00000022
000000100000000f
000000160000000d
00000026ffffffef
000000250000000c
fffffff3fffffff1
0000000fffffffe8
000000070000000a
0000000000000001
00000003fffffffa
00000019ffffffd5
fffffffe00000009
fffffffb00000013
fffffff1ffffffff
fffffff3ffffffff
000000050000000d
0000000900000030
00000001ffffffd4
fffffffcfffffff6
ffffffefffffffe5
fffffffdfffffff8
000000120000000c
ffffffe1fffffff7
0000001500000027
ffffffebfffffffc
0000000a00000016
0000000200000003
00000005fffffff1
fffffff1fffffffb
00000010fffffffa
0000000700000007
ffffffef00000011
fffffffa0000003c
fffffffc0000002a
fffffffcffffffe3
00000008ffffffed
ffffffff00000011
fffffff0ffffffff
fffffff5fffffffa
fffffff800000011
ffffffef00000010
ffffffd7fffffff4
fffffffdffffffe8
fffffff0fffffff7
ffffffec00000004
ffffffea0000000e
ffffffdafffffff8
0000001dfffffffa
fffffffafffffff7
fffffff9ffffffe6
fffffffcfffffffe
0000001cffffffed
0000000bfffffffd
ffffffec00000013
fffffff0ffffffee
00000013fffffff3
fffffff0fffffffa
ffffffde0000000f
00000012fffffffb
0000000effffffee
0000000800000009
fffffffd00000008
0000001300000019
0000001b00000003
fffffffdfffffff1
fffffffbffffffe9
0000000900000009
fffffffbffffffe7
fffffffbffffffe3
ffffffdefffffff1
ffffffe7ffffffea
00000007fffffff8
ffffffecfffffffc
0000000600000009
00000039fffffff8
0000000bfffffffd
0000000d00000019
0000000c00000005
fffffff5ffffffe4
0000000300000012
0000001a00000009
00000021ffffffe9
0000000e00000014
000000110000000c
fffffffa0000000f
ffffffdd00000001
fffffff900000016
ffffffe7ffffffe8
fffffffffffffffe
0000001cffffffe0
ffffffdffffffff9
00000009fffffffd
00000005ffffffda
ffffffe3ffffffff
0000001700000008
fffffff10000000b
ffffffef00000004
fffffff600000006
ffffffe90000000d
0000000200000006
00000003ffffffe5
ffffffe4fffffff3
0000001400000006
0000001affffffea
fffffff6ffffffea
00000009ffffffed
fffffff2ffffffec
00000006fffffffc
fffffffd00000012
fffffff90000000f
fffffff4ffffffff
00000014ffffffe2
fffffff900000008
0000000900000005
fffffff900000003
00000008fffffff3
fffffffb00000006
ffffffdd00000004
ffffffe2fffffffb
0000000cfffffff0
0000000efffffff9
00000003fffffffc
00000016fffffffd
fffffff7ffffffff
ffffffedfffffffe
0000002f0000001f
fffffff400000005
fffffffb00000006
0000000200000010
0000000500000002
fffffff700000000
fffffff8ffffffff
00000018fffffffa
00000018ffffffed
00000010ffffffe7
0000000300000007
fffffff1fffffffd
0000002100000007
fffffffa00000016
fffffffffffffff8
ffffffff00000006
fffffff3fffffffe
fffffff800000012
fffffffc00000011
000000020000000a
fffffffcffffffe1
fffffffb0000000b
00000003fffffff7
0000002100000007
000000040000000d
fffffff400000004
fffffff5fffffff1
0000000900000010
000000020000000f
00000006fffffff7
fffffff1ffffffe9
fffffffd0000001a
ffffffff00000002
00000001ffffffeb
0000001efffffffe
ffffffef0000000b
00000025fffffffe
ffffffe7ffffffe6
00000008fffffff5
00000010fffffff8
00000020ffffffef
fffffff200000010
ffffffec0000001b
00000017ffffffe7
fffffffaffffffd9
00000018fffffffa
00000011fffffff9
ffffffff0000001c
0000000b0000000d
ffffffea00000007
fffffff90000000e
ffffffeb00000020
fffffffd00000009
0000000600000000
ffffffe200000003
0000000d0000001f
ffffffe70000000f
fffffff2fffffff5
fffffff6fffffff0
0000000100000010
ffffffe10000000f
0000002d00000004
fffffffb00000007
ffffffe1fffffff1
ffffffe4ffffffdc
00000002ffffffdf
0000000e0000001b
fffffff3fffffffe
000000180000000f
fffffff900000004
0000001b00000004
00000001fffffff4
00000000ffffffee
ffffffdefffffff2
0000000800000000
ffffffee00000008
ffffffde00000013
fffffff500000010
0000001900000015
fffffff8fffffff6
0000000b00000002
ffffffe7fffffffe
fffffff600000007
fffffff1fffffffe
000000160000001d
fffffff200000006
0000000efffffff5
0000001dfffffff2
fffffffbffffffec
0000000ffffffff8
00000023fffffffe
00000018fffffffd
0000002ffffffff8
000000070000001b
00000004fffffff6
00000015ffffffec
fffffffe00000005
0000000100000000
ffffffe9fffffff8
fffffff50000001c
00000020fffffff3
0000000a00000002
00000022fffffff0
fffffff700000004
ffffffc100000020
fffffff500000010
fffffff600000006
ffffffee0000000e
00000008fffffff5
fffffff5ffffffed
00000010ffffffed
0000001200000003
00000018ffffffe2
fffffff60000001e
0000000c00000003
ffffffff00000000
ffffffd5fffffff2
0000000bfffffff7
0000001b00000004
0000001900000004
0000001500000005
0000002700000022
0000001900000014
0000000e0000000a
0000000cfffffff5
fffffff1ffffffef
fffffff300000004
ffffffdc0000000e
0000000800000005
000000110000000a
fffffff4fffffff7
fffffff6ffffffea
0000001800000002
0000000800000021
ffffffe700000001
fffffff3ffffffd1
fffffff60000000b
fffffff800000018
00000015fffffff3
0000000100000002
0000000100000007
000000000000000d
fffffff8ffffffed
ffffffc30000000a
0000000efffffff3
fffffff200000011
000000190000000f
ffffffd2fffffffa
0000003500000006
0000001a00000006
00000013ffffffe8
0000001efffffffe
fffffff9ffffffef
0000000d00000006
fffffff5fffffff7
0000000cffffffe4
00000009fffffff6
0000001300000009
ffffffe800000012
0000001500000001
fffffff3ffffffdc
fffffffd00000011
0000000900000000
ffffffe40000001f
0000000900000001
fffffff00000000e
00000005ffffffee
fffffff100000011
fffffffcfffffffc
0000000600000015
0000000600000007
00000007ffffffe6
fffffff9fffffffc
fffffff600000006
ffffffeb0000000c
0000000800000006
0000001ffffffff8
0000001affffffef
fffffff6fffffff0
0000002000000015
0000000b00000010
0000001dffffffed
fffffff90000000b
fffffffe00000002
ffffffed00000036
0000001e00000018
0000001000000017
0000000a00000015
fffffff800000011
00000000ffffffe0
00000009fffffff0
0000001c00000033
fffffff700000000
00000010ffffffd3
fffffff1fffffffa
ffffffdcffffffea
ffffffdc00000021
fffffff300000007
fffffff500000015
ffffffeaffffffec
fffffffa0000001e
ffffffd8fffffffc
00000021ffffffee
ffffffd2fffffff7
00000015fffffff1
ffffffffffffffc8
fffffffe0000002c
ffffffe9ffffffe1
ffffffd8fffffff5
fffffff2fffffff9
ffffffebffffffff
00000004fffffff5
00000009ffffffeb
000000010000001f
0000002800000033
fffffff100000015
fffffff1fffffffd
ffffffe3fffffff7
0000001400000017
fffffff50000000b
ffffffe6fffffffe
ffffffeb00000008
fffffffe00000005
fffffff4ffffffdb
fffffff3ffffffff
00000014fffffff8
0000000fffffffff
fffffff6fffffff8
fffffffeffffffd1
00000018ffffffe3
fffffff00000000d
ffffffe700000001
0000001100000022
fffffff6ffffffe9
ffffffdefffffffb
ffffffd80000000b
0000000a00000009
000000090000000e
fffffffe0000001b
ffffffe100000007
ffffffe7fffffff3
ffffffd4fffffff7
fffffff20000000b
ffffffed00000000
0000000fffffffea
00000008fffffff7
0000000300000005
fffffff7ffffffe5
fffffff500000010
fffffff300000009
fffffff9fffffff7
00000025fffffffd
ffffffeafffffffb
00000003fffffff7
fffffff400000005
ffffffe7fffffffc
fffffff9ffffffff
000000110000001f
fffffff6fffffffb
00000016fffffffc
ffffffe800000016
fffffff6fffffff2
fffffff6ffffffe5
0000002400000018
000000090000001a
fffffffd00000008
ffffffffffffffe2
fffffff300000003
000000120000001a
fffffff7fffffffe
ffffffd400000022
ffffffd8fffffffd
0000000affffffe6
00000004fffffff8
fffffff5ffffffe9
ffffffed00000009
ffffffe6fffffff4
fffffffbfffffff8
fffffff1fffffff0
fffffff8fffffff6
0000000100000007
ffffffe1ffffffff
fffffff500000007
00000022ffffffeb
ffffffe2fffffffe
fffffff30000001b
0000000600000009
ffffffdffffffffb
00000005ffffffd0
0000000300000014
0000000dffffffe9
000000180000000b
fffffff5ffffffde
fffffff200000002
ffffffecfffffff6
fffffffffffffffa
00000029ffffffdd
00000011ffffffef
00000005fffffffe
0000000ffffffff6
ffffffebfffffffd
fffffff9fffffff7
fffffff000000006
0000000a00000027
fffffff7fffffff0
fffffffb00000001
000000050000000d
00000008fffffff0
ffffffecfffffff2
0000000200000015
fffffffefffffffa
ffffffeafffffff2
00000006fffffff8
fffffff7ffffffe6
0000000000000013
0000002500000000
0000002a00000026
0000000000000009
000000180000001d
000000240000000f
00000003fffffff6
ffffffd300000001
0000001100000005
fffffffcffffffef
0000000afffffffe
0000000500000024
0000001500000003
ffffffd300000012
00000014ffffffea
ffffffe5fffffff7
fffffff500000007
00000015ffffffdc
ffffffe200000006
ffffffe300000007
fffffffcfffffffc
ffffffde00000003
fffffffb00000015
0000000c00000004
fffffff600000002
00000005ffffffe7
ffffffdb00000006
fffffff300000004
0000000ffffffff1
fffffff300000011
fffffffefffffff1
ffffffed0000000b
00000014fffffffa
fffffffcffffffee
00000002fffffff3
fffffff5ffffffdd
00000002fffffff9
ffffffe40000000a
000000080000002f
ffffffe800000002
00000014fffffff2
00000000fffffff5
fffffff6fffffff7
ffffffcc00000003
ffffffeb00000008
fffffff100000018
0000000100000012
ffffffe700000002
0000000000000002
000000050000000b
0000001dfffffff7
00000030fffffff7
ffffffdfffffffe9
000000090000000d
fffffff2fffffff4
fffffff0ffffffd6
ffffffecffffffe6
0000000c0000000c
ffffffeafffffff8
fffffffffffffff8
ffffffed00000018
00000017fffffff4
ffffffde00000000
ffffffee00000001
0000000000000000
fffffffd00000016
fffffffcfffffffa
0000002000000008
000000160000000f
ffffffe4fffffffd
00000018fffffff3
0000000000000006
fffffffaffffffff
0000001f00000013
0000000dfffffff6
0000000900000004
fffffff9ffffffef
ffffffe300000013
fffffff3fffffffd
0000001cfffffffd
0000001dffffffdb
fffffff200000009
00000005fffffff4
0000001400000000
0000001a00000003
0000001300000004
ffffffdafffffff3
fffffff7ffffffe8
000000000000001d
00000017fffffffe
0000001b0000000e
fffffffc00000004
ffffffe200000000
fffffff300000006
0000000400000000
fffffff800000006
00000006ffffffdd
000000000000002e
fffffffd00000012
00000024fffffff7
00000001ffffffee
fffffffe00000005
ffffffe900000005
fffffffd00000000
00000007fffffff8
fffffff600000015
ffffffe300000003
fffffffb00000010
ffffffe000000018
fffffff90000000d
0000000500000008
ffffffe5ffffffff
fffffffbfffffffa
ffffffd2fffffffd
fffffff000000006
fffffff50000001e
0000000d0000001b
00000010ffffffe1
ffffffe30000000a
fffffff900000016
fffffffafffffffa
0000000dfffffff3
000000250000001b
ffffffdbfffffff8
0000000affffffff
000000090000000a
00000012ffffffef
ffffffe900000012
00000006ffffffe0
0000001800000007
fffffff9ffffffe5
fffffff8fffffff1
0000000500000003
0000001bffffffeb
ffffffecfffffffa
fffffffefffffffe
fffffffc00000011
fffffffe0000001a
000000170000000f
fffffff4fffffff7
fffffffa00000013
ffffffedffffffe6
fffffff9ffffffdc
0000000efffffff6
fffffff8ffffffeb
fffffff50000000e
ffffffeb00000000
ffffffff00000014
0000000500000009
0000001000000006
00000014fffffff8
fffffffdfffffff7
ffffffebfffffffe
ffffffeaffffffe2
00000007fffffff8
fffffffefffffff9
00000023ffffffff
00000011fffffff1
0000000c00000007
00000008ffffffec
ffffffe4ffffffd3
000000230000000e
0000002b00000004
fffffff600000015
ffffffff00000000
0000000ffffffff1
ffffffc700000018
ffffffeefffffff3
ffffffe200000018
0000001000000009
00000002ffffffe2
fffffffcfffffff3
fffffffbfffffff8
0000000bffffffe3
0000000c00000000
00000013fffffffd
ffffffecfffffff1
0000000600000001
ffffffe900000007
fffffff4ffffffd0
0000002000000012
00000012fffffff0
00000023fffffff1
ffffffef00000035
0000000600000011
000000010000001b
fffffff1ffffffee
ffffffff00000009
ffffffebfffffff9
0000000effffffe6
fffffff000000006
ffffffe4ffffffff
0000000b0000000d
000000010000000b
ffffffd9ffffffec
0000001f00000017
fffffff70000000c
ffffffe0ffffffe2
fffffffb00000008
00000002fffffffb
fffffff1ffffffd1
fffffffc00000018
fffffff200000016
fffffffcfffffff1
fffffff600000010
000000030000001a
00000027ffffffd6
fffffffffffffff2
0000000300000011
00000000ffffffe8
000000010000000b
fffffffefffffff7
0000000400000013
fffffff2fffffff8
000000110000003a
0000000100000005
00000023fffffff5
0000000300000016
fffffff8ffffffec
fffffffafffffff6
ffffffff00000018
fffffff2ffffffed
ffffffe600000006
ffffffeb0000000f
0000002a00000009
fffffff4ffffffe0
00000002fffffff2
fffffff80000001e
0000000ffffffffe
ffffffea00000004
ffffffe600000001
0000001b0000000f
0000001000000010
fffffffbfffffffd
fffffff000000019
0000000100000019
ffffffd90000000c
ffffffebffffffeb
fffffff100000008
ffffffec0000000d
ffffffee00000008
fffffffc00000003
ffffffe3fffffffa
0000000fffffffe3
00000026fffffff6
00000014ffffffe5
0000000f00000013
00000011ffffffe1
000000010000001b
00000014fffffffa
000000140000002a
0000000000000005
000000070000000f
ffffffea0000000f
0000000cffffffec
ffffffe500000016
00000005ffffffee
fffffff3fffffff4
0000000800000012
0000000dfffffff1
fffffff10000000d
0000000200000001
0000001100000017
000000070000000b
fffffff4ffffffe5
ffffffec00000020
ffffffe800000014
ffffffe6fffffff5
0000000300000021
0000000cffffffec
fffffff8ffffffe1
ffffffee00000004
00000000fffffff7
0000000d00000005
0000000300000000
fffffff9fffffffd
ffffffe5fffffffc
ffffffecffffffee
0000000000000011
ffffffdffffffff1
00000012fffffff7
fffffffc00000021
0000000700000009
0000001200000019
0000000300000005
00000009ffffffd3
0000000ffffffff4
ffffffed00000004
00000004fffffff5
fffffff700000005
00000013ffffffda
fffffffc00000003
fffffff200000025
0000003000000003
fffffff5ffffffe7
0000000800000031
0000002c00000002
fffffff300000006
0000001c00000014
0000001700000012
ffffffd90000002d
000000070000000e
ffffffda00000008
fffffffcffffffda
00000004ffffffe9
00000009ffffffed
0000001400000009
fffffff2fffffff1
000000090000000f
fffffff600000000
0000001e00000008
ffffffd300000011
00000002ffffffe0
fffffff100000029
ffffffe900000015
ffffffea0000002e
0000001000000017
fffffffb00000015
fffffff2fffffff6
fffffff400000005
fffffff9ffffffd5
fffffffd00000000
ffffffd000000021
00000014fffffffd
ffffffffffffffff
00000005ffffffe9
0000000f00000001
fffffffb00000003
ffffffebffffffec
00000007fffffff0
00000019fffffff3
0000002700000012
fffffff90000000c
0000001400000011
ffffffffffffffd9
fffffffb00000003
00000019ffffffe9
0000001500000000
0000000100000012
0000001dffffffee
ffffffe8ffffffe7
00000008fffffff2
0000003f00000040
ffffffff0000000b
ffffffdefffffff2
00000003fffffffa
0000000400000003
000000110000000b
fffffff7fffffff3
fffffff000000004
fffffff7ffffffda
00000009ffffffd2
ffffffea00000009
ffffffec00000018
0000000700000012
fffffffc00000014
00000005fffffff7
fffffff1ffffffe6
ffffffecffffffe0
fffffff6fffffffe
0000000800000010
fffffff800000013
0000000afffffff6
0000001700000004
fffffff50000000a
0000001bfffffff2
ffffffe3fffffffd
000000000000000a
ffffffdefffffff7
ffffffe50000000d
00000002ffffffde
fffffffa0000000e
ffffffe600000002
000000020000001b
0000000500000020
fffffff500000014
ffffffe100000004
0000000200000020
ffffffeafffffff9
fffffff700000017
ffffffe9fffffff5
ffffffffffffffea
ffffffffffffffd5
ffffffe200000007
fffffff9ffffffe6
ffffffecffffffee
fffffffb0000001b
00000008fffffff7
0000001600000001
00000023fffffff6
fffffff1ffffffea
0000000700000010
fffffff200000009
0000000300000006
0000001c00000016
0000001700000018
ffffffebfffffff0
0000000dffffffeb
ffffffee0000001d
00000005fffffffc
0000000c00000000
0000000300000004
ffffffee0000000d
000000010000000f
0000001500000004
ffffffef00000003
ffffffdffffffff1
0000000e00000016
fffffffffffffff1
00000010ffffffeb
0000002000000004
000000180000001d
ffffffe6fffffffc
ffffffff00000009
fffffffa00000011
00000000ffffffe4
0000000efffffffd
0000000cfffffff8
fffffffdfffffff5
fffffffe00000018
fffffff9fffffff4
fffffff9fffffff1
0000001bfffffff6
ffffffda0000000f
fffffff60000001a
00000000fffffff7
00000020ffffffd0
ffffffecfffffffa
00000008ffffffff
00000019ffffffe7
fffffff600000003
fffffff70000000c
ffffffeefffffffb
fffffff4fffffff5
ffffffe90000000f
0000000affffffe0
ffffffeefffffffc
fffffff8fffffffb
fffffff9ffffffdc
ffffffea00000002
00000017fffffff8
ffffffe800000000
ffffffda0000002c
0000000c0000001b
fffffff100000000
ffffffe7ffffffff
ffffffe200000023
00000007ffffffde
000000020000000d
ffffffeffffffff3
0000001100000001
00000027ffffffff
fffffffc00000008
ffffffdeffffffdd
fffffffcffffffff
0000002200000017
fffffffcfffffff4
00000009ffffffdd
fffffffdfffffff2
0000000dfffffff1
fffffff800000001
fffffffafffffffe
00000012ffffffdb
fffffff7fffffffb
ffffffeb00000012
000000170000000f
00000009fffffffc
fffffffbffffffec
00000003fffffff4
0000002300000000
ffffffc8ffffffff
0000000bfffffffc
0000000c00000004
0000001bfffffff6
0000000ffffffff7
0000000300000002
0000001bfffffff2
ffffffdbfffffff6
00000005fffffff3
fffffff6ffffffdc
00000003ffffffed
fffffff50000000a
ffffffef00000009
00000011fffffffb
000000160000000a
0000000cfffffff5
0000000d00000024
00000006fffffff6
ffffffe50000000c
0000002300000002
00000013ffffffe3
0000000cfffffff1
fffffff60000001d
fffffffcfffffff9
fffffff9fffffff8
fffffffeffffffff
fffffff90000000a
ffffffe80000000f
ffffffe0ffffffed
00000007fffffff5
0000000d00000000
0000000000000002
ffffffdd00000020
fffffffcffffffeb
fffffff8ffffffea
ffffffff00000004
0000000affffffdb
0000001100000020
fffffff0fffffff6
ffffffeffffffffe
0000000800000026
000000000000000a
fffffffffffffff9
00000006ffffffdd
ffffffeb00000012
0000002effffffe8
0000001c00000017
ffffffffffffffe1
ffffffdc0000000d
0000001bfffffff7
00000003ffffffe3
0000000800000010
fffffffd00000000
00000011ffffffd8
fffffff300000024
fffffffbffffffe9
fffffff100000000
0000002300000010
0000000a00000013
fffffffc0000000d
fffffffbfffffffd
00000000fffffffc
fffffff600000003
0000000000000027
fffffff2fffffff4
ffffffeeffffffe6
ffffffeefffffff0
00000003ffffffe8
0000001000000030
0000000700000005
000000120000001c
0000001e00000006
0000000800000012
0000001100000004
fffffff5ffffffd8
ffffffff00000000
fffffffc0000001a
0000000000000004
00000003ffffffe4
00000001ffffffe7
00000015fffffff7
0000001200000008
0000000effffffea
00000015ffffffed
fffffff8fffffff8
ffffffea00000009
ffffffec0000001c
ffffffea00000004
0000001c0000000e
fffffff100000019
ffffffe500000002
000000070000000b
0000000400000009
ffffffff00000029
00000006ffffffe1
0000001700000012
fffffff7fffffffa
fffffff500000015
ffffffef00000000
fffffffaffffffda
fffffff700000006
ffffffec00000021
00000010fffffffa
fffffff800000006
0000000affffffff
ffffffe0fffffff1
ffffffebffffffec
fffffffe00000008
0000000d00000004
0000000600000004
000000070000000d
00000022fffffff8
0000001900000019
fffffffb00000008
ffffffe800000009
00000018fffffff4
ffffffe2ffffffe7
00000003fffffff8
0000000100000002
0000000500000000
ffffffe700000003
0000000600000007
0000000d00000002
fffffff300000012
0000001300000014
0000000e00000010
00000000ffffffef
ffffffdfffffffeb
fffffff80000000e
ffffffec00000006
fffffffcffffffea
00000002fffffff5
00000011ffffffe6
00000002ffffffe2
fffffffbfffffff3
fffffff40000001d
00000007fffffffd
0000000900000015
ffffffeffffffff5
0000000600000021
ffffffeeffffffe8
fffffffeffffffe3
fffffffd0000000f
fffffffbfffffff3
ffffffe80000001a
00000015fffffff9
ffffffdafffffff6
00000009fffffffb
ffffffec00000020
fffffffafffffffb
0000000dfffffff4
0000001efffffff2
ffffffea00000003
00000007fffffffe
0000000dfffffff0
0000000e0000000d
fffffffbffffffe0
00000009fffffff8
ffffffecfffffff3
fffffffcfffffffe
0000000cffffffdc
0000000e0000000a
0000000e0000000f
ffffffeffffffff2
0000000effffffef
000000070000000d
ffffffdcffffffe7
fffffff500000011
00000003ffffffc4
ffffffe100000019
0000000000000000
fffffffcffffffd8
00000009fffffffe
0000000cffffffe9
fffffff30000000b
00000025fffffffc
000000030000001c
00000029fffffff1
0000000affffffe0
0000000ffffffff5
00000012ffffffe0
fffffff1ffffffeb
00000013ffffffe5
00000002ffffffee
00000002fffffff7
00000029ffffffe8
fffffffcffffffff
ffffffe3ffffffeb
ffffffcffffffffc
0000000500000002
00000014fffffff8
00000015ffffffef
00000008fffffff5
ffffffeaffffffd5
0000000100000008
0000002b0000000a
00000009fffffffd
0000001dffffffff
00000021fffffffa
0000000500000020
ffffffec0000002c
00000006fffffff5
0000000400000019
ffffffd300000006
fffffffd0000000b
fffffffb0000000f
fffffff400000008
fffffffbfffffff6
0000000800000016
000000200000002b
fffffff10000002b
00000028ffffffe5
ffffffe8fffffffa
ffffffff0000002d
00000000ffffffde
ffffffedfffffffb
0000002400000011
fffffffb0000000b
fffffff600000020
fffffff50000000f
0000000a00000008
fffffff8fffffff0
ffffffe6fffffff6
0000000b0000000e
ffffffedfffffff5
ffffffed00000010
fffffff7fffffffd
ffffffe800000015
000000120000000e
0000001dffffffef
00000024fffffff9
ffffffea0000001b
0000000200000003
ffffffed00000006
00000005fffffff7
00000009fffffffc
fffffffa00000011
fffffffb0000000e
00000016fffffff2
00000000fffffffd
00000017ffffffef
0000000f0000001c
0000000effffffe7
0000000200000028
00000013fffffff8
fffffff2ffffffdd
fffffff10000001a
fffffff9fffffff1
0000001200000007
0000000effffffe9
fffffff4ffffffe8
00000003ffffffdf
ffffffef0000000d
0000000100000001
0000002100000008
0000001d0000000c
00000037ffffffee
0000000000000010
fffffff6ffffffe5
0000001400000002
0000000000000007
fffffff800000010
0000000e00000010
00000009ffffffff
00000015fffffffe
fffffff200000004
fffffff0fffffff8
0000000800000009
fffffffbfffffff6
ffffffd900000014
0000000f00000003
00000015ffffffec
0000000b00000008
000000090000001f
00000010fffffff8
000000050000000f
00000008fffffff9
0000001600000009
fffffff8ffffffef
fffffffb00000011
0000000cffffffe3
fffffffdffffffdf
00000015fffffffc
00000011fffffff9
0000001ffffffff4
0000000b00000003
fffffff9fffffff3
ffffffd400000011
fffffff500000021
0000000bffffffea
00000003fffffff6
0000000500000000
00000001ffffffeb
0000000cfffffffc
00000014ffffffef
0000002400000010
0000000300000013
ffffffefffffffd4
fffffffefffffff0
00000001fffffff2
0000000effffffea
0000000000000005
ffffffe00000000c
ffffffebffffffed
fffffffc0000001e
00000009ffffffdc
0000000d0000000c
00000002ffffffe7
ffffffee0000000b
0000000200000005
00000013fffffff0
0000001e00000007
0000001200000016
ffffffed00000001
0000000b0000000d
0000001e00000000
ffffffde0000000f
ffffffda00000001
ffffffe700000003
fffffff700000011
fffffff60000001d
00000017fffffffa
fffffff4ffffffe1
0000000900000002
0000001000000003
fffffffc00000010
fffffff700000002
00000018fffffff1
0000001a00000005
fffffffb00000000
fffffff8ffffffcf
fffffffd00000012
0000000500000008
0000000400000006
fffffff4fffffffa
fffffff7ffffffee
ffffffeb0000000c
0000000b0000001c
00000005fffffff2
0000000200000011
00000008fffffff3
0000000000000002
00000012ffffffea
fffffff7fffffff2
fffffffbffffffe4
ffffffe900000004
0000001900000017
00000020ffffffec
000000080000000f
0000001affffffde
fffffff700000014
fffffff000000007
00000004fffffff0
00000011fffffff7
fffffffcffffffff
fffffff20000000d
fffffffc0000001b
00000003ffffffe7
ffffffda0000000d
fffffffdfffffff6
0000002400000004
0000000cfffffff9
fffffff900000002
ffffffff00000021
0000000bfffffff0
fffffff000000000
0000000efffffff3
fffffff50000000b
ffffffe600000003
0000001a0000000f
fffffff6fffffff1
ffffffebfffffff1
ffffffc600000006
fffffff10000001e
0000000f00000025
fffffff9fffffff7
00000013ffffffde
0000000800000010
ffffffebfffffff3
0000002f0000001a
fffffff5fffffff9
ffffffe300000000
0000001600000007
000000040000000b
ffffffde00000003
ffffffdaffffffe3
fffffff8ffffffe8
0000000400000014
0000000200000005
fffffffaffffffe8
00000011fffffff6
fffffffafffffff4
00000008ffffffe4
ffffffe9fffffffa
fffffff6fffffff4
0000000800000018
0000000affffffd9
0000002effffffe2
000000300000000e
fffffff2fffffff8
fffffffefffffff3
fffffff9ffffffef
fffffff4fffffffd
fffffff900000018
0000000c00000006
ffffffe7ffffffd5
0000002b00000004
ffffffe30000000b
ffffffea00000012
0000001d00000016
ffffffe50000000e
fffffffffffffff8
00000006ffffffe7
00000014ffffffe4
fffffffcfffffff5
fffffff6ffffffe6
0000002f0000001a
0000000600000007
fffffff4fffffff8
00000006fffffff9
00000016fffffff9
fffffff00000002c
fffffff7ffffffe9
0000000a00000012
0000000efffffffb
fffffffc0000001a
0000001afffffff3
0000000e00000001
ffffffeefffffff9
00000003ffffffef
fffffffefffffff5
fffffff500000014
fffffff5ffffffe6
fffffff7fffffffc
ffffffd500000004
ffffffe200000022
0000000ffffffff8
000000060000002c
fffffffffffffff7
fffffffafffffff4
00000013ffffffe1
0000000800000010
00000004ffffffe1
0000001fffffffd6
0000000700000003
00000022ffffffd9
0000000d00000003
fffffff200000016
0000002900000034
fffffffd0000000c
0000001700000011
0000000effffffe1
ffffffe1fffffff1
000000100000000c
fffffffdfffffff8
00000024fffffff6
0000000400000002
00000008fffffffc
00000011fffffff8
0000001d00000011
0000001600000012
ffffffca00000007
0000000300000008
00000001fffffff4
0000000c0000001c
0000001c00000002
ffffffec00000008
00000001ffffffd9
0000000ffffffffc
00000008fffffff9
00000004ffffffeb
fffffff900000017
0000001600000003
0000001a00000039
0000000b00000016
0000000600000011
fffffffd00000008
ffffffefffffffec
00000011fffffff6
fffffffbfffffff3
0000000b00000005
0000000d00000002
fffffff5fffffff6
ffffffe6ffffffd9
0000000100000022
0000000e0000000b
fffffffefffffffe
ffffffc7fffffff7
00000009fffffff6
0000000c00000006
0000000e00000024
00000018fffffff0
000000090000000e
0000001300000009
ffffffe400000007
0000000cfffffffb
ffffffefffffffff
000000070000000f
0000002cffffffed
fffffff4fffffff0
00000015fffffff7
ffffffe900000017
ffffffe70000000c
0000000afffffffa
fffffffdffffffee
0000001100000008
fffffff7ffffffea
00000001ffffffdb
fffffff5fffffff3
0000000f0000000e
ffffffd80000000c
00000015ffffffea
ffffffe8fffffffa
0000002900000003
0000000effffffea
0000000ffffffff7
0000000f00000011
ffffffdaffffffff
0000001cfffffffd
fffffff2fffffff4
0000001700000013
0000001700000003
0000000100000003
ffffffebffffffe0
0000000100000007
fffffff00000000a
fffffffd0000000a
fffffff0fffffffe
00000009fffffffe
ffffffe7ffffffe4
00000007ffffffe1
00000015ffffffec
0000002000000003
00000005fffffffb
ffffffdbffffffed
00000012fffffff5
fffffff3fffffff1
fffffffc00000006
00000004fffffffd
0000000200000003
000000180000001a
ffffffee00000026
0000000700000011
ffffffecfffffff9
fffffffc00000003
ffffffef00000007
0000000d0000000d
fffffff1fffffff3
00000004ffffffee
00000008fffffff9
fffffff1ffffffe5
0000001afffffff8
0000000d00000009
00000006ffffffe9
000000080000000f
0000000200000007
ffffffff0000000d
0000000cffffffff
00000016fffffff1
ffffffe3fffffff0
0000000200000005
fffffff300000011
fffffff7ffffffeb
0000000d00000014
0000000200000012
ffffffecffffffeb
0000000affffffea
ffffffedfffffff4
ffffffe9ffffffe1
0000000fffffffe9
fffffff4ffffffd8
ffffffea0000001d
00000000ffffffe2
0000000afffffff8
00000004ffffffec
00000008fffffff3
ffffffff0000001b
ffffffffffffffd5
fffffffaffffffda
fffffff7ffffffef
00000024fffffff9
ffffffec00000001
fffffffafffffff2
fffffffd0000001f
ffffffe300000012
ffffffe0ffffffdc
ffffffe300000021
0000000ffffffffd
0000000400000017
000000180000000e
fffffffbffffffec
ffffffe3ffffffe3
00000029fffffffe
ffffffe100000005
fffffffafffffff0
fffffffffffffffe
0000000b00000016
ffffffecffffffed
fffffffb00000010
fffffff0fffffff1
0000000500000014
00000004fffffffb
0000002200000010
0000002800000006
0000001100000009
0000000b0000000a
ffffffe5ffffffe3
0000000d00000021
fffffffafffffffa
ffffffe600000002
ffffffeefffffffe
ffffffeaffffffea
0000001200000000
ffffffed00000016
fffffff1fffffff4
fffffffc0000000f
fffffff100000011
ffffffc9ffffffe8
fffffff8fffffff4
ffffffdffffffffc
ffffffdf0000000b
fffffff4fffffffa
ffffffdd00000022
ffffffff0000000e
fffffff7ffffffe8
0000000400000018
0000001200000005
ffffffecffffffe2
00000018fffffffb
0000000e0000001b
00000013ffffffc9
ffffffebfffffff5
000000070000000b
00000012ffffffd7
0000000affffffec
0000000400000005
0000001e00000005
fffffff3fffffffd
00000003ffffffee
ffffffefffffffe4
0000000afffffff7
0000000affffffed
fffffff60000000d
0000001700000000
0000001e00000003
ffffffe800000010
00000021fffffffb
0000000f0000001c
000000060000000c
0000000affffffe4
fffffff9ffffffe0
fffffff800000008
0000001500000006
ffffffe6ffffffdf
0000000100000006
0000000a00000023
fffffffdffffffe5
fffffff1ffffffee
fffffff200000009
00000005fffffffe
00000010ffffffd8
ffffffdc00000015
fffffff2ffffffec
0000001cfffffff4
0000000800000003
00000001ffffffe1
ffffffff00000012
0000000000000023
00000005fffffff5
0000002100000004
0000001600000008
0000001000000011
fffffff0fffffffd
fffffff10000002a
ffffffffffffffdf
0000000500000009
00000009ffffffe1
ffffffeafffffff1
0000001c0000000d
00000015fffffff2
0000003d00000000
00000021ffffffde
fffffff3ffffffe7
00000007fffffffc
00000005ffffffe1
fffffffa0000000b
0000001c0000001e
fffffff200000000
ffffffe5fffffff9
fffffff7fffffff3
0000000afffffff9
0000000c00000000
ffffffe600000002
fffffffe0000000f
fffffffc00000019
ffffffda00000001
00000010ffffffe3
fffffffc0000001a
fffffffeffffffdb
0000000c00000023
0000000f00000008
0000000400000009
fffffffd0000001b
00000020ffffffd6
ffffffe7ffffffcf
fffffffd00000009
ffffffd400000001
000000060000000a
000000000000000d
0000000d00000028
fffffffefffffff4
00000004fffffff4
fffffffffffffff6
fffffffe0000000a
00000009fffffffe
00000002ffffffff
0000000500000020
0000000efffffff1
00000013fffffffe
00000005fffffff7
fffffff000000005
00000022fffffff7
0000000afffffff2
fffff800fffff800
0000000000000000
0000000000000000
0000000000000000
0000000000000000
0000000000000000
0000000000000000
0000000000000000
0000000000000000
0000000000000000
0000000000000000
0000000000000000
0000000000000000
0000000000000000
0000000000000000
0000000000000000
0000000000000000
0000000000000000
0000000000000000
0000000000000000
0000000000000000
0000000000000000
0000000000000000
0000000000000000
0000000000000000
0000000000000000
0000000000000000
0000000000000000
0000000000000000
0000000000000000
0000000000000000
0000000000000000
0000000000000000
0000000000000000
0000000000000000
0000000000000000
0000000000000000
0000000000000000
0000000000000000
0000000000000000
0000000000000000
0000000000000000
0000000000000000
0000000000000000
0000000000000000
0000000000000000
0000000000000000
0000000000000000
0000000000000000
0000000000000000
0000000000000000
0000000000000000
0000000000000000
0000000000000000
0000000000000000
0000000000000000
0000000000000000
0000000000000000
0000000000000000
0000000000000000
0000000000000000
0000000000000000
0000000000000000
0000000000000000
0000000000000000
0000000000000000
0000000000000000
0000000000000000
0000000000000000
0000000000000000
0000000000000000
0000000000000000
0000000000000000
0000000000000000
0000000000000000
0000000000000000
0000000000000000
0000000000000000
0000000000000000
0000000000000000
0000000000000000
0000000000000000
0000000000000000
0000000000000000
0000000000000000
0000000000000000
0000000000000000
0000000000000000
0000000000000000
0000000000000000
0000000000000000
0000000000000000
0000000000000000
0000000000000000
0000000000000000
0000000000000000
0000000000000000
0000000000000000
0000000000000000
0000000000000000
0000000000000000
0000000000000000
0000000000000000
0000000000000000
0000000000000000
0000000000000000
0000000000000000
0000000000000000
0000000000000000
0000000000000000
0000000000000000
0000000000000000
0000000000000000
0000000000000000
0000000000000000
0000000000000000
0000000000000000
0000000000000000
0000000000000000
0000000000000000
0000000000000000
0000000000000000
0000000000000000
0000000000000000
0000000000000000
0000000000000000
0000000000000000
0000000000000000
0000000000000000
0000000000000000
0000000000000000
0000000000000000
0000000000000000
0000000000000000
0000000000000000
0000000000000000
0000000000000000
0000000000000000
0000000000000000
0000000000000000
0000000000000000
0000000000000000
0000000000000000
0000000000000000
0000000000000000
0000000000000000
0000000000000000
0000000000000000
0000000000000000
0000000000000000
0000000000000000
0000000000000000
0000000000000000
0000000000000000
0000000000000000
0000000000000000
0000000000000000
0000000000000000
0000000000000000
0000000000000000
0000000000000000
0000000000000000
0000000000000000
0000000000000000
0000000000000000
0000000000000000
0000000000000000
0000000000000000
0000000000000000
0000000000000000
0000000000000000
0000000000000000
0000000000000000
0000000000000000
0000000000000000
0000000000000000
0000000000000000
0000000000000000
0000000000000000
0000000000000000
0000000000000000
0000000000000000
0000000000000000
0000000000000000
0000000000000000
0000000000000000
0000000000000000
0000000000000000
0000000000000000
0000000000000000
0000000000000000
0000000000000000
0000000000000000
0000000000000000
0000000000000000
0000000000000000
0000000000000000
0000000000000000
0000000000000000
0000000000000000
0000000000000000
0000000000000000
0000000000000000
0000000000000000
0000000000000000
0000000000000000
0000000000000000
0000000000000000
0000000000000000
0000000000000000
0000000000000000
0000000000000000
0000000000000000
0000000000000000
0000000000000000
0000000000000000
0000000000000000
0000000000000000
0000000000000000
0000000000000000
0000000000000000
0000000000000000
0000000000000000
0000000000000000
0000000000000000
0000000000000000
0000000000000000
0000000000000000
0000000000000000
0000000000000000
0000000000000000
0000000000000000
0000000000000000
0000000000000000
0000000000000000
0000000000000000
0000000000000000
0000000000000000
0000000000000000
0000000000000000
0000000000000000
0000000000000000
0000000000000000
0000000000000000
0000000000000000
0000000000000000
0000000000000000
0000000000000000
0000000000000000
0000000000000000
0000000000000000
0000000000000000
0000000000000000
0000000000000000
0000000000000000
0000000000000000
0000000000000000
0000000000000000
0000000000000000
0000000000000000
0000000000000000
0000000000000000
0000000000000000
0000000000000000
0000000000000000
0000000000000000
0000000000000000
0000000000000000
0000000000000000
0000000000000000
0000000000000000
0000000000000000
0000000000000000
0000000000000000
0000000000000000
0000000000000000
0000000000000000
0000000000000000
0000000000000000
0000000000000000
0000000000000000
0000000000000000
0000000000000000
0000000000000000
0000000000000000
0000000000000000
0000000000000000
0000000000000000
0000000000000000
0000000000000000
0000000000000000
0000000000000000
0000000000000000
0000000000000000
0000000000000000
0000000000000000
0000000000000000
0000000000000000
0000000000000000
0000000000000000
0000000000000000
0000000000000000
0000000000000000
0000000000000000
0000000000000000
0000000000000000
0000000000000000
0000000000000000
0000000000000000
0000000000000000
0000000000000000
0000000000000000
0000000000000000
0000000000000000
0000000000000000
0000000000000000
0000000000000000
0000000000000000
0000000000000000
0000000000000000
0000000000000000
0000000000000000
0000000000000000
0000000000000000
0000000000000000
0000000000000000
0000000000000000
0000000000000000
0000000000000000
0000000000000000
0000000000000000
0000000000000000
0000000000000000
0000000000000000
0000000000000000
0000000000000000
0000000000000000
0000000000000000
0000000000000000
0000000000000000
0000000000000000
0000000000000000
0000000000000000
0000000000000000
0000000000000000
0000000000000000
0000000000000000
0000000000000000
0000000000000000
0000000000000000
0000000000000000
0000000000000000
0000000000000000
0000000000000000
0000000000000000
0000000000000000
0000000000000000
0000000000000000
0000000000000000
0000000000000000
0000000000000000
0000000000000000
0000000000000000
0000000000000000
0000000000000000
0000000000000000
0000000000000000
0000000000000000
0000000000000000
0000000000000000
0000000000000000
0000000000000000
0000000000000000
0000000000000000
0000000000000000
0000000000000000
0000000000000000
0000000000000000
0000000000000000
0000000000000000
0000000000000000
0000000000000000
0000000000000000
0000000000000000
0000000000000000
0000000000000000
0000000000000000
0000000000000000
0000000000000000
0000000000000000
0000000000000000
0000000000000000
0000000000000000
0000000000000000
0000000000000000
0000000000000000
0000000000000000
0000000000000000
0000000000000000
0000000000000000
0000000000000000
0000000000000000
0000000000000000
0000000000000000
0000000000000000
0000000000000000
0000000000000000
0000000000000000
0000000000000000
0000000000000000
0000000000000000
0000000000000000
0000000000000000
0000000000000000
0000000000000000
0000000000000000
0000000000000000
0000000000000000
0000000000000000
0000000000000000
0000000000000000
0000000000000000
0000000000000000
0000000000000000
0000000000000000
0000000000000000
0000000000000000
0000000000000000
0000000000000000
0000000000000000
0000000000000000
0000000000000000
0000000000000000
0000000000000000
0000000000000000
0000000000000000
0000000000000000
0000000000000000
0000000000000000
0000000000000000
0000000000000000
0000000000000000
0000000000000000
0000000000000000
0000000000000000
0000000000000000
0000000000000000
0000000000000000
0000000000000000
0000000000000000
0000000000000000
0000000000000000
0000000000000000
0000000000000000
0000000000000000
0000000000000000
0000000000000000
0000000000000000
0000000000000000
0000000000000000
0000000000000000
0000000000000000
0000000000000000
0000000000000000
0000000000000000
0000000000000000
0000000000000000
0000000000000000
0000000000000000
0000000000000000
0000000000000000
0000000000000000
0000000000000000
0000000000000000
0000000000000000
0000000000000000
0000000000000000
0000000000000000
0000000000000000
0000000000000000
0000000000000000
0000000000000000
0000000000000000
0000000000000000
0000000000000000
0000000000000000
0000000000000000
0000000000000000
0000000000000000
0000000000000000
0000000000000000
0000000000000000
0000000000000000
0000000000000000
0000000000000000
0000000000000000
0000000000000000
0000000000000000
0000000000000000
0000000000000000
0000000000000000
0000000000000000
0000000000000000
0000000000000000
0000000000000000
0000000000000000
0000000000000000
0000000000000000
0000000000000000
0000000000000000
0000000000000000
0000000000000000
0000000000000000
0000000000000000
0000000000000000
0000000000000000
0000000000000000
0000000000000000
0000000000000000
0000000000000000
0000000000000000
0000000000000000
0000000000000000
0000000000000000
0000000000000000
0000000000000000
0000000000000000
0000000000000000
0000000000000000
0000000000000000
0000000000000000
0000000000000000
0000000000000000
0000000000000000
0000000000000000
0000000000000000
0000000000000000
0000000000000000
0000000000000000
0000000000000000
0000000000000000
0000000000000000
0000000000000000
0000000000000000
0000000000000000
0000000000000000
0000000000000000
0000000000000000
0000000000000000
0000000000000000
0000000000000000
0000000000000000
0000000000000000
0000000000000000
0000000000000000
0000000000000000
0000000000000000
0000000000000000
0000000000000000
0000000000000000
0000000000000000
0000000000000000
0000000000000000
0000000000000000
0000000000000000
0000000000000000
0000000000000000
0000000000000000
0000000000000000
0000000000000000
0000000000000000
0000000000000000
0000000000000000
0000000000000000
0000000000000000
0000000000000000
0000000000000000
0000000000000000
0000000000000000
0000000000000000
0000000000000000
0000000000000000
0000000000000000
0000000000000000
0000000000000000
0000000000000000
0000000000000000
0000000000000000
0000000000000000
0000000000000000
0000000000000000
0000000000000000
0000000000000000
0000000000000000
0000000000000000
0000000000000000
0000000000000000
0000000000000000
0000000000000000
0000000000000000
0000000000000000
0000000000000000
0000000000000000
0000000000000000
0000000000000000
0000000000000000
0000000000000000
0000000000000000
0000000000000000
0000000000000000
0000000000000000
0000000000000000
0000000000000000
0000000000000000
0000000000000000
0000000000000000
0000000000000000
0000000000000000
0000000000000000
0000000000000000
0000000000000000
0000000000000000
0000000000000000
0000000000000000
0000000000000000
0000000000000000
0000000000000000
0000000000000000
0000000000000000
0000000000000000
0000000000000000
0000000000000000
0000000000000000
0000000000000000
0000000000000000
0000000000000000
0000000000000000
0000000000000000
0000000000000000
0000000000000000
0000000000000000
0000000000000000
0000000000000000
0000000000000000
0000000000000000
0000000000000000
0000000000000000
0000000000000000
0000000000000000
0000000000000000
0000000000000000
0000000000000000
0000000000000000
0000000000000000
0000000000000000
0000000000000000
0000000000000000
0000000000000000
0000000000000000
0000000000000000
0000000000000000
0000000000000000
0000000000000000
0000000000000000
0000000000000000
0000000000000000
0000000000000000
0000000000000000
0000000000000000
0000000000000000
0000000000000000
0000000000000000
0000000000000000
0000000000000000
0000000000000000
0000000000000000
0000000000000000
0000000000000000
0000000000000000
0000000000000000
0000000000000000
0000000000000000
0000000000000000
0000000000000000
0000000000000000
0000000000000000
0000000000000000
0000000000000000
0000000000000000
0000000000000000
0000000000000000
0000000000000000
0000000000000000
0000000000000000
0000000000000000
0000000000000000
0000000000000000
0000000000000000
0000000000000000
0000000000000000
0000000000000000
0000000000000000
0000000000000000
0000000000000000
0000000000000000
0000000000000000
0000000000000000
0000000000000000
0000000000000000
0000000000000000
0000000000000000
0000000000000000
0000000000000000
0000000000000000
0000000000000000
0000000000000000
0000000000000000
0000000000000000
0000000000000000
0000000000000000
0000000000000000
0000000000000000
0000000000000000
0000000000000000
0000000000000000
0000000000000000
0000000000000000
0000000000000000
0000000000000000
0000000000000000
0000000000000000
0000000000000000
0000000000000000
0000000000000000
0000000000000000
0000000000000000
0000000000000000
0000000000000000
0000000000000000
0000000000000000
0000000000000000
0000000000000000
0000000000000000
0000000000000000
0000000000000000
0000000000000000
0000000000000000
0000000000000000
0000000000000000
0000000000000000
0000000000000000
0000000000000000
0000000000000000
0000000000000000
0000000000000000
0000000000000000
0000000000000000
0000000000000000
0000000000000000
0000000000000000
0000000000000000
0000000000000000
0000000000000000
0000000000000000
0000000000000000
0000000000000000
0000000000000000
0000000000000000
0000000000000000
0000000000000000
0000000000000000
0000000000000000
0000000000000000
0000000000000000
0000000000000000
0000000000000000
0000000000000000
0000000000000000
0000000000000000
0000000000000000
0000000000000000
0000000000000000
0000000000000000
0000000000000000
0000000000000000
0000000000000000
0000000000000000
0000000000000000
0000000000000000
0000000000000000
0000000000000000
0000000000000000
0000000000000000
0000000000000000
0000000000000000
0000000000000000
0000000000000000
0000000000000000
0000000000000000
0000000000000000
0000000000000000
0000000000000000
0000000000000000
0000000000000000
0000000000000000
0000000000000000
0000000000000000
0000000000000000
0000000000000000
0000000000000000
0000000000000000
0000000000000000
0000000000000000
0000000000000000
0000000000000000
0000000000000000
0000000000000000
0000000000000000
0000000000000000
0000000000000000
0000000000000000
0000000000000000
0000000000000000
0000000000000000
0000000000000000
0000000000000000
0000000000000000
0000000000000000
0000000000000000
0000000000000000
0000000000000000
0000000000000000
0000000000000000
0000000000000000
0000000000000000
0000000000000000
0000000000000000
0000000000000000
0000000000000000
0000000000000000
0000000000000000
0000000000000000
0000000000000000
0000000000000000
0000000000000000
0000000000000000
0000000000000000
0000000000000000
0000000000000000
0000000000000000
0000000000000000
0000000000000000
0000000000000000
0000000000000000
0000000000000000
0000000000000000
0000000000000000
0000000000000000
0000000000000000
0000000000000000
0000000000000000
0000000000000000
0000000000000000
0000000000000000
0000000000000000
0000000000000000
0000000000000000
0000000000000000
0000000000000000
0000000000000000
0000000000000000
0000000000000000
0000000000000000
0000000000000000
0000000000000000
0000000000000000
0000000000000000
0000000000000000
0000000000000000
0000000000000000
0000000000000000
0000000000000000
0000000000000000
0000000000000000
0000000000000000
0000000000000000
0000000000000000
0000000000000000
0000000000000000
0000000000000000
0000000000000000
0000000000000000
0000000000000000
0000000000000000
0000000000000000
0000000000000000
0000000000000000
0000000000000000
0000000000000000
0000000000000000
0000000000000000
0000000000000000
0000000000000000
0000000000000000
0000000000000000
0000000000000000
0000000000000000
0000000000000000
0000000000000000
0000000000000000
0000000000000000
0000000000000000
0000000000000000
0000000000000000
0000000000000000
0000000000000000
0000000000000000
0000000000000000
0000000000000000
0000000000000000
0000000000000000
0000000000000000
0000000000000000
0000000000000000
0000000000000000
0000000000000000
0000000000000000
0000000000000000
0000000000000000
0000000000000000
0000000000000000
0000000000000000
0000000000000000
0000000000000000
0000000000000000
0000000000000000
0000000000000000
0000000000000000
0000000000000000
0000000000000000
0000000000000000
0000000000000000
0000000000000000
0000000000000000
0000000000000000
0000000000000000
0000000000000000
0000000000000000
0000000000000000
0000000000000000
0000000000000000
0000000000000000
0000000000000000
0000000000000000
0000000000000000
0000000000000000
0000000000000000
0000000000000000
0000000000000000
0000000000000000
0000000000000000
0000000000000000
0000000000000000
0000000000000000
0000000000000000
0000000000000000
0000000000000000
0000000000000000
0000000000000000
0000000000000000
0000000000000000
0000000000000000
0000000000000000
0000000000000000
0000000000000000
0000000000000000
0000000000000000
0000000000000000
0000000000000000
0000000000000000
0000000000000000
0000000000000000
0000000000000000
0000000000000000
0000000000000000
0000000000000000
0000000000000000
0000000000000000
0000000000000000
0000000000000000
0000000000000000
0000000000000000
0000000000000000
0000000000000000
0000000000000000
0000000000000000
0000000000000000
0000000000000000
0000000000000000
0000000000000000
0000000000000000
0000000000000000
0000000000000000
0000000000000000
0000000000000000
0000000000000000
0000000000000000
0000000000000000
0000000000000000
0000000000000000
0000000000000000
0000000000000000
0000000000000000
0000000000000000
0000000000000000
0000000000000000
0000000000000000
0000000000000000
0000000000000000
0000000000000000
0000000000000000
0000000000000000
0000000000000000
0000000000000000
0000000000000000
0000000000000000
0000000000000000
0000000000000000
0000000000000000
0000000000000000
0000000000000000
0000000000000000
0000000000000000
0000000000000000
0000000000000000
0000000000000000
0000000000000000
0000000000000000
0000000000000000
0000000000000000
0000000000000000
0000000000000000
0000000000000000
0000000000000000
0000000000000000
0000000000000000
0000000000000000
0000000000000000
0000000000000000
0000000000000000
0000000000000000
0000000000000000
0000000000000000
0000000000000000
0000000000000000
0000000000000000
0000000000000000
0000000000000000
0000000000000000
0000000000000000
0000000000000000
0000000000000000
0000000000000000
0000000000000000
0000000000000000
0000000000000000
0000000000000000
0000000000000000
0000000000000000
0000000000000000
0000000000000000
0000000000000000
0000000000000000
0000000000000000
0000000000000000
0000000000000000
0000000000000000
0000000000000000
0000000000000000
0000000000000000
0000000000000000
0000000000000000
0000000000000000
0000000000000000
0000000000000000
0000000000000000
0000000000000000
0000000000000000
0000000000000000
0000000000000000
0000000000000000
0000000000000000
0000000000000000
0000000000000000
0000000000000000
0000000000000000
0000000000000000
0000000000000000
0000000000000000
0000000000000000
0000000000000000
0000000000000000
0000000000000000
0000000000000000
0000000000000000
0000000000000000
0000000000000000
0000000000000000
0000000000000000
0000000000000000
0000000000000000
0000000000000000
0000000000000000
0000000000000000
0000000000000000
0000000000000000
0000000000000000
0000000000000000
0000000000000000
0000000000000000
0000000000000000
0000000000000000
0000000000000000
0000000000000000
0000000000000000
0000000000000000
0000000000000000
0000000000000000
0000000000000000
0000000000000000
0000000000000000
0000000000000000
0000000000000000
0000000000000000
0000000000000000
0000000000000000
0000000000000000
0000000000000000
0000000000000000
0000000000000000
0000000000000000
0000000000000000
0000000000000000
0000000000000000
0000000000000000
0000000000000000
0000000000000000
0000000000000000
0000000000000000
0000000000000000
0000000000000000
0000000000000000
0000000000000000
0000000000000000
0000000000000000
0000000000000000
0000000000000000
0000000000000000
0000000000000000
0000000000000000
0000000000000000
0000000000000000
0000000000000000
0000000000000000
0000000000000000
0000000000000000
0000000000000000
0000000000000000
0000000000000000
0000000000000000
0000000000000000
0000000000000000
0000000000000000
0000000000000000
0000000000000000
0000000000000000
0000000000000000
0000000000000000
0000000000000000
0000000000000000
0000000000000000
0000000000000000
0000000000000000
0000000000000000
0000000000000000
0000000000000000
0000000000000000
0000000000000000
0000000000000000
0000000000000000
0000000000000000
0000000000000000
0000000000000000
0000000000000000
0000000000000000
0000000000000000
0000000000000000
0000000000000000
0000000000000000
0000000000000000
0000000000000000
0000000000000000
0000000000000000
0000000000000000
0000000000000000
0000000000000000
0000000000000000
0000000000000000
0000000000000000
0000000000000000
0000000000000000
0000000000000000
0000000000000000
0000000000000000
0000000000000000
0000000000000000
0000000000000000
0000000000000000
0000000000000000
0000000000000000
0000000000000000
0000000000000000
0000000000000000
0000000000000000
0000000000000000
0000000000000000
0000000000000000
0000000000000000
0000000000000000
0000000000000000
0000000000000000
0000000000000000
0000000000000000
0000000000000000
0000000000000000
0000000000000000
0000000000000000
0000000000000000
0000000000000000
0000000000000000
0000000000000000
0000000000000000
0000000000000000
0000000000000000
0000000000000000
0000000000000000
0000000000000000
0000000000000000
0000000000000000
0000000000000000
0000000000000000
0000000000000000
0000000000000000
0000000000000000
0000000000000000
0000000000000000
0000000000000000
0000000000000000
0000000000000000
0000000000000000
0000000000000000
0000000000000000
0000000000000000
0000000000000000
0000000000000000
0000000000000000
0000000000000000
0000000000000000
0000000000000000
0000000000000000
0000000000000000
0000000000000000
0000000000000000
0000000000000000
0000000000000000
0000000000000000
0000000000000000
0000000000000000
0000000000000000
0000000000000000
0000000000000000
0000000000000000
0000000000000000
0000000000000000
0000000000000000
0000000000000000
0000000000000000
0000000000000000
0000000000000000
0000000000000000
0000000000000000
0000000000000000
0000000000000000
0000000000000000
0000000000000000
0000000000000000
0000000000000000
0000000000000000
0000000000000000
0000000000000000
0000000000000000
0000000000000000
0000000000000000
0000000000000000
0000000000000000
0000000000000000
0000000000000000
0000000000000000
0000000000000000
0000000000000000
0000000000000000
0000000000000000
0000000000000000
0000000000000000
0000000000000000
0000000000000000
0000000000000000
0000000000000000
0000000000000000
0000000000000000
0000000000000000
0000000000000000
0000000000000000
0000000000000000
0000000000000000
0000000000000000
0000000000000000
0000000000000000
0000000000000000
0000000000000000
0000000000000000
0000000000000000
0000000000000000
0000000000000000
0000000000000000
0000000000000000
0000000000000000
0000000000000000
0000000000000000
0000000000000000
0000000000000000
0000000000000000
0000000000000000
0000000000000000
0000000000000000
0000000000000000
0000000000000000
0000000000000000
0000000000000000
0000000000000000
0000000000000000
0000000000000000
0000000000000000
0000000000000000
0000000000000000
0000000000000000
0000000000000000
0000000000000000
0000000000000000
0000000000000000
0000000000000000
0000000000000000
0000000000000000
0000000000000000
0000000000000000
0000000000000000
0000000000000000
0000000000000000
0000000000000000
0000000000000000
0000000000000000
0000000000000000
0000000000000000
0000000000000000
0000000000000000
0000000000000000
0000000000000000
0000000000000000
0000000000000000
0000000000000000
0000000000000000
0000000000000000
0000000000000000
0000000000000000
0000000000000000
0000000000000000
0000000000000000
0000000000000000
0000000000000000
0000000000000000
0000000000000000
0000000000000000
0000000000000000
0000000000000000
0000000000000000
0000000000000000
0000000000000000
0000000000000000
0000000000000000
0000000000000000
0000000000000000
0000000000000000
0000000000000000
0000000000000000
0000000000000000
0000000000000000
0000000000000000
0000000000000000
0000000000000000
0000000000000000
0000000000000000
0000000000000000
0000000000000000
0000000000000000
0000000000000000
0000000000000000
0000000000000000
0000000000000000
0000000000000000
0000000000000000
0000000000000000
0000000000000000
0000000000000000
0000000000000000
0000000000000000
0000000000000000
0000000000000000
0000000000000000
0000000000000000
0000000000000000
0000000000000000
0000000000000000
0000000000000000
0000000000000000
0000000000000000
0000000000000000
0000000000000000
0000000000000000
0000000000000000
0000000000000000
0000000000000000
0000000000000000
0000000000000000
0000000000000000
0000000000000000
0000000000000000
0000000000000000
0000000000000000
0000000000000000
0000000000000000
0000000000000000
0000000000000000
0000000000000000
0000000000000000
0000000000000000
0000000000000000
0000000000000000
0000000000000000
0000000000000000
0000000000000000
0000000000000000
0000000000000000
0000000000000000
0000000000000000
0000000000000000
0000000000000000
0000000000000000
0000000000000000
0000000000000000
0000000000000000
0000000000000000
0000000000000000
0000000000000000
0000000000000000
0000000000000000
0000000000000000
0000000000000000
0000000000000000
0000000000000000
0000000000000000
0000000000000000
0000000000000000
0000000000000000
0000000000000000
0000000000000000
0000000000000000
0000000000000000
0000000000000000
0000000000000000
0000000000000000
0000000000000000
0000000000000000
0000000000000000
0000000000000000
0000000000000000
0000000000000000
0000000000000000
0000000000000000
0000000000000000
0000000000000000
0000000000000000
0000000000000000
0000000000000000
0000000000000000
0000000000000000
0000000000000000
0000000000000000
0000000000000000
0000000000000000
0000000000000000
0000000000000000
0000000000000000
0000000000000000
0000000000000000
0000000000000000
0000000000000000
0000000000000000
0000000000000000
0000000000000000
0000000000000000
0000000000000000
0000000000000000
0000000000000000
0000000000000000
0000000000000000
0000000000000000
0000000000000000
0000000000000000
0000000000000000
0000000000000000
0000000000000000
0000000000000000
0000000000000000
0000000000000000
0000000000000000
0000000000000000
0000000000000000
0000000000000000
0000000000000000
0000000000000000
0000000000000000
0000000000000000
0000000000000000
0000000000000000
0000000000000000
0000000000000000
0000000000000000
0000000000000000
0000000000000000
0000000000000000
0000000000000000
0000000000000000
0000000000000000
0000000000000000
0000000000000000
0000000000000000
0000000000000000
0000000000000000
0000000000000000
0000000000000000
0000000000000000
0000000000000000
0000000000000000
0000000000000000
0000000000000000
0000000000000000
0000000000000000
0000000000000000
0000000000000000
0000000000000000
0000000000000000
0000000000000000
0000000000000000
0000000000000000
0000000000000000
0000000000000000
0000000000000000
0000000000000000
0000000000000000
0000000000000000
0000000000000000
0000000000000000
0000000000000000
0000000000000000
0000000000000000
0000000000000000
0000000000000000
0000000000000000
0000000000000000
0000000000000000
0000000000000000
0000000000000000
0000000000000000
0000000000000000
0000000000000000
0000000000000000
0000000000000000
0000000000000000
0000000000000000
0000000000000000
0000000000000000
0000000000000000
0000000000000000
0000000000000000
0000000000000000
0000000000000000
0000000000000000
0000000000000000
0000000000000000
0000000000000000
0000000000000000
0000000000000000
0000000000000000
0000000000000000
0000000000000000
0000000000000000
0000000000000000
0000000000000000
0000000000000000
0000000000000000
0000000000000000
0000000000000000
0000000000000000
0000000000000000
0000000000000000
0000000000000000
0000000000000000
0000000000000000
0000000000000000
0000000000000000
0000000000000000
0000000000000000
0000000000000000
0000000000000000
0000000000000000
0000000000000000
0000000000000000
0000000000000000
0000000000000000
0000000000000000
0000000000000000
0000000000000000
0000000000000000
0000000000000000
0000000000000000
0000000000000000
0000000000000000
0000000000000000
0000000000000000
0000000000000000
0000000000000000
0000000000000000
0000000000000000
0000000000000000
0000000000000000
0000000000000000
0000000000000000
0000000000000000
0000000000000000
0000000000000000
0000000000000000
0000000000000000
0000000000000000
0000000000000000
0000000000000000
0000000000000000
0000000000000000
0000000000000000
0000000000000000
0000000000000000
0000000000000000
0000000000000000
0000000000000000
0000000000000000
0000000000000000
0000000000000000
0000000000000000
0000000000000000
0000000000000000
0000000000000000
0000000000000000
0000000000000000
0000000000000000
0000000000000000
0000000000000000
0000000000000000
0000000000000000
0000000000000000
0000000000000000
0000000000000000
0000000000000000
0000000000000000
0000000000000000
0000000000000000
0000000000000000
0000000000000000
0000000000000000
0000000000000000
0000000000000000
0000000000000000
0000000000000000
0000000000000000
0000000000000000
0000000000000000
0000000000000000
0000000000000000
0000000000000000
0000000000000000
0000000000000000
0000000000000000
0000000000000000
0000000000000000
0000000000000000
0000000000000000
0000000000000000
0000000000000000
0000000000000000
0000000000000000
0000000000000000
0000000000000000
0000000000000000
0000000000000000
0000000000000000
0000000000000000
0000000000000000
0000000000000000
0000000000000000
0000000000000000
0000000000000000
0000000000000000
0000000000000000
0000000000000000
0000000000000000
0000000000000000
0000000000000000
0000000000000000
0000000000000000
0000000000000000
0000000000000000
0000000000000000
0000000000000000
0000000000000000
0000000000000000
0000000000000000
0000000000000000
0000000000000000
0000000000000000
0000000000000000
0000000000000000
0000000000000000
0000000000000000
0000000000000000
0000000000000000
0000000000000000
0000000000000000
0000000000000000
0000000000000000
0000000000000000
0000000000000000
0000000000000000
0000000000000000
0000000000000000
0000000000000000
0000000000000000
0000000000000000
0000000000000000
0000000000000000
0000000000000000
0000000000000000
0000000000000000
0000000000000000
0000000000000000
0000000000000000
0000000000000000
0000000000000000
0000000000000000
0000000000000000
0000000000000000
0000000000000000
0000000000000000
0000000000000000
0000000000000000
0000000000000000
0000000000000000
0000000000000000
0000000000000000
0000000000000000
0000000000000000
0000000000000000
0000000000000000
0000000000000000
0000000000000000
0000000000000000
0000000000000000
0000000000000000
0000000000000000
0000000000000000
0000000000000000
0000000000000000
0000000000000000
0000000000000000
0000000000000000
0000000000000000
0000000000000000
0000000000000000
0000000000000000
0000000000000000
0000000000000000
0000000000000000
0000000000000000
0000000000000000
0000000000000000
0000000000000000
0000000000000000
0000000000000000
0000000000000000
0000000000000000
0000000000000000
0000000000000000
0000000000000000
0000000000000000
0000000000000000
0000000000000000
0000000000000000
0000000000000000
0000000000000000
0000000000000000
0000000000000000
0000000000000000
0000000000000000
0000000000000000
0000000000000000
0000000000000000
0000000000000000
0000000000000000
0000000000000000
0000000000000000
0000000000000000
0000000000000000
0000000000000000
0000000000000000
0000000000000000
0000000000000000
0000000000000000
0000000000000000
0000000000000000
0000000000000000
0000000000000000
0000000000000000
0000000000000000
0000000000000000
0000000000000000
0000000000000000
0000000000000000
0000000000000000
0000000000000000
0000000000000000
0000000000000000
0000000000000000
0000000000000000
0000000000000000
0000000000000000
0000000000000000
0000000000000000
0000000000000000
0000000000000000
0000000000000000
0000000000000000
0000000000000000
0000000000000000
0000000000000000
0000000000000000
0000000000000000
0000000000000000
0000000000000000
0000000000000000
0000000000000000
0000000000000000
0000000000000000
0000000000000000
0000000000000000
0000000000000000
0000000000000000
0000000000000000
0000000000000000
0000000000000000
0000000000000000
0000000000000000
0000000000000000
0000000000000000
0000000000000000
0000000000000000
0000000000000000
0000000000000000
0000000000000000
0000000000000000
0000000000000000
0000000000000000
0000000000000000
0000000000000000
0000000000000000
0000000000000000
0000000000000000
0000000000000000
0000000000000000
0000000000000000
0000000000000000
0000000000000000
0000000000000000
0000000000000000
0000000000000000
0000000000000000
0000000000000000
0000000000000000
0000000000000000
0000000000000000
0000000000000000
0000000000000000
0000000000000000
0000000000000000
0000000000000000
0000000000000000
0000000000000000
0000000000000000
0000000000000000
0000000000000000
0000000000000000
0000000000000000
0000000000000000
0000000000000000
0000000000000000
0000000000000000
0000000000000000
0000000000000000
0000000000000000
0000000000000000
0000000000000000
0000000000000000
0000000000000000
0000000000000000
0000000000000000
0000000000000000
0000000000000000
0000000000000000
0000000000000000
0000000000000000
0000000000000000
0000000000000000
0000000000000000
0000000000000000
0000000000000000
0000000000000000
0000000000000000
0000000000000000
0000000000000000
0000000000000000
0000000000000000
0000000000000000
0000000000000000
0000000000000000
0000000000000000
0000000000000000
0000000000000000
0000000000000000
0000000000000000
0000000000000000
0000000000000000
0000000000000000
0000000000000000
0000000000000000
0000000000000000
0000000000000000
0000000000000000
0000000000000000
0000000000000000
0000000000000000
0000000000000000
0000000000000000
0000000000000000
0000000000000000
0000000000000000
0000000000000000
0000000000000000
0000000000000000
0000000000000000
0000000000000000
0000000000000000
0000000000000000
0000000000000000
0000000000000000
0000000000000000
0000000000000000
0000000000000000
0000000000000000
0000000000000000
0000000000000000
0000000000000000
0000000000000000
0000000000000000
0000000000000000
0000000000000000
0000000000000000
0000000000000000
0000000000000000
0000000000000000
0000000000000000
0000000000000000
0000000000000000
0000000000000000
0000000000000000
0000000000000000
0000000000000000
0000000000000000
0000000000000000
0000000000000000
0000000000000000
0000000000000000
0000000000000000
0000000000000000
0000000000000000
0000000000000000
0000000000000000
0000000000000000
0000000000000000
0000000000000000
0000000000000000
0000000000000000
0000000000000000
0000000000000000
0000000000000000
0000000000000000
0000000000000000
0000000000000000
0000000000000000
0000000000000000
0000000000000000
0000000000000000
0000000000000000
0000000000000000
0000000000000000
0000000000000000
0000000000000000
0000000000000000
0000000000000000
0000000000000000
0000000000000000
0000000000000000
0000000000000000
07fff800f8000800
0000000000000000
0000000000000000
0000000000000000
0000000000000000
0000000000000000
0000000000000000
0000000000000000
0000000000000000
0000000000000000
0000000000000000
0000000000000000
0000000000000000
0000000000000000
0000000000000000
0000000000000000
0000000000000000
0000000000000000
0000000000000000
0000000000000000
0000000000000000
0000000000000000
0000000000000000
0000000000000000
0000000000000000
0000000000000000
0000000000000000
0000000000000000
0000000000000000
0000000000000000
0000000000000000
0000000000000000
0000000000000000
0000000000000000
0000000000000000
0000000000000000
0000000000000000
0000000000000000
0000000000000000
0000000000000000
0000000000000000
0000000000000000
0000000000000000
0000000000000000
0000000000000000
0000000000000000
0000000000000000
0000000000000000
0000000000000000
0000000000000000
0000000000000000
0000000000000000
0000000000000000
0000000000000000
0000000000000000
0000000000000000
0000000000000000
0000000000000000
0000000000000000
0000000000000000
0000000000000000
0000000000000000
0000000000000000
0000000000000000
0000000000000000
0000000000000000
0000000000000000
0000000000000000
0000000000000000
0000000000000000
0000000000000000
0000000000000000
0000000000000000
0000000000000000
0000000000000000
0000000000000000
0000000000000000
0000000000000000
0000000000000000
0000000000000000
0000000000000000
0000000000000000
0000000000000000
0000000000000000
0000000000000000
0000000000000000
0000000000000000
0000000000000000
0000000000000000
0000000000000000
0000000000000000
0000000000000000
0000000000000000
0000000000000000
0000000000000000
0000000000000000
0000000000000000
0000000000000000
0000000000000000
0000000000000000
0000000000000000
0000000000000000
0000000000000000
0000000000000000
0000000000000000
0000000000000000
0000000000000000
0000000000000000
0000000000000000
0000000000000000
0000000000000000
0000000000000000
0000000000000000
0000000000000000
0000000000000000
0000000000000000
0000000000000000
0000000000000000
0000000000000000
0000000000000000
0000000000000000
0000000000000000
0000000000000000
0000000000000000
0000000000000000
0000000000000000
0000000000000000
0000000000000000
0000000000000000
0000000000000000
0000000000000000
0000000000000000
0000000000000000
0000000000000000
0000000000000000
0000000000000000
0000000000000000
0000000000000000
0000000000000000
0000000000000000
0000000000000000
0000000000000000
0000000000000000
0000000000000000
0000000000000000
0000000000000000
0000000000000000
0000000000000000
0000000000000000
0000000000000000
0000000000000000
0000000000000000
0000000000000000
0000000000000000
0000000000000000
0000000000000000
0000000000000000
0000000000000000
0000000000000000
0000000000000000
0000000000000000
0000000000000000
0000000000000000
0000000000000000
0000000000000000
0000000000000000
0000000000000000
0000000000000000
0000000000000000
0000000000000000
0000000000000000
0000000000000000
0000000000000000
0000000000000000
0000000000000000
0000000000000000
0000000000000000
0000000000000000
0000000000000000
0000000000000000
0000000000000000
0000000000000000
0000000000000000
0000000000000000
0000000000000000
0000000000000000
0000000000000000
0000000000000000
0000000000000000
0000000000000000
0000000000000000
0000000000000000
0000000000000000
0000000000000000
0000000000000000
0000000000000000
0000000000000000
0000000000000000
0000000000000000
0000000000000000
0000000000000000
0000000000000000
0000000000000000
0000000000000000
0000000000000000
0000000000000000
0000000000000000
0000000000000000
0000000000000000
0000000000000000
0000000000000000
0000000000000000
0000000000000000
0000000000000000
0000000000000000
0000000000000000
0000000000000000
0000000000000000
0000000000000000
0000000000000000
0000000000000000
0000000000000000
0000000000000000
0000000000000000
0000000000000000
0000000000000000
0000000000000000
0000000000000000
0000000000000000
0000000000000000
0000000000000000
0000000000000000
0000000000000000
0000000000000000
0000000000000000
0000000000000000
0000000000000000
0000000000000000
0000000000000000
0000000000000000
0000000000000000
0000000000000000
0000000000000000
0000000000000000
0000000000000000
0000000000000000
0000000000000000
0000000000000000
0000000000000000
0000000000000000
0000000000000000
0000000000000000
0000000000000000
0000000000000000
0000000000000000
0000000000000000
0000000000000000
0000000000000000
0000000000000000
0000000000000000
0000000000000000
0000000000000000
0000000000000000
0000000000000000
0000000000000000
0000000000000000
0000000000000000
0000000000000000
0000000000000000
0000000000000000
0000000000000000
0000000000000000
0000000000000000
0000000000000000
0000000000000000
0000000000000000
0000000000000000
0000000000000000
0000000000000000
0000000000000000
0000000000000000
0000000000000000
0000000000000000
0000000000000000
0000000000000000
0000000000000000
0000000000000000
0000000000000000
0000000000000000
0000000000000000
0000000000000000
0000000000000000
0000000000000000
0000000000000000
0000000000000000
0000000000000000
0000000000000000
0000000000000000
0000000000000000
0000000000000000
0000000000000000
0000000000000000
0000000000000000
0000000000000000
0000000000000000
0000000000000000
0000000000000000
0000000000000000
0000000000000000
0000000000000000
0000000000000000
0000000000000000
0000000000000000
0000000000000000
0000000000000000
0000000000000000
0000000000000000
0000000000000000
0000000000000000
0000000000000000
0000000000000000
0000000000000000
0000000000000000
0000000000000000
0000000000000000
0000000000000000
0000000000000000
0000000000000000
0000000000000000
0000000000000000
0000000000000000
0000000000000000
0000000000000000
0000000000000000
0000000000000000
0000000000000000
0000000000000000
0000000000000000
0000000000000000
0000000000000000
0000000000000000
0000000000000000
0000000000000000
0000000000000000
0000000000000000
0000000000000000
0000000000000000
0000000000000000
0000000000000000
0000000000000000
0000000000000000
0000000000000000
0000000000000000
0000000000000000
0000000000000000
0000000000000000
0000000000000000
0000000000000000
0000000000000000
0000000000000000
0000000000000000
0000000000000000
0000000000000000
0000000000000000
0000000000000000
0000000000000000
0000000000000000
0000000000000000
0000000000000000
0000000000000000
0000000000000000
0000000000000000
0000000000000000
0000000000000000
0000000000000000
0000000000000000
0000000000000000
0000000000000000
0000000000000000
0000000000000000
0000000000000000
0000000000000000
0000000000000000
0000000000000000
0000000000000000
0000000000000000
0000000000000000
0000000000000000
0000000000000000
0000000000000000
0000000000000000
0000000000000000
0000000000000000
0000000000000000
0000000000000000
0000000000000000
0000000000000000
0000000000000000
0000000000000000
0000000000000000
0000000000000000
0000000000000000
0000000000000000
0000000000000000
0000000000000000
0000000000000000
0000000000000000
0000000000000000
0000000000000000
0000000000000000
0000000000000000
0000000000000000
0000000000000000
0000000000000000
0000000000000000
0000000000000000
0000000000000000
0000000000000000
0000000000000000
0000000000000000
0000000000000000
0000000000000000
0000000000000000
0000000000000000
0000000000000000
0000000000000000
0000000000000000
0000000000000000
0000000000000000
0000000000000000
0000000000000000
0000000000000000
0000000000000000
0000000000000000
0000000000000000
0000000000000000
0000000000000000
0000000000000000
0000000000000000
0000000000000000
0000000000000000
0000000000000000
0000000000000000
0000000000000000
0000000000000000
0000000000000000
0000000000000000
0000000000000000
0000000000000000
0000000000000000
0000000000000000
0000000000000000
0000000000000000
0000000000000000
0000000000000000
0000000000000000
0000000000000000
0000000000000000
0000000000000000
0000000000000000
0000000000000000
0000000000000000
0000000000000000
0000000000000000
0000000000000000
0000000000000000
0000000000000000
0000000000000000
0000000000000000
0000000000000000
0000000000000000
0000000000000000
0000000000000000
0000000000000000
0000000000000000
0000000000000000
0000000000000000
0000000000000000
0000000000000000
0000000000000000
0000000000000000
0000000000000000
0000000000000000
0000000000000000
0000000000000000
0000000000000000
0000000000000000
0000000000000000
0000000000000000
0000000000000000
0000000000000000
0000000000000000
0000000000000000
0000000000000000
0000000000000000
0000000000000000
0000000000000000
0000000000000000
0000000000000000
0000000000000000
0000000000000000
0000000000000000
0000000000000000
0000000000000000
0000000000000000
0000000000000000
0000000000000000
0000000000000000
0000000000000000
0000000000000000
0000000000000000
0000000000000000
0000000000000000
0000000000000000
0000000000000000
0000000000000000
0000000000000000
0000000000000000
0000000000000000
0000000000000000
0000000000000000
0000000000000000
0000000000000000
0000000000000000
0000000000000000
0000000000000000
0000000000000000
0000000000000000
0000000000000000
0000000000000000
0000000000000000
0000000000000000
0000000000000000
0000000000000000
0000000000000000
0000000000000000
0000000000000000
0000000000000000
0000000000000000
0000000000000000
0000000000000000
0000000000000000
0000000000000000
0000000000000000
0000000000000000
0000000000000000
0000000000000000
0000000000000000
0000000000000000
0000000000000000
0000000000000000
0000000000000000
0000000000000000
0000000000000000
0000000000000000
0000000000000000
0000000000000000
0000000000000000
0000000000000000
0000000000000000
0000000000000000
0000000000000000
0000000000000000
0000000000000000
0000000000000000
0000000000000000
0000000000000000
0000000000000000
0000000000000000
0000000000000000
0000000000000000
0000000000000000
0000000000000000
0000000000000000
0000000000000000
0000000000000000
0000000000000000
0000000000000000
0000000000000000
0000000000000000
0000000000000000
0000000000000000
0000000000000000
0000000000000000
0000000000000000
0000000000000000
0000000000000000
0000000000000000
0000000000000000
0000000000000000
0000000000000000
0000000000000000
0000000000000000
0000000000000000
0000000000000000
0000000000000000
0000000000000000
0000000000000000
0000000000000000
0000000000000000
0000000000000000
0000000000000000
0000000000000000
0000000000000000
0000000000000000
0000000000000000
0000000000000000
0000000000000000
0000000000000000
0000000000000000
0000000000000000
0000000000000000
0000000000000000
0000000000000000
0000000000000000
0000000000000000
0000000000000000
0000000000000000
0000000000000000
0000000000000000
0000000000000000
0000000000000000
0000000000000000
0000000000000000
0000000000000000
0000000000000000
0000000000000000
0000000000000000
0000000000000000
0000000000000000
0000000000000000
0000000000000000
0000000000000000
0000000000000000
0000000000000000
0000000000000000
0000000000000000
0000000000000000
0000000000000000
0000000000000000
0000000000000000
0000000000000000
0000000000000000
0000000000000000
0000000000000000
0000000000000000
0000000000000000
0000000000000000
0000000000000000
0000000000000000
0000000000000000
0000000000000000
0000000000000000
0000000000000000
0000000000000000
0000000000000000
0000000000000000
0000000000000000
0000000000000000
0000000000000000
0000000000000000
0000000000000000
0000000000000000
0000000000000000
0000000000000000
0000000000000000
0000000000000000
0000000000000000
0000000000000000
0000000000000000
0000000000000000
0000000000000000
0000000000000000
0000000000000000
0000000000000000
0000000000000000
0000000000000000
0000000000000000
0000000000000000
0000000000000000
0000000000000000
0000000000000000
0000000000000000
0000000000000000
0000000000000000
0000000000000000
0000000000000000
0000000000000000
0000000000000000
0000000000000000
0000000000000000
0000000000000000
0000000000000000
0000000000000000
0000000000000000
0000000000000000
0000000000000000
0000000000000000
0000000000000000
0000000000000000
0000000000000000
0000000000000000
0000000000000000
0000000000000000
0000000000000000
0000000000000000
0000000000000000
0000000000000000
0000000000000000
0000000000000000
0000000000000000
0000000000000000
0000000000000000
0000000000000000
0000000000000000
0000000000000000
0000000000000000
0000000000000000
0000000000000000
0000000000000000
0000000000000000
0000000000000000
0000000000000000
0000000000000000
0000000000000000
0000000000000000
0000000000000000
0000000000000000
0000000000000000
0000000000000000
0000000000000000
0000000000000000
0000000000000000
0000000000000000
0000000000000000
0000000000000000
0000000000000000
0000000000000000
0000000000000000
0000000000000000
0000000000000000
0000000000000000
0000000000000000
0000000000000000
0000000000000000
0000000000000000
0000000000000000
0000000000000000
0000000000000000
0000000000000000
0000000000000000
0000000000000000
0000000000000000
0000000000000000
0000000000000000
0000000000000000
0000000000000000
0000000000000000
0000000000000000
0000000000000000
0000000000000000
0000000000000000
0000000000000000
0000000000000000
0000000000000000
0000000000000000
0000000000000000
0000000000000000
0000000000000000
0000000000000000
0000000000000000
0000000000000000
0000000000000000
0000000000000000
0000000000000000
0000000000000000
0000000000000000
0000000000000000
0000000000000000
0000000000000000
0000000000000000
0000000000000000
0000000000000000
0000000000000000
0000000000000000
0000000000000000
0000000000000000
0000000000000000
0000000000000000
0000000000000000
0000000000000000
0000000000000000
0000000000000000
0000000000000000
0000000000000000
0000000000000000
0000000000000000
0000000000000000
0000000000000000
0000000000000000
0000000000000000
0000000000000000
0000000000000000
0000000000000000
0000000000000000
0000000000000000
0000000000000000
0000000000000000
0000000000000000
0000000000000000
0000000000000000
0000000000000000
0000000000000000
0000000000000000
0000000000000000
0000000000000000
0000000000000000
0000000000000000
0000000000000000
0000000000000000
0000000000000000
0000000000000000
0000000000000000
0000000000000000
0000000000000000
0000000000000000
0000000000000000
0000000000000000
0000000000000000
0000000000000000
0000000000000000
0000000000000000
0000000000000000
0000000000000000
0000000000000000
0000000000000000
0000000000000000
0000000000000000
0000000000000000
0000000000000000
0000000000000000
0000000000000000
0000000000000000
0000000000000000
0000000000000000
0000000000000000
0000000000000000
0000000000000000
0000000000000000
0000000000000000
0000000000000000
0000000000000000
0000000000000000
0000000000000000
0000000000000000
0000000000000000
0000000000000000
0000000000000000
0000000000000000
0000000000000000
0000000000000000
0000000000000000
0000000000000000
0000000000000000
0000000000000000
0000000000000000
0000000000000000
0000000000000000
0000000000000000
0000000000000000
0000000000000000
0000000000000000
0000000000000000
0000000000000000
0000000000000000
0000000000000000
0000000000000000
0000000000000000
0000000000000000
0000000000000000
0000000000000000
0000000000000000
0000000000000000
0000000000000000
0000000000000000
0000000000000000
0000000000000000
0000000000000000
0000000000000000
0000000000000000
0000000000000000
0000000000000000
0000000000000000
0000000000000000
0000000000000000
0000000000000000
0000000000000000
0000000000000000
0000000000000000
0000000000000000
0000000000000000
0000000000000000
0000000000000000
0000000000000000
0000000000000000
0000000000000000
0000000000000000
0000000000000000
0000000000000000
0000000000000000
0000000000000000
0000000000000000
0000000000000000
0000000000000000
0000000000000000
0000000000000000
0000000000000000
0000000000000000
0000000000000000
0000000000000000
0000000000000000
0000000000000000
0000000000000000
0000000000000000
0000000000000000
0000000000000000
0000000000000000
0000000000000000
0000000000000000
0000000000000000
0000000000000000
0000000000000000
0000000000000000
0000000000000000
0000000000000000
0000000000000000
0000000000000000
0000000000000000
0000000000000000
0000000000000000
0000000000000000
0000000000000000
0000000000000000
0000000000000000
0000000000000000
0000000000000000
0000000000000000
0000000000000000
0000000000000000
0000000000000000
0000000000000000
0000000000000000
0000000000000000
0000000000000000
0000000000000000
0000000000000000
0000000000000000
0000000000000000
0000000000000000
0000000000000000
0000000000000000
0000000000000000
0000000000000000
0000000000000000
0000000000000000
0000000000000000
0000000000000000
0000000000000000
0000000000000000
0000000000000000
0000000000000000
0000000000000000
0000000000000000
0000000000000000
0000000000000000
0000000000000000
0000000000000000
0000000000000000
0000000000000000
0000000000000000
0000000000000000
0000000000000000
0000000000000000
0000000000000000
0000000000000000
0000000000000000
0000000000000000
0000000000000000
0000000000000000
0000000000000000
0000000000000000
0000000000000000
0000000000000000
0000000000000000
0000000000000000
0000000000000000
0000000000000000
0000000000000000
0000000000000000
0000000000000000
0000000000000000
0000000000000000
0000000000000000
0000000000000000
0000000000000000
0000000000000000
0000000000000000
0000000000000000
0000000000000000
0000000000000000
0000000000000000
0000000000000000
0000000000000000
0000000000000000
0000000000000000
0000000000000000
0000000000000000
0000000000000000
0000000000000000
0000000000000000
0000000000000000
0000000000000000
0000000000000000
0000000000000000
0000000000000000
0000000000000000
0000000000000000
0000000000000000
0000000000000000
0000000000000000
0000000000000000
0000000000000000
0000000000000000
0000000000000000
0000000000000000
0000000000000000
0000000000000000
0000000000000000
0000000000000000
0000000000000000
0000000000000000
0000000000000000
0000000000000000
0000000000000000
0000000000000000
0000000000000000
0000000000000000
0000000000000000
0000000000000000
0000000000000000
0000000000000000
0000000000000000
0000000000000000
0000000000000000
0000000000000000
0000000000000000
0000000000000000
0000000000000000
0000000000000000
0000000000000000
0000000000000000
0000000000000000
0000000000000000
0000000000000000
0000000000000000
0000000000000000
0000000000000000
0000000000000000
0000000000000000
0000000000000000
0000000000000000
0000000000000000
0000000000000000
0000000000000000
0000000000000000
0000000000000000
0000000000000000
0000000000000000
0000000000000000
0000000000000000
0000000000000000
0000000000000000
0000000000000000
0000000000000000
0000000000000000
0000000000000000
0000000000000000
0000000000000000
0000000000000000
0000000000000000
0000000000000000
0000000000000000
0000000000000000
0000000000000000
0000000000000000
0000000000000000
0000000000000000
0000000000000000
0000000000000000
0000000000000000
0000000000000000
0000000000000000
0000000000000000
0000000000000000
0000000000000000
0000000000000000
0000000000000000
0000000000000000
0000000000000000
0000000000000000
0000000000000000
0000000000000000
0000000000000000
0000000000000000
0000000000000000
0000000000000000
0000000000000000
0000000000000000
0000000000000000
0000000000000000
0000000000000000
0000000000000000
0000000000000000
0000000000000000
0000000000000000
0000000000000000
0000000000000000
0000000000000000
0000000000000000
0000000000000000
0000000000000000
0000000000000000
0000000000000000
0000000000000000
0000000000000000
0000000000000000
0000000000000000
0000000000000000
0000000000000000
0000000000000000
0000000000000000
0000000000000000
0000000000000000
0000000000000000
0000000000000000
0000000000000000
0000000000000000
0000000000000000
0000000000000000
0000000000000000
0000000000000000
0000000000000000
0000000000000000
0000000000000000
0000000000000000
0000000000000000
0000000000000000
0000000000000000
0000000000000000
0000000000000000
0000000000000000
0000000000000000
0000000000000000
0000000000000000
0000000000000000
0000000000000000
0000000000000000
0000000000000000
0000000000000000
0000000000000000
0000000000000000
0000000000000000
0000000000000000
0000000000000000
0000000000000000
0000000000000000
0000000000000000
0000000000000000
0000000000000000
0000000000000000
0000000000000000
0000000000000000
0000000000000000
0000000000000000
0000000000000000
0000000000000000
0000000000000000
0000000000000000
0000000000000000
0000000000000000
0000000000000000
0000000000000000
0000000000000000
0000000000000000
0000000000000000
0000000000000000
0000000000000000
0000000000000000
0000000000000000
0000000000000000
0000000000000000
0000000000000000
0000000000000000
0000000000000000
0000000000000000
0000000000000000
0000000000000000
0000000000000000
0000000000000000
0000000000000000
0000000000000000
0000000000000000
0000000000000000
0000000000000000
0000000000000000
0000000000000000
0000000000000000
0000000000000000
0000000000000000
0000000000000000
0000000000000000
0000000000000000
0000000000000000
0000000000000000
0000000000000000
0000000000000000
0000000000000000
0000000000000000
0000000000000000
0000000000000000
0000000000000000
0000000000000000
0000000000000000
0000000000000000
0000000000000000
0000000000000000
0000000000000000
0000000000000000
0000000000000000
0000000000000000
0000000000000000
0000000000000000
0000000000000000
0000000000000000
0000000000000000
0000000000000000
0000000000000000
0000000000000000
0000000000000000
0000000000000000
0000000000000000
0000000000000000
0000000000000000
0000000000000000
0000000000000000
0000000000000000
0000000000000000
0000000000000000
0000000000000000
0000000000000000
0000000000000000
0000000000000000
0000000000000000
0000000000000000
0000000000000000
0000000000000000
0000000000000000
0000000000000000
0000000000000000
0000000000000000
0000000000000000
0000000000000000
0000000000000000
0000000000000000
0000000000000000
0000000000000000
0000000000000000
0000000000000000
0000000000000000
0000000000000000
0000000000000000
0000000000000000
0000000000000000
0000000000000000
0000000000000000
0000000000000000
0000000000000000
0000000000000000
0000000000000000
0000000000000000
0000000000000000
0000000000000000
0000000000000000
0000000000000000
0000000000000000
0000000000000000
0000000000000000
0000000000000000
0000000000000000
0000000000000000
0000000000000000
0000000000000000
0000000000000000
0000000000000000
0000000000000000
0000000000000000
0000000000000000
0000000000000000
0000000000000000
0000000000000000
0000000000000000
0000000000000000
0000000000000000
0000000000000000
0000000000000000
0000000000000000
0000000000000000
0000000000000000
0000000000000000
0000000000000000
0000000000000000
0000000000000000
0000000000000000
0000000000000000
0000000000000000
0000000000000000
0000000000000000
0000000000000000
0000000000000000
0000000000000000
0000000000000000
0000000000000000
0000000000000000
0000000000000000
0000000000000000
0000000000000000
0000000000000000
0000000000000000
0000000000000000
0000000000000000
0000000000000000
0000000000000000
0000000000000000
0000000000000000
0000000000000000
0000000000000000
0000000000000000
0000000000000000
0000000000000000
0000000000000000
0000000000000000
0000000000000000
0000000000000000
0000000000000000
0000000000000000
0000000000000000
0000000000000000
0000000000000000
0000000000000000
0000000000000000
0000000000000000
0000000000000000
0000000000000000
0000000000000000
0000000000000000
0000000000000000
0000000000000000
0000000000000000
0000000000000000
0000000000000000
0000000000000000
0000000000000000
0000000000000000
0000000000000000
0000000000000000
0000000000000000
0000000000000000
0000000000000000
0000000000000000
0000000000000000
0000000000000000
0000000000000000
0000000000000000
0000000000000000
0000000000000000
0000000000000000
0000000000000000
0000000000000000
0000000000000000
0000000000000000
0000000000000000
0000000000000000
0000000000000000
0000000000000000
0000000000000000
0000000000000000
0000000000000000
0000000000000000
0000000000000000
0000000000000000
0000000000000000
0000000000000000
0000000000000000
0000000000000000
0000000000000000
0000000000000000
0000000000000000
0000000000000000
0000000000000000
0000000000000000
0000000000000000
0000000000000000
0000000000000000
0000000000000000
0000000000000000
0000000000000000
0000000000000000
0000000000000000
0000000000000000
0000000000000000
0000000000000000
0000000000000000
0000000000000000
0000000000000000
0000000000000000
0000000000000000
0000000000000000
0000000000000000
0000000000000000
0000000000000000
0000000000000000
0000000000000000
0000000000000000
0000000000000000
0000000000000000
0000000000000000
0000000000000000
0000000000000000
0000000000000000
0000000000000000
0000000000000000
0000000000000000
0000000000000000
0000000000000000
0000000000000000
0000000000000000
0000000000000000
0000000000000000
0000000000000000
0000000000000000
0000000000000000
0000000000000000
0000000000000000
0000000000000000
0000000000000000
0000000000000000
0000000000000000
0000000000000000
0000000000000000
0000000000000000
0000000000000000
0000000000000000
0000000000000000
0000000000000000
0000000000000000
0000000000000000
0000000000000000
0000000000000000
0000000000000000
0000000000000000
0000000000000000
0000000000000000
0000000000000000
0000000000000000
0000000000000000
0000000000000000
0000000000000000
0000000000000000
0000000000000000
0000000000000000
0000000000000000
0000000000000000
0000000000000000
0000000000000000
0000000000000000
0000000000000000
0000000000000000
0000000000000000
0000000000000000
0000000000000000
0000000000000000
0000000000000000
0000000000000000
0000000000000000
0000000000000000
0000000000000000
0000000000000000
0000000000000000
0000000000000000
0000000000000000
0000000000000000
0000000000000000
0000000000000000
0000000000000000
0000000000000000
0000000000000000
0000000000000000
0000000000000000
0000000000000000
0000000000000000
0000000000000000
0000000000000000
0000000000000000
0000000000000000
0000000000000000
0000000000000000
0000000000000000
0000000000000000
0000000000000000
0000000000000000
0000000000000000
0000000000000000
0000000000000000
0000000000000000
0000000000000000
0000000000000000
0000000000000000
0000000000000000
0000000000000000
0000000000000000
0000000000000000
0000000000000000
0000000000000000
0000000000000000
0000000000000000
0000000000000000
0000000000000000
0000000000000000
0000000000000000
0000000000000000
0000000000000000
0000000000000000
0000000000000000
0000000000000000
0000000000000000
0000000000000000
0000000000000000
0000000000000000
0000000000000000
0000000000000000
0000000000000000
0000000000000000
0000000000000000
0000000000000000
0000000000000000
0000000000000000
0000000000000000
0000000000000000
0000000000000000
0000000000000000
0000000000000000
0000000000000000
0000000000000000
0000000000000000
0000000000000000
0000000000000000
0000000000000000
0000000000000000
0000000000000000
0000000000000000
0000000000000000
0000000000000000
0000000000000000
0000000000000000
0000000000000000
0000000000000000
0000000000000000
0000000000000000
0000000000000000
0000000000000000
0000000000000000
0000000000000000
0000000000000000
0000000000000000
0000000000000000
0000000000000000
0000000000000000
0000000000000000
0000000000000000
0000000000000000
0000000000000000
0000000000000000
0000000000000000
0000000000000000
0000000000000000
0000000000000000
0000000000000000
0000000000000000
0000000000000000
0000000000000000
0000000000000000
0000000000000000
0000000000000000
0000000000000000
0000000000000000
0000000000000000
0000000000000000
0000000000000000
0000000000000000
0000000000000000
0000000000000000
0000000000000000
0000000000000000
0000000000000000
0000000000000000
0000000000000000
0000000000000000
0000000000000000
0000000000000000
0000000000000000
0000000000000000
0000000000000000
0000000000000000
0000000000000000
0000000000000000
0000000000000000
0000000000000000
0000000000000000
0000000000000000
0000000000000000
0000000000000000
0000000000000000
0000000000000000
0000000000000000
0000000000000000
0000000000000000
0000000000000000
0000000000000000
0000000000000000
0000000000000000
0000000000000000
0000000000000000
0000000000000000
0000000000000000
0000000000000000
0000000000000000
0000000000000000
0000000000000000
0000000000000000
0000000000000000
0000000000000000
0000000000000000
0000000000000000
0000000000000000
0000000000000000
0000000000000000
0000000000000000
0000000000000000
0000000000000000
0000000000000000
0000000000000000
0000000000000000
0000000000000000
0000000000000000
0000000000000000
0000000000000000
0000000000000000
0000000000000000
0000000000000000
0000000000000000
0000000000000000
0000000000000000
0000000000000000
0000000000000000
0000000000000000
0000000000000000
0000000000000000
0000000000000000
0000000000000000
0000000000000000
0000000000000000
0000000000000000
0000000000000000
0000000000000000
0000000000000000
0000000000000000
0000000000000000
0000000000000000
0000000000000000
0000000000000000
0000000000000000
0000000000000000
0000000000000000
0000000000000000
0000000000000000
0000000000000000
0000000000000000
0000000000000000
0000000000000000
0000000000000000
0000000000000000
0000000000000000
0000000000000000
0000000000000000
0000000000000000
0000000000000000
0000000000000000
0000000000000000
0000000000000000
0000000000000000
0000000000000000
0000000000000000
0000000000000000
0000000000000000
0000000000000000
0000000000000000
0000000000000000
0000000000000000
0000000000000000
0000000000000000
0000000000000000
0000000000000000
0000000000000000
0000000000000000
0000000000000000
0000000000000000
0000000000000000
0000000000000000
0000000000000000
0000000000000000
0000000000000000
0000000000000000
0000000000000000
0000000000000000
0000000000000000
0000000000000000
0000000000000000
0000000000000000
0000000000000000
0000000000000000
0000000000000000
0000000000000000
0000000000000000
0000000000000000
0000000000000000
0000000000000000
0000000000000000
0000000000000000
0000000000000000
0000000000000000
0000000000000000
0000000000000000
0000000000000000
0000000000000000
0000000000000000
0000000000000000
0000000000000000
0000000000000000
0000000000000000
0000000000000000
0000000000000000
0000000000000000
0000000000000000
0000000000000000
0000000000000000
0000000000000000
0000000000000000
0000000000000000
0000000000000000
0000000000000000
0000000000000000
0000000000000000
0000000000000000
0000000000000000
0000000000000000
0000000000000000
0000000000000000
0000000000000000
0000000000000000
0000000000000000
0000000000000000
0000000000000000
0000000000000000
0000000000000000
0000000000000000
0000000000000000
0000000000000000
0000000000000000
0000000000000000
0000000000000000
0000000000000000
0000000000000000
0000000000000000
0000000000000000
0000000000000000
0000000000000000
0000000000000000
0000000000000000
0000000000000000
0000000000000000
0000000000000000
0000000000000000
0000000000000000
0000000000000000
0000000000000000
0000000000000000
0000000000000000
0000000000000000
0000000000000000
0000000000000000
0000000000000000
0000000000000000
0000000000000000
0000000000000000
0000000000000000
0000000000000000
0000000000000000
0000000000000000
0000000000000000
0000000000000000
0000000000000000
0000000000000000
0000000000000000
0000000000000000
0000000000000000
0000000000000000
0000000000000000
0000000000000000
0000000000000000
0000000000000000
0000000000000000
0000000000000000
0000000000000000
0000000000000000
0000000000000000
0000000000000000
0000000000000000
0000000000000000
0000000000000000
0000000000000000
0000000000000000
0000000000000000
0000000000000000
0000000000000000
0000000000000000
0000000000000000
0000000000000000
0000000000000000
0000000000000000
0000000000000000
0000000000000000
0000000000000000
0000000000000000
0000000000000000
0000000000000000
0000000000000000
0000000000000000
0000000000000000
0000000000000000
0000000000000000
0000000000000000
0000000000000000
0000000000000000
0000000000000000
0000000000000000
0000000000000000
0000000000000000
0000000000000000
0000000000000000
0000000000000000
0000000000000000
0000000000000000
0000000000000000
0000000000000000
0000000000000000
0000000000000000
0000000000000000
0000000000000000
0000000000000000
0000000000000000
0000000000000000
0000000000000000
0000000000000000
0000000000000000
0000000000000000
0000000000000000
0000000000000000
0000000000000000
0000000000000000
0000000000000000
0000000000000000
0000000000000000
0000000000000000
0000000000000000
0000000000000000
0000000000000000
0000000000000000
0000000000000000
0000000000000000
0000000000000000
0000000000000000
0000000000000000
0000000000000000
0000000000000000
0000000000000000
0000000000000000
0000000000000000
0000000000000000
0000000000000000
0000000000000000
0000000000000000
0000000000000000
0000000000000000
0000000000000000
0000000000000000
0000000000000000
0000000000000000
0000000000000000
0000000000000000
0000000000000000
0000000000000000
0000000000000000
0000000000000000
0000000000000000
0000000000000000
0000000000000000
0000000000000000
0000000000000000
0000000000000000
0000000000000000
0000000000000000
0000000000000000
0000000000000000
0000000000000000
0000000000000000
0000000000000000
0000000000000000
0000000000000000
0000000000000000
0000000000000000
0000000000000000
0000000000000000
0000000000000000
0000000000000000
0000000000000000
0000000000000000
0000000000000000
0000000000000000
0000000000000000
0000000000000000
0000000000000000
0000000000000000
0000000000000000
0000000000000000
0000000000000000
0000000000000000
0000000000000000
0000000000000000
0000000000000000
0000000000000000
0000000000000000
0000000000000000
0000000000000000
0000000000000000
0000000000000000
0000000000000000
0000000000000000
0000000000000000
0000000000000000
0000000000000000
0000000000000000
0000000000000000
0000000000000000
0000000000000000
0000000000000000
0000000000000000
0000000000000000
0000000000000000
0000000000000000
0000000000000000
0000000000000000
0000000000000000
0000000000000000
0000000000000000
0000000000000000
0000000000000000
0000000000000000
0000000000000000
0000000000000000
0000000000000000
0000000000000000
0000000000000000
0000000000000000
0000000000000000
0000000000000000
0000000000000000
0000000000000000
0000000000000000
0000000000000000
0000000000000000
0000000000000000
0000000000000000
0000000000000000
0000000000000000
0000000000000000
0000000000000000
0000000000000000
0000000000000000
0000000000000000
0000000000000000
0000000000000000
0000000000000000
0000000000000000
0000000000000000
0000000000000000
0000000000000000
0000000000000000
0000000000000000
0000000000000000
0000000000000000
0000000000000000
0000000000000000
0000000000000000
0000000000000000
0000000000000000
0000000000000000
0000000000000000
0000000000000000
0000000000000000
0000000000000000
0000000000000000
0000000000000000
0000000000000000
0000000000000000
0000000000000000
0000000000000000
0000000000000000
0000000000000000
0000000000000000
0000000000000000
0000000000000000
0000000000000000
0000000000000000
0000000000000000
0000000000000000
0000000000000000
0000000000000000
0000000000000000
f800000007fff000
0000000000000000
0000000000000000
0000000000000000
0000000000000000
0000000000000000
0000000000000000
0000000000000000
0000000000000000
0000000000000000
0000000000000000
0000000000000000
0000000000000000
0000000000000000
0000000000000000
0000000000000000
0000000000000000
0000000000000000
0000000000000000
0000000000000000
0000000000000000
0000000000000000
0000000000000000
0000000000000000
0000000000000000
0000000000000000
0000000000000000
0000000000000000
0000000000000000
0000000000000000
0000000000000000
0000000000000000
0000000000000000
0000000000000000
0000000000000000
0000000000000000
0000000000000000
0000000000000000
0000000000000000
0000000000000000
0000000000000000
0000000000000000
0000000000000000
0000000000000000
0000000000000000
0000000000000000
0000000000000000
0000000000000000
0000000000000000
0000000000000000
0000000000000000
0000000000000000
0000000000000000
0000000000000000
0000000000000000
0000000000000000
0000000000000000
0000000000000000
0000000000000000
0000000000000000
0000000000000000
0000000000000000
0000000000000000
0000000000000000
0000000000000000
0000000000000000
0000000000000000
0000000000000000
0000000000000000
0000000000000000
0000000000000000
0000000000000000
0000000000000000
0000000000000000
0000000000000000
0000000000000000
0000000000000000
0000000000000000
0000000000000000
0000000000000000
0000000000000000
0000000000000000
0000000000000000
0000000000000000
0000000000000000
0000000000000000
0000000000000000
0000000000000000
0000000000000000
0000000000000000
0000000000000000
0000000000000000
0000000000000000
0000000000000000
0000000000000000
0000000000000000
0000000000000000
0000000000000000
0000000000000000
0000000000000000
0000000000000000
0000000000000000
0000000000000000
0000000000000000
0000000000000000
0000000000000000
0000000000000000
0000000000000000
0000000000000000
0000000000000000
0000000000000000
0000000000000000
0000000000000000
0000000000000000
0000000000000000
0000000000000000
0000000000000000
0000000000000000
0000000000000000
0000000000000000
0000000000000000
0000000000000000
0000000000000000
0000000000000000
0000000000000000
0000000000000000
0000000000000000
0000000000000000
0000000000000000
0000000000000000
0000000000000000
0000000000000000
0000000000000000
0000000000000000
0000000000000000
0000000000000000
0000000000000000
0000000000000000
0000000000000000
0000000000000000
0000000000000000
0000000000000000
0000000000000000
0000000000000000
0000000000000000
0000000000000000
0000000000000000
0000000000000000
0000000000000000
0000000000000000
0000000000000000
0000000000000000
0000000000000000
0000000000000000
0000000000000000
0000000000000000
0000000000000000
0000000000000000
0000000000000000
0000000000000000
0000000000000000
0000000000000000
0000000000000000
0000000000000000
0000000000000000
0000000000000000
0000000000000000
0000000000000000
0000000000000000
0000000000000000
0000000000000000
0000000000000000
0000000000000000
0000000000000000
0000000000000000
0000000000000000
0000000000000000
0000000000000000
0000000000000000
0000000000000000
0000000000000000
0000000000000000
0000000000000000
0000000000000000
0000000000000000
0000000000000000
0000000000000000
0000000000000000
0000000000000000
0000000000000000
0000000000000000
0000000000000000
0000000000000000
0000000000000000
0000000000000000
0000000000000000
0000000000000000
0000000000000000
0000000000000000
0000000000000000
0000000000000000
0000000000000000
0000000000000000
0000000000000000
0000000000000000
0000000000000000
0000000000000000
0000000000000000
0000000000000000
0000000000000000
0000000000000000
0000000000000000
0000000000000000
0000000000000000
0000000000000000
0000000000000000
0000000000000000
0000000000000000
0000000000000000
0000000000000000
0000000000000000
0000000000000000
0000000000000000
0000000000000000
0000000000000000
0000000000000000
0000000000000000
0000000000000000
0000000000000000
0000000000000000
0000000000000000
0000000000000000
0000000000000000
0000000000000000
0000000000000000
0000000000000000
0000000000000000
0000000000000000
0000000000000000
0000000000000000
0000000000000000
0000000000000000
0000000000000000
0000000000000000
0000000000000000
0000000000000000
0000000000000000
0000000000000000
0000000000000000
0000000000000000
0000000000000000
0000000000000000
0000000000000000
0000000000000000
0000000000000000
0000000000000000
0000000000000000
0000000000000000
0000000000000000
0000000000000000
0000000000000000
0000000000000000
0000000000000000
0000000000000000
0000000000000000
0000000000000000
0000000000000000
0000000000000000
0000000000000000
0000000000000000
0000000000000000
0000000000000000
0000000000000000
0000000000000000
0000000000000000
0000000000000000
0000000000000000
0000000000000000
0000000000000000
0000000000000000
0000000000000000
0000000000000000
0000000000000000
0000000000000000
0000000000000000
0000000000000000
0000000000000000
0000000000000000
0000000000000000
0000000000000000
0000000000000000
0000000000000000
0000000000000000
0000000000000000
0000000000000000
0000000000000000
0000000000000000
0000000000000000
0000000000000000
0000000000000000
0000000000000000
0000000000000000
0000000000000000
0000000000000000
0000000000000000
0000000000000000
0000000000000000
0000000000000000
0000000000000000
0000000000000000
0000000000000000
0000000000000000
0000000000000000
0000000000000000
0000000000000000
0000000000000000
0000000000000000
0000000000000000
0000000000000000
0000000000000000
0000000000000000
0000000000000000
0000000000000000
0000000000000000
0000000000000000
0000000000000000
0000000000000000
0000000000000000
0000000000000000
0000000000000000
0000000000000000
0000000000000000
0000000000000000
0000000000000000
0000000000000000
0000000000000000
0000000000000000
0000000000000000
0000000000000000
0000000000000000
0000000000000000
0000000000000000
0000000000000000
0000000000000000
0000000000000000
0000000000000000
0000000000000000
0000000000000000
0000000000000000
0000000000000000
0000000000000000
0000000000000000
0000000000000000
0000000000000000
0000000000000000
0000000000000000
0000000000000000
0000000000000000
0000000000000000
0000000000000000
0000000000000000
0000000000000000
0000000000000000
0000000000000000
0000000000000000
0000000000000000
0000000000000000
0000000000000000
0000000000000000
0000000000000000
0000000000000000
0000000000000000
0000000000000000
0000000000000000
0000000000000000
0000000000000000
0000000000000000
0000000000000000
0000000000000000
0000000000000000
0000000000000000
0000000000000000
0000000000000000
0000000000000000
0000000000000000
0000000000000000
0000000000000000
0000000000000000
0000000000000000
0000000000000000
0000000000000000
0000000000000000
0000000000000000
0000000000000000
0000000000000000
0000000000000000
0000000000000000
0000000000000000
0000000000000000
0000000000000000
0000000000000000
0000000000000000
0000000000000000
0000000000000000
0000000000000000
0000000000000000
0000000000000000
0000000000000000
0000000000000000
0000000000000000
0000000000000000
0000000000000000
0000000000000000
0000000000000000
0000000000000000
0000000000000000
0000000000000000
0000000000000000
0000000000000000
0000000000000000
0000000000000000
0000000000000000
0000000000000000
0000000000000000
0000000000000000
0000000000000000
0000000000000000
0000000000000000
0000000000000000
0000000000000000
0000000000000000
0000000000000000
0000000000000000
0000000000000000
0000000000000000
0000000000000000
0000000000000000
0000000000000000
0000000000000000
0000000000000000
0000000000000000
0000000000000000
0000000000000000
0000000000000000
0000000000000000
0000000000000000
0000000000000000
0000000000000000
0000000000000000
0000000000000000
0000000000000000
0000000000000000
0000000000000000
0000000000000000
0000000000000000
0000000000000000
0000000000000000
0000000000000000
0000000000000000
0000000000000000
0000000000000000
0000000000000000
0000000000000000
0000000000000000
0000000000000000
0000000000000000
0000000000000000
0000000000000000
0000000000000000
0000000000000000
0000000000000000
0000000000000000
0000000000000000
0000000000000000
0000000000000000
0000000000000000
0000000000000000
0000000000000000
0000000000000000
0000000000000000
0000000000000000
0000000000000000
0000000000000000
0000000000000000
0000000000000000
0000000000000000
0000000000000000
0000000000000000
0000000000000000
0000000000000000
0000000000000000
0000000000000000
0000000000000000
0000000000000000
0000000000000000
0000000000000000
0000000000000000
0000000000000000
0000000000000000
0000000000000000
0000000000000000
0000000000000000
0000000000000000
0000000000000000
0000000000000000
0000000000000000
0000000000000000
0000000000000000
0000000000000000
0000000000000000
0000000000000000
0000000000000000
0000000000000000
0000000000000000
0000000000000000
0000000000000000
0000000000000000
0000000000000000
0000000000000000
0000000000000000
0000000000000000
0000000000000000
0000000000000000
0000000000000000
0000000000000000
0000000000000000
0000000000000000
0000000000000000
0000000000000000
0000000000000000
0000000000000000
0000000000000000
0000000000000000
0000000000000000
0000000000000000
0000000000000000
0000000000000000
0000000000000000
0000000000000000
0000000000000000
0000000000000000
0000000000000000
0000000000000000
0000000000000000
0000000000000000
0000000000000000
0000000000000000
0000000000000000
0000000000000000
0000000000000000
0000000000000000
0000000000000000
0000000000000000
0000000000000000
0000000000000000
0000000000000000
0000000000000000
0000000000000000
0000000000000000
0000000000000000
0000000000000000
0000000000000000
0000000000000000
0000000000000000
0000000000000000
0000000000000000
0000000000000000
0000000000000000
0000000000000000
0000000000000000
0000000000000000
0000000000000000
0000000000000000
0000000000000000
0000000000000000
0000000000000000
0000000000000000
0000000000000000
0000000000000000
0000000000000000
0000000000000000
0000000000000000
0000000000000000
0000000000000000
0000000000000000
0000000000000000
0000000000000000
0000000000000000
0000000000000000
0000000000000000
0000000000000000
0000000000000000
0000000000000000
0000000000000000
0000000000000000
0000000000000000
0000000000000000
0000000000000000
0000000000000000
0000000000000000
0000000000000000
0000000000000000
0000000000000000
0000000000000000
0000000000000000
0000000000000000
0000000000000000
0000000000000000
0000000000000000
0000000000000000
0000000000000000
0000000000000000
0000000000000000
0000000000000000
0000000000000000
0000000000000000
0000000000000000
0000000000000000
0000000000000000
0000000000000000
0000000000000000
0000000000000000
0000000000000000
0000000000000000
0000000000000000
0000000000000000
0000000000000000
0000000000000000
0000000000000000
0000000000000000
0000000000000000
0000000000000000
0000000000000000
0000000000000000
0000000000000000
0000000000000000
0000000000000000
0000000000000000
0000000000000000
0000000000000000
0000000000000000
0000000000000000
0000000000000000
0000000000000000
0000000000000000
0000000000000000
0000000000000000
0000000000000000
0000000000000000
0000000000000000
0000000000000000
0000000000000000
0000000000000000
0000000000000000
0000000000000000
0000000000000000
0000000000000000
0000000000000000
0000000000000000
0000000000000000
0000000000000000
0000000000000000
0000000000000000
0000000000000000
0000000000000000
0000000000000000
0000000000000000
0000000000000000
0000000000000000
0000000000000000
0000000000000000
0000000000000000
0000000000000000
0000000000000000
0000000000000000
0000000000000000
0000000000000000
0000000000000000
0000000000000000
0000000000000000
0000000000000000
0000000000000000
0000000000000000
0000000000000000
0000000000000000
0000000000000000
0000000000000000
0000000000000000
0000000000000000
0000000000000000
0000000000000000
0000000000000000
0000000000000000
0000000000000000
0000000000000000
0000000000000000
0000000000000000
0000000000000000
0000000000000000
0000000000000000
0000000000000000
0000000000000000
0000000000000000
0000000000000000
0000000000000000
0000000000000000
0000000000000000
0000000000000000
0000000000000000
0000000000000000
0000000000000000
0000000000000000
0000000000000000
0000000000000000
0000000000000000
0000000000000000
0000000000000000
0000000000000000
0000000000000000
0000000000000000
0000000000000000
0000000000000000
0000000000000000
0000000000000000
0000000000000000
0000000000000000
0000000000000000
0000000000000000
0000000000000000
0000000000000000
0000000000000000
0000000000000000
0000000000000000
0000000000000000
0000000000000000
0000000000000000
0000000000000000
0000000000000000
0000000000000000
0000000000000000
0000000000000000
0000000000000000
0000000000000000
0000000000000000
0000000000000000
0000000000000000
0000000000000000
0000000000000000
0000000000000000
0000000000000000
0000000000000000
0000000000000000
0000000000000000
0000000000000000
0000000000000000
0000000000000000
0000000000000000
0000000000000000
0000000000000000
0000000000000000
0000000000000000
0000000000000000
0000000000000000
0000000000000000
0000000000000000
0000000000000000
0000000000000000
0000000000000000
0000000000000000
0000000000000000
0000000000000000
0000000000000000
0000000000000000
0000000000000000
0000000000000000
0000000000000000
0000000000000000
0000000000000000
0000000000000000
0000000000000000
0000000000000000
0000000000000000
0000000000000000
0000000000000000
0000000000000000
0000000000000000
0000000000000000
0000000000000000
0000000000000000
0000000000000000
0000000000000000
0000000000000000
0000000000000000
0000000000000000
0000000000000000
0000000000000000
0000000000000000
0000000000000000
0000000000000000
0000000000000000
0000000000000000
0000000000000000
0000000000000000
0000000000000000
0000000000000000
0000000000000000
0000000000000000
0000000000000000
0000000000000000
0000000000000000
0000000000000000
0000000000000000
0000000000000000
0000000000000000
0000000000000000
0000000000000000
0000000000000000
0000000000000000
0000000000000000
0000000000000000
0000000000000000
0000000000000000
0000000000000000
0000000000000000
0000000000000000
0000000000000000
0000000000000000
0000000000000000
0000000000000000
0000000000000000
0000000000000000
0000000000000000
0000000000000000
0000000000000000
0000000000000000
0000000000000000
0000000000000000
0000000000000000
0000000000000000
0000000000000000
0000000000000000
0000000000000000
0000000000000000
0000000000000000
0000000000000000
0000000000000000
0000000000000000
0000000000000000
0000000000000000
0000000000000000
0000000000000000
0000000000000000
0000000000000000
0000000000000000
0000000000000000
0000000000000000
0000000000000000
0000000000000000
0000000000000000
0000000000000000
0000000000000000
0000000000000000
0000000000000000
0000000000000000
0000000000000000
0000000000000000
0000000000000000
0000000000000000
0000000000000000
0000000000000000
0000000000000000
0000000000000000
0000000000000000
0000000000000000
0000000000000000
0000000000000000
0000000000000000
0000000000000000
0000000000000000
0000000000000000
0000000000000000
0000000000000000
0000000000000000
0000000000000000
0000000000000000
0000000000000000
0000000000000000
0000000000000000
0000000000000000
0000000000000000
0000000000000000
0000000000000000
0000000000000000
0000000000000000
0000000000000000
0000000000000000
0000000000000000
0000000000000000
0000000000000000
0000000000000000
0000000000000000
0000000000000000
0000000000000000
0000000000000000
0000000000000000
0000000000000000
0000000000000000
0000000000000000
0000000000000000
0000000000000000
0000000000000000
0000000000000000
0000000000000000
0000000000000000
0000000000000000
0000000000000000
0000000000000000
0000000000000000
0000000000000000
0000000000000000
0000000000000000
0000000000000000
0000000000000000
0000000000000000
0000000000000000
0000000000000000
0000000000000000
0000000000000000
0000000000000000
0000000000000000
0000000000000000
0000000000000000
0000000000000000
0000000000000000
0000000000000000
0000000000000000
0000000000000000
0000000000000000
0000000000000000
0000000000000000
0000000000000000
0000000000000000
0000000000000000
0000000000000000
0000000000000000
0000000000000000
0000000000000000
0000000000000000
0000000000000000
0000000000000000
0000000000000000
0000000000000000
0000000000000000
0000000000000000
0000000000000000
0000000000000000
0000000000000000
0000000000000000
0000000000000000
0000000000000000
0000000000000000
0000000000000000
0000000000000000
0000000000000000
0000000000000000
0000000000000000
0000000000000000
0000000000000000
0000000000000000
0000000000000000
0000000000000000
0000000000000000
0000000000000000
0000000000000000
0000000000000000
0000000000000000
0000000000000000
0000000000000000
0000000000000000
0000000000000000
0000000000000000
0000000000000000
0000000000000000
0000000000000000
0000000000000000
0000000000000000
0000000000000000
0000000000000000
0000000000000000
0000000000000000
0000000000000000
0000000000000000
0000000000000000
0000000000000000
0000000000000000
0000000000000000
0000000000000000
0000000000000000
0000000000000000
0000000000000000
0000000000000000
0000000000000000
0000000000000000
0000000000000000
0000000000000000
0000000000000000
0000000000000000
0000000000000000
0000000000000000
0000000000000000
0000000000000000
0000000000000000
0000000000000000
0000000000000000
0000000000000000
0000000000000000
0000000000000000
0000000000000000
0000000000000000
0000000000000000
0000000000000000
0000000000000000
0000000000000000
0000000000000000
0000000000000000
0000000000000000
0000000000000000
0000000000000000
0000000000000000
0000000000000000
0000000000000000
0000000000000000
0000000000000000
0000000000000000
0000000000000000
0000000000000000
0000000000000000
0000000000000000
0000000000000000
0000000000000000
0000000000000000
0000000000000000
0000000000000000
0000000000000000
0000000000000000
0000000000000000
0000000000000000
0000000000000000
0000000000000000
0000000000000000
0000000000000000
0000000000000000
0000000000000000
0000000000000000
0000000000000000
0000000000000000
0000000000000000
0000000000000000
0000000000000000
0000000000000000
0000000000000000
0000000000000000
0000000000000000
0000000000000000
0000000000000000
0000000000000000
0000000000000000
0000000000000000
0000000000000000
0000000000000000
0000000000000000
0000000000000000
0000000000000000
0000000000000000
0000000000000000
0000000000000000
0000000000000000
0000000000000000
0000000000000000
0000000000000000
0000000000000000
0000000000000000
0000000000000000
0000000000000000
0000000000000000
0000000000000000
0000000000000000
0000000000000000
0000000000000000
0000000000000000
0000000000000000
0000000000000000
0000000000000000
0000000000000000
0000000000000000
0000000000000000
0000000000000000
0000000000000000
0000000000000000
0000000000000000
0000000000000000
0000000000000000
0000000000000000
0000000000000000
0000000000000000
0000000000000000
0000000000000000
0000000000000000
0000000000000000
0000000000000000
0000000000000000
0000000000000000
0000000000000000
0000000000000000
0000000000000000
0000000000000000
0000000000000000
0000000000000000
0000000000000000
0000000000000000
0000000000000000
0000000000000000
0000000000000000
0000000000000000
0000000000000000
0000000000000000
0000000000000000
0000000000000000
0000000000000000
0000000000000000
0000000000000000
0000000000000000
0000000000000000
0000000000000000
0000000000000000
0000000000000000
0000000000000000
0000000000000000
0000000000000000
0000000000000000
0000000000000000
0000000000000000
0000000000000000
0000000000000000
0000000000000000
0000000000000000
0000000000000000
0000000000000000
0000000000000000
0000000000000000
0000000000000000
0000000000000000
0000000000000000
0000000000000000
0000000000000000
0000000000000000
0000000000000000
0000000000000000
0000000000000000
0000000000000000
0000000000000000
0000000000000000
0000000000000000
0000000000000000
0000000000000000
0000000000000000
0000000000000000
0000000000000000
0000000000000000
0000000000000000
0000000000000000
0000000000000000
0000000000000000
0000000000000000
0000000000000000
0000000000000000
0000000000000000
0000000000000000
0000000000000000
0000000000000000
0000000000000000
0000000000000000
0000000000000000
0000000000000000
0000000000000000
0000000000000000
0000000000000000
0000000000000000
0000000000000000
0000000000000000
0000000000000000
0000000000000000
0000000000000000
0000000000000000
0000000000000000
0000000000000000
0000000000000000
0000000000000000
0000000000000000
0000000000000000
0000000000000000
0000000000000000
0000000000000000
0000000000000000
0000000000000000
0000000000000000
0000000000000000
0000000000000000
0000000000000000
0000000000000000
0000000000000000
0000000000000000
0000000000000000
0000000000000000
0000000000000000
0000000000000000
0000000000000000
0000000000000000
0000000000000000
0000000000000000
0000000000000000
0000000000000000
0000000000000000
0000000000000000
0000000000000000
0000000000000000
0000000000000000
0000000000000000
0000000000000000
0000000000000000
0000000000000000
0000000000000000
0000000000000000
0000000000000000
0000000000000000
0000000000000000
0000000000000000
0000000000000000
0000000000000000
0000000000000000
0000000000000000
0000000000000000
0000000000000000
0000000000000000
0000000000000000
0000000000000000
0000000000000000
0000000000000000
0000000000000000
0000000000000000
0000000000000000
0000000000000000
0000000000000000
0000000000000000
0000000000000000
0000000000000000
0000000000000000
0000000000000000
0000000000000000
0000000000000000
0000000000000000
0000000000000000
0000000000000000
0000000000000000
0000000000000000
0000000000000000
0000000000000000
0000000000000000
0000000000000000
0000000000000000
0000000000000000
0000000000000000
0000000000000000
0000000000000000
0000000000000000
0000000000000000
0000000000000000
0000000000000000
0000000000000000
0000000000000000
0000000000000000
0000000000000000
0000000000000000
0000000000000000
0000000000000000
0000000000000000
0000000000000000
0000000000000000
0000000000000000
0000000000000000
0000000000000000
0000000000000000
0000000000000000
0000000000000000
0000000000000000
0000000000000000
0000000000000000
0000000000000000
0000000000000000
0000000000000000
0000000000000000
0000000000000000
0000000000000000
0000000000000000
0000000000000000
0000000000000000
0000000000000000
0000000000000000
0000000000000000
0000000000000000
0000000000000000
0000000000000000
0000000000000000
0000000000000000
0000000000000000
0000000000000000
0000000000000000
0000000000000000
0000000000000000
0000000000000000
0000000000000000
0000000000000000
0000000000000000
0000000000000000
0000000000000000
0000000000000000
0000000000000000
0000000000000000
0000000000000000
0000000000000000
0000000000000000
0000000000000000
0000000000000000
0000000000000000
0000000000000000
0000000000000000
0000000000000000
0000000000000000
0000000000000000
0000000000000000
0000000000000000
0000000000000000
0000000000000000
0000000000000000
0000000000000000
0000000000000000
0000000000000000
0000000000000000
0000000000000000
0000000000000000
0000000000000000
0000000000000000
0000000000000000
0000000000000000
0000000000000000
0000000000000000
0000000000000000
0000000000000000
0000000000000000
0000000000000000
0000000000000000
0000000000000000
0000000000000000
0000000000000000
0000000000000000
0000000000000000
0000000000000000
0000000000000000
0000000000000000
0000000000000000
0000000000000000
0000000000000000
0000000000000000
0000000000000000
0000000000000000
0000000000000000
0000000000000000
0000000000000000
0000000000000000
0000000000000000
0000000000000000
0000000000000000
0000000000000000
0000000000000000
0000000000000000
0000000000000000
0000000000000000
0000000000000000
0000000000000000
0000000000000000
0000000000000000
0000000000000000
0000000000000000
0000000000000000
0000000000000000
0000000000000000
0000000000000000
0000000000000000
0000000000000000
0000000000000000
0000000000000000
0000000000000000
0000000000000000
0000000000000000
0000000000000000
0000000000000000
0000000000000000
0000000000000000
0000000000000000
0000000000000000
0000000000000000
0000000000000000
0000000000000000
0000000000000000
0000000000000000
0000000000000000
0000000000000000
0000000000000000
0000000000000000
0000000000000000
0000000000000000
0000000000000000
0000000000000000
0000000000000000
0000000000000000
0000000000000000
0000000000000000
0000000000000000
0000000000000000
0000000000000000
0000000000000000
0000000000000000
0000000000000000
0000000000000000
0000000000000000
0000000000000000
0000000000000000
0000000000000000
0000000000000000
0000000000000000
0000000000000000
0000000000000000
0000000000000000
0000000000000000
0000000000000000
0000000000000000
0000000000000000
0000000000000000
0000000000000000
0000000000000000
0000000000000000
0000000000000000
0000000000000000
0000000000000000
0000000000000000
0000000000000000
0000000000000000
0000000000000000
0000000000000000
0000000000000000
0000000000000000
0000000000000000
0000000000000000
0000000000000000
0000000000000000
0000000000000000
0000000000000000
0000000000000000
0000000000000000
0000000000000000
0000000000000000
0000000000000000
0000000000000000
0000000000000000
0000000000000000
0000000000000000
0000000000000000
0000000000000000
0000000000000000
0000000000000000
0000000000000000
0000000000000000
0000000000000000
0000000000000000
0000000000000000
0000000000000000
0000000000000000
0000000000000000
0000000000000000
0000000000000000
0000000000000000
0000000000000000
0000000000000000
0000000000000000
0000000000000000
0000000000000000
0000000000000000
0000000000000000
0000000000000000
0000000000000000
0000000000000000
0000000000000000
0000000000000000
0000000000000000
0000000000000000
0000000000000000
0000000000000000
0000000000000000
0000000000000000
0000000000000000
0000000000000000
0000000000000000
0000000000000000
0000000000000000
0000000000000000
0000000000000000
0000000000000000
0000000000000000
0000000000000000
0000000000000000
0000000000000000
0000000000000000
0000000000000000
0000000000000000
0000000000000000
0000000000000000
0000000000000000
0000000000000000
0000000000000000
0000000000000000
0000000000000000
0000000000000000
0000000000000000
0000000000000000
0000000000000000
0000000000000000
0000000000000000
0000000000000000
0000000000000000
0000000000000000
0000000000000000
0000000000000000
0000000000000000
0000000000000000
0000000000000000
0000000000000000
0000000000000000
0000000000000000
0000000000000000
0000000000000000
0000000000000000
0000000000000000
0000000000000000
0000000000000000
0000000000000000
0000000000000000
0000000000000000
0000000000000000
0000000000000000
0000000000000000
0000000000000000
0000000000000000
0000000000000000
0000000000000000
0000000000000000
0000000000000000
0000000000000000
0000000000000000
0000000000000000
0000000000000000
0000000000000000
0000000000000000
0000000000000000
0000000000000000
0000000000000000
0000000000000000
0000000000000000
0000000000000000
0000000000000000
0000000000000000
0000000000000000
0000000000000000
0000000000000000
0000000000000000
0000000000000000
0000000000000000
0000000000000000
0000000000000000
0000000000000000
0000000000000000
0000000000000000
0000000000000000
0000000000000000
0000000000000000
0000000000000000
0000000000000000
0000000000000000
0000000000000000
0000000000000000
0000000000000000
0000000000000000
0000000000000000
0000000000000000
0000000000000000
0000000000000000
0000000000000000
0000000000000000
0000000000000000
0000000000000000
0000000000000000
0000000000000000
0000000000000000
0000000000000000
0000000000000000
0000000000000000
0000000000000000
0000000000000000
0000000000000000
0000000000000000
0000000000000000
0000000000000000
0000000000000000
0000000000000000
0000000000000000
0000000000000000
0000000000000000
0000000000000000
0000000000000000
0000000000000000
0000000000000000
0000000000000000
0000000000000000
0000000000000000
0000000000000000
0000000000000000
0000000000000000
0000000000000000
0000000000000000
0000000000000000
0000000000000000
0000000000000000
0000000000000000
0000000000000000
0000000000000000
0000000000000000
0000000000000000
0000000000000000
0000000000000000
0000000000000000
0000000000000000
0000000000000000
0000000000000000
0000000000000000
0000000000000000
0000000000000000
0000000000000000
0000000000000000
0000000000000000
0000000000000000
0000000000000000
0000000000000000
0000000000000000
0000000000000000
0000000000000000
0000000000000000
0000000000000000
0000000000000000
0000000000000000
0000000000000000
0000000000000000
0000000000000000
0000000000000000
0000000000000000
0000000000000000
0000000000000000
0000000000000000
0000000000000000
0000000000000000
0000000000000000
0000000000000000
0000000000000000
0000000000000000
0000000000000000
0000000000000000
0000000000000000
0000000000000000
0000000000000000
0000000000000000
0000000000000000
0000000000000000
0000000000000000
0000000000000000
0000000000000000
0000000000000000
0000000000000000
0000000000000000
0000000000000000
0000000000000000
0000000000000000
0000000000000000
0000000000000000
0000000000000000
0000000000000000
0000000000000000
0000000000000000
0000000000000000
0000000000000000
0000000000000000
0000000000000000
0000000000000000
0000000000000000
0000000000000000
0000000000000000
0000000000000000
0000000000000000
0000000000000000
0000000000000000
0000000000000000
0000000000000000
0000000000000000
0000000000000000
0000000000000000
0000000000000000
0000000000000000
0000000000000000
0000000000000000
0000000000000000
0000000000000000
0000000000000000
0000000000000000
0000000000000000
0000000000000000
0000000000000000
0000000000000000
0000000000000000
0000000000000000
0000000000000000
0000000000000000
0000000000000000
0000000000000000
0000000000000000
0000000000000000
0000000000000000
0000000000000000
0000000000000000
0000000000000000
0000000000000000
0000000000000000
0000000000000000
0000000000000000
0000000000000000
0000000000000000
0000000000000000
0000000000000000
0000000000000000
0000000000000000
0000000000000000
0000000000000000
0000000000000000
0000000000000000
0000000000000000
0000000000000000
0000000000000000
0000000000000000
0000000000000000
0000000000000000
0000000000000000
0000000000000000
0000000000000000
0000000000000000
0000000000000000
0000000000000000
0000000000000000
0000000000000000
0000000000000000
0000000000000000
0000000000000000
0000000000000000
0000000000000000
0000000000000000
0000000000000000
0000000000000000
0000000000000000
0000000000000000
0000000000000000
0000000000000000
0000000000000000
0000000000000000
0000000000000000
0000000000000000
0000000000000000
0000000000000000
0000000000000000
0000000000000000
0000000000000000
0000000000000000
0000000000000000
0000000000000000
0000000000000000
0000000000000000
0000000000000000
0000000000000000
0000000000000000
0000000000000000
0000000000000000
0000000000000000
0000000000000000
0000000000000000
0000000000000000
0000000000000000
0000000000000000
0000000000000000
0000000000000000
0000000000000000
0000000000000000
0000000000000000
0000000000000000
0000000000000000
0000000000000000
0000000000000000
0000000000000000
0000000000000000
0000000000000000
0000000000000000
0000000000000000
0000000000000000
0000000000000000
0000000000000000
0000000000000000
0000000000000000
0000000000000000
0000000000000000
0000000000000000
0000000000000000
0000000000000000
0000000000000000
0000000000000000
0000000000000000
0000000000000000
0000000000000000
0000000000000000
0000000000000000
0000000000000000
0000000000000000
0000000000000000
0000000000000000
0000000000000000
0000000000000000
0000000000000000
0000000000000000
0000000000000000
0000000000000000
0000000000000000
0000000000000000
0000000000000000
0000000000000000
0000000000000000
0000000000000000
0000000000000000
0000000000000000
0000000000000000
0000000000000000
0000000000000000
0000000000000000
0000000000000000
0000000000000000
0000000000000000
0000000000000000
0000000000000000
0000000000000000
0000000000000000
0000000000000000
0000000000000000
0000000000000000
0000000000000000
0000000000000000
0000000000000000
0000000000000000
0000000000000000
0000000000000000
0000000000000000
0000000000000000
0000000000000000
0000000000000000
0000000000000000
0000000000000000
0000000000000000
0000000000000000
0000000000000000
0000000000000000
0000000000000000
0000000000000000
0000000000000000
0000000000000000
0000000000000000
0000000000000000
0000000000000000
0000000000000000
0000000000000000
0000000000000000
0000000000000000
0000000000000000
0000000000000000
0000000000000000
0000000000000000
0000000000000000
0000000000000000
0000000000000000
0000000000000000
0000000000000000
0000000000000000
0000000000000000
0000000000000000
0000000000000000
0000000000000000
0000000000000000
0000000000000000
0000000000000000
0000000000000000
0000000000000000
0000000000000000
0000000000000000
0000000000000000
0000000000000000
0000000000000000
0000000000000000
0000000000000000
0000000000000000
0000000000000000
0000000000000000
0000000000000000
0000000000000000
0000000000000000
0000000000000000
0000000000000000
0000000000000000
0000000000000000
0000000000000000
0000000000000000
0000000000000000
0000000000000000
0000000000000000
0000000000000000
0000000000000000
0000000000000000
0000000000000000
0000000000000000
0000000000000000
0000000000000000
0000000000000000
0000000000000000
0000000000000000
0000000000000000
0000000000000000
0000000000000000
0000000000000000
0000000000000000
0000000000000000
0000000000000000
0000000000000000
0000000000000000
0000000000000000
0000000000000000
0000000000000000
0000000000000000
0000000000000000
0000000000000000
0000000000000000
0000000000000000
0000000000000000
0000000000000000
0000000000000000
0000000000000000
0000000000000000
0000000000000000
0000000000000000
0000000000000000
0000000000000000
0000000000000000
0000000000000000
0000000000000000
0000000000000000
0000000000000000
0000000000000000
0000000000000000
0000000000000000
0000000000000000
0000000000000000
0000000000000000
0000000000000000
0000000000000000
0000000000000000
0000000000000000
0000000000000000
0000000000000000
0000000000000000
0000000000000000
0000000000000000
0000000000000000
0000000000000000
0000000000000000
0000000000000000
0000000000000000
0000000000000000
0000000000000000
0000000000000000
0000000000000000
0000000000000000
0000000000000000
0000000000000000
0000000000000000
0000000000000000
0000000000000000
0000000000000000
0000000000000000
0000000000000000
0000000000000000
0000000000000000
0000000000000000
0000000000000000
0000000000000000
0000000000000000
0000000000000000
0000000000000000
0000000000000000
0000000000000000
0000000000000000
0000000000000000
0000000000000000
0000000000000000
0000000000000000
0000000000000000
0000000000000000
0000000000000000
0000000000000000
0000000000000000
0000000000000000
0000000000000000
0000000000000000
0000000000000000
0000000000000000
0000000000000000
0000000000000000
0000000000000000
0000000000000000
0000000000000000
0000000000000000
0000000000000000
0000000000000000
0000000000000000
0000000000000000
0000000000000000
0000000000000000
0000000000000000
0000000000000000
0000000000000000
0000000000000000
0000000000000000
0000000000000000
0000000000000000
0000000000000000
0000000000000000
0000000000000000
0000000000000000
0000000000000000
0000000000000000
0000000000000000
0000000000000000
0000000000000000
0000000000000000
0000000000000000
0000000000000000
0000000000000000
0000000000000000
0000000000000000
0000000000000000
0000000000000000
0000000000000000
0000000000000000
0000000000000000
0000000000000000
0000000000000000
0000000000000000
0000000000000000
0000000000000000
0000000000000000
0000000000000000
0000000000000000
0000000000000000
0000000000000000
0000000000000000
0000000000000000
0000000000000000
0000000000000000
0000000000000000
0000000000000000
0000000000000000
0000000000000000
0000000000000000
0000000000000000
0000000000000000
0000000000000000
0000000000000000
0000000000000000
0000000000000000
0000000000000000
0000000000000000
0000000000000000
0000000000000000
0000000000000000
0000000000000000
0000000000000000
0000000000000000
0000000000000000
0000000000000000
0000000000000000
0000000000000000
0000000000000000
0000000000000000
0000000000000000
0000000000000000
0000000000000000
0000000000000000
0000000000000000
0000000000000000
0000000000000000
0000000000000000
0000000000000000
0000000000000000
0000000000000000
0000000000000000
0000000000000000
0000000000000000
0000000000000000
0000000000000000
0000000000000000
0000000000000000
0000000000000000
0000000000000000
0000000000000000
0000000000000000
0000000000000000
0000000000000000
0000000000000000
0000000000000000
0000000000000000
0000000000000000
0000000000000000
0000000000000000
0000000000000000
0000000000000000
0000000000000000
0000000000000000
0000000000000000
0000000000000000
0000000000000000
0000000000000000
0000000000000000
0000000000000000
0000000000000000
0000000000000000
0000000000000000
0000000000000000
0000000000000000
0000000000000000
0000000000000000
0000000000000000
0000000000000000
0000000000000000
0000000000000000
0000000000000000
0000000000000000
0000000000000000
0000000000000000
0000000000000000
0000000000000000
0000000000000000
0000000000000000
0000000000000000
0000000000000000
0000000000000000
0000000000000000
0000000000000000
0000000000000000
0000000000000000
0000000000000000
0000000000000000
0000000000000000
0000000000000000
0000000000000000
0000000000000000
0000000000000000
0000000000000000
0000000000000000
0000000000000000
0000000000000000
0000000000000000
0000000000000000
0000000000000000
0000000000000000
0000000000000000
0000000000000000
0000000000000000
0000000000000000
0000000000000000
0000000000000000
0000000000000000
0000000000000000
0000000000000000
0000000000000000
0000000000000000
0000000000000000
0000000000000000
0000000000000000
0000000000000000
0000000000000000
0000000000000000
0000000000000000
0000000000000000
0000000000000000
0000000000000000
0000000000000000
0000000000000000
0000000000000000
0000000000000000
0000000000000000
0000000000000000
0000000000000000
0000000000000000
0000000000000000
0000000000000000
0000000000000000
0000000000000000
0000000000000000
0000000000000000
0000000000000000
0000000000000000
0000000000000000
0000000000000000
0000000000000000
0000000000000000
0000000000000000
0000000000000000
0000000000000000
0000000000000000
0000000000000000
0000000000000000
0000000000000000
0000000000000000
0000000000000000
0000000000000000
0000000000000000
0000000000000000
0000000000000000
0000000000000000
0000000000000000
0000000000000000
0000000000000000
0000000000000000
0000000000000000
0000000000000000
0000000000000000
0000000000000000
0000000000000000
0000000000000000
0000000000000000
0000000000000000
0000000000000000
0000000000000000
0000000000000000
0000000000000000
0000000000000000
0000000000000000
0000000000000000
0000000000000000
0000000000000000
0000000000000000
0000000000000000
0000000000000000
0000000000000000
0000000000000000
0000000000000000
0000000000000000
0000000000000000
0000000000000000
0000000000000000
0000000000000000
0000000000000000
0000000000000000
0000000000000000
0000000000000000
0000000000000000
0000000000000000
0000000000000000
0000000000000000
0000000000000000
0000000000000000
0000000000000000
0000000000000000
0000000000000000
0000000000000000
0000000000000000
0000000000000000
0000000000000000
0000000000000000
0000000000000000
0000000000000000
0000000000000000
0000000000000000
0000000000000000
0000000000000000
0000000000000000
0000000000000000
0000000000000000
0000000000000000
0000000000000000
0000000000000000
0000000000000000
0000000000000000
0000000000000000
0000000000000000
0000000000000000
0000000000000000
0000000000000000
0000000000000000
0000000000000000
0000000000000000
0000000000000000
0000000000000000
0000000000000000
0000000000000000
0000000000000000
0000000000000000
0000000000000000
0000000000000000
0000000000000000
0000000000000000
0000000000000000
0000000000000000
0000000000000000
0000000000000000
0000000000000000
0000000000000000
0000000000000000
0000000000000000
0000000000000000
0000000000000000
0000000000000000
0000000000000000
0000000000000000
0000000000000000
0000000000000000
0000000000000000
0000000000000000
0000000000000000
0000000000000000
0000000000000000
0000000000000000
0000000000000000
0000000000000000
0000000000000000
0000000000000000
0000000000000000
0000000000000000
0000000000000000
0000000000000000
0000000000000000
0000000000000000
0000000000000000
0000000000000000
0000000000000000
0000000000000000
0000000000000000
0000000000000000
0000000000000000
0000000000000000
0000000000000000
0000000000000000
0000000000000000
0000000000000000
0000000000000000
0000000000000000
0000000000000000
0000000000000000
0000000000000000
0000000000000000
0000000000000000
0000000000000000
0000000000000000
0000000000000000
0000000000000000
0000000000000000
0000000000000000
0000000000000000
0000000000000000
0000000000000000
0000000000000000
0000000000000000
0000000000000000
0000000000000000
0000000000000000
0000000000000000
0000000000000000
0000000000000000
0000000000000000
0000000000000000
0000000000000000
0000000000000000
0000000000000000
0000000000000000
0000000000000000
0000000000000000
0000000000000000
0000000000000000
0000000000000000
0000000000000000
0000000000000000
0000000000000000
0000000000000000
0000000000000000
0000000000000000
0000000000000000
0000000000000000
0000000000000000
0000000000000000
0000000000000000
0000000000000000
0000000000000000
0000000000000000
0000000000000000
0000000000000000
0000000000000000
0000000000000000
0000000000000000
0000000000000000
0000000000000000
0000000000000000
0000000000000000
0000000000000000
0000000000000000
0000000000000000
0000000000000000
0000000000000000
0000000000000000
0000000000000000
0000000000000000
0000000000000000
0000000000000000
0000000000000000
0000000000000000
0000000000000000
0000000000000000
0000000000000000
0000000000000000
0000000000000000
0000000000000000
0000000000000000
0000000000000000
0000000000000000
0000000000000000
0000000000000000
0000000000000000
0000000000000000
0000000000000000
0000000000000000
0000000000000000
0000000000000000
0000000000000000
0000000000000000
0000000000000000
0000000000000000
0000000000000000
0000000000000000
0000000000000000
0000000000000000
0000000000000000
0000000000000000
0000000000000000
0000000000000000
0000000000000000
0000000000000000
0000000000000000
0000000000000000
0000000000000000
0000000000000000
0000000000000000
0000000000000000
0000000000000000
0000000000000000
0000000000000000
0000000000000000
0000000000000000
0000000000000000
0000000000000000
0000000000000000
0000000000000000
0000000000000000
0000000000000000
0000000000000000
0000000000000000
0000000000000000
0000000000000000
0000000000000000
0000000000000000
0000000000000000
0000000000000000
0000000000000000
0000000000000000
0000000000000000
0000000000000000
0000000000000000
0000000000000000
0000000000000000
0000000000000000
0000000000000000
0000000000000000
0000000000000000
0000000000000000
0000000000000000
0000000000000000
0000000000000000
0000000000000000
0000000000000000
0000000000000000
0000000000000000
0000000000000000
0000000000000000
0000000000000000
0000000000000000
0000000000000000
0000000000000000
0000000000000000
0000000000000000
0000000000000000
0000000000000000
0000000000000000
0000000000000000
0000000000000000
0000000000000000
0000000000000000
0000000000000000
0000000000000000
0000000000000000
0000000000000000
0000000000000000
0000000000000000
0000000000000000
0000000000000000
0000000000000000
0000000000000000
0000000000000000
0000000000000000
0000000000000000
0000000000000000
0000000000000000
0000000000000000
0000000000000000
0000000000000000
0000000000000000
0000000000000000
0000000000000000
0000000000000000
0000000000000000
0000000000000000
0000000000000000
0000000000000000
0000000000000000
0000000000000000
0000000000000000
0000000000000000
0000000000000000
0000000000000000
0000000000000000
0000000000000000
0000000000000000
0000000000000000
0000000000000000
0000000000000000
0000000000000000
0000000000000000
0000000000000000
0000000000000000
0000000000000000
0000000000000000
0000000000000000
0000000000000000
0000000000000000
0000000000000000
0000000000000000
0000000000000000
0000000000000000
0000000000000000
0000000000000000
0000000000000000
0000000000000000
0000000000000000
0000000000000000
0000000000000000
0000000000000000
0000000000000000
0000000000000000
0000000000000000
0000000000000000
0000000000000000
0000000000000000
0000000000000000
0000000000000000
0000000000000000
0000000000000000
0000000000000000
0000000000000000
0000000000000000
0000000000000000
0000000000000000
0000000000000000
0000000000000000
0000000000000000
0000000000000000
0000000000000000
0000000000000000
0000000000000000
0000000000000000
0000000000000000
0000000000000000
0000000000000000
0000000000000000
0000000000000000
0000000000000000
0000000000000000
0000000000000000
0000000000000000
0000000000000000
0000000000000000
0000000000000000
0000000000000000
0000000000000000
0000000000000000
0000000000000000
0000000000000000
0000000000000000
0000000000000000
0000000000000000
0000000000000000
0000000000000000
0000000000000000
0000000000000000
0000000000000000
0000000000000000
0000000000000000
0000000000000000
0000000000000000
0000000000000000
0000000000000000
0000000000000000
0000000000000000
0000000000000000
0000000000000000
0000000000000000
0000000000000000
0000000000000000
0000000000000000
0000000000000000
0000000000000000
0000000000000000
0000000000000000
0000000000000000
0000000000000000
0000000000000000
0000000000000000
0000000000000000
0000000000000000
0000000000000000
0000000000000000
0000000000000000
0000000000000000
0000000000000000
0000000000000000
0000000000000000
0000000000000000
0000000000000000
0000000000000000
0000000000000000
0000000000000000
0000000000000000
0000000000000000
0000000000000000
0000000000000000
0000000000000000
0000000000000000
0000000000000000
0000000000000000
0000000000000000
0000000000000000
0000000000000000
0000000000000000
0000000000000000
0000000000000000
0000000000000000
0000000000000000
0000000000000000
0000000000000000
0000000000000000
0000000000000000
0000000000000000
0000000000000000
0000000000000000
0000000000000000
0000000000000000
0000000000000000
0000000000000000
0000000000000000
0000000000000000
0000000000000000
0000000000000000
0000000000000000
0000000000000000
0000000000000000
0000000000000000
0000000000000000
0000000000000000
0000000000000000
0000000000000000
0000000000000000
0000000000000000
0000000000000000
0000000000000000
0000000000000000
0000000000000000
0000000000000000
0000000000000000
0000000000000000
0000000000000000
0000000000000000
0000000000000000
0000000000000000
0000000000000000
0000000000000000
0000000000000000
0000000000000000
0000000000000000
0000000000000000
0000000000000000
0000000000000000
0000000000000000
0000000000000000
0000000000000000
0000000000000000
0000000000000000
0000000000000000
0000000000000000
0000000000000000
0000000000000000
0000000000000000
0000000000000000
0000000000000000
0000000000000000
0000000000000000
0000000000000000
0000000000000000
0000000000000000
0000000000000000
0000000000000000
0000000000000000
0000000000000000
0000000000000000
0000000000000000
0000000000000000
0000000000000000
0000000000000000
0000000000000000
0000000000000000
0000000000000000
0000000000000000
0000000000000000
0000000000000000
0000000000000000
0000000000000000
0000000000000000
0000000000000000
0000000000000000
0000000000000000
0000000000000000
0000000000000000
0000000000000000
0000000000000000
0000000000000000
0000000000000000
0000000000000000
0000000000000000
0000000000000000
0000000000000000
0000000000000000
0000000000000000
0000000000000000
0000000000000000
0000000000000000
0000000000000000
0000000000000000
0000000000000000
0000000000000000
0000000000000000
0000000000000000
0000000000000000
0000000000000000
0000000000000000
0000000000000000
0000000000000000
0000000000000000
0000000000000000
0000000000000000
0000000000000000
0000000000000000
0000000000000000
0000000000000000
0000000000000000
0000000000000000
0000000000000000
0000000000000000
0000000000000000
0000000000000000
0000000000000000
0000000000000000
0000000000000000
0000000000000000
0000000000000000
0000000000000000
0000000000000000
0000000000000000
0000000000000000
0000000000000000
0000000000000000
0000000000000000
0000000000000000
0000000000000000
0000000000000000
0000000000000000
0000000000000000
0000000000000000
0000000000000000
0000000000000000
0000000000000000
0000000000000000
0000000000000000
0000000000000000
0000000000000000
0000000000000000
0000000000000000
0000000000000000
0000000000000000
0000000000000000
0000000000000000
0000000000000000
0000000000000000
0000000000000000
0000000000000000
0000000000000000
0000000000000000
0000000000000000
0000000000000000
0000000000000000
0000000000000000
0000000000000000
0000000000000000
0000000000000000
0000000000000000
0000000000000000
0000000000000000
0000000000000000
0000000000000000
0000000000000000
0000000000000000
0000000000000000
0000000000000000
0000000000000000
0000000000000000
0000000000000000
0000000000000000
0000000000000000
0000000000000000
0000000000000000
0000000000000000
0000000000000000
0000000000000000
0000000000000000
0000000000000000
0000000000000000
0000000000000000
0000000000000000
0000000000000000
0000000000000000
0000000000000000
0000000000000000
0000000000000000
0000000000000000
0000000000000000
0000000000000000
0000000000000000
0000000000000000
0000000000000000
0000000000000000
0000000000000000
0000000000000000
0000000000000000
0000000000000000
0000000000000000
0000000000000000
0000000000000000
0000000000000000
0000000000000000
0000000000000000
0000000000000000
0000000000000000
0000000000000000
0000000000000000
0000000000000000
0000000000000000
0000000000000000
0000000000000000
0000000000000000
0000000000000000
0000000000000000
0000000000000000
0000000000000000
0000000000000000
0000000000000000
0000000000000000
0000000000000000
0000000000000000
0000000000000000
0000000000000000
0000000000000000
0000000000000000
0000000000000000
0000000000000000
0000000000000000
0000000000000000
0000000000000000
0000000000000000
0000000000000000
0000000000000000
0000000000000000
0000000000000000
0000000000000000
0000000000000000
0000000000000000
0000000000000000
0000000000000000
0000000000000000
0000000000000000
0000000000000000
0000000000000000
0000000000000000
0000000000000000
0000000000000000
0000000000000000
0000000000000000
0000000000000000
0000000000000000
0000000000000000
0000000000000000
0000000000000000
0000000000000000
0000000000000000
0000000000000000
0000000000000000
0000000000000000
0000000000000000
0000000000000000
0000000000000000
0000000000000000
0000000000000000
0000000000000000
0000000000000000
0000000000000000
0000000000000000
0000000000000000
0000000000000000
0000000000000000
0000000000000000
0000000000000000
0000000000000000
0000000000000000
0000000000000000
0000000000000000
0000000000000000
0000000000000000
0000000000000000
0000000000000000
0000000000000000
0000000000000000
0000000000000000
0000000000000000
0000000000000000
0000000000000000
0000000000000000
0000000000000000
0000000000000000
0000000000000000
0000000000000000
0000000000000000
0000000000000000
0000000000000000
0000000000000000
0000000000000000
0000000000000000
0000000000000000
0000000000000000
0000000000000000
0000000000000000
0000000000000000
0000000000000000
0000000000000000
0000000000000000
0000000000000000
0000000000000000
0000000000000000
0000000000000000
0000000000000000
0000000000000000
0000000000000000
0000000000000000
0000000000000000
0000000000000000
0000000000000000
0000000000000000
0000000000000000
0000000000000000
0000000000000000
0000000000000000
0000000000000000
0000000000000000
0000000000000000
0000000000000000
0000000000000000
0000000000000000
0000000000000000
0000000000000000
0000000000000000
0000000000000000
0000000000000000
0000000000000000
0000000000000000
0000000000000000
0000000000000000
0000000000000000
0000000000000000
0000000000000000
0000000000000000
0000000000000000
0000000000000000
0000000000000000
0000000000000000
0000000000000000
0000000000000000
0000000000000000
0000000000000000
0000000000000000
0000000000000000
0000000000000000
0000000000000000
0000000000000000
0000000000000000
0000000000000000
0000000000000000
0000000000000000
0000000000000000
0000000000000000
0000000000000000
0000000000000000
0000000000000000
0000000000000000
0000000000000000
0000000000000000
0000000000000000
0000000000000000
0000000000000000
0000000000000000
0000000000000000
0000000000000000
0000000000000000
0000000000000000
0000000000000000
0000000000000000
0000000000000000
0000000000000000
0000000000000000
0000000000000000
0000000000000000
0000000000000000
0000000000000000
0000000000000000
0000000000000000
0000000000000000
0000000000000000
0000000000000000
0000000000000000
0000000000000000
0000000000000000
0000000000000000
0000000000000000
0000000000000000
0000000000000000
0000000000000000
0000000000000000
0000000000000000
0000000000000000
0000000000000000
0000000000000000
0000000000000000
0000000000000000
0000000000000000
0000000000000000
0000000000000000
0000000000000000
0000000000000000
0000000000000000
0000000000000000
0000000000000000
0000000000000000
0000000000000000
0000000000000000
0000000000000000
0000000000000000
0000000000000000
0000000000000000
0000000000000000
0000000000000000
0000000000000000
0000000000000000
0000000000000000
0000000000000000
0000000000000000
0000000000000000
0000000000000000
0000000000000000
0000000000000000
0000000000000000
0000000000000000
0000000000000000
0000000000000000
0000000000000000
0000000000000000
0000000000000000
0000000000000000
0000000000000000
0000000000000000
0000000000000000
0000000000000000
0000000000000000
0000000000000000
0000000000000000
0000000000000000
0000000000000000
0000000000000000
0000000000000000
0000000000000000
0000000000000000
0000000000000000
0000000000000000
0000000000000000
0000000000000000
0000000000000000
0000000000000000
0000000000000000
0000000000000000
0000000000000000
0000000000000000
0000000000000000
0000000000000000
0000000000000000
0000000000000000
0000000000000000
0000000000000000
0000000000000000
0000000000000000
0000000000000000
0000000000000000
0000000000000000
0000000000000000
0000000000000000
0000000000000000
0000000000000000
0000000000000000
0000000000000000
0000000000000000
0000000000000000
0000000000000000
0000000000000000
0000000000000000
0000000000000000
0000000000000000
0000000000000000
0000000000000000
0000000000000000
0000000000000000
0000000000000000
0000000000000000
0000000000000000
0000000000000000
0000000000000000
0000000000000000
0000000000000000
0000000000000000
0000000000000000
0000000000000000
0000000000000000
0000000000000000
0000000000000000
0000000000000000
0000000000000000
0000000000000000
0000000000000000
0000000000000000
0000000000000000
0000000000000000
0000000000000000
0000000000000000
0000000000000000
0000000000000000
0000000000000000
0000000000000000
0000000000000000
0000000000000000
0000000000000000
0000000000000000
0000000000000000
0000000000000000
0000000000000000
0000000000000000
0000000000000000
0000000000000000
0000000000000000
0000000000000000
0000000000000000
0000000000000000
0000000000000000
0000000000000000
0000000000000000
0000000000000000
0000000000000000
0000000000000000
0000000000000000
0000000000000000
0000000000000000
0000000000000000
0000000000000000
0000000000000000
0000000000000000
0000000000000000
0000000000000000
0000000000000000
0000000000000000
0000000000000000
0000000000000000
0000000000000000
0000000000000000
0000000000000000
0000000000000000
0000000000000000
0000000000000000
0000000000000000
0000000000000000
0000000000000000
0000000000000000
0000000000000000
0000000000000000
0000000000000000
0000000000000000
0000000000000000
0000000000000000
0000000000000000
0000000000000000
0000000000000000
0000000000000000
0000000000000000
0000000000000000
0000000000000000
0000000000000000
0000000000000000
0000000000000000
0000000000000000
0000000000000000
0000000000000000
0000000000000000
0000000000000000
0000000000000000
0000000000000000
0000000000000000
0000000000000000
0000000000000000
0000000000000000
0000000000000000
0000000000000000
0000000000000000
0000000000000000
0000000000000000
0000000000000000
0000000000000000
0000000000000000
0000000000000000
0000000000000000
0000000000000000
0000000000000000
0000000000000000
0000000000000000
0000000000000000
0000000000000000
0000000000000000
0000000000000000
0000000000000000
0000000000000000
0000000000000000
0000000000000000
0000000000000000
0000000000000000
0000000000000000
0000000000000000
0000000000000000
0000000000000000
0000000000000000
0000000000000000
0000000000000000
0000000000000000
0000000000000000
0000000000000000
0000000000000000
0000000000000000
0000000000000000
0000000000000000
0000000000000000
0000000000000000
0000000000000000
0000000000000000
0000000000000000
0000000000000000
0000000000000000
0000000000000000
0000000000000000
0000000000000000
0000000000000000
0000000000000000
0000000000000000
0000000000000000
0000000000000000
0000000000000000
0000000000000000
0000000000000000
0000000000000000
0000000000000000
0000000000000000
0000000000000000
0000000000000000
0000000000000000
0000000000000000
0000000000000000
0000000000000000
0000000000000000
0000000000000000
0000000000000000
0000000000000000
0000000000000000
0000000000000000
0000000000000000
0000000000000000
0000000000000000
0000000000000000
0000000000000000
0000000000000000
0000000000000000
0000000000000000
0000000000000000
0000000000000000
0000000000000000
0000000000000000
0000000000000000
0000000000000000
0000000000000000
0000000000000000
0000000000000000
0000000000000000
0000000000000000
0000000000000000
0000000000000000
0000000000000000
0000000000000000
0000000000000000
0000000000000000
0000000000000000
0000000000000000
0000000000000000
0000000000000000
0000000000000000
0000000000000000
0000000000000000
0000000000000000
0000000000000000
0000000000000000
0000000000000000
0000000000000000
0000000000000000
0000000000000000
0000000000000000
0000000000000000
0000000000000000
0000000000000000
0000000000000000
0000000000000000
0000000000000000
0000000000000000
0000000000000000
0000000000000000
0000000000000000
0000000000000000
0000000000000000
0000000000000000
0000000000000000
0000000000000000
0000000000000000
0000000000000000
0000000000000000
0000000000000000
0000000000000000
0000000000000000
0000000000000000
0000000000000000
0000000000000000
0000000000000000
0000000000000000
0000000000000000
0000000000000000
0000000000000000
0000000000000000
0000000000000000
0000000000000000
0000000000000000
0000000000000000
0000000000000000
0000000000000000
0000000000000000
0000000000000000
0000000000000000
0000000000000000
0000000000000000
0000000000000000
0000000000000000
0000000000000000
0000000000000000
0000000000000000
0000000000000000
0000000000000000
0000000000000000
0000000000000000
0000000000000000
0000000000000000
0000000000000000
0000000000000000
0000000000000000
0000000000000000
0000000000000000
0000000000000000
0000000000000000
0000000000000000
0000000000000000
0000000000000000
0000000000000000
0000000000000000
0000000000000000
0000000000000000
0000000000000000
0000000000000000
0000000000000000
0000000000000000
0000000000000000
0000000000000000
0000000000000000
0000000000000000
0000000000000000
0000000000000000
0000000000000000
0000000000000000
0000000000000000
0000000000000000
0000000000000000
0000000000000000
0000000000000000
0000000000000000
0000000000000000
0000000000000000
0000000000000000
0000000000000000
0000000000000000
0000000000000000
0000000000000000
0000000000000000
0000000000000000
0000000000000000
0000000000000000
0000000000000000
0000000000000000
0000000000000000
0000000000000000
0000000000000000
0000000000000000
0000000000000000
0000000000000000
0000000000000000
0000000000000000
0000000000000000
0000000000000000
0000000000000000
0000000000000000
0000000000000000
0000000000000000
0000000000000000
0000000000000000
0000000000000000
0000000000000000
0000000000000000
0000000000000000
0000000000000000
0000000000000000
0000000000000000
0000000000000000
0000000000000000
0000000000000000
0000000000000000
0000000000000000
0000000000000000
0000000000000000
0000000000000000
0000000000000000
0000000000000000
0000000000000000
0000000000000000
0000000000000000
0000000000000000
0000000000000000
0000000000000000
0000000000000000
0000000000000000
0000000000000000
0000000000000000
0000000000000000
0000000000000000
0000000000000000
0000000000000000
0000000000000000
0000000000000000
0000000000000000
0000000000000000
0000000000000000
0000000000000000
0000000000000000
0000000000000000
0000000000000000
0000000000000000
0000000000000000
0000000000000000
0000000000000000
0000000000000000
0000000000000000
0000000000000000
0000000000000000
0000000000000000
0000000000000000
0000000000000000
0000000000000000
0000000000000000
0000000000000000
0000000000000000
0000000000000000
0000000000000000
0000000000000000
0000000000000000
0000000000000000
0000000000000000
0000000000000000
0000000000000000
0000000000000000
0000000000000000
0000000000000000
0000000000000000
0000000000000000
0000000000000000
0000000000000000
0000000000000000
0000000000000000
0000000000000000
0000000000000000
0000000000000000
0000000000000000
0000000000000000
0000000000000000
0000000000000000
0000000000000000
0000000000000000
0000000000000000
0000000000000000
0000000000000000
0000000000000000
0000000000000000
0000000000000000
0000000000000000
0000000000000000
0000000000000000
0000000000000000
0000000000000000
0000000000000000
0000000000000000
0000000000000000
0000000000000000
0000000000000000
0000000000000000
0000000000000000
0000000000000000
0000000000000000
0000000000000000
0000000000000000
0000000000000000
0000000000000000
0000000000000000
0000000000000000
0000000000000000
0000000000000000
0000000000000000
0000000000000000
0000000000000000
0000000000000000
0000000000000000
0000000000000000
0000000000000000
0000000000000000
0000000000000000
0000000000000000
0000000000000000
0000000000000000
0000000000000000
0000000000000000
0000000000000000
0000000000000000
0000000000000000
0000000000000000
0000000000000000
0000000000000000
0000000000000000
0000000000000000
0000000000000000
0000000000000000
0000000000000000
0000000000000000
0000000000000000
0000000000000000
0000000000000000
0000000000000000
0000000000000000
0000000000000000
0000000000000000
0000000000000000
0000000000000000
0000000000000000
0000000000000000
0000000000000000
0000000000000000
0000000000000000
0000000000000000
0000000000000000
0000000000000000
0000000000000000
0000000000000000
0000000000000000
0000000000000000
0000000000000000
0000000000000000
0000000000000000
0000000000000000
0000000000000000
0000000000000000
0000000000000000
0000000000000000
0000000000000000
0000000000000000
0000000000000000
0000000000000000
0000000000000000
0000000000000000
0000000000000000
0000000000000000
0000000000000000
0000000000000000
0000000000000000
0000000000000000
0000000000000000
0000000000000000
0000000000000000
0000000000000000
0000000000000000
0000000000000000
0000000000000000
0000000000000000
0000000000000000
0000000000000000
0000000000000000
0000000000000000
0000000000000000
0000000000000000
0000000000000000
0000000000000000
0000000000000000
0000000000000000
0000000000000000
0000000000000000
0000000000000000
0000000000000000
0000000000000000
0000000000000000
0000000000000000
0000000000000000
0000000000000000
0000000000000000
0000000000000000
0000000000000000
0000000000000000
0000000000000000
0000000000000000
0000000000000000
0000000000000000
0000000000000000
0000000000000000
0000000000000000
0000000000000000
0000000000000000
0000000000000000
0000000000000000
0000000000000000
0000000000000000
0000000000000000
0000000000000000
0000000000000000
0000000000000000
0000000000000000
0000000000000000
0000000000000000
0000000000000000
0000000000000000
0000000000000000
0000000000000000
0000000000000000
0000000000000000
0000000000000000
0000000000000000
0000000000000000
0000000000000000
0000000000000000
0000000000000000
0000000000000000
0000000000000000
0000000000000000
0000000000000000
0000000000000000
0000000000000000
0000000000000000
0000000000000000
0000000000000000
0000000000000000
0000000000000000
0000000000000000
0000000000000000
0000000000000000
0000000000000000
0000000000000000
0000000000000000
0000000000000000
0000000000000000
0000000000000000
0000000000000000
0000000000000000
0000000000000000
0000000000000000
0000000000000000
0000000000000000
0000000000000000
0000000000000000
0000000000000000
0000000000000000
0000000000000000
0000000000000000
0000000000000000
0000000000000000
0000000000000000
0000000000000000
0000000000000000
0000000000000000
0000000000000000
0000000000000000
0000000000000000
0000000000000000
0000000000000000
0000000000000000
0000000000000000
0000000000000000
0000000000000000
0000000000000000
0000000000000000
0000000000000000
0000000000000000
0000000000000000
0000000000000000
0000000000000000
0000000000000000
0000000000000000
0000000000000000
0000000000000000
0000000000000000
0000000000000000
0000000000000000
0000000000000000
0000000000000000
0000000000000000
0000000000000000
0000000000000000
0000000000000000
0000000000000000
0000000000000000
0000000000000000
0000000000000000
0000000000000000
0000000000000000
0000000000000000
0000000000000000
0000000000000000
0000000000000000
0000000000000000
0000000000000000
0000000000000000
0000000000000000
0000000000000000
0000000000000000
0000000000000000
0000000000000000
0000000000000000
0000000000000000
0000000000000000
0000000000000000
0000000000000000
0000000000000000
0000000000000000
0000000000000000
0000000000000000
0000000000000000
0000000000000000
0000000000000000
0000000000000000
0000000000000000
0000000000000000
0000000000000000
0000000000000000
0000000000000000
0000000000000000
0000000000000000
0000000000000000
0000000000000000
0000000000000000
0000000000000000
0000000000000000
0000000000000000
0000000000000000
0000000000000000
0000000000000000
0000000000000000
0000000000000000
0000000000000000
0000000000000000
0000000000000000
0000000000000000
0000000000000000
0000000000000000
0000000000000000
0000000000000000
0000000000000000
0000000000000000
0000000000000000
0000000000000000
0000000000000000
0000000000000000
0000000000000000
0000000000000000
0000000000000000
0000000000000000
0000000000000000
0000000000000000
0000000000000000
0000000000000000
0000000000000000
0000000000000000
0000000000000000
0000000000000000
0000000000000000
0000000000000000
0000000000000000
0000000000000000
0000000000000000
0000000000000000
0000000000000000
0000000000000000
0000000000000000
0000000000000000
0000000000000000
0000000000000000
0000000000000000
0000000000000000
0000000000000000
0000000000000000
0000000000000000
0000000000000000
0000000000000000
0000000000000000
0000000000000000
0000000000000000
0000000000000000
0000000000000000
0000000000000000
0000000000000000
0000000000000000
0000000000000000
0000000000000000
0000000000000000
0000000000000000
0000000000000000
0000000000000000
0000000000000000
0000000000000000
0000000000000000
0000000000000000
0000000000000000
0000000000000000
0000000000000000
0000000000000000
0000000000000000
0000000000000000
0000000000000000
0000000000000000
0000000000000000
0000000000000000
0000000000000000
0000000000000000
0000000000000000
0000000000000000
0000000000000000
0000000000000000
0000000000000000
0000000000000000
0000000000000000
0000000000000000
0000000000000000
0000000000000000
0000000000000000
0000000000000000
0000000000000000
0000000000000000
0000000000000000
0000000000000000
0000000000000000
0000000000000000
0000000000000000
0000000000000000
0000000000000000
0000000000000000
0000000000000000
0000000000000000
0000000000000000
0000000000000000
0000000000000000
0000000000000000
0000000000000000
0000000000000000
0000000000000000
0000000000000000
0000000000000000
0000000000000000
0000000000000000
0000000000000000
0000000000000000
0000000000000000
0000000000000000
0000000000000000
0000000000000000
0000000000000000
0000000000000000
0000000000000000
0000000000000000
0000000000000000
0000000000000000
0000000000000000
0000000000000000
0000000000000000
0000000000000000
0000000000000000
0000000000000000
0000000000000000
0000000000000000
0000000000000000
0000000000000000
0000000000000000
0000000000000000
0000000000000000
0000000000000000
0000000000000000
0000000000000000
0000000000000000
0000000000000000
0000000000000000
0000000000000000
0000000000000000
0000000000000000
0000000000000000
0000000000000000
0000000000000000
0000000000000000
0000000000000000
0000000000000000
0000000000000000
0000000000000000
0000000000000000
0000000000000000
0000000000000000
0000000000000000
0000000000000000
0000000000000000
0000000000000000
0000000000000000
0000000000000000
0000000000000000
0000000000000000
0000000000000000
0000000000000000
0000000000000000
0000000000000000
0000000000000000
0000000000000000
0000000000000000
0000000000000000
0000000000000000
0000000000000000
0000000000000000
0000000000000000
0000000000000000
0000000000000000
0000000000000000
0000000000000000
0000000000000000
0000000000000000
0000000000000000
0000000000000000
0000000000000000
0000000000000000
0000000000000000
0000000000000000
0000000000000000
0000000000000000
0000000000000000
0000000000000000
0000000000000000
0000000000000000
0000000000000000
0000000000000000
0000000000000000
0000000000000000
0000000000000000
0000000000000000
0000000000000000
0000000000000000
0000000000000000
0000000000000000
0000000000000000
0000000000000000
0000000000000000
0000000000000000
0000000000000000
0000000000000000
0000000000000000
0000000000000000
0000000000000000
0000000000000000
0000000000000000
0000000000000000
0000000000000000
0000000000000000
0000000000000000
0000000000000000
0000000000000000
0000000000000000
0000000000000000
0000000000000000
0000000000000000
0000000000000000
0000000000000000
00000000fffffff6
0000000000000018
00000000fffffffc
00000000ffffffee
00000000fffffff4
0000000000000025
00000000fffffffe
0000000000000023
0000000000000000
000000000000002c
0000000000000004
00000000ffffffe2
00000000fffffff4
000000000000003d
000000000000000c
00000000ffffffdd
0000000000000009
000000000000003a
00000000fffffff7
00000000ffffffae
0000000000000007
000000000000000c
00000000fffffffa
00000000ffffffc5
00000000fffffffb
000000000000000f
000000000000000b
00000000ffffffe7
00000000fffffff7
00000000fffffffa
00000000fffffffd
00000000ffffffea
00000000fffffff6
00000000ffffffd8
00000000fffffff4
00000000fffffffc
0000000000000002
0000000000000007
00000000fffffff2
00000000ffffffe7
0000000000000000
00000000fffffff2
00000000fffffffe
000000000000000c
00000000fffffff8
00000000ffffffb5
000000000000000a
000000000000002d
00000000fffffff9
0000000000000048
00000000fffffffe
00000000fffffffd
0000000000000009
00000000ffffffdc
00000000fffffffd
000000000000003c
0000000000000007
00000000fffffff2
0000000000000004
00000000fffffffb
00000000fffffffa
0000000000000010
0000000000000009
00000000fffffff1
0000000000000008
00000000ffffffe8
0000000000000001
0000000000000022
00000000fffffffb
00000000ffffffda
00000000fffffff8
000000000000001c
00000000fffffffa
00000000ffffffb4
0000000000000005
000000000000005b
00000000fffffffe
00000000fffffffb
0000000000000007
00000000ffffffc5
00000000fffffff1
000000000000001a
0000000000000003
00000000ffffffed
0000000000000013
0000000000000027
000000000000000e
0000000000000034
0000000000000003
00000000fffffff9
00000000fffffff9
00000000ffffffe5
000000000000000b
0000000000000023
00000000fffffffe
00000000ffffffc3
000000000000000b
00000000ffffffe5
0000000000000008
000000000000003b
0000000000000007
0000000000000004
00000000fffffffd
00000000ffffffe0
00000000fffffff1
00000000fffffff5
00000000fffffffc
00000000fffffffb
000000000000000b
0000000000000058
00000000fffffff7
000000000000000e
0000000000000008
0000000000000032
000000000000000d
0000000000000004
00000000ffffffff
000000000000000a
0000000000000002
00000000fffffff9
00000000ffffffe5
0000000000000005
0000000000000008
000000000000001d
00000000ffffffff
000000000000000c
00000000fffffffc
00000000fffffffd
00000000fffffff8
00000000fffffff8
0000000000000014
00000000fffffffa
00000000fffffff8
00000000ffffffeb
0000000000000002
00000000ffffffed
00000000fffffff8
000000000000000a
00000000fffffff2
000000000000000e
000000000000000a
0000000000000033
000000000000000c
0000000000000017
0000000000000001
00000000ffffffe0
00000000fffffff9
0000000000000002
0000000000000003
0000000000000006
00000000ffffffee
00000000ffffffd1
00000000ffffffed
0000000000000001
0000000000000001
0000000000000023
000000000000000b
00000000ffffffee
00000000ffffffff
0000000000000068
0000000000000000
0000000000000000
00000000fffffff8
00000000ffffffd0
00000000fffffff8
0000000000000009
00000000fffffffe
00000000ffffffcb
00000000ffffffee
000000000000001c
000000000000000a
0000000000000042
0000000000000002
00000000ffffffe3
0000000000000010
00000000fffffffd
00000000fffffffb
00000000fffffff0
00000000fffffff2
00000000ffffffff
0000000000000003
0000000000000000
0000000000000005
0000000000000002
0000000000000007
000000000000003e
0000000000000006
00000000ffffffdb
000000000000000e
0000000000000010
00000000fffffff7
00000000ffffffeb
00000000fffffffe
00000000fffffff1
00000000fffffff8
00000000fffffff1
00000000fffffffc
0000000000000020
0000000000000011
00000000ffffffeb
00000000fffffffd
00000000fffffff7
00000000ffffffee
00000000fffffff3
00000000fffffffd
00000000fffffff3
00000000fffffffa
0000000000000023
00000000fffffffe
00000000ffffffb1
0000000000000007
00000000ffffffdd
000000000000000d
00000000ffffffe9
00000000ffffffff
00000000ffffffdc
0000000000000004
00000000ffffffce
00000000fffffffa
00000000ffffffe5
0000000000000002
000000000000000b
00000000fffffff6
0000000000000032
0000000000000007
00000000ffffffdd
000000000000000c
0000000000000010
0000000000000005
00000000fffffffc
00000000fffffffe
00000000ffffffc7
00000000ffffffff
00000000fffffff8
00000000fffffffa
000000000000003e
00000000ffffffed
00000000ffffffda
0000000000000003
0000000000000001
000000000000000c
0000000000000001
0000000000000005
0000000000000022
000000000000000c
000000000000000a
00000000fffffffe
00000000ffffffe7
00000000fffffffa
000000000000003e
00000000fffffff4
0000000000000018
0000000000000007
0000000000000039
00000000fffffffc
00000000fe70835a
00000000031ef98a
00000000fe708303
00000000fffffffe
000000000000001f
0000000000000005
000000000000001b
00000000fffffff7
000000000000003f
00000000fffffffb
00000000ffffffd6
00000000fffffff7
0000000000000015
0000000000000007
00000000ffffffea
000000000000000b
00000000ffffffff
0000000000000002
000000000000001e
00000000fffffffe
0000000000000034
00000000fffffffa
0000000000000036
00000000fffffffd
00000000ffffffee
00000000fffffff4
00000000ffffffc9
0000000000000000
00000000fffffffc
0000000000000006
00000000ffffffee
0000000000000008
00000000ffffffe2
000000000000000c
0000000000000033
0000000000000000
0000000000000009
00000000fffffff3
00000000fffffff2
00000000fffffff9
00000000ffffffe3
000000000000000c
00000000fffffff8
00000000fffffffe
00000000ffffffe4
0000000000000005
00000000ffffffaa
0000000000000001
00000000ffffffb4
0000000000000000
0000000000000010
00000000fffffffb
000000000000000b
00000000fffffff6
0000000000000056
00000000ffffffe2
000000000000002e
00000000fffffff9
0000000000000008
00000000fffffffc
000000000000002e
00000000fffffffa
00000000ffffffd2
00000000fffffff5
00000000ffffffbc
00000000ffffffef
000000000000003b
00000000fffffffc
00000000ffffffe5
00000000fffffff8
00000000ffffffe4
0000000000000001
0000000000000088
0000000000000009
00000000ffffffed
00000000fffffffe
00000000fffffff7
0000000000000002
0000000000000024
00000000ffffffff
0000000000000006
00000000fffffff5
00000000fffffff0
00000000ffffffff
00000000fffffff9
00000000fffffff7
0000000000000034
0000000000000008
00000000fffffff8
00000000fffffffd
00000000ffffffa7
00000000fffffffb
000000000000002a
00000000fffffffa
0000000000000004
00000000ffffffe9
00000000ffffffcf
0000000000000008
000000000000001a
000000000000001d
00000000fffffffb
0000000000000005
0000000000000032
00000000fffffff7
000000000000004d
000000000000000a
00000000ffffffcf
00000000fffffff3
00000000fffffffa
0000000000000009
00000000ffffffed
000000000000000b
00000000ffffffd9
0000000000000008
000000000000004b
000000000000000b
000000000000002d
00000000fffffffe
0000000000000009
0000000000000013
00000000fffffff7
0000000000000014
0000000000000038
00000000fffffff9
00000000ffffffe4
00000000fffffffe
0000000000000030
000000000000000d
00000000fffffff0
000000000000000d
00000000fffffff6
0000000000000005
0000000000000017
00000000fffffffd
0000000000000016
0000000000000001
0000000000000026
0000000000000003
00000000ffffffef
00000000fffffff1
000000000000001c
0000000000000003
00000000ffffffdb
0000000000000007
00000000ffffffc5
000000000000000c
00000000ffffffdd
0000000000000008
0000000000000005
00000000ffffffff
00000000ffffffe5
00000000fffffffe
00000000ffffffed
0000000000000003
00000000fffffff3
00000000fffffffd
000000000000003b
00000000fffffff4
0000000000000010
000000000000000a
0000000000000017
00000000fffffffe
00000000ffffffc2
00000000fffffffc
00000000fffffff9
00000000fffffffd
0000000000000034
00000000fffffff7
00000000ffffffdb
000000000000000e
00000000ffffffe9
0000000000000000
000000000000002b
00000000fffffffd
000000000000000b
00000000fffffffd
000000000000002a
0000000000000004
00000000ffffffcd
00000000fffffff1
0000000000000013
00000000fffffff4
0000000000000009
00000000fffffff6
00000000fffffff8
0000000000000002
0000000000000015
00000000fffffffb
000000000000000d
00000000fffffff8
00000000ffffffeb
00000000fffffff9
00000000fffffff7
00000000fffffffd
0000000000000012
00000000fffffffd
00000000ffffffd9
0000000000000003
0000000000000031
00000000fffffffe
00000000fffffff8
0000000000000002
0000000000000030
00000000fffffffb
000000000000001c
0000000000000002
00000000ffffffe0
00000000fffffff7
0000000000000006
00000000fffffffd
0000000000000031
000000000000000e
000000000000000b
0000000000000004
00000000ffffffe5
00000000fffffffa
00000000ffffffcb
00000000fffffffd
00000000fffffffd
0000000000000003
0000000000000009
000000000000000a
00000000fffffff6
00000000fffffff4
00000000ffffffea
0000000000000003
00000000ffffffd5
00000000fffffffc
00000000ffffffef
00000000fffffff2
00000000fffffffc
000000000000000b
000000000000002b
0000000000000008
00000000ffffffad
0000000000000003
0000000000000011
000000000000000a
0000000000000014
00000000fffffffc
0000000000000055
0000000000000003
0000000000000008
000000000000000e
000000000000001a
0000000000000008
00000000ffffffe1
0000000000000002
0000000000000038
00000000fffffffc
00000000ffffffee
000000000000000c
0000000000000009
00000000fffffffa
0000000000000010
000000000000000b
0000000000000045
00000000ffffffea
0000000000000012
00000000fffffff0
0000000000000020
0000000000000004
0000000000000035
0000000000000006
00000000ffffffab
00000000fffffff0
00000000ffffffe4
000000000000000e
00000000ffffffca
000000000000000a
00000000ffffffb1
0000000000000000
00000000fffffff1
00000000fffffff7
00000000ffffffe8
00000000fffffff7
00000000ffffffc6
0000000000000001
00000000ffffffbc
0000000000000010
0000000000000003
0000000000000001
00000000fffffffd
0000000000000017
0000000000000035
00000000fffffffd
0000000000000036
00000000fffffffb
000000000000000c
00000000fffffff4
00000000ffffffdc
0000000000000000
0000000000000020
0000000000000012
00000000ffffffaf
00000000fffffff6
00000000ffffffe5
0000000000000000
0000000000000036
0000000000000004
0000000000000026
00000000fffffffc
00000000ffffffd5
00000000fffffffc
00000000ffffffd5
00000000ffffffe3
00000000fffffff6
0000000000000006
0000000000000011
000000000000000f
00000000fffffff2
0000000000000013
0000000000000030
0000000000000005
00000000ffffffc6
000000000000000e
000000000000001d
00000000fffffff4
00000000ffffffd4
0000000000000015
0000000000000037
00000000fffffff6
00000000ffffffd4
0000000000000005
00000000fffffffc
0000000000000007
00000000ffffffc6
00000000fffffff6
0000000000000056
0000000000000000
000000000000001a
0000000000000001
00000000ffffffe5
0000000000000000
00000000fffffff3
00000000fffffff7
00000000ffffffc7
00000000fffffffd
00000000fffffffa
00000000fffffff7
00000000fffffff7
0000000000000015
0000000000000029
00000000ffffffec
00000000ffffffc8
0000000000000003
0000000000000033
0000000000000001
000000000000005f
00000000fffffff1
00000000ffffffeb
0000000000000010
00000000ffffffff
00000000fffffffb
00000000ffffffe1
00000000fffffff8
00000000ffffffbf
00000000fffffff7
00000000fffffff8
0000000000000011
000000000000000a
00000000fffffff1
000000000000000b
00000000fffffffe
00000000ffffffdd
0000000000000003
000000000000001a
0000000000000001
00000000ffffffee
0000000000000004
00000000ffffffd2
00000000ffffffe9
000000000000003c
00000000ffffffe9
0000000000000026
00000000fffffff6
00000000ffffffbb
0000000000000005
00000000ffffffe7
0000000000000000
00000000ffffffff
000000000000000f
00000000ffffffb2
00000000fffffff6
000000000000000f
00000000fffffff4
0000000000000020
00000000fffffff4
0000000000000002
0000000000000008
000000000000000b
000000000000000c
0000000000000001
0000000000000002
0000000000000012
0000000000000008
00000000fffffffe
0000000000000006
00000000ffffffe9
00000000fffffffa
00000000ffffffe5
00000000fffffff5
00000000fffffff4
00000000fffffff9
00000000ffffffb0
0000000000000005
0000000000000000
00000000fffffffe
0000000000000029
0000000000000011
00000000ffffffef
0000000000000015
00000000ffffffe7
00000000fffffffb
000000000000000a
00000000fffffffb
00000000ffffffd8
0000000000000002
00000000ffffffd0
00000000fffffffa
00000000ffffffde
00000000fffffffe
00000000ffffffc9
0000000000000012
0000000000000015
00000000fffffffc
00000000ffffffc8
0000000000000016
0000000000000026
0000000000000004
00000000ffffffcb
00000000fffffffa
0000000000000003
00000000fffffffb
0000000000000038
0000000000000008
00000000ffffffe3
000000000000000b
00000000ffffffbe
0000000000000005
00000000ffffffe0
0000000000000011
0000000000000000
0000000000000000
000000000000002b
00000000fffffffe
00000000fffffff0
00000000ffffffef
00000000ffffffd7
0000000000000000
0000000000000035
0000000000000002
00000000ffffffed
0000000000000004
00000000ffffffda
0000000000000017
00000000fffffffd
00000000fffffff9
00000000ffffffe3
00000000fffffffc
0000000000000023
00000000fffffff7
00000000fffffff7
00000000fffffff6
00000000fffffff7
00000000fffffff8
0000000000000027
0000000000000015
0000000000000021
00000000ffffffe9
0000000000000019
00000000fffffffb
0000000000000048
00000000fffffffc
0000000000000014
00000000fffffffe
000000000000000d
00000000fffffffc
00000000ffffffa5
000000000000000a
00000000ffffffc0
0000000000000009
000000000000002f
00000000fffffffe
00000000fffffff0
00000000fffffffb
00000000fffffff8
0000000000000000
00000000fffffff7
00000000ffffffff
00000000ffffffee
00000000fffffffa
0000000000000014
00000000ffffffff
0000000000000026
00000000fffffff9
00000000ffffffff
00000000fffffffe
0000000000000031
00000000ffffffef
0000000000000020
0000000000000000
000000000000006c
0000000000000008
00000000ffffffb9
00000000fffffff2
0000000000000018
00000000fffffffe
000000000000000e
00000000fffffffd
00000000ffffffed
0000000000000008
000000000000000a
0000000000000010
0000000000000032
00000000fffffff4
0000000000000009
00000000fffffff8
00000000fffffff9
0000000000000008
0000000000000004
00000000fffffffb
000000000000004a
0000000000000015
00000000fffffffb
0000000000000003
0000000000000016
0000000000000001
00000000ffffffdd
0000000000000004
00000000ffffffcd
00000000fffffff6
00000000ffffffca
0000000000000000
00000000fffffff8
00000000fffffffd
00000000ffffffe5
000000000000000a
0000000000000056
0000000000000008
0000000000000037
00000000fffffffc
000000000000007b
00000000fffffff2
0000000000000005
000000000000000a
000000000000001b
00000000ffffffee
0000000000000030
0000000000000007
0000000000000028
0000000000000013
000000000000000c
0000000000000013
0000000000000001
0000000000000009
00000000ffffffef
00000000fffffffe
00000000fffffffe
0000000000000002
00000000ffffffce
000000000000000f
00000000fffffff9
00000000fffffffc
0000000000000019
00000000fffffff4
000000000000002b
00000000fffffff6
0000000000000056
0000000000000007
00000000fffffff2
00000000fffffffa
0000000000000022
00000000fffffff9
0000000000000009
00000000fffffff2
000000000000001a
0000000000000002
00000000ffffffe1
0000000000000001
00000000ffffffbb
0000000000000009
00000000ffffffc8
00000000fffffffc
0000000000000024
000000000000000d
00000000ffffffe1
00000000fffffffe
0000000000000004
0000000000000000
0000000000000061
00000000fffffffd
0000000000000002
0000000000000007
0000000000000013
00000000ffffffff
00000000ffffffeb
00000000fffffff4
0000000000000046
000000000000000d
00000000fffffffa
000000000000000e
00000000ffffffcf
00000000fffffff2
00000000ffffffec
00000000fffffffb
0000000000000008
00000000fffffff4
00000000ffffffbd
0000000000000004
0000000000000030
000000000000000b
00000000ffffffcf
00000000ffffffff
0000000000000016
00000000ffffffed
00000000ffffffff
0000000000000002
0000000000000003
00000000ffffffed
00000000fffffffb
000000000000000d
00000000fffffff8
0000000000000005
0000000000000005
0000000000000004
00000000fffffff5
0000000000000003
0000000000000017
00000000fffffffd
0000000000000048
000000000000000a
0000000000000028
0000000000000002
0000000000000002
00000000fffffff9
0000000000000035
0000000000000006
00000000ffffffd3
00000000fffffff9
000000000000001d
00000000fffffff9
0000000000000024
0000000000000005
000000000000003c
00000000fffffff5
00000000fffffffa
00000000ffffffff
0000000000000047
00000000fffffffc
0000000000000018
0000000000000000
0000000000000025
00000000fffffffb
00000000ffffffea
00000000fffffff9
000000000000003b
0000000000000002
0000000000000010
0000000000000010
0000000000000008
0000000000000002
0000000000000007
00000000ffffffeb
00000000ffffffeb
0000000000000000
00000000fffffffb
00000000fffffff8
00000000fffffff9
0000000000000005
0000000000000020
0000000000000009
00000000ffffffd0
00000000fffffff9
000000000000002f
0000000000000001
00000000ffffffff
0000000000000001
0000000000000023
00000000fffffff9
0000000000000021
0000000000000006
000000000000000a
00000000fffffffc
000000000000001d
00000000fffffff8
00000000ffffffcd
0000000000000004
000000000000000b
0000000000000005
00000000fffffffe
0000000000000008
000000000000002c
0000000000000003
000000000000001c
0000000000000001
00000000ffffffd6
00000000fffffff8
00000000fffffff9
0000000000000003
00000000ffffffe4
000000000000000e
00000000ffffffe0
000000000000000b
00000000fffffff4
0000000000000003
0000000000000009
0000000000000005
0000000000000032
000000000000000c
0000000000000000
00000000fffffff9
00000000ffffffeb
0000000000000000
00000000fffffff5
00000000fffffff9
000000000000000e
000000000000000c
00000000ffffffef
0000000000000007
0000000000000001
000000000000000d
00000000ffffffea
000000000000000e
000000000000002a
0000000000000000
0000000000000006
0000000000000012
00000000ffffffb5
00000000ffffffff
00000000ffffffdf
00000000ffffffef
00000000fffffffb
0000000000000018
00000000ffffffc5
0000000000000000
000000000000004b
0000000000000000
0000000000000054
00000000fffffffb
0000000000000004
0000000000000001
00000000ffffffc2
0000000000000004
00000000fffffff4
0000000000000008
00000000fffffffc
00000000fffffff5
00000000fffffffd
0000000000000007
0000000000000005
00000000fffffffb
0000000000000006
00000000fffffffe
00000000ffffffa9
0000000000000009
0000000000000046
0000000000000000
000000000000002d
00000000fffffffa
0000000000000029
00000000ffffffe9
00000000ffffffd8
00000000fffffff5
00000000ffffffee
00000000fffffff6
00000000fffffff7
0000000000000007
0000000000000030
00000000fffffffe
00000000ffffffe4
0000000000000002
000000000000000e
0000000000000008
00000000ffffffc5
00000000ffffffe6
00000000fffffff5
00000000fffffff6
0000000000000038
00000000fffffff6
00000000ffffffc8
0000000000000006
0000000000000009
00000000ffffffea
000000000000001b
0000000000000013
0000000000000012
00000000fffffff1
0000000000000022
00000000fffffff9
00000000ffffffda
000000000000000a
000000000000003b
00000000fffffffd
0000000000000013
00000000ffffffff
0000000000000017
00000000fffffffd
000000000000002c
0000000000000011
000000000000002a
00000000fffffffa
0000000000000030
0000000000000012
0000000000000016
00000000fffffffc
0000000000000001
00000000fffffff4
0000000000000013
00000000fffffff0
00000000ffffffd4
00000000fffffffc
00000000ffffffb2
0000000000000002
0000000000000027
0000000000000002
00000000fffffff9
00000000ffffffff
0000000000000006
000000000000000a
0000000000000011
0000000000000011
00000000ffffffc6
0000000000000001
00000000ffffffd4
000000000000000b
00000000ffffffce
00000000fffffffa
00000000ffffffc5
0000000000000010
00000000ffffffe8
0000000000000011
0000000000000043
00000000fffffffa
0000000000000018
000000000000000b
0000000000000014
0000000000000005
00000000fffffffe
00000000fffffff0
00000000fffffff6
0000000000000004
00000000ffffffe4
000000000000000b
00000000ffffffb1
00000000fffffff2
00000000fffffffb
0000000000000009
0000000000000031
00000000fffffffb
00000000ffffffe2
00000000ffffffff
0000000000000055
000000000000000b
00000000ffffffed
00000000ffffffee
00000000fffffffe
00000000fffffff7
00000000ffffffdb
0000000000000003
00000000ffffffed
00000000ffffffff
000000000000003b
0000000000000010
00000000ffffffcf
00000000fffffff7
000000000000000f
0000000000000008
0000000000000021
0000000000000009
00000000fffffffc
000000000000000f
0000000000000002
00000000ffffffe7
0000000000000013
0000000000000000
0000000000000053
00000000fffffff9
00000000ffffffb8
00000000fffffff9
00000000ffffffd2
0000000000000002
00000000fffffff2
00000000fffffffd
0000000000000012
00000000fffffff1
00000000ffffffa4
00000000fffffff4
00000000ffffffa3
00000000fffffffd
00000000ffffffcf
0000000000000000
00000000ffffffbd
0000000000000001
0000000000000028
0000000000000006
0000000000000007
00000000fffffffa
0000000000000016
0000000000000002
0000000000000012
0000000000000008
0000000000000021
00000000fffffff8
000000000000005b
00000000fffffffe
00000000ffffffea
0000000000000004
00000000fffffffc
00000000fffffff0
00000000ffffffed
0000000000000012
0000000000000011
0000000000000003
000000000000000a
0000000000000005
00000000ffffffcc
00000000ffffffe9
00000000fffffff6
0000000000000004
0000000000000009
00000000fffffff9
00000000ffffffad
00000000ffffffff
0000000000000017
00000000fffffff9
000000000000001e
0000000000000013
00000000ffffffbe
0000000000000008
00000000ffffffd6
00000000fffffff2
00000000fffffff2
0000000000000004
00000000fffffffd
00000000fffffff8
00000000ffffffd1
000000000000000a
000000000000000a
0000000000000004
00000000ffffff9e
0000000000000002
00000000ffffffe7
0000000000000004
0000000000000021
00000000ffffffff
000000000000002c
00000000fffffff8
00000000fffffffb
00000000ffffffff
00000000fffffff6
0000000000000001
00000000ffffffde
0000000000000003
00000000ffffffe2
0000000000000002
00000000ffffffe7
00000000fffffff8
0000000000000040
0000000000000007
0000000000000021
00000000fffffffa
00000000ffffffd9
000000000000000a
0000000000000007
00000000fffffff0
00000000ffffffe6
000000000000000d
0000000000000017
0000000000000009
0000000000000011
00000000fffffffc
00000000ffffffa1
00000000fffffffd
000000000000001b
00000000fffffffa
00000000fffffff5
0000000000000008
000000000000002d
0000000000000003
00000000ffffffdf
0000000000000003
00000000ffffffb1
0000000000000001
00000000ffffffea
0000000000000008
00000000ffffffd4
00000000fffffffc
0000000000000019
0000000000000002
00000000ffffffe1
0000000000000006
000000000000003e
0000000000000003
000000000000001d
0000000000000008
00000000ffffffc8
00000000fffffff7
00000000fffffffc
0000000000000002
0000000000000017
00000000fffffffd
00000000fffffffc
0000000000000004
0000000000000044
0000000000000001
0000000000000020
00000000fffffff9
0000000000000037
0000000000000004
000000000000002b
000000000000000f
0000000000000040
0000000000000000
00000000ffffffc4
0000000000000008
0000000000000005
0000000000000000
0000000000000050
00000000fffffffe
00000000ffffffd2
00000000fffffffb
00000000ffffffc9
00000000fffffffa
0000000000009b84
00000000fffec8ba
0000000000009b6f
0000000000000006
0000000000000031
00000000fffffff9
00000000fffffff3
00000000fffffffd
0000000000000063
0000000000000007
000000000000000a
0000000000000011
0000000000000017
00000000fffffff3
0000000000000084
000000000000000d
00000000fffffffd
00000000fffffffe
0000000000000020
00000000ffffffec
0000000000000018
00000000fffffffe
0000000000000034
00000000fffffff7
000000000000004a
00000000fffffff4
00000000fffffff9
00000000fffffffe
00000000ffffffe6
00000000fffffffa
00000000ffffffda
00000000fffffff2
00000000ffffffe2
00000000fffffffa
0000000000000057
00000000fffffff2
00000000ffffffe5
00000000ffffffff
00000000ffffffde
000000000000000b
0000000000000003
00000000fffffff2
00000000ffffffe0
0000000000000008
00000000ffffffca
00000000fffffff9
00000000fffffff6
0000000000000003
000000000000001e
0000000000000000
0000000000000022
00000000ffffffef
00000000fffffff7
00000000fffffffa
00000000fffffff4
0000000000000002
00000000fffffff0
00000000ffffffff
00000000ffffffe8
000000000000000a
00000000fffffffc
00000000fffffff6
00000000fffffff8
00000000fffffff1
0000000000000046
00000000fffffff3
00000000ffffffdf
0000000000000000
0000000000000019
00000000fffffffc
0000000000000000
0000000000000005
00000000ffffffb4
00000000ffffffff
00000000ffffffa7
0000000000000006
00000000ffffffd5
000000000000000a
00000000fffffffa
0000000000000009
0000000000000014
0000000000000005
00000000ffffffb6
0000000000000003
00000000ffffffe3
0000000000000005
00000000ffffffdc
0000000000000016
00000000fffffffe
000000000000000d
00000000ffffffd9
0000000000000001
00000000ffffffc6
0000000000000008
00000000ffffffe2
00000000fffffff1
00000000ffffffbf
0000000000000004
000000000000001a
00000000fffffffd
000000000000001b
000000000000000b
0000000000000016
00000000fffffff9
00000000ffffffed
0000000000000006
0000000000000005
0000000000000009
00000000fffffff4
00000000fffffffb
00000000ffffffe7
0000000000000009
00000000fffffff7
0000000000000002
00000000fffffff5
00000000fffffffd
00000000ffffffcd
000000000000000a
00000000ffffffcd
0000000000000013
0000000000000017
0000000000000006
0000000000000030
0000000000000007
00000000ffffffe2
0000000000000012
000000000000002c
00000000ffffffed
0000000000000020
0000000000000005
000000000000001a
00000000fffffff1
0000000000000029
00000000ffffffeb
0000000000000036
000000000000000d
00000000ffffffd2
000000000000000b
00000000ffffffdb
00000000fffffff5
00000000ffffffa6
00000000fffffffb
0000000000000019
00000000fffffff7
0000000000000039
00000000fffffff0
00000000ffffffc1
00000000fffffffa
00000000ffffffe1
000000000000000d
0000000000000013
00000000fffffffc
000000000000004d
000000000000000d
00000000ffffffdb
00000000fffffff9
0000000000000007
0000000000000008
00000000fffffff8
00000000fffffff2
000000000000002f
00000000fffffff4
0000000000000024
00000000fffffff6
00000000fffffff5
0000000000000007
0000000000000004
00000000fffffff7
00000000ffffffdd
0000000000000004
000000000000003d
00000000fffffffc
00000000ffffffd5
00000000fffffff9
0000000000000003
00000000ffffffff
00000000fffffff0
00000000fffffff0
0000000000000055
0000000000000003
00000000ffffffd7
000000000000000c
00000000ffffffe7
00000000fffffffe
0000000000000028
00000000fffffff6
00000000fffffffd
0000000000000009
00000000ffffffdb
0000000000000002
00000000fffffff1
00000000fffffff9
00000000fffffff5
0000000000000003
0000000000000028
0000000000000003
00000000fffffff1
0000000000000011
000000000000000f
00000000fffffff4
00000000fffffffa
0000000000000008
00000000ffffffa4
00000000fffffff3
0000000000000006
0000000000000010
000000000000001e
00000000fffffff9
00000000ffffffca
00000000ffffffff
000000000000001d
0000000000000004
000000000000000b
0000000000000004
00000000ffffffe7
0000000000000008
00000000fffffffb
00000000ffffffeb
000000000000002b
00000000fffffffd
0000000000000017
0000000000000014
0000000000000006
0000000000000000
0000000000000032
00000000fffffff3
00000000ffffffeb
0000000000000010
00000000fffffffd
00000000ffffffe6
000000000000000a
0000000000000007
00000000ffffffeb
0000000000000004
00000000fffffff5
0000000000000003
00000000ffffffc5
000000000000000c
0000000000000064
00000000fffffff8
00000000ffffffed
0000000000000001
00000000ffffffb0
00000000fffffff2
0000000000000014
000000000000000c
00000000ffffffe7
0000000000000000
00000000ffffffe8
0000000000000008
0000000000000004
0000000000000006
0000000000000009
0000000000000008
000000000000000e
00000000fffffffb
0000000000000029
00000000fffffffc
000000000000005e
00000000fffffff2
00000000ffffffc0
00000000fffffff6
00000000ffffffeb
0000000000000006
0000000000000013
00000000fffffff4
0000000000000008
0000000000000008
00000000ffffffce
000000000000000c
0000000000000009
00000000fffffffe
00000000ffffffd1
00000000fffffff1
000000000000001e
00000000ffffffef
000000000000002a
0000000000000001
0000000000000040
000000000000001e
000000000000002b
0000000000000007
000000000000001b
000000000000000b
00000000ffffffe1
0000000000000003
00000000fffffff4
00000000fffffff3
00000000fffffff2
00000000fffffffa
0000000000000038
0000000000000000
00000000ffffffca
000000000000000a
0000000000000031
000000000000000a
0000000000000021
000000000000000a
00000000ffffffe2
0000000000000004
000000000000001c
00000000fffffff4
00000000ffffff9f
00000000fffffff0
00000000fffffff9
00000000fffffff5
0000000000000054
0000000000000006
00000000ffffffeb
0000000000000007
0000000000000056
0000000000000005
000000000000000e
000000000000000b
00000000ffffffe0
00000000fffffff0
000000000000002b
000000000000000c
00000000fffffffa
00000000ffffffff
00000000ffffffdf
000000000000000a
000000000000000a
0000000000000009
0000000000000020
0000000000000001
000000000000004a
00000000fffffffe
00000000ffffffce
0000000000000006
00000000ffffffd6
00000000fffffff1
00000000fffffff1
00000000ffffffea
0000000000000005
0000000000000005
0000000000000025
00000000fffffffb
00000000ffffffd2
0000000000000005
00000000fffffff5
00000000fffffffb
0000000000000017
00000000fffffff0
000000000000002a
00000000fffffff9
000000000000003b
00000000fffffffd
0000000000000005
00000000ffffffff
00000000ffffffcf
0000000000000000
0000000000000005
0000000000000011
00000000ffffffd1
0000000000000004
00000000ffffffcf
0000000000000009
000000000000000e
00000000fffffff3
0000000000000008
0000000000000007
00000000fffffff9
00000000ffffffec
0000000000000005
0000000000000009
00000000ffffffde
000000000000000f
0000000000000038
000000000000000c
0000000000000020
00000000fffffffd
00000000fffffff4
00000000ffffffe9
000000000000003e
00000000ffffffee
00000000ffffffcb
0000000000000001
00000000ffffffe1
0000000000000012
00000000ffffffe1
00000000fffffff3
000000000000002e
0000000000000012
00000000fffffff3
00000000fffffffc
0000000000000046
00000000fffffff8
0000000000000002
000000000000000a
00000000fffffff3
0000000000000008
0000000000000017
000000000000000c
0000000000000014
0000000000000010
0000000000000004
0000000000000008
0000000000000035
0000000000000002
0000000000000007
00000000fffffffb
0000000000000034
00000000fffffffd
0000000000000046
0000000000000001
0000000000000006
0000000000000002
00000000ffffffe7
00000000fffffff7
00000000ffffffcd
0000000000000011
0000000000000047
00000000fffffff9
00000000ffffffd2
00000000fffffffb
000000000000000e
00000000fffffffa
00000000ffffffd8
0000000000000002
00000000ffffffe0
00000000fffffffa
0000000000000007
0000000000000000
000000000000002f
000000000000000e
000000000000003c
0000000000000012
0000000000000008
00000000ffffffec
00000000ffffffdb
00000000fffffffa
00000000ffffffe5
00000000fffffff9
00000000ffffff96
0000000000000004
000000000000004b
0000000000000007
000000000000002e
00000000fffffffd
00000000fffffffe
0000000000000003
00000000ffffffea
00000000fffffffc
0000000000000035
00000000ffffffe8
0000000000000032
0000000000000001
00000000ffffffeb
00000000fffffffa
000000000000002d
0000000000000008
00000000ffffffd5
00000000ffffffee
0000000000000000
0000000000000001
00000000ffffffdf
00000000fffffff7
0000000000000045
00000000fffffff0
000000000000004b
0000000000000005
0000000000000005
0000000000000008
00000000ffffffe3
000000000000000e
00000000ffffffcd
0000000000000009
00000000fffffff3
0000000000000003
0000000000000011
00000000fffffff7
0000000000000002
00000000fffffffe
0000000000000004
00000000fffffff0
000000000000001b
00000000fffffff4
0000000000000013
0000000000000014
00000000fffffffa
0000000000000007
00000000ffffffe9
000000000000000a
0000000000000020
00000000fffffff1
0000000000000048
0000000000000008
0000000000000001
0000000000000003
000000000000000e
00000000fffffffe
00000000ffffffbc
0000000000000011
00000000fffffffe
000000000000000b
00000000ffffffef
0000000000000004
00000000ffffffdb
0000000000000013
0000000000000028
00000000fffffffa
00000000ffffff9e
0000000000000002
0000000000000003
0000000000000004
00000000fffffff8
00000000fffffff0
00000000fffffff0
00000000fffffffd
00000000fffffff7
0000000000000012
00000000ffffffda
0000000000000008
00000000ffffffd6
0000000000000006
00000000ffffffb7
0000000000000002
0000000000000011
00000000fffffffc
0000000000000012
00000000fffffffb
0000000000000012
0000000000000003
0000000000000059
00000000fffffffb
00000000fffffff6
000000000000000f
00000000ffffffff
0000000000000006
0000000000000019
00000000fffffffe
00000000ffffffc0
0000000000000008
000000000000006a
00000000ffffffed
00000000ffffffeb
0000000000000002
00000000ffffffd8
000000000000000c
00000000ffffffe7
00000000fffffff0
00000000ffffffd7
00000000fffffff0
0000000000000021
0000000000000006
00000000ffffffe1
00000000fffffffa
00000000ffffffcc
0000000000000003
00000000fffffffc
00000000ffffffff
00000000fffffff2
00000000ffffffed
0000000000000011
0000000000000001
00000000fffffff9
00000000fffffffc
0000000000000012
000000000000000a
00000000ffffffde
0000000000000011
0000000000000001
0000000000000004
0000000000000007
00000000fffffffe
00000000ffffffe3
00000000fffffff0
0000000000000002
00000000fffffff9
0000000000000022
0000000000000004
00000000fffffffa
00000000fffffff7
00000000ffffffe3
00000000fffffff8
00000000ffffffea
0000000000000004
0000000000000015
00000000fffffffd
00000000ffffffbf
00000000ffffffff
00000000ffffffc2
0000000000000000
000000000000001e
00000000fffffff5
000000000000003f
0000000000000002
00000000ffffffb2
000000000000000e
000000000000000d
0000000000000003
000000000000003a
00000000fffffffb
00000000ffffffe3
0000000000000003
00000000ffffffff
0000000000000006
00000000fffffffa
00000000fffffffd
00000000ffffffe6
00000000fffffffe
00000000ffffffdf
0000000000000004
0000000000000006
0000000000000003
00000000ffffffca
00000000fffffffe
00000000ffffffd9
0000000000000006
0000000000000020
00000000fffffff7
00000000fffffff9
0000000000000001
0000000000000008
00000000fffffff7
000000000000000d
00000000ffffffe6
00000000ffffffd1
0000000000000009
00000000ffffffe3
00000000fffffff7
0000000000000022
0000000000000001
00000000ffffffdb
00000000fffffffa
00000000ffffffcb
0000000000000003
000000000000002f
000000000000000b
00000000ffffffea
0000000000000012
00000000ffffffd2
00000000fffffff0
00000000ffffffd2
0000000000000009
0000000000000015
000000000000000e
0000000000000017
00000000fffffff5
00000000ffffffef
0000000000000001
00000000ffffffdc
00000000fffffff5
00000000fffffff0
00000000ffffffff
000000000000003e
000000000000000b
0000000000000005
00000000fffffff6
00000000ffffffd8
00000000ffffffec
0000000000000021
00000000ffffffff
00000000fffffffa
00000000fffffffb
00000000fffffffd
0000000000000002
0000000000000034
0000000000000010
000000000000000a
000000000000000e
000000000000002d
00000000fffffffb
00000000ffffffeb
00000000fffffffa
0000000000000027
0000000000000008
00000000ffffffff
00000000fffffff3
0000000000000018
0000000000000015
00000000ffffffc2
0000000000000007
00000000fffffff7
0000000000000011
00000000ffffffdb
00000000ffffffff
000000000000002b
0000000000000003
0000000000000011
0000000000000002
00000000ffffffe6
00000000fffffff4
0000000000000021
000000000000000c
000000000000001d
000000000000000e
000000000000003d
0000000000000009
00000000ffffffda
00000000fffffffa
00000000ffffffd0
000000000000000d
00000000fffffffa
00000000ffffffe7
00000000fffffff4
0000000000000006
0000000000000001
00000000fffffff1
0000000000000024
0000000000000008
00000000ffffffe2
000000000000000f
00000000ffffffbc
000000000000000d
0000000000000057
0000000000000001
0000000000000030
0000000000000004
0000000000000034
00000000fffffffb
0000000000000011
00000000fffffff6
000000000000001b
00000000fffffffd
0000000000000090
0000000000000004
00000000fffffffb
0000000000000007
0000000000000033
00000000fffffff5
0000000000000010
0000000000000000
00000000ffffffe2
00000000fffffff8
0000000000000020
00000000fffffff2
0000000000000009
0000000000000001
00000000fffffff7
00000000fffffff7
00000000ffffffbb
000000000000000e
00000000ffffffcf
00000000fffffff4
00000000ffffffcf
0000000000000000
00000000ffffffd8
00000000fffffff3
00000000fffffff0
00000000fffffff7
0000000000000026
00000000fffffffa
0000000000000012
0000000000000002
000000000000000a
00000000fffffffd
00000000ffffffdd
0000000000000007
00000000ffffffdd
00000000fffffff7
00000000ffffffce
00000000fffffff6
00000000ffffffc1
00000000fffffff3
0000000000000014
00000000fffffffc
00000000ffffffeb
0000000000000008
0000000000000011
00000000ffffffff
00000000ffffffce
00000000fffffff9
00000000ffffffd0
0000000000000000
00000000ffffffff
00000000ffffffe9
0000000000000014
0000000000000006
0000000000000010
0000000000000008
0000000000000006
0000000000000004
00000000ffffffd1
000000000000000a
00000000ffffffef
00000000fffffff4
0000000000000000
000000000000000c
000000000000001a
0000000000000004
00000000ffffffc5
00000000fffffff4
0000000000000005
00000000fffffffd
00000000fffffff6
000000000000000f
000000000000005e
00000000ffffffff
0000000000000024
000000000000000e
00000000ffffffe1
000000000000000b
000000000000000f
0000000000000003
00000000ffffffd3
0000000000000003
0000000000000056
00000000fffffffd
0000000000000012
0000000000000016
0000000000000008
0000000000000004
0000000000000000
000000000000000e
00000000ffffffc3
00000000fffffffe
00000000ffffffdb
0000000000000004
00000000ffffffe2
00000000fffffff2
00000000ffffffec
00000000fffffff4
0000000000000005
0000000000000002
00000000ffffffe1
0000000000000005
00000000fffffffc
000000000000000e
00000000fffffff1
00000000fffffff1
0000000000000028
000000000000000d
00000000fffffff0
00000000fffffff3
0000000000000056
0000000000000004
0000000000000003
000000000000000e
0000000000000014
0000000000000009
00000000fffffff9
00000000fffffff8
000000000000001c
00000000fffffffd
00000000ffffffca
00000000ffffffff
000000000000001e
0000000000000004
0000000000000048
0000000000000006
00000000fffffff4
00000000fffffff5
000000000000000b
0000000000000002
0000000000000017
00000000fffffff7
0000000000000031
0000000000000001
00000000fffffffe
00000000fffffffb
00000000ffffffc5
00000000ffffffeb
00000000ffffffdf
00000000ffffffee
00000000fffffff8
0000000000000003
00000000ffffffcd
00000000fffffffd
0000000000000055
00000000ffffffff
00000000ffffffb7
00000000fffffff6
00000000ffffffeb
00000000fffffff7
0000000000000011
0000000000000004
00000000ffffffb3
0000000000000003
00000000fffffffc
0000000000000005
0000000000000018
0000000000000011
00000000fffffff1
00000000fffffff8
00000000ffffffaf
0000000000000003
00000000ffffffe8
0000000000000003
00000000ffffffda
00000000fffffffc
0000000000000012
00000000fffffff1
00000000ffffffd8
00000000fffffff3
0000000000000056
00000000fffffffa
0000000000000015
000000000000000d
00000000ffffffd5
0000000000000004
00000000fffffff5
00000000fffffff3
0000000000000010
0000000000000004
0000000000000005
0000000000000004
00000000ffffffe8
00000000fffffff0
0000000000000022
000000000000000c
00000000fffffffb
00000000fffffffe
00000000ffffffc9
0000000000000014
00000000ffffffea
000000000000000e
00000000ffffffe6
00000000fffffffa
0000000000000007
00000000fffffff0
0000000000000027
000000000000000d
00000000fffffff4
0000000000000001
00000000ffffffde
00000000fffffffb
00000000ffffffd2
000000000000000e
0000000000000025
000000000000000d
0000000000000025
00000000fffffffd
000000000000000f
00000000fffffff3
00000000fffffffe
0000000000000007
000000000000000c
0000000000000000
0000000000000024
00000000fffffff8
00000000ffffffec
0000000000000000
00000000fffffff1
00000000fffffff6
00000000ffffffef
0000000000000016
0000000000000030
0000000000000002
000000000000001a
0000000000000002
00000000ffffffeb
00000000fffffffc
00000000ffffffed
00000000fffffffb
0000000000000050
0000000000000002
0000000000000047
0000000000000003
0000000000000024
0000000000000005
00000000ffffffd6
0000000000000007
000000000000003a
00000000fffffffe
000000000000000f
00000000fffffff2
000000000000001c
0000000000000007
00000000ffffffdf
00000000fffffff2
00000000ffffffd5
0000000000000004
00000000ffffffe5
0000000000000004
0000000000000048
00000000fffffff5
000000000000001f
0000000000000001
00000000ffffffdf
000000000000000e
0000000000000037
0000000000000005
0000000000000017
00000000fffffffe
0000000000000013
0000000000000002
00000000ffffffe1
0000000000000003
00000000fffffff5
0000000000000005
000000000000002d
0000000000000003
0000000000000038
0000000000000004
0000000000000036
0000000000000002
00000000fffffff5
00000000fffffffe
00000000ffffffe7
000000000000000a
0000000000000006
00000000fffffff3
0000000000000065
0000000000000000
00000000ffffffb8
00000000fffffff5
00000000ffffffd8
000000000000000e
0000000000000003
00000000fffffffb
00000000fffffff4
0000000000000002
00000000ffffffea
0000000000000005
0000000000000062
00000000ffffffef
00000000ffffffed
00000000fffffff4
00000000fffffff1
0000000000000011
00000000ffffffe6
00000000fffffff4
0000000000000016
0000000000000006
00000000fffffffb
0000000000000002
0000000000000022
0000000000000000
00000000ffffffe4
0000000000000003
0000000000000021
0000000000000000
00000000fffeab0e
000000000002a99a
00000000fffeab2f
00000000fffffffe
0000000000000023
0000000000000005
00000000ffffffeb
00000000fffffffb
000000000000000f
00000000fffffffb
00000000ffffffea
0000000000000003
00000000fffffff9
00000000fffffff3
000000000000000a
000000000000000b
00000000ffffffdb
00000000fffffffe
00000000ffffffe6
00000000fffffff6
0000000000000038
00000000fffffff2
00000000ffffffea
00000000fffffff9
000000000000001e
0000000000000004
0000000000000019
0000000000000004
00000000ffffffd4
00000000fffffffa
000000000000000a
0000000000000000
000000000000002e
00000000fffffff0
00000000ffffffcf
00000000fffffff4
00000000ffffffe5
000000000000000f
00000000ffffffda
0000000000000009
0000000000000013
00000000fffffff4
0000000000000010
000000000000000a
000000000000001c
0000000000000001
00000000fffffff2
0000000000000009
00000000ffffffd0
0000000000000000
0000000000000008
00000000fffffff7
0000000000000023
000000000000000a
00000000ffffffee
000000000000000a
00000000ffffffba
0000000000000001
0000000000000004
0000000000000008
0000000000000036
0000000000000006
0000000000000016
000000000000000d
00000000ffffffe4
00000000ffffffff
00000000ffffffaf
00000000fffffffc
000000000000003d
0000000000000008
000000000000000c
00000000fffffffd
0000000000000004
000000000000000d
00000000ffffffe1
0000000000000006
0000000000000007
000000000000000a
0000000000000024
00000000fffffff3
000000000000001a
0000000000000005
0000000000000000
000000000000000b
00000000ffffffc5
0000000000000003
0000000000000020
0000000000000014
0000000000000030
0000000000000001
00000000ffffffe3
0000000000000013
00000000ffffffd2
00000000fffffffe
00000000ffffffd0
000000000000000d
000000000000001f
00000000fffffffc
0000000000000036
00000000ffffffed
00000000ffffffeb
0000000000000001
000000000000000a
0000000000000003
0000000000000009
00000000fffffff6
00000000fffffffb
0000000000000003
00000000ffffffee
0000000000000001
0000000000000005
00000000ffffffe7
00000000ffffffed
000000000000000c
000000000000001f
00000000ffffffef
0000000000000005
000000000000000a
0000000000000015
00000000fffffff7
000000000000001b
00000000fffffff8
00000000ffffffc0
0000000000000005
000000000000002c
0000000000000002
0000000000000004
00000000fffffff5
00000000ffffffec
00000000fffffff1
0000000000000026
00000000fffffff9
00000000ffffffff
00000000fffffff5
0000000000000006
000000000000000d
00000000ffffffe6
00000000fffffff3
0000000000000027
000000000000000d
000000000000001c
00000000ffffffef
00000000fffffff7
00000000fffffffb
0000000000000059
00000000fffffff4
00000000fffffff5
00000000fffffff0
0000000000000011
000000000000000b
00000000ffffffd5
00000000fffffffe
0000000000000015
00000000fffffffb
0000000000000007
0000000000000001
00000000ffffff9f
0000000000000004
00000000ffffffcc
000000000000000a
00000000ffffffd7
0000000000000006
00000000fffffffe
0000000000000004
00000000fffffffd
0000000000000001
0000000000000018
000000000000000b
00000000ffffffcb
00000000ffffffee
000000000000001d
0000000000000004
00000000ffffffe3
0000000000000009
00000000ffffffa3
0000000000000001
0000000000000002
00000000fffffff0
000000000000003d
0000000000000005
00000000ffffffef
000000000000000c
0000000000000045
0000000000000002
00000000ffffffd8
0000000000000002
0000000000000005
0000000000000003
000000000000000d
0000000000000000
00000000ffffffe3
0000000000000001
00000000fffffff7
0000000000000001
00000000ffffffc6
0000000000000011
0000000000000011
000000000000000b
00000000ffffffc9
00000000fffffffa
0000000000000040
00000000fffffffa
0000000000000008
0000000000000003
0000000000000000
00000000fffffffa
00000000ffffffe4
0000000000000013
000000000000000e
00000000fffffffd
0000000000000009
000000000000000a
00000000ffffffe3
00000000fffffff0
0000000000000005
00000000fffffff6
0000000000000003
00000000fffffffd
00000000ffffffdd
00000000ffffffef
00000000ffffffd9
000000000000000e
0000000000000012
00000000fffffffc
000000000000002e
0000000000000007
000000000000001d
00000000fffffffc
0000000000000027
0000000000000006
00000000ffffffc8
00000000fffffff3
0000000000000033
0000000000000000
00000000fffffff5
0000000000000003
0000000000000025
00000000fffffff6
00000000fffffff8
0000000000000008
00000000ffffffe1
0000000000000003
00000000ffffffe8
00000000fffffff6
00000000fffffff6
00000000ffffffec
0000000000000015
000000000000000e
000000000000000c
00000000fffffff8
0000000000000026
00000000fffffff8
00000000ffffffcd
0000000000000006
0000000000000024
00000000ffffffff
00000000ffffffe5
0000000000000012
00000000ffffffde
0000000000000004
00000000ffffffd8
00000000fffffff4
00000000ffffff9d
00000000fffffffa
000000000000002b
0000000000000010
000000000000002c
00000000fffffff6
0000000000000032
0000000000000002
00000000fffffff1
00000000fffffffc
00000000fffffff5
000000000000000b
0000000000000010
00000000fffffff3
00000000ffffffde
0000000000000005
00000000ffffffec
0000000000000000
000000000000000b
0000000000000005
00000000fffffff9
00000000ffffffff
0000000000000001
0000000000000001
00000000ffffffce
00000000fffffffb
00000000ffffffd4
0000000000000000
00000000ffffffec
00000000fffffff8
00000000ffffffe4
0000000000000002
000000000000000b
0000000000000006
00000000ffffffe1
0000000000000004
00000000ffffffd2
00000000fffffff4
00000000fffffff2
00000000fffffff4
0000000000000005
00000000fffffffc
00000000ffffffe5
0000000000000017
000000000000001a
000000000000000a
00000000ffffffe5
00000000fffffff7
000000000000003e
00000000fffffff3
0000000000000014
00000000fffffff5
0000000000000032
00000000fffffffa
0000000000000005
000000000000000c
0000000000000058
00000000ffffffed
000000000000003f
000000000000000e
0000000000000014
000000000000000d
0000000000000020
00000000ffffffff
0000000000000026
0000000000000002
00000000ffffffde
0000000000000008
00000000ffffffee
00000000fffffff1
0000000000000035
0000000000000000
00000000ffffffbb
00000000ffffffff
000000000000000b
000000000000000d
0000000000000022
0000000000000007
00000000ffffffe7
00000000ffffffed
00000000fffffff5
0000000000000004
00000000ffffffe0
0000000000000007
00000000ffffffdb
00000000ffffffe9
0000000000000003
0000000000000009
0000000000000003
00000000fffffffc
00000000ffffffbf
000000000000000b
0000000000000001
0000000000000020
0000000000000033
00000000fffffffb
0000000000000018
00000000fffffff9
00000000fffffff6
0000000000000005
000000000000000f
00000000fffffffa
00000000fffffffd
000000000000000b
00000000ffffffe6
0000000000000009
000000000000000a
0000000000000000
0000000000000012
0000000000000005
0000000000000018
0000000000000009
00000000fffffffa
00000000fffffffe
00000000fffffff7
00000000fffffff9
0000000000000023
0000000000000000
0000000000000027
00000000fffffff7
00000000fffffff2
0000000000000006
00000000ffffffa7
0000000000000008
000000000000001c
00000000fffffff8
0000000000000012
00000000fffffffc
000000000000000f
00000000fffffffc
00000000ffffffed
0000000000000006
00000000ffffffa6
0000000000000004
00000000ffffffe6
0000000000000002
0000000000000035
00000000fffffffe
00000000ffffffd1
0000000000000005
00000000ffffffc4
00000000fffffffd
0000000000000020
0000000000000001
00000000ffffffcc
0000000000000006
000000000000000d
00000000ffffffe9
0000000000000037
00000000fffffff1
000000000000001b
00000000ffffffff
0000000000000036
00000000ffffffff
00000000fffffff8
00000000fffffff6
0000000000000000
00000000fffffffe
000000000000003a
00000000fffffffe
0000000000000039
00000000ffffffee
00000000ffffffd9
0000000000000000
00000000fffffff8
0000000000000006
00000000ffffffde
00000000fffffff4
000000000000001b
0000000000000006
00000000ffffffeb
00000000ffffffff
0000000000000020
0000000000000000
0000000000000043
0000000000000007
00000000fffffff2
00000000fffffff9
000000000000003c
0000000000000005
00000000ffffffe8
00000000fffffff4
00000000ffffffcf
0000000000000002
00000000ffffffc8
00000000ffffffff
000000000000004b
0000000000000004
00000000ffffffd9
0000000000000006
0000000000000001
00000000fffffff8
000000000000000a
00000000ffffffe3
000000000000000d
0000000000000005
0000000000000003
00000000fffffff8
00000000fffffff7
0000000000000003
00000000ffffffdf
0000000000000012
0000000000000007
0000000000000010
000000000000000f
00000000fffffffd
00000000ffffffed
0000000000000015
00000000ffffffd9
000000000000000b
000000000000000c
0000000000000000
0000000000000004
0000000000000002
00000000fffffffd
000000000000000c
00000000ffffffed
0000000000000006
00000000ffffffe8
00000000fffffffd
00000000fffffff7
0000000000000002
00000000fffffff0
00000000ffffffff
0000000000000030
0000000000000004
0000000000000023
0000000000000007
00000000ffffffe2
00000000fffffff6
0000000000000034
0000000000000003
0000000000000006
0000000000000001
0000000000000023
0000000000000002
00000000ffffffe9
000000000000000f
0000000000000000
0000000000000000
0000000000000030
0000000000000004
000000000000002d
0000000000000006
00000000ffffffec
0000000000000002
000000000000000a
0000000000000001
00000000ffffffed
0000000000000000
00000000ffffffc2
00000000fffffffc
00000000ffffffba
000000000000000c
00000000ffffffe1
0000000000000014
0000000000000001
00000000fffffff8
00000000ffffffe8
00000000fffffffb
00000000ffffffaa
00000000ffffffed
00000000ffffffef
00000000fffffff7
00000000ffffffee
0000000000000005
0000000000000019
00000000fffffff4
000000000000003d
0000000000000006
0000000000000022
00000000fffffff4
00000000fffffff4
0000000000000001
00000000fffffff5
00000000ffffffee
0000000000000022
0000000000000004
00000000ffffffeb
00000000fffffffc
00000000ffffffc3
0000000000000006
00000000ffffffe9
00000000fffffff2
000000000000004b
0000000000000016
0000000000000028
0000000000000003
0000000000000018
00000000ffffffef
00000000fffffff8
00000000fffffff3
00000000fffffff5
00000000fffffff9
000000000000005f
0000000000000006
000000000000001a
00000000fffffffa
00000000ffffffc6
0000000000000007
00000000ffffffcd
0000000000000000
0000000000000039
000000000000000c
0000000000000047
00000000ffffffee
00000000fffffffe
00000000fffffff3
00000000ffffffd2
0000000000000002
000000000000001a
0000000000000001
00000000fffffff1
000000000000001e
00000000fffffff2
00000000fffffff2
0000000000000009
0000000000000001
0000000000000023
00000000ffffffe5
0000000000000040
0000000000000004
00000000fffffff4
00000000fffffffd
000000000000000d
000000000000000a
0000000000000020
000000000000000c
000000000000001d
0000000000000005
00000000ffffffa2
00000000fffffff3
00000000ffffffe7
00000000fffffffb
00000000fffffff3
0000000000000008
00000000ffffffee
00000000fffffffd
0000000000000016
00000000fffffffa
000000000000004b
000000000000000a
0000000000000008
000000000000000b
00000000ffffff8c
0000000000000004
00000000ffffffe9
00000000fffffffc
00000000ffffffa0
00000000ffffffeb
00000000ffffffd7
00000000ffffffff
0000000000000006
000000000000000d
00000000fffffff7
00000000fffffffe
00000000ffffffef
0000000000000009
00000000ffffffc3
00000000fffffff9
0000000000000034
00000000fffffff9
0000000000000035
00000000fffffff4
0000000000000049
00000000fffffffb
00000000ffffffc7
0000000000000005
0000000000000018
000000000000000e
0000000000000018
000000000000000a
0000000000000042
000000000000000d
00000000fffffffd
00000000fffffffa
000000000000000b
00000000fffffff9
00000000fffffff9
00000000fffffffd
00000000ffffffd0
0000000000000001
000000000000004c
0000000000000005
00000000ffffffd6
0000000000000017
00000000ffffffdf
00000000fffffff4
00000000ffffffd8
000000000000000c
0000000000000011
00000000ffffffef
00000000fffffff2
00000000fffffff9
00000000ffffffeb
0000000000000006
0000000000000014
00000000fffffff8
00000000ffffffd0
0000000000000016
00000000ffffffe3
000000000000000b
000000000000002b
0000000000000004
000000000000001b
0000000000000000
0000000000000031
00000000fffffff5
00000000ffffffc4
00000000fffffff9
00000000ffffffc0
0000000000000019
0000000000000003
0000000000000009
00000000ffffffbb
0000000000000001
00000000ffffffff
00000000fffffffd
000000000000002d
00000000fffffff6
000000000000001e
0000000000000000
00000000ffffffd9
00000000fffffffc
0000000000000011
000000000000000c
00000000ffffffe7
00000000fffffff5
00000000fffffff6
0000000000000000
00000000ffffffb0
00000000ffffffeb
0000000000000034
00000000fffffff9
00000000fffffff6
0000000000000000
00000000fffffff1
00000000ffffffff
00000000ffffffec
00000000fffffff2
000000000000004c
00000000ffffffff
0000000000000028
0000000000000007
00000000ffffffc9
00000000fffffffd
00000000ffffffda
0000000000000004
0000000000000004
00000000fffffff5
00000000ffffffeb
0000000000000008
000000000000002d
00000000fffffff9
00000000fffffff2
0000000000000004
00000000ffffffdf
0000000000000007
0000000000000041
00000000fffffff1
0000000000000022
00000000ffffffee
00000000ffffffc6
00000000fffffff0
0000000000000016
00000000ffffffea
00000000ffffffe5
00000000fffffff7
00000000ffffffe3
000000000000000f
000000000000002f
00000000fffffffc
0000000000000025
00000000fffffffc
000000000000001b
00000000fffffff0
0000000000000010
00000000fffffff7
00000000ffffffe0
00000000fffffff9
000000000000002a
0000000000000008
0000000000000034
0000000000000000
0000000000000000
0000000000000019
0000000000000021
00000000ffffffff
000000000000002d
00000000fffffffb
00000000ffffffe6
00000000fffffffe
0000000000000009
00000000fffffff5
0000000000000006
0000000000000008
00000000ffffffb5
000000000000000a
0000000000000021
0000000000000011
0000000000000054
0000000000000009
0000000000000022
0000000000000002
00000000ffffff9f
00000000fffffff3
000000000000002c
00000000fffffffe
000000000000003c
0000000000000002
00000000ffffffee
00000000fffffff8
0000000000000019
000000000000001a
00000000ffffffe5
000000000000000e
00000000ffffffdc
000000000000000a
000000000000001c
0000000000000002
0000000000000009
0000000000000006
00000000ffffffff
0000000000000003
000000000000000e
0000000000000005
0000000000000032
000000000000000d
00000000ffffffde
00000000fffffffe
00000000ffffffdb
0000000000000009
00000000ffffffcb
000000000000000f
000000000000005b
00000000ffffffed
00000000fffffff4
00000000fffffff9
0000000000000002
0000000000000002
00000000fffffff0
00000000fffffff6
00000000ffffffe6
0000000000000004
00000000fffffff9
000000000000000c
000000000000006f
000000000000000c
0000000000000048
00000000fffffffc
00000000ffffffe6
00000000fffffff2
00000000fffffff3
0000000000000002
0000000000000005
0000000000000007
00000000fffffffe
00000000fffffffa
00000000fffffffd
00000000fffffff9
000000000000000e
00000000fffffff9
00000000ffffffc8
00000000ffffffff
000000000000004a
00000000fffffffe
0000000000000009
0000000000000000
00000000ffffffe4
00000000fffffff9
0000000000000017
0000000000000006
0000000000000014
00000000fffffff3
00000000ffffffb8
00000000fffffff5
00000000fffffffa
000000000000000c
00000000ffffffd6
00000000fffffffc
0000000000000024
00000000ffffffef
000000000000000d
000000000000000e
00000000ffffffff
00000000fffffff5
00000000ffffffed
00000000fffffff7
0000000000000046
00000000ffffffff
00000000ffffffad
00000000fffffff3
0000000000000009
000000000000000e
0000000000000016
000000000000000f
00000000fffffff3
00000000fffffff3
00000000fffffff5
0000000000000003
00000000ffffffb7
00000000ffffffec
0000000000000017
0000000000000003
0000000000000047
000000000000000c
00000000fffffffd
00000000fffffff1
000000000000001c
0000000000000003
00000000ffffffc6
000000000000000b
0000000000000053
0000000000000004
00000000ffffffe7
0000000000000015
0000000000000000
0000000000000001
00000000ffffffe6
0000000000000002
0000000000000042
0000000000000001
0000000000000032
0000000000000009
00000000ffffffec
0000000000000000
000000000000001b
0000000000000005
0000000000000003
00000000fffffffc
000000000000002d
0000000000000001
00000000fffffff4
00000000ffffffea
000000000000003b
0000000000000012
0000000000000012
00000000fffffff2
000000000000001a
00000000fffffffc
00000000ffffffed
0000000000000008
0000000000000003
0000000000000006
0000000000000062
0000000000000004
00000000fffffff0
0000000000000004
00000000fffffffd
00000000fffffffa
00000000ffffffcd
00000000fffffffb
00000000ffffffb2
0000000000000005
0000000000000014
000000000000000d
000000000000004a
0000000000000000
000000000000002d
00000000fffffff9
0000000000000019
0000000000000007
00000000ffffffe3
0000000000000005
00000000fffffff6
00000000fffffff3
00000000fffffff6
0000000000000000
00000000fffffff6
00000000fffffff6
0000000000000002
00000000fffffffc
00000000ffffffe5
00000000fffffff4
00000000ffffffb1
00000000fffffffa
00000000ffffffd2
0000000000000008
00000000fffffff6
0000000000000002
00000000ffffffff
0000000000000008
00000000ffffffb1
00000000fffffff7
00000000ffffffdc
00000000fffffffc
00000000ffffffe3
0000000000000007
00000000ffffffb6
0000000000000009
0000000000000012
000000000000000b
00000000ffffffee
0000000000000002
0000000000000003
0000000000000008
000000000000000c
00000000fffffff7
00000000ffffffd1
00000000ffffffee
000000000000006d
00000000fffffffa
00000000fffffff7
0000000000000010
0000000000000012
00000000fffffff9
00000000ffffffe3
00000000fffffff5
00000000fffffffd
0000000000000000
00000000ffffffd1
0000000000000005
000000000000001f
00000000fffffffe
0000000000000021
00000000fffffff8
0000000000000005
0000000000000007
0000000000000003
0000000000000007
0000000000000015
0000000000000009
000000000000001a
00000000fffffff8
00000000ffffffc8
0000000000000008
00000000fffffff9
00000000fffffffe
00000000ffffffd1
00000000fffffffa
00000000ffffffea
00000000fffffff7
00000000fffffff5
0000000000000004
0000000000000010
000000000000000b
00000000fffffff8
0000000000000002
00000000fffffffb
000000000000000d
0000000000000060
00000000ffffffe8
000000000000001c
00000000fffffff9
00000000ffffffcc
00000000fffffff1
0000000000000007
0000000000000004
00000000ffffffff
00000000ffffffff
0000000000000010
0000000000000000
00000000fffffff4
00000000fffffffc
00000000fffffffd
00000000fffffff4
0000000000000048
00000000fffffffe
000000000000000a
00000000ffffffff
0000000000000009
0000000000000012
00000000000035a4
00000000ffff945a
00000000000035d7
000000000000000e
00000000ffffffbd
0000000000000005
00000000ffffffeb
0000000000000001
0000000000000013
00000000ffffffeb
00000000fffffff6
00000000ffffffed
00000000ffffffb3
000000000000000b
00000000ffffffec
0000000000000005
0000000000000005
0000000000000006
0000000000000034
0000000000000004
00000000ffffffe4
00000000fffffffa
0000000000000004
00000000fffffff3
000000000000001e
0000000000000010
00000000ffffffe9
00000000fffffffa
00000000ffffffee
000000000000000a
00000000fffffff6
0000000000000012
0000000000000006
0000000000000002
00000000ffffffef
0000000000000002
00000000ffffffdd
00000000ffffffff
000000000000001a
00000000fffffffb
00000000ffffffab
000000000000000e
0000000000000018
0000000000000000
00000000fffffffe
0000000000000009
000000000000000a
000000000000000b
0000000000000022
00000000fffffffc
00000000ffffffe6
0000000000000007
0000000000000037
0000000000000002
00000000ffffffa0
00000000ffffffee
00000000ffffffe0
00000000fffffffb
0000000000000004
00000000fffffffa
00000000ffffffe4
000000000000000a
0000000000000008
0000000000000011
0000000000000016
00000000fffffff7
0000000000000007
00000000fffffffc
0000000000000015
0000000000000000
00000000ffffffe0
00000000fffffffd
0000000000000000
000000000000000b
000000000000001b
000000000000000a
00000000ffffffe1
0000000000000002
00000000ffffffca
00000000ffffffe9
00000000fffffff0
00000000fffffff5
0000000000000012
0000000000000007
00000000ffffffeb
0000000000000005
00000000ffffffc4
00000000fffffff6
00000000ffffffca
0000000000000001
00000000ffffffe9
00000000fffffffd
000000000000000a
00000000fffffffc
0000000000000026
00000000fffffff9
00000000fffffff7
0000000000000004
00000000ffffffb2
0000000000000009
000000000000000b
00000000fffffffb
00000000ffffffee
0000000000000001
00000000ffffffd5
00000000fffffff6
00000000ffffffed
00000000fffffff1
0000000000000050
00000000fffffff7
00000000ffffffdf
0000000000000001
00000000ffffffc3
00000000fffffffa
00000000fffffff9
0000000000000015
00000000ffffffe9
00000000fffffff2
00000000fffffff5
0000000000000003
000000000000003b
0000000000000002
0000000000000044
00000000fffffffb
00000000fffffffa
00000000fffffff2
00000000fffffff0
0000000000000011
0000000000000028
0000000000000005
0000000000000012
0000000000000001
00000000ffffffe1
0000000000000013
000000000000001a
00000000fffffff5
000000000000000e
00000000ffffffef
00000000ffffffe7
0000000000000005
0000000000000022
00000000fffffffb
0000000000000019
0000000000000007
0000000000000005
0000000000000014
00000000fffffff5
00000000fffffffa
00000000ffffffd1
00000000fffffffd
0000000000000013
0000000000000000
0000000000000025
00000000fffffff1
0000000000000007
0000000000000005
0000000000000023
00000000fffffff4
0000000000000044
000000000000001e
0000000000000043
0000000000000010
00000000ffffffc4
000000000000000a
00000000ffffffe5
00000000fffffffb
00000000ffffffec
0000000000000007
0000000000000009
00000000fffffff8
00000000ffffffe5
0000000000000008
0000000000000045
0000000000000009
000000000000001b
0000000000000003
0000000000000008
0000000000000000
00000000ffffffc1
00000000fffffff7
00000000fffffff3
00000000fffffff0
00000000ffffffe3
00000000fffffffe
00000000fffffff0
0000000000000002
00000000ffffffd9
0000000000000001
000000000000003f
00000000fffffff6
00000000fffffff9
0000000000000001
0000000000000019
00000000ffffffff
000000000000002c
0000000000000007
00000000fffffff9
0000000000000001
00000000ffffffe7
0000000000000000
00000000ffffffda
0000000000000000
00000000ffffffc8
00000000ffffffff
00000000ffffffba
00000000fffffff8
0000000000000012
0000000000000005
000000000000003e
0000000000000007
00000000ffffffdd
0000000000000008
000000000000000b
00000000ffffffec
00000000ffffffc3
00000000ffffffec
00000000ffffffff
000000000000000b
000000000000001b
00000000fffffff9
00000000ffffffeb
00000000ffffffec
00000000fffffff6
0000000000000008
0000000000000006
0000000000000007
0000000000000047
00000000fffffff8
0000000000000045
0000000000000006
0000000000000032
0000000000000003
00000000ffffffcb
0000000000000000
0000000000000031
0000000000000007
00000000fffffff5
0000000000000000
00000000ffffffe0
0000000000000000
0000000000000039
0000000000000011
000000000000006c
0000000000000006
000000000000001c
0000000000000000
00000000fffffff3
00000000fffffff8
0000000000000028
00000000fffffffc
00000000ffffffe8
00000000ffffffee
00000000ffffffd1
00000000fffffffc
00000000fffffffa
000000000000000b
00000000ffffffe5
0000000000000000
00000000ffffffda
0000000000000002
0000000000000008
00000000fffffffa
0000000000000017
0000000000000002
0000000000000003
0000000000000004
0000000000000028
0000000000000004
0000000000000036
00000000fffffff8
0000000000000019
0000000000000006
00000000fffffff5
0000000000000009
00000000ffffffba
0000000000000003
00000000fffffff2
0000000000000005
00000000ffffffd0
00000000fffffff2
00000000ffffffd3
00000000ffffffff
000000000000000b
000000000000000b
00000000ffffffd5
00000000fffffff3
00000000fffffff8
000000000000000b
0000000000000036
00000000fffffffa
0000000000000010
00000000fffffff8
000000000000001a
0000000000000002
0000000000000019
00000000fffffffa
00000000ffffffdd
00000000fffffff2
00000000ffffffe6
00000000fffffffc
00000000fffffffc
00000000fffffffc
000000000000004b
0000000000000008
00000000ffffffd9
0000000000000005
00000000ffffffd4
000000000000000a
00000000fffffffb
0000000000000007
00000000ffffffd2
00000000fffffff9
00000000ffffffd6
00000000ffffffff
00000000fffffff8
0000000000000008
00000000ffffffcf
00000000fffffffc
000000000000001a
00000000fffffffb
000000000000001f
0000000000000002
00000000ffffffde
0000000000000001
000000000000000c
00000000fffffffd
00000000ffffff8a
0000000000000002
000000000000000e
00000000fffffff2
0000000000000002
0000000000000011
0000000000000059
0000000000000006
00000000ffffffe9
0000000000000001
00000000ffffffdd
00000000ffffffff
0000000000000022
0000000000000009
00000000fffffff1
00000000ffffffff
00000000fffffff7
0000000000000008
00000000ffffffee
0000000000000009
000000000000002b
00000000fffffff5
0000000000000005
0000000000000003
00000000ffffffdf
0000000000000004
0000000000000021
0000000000000005
00000000ffffffc9
0000000000000004
000000000000000b
00000000fffffff9
000000000000003a
0000000000000007
0000000000000018
00000000fffffff7
0000000000000019
0000000000000004
0000000000000015
0000000000000005
00000000ffffffda
00000000fffffffb
0000000000000000
00000000fffffff8
0000000000000004
00000000fffffff1
0000000000000018
0000000000000001
00000000ffffffe2
000000000000000e
00000000ffffffff
00000000fffffff5
0000000000000031
00000000fffffff6
00000000ffffffe5
000000000000000b
0000000000000046
00000000fffffff2
000000000000004b
0000000000000000
00000000fffffff6
00000000fffffff4
00000000fffffff2
00000000fffffffa
0000000000000017
0000000000000000
000000000000001f
00000000fffffffc
0000000000000004
00000000fffffffc
0000000000000038
00000000fffffff8
00000000ffffffd1
00000000fffffffe
000000000000001f
00000000fffffff7
00000000fffffff4
0000000000000001
00000000fffffffa
00000000fffffffd
00000000ffffffe6
000000000000000a
000000000000001f
00000000fffffffb
0000000000000049
00000000fffffffd
0000000000000003
0000000000000009
00000000ffffffde
00000000fffffff7
00000000ffffffda
0000000000000006
00000000ffffffc8
00000000ffffffee
00000000ffffff98
0000000000000012
0000000000000013
00000000fffffff0
00000000ffffffef
00000000fffffffe
00000000ffffffbc
00000000fffffffa
0000000000000004
0000000000000014
0000000000000013
00000000fffffffe
00000000ffffffd9
0000000000000009
00000000fffffffa
00000000fffffffc
0000000000000023
0000000000000003
00000000ffffffe2
0000000000000009
00000000ffffffee
0000000000000003
00000000ffffffe6
0000000000000008
00000000fffffff5
0000000000000008
00000000ffffffce
00000000fffffffd
00000000ffffffff
00000000fffffffa
00000000ffffffc1
0000000000000010
0000000000000031
0000000000000006
00000000ffffffec
0000000000000001
00000000ffffffeb
0000000000000007
0000000000000009
0000000000000004
0000000000000027
0000000000000005
0000000000000039
00000000fffffff0
00000000fffffffb
000000000000000a
00000000ffffffc1
00000000fffffff9
0000000000000003
000000000000000b
00000000fffffff9
00000000ffffffff
00000000ffffffe2
000000000000000e
00000000fffffff4
0000000000000000
0000000000000017
0000000000000014
000000000000003f
00000000fffffffc
000000000000005e
00000000fffffff7
00000000fffffff5
00000000fffffffe
0000000000000020
0000000000000001
0000000000000008
0000000000000004
0000000000000041
00000000fffffffb
00000000ffffffda
00000000fffffffa
0000000000000024
00000000ffffffe9
00000000ffffffbe
00000000fffffff7
000000000000003b
00000000fffffff4
0000000000000007
00000000fffffff3
00000000ffffffe0
0000000000000006
000000000000001e
000000000000000a
000000000000000b
00000000fffffff4
000000000000000c
0000000000000010
0000000000000020
0000000000000009
00000000ffffffeb
00000000ffffffee
000000000000002a
0000000000000004
00000000fffffff6
00000000fffffffa
00000000ffffffff
000000000000000a
00000000fffffff9
0000000000000004
00000000fffffff6
00000000fffffff7
00000000ffffffba
0000000000000003
0000000000000025
0000000000000003
000000000000001a
00000000fffffff3
0000000000000057
00000000fffffff6
00000000ffffffe5
00000000fffffffa
000000000000004c
00000000fffffff8
00000000ffffffd2
0000000000000005
00000000ffffffef
0000000000000002
0000000000000044
00000000fffffff4
000000000000004b
000000000000000c
00000000ffffffe3
0000000000000004
00000000ffffffe9
00000000fffffff6
00000000ffffffa1
000000000000000a
00000000ffffffec
0000000000000003
00000000ffffffe8
0000000000000007
000000000000000e
000000000000000d
0000000000000039
000000000000000d
00000000fffffff1
00000000fffffff8
0000000000000012
0000000000000002
0000000000000042
00000000fffffff5
00000000fffffff9
0000000000000008
00000000ffffffc3
00000000fffffffe
0000000000000023
00000000fffffff8
00000000ffffffe2
0000000000000001
00000000fffffff2
00000000fffffff8
00000000ffffffee
000000000000000f
000000000000000b
000000000000000c
0000000000000026
0000000000000000
00000000fffffff1
00000000fffffff5
0000000000000013
00000000ffffffff
0000000000000006
00000000fffffff0
00000000fffffffa
0000000000000021
0000000000000013
00000000fffffffa
00000000ffffffee
00000000fffffffe
0000000000000011
00000000ffffffff
0000000000000026
00000000ffffffff
000000000000001b
00000000fffffff7
000000000000001f
00000000fffffff2
00000000fffffff6
0000000000000011
00000000ffffffea
0000000000000006
0000000000000023
00000000fffffffc
00000000ffffffe2
0000000000000003
000000000000001e
00000000fffffffa
00000000ffffffe5
00000000fffffff6
00000000ffffffcc
0000000000000003
000000000000005d
00000000fffffffd
00000000fffffffc
0000000000000003
00000000fffffff5
0000000000000016
0000000000000049
00000000fffffff1
00000000ffffffdb
000000000000000f
00000000ffffffba
00000000fffffffd
00000000ffffffcb
00000000fffffffe
00000000ffffffdf
00000000fffffffb
00000000ffffffdb
00000000fffffff7
0000000000000006
0000000000000006
00000000ffffffe2
0000000000000018
0000000000000016
0000000000000001
00000000fffffff5
00000000fffffff6
000000000000000b
00000000fffffff9
000000000000004f
0000000000000001
0000000000000008
0000000000000005
00000000ffffffd8
0000000000000007
00000000fffffffe
00000000ffffffff
0000000000000001
000000000000000a
00000000ffffffd0
0000000000000010
0000000000000009
00000000ffffffef
000000000000006e
00000000fffffff3
00000000ffffffd9
000000000000000a
00000000ffffffb0
00000000fffffff4
0000000000000006
00000000fffffffe
00000000ffffffd9
0000000000000007
0000000000000013
00000000fffffffe
00000000ffffffef
00000000fffffffc
000000000000002b
00000000fffffff7
00000000ffffffdc
00000000fffffffd
000000000000000e
00000000ffffffff
00000000ffffffcf
0000000000000005
00000000fffffffb
00000000ffffffff
000000000000002f
00000000fffffff7
00000000fffffffd
00000000fffffffa
00000000ffffffaa
0000000000000008
0000000000000001
00000000fffffff8
00000000ffffffe1
00000000fffffff2
0000000000000015
0000000000000001
0000000000000002
00000000fffffffe
00000000ffffffe0
00000000fffffff1
000000000000000e
0000000000000003
00000000ffffffe8
00000000fffffffe
0000000000000065
0000000000000005
00000000fffffff0
00000000fffffff8
000000000000000a
00000000fffffffb
0000000000000034
00000000fffffff9
0000000000000023
0000000000000005
00000000ffffffe8
00000000fffffffc
00000000fffffff8
0000000000000003
00000000ffffffe5
0000000000000006
0000000000000027
0000000000000001
00000000ffffffec
0000000000000000
00000000fffffffb
0000000000000013
00000000ffffffd7
00000000fffffffd
00000000ffffffa8
0000000000000008
00000000fffffff2
00000000fffffffc
0000000000000018
0000000000000006
00000000ffffffd5
00000000fffffff9
00000000ffffffe7
0000000000000003
00000000ffffffff
0000000000000006
000000000000003b
0000000000000008
000000000000001b
00000000fffffff4
00000000ffffffe8
00000000fffffffb
00000000fffffff4
0000000000000003
000000000000003e
0000000000000012
00000000ffffffea
0000000000000002
0000000000000032
0000000000000015
00000000ffffffe5
00000000ffffffff
00000000ffffffc1
00000000ffffffff
0000000000000022
0000000000000006
0000000000000029
000000000000000b
00000000ffffffb0
000000000000000c
0000000000000013
00000000fffffffc
00000000ffffffd9
00000000ffffffff
00000000ffffffe6
0000000000000001
0000000000000000
00000000fffffffc
00000000ffffffe7
000000000000000d
00000000ffffffe8
0000000000000000
0000000000000000
0000000000000000
0000000000000000
0000000000000000
0000000000000000
0000000000000000
0000000000000000
0000000000000000
0000000000000000
0000000000000000
0000000000000000
0000000000000000
0000000000000000
0000000000000000
0000000000000000
0000000000000000
0000000000000000
0000000000000000
0000000000000000
0000000000000000
0000000000000000
0000000000000000
0000000000000000
0000000000000000
0000000000000000
0000000000000000
0000000000000000
0000000000000000
0000000000000000
0000000000000000
0000000000000000
0000000000000000
0000000000000000
0000000000000000
0000000000000000
0000000000000000
0000000000000000
0000000000000000
0000000000000000
0000000000000000
0000000000000000
0000000000000000
0000000000000000
0000000000000000
0000000000000000
0000000000000000
0000000000000000
0000000000000000
0000000000000000
0000000000000000
0000000000000000
0000000000000000
0000000000000000
0000000000000000
0000000000000000
0000000000000000
0000000000000000
0000000000000000
0000000000000000
0000000000000000
0000000000000000
0000000000000000
0000000000000000
0000000000000000
0000000000000000
0000000000000000
0000000000000000
0000000000000000
0000000000000000
0000000000000000
0000000000000000
0000000000000000
0000000000000000
0000000000000000
0000000000000000
0000000000000000
0000000000000000
0000000000000000
0000000000000000
0000000000000000
0000000000000000
0000000000000000
0000000000000000
0000000000000000
0000000000000000
0000000000000000
0000000000000000
0000000000000000
0000000000000000
0000000000000000
0000000000000000
0000000000000000
0000000000000000
0000000000000000
0000000000000000
0000000000000000
0000000000000000
0000000000000000
0000000000000000
0000000000000000
0000000000000000
0000000000000000
0000000000000000
0000000000000000
0000000000000000
0000000000000000
0000000000000000
0000000000000000
0000000000000000
0000000000000000
0000000000000000
0000000000000000
0000000000000000
0000000000000000
0000000000000000
0000000000000000
0000000000000000
0000000000000000
0000000000000000
0000000000000000
0000000000000000
0000000000000000
0000000000000000
0000000000000000
0000000000000000
0000000000000000
0000000000000000
00000088fffffd4c
0000000000000000
0000000000000000
0000000000000000
0000000000000000
0000000000000000
0000000000000000
0000000000000000
0000000000000000
0000000000000000
0000000000000000
0000000000000000
0000000000000000
0000000000000000
0000000000000000
0000000000000000
0000000000000000
0000000000000000
0000000000000000
0000000000000000
0000000000000000
0000000000000000
0000000000000000
0000000000000000
0000000000000000
0000000000000000
0000000000000000
0000000000000000
0000000000000000
0000000000000000
0000000000000000
0000000000000000
0000000000000000
0000000000000000
0000000000000000
0000000000000000
0000000000000000
0000000000000000
0000000000000000
0000000000000000
0000000000000000
0000000000000000
0000000000000000
0000000000000000
0000000000000000
0000000000000000
0000000000000000
0000000000000000
0000000000000000
0000000000000000
0000000000000000
0000000000000000
0000000000000000
0000000000000000
0000000000000000
0000000000000000
0000000000000000
0000000000000000
0000000000000000
0000000000000000
0000000000000000
0000000000000000
0000000000000000
0000000000000000
0000000000000000
0000000000000000
0000000000000000
0000000000000000
0000000000000000
0000000000000000
0000000000000000
0000000000000000
0000000000000000
0000000000000000
0000000000000000
0000000000000000
0000000000000000
0000000000000000
0000000000000000
0000000000000000
0000000000000000
0000000000000000
0000000000000000
0000000000000000
0000000000000000
0000000000000000
0000000000000000
0000000000000000
0000000000000000
0000000000000000
0000000000000000
0000000000000000
0000000000000000
0000000000000000
0000000000000000
0000000000000000
0000000000000000
0000000000000000
0000000000000000
0000000000000000
0000000000000000
0000000000000000
0000000000000000
0000000000000000
0000000000000000
0000000000000000
0000000000000000
0000000000000000
0000000000000000
0000000000000000
0000000000000000
0000000000000000
0000000000000000
0000000000000000
0000000000000000
0000000000000000
0000000000000000
0000000000000000
0000000000000000
0000000000000000
0000000000000000
0000000000000000
0000000000000000
0000000000000000
0000000000000000
0000000000000000
0000000000000000
0000000000000000
0000000000000000
0000000000000000
0000000000000000
0000000000000000
0000000000000000
0000000000000000
0000000000000000
0000000000000000
0000000000000000
0000000000000000
0000000000000000
0000000000000000
0000000000000000
0000000000000000
0000000000000000
0000000000000000
0000000000000000
0000000000000000
0000000000000000
0000000000000000
0000000000000000
0000000000000000
0000000000000000
0000000000000000
0000000000000000
0000000000000000
0000000000000000
0000000000000000
0000000000000000
0000000000000000
0000000000000000
0000000000000000
0000000000000000
0000000000000000
0000000000000000
0000000000000000
0000000000000000
0000000000000000
0000000000000000
0000000000000000
0000000000000000
0000000000000000
0000000000000000
0000000000000000
0000000000000000
0000000000000000
0000000000000000
0000000000000000
0000000000000000
0000000000000000
0000000000000000
0000000000000000
0000000000000000
0000000000000000
0000000000000000
0000000000000000
0000000000000000
0000000000000000
0000000000000000
0000000000000000
0000000000000000
0000000000000000
0000000000000000
0000000000000000
0000000000000000
0000000000000000
0000000000000000
0000000000000000
0000000000000000
0000000000000000
0000000000000000
0000000000000000
0000000000000000
0000000000000000
0000000000000000
0000000000000000
0000000000000000
0000000000000000
0000000000000000
0000000000000000
0000000000000000
0000000000000000
0000000000000000
0000000000000000
0000000000000000
0000000000000000
0000000000000000
0000000000000000
0000000000000000
0000000000000000
0000000000000000
0000000000000000
0000000000000000
0000000000000000
0000000000000000
0000000000000000
0000000000000000
0000000000000000
0000000000000000
0000000000000000
0000000000000000
0000000000000000
0000000000000000
0000000000000000
0000000000000000
0000000000000000
0000000000000000
0000000000000000
0000000000000000
0000000000000000
0000000000000000
0000000000000000
0000000000000000
0000000000000000
0000000000000000
0000000000000000
0000000000000000
0000000000000000
0000000000000000
0000000000000000
0000000000000000
0000000000000000
0000000000000000
0000000000000000
0000000000000000
0000000000000000
0000000000000000
0000000000000000
0000000000000000
0000000000000000
0000000000000000
0000000000000000
0000000000000000
0000000000000000
0000000000000000
0000000000000000
0000000000000000
0000000000000000
0000000000000000
0000000000000000
0000000000000000
0000000000000000
0000000000000000
0000000000000000
0000000000000000
0000000000000000
0000000000000000
0000000000000000
0000000000000000
0000000000000000
0000000000000000
0000000000000000
0000000000000000
0000000000000000
0000000000000000
0000000000000000
0000000000000000
0000000000000000
0000000000000000
0000000000000000
0000000000000000
0000000000000000
0000000000000000
0000000000000000
0000000000000000
0000000000000000
0000000000000000
0000000000000000
0000000000000000
0000000000000000
0000000000000000
0000000000000000
0000000000000000
0000000000000000
0000000000000000
0000000000000000
0000000000000000
0000000000000000
0000000000000000
0000000000000000
0000000000000000
0000000000000000
0000000000000000
0000000000000000
0000000000000000
0000000000000000
0000000000000000
0000000000000000
0000000000000000
0000000000000000
0000000000000000
0000000000000000
0000000000000000
0000000000000000
0000000000000000
0000000000000000
0000000000000000
0000000000000000
0000000000000000
0000000000000000
0000000000000000
0000000000000000
0000000000000000
0000000000000000
0000000000000000
0000000000000000
0000000000000000
0000000000000000
0000000000000000
0000000000000000
0000000000000000
0000000000000000
0000000000000000
0000000000000000
0000000000000000
0000000000000000
0000000000000000
0000000000000000
0000000000000000
0000000000000000
0000000000000000
0000000000000000
0000000000000000
0000000000000000
0000000000000000
0000000000000000
0000000000000000
0000000000000000
0000000000000000
0000000000000000
0000000000000000
0000000000000000
0000000000000000
0000000000000000
0000000000000000
0000000000000000
0000000000000000
0000000000000000
0000000000000000
0000000000000000
0000000000000000
0000000000000000
0000000000000000
0000000000000000
0000000000000000
0000000000000000
0000000000000000
0000000000000000
0000000000000000
0000000000000000
0000000000000000
0000000000000000
0000000000000000
0000000000000000
0000000000000000
0000000000000000
0000000000000000
0000000000000000
0000000000000000
0000000000000000
0000000000000000
0000000000000000
0000000000000000
0000000000000000
0000000000000000
0000000000000000
0000000000000000
0000000000000000
0000000000000000
0000000000000000
0000000000000000
0000000000000000
0000000000000000
0000000000000000
0000000000000000
0000000000000000
0000000000000000
0000000000000000
0000000000000000
0000000000000000
0000000000000000
0000000000000000
0000000000000000
0000000000000000
0000000000000000
0000000000000000
0000000000000000
0000000000000000
0000000000000000
0000000000000000
0000000000000000
0000000000000000
0000000000000000
0000000000000000
0000000000000000
0000000000000000
0000000000000000
0000000000000000
0000000000000000
0000000000000000
0000000000000000
0000000000000000
0000000000000000
0000000000000000
0000000000000000
0000000000000000
0000000000000000
0000000000000000
0000000000000000
0000000000000000
0000000000000000
0000000000000000
0000000000000000
0000000000000000
0000000000000000
0000000000000000
0000000000000000
0000000000000000
0000000000000000
0000000000000000
0000000000000000
0000000000000000
0000000000000000
0000000000000000
0000000000000000
0000000000000000
0000000000000000
0000000000000000
0000000000000000
0000000000000000
0000000000000000
0000000000000000
0000000000000000
0000000000000000
0000000000000000
0000000000000000
0000000000000000
0000000000000000
0000000000000000
0000000000000000
0000000000000000
0000000000000000
0000000000000000
0000000000000000
0000000000000000
0000000000000000
0000000000000000
0000000000000000
0000000000000000
0000000000000000
0000000000000000
0000000000000000
0000000000000000
0000000000000000
0000000000000000
0000000000000000
0000000000000000
0000000000000000
0000000000000000
0000000000000000
0000000000000000
0000000000000000
0000000000000000
0000000000000000
0000000000000000
0000000000000000
0000000000000000
0000000000000000
0000000000000000
0000000000000000
0000000000000000
0000000000000000
0000000000000000
0000000000000000
0000000000000000
0000000000000000
0000000000000000
0000000000000000
0000000000000000
0000000000000000
0000000000000000
0000000000000000
0000000000000000
0000000000000000
fffffe2a000000de
0000000000000000
0000000000000000
0000000000000000
0000000000000000
0000000000000000
0000000000000000
0000000000000000
0000000000000000
0000000000000000
0000000000000000
0000000000000000
0000000000000000
0000000000000000
0000000000000000
0000000000000000
0000000000000000
0000000000000000
0000000000000000
0000000000000000
0000000000000000
0000000000000000
0000000000000000
0000000000000000
0000000000000000
0000000000000000
0000000000000000
0000000000000000
0000000000000000
0000000000000000
0000000000000000
0000000000000000
0000000000000000
0000000000000000
0000000000000000
0000000000000000
0000000000000000
0000000000000000
0000000000000000
0000000000000000
0000000000000000
0000000000000000
0000000000000000
0000000000000000
0000000000000000
0000000000000000
0000000000000000
0000000000000000
0000000000000000
0000000000000000
0000000000000000
0000000000000000
0000000000000000
0000000000000000
0000000000000000
0000000000000000
0000000000000000
0000000000000000
0000000000000000
0000000000000000
0000000000000000
0000000000000000
0000000000000000
0000000000000000
0000000000000000
0000000000000000
0000000000000000
0000000000000000
0000000000000000
0000000000000000
0000000000000000
0000000000000000
0000000000000000
0000000000000000
0000000000000000
0000000000000000
0000000000000000
0000000000000000
0000000000000000
0000000000000000
0000000000000000
0000000000000000
0000000000000000
0000000000000000
0000000000000000
0000000000000000
0000000000000000
0000000000000000
0000000000000000
0000000000000000
0000000000000000
0000000000000000
0000000000000000
0000000000000000
0000000000000000
0000000000000000
0000000000000000
0000000000000000
0000000000000000
0000000000000000
0000000000000000
0000000000000000
0000000000000000
0000000000000000
0000000000000000
0000000000000000
0000000000000000
0000000000000000
0000000000000000
0000000000000000
0000000000000000
0000000000000000
0000000000000000
0000000000000000
0000000000000000
0000000000000000
0000000000000000
0000000000000000
0000000000000000
0000000000000000
0000000000000000
0000000000000000
0000000000000000
0000000000000000
0000000000000000
0000000000000000
0000000000000000
0000000000000000
0000000000000000
0000000000000000
0000000000000000
0000000000000000
0000000000000000
0000000000000000
0000000000000000
0000000000000000
0000000000000000
0000000000000000
0000000000000000
0000000000000000
0000000000000000
0000000000000000
0000000000000000
0000000000000000
0000000000000000
0000000000000000
0000000000000000
0000000000000000
0000000000000000
0000000000000000
0000000000000000
0000000000000000
0000000000000000
0000000000000000
0000000000000000
0000000000000000
0000000000000000
0000000000000000
0000000000000000
0000000000000000
0000000000000000
0000000000000000
0000000000000000
0000000000000000
0000000000000000
0000000000000000
0000000000000000
0000000000000000
0000000000000000
0000000000000000
0000000000000000
0000000000000000
0000000000000000
0000000000000000
0000000000000000
0000000000000000
0000000000000000
0000000000000000
0000000000000000
0000000000000000
0000000000000000
0000000000000000
0000000000000000
0000000000000000
0000000000000000
0000000000000000
0000000000000000
0000000000000000
0000000000000000
0000000000000000
0000000000000000
0000000000000000
0000000000000000
0000000000000000
0000000000000000
0000000000000000
0000000000000000
0000000000000000
0000000000000000
0000000000000000
0000000000000000
0000000000000000
0000000000000000
0000000000000000
0000000000000000
0000000000000000
0000000000000000
0000000000000000
0000000000000000
0000000000000000
0000000000000000
0000000000000000
0000000000000000
0000000000000000
0000000000000000
0000000000000000
0000000000000000
0000000000000000
0000000000000000
0000000000000000
0000000000000000
0000000000000000
0000000000000000
0000000000000000
0000000000000000
0000000000000000
0000000000000000
0000000000000000
0000000000000000
0000000000000000
0000000000000000
0000000000000000
0000000000000000
0000000000000000
0000000000000000
0000000000000000
0000000000000000
0000000000000000
0000000000000000
0000000000000000
0000000000000000
0000000000000000
0000000000000000
0000000000000000
0000000000000000
0000000000000000
0000000000000000
0000000000000000
0000000000000000
0000000000000000
0000000000000000
0000000000000000
0000000000000000
0000000000000000
0000000000000000
0000000000000000
0000000000000000
0000000000000000
0000000000000000
0000000000000000
0000000000000000
0000000000000000
0000000000000000
0000000000000000
0000000000000000
0000000000000000
0000000000000000
0000000000000000
0000000000000000
0000000000000000
0000000000000000
0000000000000000
0000000000000000
0000000000000000
0000000000000000
0000000000000000
0000000000000000
0000000000000000
0000000000000000
0000000000000000
0000000000000000
0000000000000000
0000000000000000
0000000000000000
0000000000000000
0000000000000000
0000000000000000
0000000000000000
0000000000000000
0000000000000000
0000000000000000
0000000000000000
0000000000000000
0000000000000000
0000000000000000
0000000000000000
0000000000000000
0000000000000000
0000000000000000
0000000000000000
0000000000000000
0000000000000000
0000000000000000
0000000000000000
0000000000000000
0000000000000000
0000000000000000
0000000000000000
0000000000000000
0000000000000000
0000000000000000
0000000000000000
0000000000000000
0000000000000000
0000000000000000
0000000000000000
0000000000000000
0000000000000000
0000000000000000
0000000000000000
0000000000000000
0000000000000000
0000000000000000
0000000000000000
0000000000000000
0000000000000000
0000000000000000
0000000000000000
0000000000000000
0000000000000000
0000000000000000
0000000000000000
0000000000000000
0000000000000000
0000000000000000
0000000000000000
0000000000000000
0000000000000000
0000000000000000
0000000000000000
0000000000000000
0000000000000000
0000000000000000
0000000000000000
0000000000000000
0000000000000000
0000000000000000
0000000000000000
0000000000000000
0000000000000000
0000000000000000
0000000000000000
0000000000000000
0000000000000000
0000000000000000
0000000000000000
0000000000000000
0000000000000000
0000000000000000
0000000000000000
0000000000000000
0000000000000000
0000000000000000
0000000000000000
0000000000000000
0000000000000000
0000000000000000
0000000000000000
0000000000000000
0000000000000000
0000000000000000
0000000000000000
0000000000000000
0000000000000000
0000000000000000
0000000000000000
0000000000000000
0000000000000000
0000000000000000
0000000000000000
0000000000000000
0000000000000000
0000000000000000
0000000000000000
0000000000000000
0000000000000000
0000000000000000
0000000000000000
0000000000000000
0000000000000000
0000000000000000
0000000000000000
0000000000000000
0000000000000000
0000000000000000
0000000000000000
0000000000000000
0000000000000000
0000000000000000
0000000000000000
0000000000000000
0000000000000000
0000000000000000
0000000000000000
0000000000000000
0000000000000000
0000000000000000
0000000000000000
0000000000000000
0000000000000000
0000000000000000
0000000000000000
0000000000000000
0000000000000000
0000000000000000
0000000000000000
0000000000000000
0000000000000000
0000000000000000
0000000000000000
0000000000000000
0000000000000000
0000000000000000
0000000000000000
0000000000000000
0000000000000000
0000000000000000
0000000000000000
0000000000000000
0000000000000000
0000000000000000
0000000000000000
0000000000000000
0000000000000000
0000000000000000
0000000000000000
0000000000000000
0000000000000000
0000000000000000
0000000000000000
0000000000000000
0000000000000000
0000000000000000
0000000000000000
0000000000000000
0000000000000000
0000000000000000
0000000000000000
0000000000000000
0000000000000000
0000000000000000
0000000000000000
0000000000000000
0000000000000000
0000000000000000
0000000000000000
0000000000000000
0000000000000000
0000000000000000
0000000000000000
0000000000000000
0000000000000000
0000000000000000
0000000000000000
0000000000000000
0000000000000000
0000000000000000
0000000000000000
0000000000000000
0000000000000000
0000000000000000
0000000000000000
0000000000000000
0000000000000000
0000000000000000
0000000000000000
0000000000000000
0000000000000000
0000000000000000
0000000000000000
0000000000000000
0000000000000000
0000000000000000
0000000000000000
0000000000000000
0000000000000000
0000000000000000
0000000000000000
0000000000000000
0000000000000000
0000000000000000
0000000000000000
0000000000000000
0000000000000000
0000000000000000
0000000000000000
0000000000000000
0000000000000000
0000000000000000
0000000000000000
0000000000000000
0000000000000000
0000000000000000
0000000000000000
0000000000000000
0000000000000000
0000000000000000
0000000000000000
0000000000000000
0000000000000000
0000000000000000
0000000000000000
ffffff3200000236
0000000000000000
0000000000000000
0000000000000000
0000000000000000
0000000000000000
0000000000000000
0000000000000000
0000000000000000
0000000000000000
0000000000000000
0000000000000000
0000000000000000
0000000000000000
0000000000000000
0000000000000000
0000000000000000
0000000000000000
0000000000000000
0000000000000000
0000000000000000
0000000000000000
0000000000000000
0000000000000000
0000000000000000
0000000000000000
0000000000000000
0000000000000000
0000000000000000
0000000000000000
0000000000000000
0000000000000000
0000000000000000
0000000000000000
0000000000000000
0000000000000000
0000000000000000
0000000000000000
0000000000000000
0000000000000000
0000000000000000
0000000000000000
0000000000000000
0000000000000000
0000000000000000
0000000000000000
0000000000000000
0000000000000000
0000000000000000
0000000000000000
0000000000000000
0000000000000000
0000000000000000
0000000000000000
0000000000000000
0000000000000000
0000000000000000
0000000000000000
0000000000000000
0000000000000000
0000000000000000
0000000000000000
0000000000000000
0000000000000000
0000000000000000
0000000000000000
0000000000000000
0000000000000000
0000000000000000
0000000000000000
0000000000000000
0000000000000000
0000000000000000
0000000000000000
0000000000000000
0000000000000000
0000000000000000
0000000000000000
0000000000000000
0000000000000000
0000000000000000
0000000000000000
0000000000000000
0000000000000000
0000000000000000
0000000000000000
0000000000000000
0000000000000000
0000000000000000
0000000000000000
0000000000000000
0000000000000000
0000000000000000
0000000000000000
0000000000000000
0000000000000000
0000000000000000
0000000000000000
0000000000000000
0000000000000000
0000000000000000
0000000000000000
0000000000000000
0000000000000000
0000000000000000
0000000000000000
0000000000000000
0000000000000000
0000000000000000
0000000000000000
0000000000000000
0000000000000000
0000000000000000
0000000000000000
0000000000000000
0000000000000000
0000000000000000
0000000000000000
0000000000000000
0000000000000000
0000000000000000
0000000000000000
0000000000000000
0000000000000000
0000000000000000
0000000000000000
0000000000000000
0000000000000000
0000000000000000
0000000000000000
0000000000000000
0000000000000000
0000000000000000
0000000000000000
0000000000000000
0000000000000000
0000000000000000
0000000000000000
0000000000000000
0000000000000000
0000000000000000
0000000000000000
0000000000000000
0000000000000000
0000000000000000
0000000000000000
0000000000000000
0000000000000000
0000000000000000
0000000000000000
0000000000000000
0000000000000000
0000000000000000
0000000000000000
0000000000000000
0000000000000000
0000000000000000
0000000000000000
0000000000000000
0000000000000000
0000000000000000
0000000000000000
0000000000000000
0000000000000000
0000000000000000
0000000000000000
0000000000000000
0000000000000000
0000000000000000
0000000000000000
0000000000000000
0000000000000000
0000000000000000
0000000000000000
0000000000000000
0000000000000000
0000000000000000
0000000000000000
0000000000000000
0000000000000000
0000000000000000
0000000000000000
0000000000000000
0000000000000000
0000000000000000
0000000000000000
0000000000000000
0000000000000000
0000000000000000
0000000000000000
0000000000000000
0000000000000000
0000000000000000
0000000000000000
0000000000000000
0000000000000000
0000000000000000
0000000000000000
0000000000000000
0000000000000000
0000000000000000
0000000000000000
0000000000000000
0000000000000000
0000000000000000
0000000000000000
0000000000000000
0000000000000000
0000000000000000
0000000000000000
0000000000000000
0000000000000000
0000000000000000
0000000000000000
0000000000000000
0000000000000000
0000000000000000
0000000000000000
0000000000000000
0000000000000000
0000000000000000
0000000000000000
0000000000000000
0000000000000000
0000000000000000
0000000000000000
0000000000000000
0000000000000000
0000000000000000
0000000000000000
0000000000000000
0000000000000000
0000000000000000
0000000000000000
0000000000000000
0000000000000000
0000000000000000
0000000000000000
0000000000000000
0000000000000000
0000000000000000
0000000000000000
0000000000000000
0000000000000000
0000000000000000
0000000000000000
0000000000000000
0000000000000000
0000000000000000
0000000000000000
0000000000000000
0000000000000000
0000000000000000
0000000000000000
0000000000000000
0000000000000000
0000000000000000
0000000000000000
0000000000000000
0000000000000000
0000000000000000
0000000000000000
0000000000000000
0000000000000000
0000000000000000
0000000000000000
0000000000000000
0000000000000000
0000000000000000
0000000000000000
0000000000000000
0000000000000000
0000000000000000
0000000000000000
0000000000000000
0000000000000000
0000000000000000
0000000000000000
0000000000000000
0000000000000000
0000000000000000
0000000000000000
0000000000000000
0000000000000000
0000000000000000
0000000000000000
0000000000000000
0000000000000000
0000000000000000
0000000000000000
0000000000000000
0000000000000000
0000000000000000
0000000000000000
0000000000000000
0000000000000000
0000000000000000
0000000000000000
0000000000000000
0000000000000000
0000000000000000
0000000000000000
0000000000000000
0000000000000000
0000000000000000
0000000000000000
0000000000000000
0000000000000000
0000000000000000
0000000000000000
0000000000000000
0000000000000000
0000000000000000
0000000000000000
0000000000000000
0000000000000000
0000000000000000
0000000000000000
0000000000000000
0000000000000000
0000000000000000
0000000000000000
0000000000000000
0000000000000000
0000000000000000
0000000000000000
0000000000000000
0000000000000000
0000000000000000
0000000000000000
0000000000000000
0000000000000000
0000000000000000
0000000000000000
0000000000000000
0000000000000000
0000000000000000
0000000000000000
0000000000000000
0000000000000000
0000000000000000
0000000000000000
0000000000000000
0000000000000000
0000000000000000
0000000000000000
0000000000000000
0000000000000000
0000000000000000
0000000000000000
0000000000000000
0000000000000000
0000000000000000
0000000000000000
0000000000000000
0000000000000000
0000000000000000
0000000000000000
0000000000000000
0000000000000000
0000000000000000
0000000000000000
0000000000000000
0000000000000000
0000000000000000
0000000000000000
0000000000000000
0000000000000000
0000000000000000
0000000000000000
0000000000000000
0000000000000000
0000000000000000
0000000000000000
0000000000000000
0000000000000000
0000000000000000
0000000000000000
0000000000000000
0000000000000000
0000000000000000
0000000000000000
0000000000000000
0000000000000000
0000000000000000
0000000000000000
0000000000000000
0000000000000000
0000000000000000
0000000000000000
0000000000000000
0000000000000000
0000000000000000
0000000000000000
0000000000000000
0000000000000000
0000000000000000
0000000000000000
0000000000000000
0000000000000000
0000000000000000
0000000000000000
0000000000000000
0000000000000000
0000000000000000
0000000000000000
0000000000000000
0000000000000000
0000000000000000
0000000000000000
0000000000000000
0000000000000000
0000000000000000
0000000000000000
0000000000000000
0000000000000000
0000000000000000
0000000000000000
0000000000000000
0000000000000000
0000000000000000
0000000000000000
0000000000000000
0000000000000000
0000000000000000
0000000000000000
0000000000000000
0000000000000000
0000000000000000
0000000000000000
0000000000000000
0000000000000000
0000000000000000
0000000000000000
0000000000000000
0000000000000000
0000000000000000
0000000000000000
0000000000000000
0000000000000000
0000000000000000
0000000000000000
0000000000000000
0000000000000000
0000000000000000
0000000000000000
0000000000000000
0000000000000000
0000000000000000
0000000000000000
0000000000000000
0000000000000000
0000000000000000
0000000000000000
0000000000000000
0000000000000000
0000000000000000
0000000000000000
0000000000000000
0000000000000000
0000000000000000
0000000000000000
0000000000000000
0000000000000000
0000000000000000
0000000000000000
0000000000000000
0000000000000000
0000000000000000
0000000000000000
0000000000000000
0000000000000000
0000000000000000
0000000000000000
0000000000000000
0000000000000000
0000000000000000
0000000000000000
0000000000000000
0000000000000000
0000000000000000
0000000000000000
0000000000000000
0000000000000000
0000000000000000
0000000000000000
0000000000000000
0000000000000000
0000000000000000
0000000000000000
0000000000000000
0000000000000000
0000000000000000
0000000000000000
0000000000000000
0000000000000000
0000000000000000
0000000000000000
0000000000000000
0000000000000000
0000000000000000
0000000000000000
0000000000000000
0000000000000000
0000000000000000
0000000000000000
0000000000000000
0000000000000000
0000000000000000
0000000000000000
0000000000000000
0000000000000000
ffffff78ffffff64
0000000000000000
0000000000000000
0000000000000000
0000000000000000
0000000000000000
0000000000000000
0000000000000000
0000000000000000
0000000000000000
0000000000000000
0000000000000000
0000000000000000
0000000000000000
0000000000000000
0000000000000000
0000000000000000
0000000000000000
0000000000000000
0000000000000000
0000000000000000
0000000000000000
0000000000000000
0000000000000000
0000000000000000
0000000000000000
0000000000000000
0000000000000000
0000000000000000
0000000000000000
0000000000000000
0000000000000000
0000000000000000
0000000000000000
0000000000000000
0000000000000000
0000000000000000
0000000000000000
0000000000000000
0000000000000000
0000000000000000
0000000000000000
0000000000000000
0000000000000000
0000000000000000
0000000000000000
0000000000000000
0000000000000000
0000000000000000
0000000000000000
0000000000000000
0000000000000000
0000000000000000
0000000000000000
0000000000000000
0000000000000000
0000000000000000
0000000000000000
0000000000000000
0000000000000000
0000000000000000
0000000000000000
0000000000000000
0000000000000000
0000000000000000
0000000000000000
0000000000000000
0000000000000000
0000000000000000
0000000000000000
0000000000000000
0000000000000000
0000000000000000
0000000000000000
0000000000000000
0000000000000000
0000000000000000
0000000000000000
0000000000000000
0000000000000000
0000000000000000
0000000000000000
0000000000000000
0000000000000000
0000000000000000
0000000000000000
0000000000000000
0000000000000000
0000000000000000
0000000000000000
0000000000000000
0000000000000000
0000000000000000
0000000000000000
0000000000000000
0000000000000000
0000000000000000
0000000000000000
0000000000000000
0000000000000000
0000000000000000
0000000000000000
0000000000000000
0000000000000000
0000000000000000
0000000000000000
0000000000000000
0000000000000000
0000000000000000
0000000000000000
0000000000000000
0000000000000000
0000000000000000
0000000000000000
0000000000000000
0000000000000000
0000000000000000
0000000000000000
0000000000000000
0000000000000000
0000000000000000
0000000000000000
0000000000000000
0000000000000000
0000000000000000
0000000000000000
0000000000000000
0000000000000000
0000000000000000
0000000000000000
0000000000000000
0000000000000000
0000000000000000
0000000000000000
0000000000000000
0000000000000000
0000000000000000
0000000000000000
0000000000000000
0000000000000000
0000000000000000
0000000000000000
0000000000000000
0000000000000000
0000000000000000
0000000000000000
0000000000000000
0000000000000000
0000000000000000
0000000000000000
0000000000000000
0000000000000000
0000000000000000
0000000000000000
0000000000000000
0000000000000000
0000000000000000
0000000000000000
0000000000000000
0000000000000000
0000000000000000
0000000000000000
0000000000000000
0000000000000000
0000000000000000
0000000000000000
0000000000000000
0000000000000000
0000000000000000
0000000000000000
0000000000000000
0000000000000000
0000000000000000
0000000000000000
0000000000000000
0000000000000000
0000000000000000
0000000000000000
0000000000000000
0000000000000000
0000000000000000
0000000000000000
0000000000000000
0000000000000000
0000000000000000
0000000000000000
0000000000000000
0000000000000000
0000000000000000
0000000000000000
0000000000000000
0000000000000000
0000000000000000
0000000000000000
0000000000000000
0000000000000000
0000000000000000
0000000000000000
0000000000000000
0000000000000000
0000000000000000
0000000000000000
0000000000000000
0000000000000000
0000000000000000
0000000000000000
0000000000000000
0000000000000000
0000000000000000
0000000000000000
0000000000000000
0000000000000000
0000000000000000
0000000000000000
0000000000000000
0000000000000000
0000000000000000
0000000000000000
0000000000000000
0000000000000000
0000000000000000
0000000000000000
0000000000000000
0000000000000000
0000000000000000
0000000000000000
0000000000000000
0000000000000000
0000000000000000
0000000000000000
0000000000000000
0000000000000000
0000000000000000
0000000000000000
0000000000000000
0000000000000000
0000000000000000
0000000000000000
0000000000000000
0000000000000000
0000000000000000
0000000000000000
0000000000000000
0000000000000000
0000000000000000
0000000000000000
0000000000000000
0000000000000000
0000000000000000
0000000000000000
0000000000000000
0000000000000000
0000000000000000
0000000000000000
0000000000000000
0000000000000000
0000000000000000
0000000000000000
0000000000000000
0000000000000000
0000000000000000
0000000000000000
0000000000000000
0000000000000000
0000000000000000
0000000000000000
0000000000000000
0000000000000000
0000000000000000
0000000000000000
0000000000000000
0000000000000000
0000000000000000
0000000000000000
0000000000000000
0000000000000000
0000000000000000
0000000000000000
0000000000000000
0000000000000000
0000000000000000
0000000000000000
0000000000000000
0000000000000000
0000000000000000
0000000000000000
0000000000000000
0000000000000000
0000000000000000
0000000000000000
0000000000000000
0000000000000000
0000000000000000
0000000000000000
0000000000000000
0000000000000000
0000000000000000
0000000000000000
0000000000000000
0000000000000000
0000000000000000
0000000000000000
0000000000000000
0000000000000000
0000000000000000
0000000000000000
0000000000000000
0000000000000000
0000000000000000
0000000000000000
0000000000000000
0000000000000000
0000000000000000
0000000000000000
0000000000000000
0000000000000000
0000000000000000
0000000000000000
0000000000000000
0000000000000000
0000000000000000
0000000000000000
0000000000000000
0000000000000000
0000000000000000
0000000000000000
0000000000000000
0000000000000000
0000000000000000
0000000000000000
0000000000000000
0000000000000000
0000000000000000
0000000000000000
0000000000000000
0000000000000000
0000000000000000
0000000000000000
0000000000000000
0000000000000000
0000000000000000
0000000000000000
0000000000000000
0000000000000000
0000000000000000
0000000000000000
0000000000000000
0000000000000000
0000000000000000
0000000000000000
0000000000000000
0000000000000000
0000000000000000
0000000000000000
0000000000000000
0000000000000000
0000000000000000
0000000000000000
0000000000000000
0000000000000000
0000000000000000
0000000000000000
0000000000000000
0000000000000000
0000000000000000
0000000000000000
0000000000000000
0000000000000000
0000000000000000
0000000000000000
0000000000000000
0000000000000000
0000000000000000
0000000000000000
0000000000000000
0000000000000000
0000000000000000
0000000000000000
0000000000000000
0000000000000000
0000000000000000
0000000000000000
0000000000000000
0000000000000000
0000000000000000
0000000000000000
0000000000000000
0000000000000000
0000000000000000
0000000000000000
0000000000000000
0000000000000000
0000000000000000
0000000000000000
0000000000000000
0000000000000000
0000000000000000
0000000000000000
0000000000000000
0000000000000000
0000000000000000
0000000000000000
0000000000000000
0000000000000000
0000000000000000
0000000000000000
0000000000000000
0000000000000000
0000000000000000
0000000000000000
0000000000000000
0000000000000000
0000000000000000
0000000000000000
0000000000000000
0000000000000000
0000000000000000
0000000000000000
0000000000000000
0000000000000000
0000000000000000
0000000000000000
0000000000000000
0000000000000000
0000000000000000
0000000000000000
0000000000000000
0000000000000000
0000000000000000
0000000000000000
0000000000000000
0000000000000000
0000000000000000
0000000000000000
0000000000000000
0000000000000000
0000000000000000
0000000000000000
0000000000000000
0000000000000000
0000000000000000
0000000000000000
0000000000000000
0000000000000000
0000000000000000
0000000000000000
0000000000000000
0000000000000000
0000000000000000
0000000000000000
0000000000000000
0000000000000000
0000000000000000
0000000000000000
0000000000000000
0000000000000000
0000000000000000
0000000000000000
0000000000000000
0000000000000000
0000000000000000
0000000000000000
0000000000000000
0000000000000000
0000000000000000
0000000000000000
0000000000000000
0000000000000000
0000000000000000
0000000000000000
0000000000000000
0000000000000000
0000000000000000
0000000000000000
0000000000000000
0000000000000000
0000000000000000
0000000000000000
0000000000000000
0000000000000000
0000000000000000
0000000000000000
0000000000000000
0000000000000000
0000000000000000
0000000000000000
0000000000000000
0000000000000000
0000000000000000
0000000000000000
0000000000000000
0000000000000000
0000000000000000
0000000000000000
0000000000000000
0000000000000000
0000000000000000
0000000000000000
0000000000000000
0000000000000000
0000000000000000
0000000000000000
0000000000000000
0000000000000000
0000000000000000
0000000000000000
0000000000000000
0000000000000000
0000000000000000
0000000000000000
0000000000000000
0000000000000000
000000c000000070
0000000000000000
0000000000000000
0000000000000000
0000000000000000
0000000000000000
0000000000000000
0000000000000000
0000000000000000
0000000000000000
0000000000000000
0000000000000000
0000000000000000
0000000000000000
0000000000000000
0000000000000000
0000000000000000
0000000000000000
0000000000000000
0000000000000000
0000000000000000
0000000000000000
0000000000000000
0000000000000000
0000000000000000
0000000000000000
0000000000000000
0000000000000000
0000000000000000
0000000000000000
0000000000000000
0000000000000000
0000000000000000
0000000000000000
0000000000000000
0000000000000000
0000000000000000
0000000000000000
0000000000000000
0000000000000000
0000000000000000
0000000000000000
0000000000000000
0000000000000000
0000000000000000
0000000000000000
0000000000000000
0000000000000000
0000000000000000
0000000000000000
0000000000000000
0000000000000000
0000000000000000
0000000000000000
0000000000000000
0000000000000000
0000000000000000
0000000000000000
0000000000000000
0000000000000000
0000000000000000
0000000000000000
0000000000000000
0000000000000000
0000000000000000
0000000000000000
0000000000000000
0000000000000000
0000000000000000
0000000000000000
0000000000000000
0000000000000000
0000000000000000
0000000000000000
0000000000000000
0000000000000000
0000000000000000
0000000000000000
0000000000000000
0000000000000000
0000000000000000
0000000000000000
0000000000000000
0000000000000000
0000000000000000
0000000000000000
0000000000000000
0000000000000000
0000000000000000
0000000000000000
0000000000000000
0000000000000000
0000000000000000
0000000000000000
0000000000000000
0000000000000000
0000000000000000
0000000000000000
0000000000000000
0000000000000000
0000000000000000
0000000000000000
0000000000000000
0000000000000000
0000000000000000
0000000000000000
0000000000000000
0000000000000000
0000000000000000
0000000000000000
0000000000000000
0000000000000000
0000000000000000
0000000000000000
0000000000000000
0000000000000000
0000000000000000
0000000000000000
0000000000000000
0000000000000000
0000000000000000
0000000000000000
0000000000000000
0000000000000000
0000000000000000
0000000000000000
0000000000000000
0000000000000000
0000000000000000
0000000000000000
0000000000000000
0000000000000000
0000000000000000
0000000000000000
0000000000000000
0000000000000000
0000000000000000
0000000000000000
0000000000000000
0000000000000000
0000000000000000
0000000000000000
0000000000000000
0000000000000000
0000000000000000
0000000000000000
0000000000000000
0000000000000000
0000000000000000
0000000000000000
0000000000000000
0000000000000000
0000000000000000
0000000000000000
0000000000000000
0000000000000000
0000000000000000
0000000000000000
0000000000000000
0000000000000000
0000000000000000
0000000000000000
0000000000000000
0000000000000000
0000000000000000
0000000000000000
0000000000000000
0000000000000000
0000000000000000
0000000000000000
0000000000000000
0000000000000000
0000000000000000
0000000000000000
0000000000000000
0000000000000000
0000000000000000
0000000000000000
0000000000000000
0000000000000000
0000000000000000
0000000000000000
0000000000000000
0000000000000000
0000000000000000
0000000000000000
0000000000000000
0000000000000000
0000000000000000
0000000000000000
0000000000000000
0000000000000000
0000000000000000
0000000000000000
0000000000000000
0000000000000000
0000000000000000
0000000000000000
0000000000000000
0000000000000000
0000000000000000
0000000000000000
0000000000000000
0000000000000000
0000000000000000
0000000000000000
0000000000000000
0000000000000000
0000000000000000
0000000000000000
0000000000000000
0000000000000000
0000000000000000
0000000000000000
0000000000000000
0000000000000000
0000000000000000
0000000000000000
0000000000000000
0000000000000000
0000000000000000
0000000000000000
0000000000000000
0000000000000000
0000000000000000
0000000000000000
0000000000000000
0000000000000000
0000000000000000
0000000000000000
0000000000000000
0000000000000000
0000000000000000
0000000000000000
0000000000000000
0000000000000000
0000000000000000
0000000000000000
0000000000000000
0000000000000000
0000000000000000
0000000000000000
0000000000000000
0000000000000000
0000000000000000
0000000000000000
0000000000000000
0000000000000000
0000000000000000
0000000000000000
0000000000000000
0000000000000000
0000000000000000
0000000000000000
0000000000000000
0000000000000000
0000000000000000
0000000000000000
0000000000000000
0000000000000000
0000000000000000
0000000000000000
0000000000000000
0000000000000000
0000000000000000
0000000000000000
0000000000000000
0000000000000000
0000000000000000
0000000000000000
0000000000000000
0000000000000000
0000000000000000
0000000000000000
0000000000000000
0000000000000000
0000000000000000
0000000000000000
0000000000000000
0000000000000000
0000000000000000
0000000000000000
0000000000000000
0000000000000000
0000000000000000
0000000000000000
0000000000000000
0000000000000000
0000000000000000
0000000000000000
0000000000000000
0000000000000000
0000000000000000
0000000000000000
0000000000000000
0000000000000000
0000000000000000
0000000000000000
0000000000000000
0000000000000000
0000000000000000
0000000000000000
0000000000000000
0000000000000000
0000000000000000
0000000000000000
0000000000000000
0000000000000000
0000000000000000
0000000000000000
0000000000000000
0000000000000000
0000000000000000
0000000000000000
0000000000000000
0000000000000000
0000000000000000
0000000000000000
0000000000000000
0000000000000000
0000000000000000
0000000000000000
0000000000000000
0000000000000000
0000000000000000
0000000000000000
0000000000000000
0000000000000000
0000000000000000
0000000000000000
0000000000000000
0000000000000000
0000000000000000
0000000000000000
0000000000000000
0000000000000000
0000000000000000
0000000000000000
0000000000000000
0000000000000000
0000000000000000
0000000000000000
0000000000000000
0000000000000000
0000000000000000
0000000000000000
0000000000000000
0000000000000000
0000000000000000
0000000000000000
0000000000000000
0000000000000000
0000000000000000
0000000000000000
0000000000000000
0000000000000000
0000000000000000
0000000000000000
0000000000000000
0000000000000000
0000000000000000
0000000000000000
0000000000000000
0000000000000000
0000000000000000
0000000000000000
0000000000000000
0000000000000000
0000000000000000
0000000000000000
0000000000000000
0000000000000000
0000000000000000
0000000000000000
0000000000000000
0000000000000000
0000000000000000
0000000000000000
0000000000000000
0000000000000000
0000000000000000
0000000000000000
0000000000000000
0000000000000000
0000000000000000
0000000000000000
0000000000000000
0000000000000000
0000000000000000
0000000000000000
0000000000000000
0000000000000000
0000000000000000
0000000000000000
0000000000000000
0000000000000000
0000000000000000
0000000000000000
0000000000000000
0000000000000000
0000000000000000
0000000000000000
0000000000000000
0000000000000000
0000000000000000
0000000000000000
0000000000000000
0000000000000000
0000000000000000
0000000000000000
0000000000000000
0000000000000000
0000000000000000
0000000000000000
0000000000000000
0000000000000000
0000000000000000
0000000000000000
0000000000000000
0000000000000000
0000000000000000
0000000000000000
0000000000000000
0000000000000000
0000000000000000
0000000000000000
0000000000000000
0000000000000000
0000000000000000
0000000000000000
0000000000000000
0000000000000000
0000000000000000
0000000000000000
0000000000000000
0000000000000000
0000000000000000
0000000000000000
0000000000000000
0000000000000000
0000000000000000
0000000000000000
0000000000000000
0000000000000000
0000000000000000
0000000000000000
0000000000000000
0000000000000000
0000000000000000
0000000000000000
0000000000000000
0000000000000000
0000000000000000
0000000000000000
0000000000000000
0000000000000000
0000000000000000
0000000000000000
0000000000000000
0000000000000000
0000000000000000
0000000000000000
0000000000000000
0000000000000000
0000000000000000
0000000000000000
0000000000000000
0000000000000000
0000000000000000
0000000000000000
0000000000000000
0000000000000000
0000000000000000
0000000000000000
0000000000000000
0000000000000000
0000000000000000
0000000000000000
0000000000000000
0000000000000000
0000000000000000
0000000000000000
0000000000000000
0000000000000000
0000000000000000
0000000000000000
0000000000000000
0000000000000000
0000000000000000
0000000000000000
0000000000000000
0000000000000000
0000000000000000
0000000000000000
0000000000000000
0000000000000000
0000000000000000
0000000000000000
0000000000000000
0000000000000000
0000000000000000
0000000000000000
0000000000000000
0000000000000000
0000000000000000
0000000000000000
0000000000000000
0000000000000000
0000000000000000
0000000000000000
0000000000000000
0000000000000000
ffffff42fffffe12
0000000000000000
0000000000000000
0000000000000000
0000000000000000
0000000000000000
0000000000000000
0000000000000000
0000000000000000
0000000000000000
0000000000000000
0000000000000000
0000000000000000
0000000000000000
0000000000000000
0000000000000000
0000000000000000
0000000000000000
0000000000000000
0000000000000000
0000000000000000
0000000000000000
0000000000000000
0000000000000000
0000000000000000
0000000000000000
0000000000000000
0000000000000000
0000000000000000
0000000000000000
0000000000000000
0000000000000000
0000000000000000
0000000000000000
0000000000000000
0000000000000000
0000000000000000
0000000000000000
0000000000000000
0000000000000000
0000000000000000
0000000000000000
0000000000000000
0000000000000000
0000000000000000
0000000000000000
0000000000000000
0000000000000000
0000000000000000
0000000000000000
0000000000000000
0000000000000000
0000000000000000
0000000000000000
0000000000000000
0000000000000000
0000000000000000
0000000000000000
0000000000000000
0000000000000000
0000000000000000
0000000000000000
0000000000000000
0000000000000000
0000000000000000
0000000000000000
0000000000000000
0000000000000000
0000000000000000
0000000000000000
0000000000000000
0000000000000000
0000000000000000
0000000000000000
0000000000000000
0000000000000000
0000000000000000
0000000000000000
0000000000000000
0000000000000000
0000000000000000
0000000000000000
0000000000000000
0000000000000000
0000000000000000
0000000000000000
0000000000000000
0000000000000000
0000000000000000
0000000000000000
0000000000000000
0000000000000000
0000000000000000
0000000000000000
0000000000000000
0000000000000000
0000000000000000
0000000000000000
0000000000000000
0000000000000000
0000000000000000
0000000000000000
0000000000000000
0000000000000000
0000000000000000
0000000000000000
0000000000000000
0000000000000000
0000000000000000
0000000000000000
0000000000000000
0000000000000000
0000000000000000
0000000000000000
0000000000000000
0000000000000000
0000000000000000
0000000000000000
0000000000000000
0000000000000000
0000000000000000
0000000000000000
0000000000000000
0000000000000000
0000000000000000
0000000000000000
0000000000000000
0000000000000000
0000000000000000
0000000000000000
0000000000000000
0000000000000000
0000000000000000
0000000000000000
0000000000000000
0000000000000000
0000000000000000
0000000000000000
0000000000000000
0000000000000000
0000000000000000
0000000000000000
0000000000000000
0000000000000000
0000000000000000
0000000000000000
0000000000000000
0000000000000000
0000000000000000
0000000000000000
0000000000000000
0000000000000000
0000000000000000
0000000000000000
0000000000000000
0000000000000000
0000000000000000
0000000000000000
0000000000000000
0000000000000000
0000000000000000
0000000000000000
0000000000000000
0000000000000000
0000000000000000
0000000000000000
0000000000000000
0000000000000000
0000000000000000
0000000000000000
0000000000000000
0000000000000000
0000000000000000
0000000000000000
0000000000000000
0000000000000000
0000000000000000
0000000000000000
0000000000000000
0000000000000000
0000000000000000
0000000000000000
0000000000000000
0000000000000000
0000000000000000
0000000000000000
0000000000000000
0000000000000000
0000000000000000
0000000000000000
0000000000000000
0000000000000000
0000000000000000
0000000000000000
0000000000000000
0000000000000000
0000000000000000
0000000000000000
0000000000000000
0000000000000000
0000000000000000
0000000000000000
0000000000000000
0000000000000000
0000000000000000
0000000000000000
0000000000000000
0000000000000000
0000000000000000
0000000000000000
0000000000000000
0000000000000000
0000000000000000
0000000000000000
0000000000000000
0000000000000000
0000000000000000
0000000000000000
0000000000000000
0000000000000000
0000000000000000
0000000000000000
0000000000000000
0000000000000000
0000000000000000
0000000000000000
0000000000000000
0000000000000000
0000000000000000
0000000000000000
0000000000000000
0000000000000000
0000000000000000
0000000000000000
0000000000000000
0000000000000000
0000000000000000
0000000000000000
0000000000000000
0000000000000000
0000000000000000
0000000000000000
0000000000000000
0000000000000000
0000000000000000
0000000000000000
0000000000000000
0000000000000000
0000000000000000
0000000000000000
0000000000000000
0000000000000000
0000000000000000
0000000000000000
0000000000000000
0000000000000000
0000000000000000
0000000000000000
0000000000000000
0000000000000000
0000000000000000
0000000000000000
0000000000000000
0000000000000000
0000000000000000
0000000000000000
0000000000000000
0000000000000000
0000000000000000
0000000000000000
0000000000000000
0000000000000000
0000000000000000
0000000000000000
0000000000000000
0000000000000000
0000000000000000
0000000000000000
0000000000000000
0000000000000000
0000000000000000
0000000000000000
0000000000000000
0000000000000000
0000000000000000
0000000000000000
0000000000000000
0000000000000000
0000000000000000
0000000000000000
0000000000000000
0000000000000000
0000000000000000
0000000000000000
0000000000000000
0000000000000000
0000000000000000
0000000000000000
0000000000000000
0000000000000000
0000000000000000
0000000000000000
0000000000000000
0000000000000000
0000000000000000
0000000000000000
0000000000000000
0000000000000000
0000000000000000
0000000000000000
0000000000000000
0000000000000000
0000000000000000
0000000000000000
0000000000000000
0000000000000000
0000000000000000
0000000000000000
0000000000000000
0000000000000000
0000000000000000
0000000000000000
0000000000000000
0000000000000000
0000000000000000
0000000000000000
0000000000000000
0000000000000000
0000000000000000
0000000000000000
0000000000000000
0000000000000000
0000000000000000
0000000000000000
0000000000000000
0000000000000000
0000000000000000
0000000000000000
0000000000000000
0000000000000000
0000000000000000
0000000000000000
0000000000000000
0000000000000000
0000000000000000
0000000000000000
0000000000000000
0000000000000000
0000000000000000
0000000000000000
0000000000000000
0000000000000000
0000000000000000
0000000000000000
0000000000000000
0000000000000000
0000000000000000
0000000000000000
0000000000000000
0000000000000000
0000000000000000
0000000000000000
0000000000000000
0000000000000000
0000000000000000
0000000000000000
0000000000000000
0000000000000000
0000000000000000
0000000000000000
0000000000000000
0000000000000000
0000000000000000
0000000000000000
0000000000000000
0000000000000000
0000000000000000
0000000000000000
0000000000000000
0000000000000000
0000000000000000
0000000000000000
0000000000000000
0000000000000000
0000000000000000
0000000000000000
0000000000000000
0000000000000000
0000000000000000
0000000000000000
0000000000000000
0000000000000000
0000000000000000
0000000000000000
0000000000000000
0000000000000000
0000000000000000
0000000000000000
0000000000000000
0000000000000000
0000000000000000
0000000000000000
0000000000000000
0000000000000000
0000000000000000
0000000000000000
0000000000000000
0000000000000000
0000000000000000
0000000000000000
0000000000000000
0000000000000000
0000000000000000
0000000000000000
0000000000000000
0000000000000000
0000000000000000
0000000000000000
0000000000000000
0000000000000000
0000000000000000
0000000000000000
0000000000000000
0000000000000000
0000000000000000
0000000000000000
0000000000000000
0000000000000000
0000000000000000
0000000000000000
0000000000000000
0000000000000000
0000000000000000
0000000000000000
0000000000000000
0000000000000000
0000000000000000
0000000000000000
0000000000000000
0000000000000000
0000000000000000
0000000000000000
0000000000000000
0000000000000000
0000000000000000
0000000000000000
0000000000000000
0000000000000000
0000000000000000
0000000000000000
0000000000000000
0000000000000000
0000000000000000
0000000000000000
0000000000000000
0000000000000000
0000000000000000
0000000000000000
0000000000000000
0000000000000000
0000000000000000
0000000000000000
0000000000000000
0000000000000000
0000000000000000
0000000000000000
0000000000000000
0000000000000000
0000000000000000
0000000000000000
0000000000000000
0000000000000000
0000000000000000
0000000000000000
0000000000000000
0000000000000000
0000000000000000
0000000000000000
0000000000000000
0000000000000000
0000000000000000
0000000000000000
0000000000000000
0000000000000000
0000000000000000
0000000000000000
0000000000000000
0000000000000000
0000000000000000
0000000000000000
0000000000000000
0000000000000000
0000000000000000
0000000000000000
0000000000000000
0000000000000000
0000000000000000
0000000000000000
0000000000000000
0000000000000000
0000000000000000
0000000000000000
0000000000000000
0000000000000000
0000000000000000
0000000000000000
0000000000000000
0000000000000000
0000000000000000
0000000000000000
0000000000000000
0000000000000000
fffffc9effffff06
0000000000000000
0000000000000000
0000000000000000
0000000000000000
0000000000000000
0000000000000000
0000000000000000
0000000000000000
0000000000000000
0000000000000000
0000000000000000
0000000000000000
0000000000000000
0000000000000000
0000000000000000
0000000000000000
0000000000000000
0000000000000000
0000000000000000
0000000000000000
0000000000000000
0000000000000000
0000000000000000
0000000000000000
0000000000000000
0000000000000000
0000000000000000
0000000000000000
0000000000000000
0000000000000000
0000000000000000
0000000000000000
0000000000000000
0000000000000000
0000000000000000
0000000000000000
0000000000000000
0000000000000000
0000000000000000
0000000000000000
0000000000000000
0000000000000000
0000000000000000
0000000000000000
0000000000000000
0000000000000000
0000000000000000
0000000000000000
0000000000000000
0000000000000000
0000000000000000
0000000000000000
0000000000000000
0000000000000000
0000000000000000
0000000000000000
0000000000000000
0000000000000000
0000000000000000
0000000000000000
0000000000000000
0000000000000000
0000000000000000
0000000000000000
0000000000000000
0000000000000000
0000000000000000
0000000000000000
0000000000000000
0000000000000000
0000000000000000
0000000000000000
0000000000000000
0000000000000000
0000000000000000
0000000000000000
0000000000000000
0000000000000000
0000000000000000
0000000000000000
0000000000000000
0000000000000000
0000000000000000
0000000000000000
0000000000000000
0000000000000000
0000000000000000
0000000000000000
0000000000000000
0000000000000000
0000000000000000
0000000000000000
0000000000000000
0000000000000000
0000000000000000
0000000000000000
0000000000000000
0000000000000000
0000000000000000
0000000000000000
0000000000000000
0000000000000000
0000000000000000
0000000000000000
0000000000000000
0000000000000000
0000000000000000
0000000000000000
0000000000000000
0000000000000000
0000000000000000
0000000000000000
0000000000000000
0000000000000000
0000000000000000
0000000000000000
0000000000000000
0000000000000000
0000000000000000
0000000000000000
0000000000000000
0000000000000000
0000000000000000
0000000000000000
0000000000000000
0000000000000000
0000000000000000
0000000000000000
0000000000000000
0000000000000000
0000000000000000
0000000000000000
0000000000000000
0000000000000000
0000000000000000
0000000000000000
0000000000000000
0000000000000000
0000000000000000
0000000000000000
0000000000000000
0000000000000000
0000000000000000
0000000000000000
0000000000000000
0000000000000000
0000000000000000
0000000000000000
0000000000000000
0000000000000000
0000000000000000
0000000000000000
0000000000000000
0000000000000000
0000000000000000
0000000000000000
0000000000000000
0000000000000000
0000000000000000
0000000000000000
0000000000000000
0000000000000000
0000000000000000
0000000000000000
0000000000000000
0000000000000000
0000000000000000
0000000000000000
0000000000000000
0000000000000000
0000000000000000
0000000000000000
0000000000000000
0000000000000000
0000000000000000
0000000000000000
0000000000000000
0000000000000000
0000000000000000
0000000000000000
0000000000000000
0000000000000000
0000000000000000
0000000000000000
0000000000000000
0000000000000000
0000000000000000
0000000000000000
0000000000000000
0000000000000000
0000000000000000
0000000000000000
0000000000000000
0000000000000000
0000000000000000
0000000000000000
0000000000000000
0000000000000000
0000000000000000
0000000000000000
0000000000000000
0000000000000000
0000000000000000
0000000000000000
0000000000000000
0000000000000000
0000000000000000
0000000000000000
0000000000000000
0000000000000000
0000000000000000
0000000000000000
0000000000000000
0000000000000000
0000000000000000
0000000000000000
0000000000000000
0000000000000000
0000000000000000
0000000000000000
0000000000000000
0000000000000000
0000000000000000
0000000000000000
0000000000000000
0000000000000000
0000000000000000
0000000000000000
0000000000000000
0000000000000000
0000000000000000
0000000000000000
0000000000000000
0000000000000000
0000000000000000
0000000000000000
0000000000000000
0000000000000000
0000000000000000
0000000000000000
0000000000000000
0000000000000000
0000000000000000
0000000000000000
0000000000000000
0000000000000000
0000000000000000
0000000000000000
0000000000000000
0000000000000000
0000000000000000
0000000000000000
0000000000000000
0000000000000000
0000000000000000
0000000000000000
0000000000000000
0000000000000000
0000000000000000
0000000000000000
0000000000000000
0000000000000000
0000000000000000
0000000000000000
0000000000000000
0000000000000000
0000000000000000
0000000000000000
0000000000000000
0000000000000000
0000000000000000
0000000000000000
0000000000000000
0000000000000000
0000000000000000
0000000000000000
0000000000000000
0000000000000000
0000000000000000
0000000000000000
0000000000000000
0000000000000000
0000000000000000
0000000000000000
0000000000000000
0000000000000000
0000000000000000
0000000000000000
0000000000000000
0000000000000000
0000000000000000
0000000000000000
0000000000000000
0000000000000000
0000000000000000
0000000000000000
0000000000000000
0000000000000000
0000000000000000
0000000000000000
0000000000000000
0000000000000000
0000000000000000
0000000000000000
0000000000000000
0000000000000000
0000000000000000
0000000000000000
0000000000000000
0000000000000000
0000000000000000
0000000000000000
0000000000000000
0000000000000000
0000000000000000
0000000000000000
0000000000000000
0000000000000000
0000000000000000
0000000000000000
0000000000000000
0000000000000000
0000000000000000
0000000000000000
0000000000000000
0000000000000000
0000000000000000
0000000000000000
0000000000000000
0000000000000000
0000000000000000
0000000000000000
0000000000000000
0000000000000000
0000000000000000
0000000000000000
0000000000000000
0000000000000000
0000000000000000
0000000000000000
0000000000000000
0000000000000000
0000000000000000
0000000000000000
0000000000000000
0000000000000000
0000000000000000
0000000000000000
0000000000000000
0000000000000000
0000000000000000
0000000000000000
0000000000000000
0000000000000000
0000000000000000
0000000000000000
0000000000000000
0000000000000000
0000000000000000
0000000000000000
0000000000000000
0000000000000000
0000000000000000
0000000000000000
0000000000000000
0000000000000000
0000000000000000
0000000000000000
0000000000000000
0000000000000000
0000000000000000
0000000000000000
0000000000000000
0000000000000000
0000000000000000
0000000000000000
0000000000000000
0000000000000000
0000000000000000
0000000000000000
0000000000000000
0000000000000000
0000000000000000
0000000000000000
0000000000000000
0000000000000000
0000000000000000
0000000000000000
0000000000000000
0000000000000000
0000000000000000
0000000000000000
0000000000000000
0000000000000000
0000000000000000
0000000000000000
0000000000000000
0000000000000000
0000000000000000
0000000000000000
0000000000000000
0000000000000000
0000000000000000
0000000000000000
0000000000000000
0000000000000000
0000000000000000
0000000000000000
0000000000000000
0000000000000000
0000000000000000
0000000000000000
0000000000000000
0000000000000000
0000000000000000
0000000000000000
0000000000000000
0000000000000000
0000000000000000
0000000000000000
0000000000000000
0000000000000000
0000000000000000
0000000000000000
0000000000000000
0000000000000000
0000000000000000
0000000000000000
0000000000000000
0000000000000000
0000000000000000
0000000000000000
0000000000000000
0000000000000000
0000000000000000
0000000000000000
0000000000000000
0000000000000000
0000000000000000
0000000000000000
0000000000000000
0000000000000000
0000000000000000
0000000000000000
0000000000000000
0000000000000000
0000000000000000
0000000000000000
0000000000000000
0000000000000000
0000000000000000
0000000000000000
0000000000000000
0000000000000000
0000000000000000
0000000000000000
0000000000000000
0000000000000000
0000000000000000
0000000000000000
0000000000000000
0000000000000000
0000000000000000
0000000000000000
0000000000000000
0000000000000000
0000000000000000
0000000000000000
0000000000000000
0000000000000000
0000000000000000
0000000000000000
0000000000000000
0000000000000000
0000000000000000
0000000000000000
0000000000000000
0000000000000000
0000000000000000
0000000000000000
0000000000000000
0000000000000000
0000000000000000
0000000000000000
0000000000000000
0000000000000000
0000000000000000
0000000000000000
0000000000000000
0000000000000000
0000000000000000
0000000000000000
0000000000000000
0000000000000000
0000000000000000
0000000000000000
0000000000000000
0000000000000000
0000000000000000
0000000000000000
0000000000000000
0000000000000000
0000000000000000
0000000000000000
0000000000000000
0000000000000000
0000000000000000
0000000000000000
0000000000000000
0000000000000000
0000000000000000
009f960404f602b4
0000000000000000
0000000000000000
0000000000000000
0000000000000000
0000000000000000
0000000000000000
0000000000000000
0000000000000000
0000000000000000
0000000000000000
0000000000000000
0000000000000000
0000000000000000
0000000000000000
0000000000000000
0000000000000000
0000000000000000
0000000000000000
0000000000000000
0000000000000000
0000000000000000
0000000000000000
0000000000000000
0000000000000000
0000000000000000
0000000000000000
0000000000000000
0000000000000000
0000000000000000
0000000000000000
0000000000000000
0000000000000000
0000000000000000
0000000000000000
0000000000000000
0000000000000000
0000000000000000
0000000000000000
0000000000000000
0000000000000000
0000000000000000
0000000000000000
0000000000000000
0000000000000000
0000000000000000
0000000000000000
0000000000000000
0000000000000000
0000000000000000
0000000000000000
0000000000000000
0000000000000000
0000000000000000
0000000000000000
0000000000000000
0000000000000000
0000000000000000
0000000000000000
0000000000000000
0000000000000000
0000000000000000
0000000000000000
0000000000000000
0000000000000000
0000000000000000
0000000000000000
0000000000000000
0000000000000000
0000000000000000
0000000000000000
0000000000000000
0000000000000000
0000000000000000
0000000000000000
0000000000000000
0000000000000000
0000000000000000
0000000000000000
0000000000000000
0000000000000000
0000000000000000
0000000000000000
0000000000000000
0000000000000000
0000000000000000
0000000000000000
0000000000000000
0000000000000000
0000000000000000
0000000000000000
0000000000000000
0000000000000000
0000000000000000
0000000000000000
0000000000000000
0000000000000000
0000000000000000
0000000000000000
0000000000000000
0000000000000000
0000000000000000
0000000000000000
0000000000000000
0000000000000000
0000000000000000
0000000000000000
0000000000000000
0000000000000000
0000000000000000
0000000000000000
0000000000000000
0000000000000000
0000000000000000
0000000000000000
0000000000000000
0000000000000000
0000000000000000
0000000000000000
0000000000000000
0000000000000000
0000000000000000
0000000000000000
0000000000000000
0000000000000000
0000000000000000
0000000000000000
0000000000000000
0000000000000000
0000000000000000
0000000000000000
0000000000000000
0000000000000000
0000000000000000
0000000000000000
0000000000000000
0000000000000000
0000000000000000
0000000000000000
0000000000000000
0000000000000000
0000000000000000
0000000000000000
0000000000000000
0000000000000000
0000000000000000
0000000000000000
0000000000000000
0000000000000000
0000000000000000
0000000000000000
0000000000000000
0000000000000000
0000000000000000
0000000000000000
0000000000000000
0000000000000000
0000000000000000
0000000000000000
0000000000000000
0000000000000000
0000000000000000
0000000000000000
0000000000000000
0000000000000000
0000000000000000
0000000000000000
0000000000000000
0000000000000000
0000000000000000
0000000000000000
0000000000000000
0000000000000000
0000000000000000
0000000000000000
0000000000000000
0000000000000000
0000000000000000
0000000000000000
0000000000000000
0000000000000000
0000000000000000
0000000000000000
0000000000000000
0000000000000000
0000000000000000
0000000000000000
0000000000000000
0000000000000000
0000000000000000
0000000000000000
0000000000000000
0000000000000000
0000000000000000
0000000000000000
0000000000000000
0000000000000000
0000000000000000
0000000000000000
0000000000000000
0000000000000000
0000000000000000
0000000000000000
0000000000000000
0000000000000000
0000000000000000
0000000000000000
0000000000000000
0000000000000000
0000000000000000
0000000000000000
0000000000000000
0000000000000000
0000000000000000
0000000000000000
0000000000000000
0000000000000000
0000000000000000
0000000000000000
0000000000000000
0000000000000000
0000000000000000
0000000000000000
0000000000000000
0000000000000000
0000000000000000
0000000000000000
0000000000000000
0000000000000000
0000000000000000
0000000000000000
0000000000000000
0000000000000000
0000000000000000
0000000000000000
0000000000000000
0000000000000000
0000000000000000
0000000000000000
0000000000000000
0000000000000000
0000000000000000
0000000000000000
0000000000000000
0000000000000000
0000000000000000
0000000000000000
0000000000000000
0000000000000000
0000000000000000
0000000000000000
0000000000000000
0000000000000000
0000000000000000
0000000000000000
0000000000000000
0000000000000000
0000000000000000
0000000000000000
0000000000000000
0000000000000000
0000000000000000
0000000000000000
0000000000000000
0000000000000000
0000000000000000
0000000000000000
0000000000000000
0000000000000000
0000000000000000
0000000000000000
0000000000000000
0000000000000000
0000000000000000
0000000000000000
0000000000000000
0000000000000000
0000000000000000
0000000000000000
0000000000000000
0000000000000000
0000000000000000
0000000000000000
0000000000000000
0000000000000000
0000000000000000
0000000000000000
0000000000000000
0000000000000000
0000000000000000
0000000000000000
0000000000000000
0000000000000000
0000000000000000
0000000000000000
0000000000000000
0000000000000000
0000000000000000
0000000000000000
0000000000000000
0000000000000000
0000000000000000
0000000000000000
0000000000000000
0000000000000000
0000000000000000
0000000000000000
0000000000000000
0000000000000000
0000000000000000
0000000000000000
0000000000000000
0000000000000000
0000000000000000
0000000000000000
0000000000000000
0000000000000000
0000000000000000
0000000000000000
0000000000000000
0000000000000000
0000000000000000
0000000000000000
0000000000000000
0000000000000000
0000000000000000
0000000000000000
0000000000000000
0000000000000000
0000000000000000
0000000000000000
0000000000000000
0000000000000000
0000000000000000
0000000000000000
0000000000000000
0000000000000000
0000000000000000
0000000000000000
0000000000000000
0000000000000000
0000000000000000
0000000000000000
0000000000000000
0000000000000000
0000000000000000
0000000000000000
0000000000000000
0000000000000000
0000000000000000
0000000000000000
0000000000000000
0000000000000000
0000000000000000
0000000000000000
0000000000000000
0000000000000000
0000000000000000
0000000000000000
0000000000000000
0000000000000000
0000000000000000
0000000000000000
0000000000000000
0000000000000000
0000000000000000
0000000000000000
0000000000000000
0000000000000000
0000000000000000
0000000000000000
0000000000000000
0000000000000000
0000000000000000
0000000000000000
0000000000000000
0000000000000000
0000000000000000
0000000000000000
0000000000000000
0000000000000000
0000000000000000
0000000000000000
0000000000000000
