4000000000000000000000000000000000000000000000000000000000
740000000000007d0000000000000fa000419019019000000000001388
740000000000007d1000000000000fa400c4b44b84b000000000001b58
340000000000007d1000000000000fa400864464464000000000001770
740000000000007d1000000000000fa400466866866800000000001b58
740000000000007d1000000000000fa400c7d87d87d000000000001f40
740000000000007d3000000000000fac008c00c00bfc00000000001f40
740000000000007d3000000000000fac008e10e14e1000000000002328
740000000000007d0000000000000fa000405005005000000000001388
740000000000007df000000000000fdc007faffaffac00000000001388
340000000000007d0000000000000fa000407807807800000000001770
340000000000007d8000000000000fc000600a00a00800000000001b58
740000000000007db000000000000fcc006ee2ee2ee000000000001f40
640000000000007d8000000000000fc000e006005ffc00000000001f40
340000000000007d0000000000000fa000405005005000000000002724
340000000000007d0000000000000fa000405c05c05c00000000002727
340000000000007d0000000000000fa00040680680680000000000272a
340000000000007d0000000000000fa00040740740740000000000272d
340000000000007d0000000000000fa000408008008000000000002730
340000000000007d0000000000000fa000408c08c08c00000000002733
340000000000007d0000000000000fa000409809809800000000002736
340000000000007d0000000000000fa00040a40a40a400000000002739
340000000000007d0000000000000fa00040b00b00b00000000000273c
340000000000007d0000000000000fa00040bc0bc0bc0000000000273f
340000000000007d0000000000000fa00040c80c80c800000000002742
340000000000007d0000000000000fa00040d40d40d400000000002745
340000000000007d0000000000000fa00040e00e00e000000000002748
340000000000007d0000000000000fa00040ec0ec0ec0000000000274b
340000000000007d0000000000000fa00040f80f80f80000000000274e
340000000000007d0000000000000fa000410410410400000000002751
340000000000007d0000000000000fa000411011011000000000002754
340000000000007d0000000000000fa000411c11c11c00000000002757
340000000000007d0000000000000fa00041281281280000000000275a
340000000000007d0000000000000fa00041341341340000000000275d
340000000000007d0000000000000fa000414014014000000000002760
340000000000007d0000000000000fa000414c14c14c00000000002763
340000000000007d0000000000000fa000415815815800000000002766
340000000000007d0000000000000fa000416416416400000000002769
340000000000007d0000000000000fa00041701701700000000000276c
340000000000007d0000000000000fa000417c17c17c0000000000276f
340000000000007d0000000000000fa000418818818800000000002772
340000000000007d0000000000000fa000419419419400000000002775
340000000000007d0000000000000fa00041a01a01a000000000002778
340000000000007d0000000000000fa00041ac1ac1ac0000000000277b
340000000000007d0000000000000fa00041b81b81b80000000000277e
340000000000007d0000000000000fa00041c41c41c400000000002781
340000000000007d0000000000000fa00041d01d01d000000000002784
340000000000007d0000000000000fa00041dc1dc1dc00000000002787
340000000000007d0000000000000fa00041e81e81e80000000000278a
340000000000007d0000000000000fa00041f41f41f40000000000278d
340000000000007d0000000000000fa000420020020000000000002790
340000000000007d0000000000000fa000420c20c20c00000000002793
340000000000007d0000000000000fa000421821821800000000002796
340000000000007d0000000000000fa000422422422400000000002799
340000000000007d0000000000000fa00042302302300000000000279c
340000000000007d0000000000000fa000423c23c23c0000000000279f
340000000000007d0000000000000fa0004248248248000000000027a2
340000000000007d0000000000000fa0004254254254000000000027a5
340000000000007d0000000000000fa0004260260260000000000027a8
340000000000007d0000000000000fa000426c26c26c000000000027ab
340000000000007d0000000000000fa0004278278278000000000027ae
340000000000007d0000000000000fa0004284284284000000000027b1
340000000000007d0000000000000fa0004290290290000000000027b4
340000000000007d0000000000000fa000429c29c29c000000000027b7
340000000000007d0000000000000fa00042a82a82a8000000000027ba
340000000000007d0000000000000fa00042b42b42b4000000000027bd
340000000000007d0000000000000fa00042c02c02c0000000000027c0
340000000000007d0000000000000fa00042cc2cc2cc000000000027c3
340000000000007d0000000000000fa00042d82d82d8000000000027c6
340000000000007d0000000000000fa00042e42e42e4000000000027c9
340000000000007d0000000000000fa00042f02f02f0000000000027cc
340000000000007d0000000000000fa00042fc2fc2fc000000000027cf
340000000000007d0000000000000fa0004308308308000000000027d2
340000000000007d0000000000000fa0004314314314000000000027d5
340000000000007d0000000000000fa0004320320320000000000027d8
340000000000007d0000000000000fa000432c32c32c000000000027db
340000000000007d0000000000000fa0004338338338000000000027de
340000000000007d0000000000000fa0004344344344000000000027e1
340000000000007d0000000000000fa0004350350350000000000027e4
340000000000007d0000000000000fa000435c35c35c000000000027e7
340000000000007d0000000000000fa0004368368368000000000027ea
340000000000007d0000000000000fa0004374374374000000000027ed
340000000000007d0000000000000fa0004380380380000000000027f0
340000000000007d0000000000000fa000438c38c38c000000000027f3
340000000000007d0000000000000fa0004398398398000000000027f6
340000000000007d0000000000000fa00043a43a43a4000000000027f9
340000000000007d0000000000000fa00043b03b03b0000000000027fc
340000000000007d0000000000000fa00043bc3bc3bc000000000027ff
340000000000007d0000000000000fa00043c83c83c800000000002802
340000000000007d0000000000000fa00043d43d43d400000000002805
340000000000007d0000000000000fa00043e03e03e000000000002808
340000000000007d0000000000000fa00043ec3ec3ec0000000000280b
340000000000007d0000000000000fa00043f83f83f80000000000280e
340000000000007d1000000000000fa400440440440400000000002811
340000000000007d1000000000000fa400441041041000000000002814
340000000000007d1000000000000fa400441c41c41c00000000002817
340000000000007d1000000000000fa40044284284280000000000281a
340000000000007d1000000000000fa40044344344340000000000281d
340000000000007d1000000000000fa400444044044000000000002820
340000000000007d1000000000000fa400444c44c44c00000000002823
340000000000007d1000000000000fa400445845845800000000002826
340000000000007d1000000000000fa400446446446400000000002829
340000000000007d1000000000000fa40044704704700000000000282c
340000000000007d1000000000000fa400447c47c47c0000000000282f
340000000000007d1000000000000fa400448848848800000000002832
340000000000007d1000000000000fa400449449449400000000002835
340000000000007d1000000000000fa40044a04a04a000000000002838
340000000000007d1000000000000fa40044ac4ac4ac0000000000283b
340000000000007d1000000000000fa40044b84b84b80000000000283e
340000000000007d1000000000000fa40044c44c44c400000000002841
340000000000007d1000000000000fa40044d04d04d000000000002844
340000000000007d1000000000000fa40044dc4dc4dc00000000002847
340000000000007d1000000000000fa40044e84e84e80000000000284a
340000000000007d1000000000000fa40044f44f44f40000000000284d
340000000000007d1000000000000fa400450050050000000000002850
340000000000007d1000000000000fa400450c50c50c00000000002853
340000000000007d1000000000000fa400451851851800000000002856
340000000000007d1000000000000fa400452452452400000000002859
340000000000007d1000000000000fa40045305305300000000000285c
340000000000007d1000000000000fa400453c53c53c0000000000285f
340000000000007d1000000000000fa400454854854800000000002862
340000000000007d1000000000000fa400455455455400000000002865
340000000000007d1000000000000fa400456056056000000000002868
340000000000007d1000000000000fa400456c56c56c0000000000286b
340000000000007d1000000000000fa40045785785780000000000286e
340000000000007d1000000000000fa400458458458400000000002871
340000000000007d1000000000000fa400459059059000000000002874
340000000000007d1000000000000fa400459c59c59c00000000002877
340000000000007d1000000000000fa40045a85a85a80000000000287a
340000000000007d1000000000000fa40045b45b45b40000000000287d
340000000000007d1000000000000fa40045c05c05c000000000002880
340000000000007d1000000000000fa40045cc5cc5cc00000000002883
340000000000007d1000000000000fa40045d85d85d800000000002886
340000000000007d1000000000000fa40045e45e45e400000000002889
340000000000007d1000000000000fa40045f05f05f00000000000288c
340000000000007d1000000000000fa40045fc5fc5fc0000000000288f
340000000000007d1000000000000fa400460860860800000000002892
340000000000007d1000000000000fa400461461461400000000002895
340000000000007d1000000000000fa400462062062000000000002898
340000000000007d1000000000000fa400462c62c62c0000000000289b
340000000000007d1000000000000fa40046386386380000000000289e
340000000000007d1000000000000fa4004644644644000000000028a1
340000000000007d1000000000000fa4004650650650000000000028a4
340000000000007d1000000000000fa400465c65c65c000000000028a7
340000000000007d1000000000000fa4004668668668000000000028aa
340000000000007d1000000000000fa4004674674674000000000028ad
340000000000007d1000000000000fa4004680680680000000000028b0
340000000000007d1000000000000fa400468c68c68c000000000028b3
340000000000007d1000000000000fa4004698698698000000000028b6
340000000000007d1000000000000fa40046a46a46a4000000000028b9
340000000000007d1000000000000fa40046b06b06b0000000000028bc
340000000000007d1000000000000fa40046bc6bc6bc000000000028bf
340000000000007d1000000000000fa40046c86c86c8000000000028c2
340000000000007d1000000000000fa40046d46d46d4000000000028c5
340000000000007d1000000000000fa40046e06e06e0000000000028c8
340000000000007d1000000000000fa40046ec6ec6ec000000000028cb
340000000000007d1000000000000fa40046f86f86f8000000000028ce
340000000000007d1000000000000fa4004704704704000000000028d1
340000000000007d1000000000000fa4004710710710000000000028d4
340000000000007d1000000000000fa400471c71c71c000000000028d7
340000000000007d1000000000000fa4004728728728000000000028da
340000000000007d1000000000000fa4004734734734000000000028dd
340000000000007d1000000000000fa4004740740740000000000028e0
340000000000007d1000000000000fa400474c74c74c000000000028e3
340000000000007d1000000000000fa4004758758758000000000028e6
340000000000007d1000000000000fa4004764764764000000000028e9
340000000000007d1000000000000fa4004770770770000000000028ec
340000000000007d1000000000000fa400477c77c77c000000000028ef
340000000000007d1000000000000fa4004788788788000000000028f2
340000000000007d1000000000000fa4004794794794000000000028f5
340000000000007d1000000000000fa40047a07a07a0000000000028f8
340000000000007d1000000000000fa40047ac7ac7ac000000000028fb
340000000000007d1000000000000fa40047b87b87b8000000000028fe
340000000000007d1000000000000fa40047c47c47c400000000002901
340000000000007d1000000000000fa40047d07d07d000000000002904
340000000000007d1000000000000fa40047dc7dc7dc00000000002907
340000000000007d1000000000000fa40047e87e87e80000000000290a
340000000000007d1000000000000fa40047f47f47f40000000000290d
340000000000007d2000000000000fa800480080080000000000002910
340000000000007d2000000000000fa800480c80c80c00000000002913
340000000000007d2000000000000fa800481881881800000000002916
340000000000007d2000000000000fa800482482482400000000002919
340000000000007d2000000000000fa80048308308300000000000291c
340000000000007d2000000000000fa800483c83c83c0000000000291f
340000000000007d2000000000000fa800484884884800000000002922
340000000000007d2000000000000fa800485485485400000000002925
340000000000007d2000000000000fa800486086086000000000002928
340000000000007d2000000000000fa800486c86c86c0000000000292b
340000000000007d2000000000000fa80048788788780000000000292e
340000000000007d2000000000000fa800488488488400000000002931
340000000000007d2000000000000fa800489089089000000000002934
340000000000007d2000000000000fa800489c89c89c00000000002937
340000000000007d2000000000000fa80048a88a88a80000000000293a
340000000000007d2000000000000fa80048b48b48b40000000000293d
340000000000007d2000000000000fa80048c08c08c000000000002940
340000000000007d2000000000000fa80048cc8cc8cc00000000002943
340000000000007d2000000000000fa80048d88d88d800000000002946
340000000000007d2000000000000fa80048e48e48e400000000002949
340000000000007d2000000000000fa80048f08f08f00000000000294c
340000000000007d2000000000000fa80048fc8fc8fc0000000000294f
340000000000007d2000000000000fa800490890890800000000002952
340000000000007d2000000000000fa800491491491400000000002955
340000000000007d2000000000000fa800492092092000000000002958
340000000000007d2000000000000fa800492c92c92c0000000000295b
340000000000007d2000000000000fa80049389389380000000000295e
340000000000007d2000000000000fa800494494494400000000002961
340000000000007d2000000000000fa800495095095000000000002964
340000000000007d2000000000000fa800495c95c95c00000000002967
340000000000007d2000000000000fa80049689689680000000000296a
340000000000007d2000000000000fa80049749749740000000000296d
340000000000007d2000000000000fa800498098098000000000002970
340000000000007d2000000000000fa800498c98c98c00000000002973
340000000000007d2000000000000fa800499899899800000000002976
340000000000007d2000000000000fa80049a49a49a400000000002979
340000000000007d2000000000000fa80049b09b09b00000000000297c
340000000000007d2000000000000fa80049bc9bc9bc0000000000297f
340000000000007d2000000000000fa80049c89c89c800000000002982
340000000000007d2000000000000fa80049d49d49d400000000002985
340000000000007d2000000000000fa80049e09e09e000000000002988
340000000000007d2000000000000fa80049ec9ec9ec0000000000298b
340000000000007d2000000000000fa80049f89f89f80000000000298e
340000000000007d2000000000000fa8004a04a04a0400000000002991
340000000000007d2000000000000fa8004a10a10a1000000000002994
340000000000007d2000000000000fa8004a1ca1ca1c00000000002997
340000000000007d2000000000000fa8004a28a28a280000000000299a
340000000000007d2000000000000fa8004a34a34a340000000000299d
340000000000007d2000000000000fa8004a40a40a40000000000029a0
340000000000007d2000000000000fa8004a4ca4ca4c000000000029a3
340000000000007d2000000000000fa8004a58a58a58000000000029a6
340000000000007d2000000000000fa8004a64a64a64000000000029a9
340000000000007d2000000000000fa8004a70a70a70000000000029ac
340000000000007d2000000000000fa8004a7ca7ca7c000000000029af
340000000000007d2000000000000fa8004a88a88a88000000000029b2
340000000000007d2000000000000fa8004a94a94a94000000000029b5
340000000000007d2000000000000fa8004aa0aa0aa0000000000029b8
340000000000007d2000000000000fa8004aacaacaac000000000029bb
340000000000007d2000000000000fa8004ab8ab8ab8000000000029be
340000000000007d2000000000000fa8004ac4ac4ac4000000000029c1
340000000000007d2000000000000fa8004ad0ad0ad0000000000029c4
340000000000007d2000000000000fa8004adcadcadc000000000029c7
340000000000007d2000000000000fa8004ae8ae8ae8000000000029ca
340000000000007d2000000000000fa8004af4af4af4000000000029cd
340000000000007d2000000000000fa8004b00b00b00000000000029d0
340000000000007d2000000000000fa8004b0cb0cb0c000000000029d3
340000000000007d2000000000000fa8004b18b18b18000000000029d6
340000000000007d2000000000000fa8004b24b24b24000000000029d9
340000000000007d2000000000000fa8004b30b30b30000000000029dc
340000000000007d2000000000000fa8004b3cb3cb3c000000000029df
340000000000007d2000000000000fa8004b48b48b48000000000029e2
340000000000007d2000000000000fa8004b54b54b54000000000029e5
340000000000007d2000000000000fa8004b60b60b60000000000029e8
340000000000007d2000000000000fa8004b6cb6cb6c000000000029eb
340000000000007d2000000000000fa8004b78b78b78000000000029ee
340000000000007d2000000000000fa8004b84b84b84000000000029f1
340000000000007d2000000000000fa8004b90b90b90000000000029f4
340000000000007d2000000000000fa8004b9cb9cb9c000000000029f7
340000000000007d2000000000000fa8004ba8ba8ba8000000000029fa
340000000000007d2000000000000fa8004bb4bb4bb4000000000029fd
340000000000007d2000000000000fa8004bc0bc0bc000000000002a00
340000000000007d2000000000000fa8004bccbccbcc00000000002a03
340000000000007d2000000000000fa8004bd8bd8bd800000000002a06
340000000000007d2000000000000fa8004be4be4be400000000002a09
340000000000007d2000000000000fa8004bf0bf0bf000000000002a0c
340000000000007d2000000000000fa8004bfcbfcbfc00000000002a0f
340000000000007d3000000000000fac004c08c08c0800000000002a12
340000000000007d3000000000000fac004c14c14c1400000000002a15
340000000000007d3000000000000fac004c20c20c2000000000002a18
340000000000007d3000000000000fac004c2cc2cc2c00000000002a1b
340000000000007d3000000000000fac004c38c38c3800000000002a1e
340000000000007d3000000000000fac004c44c44c4400000000002a21
340000000000007d3000000000000fac004c50c50c5000000000002a24
340000000000007d3000000000000fac004c5cc5cc5c00000000002a27
340000000000007d3000000000000fac004c68c68c6800000000002a2a
340000000000007d3000000000000fac004c74c74c7400000000002a2d
340000000000007d3000000000000fac004c80c80c8000000000002a30
340000000000007d3000000000000fac004c8cc8cc8c00000000002a33
340000000000007d3000000000000fac004c98c98c9800000000002a36
340000000000007d3000000000000fac004ca4ca4ca400000000002a39
340000000000007d3000000000000fac004cb0cb0cb000000000002a3c
340000000000007d3000000000000fac004cbccbccbc00000000002a3f
340000000000007d3000000000000fac004cc8cc8cc800000000002a42
340000000000007d3000000000000fac004cd4cd4cd400000000002a45
340000000000007d3000000000000fac004ce0ce0ce000000000002a48
340000000000007d3000000000000fac004cecceccec00000000002a4b
340000000000007d3000000000000fac004cf8cf8cf800000000002a4e
340000000000007d3000000000000fac004d04d04d0400000000002a51
340000000000007d3000000000000fac004d10d10d1000000000002a54
340000000000007d3000000000000fac004d1cd1cd1c00000000002a57
340000000000007d3000000000000fac004d28d28d2800000000002a5a
340000000000007d3000000000000fac004d34d34d3400000000002a5d
340000000000007d3000000000000fac004d40d40d4000000000002a60
340000000000007d3000000000000fac004d4cd4cd4c00000000002a63
340000000000007d3000000000000fac004d58d58d5800000000002a66
340000000000007d3000000000000fac004d64d64d6400000000002a69
340000000000007d3000000000000fac004d70d70d7000000000002a6c
340000000000007d3000000000000fac004d7cd7cd7c00000000002a6f
340000000000007d3000000000000fac004d88d88d8800000000002a72
340000000000007d3000000000000fac004d94d94d9400000000002a75
340000000000007d3000000000000fac004da0da0da000000000002a78
340000000000007d3000000000000fac004dacdacdac00000000002a7b
340000000000007d3000000000000fac004db8db8db800000000002a7e
340000000000007d3000000000000fac004dc4dc4dc400000000002a81
340000000000007d3000000000000fac004dd0dd0dd000000000002a84
340000000000007d3000000000000fac004ddcddcddc00000000002a87
340000000000007d3000000000000fac004de8de8de800000000002a8a
340000000000007d3000000000000fac004df4df4df400000000002a8d
340000000000007d3000000000000fac004e00e00e0000000000002a90
340000000000007d3000000000000fac004e0ce0ce0c00000000002a93
340000000000007d3000000000000fac004e18e18e1800000000002a96
340000000000007d3000000000000fac004e24e24e2400000000002a99
340000000000007d3000000000000fac004e30e30e3000000000002a9c
340000000000007d3000000000000fac004e3ce3ce3c00000000002a9f
340000000000007d3000000000000fac004e48e48e4800000000002aa2
340000000000007d3000000000000fac004e54e54e5400000000002aa5
340000000000007d3000000000000fac004e60e60e6000000000002aa8
340000000000007d3000000000000fac004e6ce6ce6c00000000002aab
340000000000007d3000000000000fac004e78e78e7800000000002aae
340000000000007d3000000000000fac004e84e84e8400000000002ab1
340000000000007d3000000000000fac004e90e90e9000000000002ab4
340000000000007d3000000000000fac004e9ce9ce9c00000000002ab7
340000000000007d3000000000000fac004ea8ea8ea800000000002aba
340000000000007d3000000000000fac004eb4eb4eb400000000002abd
340000000000007d3000000000000fac004ec0ec0ec000000000002ac0
340000000000007d3000000000000fac004ecceccecc00000000002ac3
340000000000007d3000000000000fac004ed8ed8ed800000000002ac6
340000000000007d3000000000000fac004ee4ee4ee400000000002ac9
340000000000007d3000000000000fac004ef0ef0ef000000000002acc
340000000000007d3000000000000fac004efcefcefc00000000002acf
340000000000007d3000000000000fac004f08f08f0800000000002ad2
340000000000007d3000000000000fac004f14f14f1400000000002ad5
340000000000007d3000000000000fac004f20f20f2000000000002ad8
340000000000007d3000000000000fac004f2cf2cf2c00000000002adb
340000000000007d3000000000000fac004f38f38f3800000000002ade
340000000000007d3000000000000fac004f44f44f4400000000002ae1
340000000000007d3000000000000fac004f50f50f5000000000002ae4
340000000000007d3000000000000fac004f5cf5cf5c00000000002ae7
340000000000007d3000000000000fac004f68f68f6800000000002aea
340000000000007d3000000000000fac004f74f74f7400000000002aed
340000000000007d3000000000000fac004f80f80f8000000000002af0
340000000000007d3000000000000fac004f8cf8cf8c00000000002af3
340000000000007d3000000000000fac004f98f98f9800000000002af6
340000000000007d3000000000000fac004fa4fa4fa400000000002af9
340000000000007d3000000000000fac004fb0fb0fb000000000002afc
340000000000007d3000000000000fac004fbcfbcfbc00000000002aff
340000000000007d3000000000000fac004fc8fc8fc800000000002b02
340000000000007d3000000000000fac004fd4fd4fd400000000002b05
340000000000007d3000000000000fac004fe0fe0fe000000000002b08
340000000000007d3000000000000fac004fecfecfec00000000002b0b
340000000000007d3000000000000fac004ff8ff8ff800000000002b0e
340000000000007d4000000000000fb000500500500400000000002b11
340000000000007d4000000000000fb000501101101000000000002b14
340000000000007d4000000000000fb000501d01d01c00000000002b17
340000000000007d4000000000000fb000502902902800000000002b1a
340000000000007d4000000000000fb000503503503400000000002b1d
340000000000007d4000000000000fb000504104104000000000002b20
340000000000007d4000000000000fb000504d04d04c00000000002b23
340000000000007d4000000000000fb000505905905800000000002b26
340000000000007d4000000000000fb000506506506400000000002b29
340000000000007d4000000000000fb000507107107000000000002b2c
340000000000007d4000000000000fb000507d07d07c00000000002b2f
340000000000007d4000000000000fb000508908908800000000002b32
340000000000007d4000000000000fb000509509509400000000002b35
340000000000007d4000000000000fb00050a10a10a000000000002b38
340000000000007d4000000000000fb00050ad0ad0ac00000000002b3b
340000000000007d4000000000000fb00050b90b90b800000000002b3e
340000000000007d4000000000000fb00050c50c50c400000000002b41
340000000000007d4000000000000fb00050d10d10d000000000002b44
340000000000007d4000000000000fb00050dd0dd0dc00000000002b47
340000000000007d4000000000000fb00050e90e90e800000000002b4a
340000000000007d4000000000000fb00050f50f50f400000000002b4d
340000000000007d4000000000000fb000510110110000000000002b50
340000000000007d4000000000000fb000510d10d10c00000000002b53
340000000000007d4000000000000fb000511911911800000000002b56
340000000000007d4000000000000fb000512512512400000000002b59
340000000000007d4000000000000fb000513113113000000000002b5c
340000000000007d4000000000000fb000513d13d13c00000000002b5f
340000000000007d4000000000000fb000514914914800000000002b62
340000000000007d4000000000000fb000515515515400000000002b65
340000000000007d4000000000000fb000516116116000000000002b68
340000000000007d4000000000000fb000516d16d16c00000000002b6b
340000000000007d4000000000000fb000517917917800000000002b6e
340000000000007d4000000000000fb000518518518400000000002b71
340000000000007d4000000000000fb000519119119000000000002b74
340000000000007d4000000000000fb000519d19d19c00000000002b77
340000000000007d4000000000000fb00051a91a91a800000000002b7a
340000000000007d4000000000000fb00051b51b51b400000000002b7d
340000000000007d4000000000000fb00051c11c11c000000000002b80
340000000000007d4000000000000fb00051cd1cd1cc00000000002b83
340000000000007d4000000000000fb00051d91d91d800000000002b86
340000000000007d4000000000000fb00051e51e51e400000000002b89
340000000000007d4000000000000fb00051f11f11f000000000002b8c
340000000000007d4000000000000fb00051fd1fd1fc00000000002b8f
340000000000007d4000000000000fb000520920920800000000002b92
340000000000007d4000000000000fb000521521521400000000002b95
340000000000007d4000000000000fb000522122122000000000002b98
340000000000007d4000000000000fb000522d22d22c00000000002b9b
340000000000007d4000000000000fb000523923923800000000002b9e
340000000000007d4000000000000fb000524524524400000000002ba1
340000000000007d4000000000000fb000525125125000000000002ba4
340000000000007d4000000000000fb000525d25d25c00000000002ba7
340000000000007d4000000000000fb000526926926800000000002baa
340000000000007d4000000000000fb000527527527400000000002bad
340000000000007d4000000000000fb000528128128000000000002bb0
340000000000007d4000000000000fb000528d28d28c00000000002bb3
340000000000007d4000000000000fb000529929929800000000002bb6
340000000000007d4000000000000fb00052a52a52a400000000002bb9
340000000000007d4000000000000fb00052b12b12b000000000002bbc
340000000000007d4000000000000fb00052bd2bd2bc00000000002bbf
340000000000007d4000000000000fb00052c92c92c800000000002bc2
340000000000007d4000000000000fb00052d52d52d400000000002bc5
340000000000007d4000000000000fb00052e12e12e000000000002bc8
340000000000007d4000000000000fb00052ed2ed2ec00000000002bcb
340000000000007d4000000000000fb00052f92f92f800000000002bce
340000000000007d4000000000000fb000530530530400000000002bd1
340000000000007d4000000000000fb000531131131000000000002bd4
340000000000007d4000000000000fb000531d31d31c00000000002bd7
340000000000007d4000000000000fb000532932932800000000002bda
340000000000007d4000000000000fb000533533533400000000002bdd
340000000000007d4000000000000fb000534134134000000000002be0
340000000000007d4000000000000fb000534d34d34c00000000002be3
340000000000007d4000000000000fb000535935935800000000002be6
340000000000007d4000000000000fb000536536536400000000002be9
340000000000007d4000000000000fb000537137137000000000002bec
340000000000007d4000000000000fb000537d37d37c00000000002bef
340000000000007d4000000000000fb000538938938800000000002bf2
340000000000007d4000000000000fb000539539539400000000002bf5
340000000000007d4000000000000fb00053a13a13a000000000002bf8
340000000000007d4000000000000fb00053ad3ad3ac00000000002bfb
340000000000007d4000000000000fb00053b93b93b800000000002bfe
340000000000007d4000000000000fb00053c53c53c400000000002c01
340000000000007d4000000000000fb00053d13d13d000000000002c04
340000000000007d4000000000000fb00053dd3dd3dc00000000002c07
340000000000007d4000000000000fb00053e93e93e800000000002c0a
340000000000007d4000000000000fb00053f53f53f400000000002c0d
340000000000007d5000000000000fb400540140140000000000002c10
340000000000007d5000000000000fb400540d40d40c00000000002c13
340000000000007d5000000000000fb400541941941800000000002c16
340000000000007d5000000000000fb400542542542400000000002c19
340000000000007d5000000000000fb400543143143000000000002c1c
340000000000007d5000000000000fb400543d43d43c00000000002c1f
340000000000007d5000000000000fb400544944944800000000002c22
340000000000007d5000000000000fb400545545545400000000002c25
340000000000007d5000000000000fb400546146146000000000002c28
340000000000007d5000000000000fb400546d46d46c00000000002c2b
340000000000007d5000000000000fb400547947947800000000002c2e
340000000000007d5000000000000fb400548548548400000000002c31
340000000000007d5000000000000fb400549149149000000000002c34
340000000000007d5000000000000fb400549d49d49c00000000002c37
340000000000007d5000000000000fb40054a94a94a800000000002c3a
340000000000007d5000000000000fb40054b54b54b400000000002c3d
340000000000007d5000000000000fb40054c14c14c000000000002c40
340000000000007d5000000000000fb40054cd4cd4cc00000000002c43
340000000000007d5000000000000fb40054d94d94d800000000002c46
340000000000007d5000000000000fb40054e54e54e400000000002c49
340000000000007d5000000000000fb40054f14f14f000000000002c4c
340000000000007d5000000000000fb40054fd4fd4fc00000000002c4f
340000000000007d5000000000000fb400550950950800000000002c52
340000000000007d5000000000000fb400551551551400000000002c55
340000000000007d5000000000000fb400552152152000000000002c58
340000000000007d5000000000000fb400552d52d52c00000000002c5b
340000000000007d5000000000000fb400553953953800000000002c5e
340000000000007d5000000000000fb400554554554400000000002c61
340000000000007d5000000000000fb400555155155000000000002c64
340000000000007d5000000000000fb400555d55d55c00000000002c67
340000000000007d5000000000000fb400556956956800000000002c6a
340000000000007d5000000000000fb400557557557400000000002c6d
340000000000007d5000000000000fb400558158158000000000002c70
340000000000007d5000000000000fb400558d58d58c00000000002c73
340000000000007d5000000000000fb400559959959800000000002c76
340000000000007d5000000000000fb40055a55a55a400000000002c79
340000000000007d5000000000000fb40055b15b15b000000000002c7c
340000000000007d5000000000000fb40055bd5bd5bc00000000002c7f
340000000000007d5000000000000fb40055c95c95c800000000002c82
340000000000007d5000000000000fb40055d55d55d400000000002c85
340000000000007d5000000000000fb40055e15e15e000000000002c88
340000000000007d5000000000000fb40055ed5ed5ec00000000002c8b
340000000000007d5000000000000fb40055f95f95f800000000002c8e
340000000000007d5000000000000fb400560560560400000000002c91
340000000000007d5000000000000fb400561161161000000000002c94
340000000000007d5000000000000fb400561d61d61c00000000002c97
340000000000007d5000000000000fb400562962962800000000002c9a
340000000000007d5000000000000fb400563563563400000000002c9d
340000000000007d5000000000000fb400564164164000000000002ca0
340000000000007d5000000000000fb400564d64d64c00000000002ca3
340000000000007d5000000000000fb400565965965800000000002ca6
340000000000007d5000000000000fb400566566566400000000002ca9
340000000000007d5000000000000fb400567167167000000000002cac
340000000000007d5000000000000fb400567d67d67c00000000002caf
340000000000007d5000000000000fb400568968968800000000002cb2
340000000000007d5000000000000fb400569569569400000000002cb5
340000000000007d5000000000000fb40056a16a16a000000000002cb8
340000000000007d5000000000000fb40056ad6ad6ac00000000002cbb
340000000000007d5000000000000fb40056b96b96b800000000002cbe
340000000000007d5000000000000fb40056c56c56c400000000002cc1
340000000000007d5000000000000fb40056d16d16d000000000002cc4
340000000000007d5000000000000fb40056dd6dd6dc00000000002cc7
340000000000007d5000000000000fb40056e96e96e800000000002cca
340000000000007d5000000000000fb40056f56f56f400000000002ccd
340000000000007d5000000000000fb400570170170000000000002cd0
340000000000007d5000000000000fb400570d70d70c00000000002cd3
340000000000007d5000000000000fb400571971971800000000002cd6
340000000000007d5000000000000fb400572572572400000000002cd9
340000000000007d5000000000000fb400573173173000000000002cdc
340000000000007d5000000000000fb400573d73d73c00000000002cdf
340000000000007d5000000000000fb400574974974800000000002ce2
340000000000007d5000000000000fb400575575575400000000002ce5
340000000000007d5000000000000fb400576176176000000000002ce8
340000000000007d5000000000000fb400576d76d76c00000000002ceb
340000000000007d5000000000000fb400577977977800000000002cee
340000000000007d5000000000000fb400578578578400000000002cf1
340000000000007d5000000000000fb400579179179000000000002cf4
340000000000007d5000000000000fb400579d79d79c00000000002cf7
340000000000007d5000000000000fb40057a97a97a800000000002cfa
340000000000007d5000000000000fb40057b57b57b400000000002cfd
340000000000007d5000000000000fb40057c17c17c000000000002d00
340000000000007d5000000000000fb40057cd7cd7cc00000000002d03
340000000000007d5000000000000fb40057d97d97d800000000002d06
340000000000007d5000000000000fb40057e57e57e400000000002d09
340000000000007d5000000000000fb40057f17f17f000000000002d0c
340000000000007d5000000000000fb40057fd7fd7fc00000000002d0f
340000000000007d6000000000000fb800580980980800000000002d12
340000000000007d6000000000000fb800581581581400000000002d15
340000000000007d6000000000000fb800582182182000000000002d18
340000000000007d6000000000000fb800582d82d82c00000000002d1b
340000000000007d6000000000000fb800583983983800000000002d1e
340000000000007d6000000000000fb800584584584400000000002d21
340000000000007d6000000000000fb800585185185000000000002d24
340000000000007d6000000000000fb800585d85d85c00000000002d27
340000000000007d6000000000000fb800586986986800000000002d2a
340000000000007d6000000000000fb800587587587400000000002d2d
340000000000007d6000000000000fb800588188188000000000002d30
340000000000007d6000000000000fb800588d88d88c00000000002d33
340000000000007d6000000000000fb800589989989800000000002d36
340000000000007d6000000000000fb80058a58a58a400000000002d39
340000000000007d6000000000000fb80058b18b18b000000000002d3c
340000000000007d6000000000000fb80058bd8bd8bc00000000002d3f
340000000000007d6000000000000fb80058c98c98c800000000002d42
340000000000007d6000000000000fb80058d58d58d400000000002d45
340000000000007d6000000000000fb80058e18e18e000000000002d48
340000000000007d6000000000000fb80058ed8ed8ec00000000002d4b
340000000000007d6000000000000fb80058f98f98f800000000002d4e
340000000000007d6000000000000fb800590590590400000000002d51
340000000000007d6000000000000fb800591191191000000000002d54
340000000000007d6000000000000fb800591d91d91c00000000002d57
340000000000007d6000000000000fb800592992992800000000002d5a
340000000000007d6000000000000fb800593593593400000000002d5d
340000000000007d6000000000000fb800594194194000000000002d60
340000000000007d6000000000000fb800594d94d94c00000000002d63
340000000000007d6000000000000fb800595995995800000000002d66
340000000000007d6000000000000fb800596596596400000000002d69
340000000000007d6000000000000fb800597197197000000000002d6c
340000000000007d6000000000000fb800597d97d97c00000000002d6f
340000000000007d6000000000000fb800598998998800000000002d72
340000000000007d6000000000000fb800599599599400000000002d75
340000000000007d6000000000000fb80059a19a19a000000000002d78
340000000000007d6000000000000fb80059ad9ad9ac00000000002d7b
340000000000007d6000000000000fb80059b99b99b800000000002d7e
340000000000007d6000000000000fb80059c59c59c400000000002d81
340000000000007d6000000000000fb80059d19d19d000000000002d84
340000000000007d6000000000000fb80059dd9dd9dc00000000002d87
340000000000007d6000000000000fb80059e99e99e800000000002d8a
340000000000007d6000000000000fb80059f59f59f400000000002d8d
340000000000007d6000000000000fb8005a01a01a0000000000002d90
340000000000007d6000000000000fb8005a0da0da0c00000000002d93
340000000000007d6000000000000fb8005a19a19a1800000000002d96
340000000000007d6000000000000fb8005a25a25a2400000000002d99
340000000000007d6000000000000fb8005a31a31a3000000000002d9c
340000000000007d6000000000000fb8005a3da3da3c00000000002d9f
340000000000007d6000000000000fb8005a49a49a4800000000002da2
340000000000007d6000000000000fb8005a55a55a5400000000002da5
340000000000007d6000000000000fb8005a61a61a6000000000002da8
340000000000007d6000000000000fb8005a6da6da6c00000000002dab
340000000000007d6000000000000fb8005a79a79a7800000000002dae
340000000000007d6000000000000fb8005a85a85a8400000000002db1
340000000000007d6000000000000fb8005a91a91a9000000000002db4
340000000000007d6000000000000fb8005a9da9da9c00000000002db7
340000000000007d6000000000000fb8005aa9aa9aa800000000002dba
340000000000007d6000000000000fb8005ab5ab5ab400000000002dbd
340000000000007d6000000000000fb8005ac1ac1ac000000000002dc0
340000000000007d6000000000000fb8005acdacdacc00000000002dc3
340000000000007d6000000000000fb8005ad9ad9ad800000000002dc6
340000000000007d6000000000000fb8005ae5ae5ae400000000002dc9
340000000000007d6000000000000fb8005af1af1af000000000002dcc
340000000000007d6000000000000fb8005afdafdafc00000000002dcf
340000000000007d6000000000000fb8005b09b09b0800000000002dd2
340000000000007d6000000000000fb8005b15b15b1400000000002dd5
340000000000007d6000000000000fb8005b21b21b2000000000002dd8
340000000000007d6000000000000fb8005b2db2db2c00000000002ddb
340000000000007d6000000000000fb8005b39b39b3800000000002dde
340000000000007d6000000000000fb8005b45b45b4400000000002de1
340000000000007d6000000000000fb8005b51b51b5000000000002de4
340000000000007d6000000000000fb8005b5db5db5c00000000002de7
340000000000007d6000000000000fb8005b69b69b6800000000002dea
340000000000007d6000000000000fb8005b75b75b7400000000002ded
340000000000007d6000000000000fb8005b81b81b8000000000002df0
340000000000007d6000000000000fb8005b8db8db8c00000000002df3
340000000000007d6000000000000fb8005b99b99b9800000000002df6
340000000000007d6000000000000fb8005ba5ba5ba400000000002df9
340000000000007d6000000000000fb8005bb1bb1bb000000000002dfc
340000000000007d6000000000000fb8005bbdbbdbbc00000000002dff
340000000000007d6000000000000fb8005bc9bc9bc800000000002e02
340000000000007d6000000000000fb8005bd5bd5bd400000000002e05
340000000000007d6000000000000fb8005be1be1be000000000002e08
340000000000007d6000000000000fb8005bedbedbec00000000002e0b
340000000000007d6000000000000fb8005bf9bf9bf800000000002e0e
340000000000007d7000000000000fbc005c05c05c0400000000002e11
340000000000007d7000000000000fbc005c11c11c1000000000002e14
340000000000007d7000000000000fbc005c1dc1dc1c00000000002e17
340000000000007d7000000000000fbc005c29c29c2800000000002e1a
340000000000007d7000000000000fbc005c35c35c3400000000002e1d
340000000000007d7000000000000fbc005c41c41c4000000000002e20
340000000000007d7000000000000fbc005c4dc4dc4c00000000002e23
340000000000007d7000000000000fbc005c59c59c5800000000002e26
340000000000007d7000000000000fbc005c65c65c6400000000002e29
340000000000007d7000000000000fbc005c71c71c7000000000002e2c
340000000000007d7000000000000fbc005c7dc7dc7c00000000002e2f
340000000000007d7000000000000fbc005c89c89c8800000000002e32
340000000000007d7000000000000fbc005c95c95c9400000000002e35
340000000000007d7000000000000fbc005ca1ca1ca000000000002e38
340000000000007d7000000000000fbc005cadcadcac00000000002e3b
340000000000007d7000000000000fbc005cb9cb9cb800000000002e3e
340000000000007d7000000000000fbc005cc5cc5cc400000000002e41
340000000000007d7000000000000fbc005cd1cd1cd000000000002e44
340000000000007d7000000000000fbc005cddcddcdc00000000002e47
340000000000007d7000000000000fbc005ce9ce9ce800000000002e4a
340000000000007d7000000000000fbc005cf5cf5cf400000000002e4d
340000000000007d7000000000000fbc005d01d01d0000000000002e50
340000000000007d7000000000000fbc005d0dd0dd0c00000000002e53
340000000000007d7000000000000fbc005d19d19d1800000000002e56
340000000000007d7000000000000fbc005d25d25d2400000000002e59
340000000000007d7000000000000fbc005d31d31d3000000000002e5c
340000000000007d7000000000000fbc005d3dd3dd3c00000000002e5f
340000000000007d7000000000000fbc005d49d49d4800000000002e62
340000000000007d7000000000000fbc005d55d55d5400000000002e65
340000000000007d7000000000000fbc005d61d61d6000000000002e68
340000000000007d7000000000000fbc005d6dd6dd6c00000000002e6b
340000000000007d7000000000000fbc005d79d79d7800000000002e6e
340000000000007d7000000000000fbc005d85d85d8400000000002e71
340000000000007d7000000000000fbc005d91d91d9000000000002e74
340000000000007d7000000000000fbc005d9dd9dd9c00000000002e77
340000000000007d7000000000000fbc005da9da9da800000000002e7a
340000000000007d7000000000000fbc005db5db5db400000000002e7d
340000000000007d7000000000000fbc005dc1dc1dc000000000002e80
340000000000007d7000000000000fbc005dcddcddcc00000000002e83
340000000000007d7000000000000fbc005dd9dd9dd800000000002e86
340000000000007d7000000000000fbc005de5de5de400000000002e89
340000000000007d7000000000000fbc005df1df1df000000000002e8c
340000000000007d7000000000000fbc005dfddfddfc00000000002e8f
340000000000007d7000000000000fbc005e09e09e0800000000002e92
340000000000007d7000000000000fbc005e15e15e1400000000002e95
340000000000007d7000000000000fbc005e21e21e2000000000002e98
340000000000007d7000000000000fbc005e2de2de2c00000000002e9b
340000000000007d7000000000000fbc005e39e39e3800000000002e9e
340000000000007d7000000000000fbc005e45e45e4400000000002ea1
340000000000007d7000000000000fbc005e51e51e5000000000002ea4
340000000000007d7000000000000fbc005e5de5de5c00000000002ea7
340000000000007d7000000000000fbc005e69e69e6800000000002eaa
340000000000007d7000000000000fbc005e75e75e7400000000002ead
340000000000007d7000000000000fbc005e81e81e8000000000002eb0
340000000000007d7000000000000fbc005e8de8de8c00000000002eb3
340000000000007d7000000000000fbc005e99e99e9800000000002eb6
340000000000007d7000000000000fbc005ea5ea5ea400000000002eb9
340000000000007d7000000000000fbc005eb1eb1eb000000000002ebc
340000000000007d7000000000000fbc005ebdebdebc00000000002ebf
340000000000007d7000000000000fbc005ec9ec9ec800000000002ec2
340000000000007d7000000000000fbc005ed5ed5ed400000000002ec5
340000000000007d7000000000000fbc005ee1ee1ee000000000002ec8
340000000000007d7000000000000fbc005eedeedeec00000000002ecb
340000000000007d7000000000000fbc005ef9ef9ef800000000002ece
340000000000007d7000000000000fbc005f05f05f0400000000002ed1
340000000000007d7000000000000fbc005f11f11f1000000000002ed4
340000000000007d7000000000000fbc005f1df1df1c00000000002ed7
340000000000007d7000000000000fbc005f29f29f2800000000002eda
340000000000007d7000000000000fbc005f35f35f3400000000002edd
340000000000007d7000000000000fbc005f41f41f4000000000002ee0
340000000000007d7000000000000fbc005f4df4df4c00000000002ee3
340000000000007d7000000000000fbc005f59f59f5800000000002ee6
340000000000007d7000000000000fbc005f65f65f6400000000002ee9
340000000000007d7000000000000fbc005f71f71f7000000000002eec
340000000000007d7000000000000fbc005f7df7df7c00000000002eef
340000000000007d7000000000000fbc005f89f89f8800000000002ef2
340000000000007d7000000000000fbc005f95f95f9400000000002ef5
340000000000007d7000000000000fbc005fa1fa1fa000000000002ef8
340000000000007d7000000000000fbc005fadfadfac00000000002efb
340000000000007d7000000000000fbc005fb9fb9fb800000000002efe
340000000000007d7000000000000fbc005fc5fc5fc400000000002f01
340000000000007d7000000000000fbc005fd1fd1fd000000000002f04
340000000000007d7000000000000fbc005fddfddfdc00000000002f07
340000000000007d7000000000000fbc005fe9fe9fe800000000002f0a
340000000000007d7000000000000fbc005ff5ff5ff400000000002f0d
340000000000007d8000000000000fc000600200200000000000002f10
340000000000007d8000000000000fc000600e00e00c00000000002f13
340000000000007d8000000000000fc000601a01a01800000000002f16
340000000000007d8000000000000fc000602602602400000000002f19
340000000000007d8000000000000fc000603203203000000000002f1c
340000000000007d8000000000000fc000603e03e03c00000000002f1f
340000000000007d8000000000000fc000604a04a04800000000002f22
340000000000007d8000000000000fc000605605605400000000002f25
340000000000007d8000000000000fc000606206206000000000002f28
340000000000007d8000000000000fc000606e06e06c00000000002f2b
340000000000007d8000000000000fc000607a07a07800000000002f2e
340000000000007d8000000000000fc000608608608400000000002f31
340000000000007d8000000000000fc000609209209000000000002f34
340000000000007d8000000000000fc000609e09e09c00000000002f37
340000000000007d8000000000000fc00060aa0aa0a800000000002f3a
340000000000007d8000000000000fc00060b60b60b400000000002f3d
340000000000007d8000000000000fc00060c20c20c000000000002f40
340000000000007d8000000000000fc00060ce0ce0cc00000000002f43
340000000000007d8000000000000fc00060da0da0d800000000002f46
340000000000007d8000000000000fc00060e60e60e400000000002f49
340000000000007d8000000000000fc00060f20f20f000000000002f4c
340000000000007d8000000000000fc00060fe0fe0fc00000000002f4f
340000000000007d8000000000000fc000610a10a10800000000002f52
340000000000007d8000000000000fc000611611611400000000002f55
340000000000007d8000000000000fc000612212212000000000002f58
340000000000007d8000000000000fc000612e12e12c00000000002f5b
340000000000007d8000000000000fc000613a13a13800000000002f5e
340000000000007d8000000000000fc000614614614400000000002f61
340000000000007d8000000000000fc000615215215000000000002f64
340000000000007d8000000000000fc000615e15e15c00000000002f67
340000000000007d8000000000000fc000616a16a16800000000002f6a
340000000000007d8000000000000fc000617617617400000000002f6d
340000000000007d8000000000000fc000618218218000000000002f70
340000000000007d8000000000000fc000618e18e18c00000000002f73
340000000000007d8000000000000fc000619a19a19800000000002f76
340000000000007d8000000000000fc00061a61a61a400000000002f79
340000000000007d8000000000000fc00061b21b21b000000000002f7c
340000000000007d8000000000000fc00061be1be1bc00000000002f7f
340000000000007d8000000000000fc00061ca1ca1c800000000002f82
340000000000007d8000000000000fc00061d61d61d400000000002f85
340000000000007d8000000000000fc00061e21e21e000000000002f88
340000000000007d8000000000000fc00061ee1ee1ec00000000002f8b
340000000000007d8000000000000fc00061fa1fa1f800000000002f8e
340000000000007d8000000000000fc000620620620400000000002f91
340000000000007d8000000000000fc000621221221000000000002f94
340000000000007d8000000000000fc000621e21e21c00000000002f97
340000000000007d8000000000000fc000622a22a22800000000002f9a
340000000000007d8000000000000fc000623623623400000000002f9d
340000000000007d8000000000000fc000624224224000000000002fa0
340000000000007d8000000000000fc000624e24e24c00000000002fa3
340000000000007d8000000000000fc000625a25a25800000000002fa6
340000000000007d8000000000000fc000626626626400000000002fa9
340000000000007d8000000000000fc000627227227000000000002fac
340000000000007d8000000000000fc000627e27e27c00000000002faf
340000000000007d8000000000000fc000628a28a28800000000002fb2
340000000000007d8000000000000fc000629629629400000000002fb5
340000000000007d8000000000000fc00062a22a22a000000000002fb8
340000000000007d8000000000000fc00062ae2ae2ac00000000002fbb
340000000000007d8000000000000fc00062ba2ba2b800000000002fbe
340000000000007d8000000000000fc00062c62c62c400000000002fc1
340000000000007d8000000000000fc00062d22d22d000000000002fc4
340000000000007d8000000000000fc00062de2de2dc00000000002fc7
340000000000007d8000000000000fc00062ea2ea2e800000000002fca
340000000000007d8000000000000fc00062f62f62f400000000002fcd
340000000000007d8000000000000fc000630230230000000000002fd0
340000000000007d8000000000000fc000630e30e30c00000000002fd3
340000000000007d8000000000000fc000631a31a31800000000002fd6
340000000000007d8000000000000fc000632632632400000000002fd9
340000000000007d8000000000000fc000633233233000000000002fdc
340000000000007d8000000000000fc000633e33e33c00000000002fdf
340000000000007d8000000000000fc000634a34a34800000000002fe2
340000000000007d8000000000000fc000635635635400000000002fe5
340000000000007d8000000000000fc000636236236000000000002fe8
340000000000007d8000000000000fc000636e36e36c00000000002feb
340000000000007d8000000000000fc000637a37a37800000000002fee
340000000000007d8000000000000fc000638638638400000000002ff1
340000000000007d8000000000000fc000639239239000000000002ff4
340000000000007d8000000000000fc000639e39e39c00000000002ff7
340000000000007d8000000000000fc00063aa3aa3a800000000002ffa
340000000000007d8000000000000fc00063b63b63b400000000002ffd
340000000000007d8000000000000fc00063c23c23c000000000003000
340000000000007d8000000000000fc00063ce3ce3cc00000000003003
340000000000007d8000000000000fc00063da3da3d800000000003006
340000000000007d8000000000000fc00063e63e63e400000000003009
340000000000007d8000000000000fc00063f23f23f00000000000300c
340000000000007d8000000000000fc00063fe3fe3fc0000000000300f
340000000000007d9000000000000fc400640a40a40800000000003012
340000000000007d9000000000000fc400641641641400000000003015
340000000000007d9000000000000fc400642242242000000000003018
340000000000007d9000000000000fc400642e42e42c0000000000301b
340000000000007d9000000000000fc400643a43a4380000000000301e
340000000000007d9000000000000fc400644644644400000000003021
340000000000007d9000000000000fc400645245245000000000003024
340000000000007d9000000000000fc400645e45e45c00000000003027
340000000000007d9000000000000fc400646a46a4680000000000302a
340000000000007d9000000000000fc40064764764740000000000302d
340000000000007d9000000000000fc400648248248000000000003030
340000000000007d9000000000000fc400648e48e48c00000000003033
340000000000007d9000000000000fc400649a49a49800000000003036
340000000000007d9000000000000fc40064a64a64a400000000003039
340000000000007d9000000000000fc40064b24b24b00000000000303c
340000000000007d9000000000000fc40064be4be4bc0000000000303f
340000000000007d9000000000000fc40064ca4ca4c800000000003042
340000000000007d9000000000000fc40064d64d64d400000000003045
340000000000007d9000000000000fc40064e24e24e000000000003048
340000000000007d9000000000000fc40064ee4ee4ec0000000000304b
340000000000007d9000000000000fc40064fa4fa4f80000000000304e
340000000000007d9000000000000fc400650650650400000000003051
340000000000007d9000000000000fc400651251251000000000003054
340000000000007d9000000000000fc400651e51e51c00000000003057
340000000000007d9000000000000fc400652a52a5280000000000305a
340000000000007d9000000000000fc40065365365340000000000305d
340000000000007d9000000000000fc400654254254000000000003060
340000000000007d9000000000000fc400654e54e54c00000000003063
340000000000007d9000000000000fc400655a55a55800000000003066
340000000000007d9000000000000fc400656656656400000000003069
340000000000007d9000000000000fc40065725725700000000000306c
340000000000007d9000000000000fc400657e57e57c0000000000306f
340000000000007d9000000000000fc400658a58a58800000000003072
340000000000007d9000000000000fc400659659659400000000003075
340000000000007d9000000000000fc40065a25a25a000000000003078
340000000000007d9000000000000fc40065ae5ae5ac0000000000307b
340000000000007d9000000000000fc40065ba5ba5b80000000000307e
340000000000007d9000000000000fc40065c65c65c400000000003081
340000000000007d9000000000000fc40065d25d25d000000000003084
340000000000007d9000000000000fc40065de5de5dc00000000003087
340000000000007d9000000000000fc40065ea5ea5e80000000000308a
340000000000007d9000000000000fc40065f65f65f40000000000308d
340000000000007d9000000000000fc400660260260000000000003090
340000000000007d9000000000000fc400660e60e60c00000000003093
340000000000007d9000000000000fc400661a61a61800000000003096
340000000000007d9000000000000fc400662662662400000000003099
340000000000007d9000000000000fc40066326326300000000000309c
340000000000007d9000000000000fc400663e63e63c0000000000309f
340000000000007d9000000000000fc400664a64a648000000000030a2
340000000000007d9000000000000fc4006656656654000000000030a5
340000000000007d9000000000000fc4006662662660000000000030a8
340000000000007d9000000000000fc400666e66e66c000000000030ab
340000000000007d9000000000000fc400667a67a678000000000030ae
340000000000007d9000000000000fc4006686686684000000000030b1
340000000000007d9000000000000fc4006692692690000000000030b4
340000000000007d9000000000000fc400669e69e69c000000000030b7
340000000000007d9000000000000fc40066aa6aa6a8000000000030ba
340000000000007d9000000000000fc40066b66b66b4000000000030bd
340000000000007d9000000000000fc40066c26c26c0000000000030c0
340000000000007d9000000000000fc40066ce6ce6cc000000000030c3
340000000000007d9000000000000fc40066da6da6d8000000000030c6
340000000000007d9000000000000fc40066e66e66e4000000000030c9
340000000000007d9000000000000fc40066f26f26f0000000000030cc
340000000000007d9000000000000fc40066fe6fe6fc000000000030cf
340000000000007d9000000000000fc400670a70a708000000000030d2
340000000000007d9000000000000fc4006716716714000000000030d5
340000000000007d9000000000000fc4006722722720000000000030d8
340000000000007d9000000000000fc400672e72e72c000000000030db
340000000000007d9000000000000fc400673a73a738000000000030de
340000000000007d9000000000000fc4006746746744000000000030e1
340000000000007d9000000000000fc4006752752750000000000030e4
340000000000007d9000000000000fc400675e75e75c000000000030e7
340000000000007d9000000000000fc400676a76a768000000000030ea
340000000000007d9000000000000fc4006776776774000000000030ed
340000000000007d9000000000000fc4006782782780000000000030f0
340000000000007d9000000000000fc400678e78e78c000000000030f3
340000000000007d9000000000000fc400679a79a798000000000030f6
340000000000007d9000000000000fc40067a67a67a4000000000030f9
340000000000007d9000000000000fc40067b27b27b0000000000030fc
340000000000007d9000000000000fc40067be7be7bc000000000030ff
340000000000007d9000000000000fc40067ca7ca7c800000000003102
340000000000007d9000000000000fc40067d67d67d400000000003105
340000000000007d9000000000000fc40067e27e27e000000000003108
340000000000007d9000000000000fc40067ee7ee7ec0000000000310b
340000000000007d9000000000000fc40067fa7fa7f80000000000310e
340000000000007da000000000000fc800680680680400000000003111
340000000000007da000000000000fc800681281281000000000003114
340000000000007da000000000000fc800681e81e81c00000000003117
340000000000007da000000000000fc800682a82a8280000000000311a
340000000000007da000000000000fc80068368368340000000000311d
340000000000007da000000000000fc800684284284000000000003120
340000000000007da000000000000fc800684e84e84c00000000003123
340000000000007da000000000000fc800685a85a85800000000003126
340000000000007da000000000000fc800686686686400000000003129
340000000000007da000000000000fc80068728728700000000000312c
340000000000007da000000000000fc800687e87e87c0000000000312f
340000000000007da000000000000fc800688a88a88800000000003132
340000000000007da000000000000fc800689689689400000000003135
340000000000007da000000000000fc80068a28a28a000000000003138
340000000000007da000000000000fc80068ae8ae8ac0000000000313b
340000000000007da000000000000fc80068ba8ba8b80000000000313e
340000000000007da000000000000fc80068c68c68c400000000003141
340000000000007da000000000000fc80068d28d28d000000000003144
340000000000007da000000000000fc80068de8de8dc00000000003147
340000000000007da000000000000fc80068ea8ea8e80000000000314a
340000000000007da000000000000fc80068f68f68f40000000000314d
340000000000007da000000000000fc800690290290000000000003150
340000000000007da000000000000fc800690e90e90c00000000003153
340000000000007da000000000000fc800691a91a91800000000003156
340000000000007da000000000000fc800692692692400000000003159
340000000000007da000000000000fc80069329329300000000000315c
340000000000007da000000000000fc800693e93e93c0000000000315f
340000000000007da000000000000fc800694a94a94800000000003162
340000000000007da000000000000fc800695695695400000000003165
340000000000007da000000000000fc800696296296000000000003168
340000000000007da000000000000fc800696e96e96c0000000000316b
340000000000007da000000000000fc800697a97a9780000000000316e
340000000000007da000000000000fc800698698698400000000003171
340000000000007da000000000000fc800699299299000000000003174
340000000000007da000000000000fc800699e99e99c00000000003177
340000000000007da000000000000fc80069aa9aa9a80000000000317a
340000000000007da000000000000fc80069b69b69b40000000000317d
340000000000007da000000000000fc80069c29c29c000000000003180
340000000000007da000000000000fc80069ce9ce9cc00000000003183
340000000000007da000000000000fc80069da9da9d800000000003186
340000000000007da000000000000fc80069e69e69e400000000003189
340000000000007da000000000000fc80069f29f29f00000000000318c
340000000000007da000000000000fc80069fe9fe9fc0000000000318f
340000000000007da000000000000fc8006a0aa0aa0800000000003192
340000000000007da000000000000fc8006a16a16a1400000000003195
340000000000007da000000000000fc8006a22a22a2000000000003198
340000000000007da000000000000fc8006a2ea2ea2c0000000000319b
340000000000007da000000000000fc8006a3aa3aa380000000000319e
340000000000007da000000000000fc8006a46a46a44000000000031a1
340000000000007da000000000000fc8006a52a52a50000000000031a4
340000000000007da000000000000fc8006a5ea5ea5c000000000031a7
340000000000007da000000000000fc8006a6aa6aa68000000000031aa
340000000000007da000000000000fc8006a76a76a74000000000031ad
340000000000007da000000000000fc8006a82a82a80000000000031b0
340000000000007da000000000000fc8006a8ea8ea8c000000000031b3
340000000000007da000000000000fc8006a9aa9aa98000000000031b6
340000000000007da000000000000fc8006aa6aa6aa4000000000031b9
340000000000007da000000000000fc8006ab2ab2ab0000000000031bc
340000000000007da000000000000fc8006abeabeabc000000000031bf
340000000000007da000000000000fc8006acaacaac8000000000031c2
340000000000007da000000000000fc8006ad6ad6ad4000000000031c5
340000000000007da000000000000fc8006ae2ae2ae0000000000031c8
340000000000007da000000000000fc8006aeeaeeaec000000000031cb
340000000000007da000000000000fc8006afaafaaf8000000000031ce
340000000000007da000000000000fc8006b06b06b04000000000031d1
340000000000007da000000000000fc8006b12b12b10000000000031d4
340000000000007da000000000000fc8006b1eb1eb1c000000000031d7
340000000000007da000000000000fc8006b2ab2ab28000000000031da
340000000000007da000000000000fc8006b36b36b34000000000031dd
340000000000007da000000000000fc8006b42b42b40000000000031e0
340000000000007da000000000000fc8006b4eb4eb4c000000000031e3
340000000000007da000000000000fc8006b5ab5ab58000000000031e6
340000000000007da000000000000fc8006b66b66b64000000000031e9
340000000000007da000000000000fc8006b72b72b70000000000031ec
340000000000007da000000000000fc8006b7eb7eb7c000000000031ef
340000000000007da000000000000fc8006b8ab8ab88000000000031f2
340000000000007da000000000000fc8006b96b96b94000000000031f5
340000000000007da000000000000fc8006ba2ba2ba0000000000031f8
340000000000007da000000000000fc8006baebaebac000000000031fb
340000000000007da000000000000fc8006bbabbabb8000000000031fe
340000000000007da000000000000fc8006bc6bc6bc400000000003201
340000000000007da000000000000fc8006bd2bd2bd000000000003204
340000000000007da000000000000fc8006bdebdebdc00000000003207
340000000000007da000000000000fc8006beabeabe80000000000320a
340000000000007da000000000000fc8006bf6bf6bf40000000000320d
340000000000007db000000000000fcc006c02c02c0000000000003210
340000000000007db000000000000fcc006c0ec0ec0c00000000003213
340000000000007db000000000000fcc006c1ac1ac1800000000003216
340000000000007db000000000000fcc006c26c26c2400000000003219
340000000000007db000000000000fcc006c32c32c300000000000321c
340000000000007db000000000000fcc006c3ec3ec3c0000000000321f
340000000000007db000000000000fcc006c4ac4ac4800000000003222
340000000000007db000000000000fcc006c56c56c5400000000003225
340000000000007db000000000000fcc006c62c62c6000000000003228
340000000000007db000000000000fcc006c6ec6ec6c0000000000322b
340000000000007db000000000000fcc006c7ac7ac780000000000322e
340000000000007db000000000000fcc006c86c86c8400000000003231
340000000000007db000000000000fcc006c92c92c9000000000003234
340000000000007db000000000000fcc006c9ec9ec9c00000000003237
340000000000007db000000000000fcc006caacaaca80000000000323a
340000000000007db000000000000fcc006cb6cb6cb40000000000323d
340000000000007db000000000000fcc006cc2cc2cc000000000003240
340000000000007db000000000000fcc006ccecceccc00000000003243
340000000000007db000000000000fcc006cdacdacd800000000003246
340000000000007db000000000000fcc006ce6ce6ce400000000003249
340000000000007db000000000000fcc006cf2cf2cf00000000000324c
340000000000007db000000000000fcc006cfecfecfc0000000000324f
340000000000007db000000000000fcc006d0ad0ad0800000000003252
340000000000007db000000000000fcc006d16d16d1400000000003255
340000000000007db000000000000fcc006d22d22d2000000000003258
340000000000007db000000000000fcc006d2ed2ed2c0000000000325b
340000000000007db000000000000fcc006d3ad3ad380000000000325e
340000000000007db000000000000fcc006d46d46d4400000000003261
340000000000007db000000000000fcc006d52d52d5000000000003264
340000000000007db000000000000fcc006d5ed5ed5c00000000003267
340000000000007db000000000000fcc006d6ad6ad680000000000326a
340000000000007db000000000000fcc006d76d76d740000000000326d
340000000000007db000000000000fcc006d82d82d8000000000003270
340000000000007db000000000000fcc006d8ed8ed8c00000000003273
340000000000007db000000000000fcc006d9ad9ad9800000000003276
340000000000007db000000000000fcc006da6da6da400000000003279
340000000000007db000000000000fcc006db2db2db00000000000327c
340000000000007db000000000000fcc006dbedbedbc0000000000327f
340000000000007db000000000000fcc006dcadcadc800000000003282
340000000000007db000000000000fcc006dd6dd6dd400000000003285
340000000000007db000000000000fcc006de2de2de000000000003288
340000000000007db000000000000fcc006deedeedec0000000000328b
340000000000007db000000000000fcc006dfadfadf80000000000328e
340000000000007db000000000000fcc006e06e06e0400000000003291
340000000000007db000000000000fcc006e12e12e1000000000003294
340000000000007db000000000000fcc006e1ee1ee1c00000000003297
340000000000007db000000000000fcc006e2ae2ae280000000000329a
340000000000007db000000000000fcc006e36e36e340000000000329d
340000000000007db000000000000fcc006e42e42e40000000000032a0
340000000000007db000000000000fcc006e4ee4ee4c000000000032a3
340000000000007db000000000000fcc006e5ae5ae58000000000032a6
340000000000007db000000000000fcc006e66e66e64000000000032a9
340000000000007db000000000000fcc006e72e72e70000000000032ac
340000000000007db000000000000fcc006e7ee7ee7c000000000032af
340000000000007db000000000000fcc006e8ae8ae88000000000032b2
340000000000007db000000000000fcc006e96e96e94000000000032b5
340000000000007db000000000000fcc006ea2ea2ea0000000000032b8
340000000000007db000000000000fcc006eaeeaeeac000000000032bb
340000000000007db000000000000fcc006ebaebaeb8000000000032be
340000000000007db000000000000fcc006ec6ec6ec4000000000032c1
340000000000007db000000000000fcc006ed2ed2ed0000000000032c4
340000000000007db000000000000fcc006edeedeedc000000000032c7
340000000000007db000000000000fcc006eeaeeaee8000000000032ca
340000000000007db000000000000fcc006ef6ef6ef4000000000032cd
340000000000007db000000000000fcc006f02f02f00000000000032d0
340000000000007db000000000000fcc006f0ef0ef0c000000000032d3
340000000000007db000000000000fcc006f1af1af18000000000032d6
340000000000007db000000000000fcc006f26f26f24000000000032d9
340000000000007db000000000000fcc006f32f32f30000000000032dc
340000000000007db000000000000fcc006f3ef3ef3c000000000032df
340000000000007db000000000000fcc006f4af4af48000000000032e2
340000000000007db000000000000fcc006f56f56f54000000000032e5
340000000000007db000000000000fcc006f62f62f60000000000032e8
340000000000007db000000000000fcc006f6ef6ef6c000000000032eb
340000000000007db000000000000fcc006f7af7af78000000000032ee
340000000000007db000000000000fcc006f86f86f84000000000032f1
340000000000007db000000000000fcc006f92f92f90000000000032f4
340000000000007db000000000000fcc006f9ef9ef9c000000000032f7
340000000000007db000000000000fcc006faafaafa8000000000032fa
340000000000007db000000000000fcc006fb6fb6fb4000000000032fd
340000000000007db000000000000fcc006fc2fc2fc000000000003300
340000000000007db000000000000fcc006fcefcefcc00000000003303
340000000000007db000000000000fcc006fdafdafd800000000003306
340000000000007db000000000000fcc006fe6fe6fe400000000003309
340000000000007db000000000000fcc006ff2ff2ff00000000000330c
340000000000007db000000000000fcc006ffeffeffc0000000000330f
340000000000007dc000000000000fd000700b00b00800000000003312
340000000000007dc000000000000fd000701701701400000000003315
340000000000007dc000000000000fd000702302302000000000003318
340000000000007dc000000000000fd000702f02f02c0000000000331b
340000000000007dc000000000000fd000703b03b0380000000000331e
340000000000007dc000000000000fd000704704704400000000003321
340000000000007dc000000000000fd000705305305000000000003324
340000000000007dc000000000000fd000705f05f05c00000000003327
340000000000007dc000000000000fd000706b06b0680000000000332a
340000000000007dc000000000000fd00070770770740000000000332d
340000000000007dc000000000000fd000708308308000000000003330
340000000000007dc000000000000fd000708f08f08c00000000003333
340000000000007dc000000000000fd000709b09b09800000000003336
340000000000007dc000000000000fd00070a70a70a400000000003339
340000000000007dc000000000000fd00070b30b30b00000000000333c
340000000000007dc000000000000fd00070bf0bf0bc0000000000333f
340000000000007dc000000000000fd00070cb0cb0c800000000003342
340000000000007dc000000000000fd00070d70d70d400000000003345
340000000000007dc000000000000fd00070e30e30e000000000003348
340000000000007dc000000000000fd00070ef0ef0ec0000000000334b
340000000000007dc000000000000fd00070fb0fb0f80000000000334e
340000000000007dc000000000000fd000710710710400000000003351
340000000000007dc000000000000fd000711311311000000000003354
340000000000007dc000000000000fd000711f11f11c00000000003357
340000000000007dc000000000000fd000712b12b1280000000000335a
340000000000007dc000000000000fd00071371371340000000000335d
340000000000007dc000000000000fd000714314314000000000003360
340000000000007dc000000000000fd000714f14f14c00000000003363
340000000000007dc000000000000fd000715b15b15800000000003366
340000000000007dc000000000000fd000716716716400000000003369
340000000000007dc000000000000fd00071731731700000000000336c
340000000000007dc000000000000fd000717f17f17c0000000000336f
340000000000007dc000000000000fd000718b18b18800000000003372
340000000000007dc000000000000fd000719719719400000000003375
340000000000007dc000000000000fd00071a31a31a000000000003378
340000000000007dc000000000000fd00071af1af1ac0000000000337b
340000000000007dc000000000000fd00071bb1bb1b80000000000337e
340000000000007dc000000000000fd00071c71c71c400000000003381
340000000000007dc000000000000fd00071d31d31d000000000003384
340000000000007dc000000000000fd00071df1df1dc00000000003387
340000000000007dc000000000000fd00071eb1eb1e80000000000338a
340000000000007dc000000000000fd00071f71f71f40000000000338d
340000000000007dc000000000000fd000720320320000000000003390
340000000000007dc000000000000fd000720f20f20c00000000003393
340000000000007dc000000000000fd000721b21b21800000000003396
340000000000007dc000000000000fd000722722722400000000003399
340000000000007dc000000000000fd00072332332300000000000339c
340000000000007dc000000000000fd000723f23f23c0000000000339f
340000000000007dc000000000000fd000724b24b248000000000033a2
340000000000007dc000000000000fd0007257257254000000000033a5
340000000000007dc000000000000fd0007263263260000000000033a8
340000000000007dc000000000000fd000726f26f26c000000000033ab
340000000000007dc000000000000fd000727b27b278000000000033ae
340000000000007dc000000000000fd0007287287284000000000033b1
340000000000007dc000000000000fd0007293293290000000000033b4
340000000000007dc000000000000fd000729f29f29c000000000033b7
340000000000007dc000000000000fd00072ab2ab2a8000000000033ba
340000000000007dc000000000000fd00072b72b72b4000000000033bd
340000000000007dc000000000000fd00072c32c32c0000000000033c0
340000000000007dc000000000000fd00072cf2cf2cc000000000033c3
340000000000007dc000000000000fd00072db2db2d8000000000033c6
340000000000007dc000000000000fd00072e72e72e4000000000033c9
340000000000007dc000000000000fd00072f32f32f0000000000033cc
340000000000007dc000000000000fd00072ff2ff2fc000000000033cf
340000000000007dc000000000000fd000730b30b308000000000033d2
340000000000007dc000000000000fd0007317317314000000000033d5
340000000000007dc000000000000fd0007323323320000000000033d8
340000000000007dc000000000000fd000732f32f32c000000000033db
340000000000007dc000000000000fd000733b33b338000000000033de
340000000000007dc000000000000fd0007347347344000000000033e1
340000000000007dc000000000000fd0007353353350000000000033e4
340000000000007dc000000000000fd000735f35f35c000000000033e7
340000000000007dc000000000000fd000736b36b368000000000033ea
340000000000007dc000000000000fd0007377377374000000000033ed
340000000000007dc000000000000fd0007383383380000000000033f0
340000000000007dc000000000000fd000738f38f38c000000000033f3
340000000000007dc000000000000fd000739b39b398000000000033f6
340000000000007dc000000000000fd00073a73a73a4000000000033f9
340000000000007dc000000000000fd00073b33b33b0000000000033fc
340000000000007dc000000000000fd00073bf3bf3bc000000000033ff
340000000000007dc000000000000fd00073cb3cb3c800000000003402
340000000000007dc000000000000fd00073d73d73d400000000003405
340000000000007dc000000000000fd00073e33e33e000000000003408
340000000000007dc000000000000fd00073ef3ef3ec0000000000340b
340000000000007dc000000000000fd00073fb3fb3f80000000000340e
340000000000007dd000000000000fd400740740740400000000003411
340000000000007dd000000000000fd400741341341000000000003414
340000000000007dd000000000000fd400741f41f41c00000000003417
340000000000007dd000000000000fd400742b42b4280000000000341a
340000000000007dd000000000000fd40074374374340000000000341d
340000000000007dd000000000000fd400744344344000000000003420
340000000000007dd000000000000fd400744f44f44c00000000003423
340000000000007dd000000000000fd400745b45b45800000000003426
340000000000007dd000000000000fd400746746746400000000003429
340000000000007dd000000000000fd40074734734700000000000342c
340000000000007dd000000000000fd400747f47f47c0000000000342f
340000000000007dd000000000000fd400748b48b48800000000003432
340000000000007dd000000000000fd400749749749400000000003435
340000000000007dd000000000000fd40074a34a34a000000000003438
340000000000007dd000000000000fd40074af4af4ac0000000000343b
340000000000007dd000000000000fd40074bb4bb4b80000000000343e
340000000000007dd000000000000fd40074c74c74c400000000003441
340000000000007dd000000000000fd40074d34d34d000000000003444
340000000000007dd000000000000fd40074df4df4dc00000000003447
340000000000007dd000000000000fd40074eb4eb4e80000000000344a
340000000000007dd000000000000fd40074f74f74f40000000000344d
340000000000007dd000000000000fd400750350350000000000003450
340000000000007dd000000000000fd400750f50f50c00000000003453
340000000000007dd000000000000fd400751b51b51800000000003456
340000000000007dd000000000000fd400752752752400000000003459
340000000000007dd000000000000fd40075335335300000000000345c
340000000000007dd000000000000fd400753f53f53c0000000000345f
340000000000007dd000000000000fd400754b54b54800000000003462
340000000000007dd000000000000fd400755755755400000000003465
340000000000007dd000000000000fd400756356356000000000003468
340000000000007dd000000000000fd400756f56f56c0000000000346b
340000000000007dd000000000000fd400757b57b5780000000000346e
340000000000007dd000000000000fd400758758758400000000003471
340000000000007dd000000000000fd400759359359000000000003474
340000000000007dd000000000000fd400759f59f59c00000000003477
340000000000007dd000000000000fd40075ab5ab5a80000000000347a
340000000000007dd000000000000fd40075b75b75b40000000000347d
340000000000007dd000000000000fd40075c35c35c000000000003480
340000000000007dd000000000000fd40075cf5cf5cc00000000003483
340000000000007dd000000000000fd40075db5db5d800000000003486
340000000000007dd000000000000fd40075e75e75e400000000003489
340000000000007dd000000000000fd40075f35f35f00000000000348c
340000000000007dd000000000000fd40075ff5ff5fc0000000000348f
340000000000007dd000000000000fd400760b60b60800000000003492
340000000000007dd000000000000fd400761761761400000000003495
340000000000007dd000000000000fd400762362362000000000003498
340000000000007dd000000000000fd400762f62f62c0000000000349b
340000000000007dd000000000000fd400763b63b6380000000000349e
340000000000007dd000000000000fd4007647647644000000000034a1
340000000000007dd000000000000fd4007653653650000000000034a4
340000000000007dd000000000000fd400765f65f65c000000000034a7
340000000000007dd000000000000fd400766b66b668000000000034aa
340000000000007dd000000000000fd4007677677674000000000034ad
340000000000007dd000000000000fd4007683683680000000000034b0
340000000000007dd000000000000fd400768f68f68c000000000034b3
340000000000007dd000000000000fd400769b69b698000000000034b6
340000000000007dd000000000000fd40076a76a76a4000000000034b9
340000000000007dd000000000000fd40076b36b36b0000000000034bc
340000000000007dd000000000000fd40076bf6bf6bc000000000034bf
340000000000007dd000000000000fd40076cb6cb6c8000000000034c2
340000000000007dd000000000000fd40076d76d76d4000000000034c5
340000000000007dd000000000000fd40076e36e36e0000000000034c8
340000000000007dd000000000000fd40076ef6ef6ec000000000034cb
340000000000007dd000000000000fd40076fb6fb6f8000000000034ce
340000000000007dd000000000000fd4007707707704000000000034d1
340000000000007dd000000000000fd4007713713710000000000034d4
340000000000007dd000000000000fd400771f71f71c000000000034d7
340000000000007dd000000000000fd400772b72b728000000000034da
340000000000007dd000000000000fd4007737737734000000000034dd
340000000000007dd000000000000fd4007743743740000000000034e0
340000000000007dd000000000000fd400774f74f74c000000000034e3
340000000000007dd000000000000fd400775b75b758000000000034e6
340000000000007dd000000000000fd4007767767764000000000034e9
340000000000007dd000000000000fd4007773773770000000000034ec
340000000000007dd000000000000fd400777f77f77c000000000034ef
340000000000007dd000000000000fd400778b78b788000000000034f2
340000000000007dd000000000000fd4007797797794000000000034f5
340000000000007dd000000000000fd40077a37a37a0000000000034f8
340000000000007dd000000000000fd40077af7af7ac000000000034fb
340000000000007dd000000000000fd40077bb7bb7b8000000000034fe
340000000000007dd000000000000fd40077c77c77c400000000003501
340000000000007dd000000000000fd40077d37d37d000000000003504
340000000000007dd000000000000fd40077df7df7dc00000000003507
340000000000007dd000000000000fd40077eb7eb7e80000000000350a
340000000000007dd000000000000fd40077f77f77f40000000000350d
340000000000007de000000000000fd800780380380000000000003510
340000000000007de000000000000fd800780f80f80c00000000003513
340000000000007de000000000000fd800781b81b81800000000003516
340000000000007de000000000000fd800782782782400000000003519
340000000000007de000000000000fd80078338338300000000000351c
340000000000007de000000000000fd800783f83f83c0000000000351f
340000000000007de000000000000fd800784b84b84800000000003522
340000000000007de000000000000fd800785785785400000000003525
340000000000007de000000000000fd800786386386000000000003528
340000000000007de000000000000fd800786f86f86c0000000000352b
340000000000007de000000000000fd800787b87b8780000000000352e
340000000000007de000000000000fd800788788788400000000003531
340000000000007de000000000000fd800789389389000000000003534
340000000000007de000000000000fd800789f89f89c00000000003537
340000000000007de000000000000fd80078ab8ab8a80000000000353a
340000000000007de000000000000fd80078b78b78b40000000000353d
340000000000007de000000000000fd80078c38c38c000000000003540
340000000000007de000000000000fd80078cf8cf8cc00000000003543
340000000000007de000000000000fd80078db8db8d800000000003546
340000000000007de000000000000fd80078e78e78e400000000003549
340000000000007de000000000000fd80078f38f38f00000000000354c
340000000000007de000000000000fd80078ff8ff8fc0000000000354f
340000000000007de000000000000fd800790b90b90800000000003552
340000000000007de000000000000fd800791791791400000000003555
340000000000007de000000000000fd800792392392000000000003558
340000000000007de000000000000fd800792f92f92c0000000000355b
340000000000007de000000000000fd800793b93b9380000000000355e
340000000000007de000000000000fd800794794794400000000003561
340000000000007de000000000000fd800795395395000000000003564
340000000000007de000000000000fd800795f95f95c00000000003567
340000000000007de000000000000fd800796b96b9680000000000356a
340000000000007de000000000000fd80079779779740000000000356d
340000000000007de000000000000fd800798398398000000000003570
340000000000007de000000000000fd800798f98f98c00000000003573
340000000000007de000000000000fd800799b99b99800000000003576
340000000000007de000000000000fd80079a79a79a400000000003579
340000000000007de000000000000fd80079b39b39b00000000000357c
340000000000007de000000000000fd80079bf9bf9bc0000000000357f
340000000000007de000000000000fd80079cb9cb9c800000000003582
340000000000007de000000000000fd80079d79d79d400000000003585
340000000000007de000000000000fd80079e39e39e000000000003588
340000000000007de000000000000fd80079ef9ef9ec0000000000358b
340000000000007de000000000000fd80079fb9fb9f80000000000358e
340000000000007de000000000000fd8007a07a07a0400000000003591
340000000000007de000000000000fd8007a13a13a1000000000003594
340000000000007de000000000000fd8007a1fa1fa1c00000000003597
340000000000007de000000000000fd8007a2ba2ba280000000000359a
340000000000007de000000000000fd8007a37a37a340000000000359d
340000000000007de000000000000fd8007a43a43a40000000000035a0
340000000000007de000000000000fd8007a4fa4fa4c000000000035a3
340000000000007de000000000000fd8007a5ba5ba58000000000035a6
340000000000007de000000000000fd8007a67a67a64000000000035a9
340000000000007de000000000000fd8007a73a73a70000000000035ac
340000000000007de000000000000fd8007a7fa7fa7c000000000035af
340000000000007de000000000000fd8007a8ba8ba88000000000035b2
340000000000007de000000000000fd8007a97a97a94000000000035b5
340000000000007de000000000000fd8007aa3aa3aa0000000000035b8
340000000000007de000000000000fd8007aafaafaac000000000035bb
340000000000007de000000000000fd8007abbabbab8000000000035be
340000000000007de000000000000fd8007ac7ac7ac4000000000035c1
340000000000007de000000000000fd8007ad3ad3ad0000000000035c4
340000000000007de000000000000fd8007adfadfadc000000000035c7
340000000000007de000000000000fd8007aebaebae8000000000035ca
340000000000007de000000000000fd8007af7af7af4000000000035cd
340000000000007de000000000000fd8007b03b03b00000000000035d0
340000000000007de000000000000fd8007b0fb0fb0c000000000035d3
340000000000007de000000000000fd8007b1bb1bb18000000000035d6
340000000000007de000000000000fd8007b27b27b24000000000035d9
340000000000007de000000000000fd8007b33b33b30000000000035dc
340000000000007de000000000000fd8007b3fb3fb3c000000000035df
340000000000007de000000000000fd8007b4bb4bb48000000000035e2
340000000000007de000000000000fd8007b57b57b54000000000035e5
340000000000007de000000000000fd8007b63b63b60000000000035e8
340000000000007de000000000000fd8007b6fb6fb6c000000000035eb
340000000000007de000000000000fd8007b7bb7bb78000000000035ee
340000000000007de000000000000fd8007b87b87b84000000000035f1
340000000000007de000000000000fd8007b93b93b90000000000035f4
340000000000007de000000000000fd8007b9fb9fb9c000000000035f7
340000000000007de000000000000fd8007babbabba8000000000035fa
340000000000007de000000000000fd8007bb7bb7bb4000000000035fd
340000000000007de000000000000fd8007bc3bc3bc000000000003600
340000000000007de000000000000fd8007bcfbcfbcc00000000003603
340000000000007de000000000000fd8007bdbbdbbd800000000003606
340000000000007de000000000000fd8007be7be7be400000000003609
340000000000007de000000000000fd8007bf3bf3bf00000000000360c
340000000000007de000000000000fd8007bffbffbfc0000000000360f
340000000000007df000000000000fdc007c0bc0bc0800000000003612
340000000000007df000000000000fdc007c17c17c1400000000003615
340000000000007df000000000000fdc007c23c23c2000000000003618
340000000000007df000000000000fdc007c2fc2fc2c0000000000361b
340000000000007df000000000000fdc007c3bc3bc380000000000361e
340000000000007df000000000000fdc007c47c47c4400000000003621
340000000000007df000000000000fdc007c53c53c5000000000003624
340000000000007df000000000000fdc007c5fc5fc5c00000000003627
340000000000007df000000000000fdc007c6bc6bc680000000000362a
340000000000007df000000000000fdc007c77c77c740000000000362d
340000000000007df000000000000fdc007c83c83c8000000000003630
340000000000007df000000000000fdc007c8fc8fc8c00000000003633
340000000000007df000000000000fdc007c9bc9bc9800000000003636
340000000000007df000000000000fdc007ca7ca7ca400000000003639
340000000000007df000000000000fdc007cb3cb3cb00000000000363c
340000000000007df000000000000fdc007cbfcbfcbc0000000000363f
340000000000007df000000000000fdc007ccbccbcc800000000003642
340000000000007df000000000000fdc007cd7cd7cd400000000003645
340000000000007df000000000000fdc007ce3ce3ce000000000003648
340000000000007df000000000000fdc007cefcefcec0000000000364b
340000000000007df000000000000fdc007cfbcfbcf80000000000364e
340000000000007df000000000000fdc007d07d07d0400000000003651
340000000000007df000000000000fdc007d13d13d1000000000003654
340000000000007df000000000000fdc007d1fd1fd1c00000000003657
340000000000007df000000000000fdc007d2bd2bd280000000000365a
340000000000007df000000000000fdc007d37d37d340000000000365d
340000000000007df000000000000fdc007d43d43d4000000000003660
340000000000007df000000000000fdc007d4fd4fd4c00000000003663
340000000000007df000000000000fdc007d5bd5bd5800000000003666
340000000000007df000000000000fdc007d67d67d6400000000003669
340000000000007df000000000000fdc007d73d73d700000000000366c
340000000000007df000000000000fdc007d7fd7fd7c0000000000366f
340000000000007df000000000000fdc007d8bd8bd8800000000003672
340000000000007df000000000000fdc007d97d97d9400000000003675
340000000000007df000000000000fdc007da3da3da000000000003678
340000000000007df000000000000fdc007dafdafdac0000000000367b
340000000000007df000000000000fdc007dbbdbbdb80000000000367e
340000000000007df000000000000fdc007dc7dc7dc400000000003681
340000000000007df000000000000fdc007dd3dd3dd000000000003684
340000000000007df000000000000fdc007ddfddfddc00000000003687
340000000000007df000000000000fdc007debdebde80000000000368a
340000000000007df000000000000fdc007df7df7df40000000000368d
340000000000007df000000000000fdc007e03e03e0000000000003690
340000000000007df000000000000fdc007e0fe0fe0c00000000003693
340000000000007df000000000000fdc007e1be1be1800000000003696
340000000000007df000000000000fdc007e27e27e2400000000003699
340000000000007df000000000000fdc007e33e33e300000000000369c
340000000000007df000000000000fdc007e3fe3fe3c0000000000369f
340000000000007df000000000000fdc007e4be4be48000000000036a2
340000000000007df000000000000fdc007e57e57e54000000000036a5
340000000000007df000000000000fdc007e63e63e60000000000036a8
340000000000007df000000000000fdc007e6fe6fe6c000000000036ab
340000000000007df000000000000fdc007e7be7be78000000000036ae
340000000000007df000000000000fdc007e87e87e84000000000036b1
340000000000007df000000000000fdc007e93e93e90000000000036b4
340000000000007df000000000000fdc007e9fe9fe9c000000000036b7
340000000000007df000000000000fdc007eabeabea8000000000036ba
340000000000007df000000000000fdc007eb7eb7eb4000000000036bd
340000000000007df000000000000fdc007ec3ec3ec0000000000036c0
340000000000007df000000000000fdc007ecfecfecc000000000036c3
340000000000007df000000000000fdc007edbedbed8000000000036c6
340000000000007df000000000000fdc007ee7ee7ee4000000000036c9
340000000000007df000000000000fdc007ef3ef3ef0000000000036cc
340000000000007df000000000000fdc007effeffefc000000000036cf
340000000000007df000000000000fdc007f0bf0bf08000000000036d2
340000000000007df000000000000fdc007f17f17f14000000000036d5
340000000000007df000000000000fdc007f23f23f20000000000036d8
340000000000007df000000000000fdc007f2ff2ff2c000000000036db
340000000000007df000000000000fdc007f3bf3bf38000000000036de
340000000000007df000000000000fdc007f47f47f44000000000036e1
340000000000007df000000000000fdc007f53f53f50000000000036e4
340000000000007df000000000000fdc007f5ff5ff5c000000000036e7
340000000000007df000000000000fdc007f6bf6bf68000000000036ea
340000000000007df000000000000fdc007f77f77f74000000000036ed
340000000000007df000000000000fdc007f83f83f80000000000036f0
340000000000007df000000000000fdc007f8ff8ff8c000000000036f3
340000000000007df000000000000fdc007f9bf9bf98000000000036f6
740000000000007df000000000000fdc007fa7fa7fa4000000000036f9
340000000000008c60000000000003d000407407407400000000001ce4
340000000000008c60000000000003d000409409409400000000000e89
340000000000008c60000000000003d00040e40e40e400000000001ce4
340000000000008c60000000000003d000410c10c10c00000000000b64
340000000000008c60000000000003d000411c11c11c00000000001440
340000000000008c60000000000003d000413c13c13c00000000000961
340000000000008c60000000000003d000414c14c14c00000000000d99
340000000000008c60000000000003d001416c17416400000000001c39
340000000000008c60000000000003d000418c18c18c00000000001729
340000000000008c60000000000003d00041ac1ac1ac000000000019a1
340000000000008c60000000000003d00041d41d41d400000000001ce4
340000000000008c60000000000003d000421c21c21c00000000000bd1
340000000000008c60000000000003d00042a42a42a400000000000900
340000000000008c60000000000003d000c2c42cc2c400000000001900
340000000000008c60000000000003d00042e42e42e400000000000d24
340000000000008c60000000000003d000431431431400000000001440
340000000000008c60000000000003d000432c32c32c00000000000bd1
340000000000008c60000000000003d000c35c36435c00000000000c40
340000000000008c60000000000003d000c38438c384000000000027d9
340000000000008c60000000000003d00043b43b43b400000000002584
3400000000000077900000000000034000c4004043fc00000716c4b0a4
3400000000000077900000000000034000444c44c44c00000000000c40
3400000000000077900000000000034000446c46c46c00000000000790
3400000000000077900000000000034000c48448447c00000000000961
340000000000007790000000000003400044bc4bc4bc00000000000900
340000000000007790000000000003400044dc4dc4dc00000000001324
340000000000007790000000000003400044ec4ec4ec00000000000b64
3400000000000077900000000000034000c50450c504000000000019a1
3400000000000077900000000000034000454c54c54c00000000000d99
3400000000000077900000000000034000455c55c55c00000000000900
3400000000000077900000000000034000c57457456c00000000000900
3400000000000077900000000000034000458458458400000000000b64
3400000000000077900000000000034000c5e45ec5e400000000001000
3400000000000077900000000000034000463c63c63c00000000001ef1
3400000000000077900000000000034000c66c67466c000000000024c1
3400000000000077900000000000034000469c69c69c00000000000af9
340000000000007790000000000003400046b46b46b4000000000021c9
340000000000007790000000000003400046c46c46c400000000000e89
340000000000007790000000000003400046d46d46d400000000001299
3400000000000077900000000000034000470470470400000000000d24
3400000000000077900000000000034000c71c71c71400000000001000
3400000000000077900000000000034000477c77c77c00000000000844
3400000000000077900000000000034000c79479c79400000000000c40
340000000000007790000000000003400047ec7ec7ec00000000000a29
340000000000006480000000000002bc01c81482c81400000000002649
340000000000006480000000000002bc00c87487c874000000000009c4
340000000000006480000000000002bc0048a48a48a400000000000844
340000000000006480000000000002bc0048d48d48d400000000000f04
340000000000006480000000000002bc0048e48e48e4000000000009c4
340000000000006480000000000002bc00c8f48fc8f400000000001e40
340000000000006480000000000002bc00c93493492c00000000001299
340000000000006480000000000002bc00497c97c97c00000000001081
340000000000006480000000000002bc00498c98c98c00000000000a29
340000000000006480000000000002bc0049fc9fc9fc00000000001ef1
340000000000006480000000000002bc004a24a24a2400000000001fa4
340000000000006480000000000002bc014a44a44a3400000000000e10
340000000000006480000000000002bc004a54a54a5400000000000a90
340000000000006480000000000002bc004a64a64a6400000000000bd1
340000000000006480000000000002bc004a74a74a7400000000000b64
340000000000006480000000000002bc00ca8ca94a8c00000000000d24
340000000000006480000000000002bc004accaccacc00000000001189
340000000000006480000000000002bc004adcadcadc00000000000e10
340000000000006480000000000002bc014afcafcaec000000000015f9
340000000000006480000000000002bc004b94b94b9400000000000900
340000000000006480000000000002bc004bacbacbac00000000000a90
340000000000006480000000000002bc00cbd4bdcbd400000000000900
34000000000000a2c00000000000046c00cc04c04bfc00000000001324
34000000000000a2c00000000000046c004c24c24c2400000000001ce4
34000000000000a2c00000000000046c004c44c44c4400000000000e89
34000000000000a2c00000000000046c004c74c74c7400000000000e89
34000000000000a2c00000000000046c004c84c84c84000000000015f9
34000000000000a2c00000000000046c004caccaccac00000000002341
34000000000000a2c00000000000046c004cbccbccbc00000000000d24
34000000000000a2c00000000000046c00ccd4cd4ccc000000000013b1
34000000000000a2c00000000000046c004d14d14d1400000000001000
34000000000000a2c00000000000046c004d3cd3cd3c00000000002284
34000000000000a2c00000000000046c004d64d64d64000000000015f9
34000000000000a2c00000000000046c004d74d74d7400000000003490
34000000000000a2c00000000000046c004d84d84d8400000000002400
34000000000000a2c00000000000046c024dc4dccdac000000000014d1
34000000000000a2c00000000000046c004de4de4de400000000001104
34000000000000a2c00000000000046c004e0ce0ce0c00000000001690
34000000000000a2c00000000000046c00ce7ce7ce7400000000001000
34000000000000a2c00000000000046c004e8ce8ce8c00000000001299
34000000000000a2c00000000000046c00cecced4ecc00000000001900
34000000000000a2c00000000000046c004ef4ef4ef400000000001690
34000000000000a2c00000000000046c004f04f04f0400000000000bd1
34000000000000a2c00000000000046c004f3cf3cf3c00000000001081
34000000000000a2c00000000000046c004f4cf4cf4c00000000000d24
34000000000000a2c00000000000046c004f9cf9cf9c00000000000a90
34000000000000a2c00000000000046c004fd4fd4fd4000000000015f9
34000000000000a2c00000000000046c004fe4fe4fe400000000001b90
34000000000000a2c00000000000046c004ff4ff4ff4000000000024c1
340000000000006480000000000002bc00500500500400000000000e10
340000000000006480000000000002bc00504d04d04c000000000009c4
340000000000006480000000000002bc00d06d06d06400000000002059
340000000000006480000000000002bc00d09d0a509c00000000003021
340000000000006480000000000002bc00d0e50e50dc00000000001564
340000000000006480000000000002bc00510d10d10c00000000001440
340000000000006480000000000002bc00511d11d11c000000000006e4
340000000000006480000000000002bc00d14d14d14400000000001ae9
340000000000006480000000000002bc005175175174000000000014d1
340000000000006480000000000002bc005185185184000000000013b1
340000000000006480000000000002bc00d1a51a519c00000000001ae9
340000000000006480000000000002bc00d1c51cd1c400000000001104
340000000000006480000000000002bc0051ed1ed1ec000000000007e9
340000000000006480000000000002bc0051fd1fd1fc00000000000d99
340000000000006480000000000002bc00522522522400000000002584
340000000000006480000000000002bc00d24524523c000000000017c4
340000000000006480000000000002bc00d25525d25400000000001564
340000000000006480000000000002bc00d29d2a529c00000000001861
340000000000006480000000000002bc0052bd2bd2bc00000000001861
340000000000006480000000000002bc0052d52d52d400000000001564
340000000000006480000000000002bc00d3053052fc00000000002e69
340000000000006480000000000002bc00532d32d32c000000000008a1
340000000000006480000000000002bc00536536536400000000000c40
340000000000006480000000000002bc005375375374000000000008a1
340000000000006480000000000002bc0053a53a53a400000000002400
340000000000006480000000000002bc0053b53b53b400000000000a90
340000000000006480000000000002bc0053e53e53e400000000001440
340000000000006480000000000002bc01540140d3fc0000002d442fa4
340000000000006480000000000002bc00542d42d42c00000000001729
340000000000006480000000000002bc00544544544400000000000a90
340000000000006480000000000002bc00549d49d49c00000000001c39
340000000000006480000000000002bc00d4d54d54cc00000000002400
340000000000006480000000000002bc00553553553400000000000b64
340000000000006480000000000002bc00d55555d55400000000000e10
340000000000006480000000000002bc005585585584000000000017c4
340000000000006480000000000002bc00559d59d59c00000000000739
340000000000006480000000000002bc0055ad5ad5ac00000000001900
340000000000006480000000000002bc0055bd5bd5bc00000000000e89
340000000000006480000000000002bc00d5e55e55dc00000000001210
340000000000006480000000000002bc00564d64d64c000000000008a1
340000000000006480000000000002bc01567568567400000000001210
340000000000006480000000000002bc0056ad6ad6ac00000000001299
340000000000006480000000000002bc0056c56c56c400000000000f81
340000000000006480000000000002bc0056ed6ed6ec00000000000f81
340000000000006480000000000002bc00570570570400000000000790
340000000000006480000000000002bc00d72d72d72400000000001324
340000000000006480000000000002bc00573d73d73c00000000000f04
340000000000006480000000000002bc00575575575400000000000e89
340000000000006480000000000002bc0257857a5784000000000013b1
340000000000006480000000000002bc00d7c57c57bc00000000002d90
340000000000006480000000000002bc0057ed7ed7ec000000000008a1
340000000000006480000000000002bc00582d82d82c00000000000b64
340000000000006480000000000002bc00584584584400000000001324
340000000000006480000000000002bc00d85585d85400000000000900
340000000000006480000000000002bc00586d86d86c00000000000739
340000000000006480000000000002bc00587d87d87c00000000000b64
340000000000006480000000000002bc0058b58b58b4000000000015f9
340000000000006480000000000002bc0058c58c58c400000000000790
340000000000006480000000000002bc00d8d58dd8d400000000000844
340000000000006480000000000002bc0058ed8ed8ec00000000000961
340000000000006480000000000002bc00591591591400000000003664
340000000000006480000000000002bc00592d92d92c00000000001ef1
340000000000006480000000000002bc00596596596400000000000739
340000000000006480000000000002bc00598598598400000000000bd1
340000000000006480000000000002bc00599599599400000000000d24
340000000000006480000000000002bc0059e59e59e400000000000961
340000000000006480000000000002bc00d9fd9fd9f4000000000015f9
340000000000006480000000000002bc00da2da35a2c00000000000c40
340000000000006480000000000002bc005a65a65a64000000000014d1
340000000000006480000000000002bc00da8da8da8400000000002a40
340000000000006480000000000002bc005aa5aa5aa400000000001210
340000000000006480000000000002bc005af5af5af4000000000009c4
340000000000006480000000000002bc00db05b0db0400000000000f81
340000000000006480000000000002bc005b35b35b3400000000000cb1
340000000000006480000000000002bc005b45b45b4400000000000f81
340000000000006480000000000002bc00db7db7db7400000000002284
340000000000006480000000000002bc005b9db9db9c00000000001081
340000000000006480000000000002bc00dbb5bbdbb400000000001104
340000000000006480000000000002bc005bfdbfdbfc000000000006e4
340000000000006480000000000002bc005c25c25c2400000000001324
340000000000006480000000000002bc005c3dc3dc3c00000000001d91
340000000000006480000000000002bc00dc4dc55c4c00000000001690
340000000000006480000000000002bc00dc6dc6dc64000000000015f9
340000000000006480000000000002bc005c85c85c8400000000002341
340000000000006480000000000002bc005ca5ca5ca400000000000cb1
340000000000006480000000000002bc005cbdcbdcbc00000000001104
340000000000006480000000000002bc005ccdccdccc00000000000e89
340000000000006480000000000002bc00dd8dd8dd84000000000021c9
340000000000006480000000000002bc005da5da5da4000000000014d1
340000000000006480000000000002bc00ddb5dbddb400000000001324
340000000000006480000000000002bc005dfddfddfc00000000001861
340000000000006480000000000002bc005e25e25e2400000000000900
340000000000006480000000000002bc005e35e35e3400000000002f44
340000000000006480000000000002bc005e45e45e4400000000001900
340000000000006480000000000002bc005e6de6de6c00000000000739
340000000000006480000000000002bc005e85e85e8400000000000961
340000000000006480000000000002bc005e95e95e94000000000008a1
340000000000006480000000000002bc005ea5ea5ea400000000001ce4
340000000000006480000000000002bc005ee5ee5ee4000000000027d9
340000000000006480000000000002bc005efdefdefc00000000000a90
340000000000006480000000000002bc00df45f45f3c00000000001e40
340000000000006480000000000002bc005f5df5df5c00000000000739
340000000000006480000000000002bc005f75f75f7400000000000d99
340000000000006480000000000002bc005f95f95f9400000000000f04
340000000000006480000000000002bc005fa5fa5fa4000000000009c4
340000000000006480000000000002bc005fb5fb5fb400000000000f81
340000000000006480000000000002bc00dfcdfcdfc400000000001900
340000000000006480000000000002bc00602602602400000000000790
340000000000006480000000000002bc00603603603400000000000e89
340000000000006480000000000002bc00e04e04e04400000000001a44
340000000000006480000000000002bc00605e05e05c00000000000d99
340000000000006480000000000002bc0160b60c60b4000000000015f9
340000000000006480000000000002bc0060de0de0dc00000000000e10
340000000000006480000000000002bc00e12e12e12400000000002059
340000000000006480000000000002bc00613e13e13c00000000000d99
340000000000006480000000000002bc00615e15e15c00000000000a90
340000000000006480000000000002bc00617e17e17c00000000000e89
340000000000006480000000000002bc00618e18e18c00000000000d99
340000000000006480000000000002bc0061b61b61b400000000001e40
340000000000006480000000000002bc0061c61c61c4000000000009c4
340000000000006480000000000002bc00623623623400000000000a29
340000000000006480000000000002bc00625e25e25c000000000008a1
340000000000006480000000000002bc00627e27e27c00000000002a40
340000000000006480000000000002bc00628e28e28c00000000000900
340000000000006480000000000002bc00629e29e29c00000000000af9
340000000000006480000000000002bc0062ae2ae2ac00000000001104
340000000000006480000000000002bc0062e62e62e400000000000f04
340000000000006480000000000002bc00634634634400000000001861
340000000000006480000000000002bc006366366364000000000009c4
340000000000006480000000000002bc00637e37e37c000000000009c4
340000000000006480000000000002bc00639e39e39c00000000000cb1
340000000000006480000000000002bc0063ae3ae3ac00000000000f04
340000000000006480000000000002bc0063e63e63e400000000000f04
340000000000006480000000000002bc0164024063f409bd98ab95be64
340000000000006480000000000002bc00e41e42641c00000000000f81
340000000000006480000000000002bc00e45645644c00000000000b64
340000000000006480000000000002bc00646646646400000000000bd1
340000000000006480000000000002bc00648648648400000000000a29
340000000000006480000000000002bc00e4b64be4b400000000001ce4
340000000000006480000000000002bc00e4d64de4d400000000001ce4
340000000000006480000000000002bc01e4fe5064ec00000000001210
340000000000006480000000000002bc00651e51e51c00000000004840
340000000000006480000000000002bc00655655655400000000000a90
340000000000006480000000000002bc00e56656e56400000000001ef1
340000000000006480000000000002bc00657e57e57c00000000000961
340000000000006480000000000002bc01659e5a659400000000001729
340000000000006480000000000002bc00e5c65ce5c4000000000015f9
340000000000006480000000000002bc0065e65e65e400000000000c40
340000000000006480000000000002bc0065f65f65f400000000000900
340000000000006480000000000002bc00663e63e63c00000000000d99
340000000000006480000000000002bc00666e66e66c00000000000d99
340000000000006480000000000002bc00668668668400000000000f04
340000000000006480000000000002bc00669669669400000000000a90
340000000000006480000000000002bc0066ae6ae6ac00000000000739
340000000000006480000000000002bc00e6c66c66bc00000000000a29
340000000000006480000000000002bc00671671671400000000000961
340000000000006480000000000002bc00672672672400000000000900
340000000000006480000000000002bc00674674674400000000000961
340000000000006480000000000002bc00675e75e75c00000000000af9
340000000000006480000000000002bc00678678678400000000000739
340000000000006480000000000002bc00e7a67a679c00000000001ae9
340000000000006480000000000002bc0067be7be7bc00000000001c39
340000000000006480000000000002bc0067de7de7dc00000000000c40
340000000000006480000000000002bc0067fe7fe7fc00000000001299
34000000000000a2c00000000000046c00e81e81e81400000000001c39
34000000000000a2c00000000000046c00e83683682c00000000001861
34000000000000a2c00000000000046c00e85685684c00000000001210
34000000000000a2c00000000000046c00e87687686c00000000000b64
34000000000000a2c00000000000046c006896896894000000000019a1
34000000000000a2c00000000000046c0068a68a68a400000000000b64
34000000000000a2c00000000000046c0068e68e68e400000000000d24
34000000000000a2c00000000000046c0068fe8fe8fc00000000000bd1
34000000000000a2c00000000000046c00e91e91e91400000000001ce4
34000000000000a2c00000000000046c00693e93e93c00000000000cb1
34000000000000a2c00000000000046c00695e95e95c00000000000c40
34000000000000a2c00000000000046c00696e96e96c00000000002341
34000000000000a2c00000000000046c00698e98e98c00000000001081
34000000000000a2c00000000000046c0069ce9ce9cc00000000000e10
34000000000000a2c00000000000046c0069de9de9dc00000000001299
34000000000000a2c00000000000046c0069f69f69f4000000000017c4
34000000000000a2c00000000000046c006a4ea4ea4c00000000001900
34000000000000a2c00000000000046c006a96a96a9400000000000bd1
34000000000000a2c00000000000046c006aa6aa6aa400000000000c40
34000000000000a2c00000000000046c006ab6ab6ab400000000000af9
34000000000000a2c00000000000046c006ac6ac6ac400000000000c40
34000000000000a2c00000000000046c006ad6ad6ad400000000001104
34000000000000a2c00000000000046c006b06b06b0400000000000af9
34000000000000a2c00000000000046c006b5eb5eb5c00000000001440
34000000000000a2c00000000000046c00eb76b7eb7400000000002059
34000000000000a2c00000000000046c00ebd6bdebd400000000002d90
34000000000000531000000000000240006c06c06c04000000000009c4
34000000000000531000000000000240006c26c26c2400000000001564
3400000000000053100000000000024000ec4ec4ec4400000000000b64
34000000000000531000000000000240016c76c76c6400000000003b19
3400000000000053100000000000024000ec8ec96c8c00000000000900
34000000000000531000000000000240006cbecbecbc000000000009c4
3400000000000053100000000000024000ecdecdecd400000000001ce4
3400000000000053100000000000024000ed0ed16d0c00000000001299
34000000000000531000000000000240006d36d36d34000000000024c1
34000000000000531000000000000240006d56d56d5400000000001324
34000000000000531000000000000240006d66d66d6400000000000961
34000000000000531000000000000240016d7ed8ed7c00000000001189
3400000000000053100000000000024000edd6ddedd400000000001440
3400000000000053100000000000024000edeedf6dec00000000000af9
34000000000000531000000000000240006e0ee0ee0c00000000000e10
34000000000000531000000000000240006e1ee1ee1c000000000013b1
34000000000000531000000000000240006e2ee2ee2c00000000000559
34000000000000531000000000000240006e3ee3ee3c00000000000d99
3400000000000053100000000000024000ee7ee86e7c00000000000900
34000000000000531000000000000240006eb6eb6eb400000000000a29
34000000000000531000000000000240006eceeceecc00000000000790
34000000000000531000000000000240006edeedeedc000000000006e4
34000000000000531000000000000240006f0ef0ef0c000000000009c4
34000000000000531000000000000240006f4ef4ef4c000000000006e4
34000000000000531000000000000240006f5ef5ef5c000000000015f9
34000000000000531000000000000240016f86f86f7400000000001b90
34000000000000531000000000000240006f96f96f9400000000000f04
34000000000000531000000000000240026fc6fe6fc400000000001d91
34000000000000531000000000000240006ffeffeffc00000000000900
3400000000000082000000000000038800701701701400000000000d99
3400000000000082000000000000038800f02702f02400000000000c40
3400000000000082000000000000038800705f05f05c00000000000d99
3400000000000082000000000000038800708708708400000000000900
340000000000008200000000000003880070af0af0ac000000000017c4
340000000000008200000000000003880070d70d70d400000000000d24
3400000000000082000000000000038800f0ef0ef0e400000000000d99
340000000000008200000000000003880070ff0ff0fc00000000001189
3400000000000082000000000000038800712f12f12c00000000001861
3400000000000082000000000000038800713f13f13c00000000000961
3400000000000082000000000000038800714f14f14c00000000001c39
3400000000000082000000000000038800f17717f17400000000000d99
340000000000008200000000000003880171af1bf1ac00000000001ae9
3400000000000082000000000000038801f1df1ef1d4000000000021c9
3400000000000082000000000000038800721f21f21c00000000002059
3400000000000082000000000000038800724f24f24c00000000000a90
3400000000000082000000000000038800726726726400000000001ae9
3400000000000082000000000000038800727f27f27c00000000001104
3400000000000082000000000000038800729f29f29c000000000008a1
340000000000008200000000000003880072af2af2ac00000000002584
340000000000008200000000000003880072f72f72f400000000001000
3400000000000082000000000000038800732f32f32c00000000002341
3400000000000082000000000000038800735735735400000000001861
3400000000000082000000000000038800737f37f37c00000000000f04
3400000000000082000000000000038800738f38f38c00000000000c40
340000000000008200000000000003880073af3af3ac00000000001210
340000000000008200000000000003880073bf3bf3bc00000000000bd1
3400000000000082000000000000038800f3cf3d73cc00000000001000
340000000000008c60000000000003d002f40340f3e40000017a7b2724
340000000000008c60000000000003d000741f41f41c00000000002649
340000000000008c60000000000003d000743743743400000000004410
340000000000008c60000000000003d000f45f45f45400000000001564
340000000000008c60000000000003d000748748748400000000001d91
340000000000008c60000000000003d00074af4af4ac00000000000b64
340000000000008c60000000000003d00074ff4ff4fc00000000001324
340000000000008c60000000000003d000f52752751c00000000001ef1
340000000000008c60000000000003d000754754754400000000001564
340000000000008c60000000000003d000756f56f56c00000000000d24
340000000000008c60000000000003d000757f57f57c00000000001081
340000000000008c60000000000003d000f5cf5d75cc00000000000a29
340000000000008c60000000000003d00075e75e75e400000000000900
340000000000008c60000000000003d000761761761400000000000b64
340000000000008c60000000000003d000762f62f62c00000000001fa4
340000000000008c60000000000003d000f64764763c00000000000f81
340000000000008c60000000000003d000765f65f65c00000000001729
340000000000008c60000000000003d00076a76a76a400000000000e89
340000000000008c60000000000003d00076c76c76c400000000001c39
340000000000008c60000000000003d000772772772400000000002110
340000000000008c60000000000003d000773f73f73c00000000000b64
340000000000008c60000000000003d000777f77f77c000000000009c4
340000000000008c60000000000003d000f7b77b77ac00000000002710
340000000000008c60000000000003d00077c77c77c400000000001900
340000000000008c60000000000003d000f80780f80400000000002284
340000000000008c60000000000003d000782f82f82c000000000009c4
340000000000008c60000000000003d000785785785400000000001000
340000000000008c60000000000003d001788789788400000000000c40
340000000000008c60000000000003d00078b78b78b4000000000024c1
340000000000008c60000000000003d00078c78c78c400000000001b90
340000000000008c60000000000003d00078d78d78d400000000001ce4
340000000000008c60000000000003d000f91791f91400000000001564
340000000000008c60000000000003d000796796796400000000000d99
340000000000008c60000000000003d000797797797400000000000961
340000000000008c60000000000003d000798f98f98c00000000000961
340000000000008c60000000000003d00079bf9bf9bc00000000000c40
340000000000008c60000000000003d000f9d79df9d400000000000f04
340000000000008c60000000000003d0007a07a07a0400000000001324
340000000000008c60000000000003d0007a37a37a3400000000000af9
340000000000008c60000000000003d000fa4fa4fa4400000000001324
340000000000008c60000000000003d000fa6fa6fa64000000000013b1
340000000000008c60000000000003d0007aa7aa7aa400000000000e10
340000000000008c60000000000003d000fac7acfac400000000002be4
340000000000008c60000000000003d000faefaf7aec00000000000af9
340000000000008c60000000000003d000fb2fb2fb24000000000015f9
340000000000008c60000000000003d0007b47b47b4400000000000a29
340000000000008c60000000000003d0007b97b97b9400000000001440
340000000000008c60000000000003d0007bafbafbac00000000001210
340000000000008c60000000000003d0007bd7bd7bd400000000002584
340000000000008c60000000000003d0007c0fc0fc0c000000000014d1
340000000000008c60000000000003d0007c2fc2fc2c00000000001ef1
340000000000008c60000000000003d000fc57c57c4c00000000002be4
340000000000008c60000000000003d0007c8fc8fc8c00000000000a90
340000000000008c60000000000003d000fd0fd17d0c00000000001081
340000000000008c60000000000003d000fd2fd2fd24000000000017c4
340000000000008c60000000000003d0007d3fd3fd3c00000000000d24
340000000000008c60000000000003d0007d77d77d7400000000000b64
340000000000008c60000000000003d0007dc7dc7dc400000000000af9
340000000000008c60000000000003d0007e17e17e1400000000000f04
340000000000008c60000000000003d0007e47e47e4400000000000a90
340000000000008c60000000000003d0007e7fe7fe7c00000000000f04
340000000000008c60000000000003d0007ebfebfebc00000000000e89
340000000000008c60000000000003d0007ecfecfecc00000000000900
340000000000008c60000000000003d001ff07f17efc00000000001d91
340000000000008c60000000000003d0007f2ff2ff2c00000000005100
340000000000008c60000000000003d0007f3ff3ff3c00000000000a29
740000000000008c60000000000003d0017f6ff7ff6c00000000001299
