000000000000000000
000400000000000000
000800000000000000
000c00000000000000
001000000000000000
001400000000000000
001800000000000000
001c00000000000000
002000000000000000
002400000000000000
002800000000000000
002c00000000000000
003000000000000000
003400000000000000
003800000000000000
003c00000000000000
004000000000000000
004400000000000000
004800000000000000
004c00000000000000
005000000000000000
005400000000000000
005800000000000000
005c00000000000000
006000000000000000
006400000000000000
006800000000000000
006c00000000000000
007000000000000000
007400000000000000
007800000000000000
007c00000000000000
008000000000000000
008400000000000000
008800000000000000
008c00000000000000
009000000000000000
009400000000000000
009800000000000000
009c00000000000000
00a000000000000000
00a400000000000000
00a800000000000000
00ac00000000000000
00b000000000000000
00b400000000000000
00b800000000000000
00bc00000000000000
00c000000000000000
00c400000000000000
00c800000000000000
00cc00000000000000
00d000000000000000
00d400000000000000
00d800000000000000
00dc00000000000000
00e000000000000000
00e400000000000000
00e800000000000000
00ec00000000000000
00f000000000000000
00f400000000000000
00f800000000000000
00fc00000000000000
010000000000000000
010400000000000000
010800000000000000
010c00000000000000
011000000000000000
011400000000000000
011800000000000000
011c00000000000000
012000000000000000
012400000000000000
012800000000000000
012c00000000000000
013000000000000000
013400000000000000
013800000000000000
013c00000000000000
014000000000000000
014400000000000000
014800000000000000
014c00000000000000
015000000000000000
015400000000000000
015800000000000000
015c00000000000000
016000000000000000
016400000000000000
016800000000000000
016c00000000000000
017000000000000000
017400000000000000
017800000000000000
017c00000000000000
018000000000000000
018400000000000000
018800000000000000
018c00000000000000
019000000000000000
019400000000000000
019800000000000000
019c00000000000000
01a000000000000000
01a400000000000000
01a800000000000000
01ac00000000000000
01b000000000000000
01b400000000000000
01b800000000000000
01bc00000000000000
01c000000000000000
01c400000000000000
01c800000000000000
01cc00000000000000
01d000000000000000
01d400000000000000
01d800000000000000
01dc00000000000000
01e000000000000000
01e400000000000000
01e800000000000000
01ec00000000000000
01f000000000000000
01f400000000000000
01f800000000000000
01fc00000000000000
020000000000000000
020400000000000000
020800000000000000
020c00000000000000
021000000000000000
021400000000000000
021800000000000000
021c00000000000000
022000000000000000
022400000000000000
022800000000000000
022c00000000000000
023000000000000000
023400000000000000
023800000000000000
023c00000000000000
024000000000000000
024400000000000000
024800000000000000
024c00000000000000
025000000000000000
025400000000000000
025800000000000000
025c00000000000000
026000000000000000
026400000000000000
026800000000000000
026c00000000000000
027000000000000000
027400000000000000
027800000000000000
027c00000000000000
028000000000000000
028400000000000000
028800000000000000
028c00000000000000
029000000000000000
029400000000000000
029800000000000000
029c00000000000000
02a000000000000000
02a400000000000000
02a800000000000000
02ac00000000000000
02b000000000000000
02b400000000000000
02b800000000000000
02bc00000000000000
02c000000000000000
02c400000000000000
02c800000000000000
02cc00000000000000
02d000000000000000
02d400000000000000
02d800000000000000
02dc00000000000000
02e000000000000000
02e400000000000000
02e800000000000000
02ec00000000000000
02f000000000000000
02f400000000000000
02f800000000000000
02fc00000000000000
030000000000000000
030400000000000000
030800000000000000
030c00000000000000
031000000000000000
031400000000000000
031800000000000000
031c00000000000000
032000000000000000
032400000000000000
032800000000000000
032c00000000000000
033000000000000000
033400000000000000
033800000000000000
033c00000000000000
034000000000000000
034400000000000000
034800000000000000
034c00000000000000
035000000000000000
035400000000000000
035800000000000000
035c00000000000000
036000000000000000
036400000000000000
036800000000000000
036c00000000000000
037000000000000000
037400000000000000
037800000000000000
037c00000000000000
038000000000000000
038400000000000000
038800000000000000
038c00000000000000
039000000000000000
039400000000000000
039800000000000000
039c00000000000000
03a000000000000000
03a400000000000000
03a800000000000000
03ac00000000000000
03b000000000000000
03b400000000000000
03b800000000000000
03bc00000000000000
03c000000000000000
03c400000000000000
03c800000000000000
03cc00000000000000
03d000000000000000
03d400000000000000
03d800000000000000
03dc00000000000000
03e000000000000000
03e400000000000000
03e800000000000000
03ec00000000000000
03f000000000000000
03f400000000000000
03f800000000000000
03fc00000000000000
040000000000000000
040400000000000000
040800000000000000
040c00000000000000
041000000000000000
041400000000000000
041800000000000000
041c00000000000000
042000000000000000
042400000000000000
042800000000000000
042c00000000000000
043000000000000000
043400000000000000
043800000000000000
043c00000000000000
044000000000000000
044400000000000000
044800000000000000
044c00000000000000
045000000000000000
045400000000000000
045800000000000000
045c00000000000000
046000000000000000
046400000000000000
046800000000000000
046c00000000000000
047000000000000000
047400000000000000
047800000000000000
047c00000000000000
048000000000000000
048400000000000000
048800000000000000
048c00000000000000
049000000000000000
049400000000000000
049800000000000000
049c00000000000000
04a000000000000000
04a400000000000000
04a800000000000000
04ac00000000000000
04b000000000000000
04b400000000000000
04b800000000000000
04bc00000000000000
04c000000000000000
04c400000000000000
04c800000000000000
04cc00000000000000
04d000000000000000
04d400000000000000
04d800000000000000
04dc00000000000000
04e000000000000000
04e400000000000000
04e800000000000000
04ec00000000000000
04f000000000000000
04f400000000000000
04f800000000000000
04fc00000000000000
050000000000000000
050400000000000000
050800000000000000
050c00000000000000
051000000000000000
051400000000000000
051800000000000000
051c00000000000000
052000000000000000
052400000000000000
052800000000000000
052c00000000000000
053000000000000000
053400000000000000
053800000000000000
053c00000000000000
054000000000000000
054400000000000000
054800000000000000
054c00000000000000
055000000000000000
055400000000000000
055800000000000000
055c00000000000000
056000000000000000
056400000000000000
056800000000000000
056c00000000000000
057000000000000000
057400000000000000
057800000000000000
057c00000000000000
058000000000000000
058400000000000000
058800000000000000
058c00000000000000
059000000000000000
059400000000000000
059800000000000000
059c00000000000000
05a000000000000000
05a400000000000000
05a800000000000000
05ac00000000000000
05b000000000000000
05b400000000000000
05b800000000000000
05bc00000000000000
05c000000000000000
05c400000000000000
05c800000000000000
05cc00000000000000
05d000000000000000
05d400000000000000
05d800000000000000
05dc00000000000000
05e000000000000000
05e400000000000000
05e800000000000000
05ec00000000000000
05f000000000000000
05f400000000000000
05f800000000000000
05fc00000000000000
060000000000000000
060400000000000000
060800000000000000
060c00000000000000
061000000000000000
061400000000000000
061800000000000000
061c00000000000000
062000000000000000
062400000000000000
062800000000000000
062c00000000000000
063000000000000000
063400000000000000
063800000000000000
063c00000000000000
064000000000000000
064400000000000000
064800000000000000
064c00000000000000
065000000000000000
065400000000000000
065800000000000000
065c00000000000000
066000000000000000
066400000000000000
066800000000000000
066c00000000000000
067000000000000000
067400000000000000
067800000000000000
067c00000000000000
068000000000000000
068400000000000000
068800000000000000
068c00000000000000
069000000000000000
069400000000000000
069800000000000000
069c00000000000000
06a000000000000000
06a400000000000000
06a800000000000000
06ac00000000000000
06b000000000000000
06b400000000000000
06b800000000000000
06bc00000000000000
06c000000000000000
06c400000000000000
06c800000000000000
06cc00000000000000
06d000000000000000
06d400000000000000
06d800000000000000
06dc00000000000000
06e000000000000000
06e400000000000000
06e800000000000000
06ec00000000000000
06f000000000000000
06f400000000000000
06f800000000000000
06fc00000000000000
070000000000000000
070400000000000000
070800000000000000
070c00000000000000
071000000000000000
071400000000000000
071800000000000000
071c00000000000000
072000000000000000
072400000000000000
072800000000000000
072c00000000000000
073000000000000000
073400000000000000
073800000000000000
073c00000000000000
074000000000000000
074400000000000000
074800000000000000
074c00000000000000
075000000000000000
075400000000000000
075800000000000000
075c00000000000000
076000000000000000
076400000000000000
076800000000000000
076c00000000000000
077000000000000000
077400000000000000
077800000000000000
077c00000000000000
078000000000000000
078400000000000000
078800000000000000
078c00000000000000
079000000000000000
079400000000000000
079800000000000000
079c00000000000000
07a000000000000000
07a400000000000000
07a800000000000000
07ac00000000000000
07b000000000000000
07b400000000000000
07b800000000000000
07bc00000000000000
07c000000000000000
07c400000000000000
07c800000000000000
07cc00000000000000
07d000000000000000
07d400000000000000
07d800000000000000
07dc00000000000000
07e000000000000000
07e400000000000000
07e800000000000000
07ec00000000000000
07f000000000000000
07f400000000000000
07f800000000000000
07fc00000000000000
080000000000000000
080400000000000000
080800000000000000
080c00000000000000
081000000000000000
081400000000000000
081800000000000000
081c00000000000000
082000000000000000
082400000000000000
082800000000000000
082c00000000000000
083000000000000000
083400000000000000
083800000000000000
083c00000000000000
084000000000000000
084400000000000000
084800000000000000
084c00000000000000
085000000000000000
085400000000000000
085800000000000000
085c00000000000000
086000000000000000
086400000000000000
086800000000000000
086c00000000000000
087000000000000000
087400000000000000
087800000000000000
087c00000000000000
088000000000000000
088400000000000000
088800000000000000
088c00000000000000
089000000000000000
089400000000000000
089800000000000000
089c00000000000000
08a000000000000000
08a400000000000000
08a800000000000000
08ac00000000000000
08b000000000000000
08b400000000000000
08b800000000000000
08bc00000000000000
08c000000000000000
08c400000000000000
08c800000000000000
08cc00000000000000
08d000000000000000
08d400000000000000
08d800000000000000
08dc00000000000000
08e000000000000000
08e400000000000000
08e800000000000000
08ec00000000000000
08f000000000000000
08f400000000000000
08f800000000000000
08fc00000000000000
090000000000000000
090400000000000000
090800000000000000
090c00000000000000
091000000000000000
091400000000000000
091800000000000000
091c00000000000000
092000000000000000
092400000000000000
092800000000000000
092c00000000000000
093000000000000000
093400000000000000
093800000000000000
093c00000000000000
094000000000000000
094400000000000000
094800000000000000
094c00000000000000
095000000000000000
095400000000000000
095800000000000000
095c00000000000000
096000000000000000
096400000000000000
096800000000000000
096c00000000000000
097000000000000000
097400000000000000
097800000000000000
097c00000000000000
098000000000000000
098400000000000000
098800000000000000
098c00000000000000
099000000000000000
099400000000000000
099800000000000000
099c00000000000000
09a000000000000000
09a400000000000000
09a800000000000000
09ac00000000000000
09b000000000000000
09b400000000000000
09b800000000000000
09bc00000000000000
09c000000000000000
09c400000000000000
09c800000000000000
09cc00000000000000
09d000000000000000
09d400000000000000
09d800000000000000
09dc00000000000000
09e000000000000000
09e400000000000000
09e800000000000000
09ec00000000000000
09f000000000000000
09f400000000000000
09f800000000000000
09fc00000000000000
0a0000000000000000
0a0400000000000000
0a0800000000000000
0a0c00000000000000
0a1000000000000000
0a1400000000000000
0a1800000000000000
0a1c00000000000000
0a2000000000000000
0a2400000000000000
0a2800000000000000
0a2c00000000000000
0a3000000000000000
0a3400000000000000
0a3800000000000000
0a3c00000000000000
0a4000000000000000
0a4400000000000000
0a4800000000000000
0a4c00000000000000
0a5000000000000000
0a5400000000000000
0a5800000000000000
0a5c00000000000000
0a6000000000000000
0a6400000000000000
0a6800000000000000
0a6c00000000000000
0a7000000000000000
0a7400000000000000
0a7800000000000000
0a7c00000000000000
0a8000000000000000
0a8400000000000000
0a8800000000000000
0a8c00000000000000
0a9000000000000000
0a9400000000000000
0a9800000000000000
0a9c00000000000000
0aa000000000000000
0aa400000000000000
0aa800000000000000
0aac00000000000000
0ab000000000000000
0ab400000000000000
0ab800000000000000
0abc00000000000000
0ac000000000000000
0ac400000000000000
0ac800000000000000
0acc00000000000000
0ad000000000000000
0ad400000000000000
0ad800000000000000
0adc00000000000000
0ae000000000000000
0ae400000000000000
0ae800000000000000
0aec00000000000000
0af000000000000000
0af400000000000000
0af800000000000000
0afc00000000000000
0b0000000000000000
0b0400000000000000
0b0800000000000000
0b0c00000000000000
0b1000000000000000
0b1400000000000000
0b1800000000000000
0b1c00000000000000
0b2000000000000000
0b2400000000000000
0b2800000000000000
0b2c00000000000000
0b3000000000000000
0b3400000000000000
0b3800000000000000
0b3c00000000000000
0b4000000000000000
0b4400000000000000
0b4800000000000000
0b4c00000000000000
0b5000000000000000
0b5400000000000000
0b5800000000000000
0b5c00000000000000
0b6000000000000000
0b6400000000000000
0b6800000000000000
0b6c00000000000000
0b7000000000000000
0b7400000000000000
0b7800000000000000
0b7c00000000000000
0b8000000000000000
0b8400000000000000
0b8800000000000000
0b8c00000000000000
0b9000000000000000
0b9400000000000000
0b9800000000000000
0b9c00000000000000
0ba000000000000000
0ba400000000000000
0ba800000000000000
0bac00000000000000
0bb000000000000000
0bb400000000000000
0bb800000000000000
0bbc00000000000000
0bc000000000000000
0bc400000000000000
0bc800000000000000
0bcc00000000000000
0bd000000000000000
0bd400000000000000
0bd800000000000000
0bdc00000000000000
0be000000000000000
0be400000000000000
0be800000000000000
0bec00000000000000
0bf000000000000000
0bf400000000000000
0bf800000000000000
0bfc00000000000000
0c0000000000000000
0c0400000000000000
0c0800000000000000
0c0c00000000000000
0c1000000000000000
0c1400000000000000
0c1800000000000000
0c1c00000000000000
0c2000000000000000
0c2400000000000000
0c2800000000000000
0c2c00000000000000
0c3000000000000000
0c3400000000000000
0c3800000000000000
0c3c00000000000000
0c4000000000000000
0c4400000000000000
0c4800000000000000
0c4c00000000000000
0c5000000000000000
0c5400000000000000
0c5800000000000000
0c5c00000000000000
0c6000000000000000
0c6400000000000000
0c6800000000000000
0c6c00000000000000
0c7000000000000000
0c7400000000000000
0c7800000000000000
0c7c00000000000000
0c8000000000000000
0c8400000000000000
0c8800000000000000
0c8c00000000000000
0c9000000000000000
0c9400000000000000
0c9800000000000000
0c9c00000000000000
0ca000000000000000
0ca400000000000000
0ca800000000000000
0cac00000000000000
0cb000000000000000
0cb400000000000000
0cb800000000000000
0cbc00000000000000
0cc000000000000000
0cc400000000000000
0cc800000000000000
0ccc00000000000000
0cd000000000000000
0cd400000000000000
0cd800000000000000
0cdc00000000000000
0ce000000000000000
0ce400000000000000
0ce800000000000000
0cec00000000000000
0cf000000000000000
0cf400000000000000
0cf800000000000000
0cfc00000000000000
0d0000000000000000
0d0400000000000000
0d0800000000000000
0d0c00000000000000
0d1000000000000000
0d1400000000000000
0d1800000000000000
0d1c00000000000000
0d2000000000000000
0d2400000000000000
0d2800000000000000
0d2c00000000000000
0d3000000000000000
0d3400000000000000
0d3800000000000000
0d3c00000000000000
0d4000000000000000
0d4400000000000000
0d4800000000000000
0d4c00000000000000
0d5000000000000000
0d5400000000000000
0d5800000000000000
0d5c00000000000000
0d6000000000000000
0d6400000000000000
0d6800000000000000
0d6c00000000000000
0d7000000000000000
0d7400000000000000
0d7800000000000000
0d7c00000000000000
0d8000000000000000
0d8400000000000000
0d8800000000000000
0d8c00000000000000
0d9000000000000000
0d9400000000000000
0d9800000000000000
0d9c00000000000000
0da000000000000000
0da400000000000000
0da800000000000000
0dac00000000000000
0db000000000000000
0db400000000000000
0db800000000000000
0dbc00000000000000
0dc000000000000000
0dc400000000000000
0dc800000000000000
0dcc00000000000000
0dd000000000000000
0dd400000000000000
0dd800000000000000
0ddc00000000000000
0de000000000000000
0de400000000000000
0de800000000000000
0dec00000000000000
0df000000000000000
0df400000000000000
0df800000000000000
0dfc00000000000000
0e0000000000000000
0e0400000000000000
0e0800000000000000
0e0c00000000000000
0e1000000000000000
0e1400000000000000
0e1800000000000000
0e1c00000000000000
0e2000000000000000
0e2400000000000000
0e2800000000000000
0e2c00000000000000
0e3000000000000000
0e3400000000000000
0e3800000000000000
0e3c00000000000000
0e4000000000000000
0e4400000000000000
0e4800000000000000
0e4c00000000000000
0e5000000000000000
0e5400000000000000
0e5800000000000000
0e5c00000000000000
0e6000000000000000
0e6400000000000000
0e6800000000000000
0e6c00000000000000
0e7000000000000000
0e7400000000000000
0e7800000000000000
0e7c00000000000000
0e8000000000000000
0e8400000000000000
0e8800000000000000
0e8c00000000000000
0e9000000000000000
0e9400000000000000
0e9800000000000000
0e9c00000000000000
0ea000000000000000
0ea400000000000000
0ea800000000000000
0eac00000000000000
0eb000000000000000
0eb400000000000000
0eb800000000000000
0ebc00000000000000
0ec000000000000000
0ec400000000000000
0ec800000000000000
0ecc00000000000000
0ed000000000000000
0ed400000000000000
0ed800000000000000
0edc00000000000000
0ee000000000000000
0ee400000000000000
0ee800000000000000
0eec00000000000000
0ef000000000000000
0ef400000000000000
0ef800000000000000
0efc00000000000000
0f0000000000000000
0f0400000000000000
0f0800000000000000
0f0c00000000000000
0f1000000000000000
0f1400000000000000
0f1800000000000000
0f1c00000000000000
0f2000000000000000
0f2400000000000000
0f2800000000000000
0f2c00000000000000
0f3000000000000000
0f3400000000000000
0f3800000000000000
0f3c00000000000000
0f4000000000000000
0f4400000000000000
0f4800000000000000
0f4c00000000000000
0f5000000000000000
0f5400000000000000
0f5800000000000000
0f5c00000000000000
0f6000000000000000
0f6400000000000000
0f6800000000000000
0f6c00000000000000
0f7000000000000000
0f7400000000000000
0f7800000000000000
0f7c00000000000000
0f8000000000000000
0f8400000000000000
0f8800000000000000
0f8c00000000000000
0f9000000000000000
0f9400000000000000
0f9800000000000000
0f9c00000000000000
0fa000000000000000
0fa400000000000000
0fa800000000000000
0fac00000000000000
0fb000000000000000
0fb400000000000000
0fb800000000000000
0fbc00000000000000
0fc000000000000000
0fc400000000000000
0fc800000000000000
0fcc00000000000000
0fd000000000000000
0fd400000000000000
0fd800000000000000
0fdc00000000000000
0fe000000000000000
0fe400000000000000
0fe800000000000000
0fec00000000000000
0ff000000000000000
0ff400000000000000
0ff800000000000000
0ffc00000000000000
100000000000000000
100400000000000000
100800000000000000
100c00000000000000
101000000000000000
101400000000000000
101800000000000000
101c00000000000000
102000000000000000
102400000000000000
102800000000000000
102c00000000000000
103000000000000000
103400000000000000
103800000000000000
103c00000000000000
104000000000000000
104400000000000000
104800000000000000
104c00000000000000
105000000000000000
105400000000000000
105800000000000000
105c00000000000000
106000000000000000
106400000000000000
106800000000000000
106c00000000000000
107000000000000000
107400000000000000
107800000000000000
107c00000000000000
108000000000000000
108400000000000000
108800000000000000
108c00000000000000
109000000000000000
109400000000000000
109800000000000000
109c00000000000000
10a000000000000000
10a400000000000000
10a800000000000000
10ac00000000000000
10b000000000000000
10b400000000000000
10b800000000000000
10bc00000000000000
10c000000000000000
10c400000000000000
10c800000000000000
10cc00000000000000
10d000000000000000
10d400000000000000
10d800000000000000
10dc00000000000000
10e000000000000000
10e400000000000000
10e800000000000000
10ec00000000000000
10f000000000000000
10f400000000000000
10f800000000000000
10fc00000000000000
110000000000000000
110400000000000000
110800000000000000
110c00000000000000
111000000000000000
111400000000000000
111800000000000000
111c00000000000000
112000000000000000
112400000000000000
112800000000000000
112c00000000000000
113000000000000000
113400000000000000
113800000000000000
113c00000000000000
114000000000000000
114400000000000000
114800000000000000
114c00000000000000
115000000000000000
115400000000000000
115800000000000000
115c00000000000000
116000000000000000
116400000000000000
116800000000000000
116c00000000000000
117000000000000000
117400000000000000
117800000000000000
117c00000000000000
118000000000000000
118400000000000000
118800000000000000
118c00000000000000
119000000000000000
119400000000000000
119800000000000000
119c00000000000000
11a000000000000000
11a400000000000000
11a800000000000000
11ac00000000000000
11b000000000000000
11b400000000000000
11b800000000000000
11bc00000000000000
11c000000000000000
11c400000000000000
11c800000000000000
11cc00000000000000
11d000000000000000
11d400000000000000
11d800000000000000
11dc00000000000000
11e000000000000000
11e400000000000000
11e800000000000000
11ec00000000000000
11f000000000000000
11f400000000000000
11f800000000000000
11fc00000000000000
120000000000000000
120400000000000000
120800000000000000
120c00000000000000
121000000000000000
121400000000000000
121800000000000000
121c00000000000000
122000000000000000
122400000000000000
122800000000000000
122c00000000000000
123000000000000000
123400000000000000
123800000000000000
123c00000000000000
124000000000000000
124400000000000000
124800000000000000
124c00000000000000
125000000000000000
125400000000000000
125800000000000000
125c00000000000000
126000000000000000
126400000000000000
126800000000000000
126c00000000000000
127000000000000000
127400000000000000
127800000000000000
127c00000000000000
128000000000000000
128400000000000000
128800000000000000
128c00000000000000
129000000000000000
129400000000000000
129800000000000000
129c00000000000000
12a000000000000000
12a400000000000000
12a800000000000000
12ac00000000000000
12b000000000000000
12b400000000000000
12b800000000000000
12bc00000000000000
12c000000000000000
12c400000000000000
12c800000000000000
12cc00000000000000
12d000000000000000
12d400000000000000
12d800000000000000
12dc00000000000000
12e000000000000000
12e400000000000000
12e800000000000000
12ec00000000000000
12f000000000000000
12f400000000000000
12f800000000000000
12fc00000000000000
130000000000000000
130400000000000000
130800000000000000
130c00000000000000
131000000000000000
131400000000000000
131800000000000000
131c00000000000000
132000000000000000
132400000000000000
132800000000000000
132c00000000000000
133000000000000000
133400000000000000
133800000000000000
133c00000000000000
134000000000000000
134400000000000000
134800000000000000
134c00000000000000
135000000000000000
135400000000000000
135800000000000000
135c00000000000000
136000000000000000
136400000000000000
136800000000000000
136c00000000000000
137000000000000000
137400000000000000
137800000000000000
137c00000000000000
138000000000000000
138400000000000000
138800000000000000
138c00000000000000
139000000000000000
139400000000000000
139800000000000000
139c00000000000000
13a000000000000000
13a400000000000000
13a800000000000000
13ac00000000000000
13b000000000000000
13b400000000000000
13b800000000000000
13bc00000000000000
13c000000000000000
13c400000000000000
13c800000000000000
13cc00000000000000
13d000000000000000
13d400000000000000
13d800000000000000
13dc00000000000000
13e000000000000000
13e400000000000000
13e800000000000000
13ec00000000000000
13f000000000000000
13f400000000000000
13f800000000000000
13fc00000000000000
140000000000000000
140400000000000000
140800000000000000
140c00000000000000
141000000000000000
141400000000000000
141800000000000000
141c00000000000000
142000000000000000
142400000000000000
142800000000000000
142c00000000000000
143000000000000000
143400000000000000
143800000000000000
143c00000000000000
144000000000000000
144400000000000000
144800000000000000
144c00000000000000
145000000000000000
145400000000000000
145800000000000000
145c00000000000000
146000000000000000
146400000000000000
146800000000000000
146c00000000000000
147000000000000000
147400000000000000
147800000000000000
147c00000000000000
148000000000000000
148400000000000000
148800000000000000
148c00000000000000
149000000000000000
149400000000000000
149800000000000000
149c00000000000000
14a000000000000000
14a400000000000000
14a800000000000000
14ac00000000000000
14b000000000000000
14b400000000000000
14b800000000000000
14bc00000000000000
14c000000000000000
14c400000000000000
14c800000000000000
14cc00000000000000
14d000000000000000
14d400000000000000
14d800000000000000
14dc00000000000000
14e000000000000000
14e400000000000000
14e800000000000000
14ec00000000000000
14f000000000000000
14f400000000000000
14f800000000000000
14fc00000000000000
150000000000000000
150400000000000000
150800000000000000
150c00000000000000
151000000000000000
151400000000000000
151800000000000000
151c00000000000000
152000000000000000
152400000000000000
152800000000000000
152c00000000000000
153000000000000000
153400000000000000
153800000000000000
153c00000000000000
154000000000000000
154400000000000000
154800000000000000
154c00000000000000
155000000000000000
155400000000000000
155800000000000000
155c00000000000000
156000000000000000
156400000000000000
156800000000000000
156c00000000000000
157000000000000000
157400000000000000
157800000000000000
157c00000000000000
158000000000000000
158400000000000000
158800000000000000
158c00000000000000
159000000000000000
159400000000000000
159800000000000000
159c00000000000000
15a000000000000000
15a400000000000000
15a800000000000000
15ac00000000000000
15b000000000000000
15b400000000000000
15b800000000000000
15bc00000000000000
15c000000000000000
15c400000000000000
15c800000000000000
15cc00000000000000
15d000000000000000
15d400000000000000
15d800000000000000
15dc00000000000000
15e000000000000000
15e400000000000000
15e800000000000000
15ec00000000000000
15f000000000000000
15f400000000000000
15f800000000000000
15fc00000000000000
160000000000000000
160400000000000000
160800000000000000
160c00000000000000
161000000000000000
161400000000000000
161800000000000000
161c00000000000000
162000000000000000
162400000000000000
162800000000000000
162c00000000000000
163000000000000000
163400000000000000
163800000000000000
163c00000000000000
164000000000000000
164400000000000000
164800000000000000
164c00000000000000
165000000000000000
165400000000000000
165800000000000000
165c00000000000000
166000000000000000
166400000000000000
166800000000000000
166c00000000000000
167000000000000000
167400000000000000
167800000000000000
167c00000000000000
168000000000000000
168400000000000000
168800000000000000
168c00000000000000
169000000000000000
169400000000000000
169800000000000000
169c00000000000000
16a000000000000000
16a400000000000000
16a800000000000000
16ac00000000000000
16b000000000000000
16b400000000000000
16b800000000000000
16bc00000000000000
16c000000000000000
16c400000000000000
16c800000000000000
16cc00000000000000
16d000000000000000
16d400000000000000
16d800000000000000
16dc00000000000000
16e000000000000000
16e400000000000000
16e800000000000000
16ec00000000000000
16f000000000000000
16f400000000000000
16f800000000000000
16fc00000000000000
170000000000000000
170400000000000000
170800000000000000
170c00000000000000
171000000000000000
171400000000000000
171800000000000000
171c00000000000000
172000000000000000
172400000000000000
172800000000000000
172c00000000000000
173000000000000000
173400000000000000
173800000000000000
173c00000000000000
174000000000000000
174400000000000000
174800000000000000
174c00000000000000
175000000000000000
175400000000000000
175800000000000000
175c00000000000000
176000000000000000
176400000000000000
176800000000000000
176c00000000000000
177000000000000000
177400000000000000
177800000000000000
177c00000000000000
178000000000000000
178400000000000000
178800000000000000
178c00000000000000
179000000000000000
179400000000000000
179800000000000000
179c00000000000000
17a000000000000000
17a400000000000000
17a800000000000000
17ac00000000000000
17b000000000000000
17b400000000000000
17b800000000000000
17bc00000000000000
17c000000000000000
17c400000000000000
17c800000000000000
17cc00000000000000
17d000000000000000
17d400000000000000
17d800000000000000
17dc00000000000000
17e000000000000000
17e400000000000000
17e800000000000000
17ec00000000000000
17f000000000000000
17f400000000000000
17f800000000000000
17fc00000000000000
180000000000000000
180400000000000000
180800000000000000
180c00000000000000
181000000000000000
181400000000000000
181800000000000000
181c00000000000000
182000000000000000
182400000000000000
182800000000000000
182c00000000000000
183000000000000000
183400000000000000
183800000000000000
183c00000000000000
184000000000000000
184400000000000000
184800000000000000
184c00000000000000
185000000000000000
185400000000000000
185800000000000000
185c00000000000000
186000000000000000
186400000000000000
186800000000000000
186c00000000000000
187000000000000000
187400000000000000
187800000000000000
187c00000000000000
188000000000000000
188400000000000000
188800000000000000
188c00000000000000
189000000000000000
189400000000000000
189800000000000000
189c00000000000000
18a000000000000000
18a400000000000000
18a800000000000000
18ac00000000000000
18b000000000000000
18b400000000000000
18b800000000000000
18bc00000000000000
18c000000000000000
18c400000000000000
18c800000000000000
18cc00000000000000
18d000000000000000
18d400000000000000
18d800000000000000
18dc00000000000000
18e000000000000000
18e400000000000000
18e800000000000000
18ec00000000000000
18f000000000000000
18f400000000000000
18f800000000000000
18fc00000000000000
190000000000000000
190400000000000000
190800000000000000
190c00000000000000
191000000000000000
191400000000000000
191800000000000000
191c00000000000000
192000000000000000
192400000000000000
192800000000000000
192c00000000000000
193000000000000000
193400000000000000
193800000000000000
193c00000000000000
194000000000000000
194400000000000000
194800000000000000
194c00000000000000
195000000000000000
195400000000000000
195800000000000000
195c00000000000000
196000000000000000
196400000000000000
196800000000000000
196c00000000000000
197000000000000000
197400000000000000
197800000000000000
197c00000000000000
198000000000000000
198400000000000000
198800000000000000
198c00000000000000
199000000000000000
199400000000000000
199800000000000000
199c00000000000000
19a000000000000000
19a400000000000000
19a800000000000000
19ac00000000000000
19b000000000000000
19b400000000000000
19b800000000000000
19bc00000000000000
19c000000000000000
19c400000000000000
19c800000000000000
19cc00000000000000
19d000000000000000
19d400000000000000
19d800000000000000
19dc00000000000000
19e000000000000000
19e400000000000000
19e800000000000000
19ec00000000000000
19f000000000000000
19f400000000000000
19f800000000000000
19fc00000000000000
1a0000000000000000
1a0400000000000000
1a0800000000000000
1a0c00000000000000
1a1000000000000000
1a1400000000000000
1a1800000000000000
1a1c00000000000000
1a2000000000000000
1a2400000000000000
1a2800000000000000
1a2c00000000000000
1a3000000000000000
1a3400000000000000
1a3800000000000000
1a3c00000000000000
1a4000000000000000
1a4400000000000000
1a4800000000000000
1a4c00000000000000
1a5000000000000000
1a5400000000000000
1a5800000000000000
1a5c00000000000000
1a6000000000000000
1a6400000000000000
1a6800000000000000
1a6c00000000000000
1a7000000000000000
1a7400000000000000
1a7800000000000000
1a7c00000000000000
1a8000000000000000
1a8400000000000000
1a8800000000000000
1a8c00000000000000
1a9000000000000000
1a9400000000000000
1a9800000000000000
1a9c00000000000000
1aa000000000000000
1aa400000000000000
1aa800000000000000
1aac00000000000000
1ab000000000000000
1ab400000000000000
1ab800000000000000
1abc00000000000000
1ac000000000000000
1ac400000000000000
1ac800000000000000
1acc00000000000000
1ad000000000000000
1ad400000000000000
1ad800000000000000
1adc00000000000000
1ae000000000000000
1ae400000000000000
1ae800000000000000
1aec00000000000000
1af000000000000000
1af400000000000000
1af800000000000000
1afc00000000000000
1b0000000000000000
1b0400000000000000
1b0800000000000000
1b0c00000000000000
1b1000000000000000
1b1400000000000000
1b1800000000000000
1b1c00000000000000
1b2000000000000000
1b2400000000000000
1b2800000000000000
1b2c00000000000000
1b3000000000000000
1b3400000000000000
1b3800000000000000
1b3c00000000000000
1b4000000000000000
1b4400000000000000
1b4800000000000000
1b4c00000000000000
1b5000000000000000
1b5400000000000000
1b5800000000000000
1b5c00000000000000
1b6000000000000000
1b6400000000000000
1b6800000000000000
1b6c00000000000000
1b7000000000000000
1b7400000000000000
1b7800000000000000
1b7c00000000000000
1b8000000000000000
1b8400000000000000
1b8800000000000000
1b8c00000000000000
1b9000000000000000
1b9400000000000000
1b9800000000000000
1b9c00000000000000
1ba000000000000000
1ba400000000000000
1ba800000000000000
1bac00000000000000
1bb000000000000000
1bb400000000000000
1bb800000000000000
1bbc00000000000000
1bc000000000000000
1bc400000000000000
1bc800000000000000
1bcc00000000000000
1bd000000000000000
1bd400000000000000
1bd800000000000000
1bdc00000000000000
1be000000000000000
1be400000000000000
1be800000000000000
1bec00000000000000
1bf000000000000000
1bf400000000000000
1bf800000000000000
1bfc00000000000000
1c0000000000000000
1c0400000000000000
1c0800000000000000
1c0c00000000000000
1c1000000000000000
1c1400000000000000
1c1800000000000000
1c1c00000000000000
1c2000000000000000
1c2400000000000000
1c2800000000000000
1c2c00000000000000
1c3000000000000000
1c3400000000000000
1c3800000000000000
1c3c00000000000000
1c4000000000000000
1c4400000000000000
1c4800000000000000
1c4c00000000000000
1c5000000000000000
1c5400000000000000
1c5800000000000000
1c5c00000000000000
1c6000000000000000
1c6400000000000000
1c6800000000000000
1c6c00000000000000
1c7000000000000000
1c7400000000000000
1c7800000000000000
1c7c00000000000000
1c8000000000000000
1c8400000000000000
1c8800000000000000
1c8c00000000000000
1c9000000000000000
1c9400000000000000
1c9800000000000000
1c9c00000000000000
1ca000000000000000
1ca400000000000000
1ca800000000000000
1cac00000000000000
1cb000000000000000
1cb400000000000000
1cb800000000000000
1cbc00000000000000
1cc000000000000000
1cc400000000000000
1cc800000000000000
1ccc00000000000000
1cd000000000000000
1cd400000000000000
1cd800000000000000
1cdc00000000000000
1ce000000000000000
1ce400000000000000
1ce800000000000000
1cec00000000000000
1cf000000000000000
1cf400000000000000
1cf800000000000000
1cfc00000000000000
1d0000000000000000
1d0400000000000000
1d0800000000000000
1d0c00000000000000
1d1000000000000000
1d1400000000000000
1d1800000000000000
1d1c00000000000000
1d2000000000000000
1d2400000000000000
1d2800000000000000
1d2c00000000000000
1d3000000000000000
1d3400000000000000
1d3800000000000000
1d3c00000000000000
1d4000000000000000
1d4400000000000000
1d4800000000000000
1d4c00000000000000
1d5000000000000000
1d5400000000000000
1d5800000000000000
1d5c00000000000000
1d6000000000000000
1d6400000000000000
1d6800000000000000
1d6c00000000000000
1d7000000000000000
1d7400000000000000
1d7800000000000000
1d7c00000000000000
1d8000000000000000
1d8400000000000000
1d8800000000000000
1d8c00000000000000
1d9000000000000000
1d9400000000000000
1d9800000000000000
1d9c00000000000000
1da000000000000000
1da400000000000000
1da800000000000000
1dac00000000000000
1db000000000000000
1db400000000000000
1db800000000000000
1dbc00000000000000
1dc000000000000000
1dc400000000000000
1dc800000000000000
1dcc00000000000000
1dd000000000000000
1dd400000000000000
1dd800000000000000
1ddc00000000000000
1de000000000000000
1de400000000000000
1de800000000000000
1dec00000000000000
1df000000000000000
1df400000000000000
1df800000000000000
1dfc00000000000000
1e0000000000000000
1e0400000000000000
1e0800000000000000
1e0c00000000000000
1e1000000000000000
1e1400000000000000
1e1800000000000000
1e1c00000000000000
1e2000000000000000
1e2400000000000000
1e2800000000000000
1e2c00000000000000
1e3000000000000000
1e3400000000000000
1e3800000000000000
1e3c00000000000000
1e4000000000000000
1e4400000000000000
1e4800000000000000
1e4c00000000000000
1e5000000000000000
1e5400000000000000
1e5800000000000000
1e5c00000000000000
1e6000000000000000
1e6400000000000000
1e6800000000000000
1e6c00000000000000
1e7000000000000000
1e7400000000000000
1e7800000000000000
1e7c00000000000000
1e8000000000000000
1e8400000000000000
1e8800000000000000
1e8c00000000000000
1e9000000000000000
1e9400000000000000
1e9800000000000000
1e9c00000000000000
1ea000000000000000
1ea400000000000000
1ea800000000000000
1eac00000000000000
1eb000000000000000
1eb400000000000000
1eb800000000000000
1ebc00000000000000
1ec000000000000000
1ec400000000000000
1ec800000000000000
1ecc00000000000000
1ed000000000000000
1ed400000000000000
1ed800000000000000
1edc00000000000000
1ee000000000000000
1ee400000000000000
1ee800000000000000
1eec00000000000000
1ef000000000000000
1ef400000000000000
1ef800000000000000
1efc00000000000000
1f0000000000000000
1f0400000000000000
1f0800000000000000
1f0c00000000000000
1f1000000000000000
1f1400000000000000
1f1800000000000000
1f1c00000000000000
1f2000000000000000
1f2400000000000000
1f2800000000000000
1f2c00000000000000
1f3000000000000000
1f3400000000000000
1f3800000000000000
1f3c00000000000000
1f4000000000000000
1f4400000000000000
1f4800000000000000
1f4c00000000000000
1f5000000000000000
1f5400000000000000
1f5800000000000000
1f5c00000000000000
1f6000000000000000
1f6400000000000000
1f6800000000000000
1f6c00000000000000
1f7000000000000000
1f7400000000000000
1f7800000000000000
1f7c00000000000000
1f8000000000000000
1f8400000000000000
1f8800000000000000
1f8c00000000000000
1f9000000000000000
1f9400000000000000
1f9800000000000000
1f9c00000000000000
1fa000000000000000
1fa400000000000000
1fa800000000000000
1fac00000000000000
1fb000000000000000
1fb400000000000000
1fb800000000000000
1fbc00000000000000
1fc000000000000000
1fc400000000000000
1fc800000000000000
1fcc00000000000000
1fd000000000000000
1fd400000000000000
1fd800000000000000
1fdc00000000000000
1fe000000000000000
1fe400000000000000
1fe800000000000000
1fec00000000000000
1ff000000000000000
1ff400000000000000
1ff800000000000000
1ffc00000000000000
200000000000000000
200400000000000000
200800000000000000
200c00000000000000
201000000000000000
201400000000000000
201800000000000000
201c00000000000000
202000000000000000
202400000000000000
202800000000000000
202c00000000000000
203000000000000000
203400000000000000
203800000000000000
203c00000000000000
204000000000000000
204400000000000000
204800000000000000
204c00000000000000
205000000000000000
205400000000000000
205800000000000000
205c00000000000000
206000000000000000
206400000000000000
206800000000000000
206c00000000000000
207000000000000000
207400000000000000
207800000000000000
207c00000000000000
208000000000000000
208400000000000000
208800000000000000
208c00000000000000
209000000000000000
209400000000000000
209800000000000000
209c00000000000000
20a000000000000000
20a400000000000000
20a800000000000000
20ac00000000000000
20b000000000000000
20b400000000000000
20b800000000000000
20bc00000000000000
20c000000000000000
20c400000000000000
20c800000000000000
20cc00000000000000
20d000000000000000
20d400000000000000
20d800000000000000
20dc00000000000000
20e000000000000000
20e400000000000000
20e800000000000000
20ec00000000000000
20f000000000000000
20f400000000000000
20f800000000000000
20fc00000000000000
210000000000000000
210400000000000000
210800000000000000
210c00000000000000
211000000000000000
211400000000000000
211800000000000000
211c00000000000000
212000000000000000
212400000000000000
212800000000000000
212c00000000000000
213000000000000000
213400000000000000
213800000000000000
213c00000000000000
214000000000000000
214400000000000000
214800000000000000
214c00000000000000
215000000000000000
215400000000000000
215800000000000000
215c00000000000000
216000000000000000
216400000000000000
216800000000000000
216c00000000000000
217000000000000000
217400000000000000
217800000000000000
217c00000000000000
218000000000000000
218400000000000000
218800000000000000
218c00000000000000
219000000000000000
219400000000000000
219800000000000000
219c00000000000000
21a000000000000000
21a400000000000000
21a800000000000000
21ac00000000000000
21b000000000000000
21b400000000000000
21b800000000000000
21bc00000000000000
21c000000000000000
21c400000000000000
21c800000000000000
21cc00000000000000
21d000000000000000
21d400000000000000
21d800000000000000
21dc00000000000000
21e000000000000000
21e400000000000000
21e800000000000000
21ec00000000000000
21f000000000000000
21f400000000000000
21f800000000000000
21fc00000000000000
220000000000000000
220400000000000000
220800000000000000
220c00000000000000
221000000000000000
221400000000000000
221800000000000000
221c00000000000000
222000000000000000
222400000000000000
222800000000000000
222c00000000000000
223000000000000000
223400000000000000
223800000000000000
223c00000000000000
224000000000000000
224400000000000000
224800000000000000
224c00000000000000
225000000000000000
225400000000000000
225800000000000000
225c00000000000000
226000000000000000
226400000000000000
226800000000000000
226c00000000000000
227000000000000000
227400000000000000
227800000000000000
227c00000000000000
228000000000000000
228400000000000000
228800000000000000
228c00000000000000
229000000000000000
229400000000000000
229800000000000000
229c00000000000000
22a000000000000000
22a400000000000000
22a800000000000000
22ac00000000000000
22b000000000000000
22b400000000000000
22b800000000000000
22bc00000000000000
22c000000000000000
22c400000000000000
22c800000000000000
22cc00000000000000
22d000000000000000
22d400000000000000
22d800000000000000
22dc00000000000000
22e000000000000000
22e400000000000000
22e800000000000000
22ec00000000000000
22f000000000000000
22f400000000000000
22f800000000000000
22fc00000000000000
230000000000000000
230400000000000000
230800000000000000
230c00000000000000
231000000000000000
231400000000000000
231800000000000000
231c00000000000000
232000000000000000
232400000000000000
232800000000000000
232c00000000000000
233000000000000000
233400000000000000
233800000000000000
233c00000000000000
234000000000000000
234400000000000000
234800000000000000
234c00000000000000
235000000000000000
235400000000000000
235800000000000000
235c00000000000000
236000000000000000
236400000000000000
236800000000000000
236c00000000000000
237000000000000000
237400000000000000
237800000000000000
237c00000000000000
238000000000000000
238400000000000000
238800000000000000
238c00000000000000
239000000000000000
239400000000000000
239800000000000000
239c00000000000000
23a000000000000000
23a400000000000000
23a800000000000000
23ac00000000000000
23b000000000000000
23b400000000000000
23b800000000000000
23bc00000000000000
23c000000000000000
23c400000000000000
23c800000000000000
23cc00000000000000
23d000000000000000
23d400000000000000
23d800000000000000
23dc00000000000000
23e000000000000000
23e400000000000000
23e800000000000000
23ec00000000000000
23f000000000000000
23f400000000000000
23f800000000000000
23fc00000000000000
240000000000000000
240400000000000000
240800000000000000
240c00000000000000
241000000000000000
241400000000000000
241800000000000000
241c00000000000000
242000000000000000
242400000000000000
242800000000000000
242c00000000000000
243000000000000000
243400000000000000
243800000000000000
243c00000000000000
244000000000000000
244400000000000000
244800000000000000
244c00000000000000
245000000000000000
245400000000000000
245800000000000000
245c00000000000000
246000000000000000
246400000000000000
246800000000000000
246c00000000000000
247000000000000000
247400000000000000
247800000000000000
247c00000000000000
248000000000000000
248400000000000000
248800000000000000
248c00000000000000
249000000000000000
249400000000000000
249800000000000000
249c00000000000000
24a000000000000000
24a400000000000000
24a800000000000000
24ac00000000000000
24b000000000000000
24b400000000000000
24b800000000000000
24bc00000000000000
24c000000000000000
24c400000000000000
24c800000000000000
24cc00000000000000
24d000000000000000
24d400000000000000
24d800000000000000
24dc00000000000000
24e000000000000000
24e400000000000000
24e800000000000000
24ec00000000000000
24f000000000000000
24f400000000000000
24f800000000000000
24fc00000000000000
250000000000000000
250400000000000000
250800000000000000
250c00000000000000
251000000000000000
251400000000000000
251800000000000000
251c00000000000000
252000000000000000
252400000000000000
252800000000000000
252c00000000000000
253000000000000000
253400000000000000
253800000000000000
253c00000000000000
254000000000000000
254400000000000000
254800000000000000
254c00000000000000
255000000000000000
255400000000000000
255800000000000000
255c00000000000000
256000000000000000
256400000000000000
256800000000000000
256c00000000000000
257000000000000000
257400000000000000
257800000000000000
257c00000000000000
258000000000000000
258400000000000000
258800000000000000
258c00000000000000
259000000000000000
259400000000000000
259800000000000000
259c00000000000000
25a000000000000000
25a400000000000000
25a800000000000000
25ac00000000000000
25b000000000000000
25b400000000000000
25b800000000000000
25bc00000000000000
25c000000000000000
25c400000000000000
25c800000000000000
25cc00000000000000
25d000000000000000
25d400000000000000
25d800000000000000
25dc00000000000000
25e000000000000000
25e400000000000000
25e800000000000000
25ec00000000000000
25f000000000000000
25f400000000000000
25f800000000000000
25fc00000000000000
260000000000000000
260400000000000000
260800000000000000
260c00000000000000
261000000000000000
261400000000000000
261800000000000000
261c00000000000000
262000000000000000
262400000000000000
262800000000000000
262c00000000000000
263000000000000000
263400000000000000
263800000000000000
263c00000000000000
264000000000000000
264400000000000000
264800000000000000
264c00000000000000
265000000000000000
265400000000000000
265800000000000000
265c00000000000000
266000000000000000
266400000000000000
266800000000000000
266c00000000000000
267000000000000000
267400000000000000
267800000000000000
267c00000000000000
268000000000000000
268400000000000000
268800000000000000
268c00000000000000
269000000000000000
269400000000000000
269800000000000000
269c00000000000000
26a000000000000000
26a400000000000000
26a800000000000000
26ac00000000000000
26b000000000000000
26b400000000000000
26b800000000000000
26bc00000000000000
26c000000000000000
26c400000000000000
26c800000000000000
26cc00000000000000
26d000000000000000
26d400000000000000
26d800000000000000
26dc00000000000000
26e000000000000000
26e400000000000000
26e800000000000000
26ec00000000000000
26f000000000000000
26f400000000000000
26f800000000000000
26fc00000000000000
270000000000000000
270400000000000000
270800000000000000
270c00000000000000
271000000000000000
271400000000000000
271800000000000000
271c00000000000000
272000000000000000
272400000000000000
272800000000000000
272c00000000000000
273000000000000000
273400000000000000
273800000000000000
273c00000000000000
274000000000000000
274400000000000000
274800000000000000
274c00000000000000
275000000000000000
275400000000000000
275800000000000000
275c00000000000000
276000000000000000
276400000000000000
276800000000000000
276c00000000000000
277000000000000000
277400000000000000
277800000000000000
277c00000000000000
278000000000000000
278400000000000000
278800000000000000
278c00000000000000
279000000000000000
279400000000000000
279800000000000000
279c00000000000000
27a000000000000000
27a400000000000000
27a800000000000000
27ac00000000000000
27b000000000000000
27b400000000000000
27b800000000000000
27bc00000000000000
27c000000000000000
27c400000000000000
27c800000000000000
27cc00000000000000
27d000000000000000
27d400000000000000
27d800000000000000
27dc00000000000000
27e000000000000000
27e400000000000000
27e800000000000000
27ec00000000000000
27f000000000000000
27f400000000000000
27f800000000000000
27fc00000000000000
280000000000000000
280400000000000000
280800000000000000
280c00000000000000
281000000000000000
281400000000000000
281800000000000000
281c00000000000000
282000000000000000
282400000000000000
282800000000000000
282c00000000000000
283000000000000000
283400000000000000
283800000000000000
283c00000000000000
284000000000000000
284400000000000000
284800000000000000
284c00000000000000
285000000000000000
285400000000000000
285800000000000000
285c00000000000000
286000000000000000
286400000000000000
286800000000000000
286c00000000000000
287000000000000000
287400000000000000
287800000000000000
287c00000000000000
288000000000000000
288400000000000000
288800000000000000
288c00000000000000
289000000000000000
289400000000000000
289800000000000000
289c00000000000000
28a000000000000000
28a400000000000000
28a800000000000000
28ac00000000000000
28b000000000000000
28b400000000000000
28b800000000000000
28bc00000000000000
28c000000000000000
28c400000000000000
28c800000000000000
28cc00000000000000
28d000000000000000
28d400000000000000
28d800000000000000
28dc00000000000000
28e000000000000000
28e400000000000000
28e800000000000000
28ec00000000000000
28f000000000000000
28f400000000000000
28f800000000000000
28fc00000000000000
290000000000000000
290400000000000000
290800000000000000
290c00000000000000
291000000000000000
291400000000000000
291800000000000000
291c00000000000000
292000000000000000
292400000000000000
292800000000000000
292c00000000000000
293000000000000000
293400000000000000
293800000000000000
293c00000000000000
294000000000000000
294400000000000000
294800000000000000
294c00000000000000
295000000000000000
295400000000000000
295800000000000000
295c00000000000000
296000000000000000
296400000000000000
296800000000000000
296c00000000000000
297000000000000000
297400000000000000
297800000000000000
297c00000000000000
298000000000000000
298400000000000000
298800000000000000
298c00000000000000
299000000000000000
299400000000000000
299800000000000000
299c00000000000000
29a000000000000000
29a400000000000000
29a800000000000000
29ac00000000000000
29b000000000000000
29b400000000000000
29b800000000000000
29bc00000000000000
29c000000000000000
29c400000000000000
29c800000000000000
29cc00000000000000
29d000000000000000
29d400000000000000
29d800000000000000
29dc00000000000000
29e000000000000000
29e400000000000000
29e800000000000000
29ec00000000000000
29f000000000000000
29f400000000000000
29f800000000000000
29fc00000000000000
2a0000000000000000
2a0400000000000000
2a0800000000000000
2a0c00000000000000
2a1000000000000000
2a1400000000000000
2a1800000000000000
2a1c00000000000000
2a2000000000000000
2a2400000000000000
2a2800000000000000
2a2c00000000000000
2a3000000000000000
2a3400000000000000
2a3800000000000000
2a3c00000000000000
2a4000000000000000
2a4400000000000000
2a4800000000000000
2a4c00000000000000
2a5000000000000000
2a5400000000000000
2a5800000000000000
2a5c00000000000000
2a6000000000000000
2a6400000000000000
2a6800000000000000
2a6c00000000000000
2a7000000000000000
2a7400000000000000
2a7800000000000000
2a7c00000000000000
2a8000000000000000
2a8400000000000000
2a8800000000000000
2a8c00000000000000
2a9000000000000000
2a9400000000000000
2a9800000000000000
2a9c00000000000000
2aa000000000000000
2aa400000000000000
2aa800000000000000
2aac00000000000000
2ab000000000000000
2ab400000000000000
2ab800000000000000
2abc00000000000000
2ac000000000000000
2ac400000000000000
2ac800000000000000
2acc00000000000000
2ad000000000000000
2ad400000000000000
2ad800000000000000
2adc00000000000000
2ae000000000000000
2ae400000000000000
2ae800000000000000
2aec00000000000000
2af000000000000000
2af400000000000000
2af800000000000000
2afc00000000000000
2b0000000000000000
2b0400000000000000
2b0800000000000000
2b0c00000000000000
2b1000000000000000
2b1400000000000000
2b1800000000000000
2b1c00000000000000
2b2000000000000000
2b2400000000000000
2b2800000000000000
2b2c00000000000000
2b3000000000000000
2b3400000000000000
2b3800000000000000
2b3c00000000000000
2b4000000000000000
2b4400000000000000
2b4800000000000000
2b4c00000000000000
2b5000000000000000
2b5400000000000000
2b5800000000000000
2b5c00000000000000
2b6000000000000000
2b6400000000000000
2b6800000000000000
2b6c00000000000000
2b7000000000000000
2b7400000000000000
2b7800000000000000
2b7c00000000000000
2b8000000000000000
2b8400000000000000
2b8800000000000000
2b8c00000000000000
2b9000000000000000
2b9400000000000000
2b9800000000000000
2b9c00000000000000
2ba000000000000000
2ba400000000000000
2ba800000000000000
2bac00000000000000
2bb000000000000000
2bb400000000000000
2bb800000000000000
2bbc00000000000000
2bc000000000000000
2bc400000000000000
2bc800000000000000
2bcc00000000000000
2bd000000000000000
2bd400000000000000
2bd800000000000000
2bdc00000000000000
2be000000000000000
2be400000000000000
2be800000000000000
2bec00000000000000
2bf000000000000000
2bf400000000000000
2bf800000000000000
2bfc00000000000000
2c0000000000000000
2c0400000000000000
2c0800000000000000
2c0c00000000000000
2c1000000000000000
2c1400000000000000
2c1800000000000000
2c1c00000000000000
2c2000000000000000
2c2400000000000000
2c2800000000000000
2c2c00000000000000
2c3000000000000000
2c3400000000000000
2c3800000000000000
2c3c00000000000000
2c4000000000000000
2c4400000000000000
2c4800000000000000
2c4c00000000000000
2c5000000000000000
2c5400000000000000
2c5800000000000000
2c5c00000000000000
2c6000000000000000
2c6400000000000000
2c6800000000000000
2c6c00000000000000
2c7000000000000000
2c7400000000000000
2c7800000000000000
2c7c00000000000000
2c8000000000000000
2c8400000000000000
2c8800000000000000
2c8c00000000000000
2c9000000000000000
2c9400000000000000
2c9800000000000000
2c9c00000000000000
2ca000000000000000
2ca400000000000000
2ca800000000000000
2cac00000000000000
2cb000000000000000
2cb400000000000000
2cb800000000000000
2cbc00000000000000
2cc000000000000000
2cc400000000000000
2cc800000000000000
2ccc00000000000000
2cd000000000000000
2cd400000000000000
2cd800000000000000
2cdc00000000000000
2ce000000000000000
2ce400000000000000
2ce800000000000000
2cec00000000000000
2cf000000000000000
2cf400000000000000
2cf800000000000000
2cfc00000000000000
2d0000000000000000
2d0400000000000000
2d0800000000000000
2d0c00000000000000
2d1000000000000000
2d1400000000000000
2d1800000000000000
2d1c00000000000000
2d2000000000000000
2d2400000000000000
2d2800000000000000
2d2c00000000000000
2d3000000000000000
2d3400000000000000
2d3800000000000000
2d3c00000000000000
2d4000000000000000
2d4400000000000000
2d4800000000000000
2d4c00000000000000
2d5000000000000000
2d5400000000000000
2d5800000000000000
2d5c00000000000000
2d6000000000000000
2d6400000000000000
2d6800000000000000
2d6c00000000000000
2d7000000000000000
2d7400000000000000
2d7800000000000000
2d7c00000000000000
2d8000000000000000
2d8400000000000000
2d8800000000000000
2d8c00000000000000
2d9000000000000000
2d9400000000000000
2d9800000000000000
2d9c00000000000000
2da000000000000000
2da400000000000000
2da800000000000000
2dac00000000000000
2db000000000000000
2db400000000000000
2db800000000000000
2dbc00000000000000
2dc000000000000000
2dc400000000000000
2dc800000000000000
2dcc00000000000000
2dd000000000000000
2dd400000000000000
2dd800000000000000
2ddc00000000000000
2de000000000000000
2de400000000000000
2de800000000000000
2dec00000000000000
2df000000000000000
2df400000000000000
2df800000000000000
2dfc00000000000000
2e0000000000000000
2e0400000000000000
2e0800000000000000
2e0c00000000000000
2e1000000000000000
2e1400000000000000
2e1800000000000000
2e1c00000000000000
2e2000000000000000
2e2400000000000000
2e2800000000000000
2e2c00000000000000
2e3000000000000000
2e3400000000000000
2e3800000000000000
2e3c00000000000000
2e4000000000000000
2e4400000000000000
2e4800000000000000
2e4c00000000000000
2e5000000000000000
2e5400000000000000
2e5800000000000000
2e5c00000000000000
2e6000000000000000
2e6400000000000000
2e6800000000000000
2e6c00000000000000
2e7000000000000000
2e7400000000000000
2e7800000000000000
2e7c00000000000000
2e8000000000000000
2e8400000000000000
2e8800000000000000
2e8c00000000000000
2e9000000000000000
2e9400000000000000
2e9800000000000000
2e9c00000000000000
2ea000000000000000
2ea400000000000000
2ea800000000000000
2eac00000000000000
2eb000000000000000
2eb400000000000000
2eb800000000000000
2ebc00000000000000
2ec000000000000000
2ec400000000000000
2ec800000000000000
2ecc00000000000000
2ed000000000000000
2ed400000000000000
2ed800000000000000
2edc00000000000000
2ee000000000000000
2ee400000000000000
2ee800000000000000
2eec00000000000000
2ef000000000000000
2ef400000000000000
2ef800000000000000
2efc00000000000000
2f0000000000000000
2f0400000000000000
2f0800000000000000
2f0c00000000000000
2f1000000000000000
2f1400000000000000
2f1800000000000000
2f1c00000000000000
2f2000000000000000
2f2400000000000000
2f2800000000000000
2f2c00000000000000
2f3000000000000000
2f3400000000000000
2f3800000000000000
2f3c00000000000000
2f4000000000000000
2f4400000000000000
2f4800000000000000
2f4c00000000000000
2f5000000000000000
2f5400000000000000
2f5800000000000000
2f5c00000000000000
2f6000000000000000
2f6400000000000000
2f6800000000000000
2f6c00000000000000
2f7000000000000000
2f7400000000000000
2f7800000000000000
2f7c00000000000000
2f8000000000000000
2f8400000000000000
2f8800000000000000
2f8c00000000000000
2f9000000000000000
2f9400000000000000
2f9800000000000000
2f9c00000000000000
2fa000000000000000
2fa400000000000000
2fa800000000000000
2fac00000000000000
2fb000000000000000
2fb400000000000000
2fb800000000000000
2fbc00000000000000
2fc000000000000000
2fc400000000000000
2fc800000000000000
2fcc00000000000000
2fd000000000000000
2fd400000000000000
2fd800000000000000
2fdc00000000000000
2fe000000000000000
2fe400000000000000
2fe800000000000000
2fec00000000000000
2ff000000000000000
2ff400000000000000
2ff800000000000000
2ffc00000000000000
300000000000000000
300400000000000000
300800000000000000
300c00000000000000
301000000000000000
301400000000000000
301800000000000000
301c00000000000000
302000000000000000
302400000000000000
302800000000000000
302c00000000000000
303000000000000000
303400000000000000
303800000000000000
303c00000000000000
304000000000000000
304400000000000000
304800000000000000
304c00000000000000
305000000000000000
305400000000000000
305800000000000000
305c00000000000000
306000000000000000
306400000000000000
306800000000000000
306c00000000000000
307000000000000000
307400000000000000
307800000000000000
307c00000000000000
308000000000000000
308400000000000000
308800000000000000
308c00000000000000
309000000000000000
309400000000000000
309800000000000000
309c00000000000000
30a000000000000000
30a400000000000000
30a800000000000000
30ac00000000000000
30b000000000000000
30b400000000000000
30b800000000000000
30bc00000000000000
30c000000000000000
30c400000000000000
30c800000000000000
30cc00000000000000
30d000000000000000
30d400000000000000
30d800000000000000
30dc00000000000000
30e000000000000000
30e400000000000000
30e800000000000000
30ec00000000000000
30f000000000000000
30f400000000000000
30f800000000000000
30fc00000000000000
310000000000000000
310400000000000000
310800000000000000
310c00000000000000
311000000000000000
311400000000000000
311800000000000000
311c00000000000000
312000000000000000
312400000000000000
312800000000000000
312c00000000000000
313000000000000000
313400000000000000
313800000000000000
313c00000000000000
314000000000000000
314400000000000000
314800000000000000
314c00000000000000
315000000000000000
315400000000000000
315800000000000000
315c00000000000000
316000000000000000
316400000000000000
316800000000000000
316c00000000000000
317000000000000000
317400000000000000
317800000000000000
317c00000000000000
318000000000000000
318400000000000000
318800000000000000
318c00000000000000
319000000000000000
319400000000000000
319800000000000000
319c00000000000000
31a000000000000000
31a400000000000000
31a800000000000000
31ac00000000000000
31b000000000000000
31b400000000000000
31b800000000000000
31bc00000000000000
31c000000000000000
31c400000000000000
31c800000000000000
31cc00000000000000
31d000000000000000
31d400000000000000
31d800000000000000
31dc00000000000000
31e000000000000000
31e400000000000000
31e800000000000000
31ec00000000000000
31f000000000000000
31f400000000000000
31f800000000000000
31fc00000000000000
320000000000000000
320400000000000000
320800000000000000
320c00000000000000
321000000000000000
321400000000000000
321800000000000000
321c00000000000000
322000000000000000
322400000000000000
322800000000000000
322c00000000000000
323000000000000000
323400000000000000
323800000000000000
323c00000000000000
324000000000000000
324400000000000000
324800000000000000
324c00000000000000
325000000000000000
325400000000000000
325800000000000000
325c00000000000000
326000000000000000
326400000000000000
326800000000000000
326c00000000000000
327000000000000000
327400000000000000
327800000000000000
327c00000000000000
328000000000000000
328400000000000000
328800000000000000
328c00000000000000
329000000000000000
329400000000000000
329800000000000000
329c00000000000000
32a000000000000000
32a400000000000000
32a800000000000000
32ac00000000000000
32b000000000000000
32b400000000000000
32b800000000000000
32bc00000000000000
32c000000000000000
32c400000000000000
32c800000000000000
32cc00000000000000
32d000000000000000
32d400000000000000
32d800000000000000
32dc00000000000000
32e000000000000000
32e400000000000000
32e800000000000000
32ec00000000000000
32f000000000000000
32f400000000000000
32f800000000000000
32fc00000000000000
330000000000000000
330400000000000000
330800000000000000
330c00000000000000
331000000000000000
331400000000000000
331800000000000000
331c00000000000000
332000000000000000
332400000000000000
332800000000000000
332c00000000000000
333000000000000000
333400000000000000
333800000000000000
333c00000000000000
334000000000000000
334400000000000000
334800000000000000
334c00000000000000
335000000000000000
335400000000000000
335800000000000000
335c00000000000000
336000000000000000
336400000000000000
336800000000000000
336c00000000000000
337000000000000000
337400000000000000
337800000000000000
337c00000000000000
338000000000000000
338400000000000000
338800000000000000
338c00000000000000
339000000000000000
339400000000000000
339800000000000000
339c00000000000000
33a000000000000000
33a400000000000000
33a800000000000000
33ac00000000000000
33b000000000000000
33b400000000000000
33b800000000000000
33bc00000000000000
33c000000000000000
33c400000000000000
33c800000000000000
33cc00000000000000
33d000000000000000
33d400000000000000
33d800000000000000
33dc00000000000000
33e000000000000000
33e400000000000000
33e800000000000000
33ec00000000000000
33f000000000000000
33f400000000000000
33f800000000000000
33fc00000000000000
340000000000000000
340400000000000000
340800000000000000
340c00000000000000
341000000000000000
341400000000000000
341800000000000000
341c00000000000000
342000000000000000
342400000000000000
342800000000000000
342c00000000000000
343000000000000000
343400000000000000
343800000000000000
343c00000000000000
344000000000000000
344400000000000000
344800000000000000
344c00000000000000
345000000000000000
345400000000000000
345800000000000000
345c00000000000000
346000000000000000
346400000000000000
346800000000000000
346c00000000000000
347000000000000000
347400000000000000
347800000000000000
347c00000000000000
348000000000000000
348400000000000000
348800000000000000
348c00000000000000
349000000000000000
349400000000000000
349800000000000000
349c00000000000000
34a000000000000000
34a400000000000000
34a800000000000000
34ac00000000000000
34b000000000000000
34b400000000000000
34b800000000000000
34bc00000000000000
34c000000000000000
34c400000000000000
34c800000000000000
34cc00000000000000
34d000000000000000
34d400000000000000
34d800000000000000
34dc00000000000000
34e000000000000000
34e400000000000000
34e800000000000000
34ec00000000000000
34f000000000000000
34f400000000000000
34f800000000000000
34fc00000000000000
350000000000000000
350400000000000000
350800000000000000
350c00000000000000
351000000000000000
351400000000000000
351800000000000000
351c00000000000000
352000000000000000
352400000000000000
352800000000000000
352c00000000000000
353000000000000000
353400000000000000
353800000000000000
353c00000000000000
354000000000000000
354400000000000000
354800000000000000
354c00000000000000
355000000000000000
355400000000000000
355800000000000000
355c00000000000000
356000000000000000
356400000000000000
356800000000000000
356c00000000000000
357000000000000000
357400000000000000
357800000000000000
357c00000000000000
358000000000000000
358400000000000000
358800000000000000
358c00000000000000
359000000000000000
359400000000000000
359800000000000000
359c00000000000000
35a000000000000000
35a400000000000000
35a800000000000000
35ac00000000000000
35b000000000000000
35b400000000000000
35b800000000000000
35bc00000000000000
35c000000000000000
35c400000000000000
35c800000000000000
35cc00000000000000
35d000000000000000
35d400000000000000
35d800000000000000
35dc00000000000000
35e000000000000000
35e400000000000000
35e800000000000000
35ec00000000000000
35f000000000000000
35f400000000000000
35f800000000000000
35fc00000000000000
360000000000000000
360400000000000000
360800000000000000
360c00000000000000
361000000000000000
361400000000000000
361800000000000000
361c00000000000000
362000000000000000
362400000000000000
362800000000000000
362c00000000000000
363000000000000000
363400000000000000
363800000000000000
363c00000000000000
364000000000000000
364400000000000000
364800000000000000
364c00000000000000
365000000000000000
365400000000000000
365800000000000000
365c00000000000000
366000000000000000
366400000000000000
366800000000000000
366c00000000000000
367000000000000000
367400000000000000
367800000000000000
367c00000000000000
368000000000000000
368400000000000000
368800000000000000
368c00000000000000
369000000000000000
369400000000000000
369800000000000000
369c00000000000000
36a000000000000000
36a400000000000000
36a800000000000000
36ac00000000000000
36b000000000000000
36b400000000000000
36b800000000000000
36bc00000000000000
36c000000000000000
36c400000000000000
36c800000000000000
36cc00000000000000
36d000000000000000
36d400000000000000
36d800000000000000
36dc00000000000000
36e000000000000000
36e400000000000000
36e800000000000000
36ec00000000000000
36f000000000000000
36f400000000000000
36f800000000000000
36fc00000000000000
370000000000000000
370400000000000000
370800000000000000
370c00000000000000
371000000000000000
371400000000000000
371800000000000000
371c00000000000000
372000000000000000
372400000000000000
372800000000000000
372c00000000000000
373000000000000000
373400000000000000
373800000000000000
373c00000000000000
374000000000000000
374400000000000000
374800000000000000
374c00000000000000
375000000000000000
375400000000000000
375800000000000000
375c00000000000000
376000000000000000
376400000000000000
376800000000000000
376c00000000000000
377000000000000000
377400000000000000
377800000000000000
377c00000000000000
378000000000000000
378400000000000000
378800000000000000
378c00000000000000
379000000000000000
379400000000000000
379800000000000000
379c00000000000000
37a000000000000000
37a400000000000000
37a800000000000000
37ac00000000000000
37b000000000000000
37b400000000000000
37b800000000000000
37bc00000000000000
37c000000000000000
37c400000000000000
37c800000000000000
37cc00000000000000
37d000000000000000
37d400000000000000
37d800000000000000
37dc00000000000000
37e000000000000000
37e400000000000000
37e800000000000000
37ec00000000000000
37f000000000000000
37f400000000000000
37f800000000000000
37fc00000000000000
380000000000000000
380400000000000000
380800000000000000
380c00000000000000
381000000000000000
381400000000000000
381800000000000000
381c00000000000000
382000000000000000
382400000000000000
382800000000000000
382c00000000000000
383000000000000000
383400000000000000
383800000000000000
383c00000000000000
384000000000000000
384400000000000000
384800000000000000
384c00000000000000
385000000000000000
385400000000000000
385800000000000000
385c00000000000000
386000000000000000
386400000000000000
386800000000000000
386c00000000000000
387000000000000000
387400000000000000
387800000000000000
387c00000000000000
388000000000000000
388400000000000000
388800000000000000
388c00000000000000
389000000000000000
389400000000000000
389800000000000000
389c00000000000000
38a000000000000000
38a400000000000000
38a800000000000000
38ac00000000000000
38b000000000000000
38b400000000000000
38b800000000000000
38bc00000000000000
38c000000000000000
38c400000000000000
38c800000000000000
38cc00000000000000
38d000000000000000
38d400000000000000
38d800000000000000
38dc00000000000000
38e000000000000000
38e400000000000000
38e800000000000000
38ec00000000000000
38f000000000000000
38f400000000000000
38f800000000000000
38fc00000000000000
390000000000000000
390400000000000000
390800000000000000
390c00000000000000
391000000000000000
391400000000000000
391800000000000000
391c00000000000000
392000000000000000
392400000000000000
392800000000000000
392c00000000000000
393000000000000000
393400000000000000
393800000000000000
393c00000000000000
394000000000000000
394400000000000000
394800000000000000
394c00000000000000
395000000000000000
395400000000000000
395800000000000000
395c00000000000000
396000000000000000
396400000000000000
396800000000000000
396c00000000000000
397000000000000000
397400000000000000
397800000000000000
397c00000000000000
398000000000000000
398400000000000000
398800000000000000
398c00000000000000
399000000000000000
399400000000000000
399800000000000000
399c00000000000000
39a000000000000000
39a400000000000000
39a800000000000000
39ac00000000000000
39b000000000000000
39b400000000000000
39b800000000000000
39bc00000000000000
39c000000000000000
39c400000000000000
39c800000000000000
39cc00000000000000
39d000000000000000
39d400000000000000
39d800000000000000
39dc00000000000000
39e000000000000000
39e400000000000000
39e800000000000000
39ec00000000000000
39f000000000000000
39f400000000000000
39f800000000000000
39fc00000000000000
3a0000000000000000
3a0400000000000000
3a0800000000000000
3a0c00000000000000
3a1000000000000000
3a1400000000000000
3a1800000000000000
3a1c00000000000000
3a2000000000000000
3a2400000000000000
3a2800000000000000
3a2c00000000000000
3a3000000000000000
3a3400000000000000
3a3800000000000000
3a3c00000000000000
3a4000000000000000
3a4400000000000000
3a4800000000000000
3a4c00000000000000
3a5000000000000000
3a5400000000000000
3a5800000000000000
3a5c00000000000000
3a6000000000000000
3a6400000000000000
3a6800000000000000
3a6c00000000000000
3a7000000000000000
3a7400000000000000
3a7800000000000000
3a7c00000000000000
3a8000000000000000
3a8400000000000000
3a8800000000000000
3a8c00000000000000
3a9000000000000000
3a9400000000000000
3a9800000000000000
3a9c00000000000000
3aa000000000000000
3aa400000000000000
3aa800000000000000
3aac00000000000000
3ab000000000000000
3ab400000000000000
3ab800000000000000
3abc00000000000000
3ac000000000000000
3ac400000000000000
3ac800000000000000
3acc00000000000000
3ad000000000000000
3ad400000000000000
3ad800000000000000
3adc00000000000000
3ae000000000000000
3ae400000000000000
3ae800000000000000
3aec00000000000000
3af000000000000000
3af400000000000000
3af800000000000000
3afc00000000000000
3b0000000000000000
3b0400000000000000
3b0800000000000000
3b0c00000000000000
3b1000000000000000
3b1400000000000000
3b1800000000000000
3b1c00000000000000
3b2000000000000000
3b2400000000000000
3b2800000000000000
3b2c00000000000000
3b3000000000000000
3b3400000000000000
3b3800000000000000
3b3c00000000000000
3b4000000000000000
3b4400000000000000
3b4800000000000000
3b4c00000000000000
3b5000000000000000
3b5400000000000000
3b5800000000000000
3b5c00000000000000
3b6000000000000000
3b6400000000000000
3b6800000000000000
3b6c00000000000000
3b7000000000000000
3b7400000000000000
3b7800000000000000
3b7c00000000000000
3b8000000000000000
3b8400000000000000
3b8800000000000000
3b8c00000000000000
3b9000000000000000
3b9400000000000000
3b9800000000000000
3b9c00000000000000
3ba000000000000000
3ba400000000000000
3ba800000000000000
3bac00000000000000
3bb000000000000000
3bb400000000000000
3bb800000000000000
3bbc00000000000000
3bc000000000000000
3bc400000000000000
3bc800000000000000
3bcc00000000000000
3bd000000000000000
3bd400000000000000
3bd800000000000000
3bdc00000000000000
3be000000000000000
3be400000000000000
3be800000000000000
3bec00000000000000
3bf000000000000000
3bf400000000000000
3bf800000000000000
3bfc00000000000000
3c0000000000000000
3c0400000000000000
3c0800000000000000
3c0c00000000000000
3c1000000000000000
3c1400000000000000
3c1800000000000000
3c1c00000000000000
3c2000000000000000
3c2400000000000000
3c2800000000000000
3c2c00000000000000
3c3000000000000000
3c3400000000000000
3c3800000000000000
3c3c00000000000000
3c4000000000000000
3c4400000000000000
3c4800000000000000
3c4c00000000000000
3c5000000000000000
3c5400000000000000
3c5800000000000000
3c5c00000000000000
3c6000000000000000
3c6400000000000000
3c6800000000000000
3c6c00000000000000
3c7000000000000000
3c7400000000000000
3c7800000000000000
3c7c00000000000000
3c8000000000000000
3c8400000000000000
3c8800000000000000
3c8c00000000000000
3c9000000000000000
3c9400000000000000
3c9800000000000000
3c9c00000000000000
3ca000000000000000
3ca400000000000000
3ca800000000000000
3cac00000000000000
3cb000000000000000
3cb400000000000000
3cb800000000000000
3cbc00000000000000
3cc000000000000000
3cc400000000000000
3cc800000000000000
3ccc00000000000000
3cd000000000000000
3cd400000000000000
3cd800000000000000
3cdc00000000000000
3ce000000000000000
3ce400000000000000
3ce800000000000000
3cec00000000000000
3cf000000000000000
3cf400000000000000
3cf800000000000000
3cfc00000000000000
3d0000000000000000
3d0400000000000000
3d0800000000000000
3d0c00000000000000
3d1000000000000000
3d1400000000000000
3d1800000000000000
3d1c00000000000000
3d2000000000000000
3d2400000000000000
3d2800000000000000
3d2c00000000000000
3d3000000000000000
3d3400000000000000
3d3800000000000000
3d3c00000000000000
3d4000000000000000
3d4400000000000000
3d4800000000000000
3d4c00000000000000
3d5000000000000000
3d5400000000000000
3d5800000000000000
3d5c00000000000000
3d6000000000000000
3d6400000000000000
3d6800000000000000
3d6c00000000000000
3d7000000000000000
3d7400000000000000
3d7800000000000000
3d7c00000000000000
3d8000000000000000
3d8400000000000000
3d8800000000000000
3d8c00000000000000
3d9000000000000000
3d9400000000000000
3d9800000000000000
3d9c00000000000000
3da000000000000000
3da400000000000000
3da800000000000000
3dac00000000000000
3db000000000000000
3db400000000000000
3db800000000000000
3dbc00000000000000
3dc000000000000000
3dc400000000000000
3dc800000000000000
3dcc00000000000000
3dd000000000000000
3dd400000000000000
3dd800000000000000
3ddc00000000000000
3de000000000000000
3de400000000000000
3de800000000000000
3dec00000000000000
3df000000000000000
3df400000000000000
3df800000000000000
3dfc00000000000000
3e0000000000000000
3e0400000000000000
3e0800000000000000
3e0c00000000000000
3e1000000000000000
3e1400000000000000
3e1800000000000000
3e1c00000000000000
3e2000000000000000
3e2400000000000000
3e2800000000000000
3e2c00000000000000
3e3000000000000000
3e3400000000000000
3e3800000000000000
3e3c00000000000000
3e4000000000000000
3e4400000000000000
3e4800000000000000
3e4c00000000000000
3e5000000000000000
3e5400000000000000
3e5800000000000000
3e5c00000000000000
3e6000000000000000
3e6400000000000000
3e6800000000000000
3e6c00000000000000
3e7000000000000000
3e7400000000000000
3e7800000000000000
3e7c00000000000000
3e8000000000000000
3e8400000000000000
3e8800000000000000
3e8c00000000000000
3e9000000000000000
3e9400000000000000
3e9800000000000000
3e9c00000000000000
3ea000000000000000
3ea400000000000000
3ea800000000000000
3eac00000000000000
3eb000000000000000
3eb400000000000000
3eb800000000000000
3ebc00000000000000
3ec000000000000000
3ec400000000000000
3ec800000000000000
3ecc00000000000000
3ed000000000000000
3ed400000000000000
3ed800000000000000
3edc00000000000000
3ee000000000000000
3ee400000000000000
3ee800000000000000
3eec00000000000000
3ef000000000000000
3ef400000000000000
3ef800000000000000
3efc00000000000000
3f0000000000000000
3f0400000000000000
3f0800000000000000
3f0c00000000000000
3f1000000000000000
3f1400000000000000
3f1800000000000000
3f1c00000000000000
3f2000000000000000
3f2400000000000000
3f2800000000000000
3f2c00000000000000
3f3000000000000000
3f3400000000000000
3f3800000000000000
3f3c00000000000000
3f4000000000000000
3f4400000000000000
3f4800000000000000
3f4c00000000000000
3f5000000000000000
3f5400000000000000
3f5800000000000000
3f5c00000000000000
3f6000000000000000
3f6400000000000000
3f6800000000000000
3f6c00000000000000
3f7000000000000000
3f7400000000000000
3f7800000000000000
3f7c00000000000000
3f8000000000000000
3f8400000000000000
3f8800000000000000
3f8c00000000000000
3f9000000000000000
3f9400000000000000
3f9800000000000000
3f9c00000000000000
3fa000000000000000
3fa400000000000000
3fa800000000000000
3fac00000000000000
3fb000000000000000
3fb400000000000000
3fb800000000000000
3fbc00000000000000
3fc000000000000000
3fc400000000000000
3fc800000000000000
3fcc00000000000000
3fd000000000000000
3fd400000000000000
3fd800000000000000
3fdc00000000000000
3fe000000000000000
3fe400000000000000
3fe800000000000000
3fec00000000000000
3ff000000000000000
3ff400000000000000
3ff800000000000000
7ffc00000000000000
000000000040000000
000400000040000000
000800000040000000
000c00000040000000
001000000040000000
001400000040000000
001800000040000000
001c00000040000000
002000000040000000
002400000040000000
002800000040000000
002c00000040000000
003000000040000000
003400000040000000
003800000040000000
003c00000040000000
004000000040000000
004400000040000000
004800000040000000
004c00000040000000
005000000040000000
005400000040000000
005800000040000000
005c00000040000000
006000000040000000
006400000040000000
006800000040000000
006c00000040000000
007000000040000000
007400000040000000
007800000040000000
007c00000040000000
008000000040000000
008400000040000000
008800000040000000
008c00000040000000
009000000040000000
009400000040000000
009800000040000000
009c00000040000000
00a000000040000000
00a400000040000000
00a800000040000000
00ac00000040000000
00b000000040000000
00b400000040000000
00b800000040000000
00bc00000040000000
00c000000040000000
00c400000040000000
00c800000040000000
00cc00000040000000
00d000000040000000
00d400000040000000
00d800000040000000
00dc00000040000000
00e000000040000000
00e400000040000000
00e800000040000000
00ec00000040000000
00f000000040000000
00f400000040000000
00f800000040000000
00fc00000040000000
010000000040000000
010400000040000000
010800000040000000
010c00000040000000
011000000040000000
011400000040000000
011800000040000000
011c00000040000000
012000000040000000
012400000040000000
012800000040000000
012c00000040000000
013000000040000000
013400000040000000
013800000040000000
013c00000040000000
014000000040000000
014400000040000000
014800000040000000
014c00000040000000
015000000040000000
015400000040000000
015800000040000000
015c00000040000000
016000000040000000
016400000040000000
016800000040000000
016c00000040000000
017000000040000000
017400000040000000
017800000040000000
017c00000040000000
018000000040000000
018400000040000000
018800000040000000
018c00000040000000
019000000040000000
019400000040000000
019800000040000000
019c00000040000000
01a000000040000000
01a400000040000000
01a800000040000000
01ac00000040000000
01b000000040000000
01b400000040000000
01b800000040000000
01bc00000040000000
01c000000040000000
01c400000040000000
01c800000040000000
01cc00000040000000
01d000000040000000
01d400000040000000
01d800000040000000
01dc00000040000000
01e000000040000000
01e400000040000000
01e800000040000000
01ec00000040000000
01f000000040000000
01f400000040000000
01f800000040000000
01fc00000040000000
020000000040000000
020400000040000000
020800000040000000
020c00000040000000
021000000040000000
021400000040000000
021800000040000000
021c00000040000000
022000000040000000
022400000040000000
022800000040000000
022c00000040000000
023000000040000000
023400000040000000
023800000040000000
023c00000040000000
024000000040000000
024400000040000000
024800000040000000
024c00000040000000
025000000040000000
025400000040000000
025800000040000000
025c00000040000000
026000000040000000
026400000040000000
026800000040000000
026c00000040000000
027000000040000000
027400000040000000
027800000040000000
027c00000040000000
028000000040000000
028400000040000000
028800000040000000
028c00000040000000
029000000040000000
029400000040000000
029800000040000000
029c00000040000000
02a000000040000000
02a400000040000000
02a800000040000000
02ac00000040000000
02b000000040000000
02b400000040000000
02b800000040000000
02bc00000040000000
02c000000040000000
02c400000040000000
02c800000040000000
02cc00000040000000
02d000000040000000
02d400000040000000
02d800000040000000
02dc00000040000000
02e000000040000000
02e400000040000000
02e800000040000000
02ec00000040000000
02f000000040000000
02f400000040000000
02f800000040000000
02fc00000040000000
030000000040000000
030400000040000000
030800000040000000
030c00000040000000
031000000040000000
031400000040000000
031800000040000000
031c00000040000000
032000000040000000
032400000040000000
032800000040000000
032c00000040000000
033000000040000000
033400000040000000
033800000040000000
033c00000040000000
034000000040000000
034400000040000000
034800000040000000
034c00000040000000
035000000040000000
035400000040000000
035800000040000000
035c00000040000000
036000000040000000
036400000040000000
036800000040000000
036c00000040000000
037000000040000000
037400000040000000
037800000040000000
037c00000040000000
038000000040000000
038400000040000000
038800000040000000
038c00000040000000
039000000040000000
039400000040000000
039800000040000000
039c00000040000000
03a000000040000000
03a400000040000000
03a800000040000000
03ac00000040000000
03b000000040000000
03b400000040000000
03b800000040000000
03bc00000040000000
03c000000040000000
03c400000040000000
03c800000040000000
03cc00000040000000
03d000000040000000
03d400000040000000
03d800000040000000
03dc00000040000000
03e000000040000000
03e400000040000000
03e800000040000000
03ec00000040000000
03f000000040000000
03f400000040000000
03f800000040000000
03fc00000040000000
040000000040000000
040400000040000000
040800000040000000
040c00000040000000
041000000040000000
041400000040000000
041800000040000000
041c00000040000000
042000000040000000
042400000040000000
042800000040000000
042c00000040000000
043000000040000000
043400000040000000
043800000040000000
043c00000040000000
044000000040000000
044400000040000000
044800000040000000
044c00000040000000
045000000040000000
045400000040000000
045800000040000000
045c00000040000000
046000000040000000
046400000040000000
046800000040000000
046c00000040000000
047000000040000000
047400000040000000
047800000040000000
047c00000040000000
048000000040000000
048400000040000000
048800000040000000
048c00000040000000
049000000040000000
049400000040000000
049800000040000000
049c00000040000000
04a000000040000000
04a400000040000000
04a800000040000000
04ac00000040000000
04b000000040000000
04b400000040000000
04b800000040000000
04bc00000040000000
04c000000040000000
04c400000040000000
04c800000040000000
04cc00000040000000
04d000000040000000
04d400000040000000
04d800000040000000
04dc00000040000000
04e000000040000000
04e400000040000000
04e800000040000000
04ec00000040000000
04f000000040000000
04f400000040000000
04f800000040000000
04fc00000040000000
050000000040000000
050400000040000000
050800000040000000
050c00000040000000
051000000040000000
051400000040000000
051800000040000000
051c00000040000000
052000000040000000
052400000040000000
052800000040000000
052c00000040000000
053000000040000000
053400000040000000
053800000040000000
053c00000040000000
054000000040000000
054400000040000000
054800000040000000
054c00000040000000
055000000040000000
055400000040000000
055800000040000000
055c00000040000000
056000000040000000
056400000040000000
056800000040000000
056c00000040000000
057000000040000000
057400000040000000
057800000040000000
057c00000040000000
058000000040000000
058400000040000000
058800000040000000
058c00000040000000
059000000040000000
059400000040000000
059800000040000000
059c00000040000000
05a000000040000000
05a400000040000000
05a800000040000000
05ac00000040000000
05b000000040000000
05b400000040000000
05b800000040000000
05bc00000040000000
05c000000040000000
05c400000040000000
05c800000040000000
05cc00000040000000
05d000000040000000
05d400000040000000
05d800000040000000
05dc00000040000000
05e000000040000000
05e400000040000000
05e800000040000000
05ec00000040000000
05f000000040000000
05f400000040000000
05f800000040000000
05fc00000040000000
060000000040000000
060400000040000000
060800000040000000
060c00000040000000
061000000040000000
061400000040000000
061800000040000000
061c00000040000000
062000000040000000
062400000040000000
062800000040000000
062c00000040000000
063000000040000000
063400000040000000
063800000040000000
063c00000040000000
064000000040000000
064400000040000000
064800000040000000
064c00000040000000
065000000040000000
065400000040000000
065800000040000000
065c00000040000000
066000000040000000
066400000040000000
066800000040000000
066c00000040000000
067000000040000000
067400000040000000
067800000040000000
067c00000040000000
068000000040000000
068400000040000000
068800000040000000
068c00000040000000
069000000040000000
069400000040000000
069800000040000000
069c00000040000000
06a000000040000000
06a400000040000000
06a800000040000000
06ac00000040000000
06b000000040000000
06b400000040000000
06b800000040000000
06bc00000040000000
06c000000040000000
06c400000040000000
06c800000040000000
06cc00000040000000
06d000000040000000
06d400000040000000
06d800000040000000
06dc00000040000000
06e000000040000000
06e400000040000000
06e800000040000000
06ec00000040000000
06f000000040000000
06f400000040000000
06f800000040000000
06fc00000040000000
070000000040000000
070400000040000000
070800000040000000
070c00000040000000
071000000040000000
071400000040000000
071800000040000000
071c00000040000000
072000000040000000
072400000040000000
072800000040000000
072c00000040000000
073000000040000000
073400000040000000
073800000040000000
073c00000040000000
074000000040000000
074400000040000000
074800000040000000
074c00000040000000
075000000040000000
075400000040000000
075800000040000000
075c00000040000000
076000000040000000
076400000040000000
076800000040000000
076c00000040000000
077000000040000000
077400000040000000
077800000040000000
077c00000040000000
078000000040000000
078400000040000000
078800000040000000
078c00000040000000
079000000040000000
079400000040000000
079800000040000000
079c00000040000000
07a000000040000000
07a400000040000000
07a800000040000000
07ac00000040000000
07b000000040000000
07b400000040000000
07b800000040000000
07bc00000040000000
07c000000040000000
07c400000040000000
07c800000040000000
07cc00000040000000
07d000000040000000
07d400000040000000
07d800000040000000
07dc00000040000000
07e000000040000000
07e400000040000000
07e800000040000000
07ec00000040000000
07f000000040000000
07f400000040000000
07f800000040000000
07fc00000040000000
080000000040000000
080400000040000000
080800000040000000
080c00000040000000
081000000040000000
081400000040000000
081800000040000000
081c00000040000000
082000000040000000
082400000040000000
082800000040000000
082c00000040000000
083000000040000000
083400000040000000
083800000040000000
083c00000040000000
084000000040000000
084400000040000000
084800000040000000
084c00000040000000
085000000040000000
085400000040000000
085800000040000000
085c00000040000000
086000000040000000
086400000040000000
086800000040000000
086c00000040000000
087000000040000000
087400000040000000
087800000040000000
087c00000040000000
088000000040000000
088400000040000000
088800000040000000
088c00000040000000
089000000040000000
089400000040000000
089800000040000000
089c00000040000000
08a000000040000000
08a400000040000000
08a800000040000000
08ac00000040000000
08b000000040000000
08b400000040000000
08b800000040000000
08bc00000040000000
08c000000040000000
08c400000040000000
08c800000040000000
08cc00000040000000
08d000000040000000
08d400000040000000
08d800000040000000
08dc00000040000000
08e000000040000000
08e400000040000000
08e800000040000000
08ec00000040000000
08f000000040000000
08f400000040000000
08f800000040000000
08fc00000040000000
090000000040000000
090400000040000000
090800000040000000
090c00000040000000
091000000040000000
091400000040000000
091800000040000000
091c00000040000000
092000000040000000
092400000040000000
092800000040000000
092c00000040000000
093000000040000000
093400000040000000
093800000040000000
093c00000040000000
094000000040000000
094400000040000000
094800000040000000
094c00000040000000
095000000040000000
095400000040000000
095800000040000000
095c00000040000000
096000000040000000
096400000040000000
096800000040000000
096c00000040000000
097000000040000000
097400000040000000
097800000040000000
097c00000040000000
098000000040000000
098400000040000000
098800000040000000
098c00000040000000
099000000040000000
099400000040000000
099800000040000000
099c00000040000000
09a000000040000000
09a400000040000000
09a800000040000000
09ac00000040000000
09b000000040000000
09b400000040000000
09b800000040000000
09bc00000040000000
09c000000040000000
09c400000040000000
09c800000040000000
09cc00000040000000
09d000000040000000
09d400000040000000
09d800000040000000
09dc00000040000000
09e000000040000000
09e400000040000000
09e800000040000000
09ec00000040000000
09f000000040000000
09f400000040000000
09f800000040000000
09fc00000040000000
0a0000000040000000
0a0400000040000000
0a0800000040000000
0a0c00000040000000
0a1000000040000000
0a1400000040000000
0a1800000040000000
0a1c00000040000000
0a2000000040000000
0a2400000040000000
0a2800000040000000
0a2c00000040000000
0a3000000040000000
0a3400000040000000
0a3800000040000000
0a3c00000040000000
0a4000000040000000
0a4400000040000000
0a4800000040000000
0a4c00000040000000
0a5000000040000000
0a5400000040000000
0a5800000040000000
0a5c00000040000000
0a6000000040000000
0a6400000040000000
0a6800000040000000
0a6c00000040000000
0a7000000040000000
0a7400000040000000
0a7800000040000000
0a7c00000040000000
0a8000000040000000
0a8400000040000000
0a8800000040000000
0a8c00000040000000
0a9000000040000000
0a9400000040000000
0a9800000040000000
0a9c00000040000000
0aa000000040000000
0aa400000040000000
0aa800000040000000
0aac00000040000000
0ab000000040000000
0ab400000040000000
0ab800000040000000
0abc00000040000000
0ac000000040000000
0ac400000040000000
0ac800000040000000
0acc00000040000000
0ad000000040000000
0ad400000040000000
0ad800000040000000
0adc00000040000000
0ae000000040000000
0ae400000040000000
0ae800000040000000
0aec00000040000000
0af000000040000000
0af400000040000000
0af800000040000000
0afc00000040000000
0b0000000040000000
0b0400000040000000
0b0800000040000000
0b0c00000040000000
0b1000000040000000
0b1400000040000000
0b1800000040000000
0b1c00000040000000
0b2000000040000000
0b2400000040000000
0b2800000040000000
0b2c00000040000000
0b3000000040000000
0b3400000040000000
0b3800000040000000
0b3c00000040000000
0b4000000040000000
0b4400000040000000
0b4800000040000000
0b4c00000040000000
0b5000000040000000
0b5400000040000000
0b5800000040000000
0b5c00000040000000
0b6000000040000000
0b6400000040000000
0b6800000040000000
0b6c00000040000000
0b7000000040000000
0b7400000040000000
0b7800000040000000
0b7c00000040000000
0b8000000040000000
0b8400000040000000
0b8800000040000000
0b8c00000040000000
0b9000000040000000
0b9400000040000000
0b9800000040000000
0b9c00000040000000
0ba000000040000000
0ba400000040000000
0ba800000040000000
0bac00000040000000
0bb000000040000000
0bb400000040000000
0bb800000040000000
0bbc00000040000000
0bc000000040000000
0bc400000040000000
0bc800000040000000
0bcc00000040000000
0bd000000040000000
0bd400000040000000
0bd800000040000000
0bdc00000040000000
0be000000040000000
0be400000040000000
0be800000040000000
0bec00000040000000
0bf000000040000000
0bf400000040000000
0bf800000040000000
0bfc00000040000000
0c0000000040000000
0c0400000040000000
0c0800000040000000
0c0c00000040000000
0c1000000040000000
0c1400000040000000
0c1800000040000000
0c1c00000040000000
0c2000000040000000
0c2400000040000000
0c2800000040000000
0c2c00000040000000
0c3000000040000000
0c3400000040000000
0c3800000040000000
0c3c00000040000000
0c4000000040000000
0c4400000040000000
0c4800000040000000
0c4c00000040000000
0c5000000040000000
0c5400000040000000
0c5800000040000000
0c5c00000040000000
0c6000000040000000
0c6400000040000000
0c6800000040000000
0c6c00000040000000
0c7000000040000000
0c7400000040000000
0c7800000040000000
0c7c00000040000000
0c8000000040000000
0c8400000040000000
0c8800000040000000
0c8c00000040000000
0c9000000040000000
0c9400000040000000
0c9800000040000000
0c9c00000040000000
0ca000000040000000
0ca400000040000000
0ca800000040000000
0cac00000040000000
0cb000000040000000
0cb400000040000000
0cb800000040000000
0cbc00000040000000
0cc000000040000000
0cc400000040000000
0cc800000040000000
0ccc00000040000000
0cd000000040000000
0cd400000040000000
0cd800000040000000
0cdc00000040000000
0ce000000040000000
0ce400000040000000
0ce800000040000000
0cec00000040000000
0cf000000040000000
0cf400000040000000
0cf800000040000000
0cfc00000040000000
0d0000000040000000
0d0400000040000000
0d0800000040000000
0d0c00000040000000
0d1000000040000000
0d1400000040000000
0d1800000040000000
0d1c00000040000000
0d2000000040000000
0d2400000040000000
0d2800000040000000
0d2c00000040000000
0d3000000040000000
0d3400000040000000
0d3800000040000000
0d3c00000040000000
0d4000000040000000
0d4400000040000000
0d4800000040000000
0d4c00000040000000
0d5000000040000000
0d5400000040000000
0d5800000040000000
0d5c00000040000000
0d6000000040000000
0d6400000040000000
0d6800000040000000
0d6c00000040000000
0d7000000040000000
0d7400000040000000
0d7800000040000000
0d7c00000040000000
0d8000000040000000
0d8400000040000000
0d8800000040000000
0d8c00000040000000
0d9000000040000000
0d9400000040000000
0d9800000040000000
0d9c00000040000000
0da000000040000000
0da400000040000000
0da800000040000000
0dac00000040000000
0db000000040000000
0db400000040000000
0db800000040000000
0dbc00000040000000
0dc000000040000000
0dc400000040000000
0dc800000040000000
0dcc00000040000000
0dd000000040000000
0dd400000040000000
0dd800000040000000
0ddc00000040000000
0de000000040000000
0de400000040000000
0de800000040000000
0dec00000040000000
0df000000040000000
0df400000040000000
0df800000040000000
0dfc00000040000000
0e0000000040000000
0e0400000040000000
0e0800000040000000
0e0c00000040000000
0e1000000040000000
0e1400000040000000
0e1800000040000000
0e1c00000040000000
0e2000000040000000
0e2400000040000000
0e2800000040000000
0e2c00000040000000
0e3000000040000000
0e3400000040000000
0e3800000040000000
0e3c00000040000000
0e4000000040000000
0e4400000040000000
0e4800000040000000
0e4c00000040000000
0e5000000040000000
0e5400000040000000
0e5800000040000000
0e5c00000040000000
0e6000000040000000
0e6400000040000000
0e6800000040000000
0e6c00000040000000
0e7000000040000000
0e7400000040000000
0e7800000040000000
0e7c00000040000000
0e8000000040000000
0e8400000040000000
0e8800000040000000
0e8c00000040000000
0e9000000040000000
0e9400000040000000
0e9800000040000000
0e9c00000040000000
0ea000000040000000
0ea400000040000000
0ea800000040000000
0eac00000040000000
0eb000000040000000
0eb400000040000000
0eb800000040000000
0ebc00000040000000
0ec000000040000000
0ec400000040000000
0ec800000040000000
0ecc00000040000000
0ed000000040000000
0ed400000040000000
0ed800000040000000
0edc00000040000000
0ee000000040000000
0ee400000040000000
0ee800000040000000
0eec00000040000000
0ef000000040000000
0ef400000040000000
0ef800000040000000
0efc00000040000000
0f0000000040000000
0f0400000040000000
0f0800000040000000
0f0c00000040000000
0f1000000040000000
0f1400000040000000
0f1800000040000000
0f1c00000040000000
0f2000000040000000
0f2400000040000000
0f2800000040000000
0f2c00000040000000
0f3000000040000000
0f3400000040000000
0f3800000040000000
0f3c00000040000000
0f4000000040000000
0f4400000040000000
0f4800000040000000
0f4c00000040000000
0f5000000040000000
0f5400000040000000
0f5800000040000000
0f5c00000040000000
0f6000000040000000
0f6400000040000000
0f6800000040000000
0f6c00000040000000
0f7000000040000000
0f7400000040000000
0f7800000040000000
0f7c00000040000000
0f8000000040000000
0f8400000040000000
0f8800000040000000
0f8c00000040000000
0f9000000040000000
0f9400000040000000
0f9800000040000000
0f9c00000040000000
0fa000000040000000
0fa400000040000000
0fa800000040000000
0fac00000040000000
0fb000000040000000
0fb400000040000000
0fb800000040000000
0fbc00000040000000
0fc000000040000000
0fc400000040000000
0fc800000040000000
0fcc00000040000000
0fd000000040000000
0fd400000040000000
0fd800000040000000
0fdc00000040000000
0fe000000040000000
0fe400000040000000
0fe800000040000000
0fec00000040000000
0ff000000040000000
0ff400000040000000
0ff800000040000000
0ffc00000040000000
100000000040000000
100400000040000000
100800000040000000
100c00000040000000
101000000040000000
101400000040000000
101800000040000000
101c00000040000000
102000000040000000
102400000040000000
102800000040000000
102c00000040000000
103000000040000000
103400000040000000
103800000040000000
103c00000040000000
104000000040000000
104400000040000000
104800000040000000
104c00000040000000
105000000040000000
105400000040000000
105800000040000000
105c00000040000000
106000000040000000
106400000040000000
106800000040000000
106c00000040000000
107000000040000000
107400000040000000
107800000040000000
107c00000040000000
108000000040000000
108400000040000000
108800000040000000
108c00000040000000
109000000040000000
109400000040000000
109800000040000000
109c00000040000000
10a000000040000000
10a400000040000000
10a800000040000000
10ac00000040000000
10b000000040000000
10b400000040000000
10b800000040000000
10bc00000040000000
10c000000040000000
10c400000040000000
10c800000040000000
10cc00000040000000
10d000000040000000
10d400000040000000
10d800000040000000
10dc00000040000000
10e000000040000000
10e400000040000000
10e800000040000000
10ec00000040000000
10f000000040000000
10f400000040000000
10f800000040000000
10fc00000040000000
110000000040000000
110400000040000000
110800000040000000
110c00000040000000
111000000040000000
111400000040000000
111800000040000000
111c00000040000000
112000000040000000
112400000040000000
112800000040000000
112c00000040000000
113000000040000000
113400000040000000
113800000040000000
113c00000040000000
114000000040000000
114400000040000000
114800000040000000
114c00000040000000
115000000040000000
115400000040000000
115800000040000000
115c00000040000000
116000000040000000
116400000040000000
116800000040000000
116c00000040000000
117000000040000000
117400000040000000
117800000040000000
117c00000040000000
118000000040000000
118400000040000000
118800000040000000
118c00000040000000
119000000040000000
119400000040000000
119800000040000000
119c00000040000000
11a000000040000000
11a400000040000000
11a800000040000000
11ac00000040000000
11b000000040000000
11b400000040000000
11b800000040000000
11bc00000040000000
11c000000040000000
11c400000040000000
11c800000040000000
11cc00000040000000
11d000000040000000
11d400000040000000
11d800000040000000
11dc00000040000000
11e000000040000000
11e400000040000000
11e800000040000000
11ec00000040000000
11f000000040000000
11f400000040000000
11f800000040000000
11fc00000040000000
120000000040000000
120400000040000000
120800000040000000
120c00000040000000
121000000040000000
121400000040000000
121800000040000000
121c00000040000000
122000000040000000
122400000040000000
122800000040000000
122c00000040000000
123000000040000000
123400000040000000
123800000040000000
123c00000040000000
124000000040000000
124400000040000000
124800000040000000
124c00000040000000
125000000040000000
125400000040000000
125800000040000000
125c00000040000000
126000000040000000
126400000040000000
126800000040000000
126c00000040000000
127000000040000000
127400000040000000
127800000040000000
127c00000040000000
128000000040000000
128400000040000000
128800000040000000
128c00000040000000
129000000040000000
129400000040000000
129800000040000000
129c00000040000000
12a000000040000000
12a400000040000000
12a800000040000000
12ac00000040000000
12b000000040000000
12b400000040000000
12b800000040000000
12bc00000040000000
12c000000040000000
12c400000040000000
12c800000040000000
12cc00000040000000
12d000000040000000
12d400000040000000
12d800000040000000
12dc00000040000000
12e000000040000000
12e400000040000000
12e800000040000000
12ec00000040000000
12f000000040000000
12f400000040000000
12f800000040000000
12fc00000040000000
130000000040000000
130400000040000000
130800000040000000
130c00000040000000
131000000040000000
131400000040000000
131800000040000000
131c00000040000000
132000000040000000
132400000040000000
132800000040000000
132c00000040000000
133000000040000000
133400000040000000
133800000040000000
133c00000040000000
134000000040000000
134400000040000000
134800000040000000
134c00000040000000
135000000040000000
135400000040000000
135800000040000000
135c00000040000000
136000000040000000
136400000040000000
136800000040000000
136c00000040000000
137000000040000000
137400000040000000
137800000040000000
137c00000040000000
138000000040000000
138400000040000000
138800000040000000
138c00000040000000
139000000040000000
139400000040000000
139800000040000000
139c00000040000000
13a000000040000000
13a400000040000000
13a800000040000000
13ac00000040000000
13b000000040000000
13b400000040000000
13b800000040000000
13bc00000040000000
13c000000040000000
13c400000040000000
13c800000040000000
13cc00000040000000
13d000000040000000
13d400000040000000
13d800000040000000
13dc00000040000000
13e000000040000000
13e400000040000000
13e800000040000000
13ec00000040000000
13f000000040000000
13f400000040000000
13f800000040000000
13fc00000040000000
140000000040000000
140400000040000000
140800000040000000
140c00000040000000
141000000040000000
141400000040000000
141800000040000000
141c00000040000000
142000000040000000
142400000040000000
142800000040000000
142c00000040000000
143000000040000000
143400000040000000
143800000040000000
143c00000040000000
144000000040000000
144400000040000000
144800000040000000
144c00000040000000
145000000040000000
145400000040000000
145800000040000000
145c00000040000000
146000000040000000
146400000040000000
146800000040000000
146c00000040000000
147000000040000000
147400000040000000
147800000040000000
147c00000040000000
148000000040000000
148400000040000000
148800000040000000
148c00000040000000
149000000040000000
149400000040000000
149800000040000000
149c00000040000000
14a000000040000000
14a400000040000000
14a800000040000000
14ac00000040000000
14b000000040000000
14b400000040000000
14b800000040000000
14bc00000040000000
14c000000040000000
14c400000040000000
14c800000040000000
14cc00000040000000
14d000000040000000
14d400000040000000
14d800000040000000
14dc00000040000000
14e000000040000000
14e400000040000000
14e800000040000000
14ec00000040000000
14f000000040000000
14f400000040000000
14f800000040000000
14fc00000040000000
150000000040000000
150400000040000000
150800000040000000
150c00000040000000
151000000040000000
151400000040000000
151800000040000000
151c00000040000000
152000000040000000
152400000040000000
152800000040000000
152c00000040000000
153000000040000000
153400000040000000
153800000040000000
153c00000040000000
154000000040000000
154400000040000000
154800000040000000
154c00000040000000
155000000040000000
155400000040000000
155800000040000000
155c00000040000000
156000000040000000
156400000040000000
156800000040000000
156c00000040000000
157000000040000000
157400000040000000
157800000040000000
157c00000040000000
158000000040000000
158400000040000000
158800000040000000
158c00000040000000
159000000040000000
159400000040000000
159800000040000000
159c00000040000000
15a000000040000000
15a400000040000000
15a800000040000000
15ac00000040000000
15b000000040000000
15b400000040000000
15b800000040000000
15bc00000040000000
15c000000040000000
15c400000040000000
15c800000040000000
15cc00000040000000
15d000000040000000
15d400000040000000
15d800000040000000
15dc00000040000000
15e000000040000000
15e400000040000000
15e800000040000000
15ec00000040000000
15f000000040000000
15f400000040000000
15f800000040000000
15fc00000040000000
160000000040000000
160400000040000000
160800000040000000
160c00000040000000
161000000040000000
161400000040000000
161800000040000000
161c00000040000000
162000000040000000
162400000040000000
162800000040000000
162c00000040000000
163000000040000000
163400000040000000
163800000040000000
163c00000040000000
164000000040000000
164400000040000000
164800000040000000
164c00000040000000
165000000040000000
165400000040000000
165800000040000000
165c00000040000000
166000000040000000
166400000040000000
166800000040000000
166c00000040000000
167000000040000000
167400000040000000
167800000040000000
167c00000040000000
168000000040000000
168400000040000000
168800000040000000
168c00000040000000
169000000040000000
169400000040000000
169800000040000000
169c00000040000000
16a000000040000000
16a400000040000000
16a800000040000000
16ac00000040000000
16b000000040000000
16b400000040000000
16b800000040000000
16bc00000040000000
16c000000040000000
16c400000040000000
16c800000040000000
16cc00000040000000
16d000000040000000
16d400000040000000
16d800000040000000
16dc00000040000000
16e000000040000000
16e400000040000000
16e800000040000000
16ec00000040000000
16f000000040000000
16f400000040000000
16f800000040000000
16fc00000040000000
170000000040000000
170400000040000000
170800000040000000
170c00000040000000
171000000040000000
171400000040000000
171800000040000000
171c00000040000000
172000000040000000
172400000040000000
172800000040000000
172c00000040000000
173000000040000000
173400000040000000
173800000040000000
173c00000040000000
174000000040000000
174400000040000000
174800000040000000
174c00000040000000
175000000040000000
175400000040000000
175800000040000000
175c00000040000000
176000000040000000
176400000040000000
176800000040000000
176c00000040000000
177000000040000000
177400000040000000
177800000040000000
177c00000040000000
178000000040000000
178400000040000000
178800000040000000
178c00000040000000
179000000040000000
179400000040000000
179800000040000000
179c00000040000000
17a000000040000000
17a400000040000000
17a800000040000000
17ac00000040000000
17b000000040000000
17b400000040000000
17b800000040000000
17bc00000040000000
17c000000040000000
17c400000040000000
17c800000040000000
17cc00000040000000
17d000000040000000
17d400000040000000
17d800000040000000
17dc00000040000000
17e000000040000000
17e400000040000000
17e800000040000000
17ec00000040000000
17f000000040000000
17f400000040000000
17f800000040000000
17fc00000040000000
180000000040000000
180400000040000000
180800000040000000
180c00000040000000
181000000040000000
181400000040000000
181800000040000000
181c00000040000000
182000000040000000
182400000040000000
182800000040000000
182c00000040000000
183000000040000000
183400000040000000
183800000040000000
183c00000040000000
184000000040000000
184400000040000000
184800000040000000
184c00000040000000
185000000040000000
185400000040000000
185800000040000000
185c00000040000000
186000000040000000
186400000040000000
186800000040000000
186c00000040000000
187000000040000000
187400000040000000
187800000040000000
187c00000040000000
188000000040000000
188400000040000000
188800000040000000
188c00000040000000
189000000040000000
189400000040000000
189800000040000000
189c00000040000000
18a000000040000000
18a400000040000000
18a800000040000000
18ac00000040000000
18b000000040000000
18b400000040000000
18b800000040000000
18bc00000040000000
18c000000040000000
18c400000040000000
18c800000040000000
18cc00000040000000
18d000000040000000
18d400000040000000
18d800000040000000
18dc00000040000000
18e000000040000000
18e400000040000000
18e800000040000000
18ec00000040000000
18f000000040000000
18f400000040000000
18f800000040000000
18fc00000040000000
190000000040000000
190400000040000000
190800000040000000
190c00000040000000
191000000040000000
191400000040000000
191800000040000000
191c00000040000000
192000000040000000
192400000040000000
192800000040000000
192c00000040000000
193000000040000000
193400000040000000
193800000040000000
193c00000040000000
194000000040000000
194400000040000000
194800000040000000
194c00000040000000
195000000040000000
195400000040000000
195800000040000000
195c00000040000000
196000000040000000
196400000040000000
196800000040000000
196c00000040000000
197000000040000000
197400000040000000
197800000040000000
197c00000040000000
198000000040000000
198400000040000000
198800000040000000
198c00000040000000
199000000040000000
199400000040000000
199800000040000000
199c00000040000000
19a000000040000000
19a400000040000000
19a800000040000000
19ac00000040000000
19b000000040000000
19b400000040000000
19b800000040000000
19bc00000040000000
19c000000040000000
19c400000040000000
19c800000040000000
19cc00000040000000
19d000000040000000
19d400000040000000
19d800000040000000
19dc00000040000000
19e000000040000000
19e400000040000000
19e800000040000000
19ec00000040000000
19f000000040000000
19f400000040000000
19f800000040000000
19fc00000040000000
1a0000000040000000
1a0400000040000000
1a0800000040000000
1a0c00000040000000
1a1000000040000000
1a1400000040000000
1a1800000040000000
1a1c00000040000000
1a2000000040000000
1a2400000040000000
1a2800000040000000
1a2c00000040000000
1a3000000040000000
1a3400000040000000
1a3800000040000000
1a3c00000040000000
1a4000000040000000
1a4400000040000000
1a4800000040000000
1a4c00000040000000
1a5000000040000000
1a5400000040000000
1a5800000040000000
1a5c00000040000000
1a6000000040000000
1a6400000040000000
1a6800000040000000
1a6c00000040000000
1a7000000040000000
1a7400000040000000
1a7800000040000000
1a7c00000040000000
1a8000000040000000
1a8400000040000000
1a8800000040000000
1a8c00000040000000
1a9000000040000000
1a9400000040000000
1a9800000040000000
1a9c00000040000000
1aa000000040000000
1aa400000040000000
1aa800000040000000
1aac00000040000000
1ab000000040000000
1ab400000040000000
1ab800000040000000
1abc00000040000000
1ac000000040000000
1ac400000040000000
1ac800000040000000
1acc00000040000000
1ad000000040000000
1ad400000040000000
1ad800000040000000
1adc00000040000000
1ae000000040000000
1ae400000040000000
1ae800000040000000
1aec00000040000000
1af000000040000000
1af400000040000000
1af800000040000000
1afc00000040000000
1b0000000040000000
1b0400000040000000
1b0800000040000000
1b0c00000040000000
1b1000000040000000
1b1400000040000000
1b1800000040000000
1b1c00000040000000
1b2000000040000000
1b2400000040000000
1b2800000040000000
1b2c00000040000000
1b3000000040000000
1b3400000040000000
1b3800000040000000
1b3c00000040000000
1b4000000040000000
1b4400000040000000
1b4800000040000000
1b4c00000040000000
1b5000000040000000
1b5400000040000000
1b5800000040000000
1b5c00000040000000
1b6000000040000000
1b6400000040000000
1b6800000040000000
1b6c00000040000000
1b7000000040000000
1b7400000040000000
1b7800000040000000
1b7c00000040000000
1b8000000040000000
1b8400000040000000
1b8800000040000000
1b8c00000040000000
1b9000000040000000
1b9400000040000000
1b9800000040000000
1b9c00000040000000
1ba000000040000000
1ba400000040000000
1ba800000040000000
1bac00000040000000
1bb000000040000000
1bb400000040000000
1bb800000040000000
1bbc00000040000000
1bc000000040000000
1bc400000040000000
1bc800000040000000
1bcc00000040000000
1bd000000040000000
1bd400000040000000
1bd800000040000000
1bdc00000040000000
1be000000040000000
1be400000040000000
1be800000040000000
1bec00000040000000
1bf000000040000000
1bf400000040000000
1bf800000040000000
1bfc00000040000000
1c0000000040000000
1c0400000040000000
1c0800000040000000
1c0c00000040000000
1c1000000040000000
1c1400000040000000
1c1800000040000000
1c1c00000040000000
1c2000000040000000
1c2400000040000000
1c2800000040000000
1c2c00000040000000
1c3000000040000000
1c3400000040000000
1c3800000040000000
1c3c00000040000000
1c4000000040000000
1c4400000040000000
1c4800000040000000
1c4c00000040000000
1c5000000040000000
1c5400000040000000
1c5800000040000000
1c5c00000040000000
1c6000000040000000
1c6400000040000000
1c6800000040000000
1c6c00000040000000
1c7000000040000000
1c7400000040000000
1c7800000040000000
1c7c00000040000000
1c8000000040000000
1c8400000040000000
1c8800000040000000
1c8c00000040000000
1c9000000040000000
1c9400000040000000
1c9800000040000000
1c9c00000040000000
1ca000000040000000
1ca400000040000000
1ca800000040000000
1cac00000040000000
1cb000000040000000
1cb400000040000000
1cb800000040000000
1cbc00000040000000
1cc000000040000000
1cc400000040000000
1cc800000040000000
1ccc00000040000000
1cd000000040000000
1cd400000040000000
1cd800000040000000
1cdc00000040000000
1ce000000040000000
1ce400000040000000
1ce800000040000000
1cec00000040000000
1cf000000040000000
1cf400000040000000
1cf800000040000000
1cfc00000040000000
1d0000000040000000
1d0400000040000000
1d0800000040000000
1d0c00000040000000
1d1000000040000000
1d1400000040000000
1d1800000040000000
1d1c00000040000000
1d2000000040000000
1d2400000040000000
1d2800000040000000
1d2c00000040000000
1d3000000040000000
1d3400000040000000
1d3800000040000000
1d3c00000040000000
1d4000000040000000
1d4400000040000000
1d4800000040000000
1d4c00000040000000
1d5000000040000000
1d5400000040000000
1d5800000040000000
1d5c00000040000000
1d6000000040000000
1d6400000040000000
1d6800000040000000
1d6c00000040000000
1d7000000040000000
1d7400000040000000
1d7800000040000000
1d7c00000040000000
1d8000000040000000
1d8400000040000000
1d8800000040000000
1d8c00000040000000
1d9000000040000000
1d9400000040000000
1d9800000040000000
1d9c00000040000000
1da000000040000000
1da400000040000000
1da800000040000000
1dac00000040000000
1db000000040000000
1db400000040000000
1db800000040000000
1dbc00000040000000
1dc000000040000000
1dc400000040000000
1dc800000040000000
1dcc00000040000000
1dd000000040000000
1dd400000040000000
1dd800000040000000
1ddc00000040000000
1de000000040000000
1de400000040000000
1de800000040000000
1dec00000040000000
1df000000040000000
1df400000040000000
1df800000040000000
1dfc00000040000000
1e0000000040000000
1e0400000040000000
1e0800000040000000
1e0c00000040000000
1e1000000040000000
1e1400000040000000
1e1800000040000000
1e1c00000040000000
1e2000000040000000
1e2400000040000000
1e2800000040000000
1e2c00000040000000
1e3000000040000000
1e3400000040000000
1e3800000040000000
1e3c00000040000000
1e4000000040000000
1e4400000040000000
1e4800000040000000
1e4c00000040000000
1e5000000040000000
1e5400000040000000
1e5800000040000000
1e5c00000040000000
1e6000000040000000
1e6400000040000000
1e6800000040000000
1e6c00000040000000
1e7000000040000000
1e7400000040000000
1e7800000040000000
1e7c00000040000000
1e8000000040000000
1e8400000040000000
1e8800000040000000
1e8c00000040000000
1e9000000040000000
1e9400000040000000
1e9800000040000000
1e9c00000040000000
1ea000000040000000
1ea400000040000000
1ea800000040000000
1eac00000040000000
1eb000000040000000
1eb400000040000000
1eb800000040000000
1ebc00000040000000
1ec000000040000000
1ec400000040000000
1ec800000040000000
1ecc00000040000000
1ed000000040000000
1ed400000040000000
1ed800000040000000
1edc00000040000000
1ee000000040000000
1ee400000040000000
1ee800000040000000
1eec00000040000000
1ef000000040000000
1ef400000040000000
1ef800000040000000
1efc00000040000000
1f0000000040000000
1f0400000040000000
1f0800000040000000
1f0c00000040000000
1f1000000040000000
1f1400000040000000
1f1800000040000000
1f1c00000040000000
1f2000000040000000
1f2400000040000000
1f2800000040000000
1f2c00000040000000
1f3000000040000000
1f3400000040000000
1f3800000040000000
1f3c00000040000000
1f4000000040000000
1f4400000040000000
1f4800000040000000
1f4c00000040000000
1f5000000040000000
1f5400000040000000
1f5800000040000000
1f5c00000040000000
1f6000000040000000
1f6400000040000000
1f6800000040000000
1f6c00000040000000
1f7000000040000000
1f7400000040000000
1f7800000040000000
1f7c00000040000000
1f8000000040000000
1f8400000040000000
1f8800000040000000
1f8c00000040000000
1f9000000040000000
1f9400000040000000
1f9800000040000000
1f9c00000040000000
1fa000000040000000
1fa400000040000000
1fa800000040000000
1fac00000040000000
1fb000000040000000
1fb400000040000000
1fb800000040000000
1fbc00000040000000
1fc000000040000000
1fc400000040000000
1fc800000040000000
1fcc00000040000000
1fd000000040000000
1fd400000040000000
1fd800000040000000
1fdc00000040000000
1fe000000040000000
1fe400000040000000
1fe800000040000000
1fec00000040000000
1ff000000040000000
1ff400000040000000
1ff800000040000000
1ffc00000040000000
200000000040000000
200400000040000000
200800000040000000
200c00000040000000
201000000040000000
201400000040000000
201800000040000000
201c00000040000000
202000000040000000
202400000040000000
202800000040000000
202c00000040000000
203000000040000000
203400000040000000
203800000040000000
203c00000040000000
204000000040000000
204400000040000000
204800000040000000
204c00000040000000
205000000040000000
205400000040000000
205800000040000000
205c00000040000000
206000000040000000
206400000040000000
206800000040000000
206c00000040000000
207000000040000000
207400000040000000
207800000040000000
207c00000040000000
208000000040000000
208400000040000000
208800000040000000
208c00000040000000
209000000040000000
209400000040000000
209800000040000000
209c00000040000000
20a000000040000000
20a400000040000000
20a800000040000000
20ac00000040000000
20b000000040000000
20b400000040000000
20b800000040000000
20bc00000040000000
20c000000040000000
20c400000040000000
20c800000040000000
20cc00000040000000
20d000000040000000
20d400000040000000
20d800000040000000
20dc00000040000000
20e000000040000000
20e400000040000000
20e800000040000000
20ec00000040000000
20f000000040000000
20f400000040000000
20f800000040000000
20fc00000040000000
210000000040000000
210400000040000000
210800000040000000
210c00000040000000
211000000040000000
211400000040000000
211800000040000000
211c00000040000000
212000000040000000
212400000040000000
212800000040000000
212c00000040000000
213000000040000000
213400000040000000
213800000040000000
213c00000040000000
214000000040000000
214400000040000000
214800000040000000
214c00000040000000
215000000040000000
215400000040000000
215800000040000000
215c00000040000000
216000000040000000
216400000040000000
216800000040000000
216c00000040000000
217000000040000000
217400000040000000
217800000040000000
217c00000040000000
218000000040000000
218400000040000000
218800000040000000
218c00000040000000
219000000040000000
219400000040000000
219800000040000000
219c00000040000000
21a000000040000000
21a400000040000000
21a800000040000000
21ac00000040000000
21b000000040000000
21b400000040000000
21b800000040000000
21bc00000040000000
21c000000040000000
21c400000040000000
21c800000040000000
21cc00000040000000
21d000000040000000
21d400000040000000
21d800000040000000
21dc00000040000000
21e000000040000000
21e400000040000000
21e800000040000000
21ec00000040000000
21f000000040000000
21f400000040000000
21f800000040000000
21fc00000040000000
220000000040000000
220400000040000000
220800000040000000
220c00000040000000
221000000040000000
221400000040000000
221800000040000000
221c00000040000000
222000000040000000
222400000040000000
222800000040000000
222c00000040000000
223000000040000000
223400000040000000
223800000040000000
223c00000040000000
224000000040000000
224400000040000000
224800000040000000
224c00000040000000
225000000040000000
225400000040000000
225800000040000000
225c00000040000000
226000000040000000
226400000040000000
226800000040000000
226c00000040000000
227000000040000000
227400000040000000
227800000040000000
227c00000040000000
228000000040000000
228400000040000000
228800000040000000
228c00000040000000
229000000040000000
229400000040000000
229800000040000000
229c00000040000000
22a000000040000000
22a400000040000000
22a800000040000000
22ac00000040000000
22b000000040000000
22b400000040000000
22b800000040000000
22bc00000040000000
22c000000040000000
22c400000040000000
22c800000040000000
22cc00000040000000
22d000000040000000
22d400000040000000
22d800000040000000
22dc00000040000000
22e000000040000000
22e400000040000000
22e800000040000000
22ec00000040000000
22f000000040000000
22f400000040000000
22f800000040000000
22fc00000040000000
230000000040000000
230400000040000000
230800000040000000
230c00000040000000
231000000040000000
231400000040000000
231800000040000000
231c00000040000000
232000000040000000
232400000040000000
232800000040000000
232c00000040000000
233000000040000000
233400000040000000
233800000040000000
233c00000040000000
234000000040000000
234400000040000000
234800000040000000
234c00000040000000
235000000040000000
235400000040000000
235800000040000000
235c00000040000000
236000000040000000
236400000040000000
236800000040000000
236c00000040000000
237000000040000000
237400000040000000
237800000040000000
237c00000040000000
238000000040000000
238400000040000000
238800000040000000
238c00000040000000
239000000040000000
239400000040000000
239800000040000000
239c00000040000000
23a000000040000000
23a400000040000000
23a800000040000000
23ac00000040000000
23b000000040000000
23b400000040000000
23b800000040000000
23bc00000040000000
23c000000040000000
23c400000040000000
23c800000040000000
23cc00000040000000
23d000000040000000
23d400000040000000
23d800000040000000
23dc00000040000000
23e000000040000000
23e400000040000000
23e800000040000000
23ec00000040000000
23f000000040000000
23f400000040000000
23f800000040000000
23fc00000040000000
240000000040000000
240400000040000000
240800000040000000
240c00000040000000
241000000040000000
241400000040000000
241800000040000000
241c00000040000000
242000000040000000
242400000040000000
242800000040000000
242c00000040000000
243000000040000000
243400000040000000
243800000040000000
243c00000040000000
244000000040000000
244400000040000000
244800000040000000
244c00000040000000
245000000040000000
245400000040000000
245800000040000000
245c00000040000000
246000000040000000
246400000040000000
246800000040000000
246c00000040000000
247000000040000000
247400000040000000
247800000040000000
247c00000040000000
248000000040000000
248400000040000000
248800000040000000
248c00000040000000
249000000040000000
249400000040000000
249800000040000000
249c00000040000000
24a000000040000000
24a400000040000000
24a800000040000000
24ac00000040000000
24b000000040000000
24b400000040000000
24b800000040000000
24bc00000040000000
24c000000040000000
24c400000040000000
24c800000040000000
24cc00000040000000
24d000000040000000
24d400000040000000
24d800000040000000
24dc00000040000000
24e000000040000000
24e400000040000000
24e800000040000000
24ec00000040000000
24f000000040000000
24f400000040000000
24f800000040000000
24fc00000040000000
250000000040000000
250400000040000000
250800000040000000
250c00000040000000
251000000040000000
251400000040000000
251800000040000000
251c00000040000000
252000000040000000
252400000040000000
252800000040000000
252c00000040000000
253000000040000000
253400000040000000
253800000040000000
253c00000040000000
254000000040000000
254400000040000000
254800000040000000
254c00000040000000
255000000040000000
255400000040000000
255800000040000000
255c00000040000000
256000000040000000
256400000040000000
256800000040000000
256c00000040000000
257000000040000000
257400000040000000
257800000040000000
257c00000040000000
258000000040000000
258400000040000000
258800000040000000
258c00000040000000
259000000040000000
259400000040000000
259800000040000000
259c00000040000000
25a000000040000000
25a400000040000000
25a800000040000000
25ac00000040000000
25b000000040000000
25b400000040000000
25b800000040000000
25bc00000040000000
25c000000040000000
25c400000040000000
25c800000040000000
25cc00000040000000
25d000000040000000
25d400000040000000
25d800000040000000
25dc00000040000000
25e000000040000000
25e400000040000000
25e800000040000000
25ec00000040000000
25f000000040000000
25f400000040000000
25f800000040000000
25fc00000040000000
260000000040000000
260400000040000000
260800000040000000
260c00000040000000
261000000040000000
261400000040000000
261800000040000000
261c00000040000000
262000000040000000
262400000040000000
262800000040000000
262c00000040000000
263000000040000000
263400000040000000
263800000040000000
263c00000040000000
264000000040000000
264400000040000000
264800000040000000
264c00000040000000
265000000040000000
265400000040000000
265800000040000000
265c00000040000000
266000000040000000
266400000040000000
266800000040000000
266c00000040000000
267000000040000000
267400000040000000
267800000040000000
267c00000040000000
268000000040000000
268400000040000000
268800000040000000
268c00000040000000
269000000040000000
269400000040000000
269800000040000000
269c00000040000000
26a000000040000000
26a400000040000000
26a800000040000000
26ac00000040000000
26b000000040000000
26b400000040000000
26b800000040000000
26bc00000040000000
26c000000040000000
26c400000040000000
26c800000040000000
26cc00000040000000
26d000000040000000
26d400000040000000
26d800000040000000
26dc00000040000000
26e000000040000000
26e400000040000000
26e800000040000000
26ec00000040000000
26f000000040000000
26f400000040000000
26f800000040000000
26fc00000040000000
270000000040000000
270400000040000000
270800000040000000
270c00000040000000
271000000040000000
271400000040000000
271800000040000000
271c00000040000000
272000000040000000
272400000040000000
272800000040000000
272c00000040000000
273000000040000000
273400000040000000
273800000040000000
273c00000040000000
274000000040000000
274400000040000000
274800000040000000
274c00000040000000
275000000040000000
275400000040000000
275800000040000000
275c00000040000000
276000000040000000
276400000040000000
276800000040000000
276c00000040000000
277000000040000000
277400000040000000
277800000040000000
277c00000040000000
278000000040000000
278400000040000000
278800000040000000
278c00000040000000
279000000040000000
279400000040000000
279800000040000000
279c00000040000000
27a000000040000000
27a400000040000000
27a800000040000000
27ac00000040000000
27b000000040000000
27b400000040000000
27b800000040000000
27bc00000040000000
27c000000040000000
27c400000040000000
27c800000040000000
27cc00000040000000
27d000000040000000
27d400000040000000
27d800000040000000
27dc00000040000000
27e000000040000000
27e400000040000000
27e800000040000000
27ec00000040000000
27f000000040000000
27f400000040000000
27f800000040000000
27fc00000040000000
280000000040000000
280400000040000000
280800000040000000
280c00000040000000
281000000040000000
281400000040000000
281800000040000000
281c00000040000000
282000000040000000
282400000040000000
282800000040000000
282c00000040000000
283000000040000000
283400000040000000
283800000040000000
283c00000040000000
284000000040000000
284400000040000000
284800000040000000
284c00000040000000
285000000040000000
285400000040000000
285800000040000000
285c00000040000000
286000000040000000
286400000040000000
286800000040000000
286c00000040000000
287000000040000000
287400000040000000
287800000040000000
287c00000040000000
288000000040000000
288400000040000000
288800000040000000
288c00000040000000
289000000040000000
289400000040000000
289800000040000000
289c00000040000000
28a000000040000000
28a400000040000000
28a800000040000000
28ac00000040000000
28b000000040000000
28b400000040000000
28b800000040000000
28bc00000040000000
28c000000040000000
28c400000040000000
28c800000040000000
28cc00000040000000
28d000000040000000
28d400000040000000
28d800000040000000
28dc00000040000000
28e000000040000000
28e400000040000000
28e800000040000000
28ec00000040000000
28f000000040000000
28f400000040000000
28f800000040000000
28fc00000040000000
290000000040000000
290400000040000000
290800000040000000
290c00000040000000
291000000040000000
291400000040000000
291800000040000000
291c00000040000000
292000000040000000
292400000040000000
292800000040000000
292c00000040000000
293000000040000000
293400000040000000
293800000040000000
293c00000040000000
294000000040000000
294400000040000000
294800000040000000
294c00000040000000
295000000040000000
295400000040000000
295800000040000000
295c00000040000000
296000000040000000
296400000040000000
296800000040000000
296c00000040000000
297000000040000000
297400000040000000
297800000040000000
297c00000040000000
298000000040000000
298400000040000000
298800000040000000
298c00000040000000
299000000040000000
299400000040000000
299800000040000000
299c00000040000000
29a000000040000000
29a400000040000000
29a800000040000000
29ac00000040000000
29b000000040000000
29b400000040000000
29b800000040000000
29bc00000040000000
29c000000040000000
29c400000040000000
29c800000040000000
29cc00000040000000
29d000000040000000
29d400000040000000
29d800000040000000
29dc00000040000000
29e000000040000000
29e400000040000000
29e800000040000000
29ec00000040000000
29f000000040000000
29f400000040000000
29f800000040000000
29fc00000040000000
2a0000000040000000
2a0400000040000000
2a0800000040000000
2a0c00000040000000
2a1000000040000000
2a1400000040000000
2a1800000040000000
2a1c00000040000000
2a2000000040000000
2a2400000040000000
2a2800000040000000
2a2c00000040000000
2a3000000040000000
2a3400000040000000
2a3800000040000000
2a3c00000040000000
2a4000000040000000
2a4400000040000000
2a4800000040000000
2a4c00000040000000
2a5000000040000000
2a5400000040000000
2a5800000040000000
2a5c00000040000000
2a6000000040000000
2a6400000040000000
2a6800000040000000
2a6c00000040000000
2a7000000040000000
2a7400000040000000
2a7800000040000000
2a7c00000040000000
2a8000000040000000
2a8400000040000000
2a8800000040000000
2a8c00000040000000
2a9000000040000000
2a9400000040000000
2a9800000040000000
2a9c00000040000000
2aa000000040000000
2aa400000040000000
2aa800000040000000
2aac00000040000000
2ab000000040000000
2ab400000040000000
2ab800000040000000
2abc00000040000000
2ac000000040000000
2ac400000040000000
2ac800000040000000
2acc00000040000000
2ad000000040000000
2ad400000040000000
2ad800000040000000
2adc00000040000000
2ae000000040000000
2ae400000040000000
2ae800000040000000
2aec00000040000000
2af000000040000000
2af400000040000000
2af800000040000000
2afc00000040000000
2b0000000040000000
2b0400000040000000
2b0800000040000000
2b0c00000040000000
2b1000000040000000
2b1400000040000000
2b1800000040000000
2b1c00000040000000
2b2000000040000000
2b2400000040000000
2b2800000040000000
2b2c00000040000000
2b3000000040000000
2b3400000040000000
2b3800000040000000
2b3c00000040000000
2b4000000040000000
2b4400000040000000
2b4800000040000000
2b4c00000040000000
2b5000000040000000
2b5400000040000000
2b5800000040000000
2b5c00000040000000
2b6000000040000000
2b6400000040000000
2b6800000040000000
2b6c00000040000000
2b7000000040000000
2b7400000040000000
2b7800000040000000
2b7c00000040000000
2b8000000040000000
2b8400000040000000
2b8800000040000000
2b8c00000040000000
2b9000000040000000
2b9400000040000000
2b9800000040000000
2b9c00000040000000
2ba000000040000000
2ba400000040000000
2ba800000040000000
2bac00000040000000
2bb000000040000000
2bb400000040000000
2bb800000040000000
2bbc00000040000000
2bc000000040000000
2bc400000040000000
2bc800000040000000
2bcc00000040000000
2bd000000040000000
2bd400000040000000
2bd800000040000000
2bdc00000040000000
2be000000040000000
2be400000040000000
2be800000040000000
2bec00000040000000
2bf000000040000000
2bf400000040000000
2bf800000040000000
2bfc00000040000000
2c0000000040000000
2c0400000040000000
2c0800000040000000
2c0c00000040000000
2c1000000040000000
2c1400000040000000
2c1800000040000000
2c1c00000040000000
2c2000000040000000
2c2400000040000000
2c2800000040000000
2c2c00000040000000
2c3000000040000000
2c3400000040000000
2c3800000040000000
2c3c00000040000000
2c4000000040000000
2c4400000040000000
2c4800000040000000
2c4c00000040000000
2c5000000040000000
2c5400000040000000
2c5800000040000000
2c5c00000040000000
2c6000000040000000
2c6400000040000000
2c6800000040000000
2c6c00000040000000
2c7000000040000000
2c7400000040000000
2c7800000040000000
2c7c00000040000000
2c8000000040000000
2c8400000040000000
2c8800000040000000
2c8c00000040000000
2c9000000040000000
2c9400000040000000
2c9800000040000000
2c9c00000040000000
2ca000000040000000
2ca400000040000000
2ca800000040000000
2cac00000040000000
2cb000000040000000
2cb400000040000000
2cb800000040000000
2cbc00000040000000
2cc000000040000000
2cc400000040000000
2cc800000040000000
2ccc00000040000000
2cd000000040000000
2cd400000040000000
2cd800000040000000
2cdc00000040000000
2ce000000040000000
2ce400000040000000
2ce800000040000000
2cec00000040000000
2cf000000040000000
2cf400000040000000
2cf800000040000000
2cfc00000040000000
2d0000000040000000
2d0400000040000000
2d0800000040000000
2d0c00000040000000
2d1000000040000000
2d1400000040000000
2d1800000040000000
2d1c00000040000000
2d2000000040000000
2d2400000040000000
2d2800000040000000
2d2c00000040000000
2d3000000040000000
2d3400000040000000
2d3800000040000000
2d3c00000040000000
2d4000000040000000
2d4400000040000000
2d4800000040000000
2d4c00000040000000
2d5000000040000000
2d5400000040000000
2d5800000040000000
2d5c00000040000000
2d6000000040000000
2d6400000040000000
2d6800000040000000
2d6c00000040000000
2d7000000040000000
2d7400000040000000
2d7800000040000000
2d7c00000040000000
2d8000000040000000
2d8400000040000000
2d8800000040000000
2d8c00000040000000
2d9000000040000000
2d9400000040000000
2d9800000040000000
2d9c00000040000000
2da000000040000000
2da400000040000000
2da800000040000000
2dac00000040000000
2db000000040000000
2db400000040000000
2db800000040000000
2dbc00000040000000
2dc000000040000000
2dc400000040000000
2dc800000040000000
2dcc00000040000000
2dd000000040000000
2dd400000040000000
2dd800000040000000
2ddc00000040000000
2de000000040000000
2de400000040000000
2de800000040000000
2dec00000040000000
2df000000040000000
2df400000040000000
2df800000040000000
2dfc00000040000000
2e0000000040000000
2e0400000040000000
2e0800000040000000
2e0c00000040000000
2e1000000040000000
2e1400000040000000
2e1800000040000000
2e1c00000040000000
2e2000000040000000
2e2400000040000000
2e2800000040000000
2e2c00000040000000
2e3000000040000000
2e3400000040000000
2e3800000040000000
2e3c00000040000000
2e4000000040000000
2e4400000040000000
2e4800000040000000
2e4c00000040000000
2e5000000040000000
2e5400000040000000
2e5800000040000000
2e5c00000040000000
2e6000000040000000
2e6400000040000000
2e6800000040000000
2e6c00000040000000
2e7000000040000000
2e7400000040000000
2e7800000040000000
2e7c00000040000000
2e8000000040000000
2e8400000040000000
2e8800000040000000
2e8c00000040000000
2e9000000040000000
2e9400000040000000
2e9800000040000000
2e9c00000040000000
2ea000000040000000
2ea400000040000000
2ea800000040000000
2eac00000040000000
2eb000000040000000
2eb400000040000000
2eb800000040000000
2ebc00000040000000
2ec000000040000000
2ec400000040000000
2ec800000040000000
2ecc00000040000000
2ed000000040000000
2ed400000040000000
2ed800000040000000
2edc00000040000000
2ee000000040000000
2ee400000040000000
2ee800000040000000
2eec00000040000000
2ef000000040000000
2ef400000040000000
2ef800000040000000
2efc00000040000000
2f0000000040000000
2f0400000040000000
2f0800000040000000
2f0c00000040000000
2f1000000040000000
2f1400000040000000
2f1800000040000000
2f1c00000040000000
2f2000000040000000
2f2400000040000000
2f2800000040000000
2f2c00000040000000
2f3000000040000000
2f3400000040000000
2f3800000040000000
2f3c00000040000000
2f4000000040000000
2f4400000040000000
2f4800000040000000
2f4c00000040000000
2f5000000040000000
2f5400000040000000
2f5800000040000000
2f5c00000040000000
2f6000000040000000
2f6400000040000000
2f6800000040000000
2f6c00000040000000
2f7000000040000000
2f7400000040000000
2f7800000040000000
2f7c00000040000000
2f8000000040000000
2f8400000040000000
2f8800000040000000
2f8c00000040000000
2f9000000040000000
2f9400000040000000
2f9800000040000000
2f9c00000040000000
2fa000000040000000
2fa400000040000000
2fa800000040000000
2fac00000040000000
2fb000000040000000
2fb400000040000000
2fb800000040000000
2fbc00000040000000
2fc000000040000000
2fc400000040000000
2fc800000040000000
2fcc00000040000000
2fd000000040000000
2fd400000040000000
2fd800000040000000
2fdc00000040000000
2fe000000040000000
2fe400000040000000
2fe800000040000000
2fec00000040000000
2ff000000040000000
2ff400000040000000
2ff800000040000000
2ffc00000040000000
300000000040000000
300400000040000000
300800000040000000
300c00000040000000
301000000040000000
301400000040000000
301800000040000000
301c00000040000000
302000000040000000
302400000040000000
302800000040000000
302c00000040000000
303000000040000000
303400000040000000
303800000040000000
303c00000040000000
304000000040000000
304400000040000000
304800000040000000
304c00000040000000
305000000040000000
305400000040000000
305800000040000000
305c00000040000000
306000000040000000
306400000040000000
306800000040000000
306c00000040000000
307000000040000000
307400000040000000
307800000040000000
307c00000040000000
308000000040000000
308400000040000000
308800000040000000
308c00000040000000
309000000040000000
309400000040000000
309800000040000000
309c00000040000000
30a000000040000000
30a400000040000000
30a800000040000000
30ac00000040000000
30b000000040000000
30b400000040000000
30b800000040000000
30bc00000040000000
30c000000040000000
30c400000040000000
30c800000040000000
30cc00000040000000
30d000000040000000
30d400000040000000
30d800000040000000
30dc00000040000000
30e000000040000000
30e400000040000000
30e800000040000000
30ec00000040000000
30f000000040000000
30f400000040000000
30f800000040000000
30fc00000040000000
310000000040000000
310400000040000000
310800000040000000
310c00000040000000
311000000040000000
311400000040000000
311800000040000000
311c00000040000000
312000000040000000
312400000040000000
312800000040000000
312c00000040000000
313000000040000000
313400000040000000
313800000040000000
313c00000040000000
314000000040000000
314400000040000000
314800000040000000
314c00000040000000
315000000040000000
315400000040000000
315800000040000000
315c00000040000000
316000000040000000
316400000040000000
316800000040000000
316c00000040000000
317000000040000000
317400000040000000
317800000040000000
317c00000040000000
318000000040000000
318400000040000000
318800000040000000
318c00000040000000
319000000040000000
319400000040000000
319800000040000000
319c00000040000000
31a000000040000000
31a400000040000000
31a800000040000000
31ac00000040000000
31b000000040000000
31b400000040000000
31b800000040000000
31bc00000040000000
31c000000040000000
31c400000040000000
31c800000040000000
31cc00000040000000
31d000000040000000
31d400000040000000
31d800000040000000
31dc00000040000000
31e000000040000000
31e400000040000000
31e800000040000000
31ec00000040000000
31f000000040000000
31f400000040000000
31f800000040000000
31fc00000040000000
320000000040000000
320400000040000000
320800000040000000
320c00000040000000
321000000040000000
321400000040000000
321800000040000000
321c00000040000000
322000000040000000
322400000040000000
322800000040000000
322c00000040000000
323000000040000000
323400000040000000
323800000040000000
323c00000040000000
324000000040000000
324400000040000000
324800000040000000
324c00000040000000
325000000040000000
325400000040000000
325800000040000000
325c00000040000000
326000000040000000
326400000040000000
326800000040000000
326c00000040000000
327000000040000000
327400000040000000
327800000040000000
327c00000040000000
328000000040000000
328400000040000000
328800000040000000
328c00000040000000
329000000040000000
329400000040000000
329800000040000000
329c00000040000000
32a000000040000000
32a400000040000000
32a800000040000000
32ac00000040000000
32b000000040000000
32b400000040000000
32b800000040000000
32bc00000040000000
32c000000040000000
32c400000040000000
32c800000040000000
32cc00000040000000
32d000000040000000
32d400000040000000
32d800000040000000
32dc00000040000000
32e000000040000000
32e400000040000000
32e800000040000000
32ec00000040000000
32f000000040000000
32f400000040000000
32f800000040000000
32fc00000040000000
330000000040000000
330400000040000000
330800000040000000
330c00000040000000
331000000040000000
331400000040000000
331800000040000000
331c00000040000000
332000000040000000
332400000040000000
332800000040000000
332c00000040000000
333000000040000000
333400000040000000
333800000040000000
333c00000040000000
334000000040000000
334400000040000000
334800000040000000
334c00000040000000
335000000040000000
335400000040000000
335800000040000000
335c00000040000000
336000000040000000
336400000040000000
336800000040000000
336c00000040000000
337000000040000000
337400000040000000
337800000040000000
337c00000040000000
338000000040000000
338400000040000000
338800000040000000
338c00000040000000
339000000040000000
339400000040000000
339800000040000000
339c00000040000000
33a000000040000000
33a400000040000000
33a800000040000000
33ac00000040000000
33b000000040000000
33b400000040000000
33b800000040000000
33bc00000040000000
33c000000040000000
33c400000040000000
33c800000040000000
33cc00000040000000
33d000000040000000
33d400000040000000
33d800000040000000
33dc00000040000000
33e000000040000000
33e400000040000000
33e800000040000000
33ec00000040000000
33f000000040000000
33f400000040000000
33f800000040000000
33fc00000040000000
340000000040000000
340400000040000000
340800000040000000
340c00000040000000
341000000040000000
341400000040000000
341800000040000000
341c00000040000000
342000000040000000
342400000040000000
342800000040000000
342c00000040000000
343000000040000000
343400000040000000
343800000040000000
343c00000040000000
344000000040000000
344400000040000000
344800000040000000
344c00000040000000
345000000040000000
345400000040000000
345800000040000000
345c00000040000000
346000000040000000
346400000040000000
346800000040000000
346c00000040000000
347000000040000000
347400000040000000
347800000040000000
347c00000040000000
348000000040000000
348400000040000000
348800000040000000
348c00000040000000
349000000040000000
349400000040000000
349800000040000000
349c00000040000000
34a000000040000000
34a400000040000000
34a800000040000000
34ac00000040000000
34b000000040000000
34b400000040000000
34b800000040000000
34bc00000040000000
34c000000040000000
34c400000040000000
34c800000040000000
34cc00000040000000
34d000000040000000
34d400000040000000
34d800000040000000
34dc00000040000000
34e000000040000000
34e400000040000000
34e800000040000000
34ec00000040000000
34f000000040000000
34f400000040000000
34f800000040000000
34fc00000040000000
350000000040000000
350400000040000000
350800000040000000
350c00000040000000
351000000040000000
351400000040000000
351800000040000000
351c00000040000000
352000000040000000
352400000040000000
352800000040000000
352c00000040000000
353000000040000000
353400000040000000
353800000040000000
353c00000040000000
354000000040000000
354400000040000000
354800000040000000
354c00000040000000
355000000040000000
355400000040000000
355800000040000000
355c00000040000000
356000000040000000
356400000040000000
356800000040000000
356c00000040000000
357000000040000000
357400000040000000
357800000040000000
357c00000040000000
358000000040000000
358400000040000000
358800000040000000
358c00000040000000
359000000040000000
359400000040000000
359800000040000000
359c00000040000000
35a000000040000000
35a400000040000000
35a800000040000000
35ac00000040000000
35b000000040000000
35b400000040000000
35b800000040000000
35bc00000040000000
35c000000040000000
35c400000040000000
35c800000040000000
35cc00000040000000
35d000000040000000
35d400000040000000
35d800000040000000
35dc00000040000000
35e000000040000000
35e400000040000000
35e800000040000000
35ec00000040000000
35f000000040000000
35f400000040000000
35f800000040000000
35fc00000040000000
360000000040000000
360400000040000000
360800000040000000
360c00000040000000
361000000040000000
361400000040000000
361800000040000000
361c00000040000000
362000000040000000
362400000040000000
362800000040000000
362c00000040000000
363000000040000000
363400000040000000
363800000040000000
363c00000040000000
364000000040000000
364400000040000000
364800000040000000
364c00000040000000
365000000040000000
365400000040000000
365800000040000000
365c00000040000000
366000000040000000
366400000040000000
366800000040000000
366c00000040000000
367000000040000000
367400000040000000
367800000040000000
367c00000040000000
368000000040000000
368400000040000000
368800000040000000
368c00000040000000
369000000040000000
369400000040000000
369800000040000000
369c00000040000000
36a000000040000000
36a400000040000000
36a800000040000000
36ac00000040000000
36b000000040000000
36b400000040000000
36b800000040000000
36bc00000040000000
36c000000040000000
36c400000040000000
36c800000040000000
36cc00000040000000
36d000000040000000
36d400000040000000
36d800000040000000
36dc00000040000000
36e000000040000000
36e400000040000000
36e800000040000000
36ec00000040000000
36f000000040000000
36f400000040000000
36f800000040000000
36fc00000040000000
370000000040000000
370400000040000000
370800000040000000
370c00000040000000
371000000040000000
371400000040000000
371800000040000000
371c00000040000000
372000000040000000
372400000040000000
372800000040000000
372c00000040000000
373000000040000000
373400000040000000
373800000040000000
373c00000040000000
374000000040000000
374400000040000000
374800000040000000
374c00000040000000
375000000040000000
375400000040000000
375800000040000000
375c00000040000000
376000000040000000
376400000040000000
376800000040000000
376c00000040000000
377000000040000000
377400000040000000
377800000040000000
377c00000040000000
378000000040000000
378400000040000000
378800000040000000
378c00000040000000
379000000040000000
379400000040000000
379800000040000000
379c00000040000000
37a000000040000000
37a400000040000000
37a800000040000000
37ac00000040000000
37b000000040000000
37b400000040000000
37b800000040000000
37bc00000040000000
37c000000040000000
37c400000040000000
37c800000040000000
37cc00000040000000
37d000000040000000
37d400000040000000
37d800000040000000
37dc00000040000000
37e000000040000000
37e400000040000000
37e800000040000000
37ec00000040000000
37f000000040000000
37f400000040000000
37f800000040000000
37fc00000040000000
380000000040000000
380400000040000000
380800000040000000
380c00000040000000
381000000040000000
381400000040000000
381800000040000000
381c00000040000000
382000000040000000
382400000040000000
382800000040000000
382c00000040000000
383000000040000000
383400000040000000
383800000040000000
383c00000040000000
384000000040000000
384400000040000000
384800000040000000
384c00000040000000
385000000040000000
385400000040000000
385800000040000000
385c00000040000000
386000000040000000
386400000040000000
386800000040000000
386c00000040000000
387000000040000000
387400000040000000
387800000040000000
387c00000040000000
388000000040000000
388400000040000000
388800000040000000
388c00000040000000
389000000040000000
389400000040000000
389800000040000000
389c00000040000000
38a000000040000000
38a400000040000000
38a800000040000000
38ac00000040000000
38b000000040000000
38b400000040000000
38b800000040000000
38bc00000040000000
38c000000040000000
38c400000040000000
38c800000040000000
38cc00000040000000
38d000000040000000
38d400000040000000
38d800000040000000
38dc00000040000000
38e000000040000000
38e400000040000000
38e800000040000000
38ec00000040000000
38f000000040000000
38f400000040000000
38f800000040000000
38fc00000040000000
390000000040000000
390400000040000000
390800000040000000
390c00000040000000
391000000040000000
391400000040000000
391800000040000000
391c00000040000000
392000000040000000
392400000040000000
392800000040000000
392c00000040000000
393000000040000000
393400000040000000
393800000040000000
393c00000040000000
394000000040000000
394400000040000000
394800000040000000
394c00000040000000
395000000040000000
395400000040000000
395800000040000000
395c00000040000000
396000000040000000
396400000040000000
396800000040000000
396c00000040000000
397000000040000000
397400000040000000
397800000040000000
397c00000040000000
398000000040000000
398400000040000000
398800000040000000
398c00000040000000
399000000040000000
399400000040000000
399800000040000000
399c00000040000000
39a000000040000000
39a400000040000000
39a800000040000000
39ac00000040000000
39b000000040000000
39b400000040000000
39b800000040000000
39bc00000040000000
39c000000040000000
39c400000040000000
39c800000040000000
39cc00000040000000
39d000000040000000
39d400000040000000
39d800000040000000
39dc00000040000000
39e000000040000000
39e400000040000000
39e800000040000000
39ec00000040000000
39f000000040000000
39f400000040000000
39f800000040000000
39fc00000040000000
3a0000000040000000
3a0400000040000000
3a0800000040000000
3a0c00000040000000
3a1000000040000000
3a1400000040000000
3a1800000040000000
3a1c00000040000000
3a2000000040000000
3a2400000040000000
3a2800000040000000
3a2c00000040000000
3a3000000040000000
3a3400000040000000
3a3800000040000000
3a3c00000040000000
3a4000000040000000
3a4400000040000000
3a4800000040000000
3a4c00000040000000
3a5000000040000000
3a5400000040000000
3a5800000040000000
3a5c00000040000000
3a6000000040000000
3a6400000040000000
3a6800000040000000
3a6c00000040000000
3a7000000040000000
3a7400000040000000
3a7800000040000000
3a7c00000040000000
3a8000000040000000
3a8400000040000000
3a8800000040000000
3a8c00000040000000
3a9000000040000000
3a9400000040000000
3a9800000040000000
3a9c00000040000000
3aa000000040000000
3aa400000040000000
3aa800000040000000
3aac00000040000000
3ab000000040000000
3ab400000040000000
3ab800000040000000
3abc00000040000000
3ac000000040000000
3ac400000040000000
3ac800000040000000
3acc00000040000000
3ad000000040000000
3ad400000040000000
3ad800000040000000
3adc00000040000000
3ae000000040000000
3ae400000040000000
3ae800000040000000
3aec00000040000000
3af000000040000000
3af400000040000000
3af800000040000000
3afc00000040000000
3b0000000040000000
3b0400000040000000
3b0800000040000000
3b0c00000040000000
3b1000000040000000
3b1400000040000000
3b1800000040000000
3b1c00000040000000
3b2000000040000000
3b2400000040000000
3b2800000040000000
3b2c00000040000000
3b3000000040000000
3b3400000040000000
3b3800000040000000
3b3c00000040000000
3b4000000040000000
3b4400000040000000
3b4800000040000000
3b4c00000040000000
3b5000000040000000
3b5400000040000000
3b5800000040000000
3b5c00000040000000
3b6000000040000000
3b6400000040000000
3b6800000040000000
3b6c00000040000000
3b7000000040000000
3b7400000040000000
3b7800000040000000
3b7c00000040000000
3b8000000040000000
3b8400000040000000
3b8800000040000000
3b8c00000040000000
3b9000000040000000
3b9400000040000000
3b9800000040000000
3b9c00000040000000
3ba000000040000000
3ba400000040000000
3ba800000040000000
3bac00000040000000
3bb000000040000000
3bb400000040000000
3bb800000040000000
3bbc00000040000000
3bc000000040000000
3bc400000040000000
3bc800000040000000
3bcc00000040000000
3bd000000040000000
3bd400000040000000
3bd800000040000000
3bdc00000040000000
3be000000040000000
3be400000040000000
3be800000040000000
3bec00000040000000
3bf000000040000000
3bf400000040000000
3bf800000040000000
3bfc00000040000000
3c0000000040000000
3c0400000040000000
3c0800000040000000
3c0c00000040000000
3c1000000040000000
3c1400000040000000
3c1800000040000000
3c1c00000040000000
3c2000000040000000
3c2400000040000000
3c2800000040000000
3c2c00000040000000
3c3000000040000000
3c3400000040000000
3c3800000040000000
3c3c00000040000000
3c4000000040000000
3c4400000040000000
3c4800000040000000
3c4c00000040000000
3c5000000040000000
3c5400000040000000
3c5800000040000000
3c5c00000040000000
3c6000000040000000
3c6400000040000000
3c6800000040000000
3c6c00000040000000
3c7000000040000000
3c7400000040000000
3c7800000040000000
3c7c00000040000000
3c8000000040000000
3c8400000040000000
3c8800000040000000
3c8c00000040000000
3c9000000040000000
3c9400000040000000
3c9800000040000000
3c9c00000040000000
3ca000000040000000
3ca400000040000000
3ca800000040000000
3cac00000040000000
3cb000000040000000
3cb400000040000000
3cb800000040000000
3cbc00000040000000
3cc000000040000000
3cc400000040000000
3cc800000040000000
3ccc00000040000000
3cd000000040000000
3cd400000040000000
3cd800000040000000
3cdc00000040000000
3ce000000040000000
3ce400000040000000
3ce800000040000000
3cec00000040000000
3cf000000040000000
3cf400000040000000
3cf800000040000000
3cfc00000040000000
3d0000000040000000
3d0400000040000000
3d0800000040000000
3d0c00000040000000
3d1000000040000000
3d1400000040000000
3d1800000040000000
3d1c00000040000000
3d2000000040000000
3d2400000040000000
3d2800000040000000
3d2c00000040000000
3d3000000040000000
3d3400000040000000
3d3800000040000000
3d3c00000040000000
3d4000000040000000
3d4400000040000000
3d4800000040000000
3d4c00000040000000
3d5000000040000000
3d5400000040000000
3d5800000040000000
3d5c00000040000000
3d6000000040000000
3d6400000040000000
3d6800000040000000
3d6c00000040000000
3d7000000040000000
3d7400000040000000
3d7800000040000000
3d7c00000040000000
3d8000000040000000
3d8400000040000000
3d8800000040000000
3d8c00000040000000
3d9000000040000000
3d9400000040000000
3d9800000040000000
3d9c00000040000000
3da000000040000000
3da400000040000000
3da800000040000000
3dac00000040000000
3db000000040000000
3db400000040000000
3db800000040000000
3dbc00000040000000
3dc000000040000000
3dc400000040000000
3dc800000040000000
3dcc00000040000000
3dd000000040000000
3dd400000040000000
3dd800000040000000
3ddc00000040000000
3de000000040000000
3de400000040000000
3de800000040000000
3dec00000040000000
3df000000040000000
3df400000040000000
3df800000040000000
3dfc00000040000000
3e0000000040000000
3e0400000040000000
3e0800000040000000
3e0c00000040000000
3e1000000040000000
3e1400000040000000
3e1800000040000000
3e1c00000040000000
3e2000000040000000
3e2400000040000000
3e2800000040000000
3e2c00000040000000
3e3000000040000000
3e3400000040000000
3e3800000040000000
3e3c00000040000000
3e4000000040000000
3e4400000040000000
3e4800000040000000
3e4c00000040000000
3e5000000040000000
3e5400000040000000
3e5800000040000000
3e5c00000040000000
3e6000000040000000
3e6400000040000000
3e6800000040000000
3e6c00000040000000
3e7000000040000000
3e7400000040000000
3e7800000040000000
3e7c00000040000000
3e8000000040000000
3e8400000040000000
3e8800000040000000
3e8c00000040000000
3e9000000040000000
3e9400000040000000
3e9800000040000000
3e9c00000040000000
3ea000000040000000
3ea400000040000000
3ea800000040000000
3eac00000040000000
3eb000000040000000
3eb400000040000000
3eb800000040000000
3ebc00000040000000
3ec000000040000000
3ec400000040000000
3ec800000040000000
3ecc00000040000000
3ed000000040000000
3ed400000040000000
3ed800000040000000
3edc00000040000000
3ee000000040000000
3ee400000040000000
3ee800000040000000
3eec00000040000000
3ef000000040000000
3ef400000040000000
3ef800000040000000
3efc00000040000000
3f0000000040000000
3f0400000040000000
3f0800000040000000
3f0c00000040000000
3f1000000040000000
3f1400000040000000
3f1800000040000000
3f1c00000040000000
3f2000000040000000
3f2400000040000000
3f2800000040000000
3f2c00000040000000
3f3000000040000000
3f3400000040000000
3f3800000040000000
3f3c00000040000000
3f4000000040000000
3f4400000040000000
3f4800000040000000
3f4c00000040000000
3f5000000040000000
3f5400000040000000
3f5800000040000000
3f5c00000040000000
3f6000000040000000
3f6400000040000000
3f6800000040000000
3f6c00000040000000
3f7000000040000000
3f7400000040000000
3f7800000040000000
3f7c00000040000000
3f8000000040000000
3f8400000040000000
3f8800000040000000
3f8c00000040000000
3f9000000040000000
3f9400000040000000
3f9800000040000000
3f9c00000040000000
3fa000000040000000
3fa400000040000000
3fa800000040000000
3fac00000040000000
3fb000000040000000
3fb400000040000000
3fb800000040000000
3fbc00000040000000
3fc000000040000000
3fc400000040000000
3fc800000040000000
3fcc00000040000000
3fd000000040000000
3fd400000040000000
3fd800000040000000
3fdc00000040000000
3fe000000040000000
3fe400000040000000
3fe800000040000000
3fec00000040000000
3ff000000040000000
3ff400000040000000
3ff800000040000000
7ffc00000040000000
000000000800000002
000400000040000000
000800000040000000
000c00000040000000
001000000040000000
001400000040000000
001800000040000000
001c00000040000000
002000000040000000
002400000040000000
002800000040000000
002c00000040000000
003000000040000000
003400000040000000
003800000040000000
003c00000040000000
004000000040000000
004400000040000000
004800000040000000
004c00000040000000
005000000040000000
005400000040000000
005800000040000000
005c00000040000000
006000000040000000
006400000040000000
006800000040000000
006c00000040000000
007000000040000000
007400000040000000
007800000040000000
007c00000040000000
008000000040000000
008400000040000000
008800000040000000
008c00000040000000
009000000040000000
009400000040000000
009800000040000000
009c00000040000000
00a000000040000000
00a400000040000000
00a800000040000000
00ac00000040000000
00b000000040000000
00b400000040000000
00b800000040000000
00bc00000040000000
00c000000040000000
00c400000040000000
00c800000040000000
00cc00000040000000
00d000000040000000
00d400000040000000
00d800000040000000
00dc00000040000000
00e000000040000000
00e400000040000000
00e800000040000000
00ec00000040000000
00f000000040000000
00f400000040000000
00f800000040000000
00fc00000040000000
010000000040000000
010400000040000000
010800000040000000
010c00000040000000
011000000040000000
011400000040000000
011800000040000000
011c00000040000000
012000000040000000
012400000040000000
012800000040000000
012c00000040000000
013000000040000000
013400000040000000
013800000040000000
013c00000040000000
014000000040000000
014400000040000000
014800000040000000
014c00000040000000
015000000040000000
015400000040000000
015800000040000000
015c00000040000000
016000000040000000
016400000040000000
016800000040000000
016c00000040000000
017000000040000000
017400000040000000
017800000040000000
017c00000040000000
018000000040000000
018400000040000000
018800000040000000
018c00000040000000
019000000040000000
019400000040000000
019800000040000000
019c00000040000000
01a000000040000000
01a400000040000000
01a800000040000000
01ac00000040000000
01b000000040000000
01b400000040000000
01b800000040000000
01bc00000040000000
01c000000040000000
01c400000040000000
01c800000040000000
01cc00000040000000
01d000000040000000
01d400000040000000
01d800000040000000
01dc00000040000000
01e000000040000000
01e400000040000000
01e800000040000000
01ec00000040000000
01f000000040000000
01f400000040000000
01f800000040000000
01fc00000040000000
020000000040000000
020400000040000000
020800000040000000
020c00000040000000
021000000040000000
021400000040000000
021800000040000000
021c00000040000000
022000000040000000
022400000040000000
022800000040000000
022c00000040000000
023000000040000000
023400000040000000
023800000040000000
023c00000040000000
024000000040000000
024400000040000000
024800000040000000
024c00000040000000
025000000040000000
025400000040000000
025800000040000000
025c00000040000000
026000000040000000
026400000040000000
026800000040000000
026c00000040000000
027000000040000000
027400000040000000
027800000040000000
027c00000040000000
028000000040000000
028400000040000000
028800000040000000
028c00000040000000
029000000040000000
029400000040000000
029800000040000000
029c00000040000000
02a000000040000000
02a400000040000000
02a800000040000000
02ac00000040000000
02b000000040000000
02b400000040000000
02b800000040000000
02bc00000040000000
02c000000040000000
02c400000040000000
02c800000040000000
02cc00000040000000
02d000000040000000
02d400000040000000
02d800000040000000
02dc00000040000000
02e000000040000000
02e400000040000000
02e800000040000000
02ec00000040000000
02f000000040000000
02f400000040000000
02f800000040000000
02fc00000040000000
030000000040000000
030400000040000000
030800000040000000
030c00000040000000
031000000040000000
031400000040000000
031800000040000000
031c00000040000000
032000000040000000
032400000040000000
032800000040000000
032c00000040000000
033000000040000000
033400000040000000
033800000040000000
033c00000040000000
034000000040000000
034400000040000000
034800000040000000
034c00000040000000
035000000040000000
035400000040000000
035800000040000000
035c00000040000000
036000000040000000
036400000040000000
036800000040000000
036c00000040000000
037000000040000000
037400000040000000
037800000040000000
037c00000040000000
038000000040000000
038400000040000000
038800000040000000
038c00000040000000
039000000040000000
039400000040000000
039800000040000000
039c00000040000000
03a000000040000000
03a400000040000000
03a800000040000000
03ac00000040000000
03b000000040000000
03b400000040000000
03b800000040000000
03bc00000040000000
03c000000040000000
03c400000040000000
03c800000040000000
03cc00000040000000
03d000000040000000
03d400000040000000
03d800000040000000
03dc00000040000000
03e000000040000000
03e400000040000000
03e800000040000000
03ec00000040000000
03f000000040000000
03f400000040000000
03f800000040000000
03fc00000040000000
040000000040000000
040400000040000000
040800000040000000
040c00000040000000
041000000040000000
041400000040000000
041800000040000000
041c00000040000000
042000000040000000
042400000040000000
042800000040000000
042c00000040000000
043000000040000000
043400000040000000
043800000040000000
043c00000040000000
044000000040000000
044400000040000000
044800000040000000
044c00000040000000
045000000040000000
045400000040000000
045800000040000000
045c00000040000000
046000000040000000
046400000040000000
046800000040000000
046c00000040000000
047000000040000000
047400000040000000
047800000040000000
047c00000040000000
048000000040000000
048400000040000000
048800000040000000
048c00000040000000
049000000040000000
049400000040000000
049800000040000000
049c00000040000000
04a000000040000000
04a400000040000000
04a800000040000000
04ac00000040000000
04b000000040000000
04b400000040000000
04b800000040000000
04bc00000040000000
04c000000040000000
04c400000040000000
04c800000040000000
04cc00000040000000
04d000000040000000
04d400000040000000
04d800000040000000
04dc00000040000000
04e000000040000000
04e400000040000000
04e800000040000000
04ec00000040000000
04f000000040000000
04f400000040000000
04f800000040000000
04fc00000040000000
050000000040000000
050400000040000000
050800000040000000
050c00000040000000
051000000040000000
051400000040000000
051800000040000000
051c00000040000000
052000000040000000
052400000040000000
052800000040000000
052c00000040000000
053000000040000000
053400000040000000
053800000040000000
053c00000040000000
054000000040000000
054400000040000000
054800000040000000
054c00000040000000
055000000040000000
055400000040000000
055800000040000000
055c00000040000000
056000000040000000
056400000040000000
056800000040000000
056c00000040000000
057000000040000000
057400000040000000
057800000040000000
057c00000040000000
058000000040000000
058400000040000000
058800000040000000
058c00000040000000
059000000040000000
059400000040000000
059800000040000000
059c00000040000000
05a000000040000000
05a400000040000000
05a800000040000000
05ac00000040000000
05b000000040000000
05b400000040000000
05b800000040000000
05bc00000040000000
05c000000040000000
05c400000040000000
05c800000040000000
05cc00000040000000
05d000000040000000
05d400000040000000
05d800000040000000
05dc00000040000000
05e000000040000000
05e400000040000000
05e800000040000000
05ec00000040000000
05f000000040000000
05f400000040000000
05f800000040000000
05fc00000040000000
060000000040000000
060400000040000000
060800000040000000
060c00000040000000
061000000040000000
061400000040000000
061800000040000000
061c00000040000000
062000000040000000
062400000040000000
062800000040000000
062c00000040000000
063000000040000000
063400000040000000
063800000040000000
063c00000040000000
064000000040000000
064400000040000000
064800000040000000
064c00000040000000
065000000040000000
065400000040000000
065800000040000000
065c00000040000000
066000000040000000
066400000040000000
066800000040000000
066c00000040000000
067000000040000000
067400000040000000
067800000040000000
067c00000040000000
068000000040000000
068400000040000000
068800000040000000
068c00000040000000
069000000040000000
069400000040000000
069800000040000000
069c00000040000000
06a000000040000000
06a400000040000000
06a800000040000000
06ac00000040000000
06b000000040000000
06b400000040000000
06b800000040000000
06bc00000040000000
06c000000040000000
06c400000040000000
06c800000040000000
06cc00000040000000
06d000000040000000
06d400000040000000
06d800000040000000
06dc00000040000000
06e000000040000000
06e400000040000000
06e800000040000000
06ec00000040000000
06f000000040000000
06f400000040000000
06f800000040000000
06fc00000040000000
070000000040000000
070400000040000000
070800000040000000
070c00000040000000
071000000040000000
071400000040000000
071800000040000000
071c00000040000000
072000000040000000
072400000040000000
072800000040000000
072c00000040000000
073000000040000000
073400000040000000
073800000040000000
073c00000040000000
074000000040000000
074400000040000000
074800000040000000
074c00000040000000
075000000040000000
075400000040000000
075800000040000000
075c00000040000000
076000000040000000
076400000040000000
076800000040000000
076c00000040000000
077000000040000000
077400000040000000
077800000040000000
077c00000040000000
078000000040000000
078400000040000000
078800000040000000
078c00000040000000
079000000040000000
079400000040000000
079800000040000000
079c00000040000000
07a000000040000000
07a400000040000000
07a800000040000000
07ac00000040000000
07b000000040000000
07b400000040000000
07b800000040000000
07bc00000040000000
07c000000040000000
07c400000040000000
07c800000040000000
07cc00000040000000
07d000000040000000
07d400000040000000
07d800000040000000
07dc00000040000000
07e000000040000000
07e400000040000000
07e800000040000000
07ec00000040000000
07f000000040000000
07f400000040000000
07f800000040000000
07fc00000040000000
080000000040000000
080400000040000000
080800000040000000
080c00000040000000
081000000040000000
081400000040000000
081800000040000000
081c00000040000000
082000000040000000
082400000040000000
082800000040000000
082c00000040000000
083000000040000000
083400000040000000
083800000040000000
083c00000040000000
084000000040000000
084400000040000000
084800000040000000
084c00000040000000
085000000040000000
085400000040000000
085800000040000000
085c00000040000000
086000000040000000
086400000040000000
086800000040000000
086c00000040000000
087000000040000000
087400000040000000
087800000040000000
087c00000040000000
088000000040000000
088400000040000000
088800000040000000
088c00000040000000
089000000040000000
089400000040000000
089800000040000000
089c00000040000000
08a000000040000000
08a400000040000000
08a800000040000000
08ac00000040000000
08b000000040000000
08b400000040000000
08b800000040000000
08bc00000040000000
08c000000040000000
08c400000040000000
08c800000040000000
08cc00000040000000
08d000000040000000
08d400000040000000
08d800000040000000
08dc00000040000000
08e000000040000000
08e400000040000000
08e800000040000000
08ec00000040000000
08f000000040000000
08f400000040000000
08f800000040000000
08fc00000040000000
090000000040000000
090400000040000000
090800000040000000
090c00000040000000
091000000040000000
091400000040000000
091800000040000000
091c00000040000000
092000000040000000
092400000040000000
092800000040000000
092c00000040000000
093000000040000000
093400000040000000
093800000040000000
093c00000040000000
094000000040000000
094400000040000000
094800000040000000
094c00000040000000
095000000040000000
095400000040000000
095800000040000000
095c00000040000000
096000000040000000
096400000040000000
096800000040000000
096c00000040000000
097000000040000000
097400000040000000
097800000040000000
097c00000040000000
098000000040000000
098400000040000000
098800000040000000
098c00000040000000
099000000040000000
099400000040000000
099800000040000000
099c00000040000000
09a000000040000000
09a400000040000000
09a800000040000000
09ac00000040000000
09b000000040000000
09b400000040000000
09b800000040000000
09bc00000040000000
09c000000040000000
09c400000040000000
09c800000040000000
09cc00000040000000
09d000000040000000
09d400000040000000
09d800000040000000
09dc00000040000000
09e000000040000000
09e400000040000000
09e800000040000000
09ec00000040000000
09f000000040000000
09f400000040000000
09f800000040000000
09fc00000040000000
0a0000000040000000
0a0400000040000000
0a0800000040000000
0a0c00000040000000
0a1000000040000000
0a1400000040000000
0a1800000040000000
0a1c00000040000000
0a2000000040000000
0a2400000040000000
0a2800000040000000
0a2c00000040000000
0a3000000040000000
0a3400000040000000
0a3800000040000000
0a3c00000040000000
0a4000000040000000
0a4400000040000000
0a4800000040000000
0a4c00000040000000
0a5000000040000000
0a5400000040000000
0a5800000040000000
0a5c00000040000000
0a6000000040000000
0a6400000040000000
0a6800000040000000
0a6c00000040000000
0a7000000040000000
0a7400000040000000
0a7800000040000000
0a7c00000040000000
0a8000000040000000
0a8400000040000000
0a8800000040000000
0a8c00000040000000
0a9000000040000000
0a9400000040000000
0a9800000040000000
0a9c00000040000000
0aa000000040000000
0aa400000040000000
0aa800000040000000
0aac00000040000000
0ab000000040000000
0ab400000040000000
0ab800000040000000
0abc00000040000000
0ac000000040000000
0ac400000040000000
0ac800000040000000
0acc00000040000000
0ad000000040000000
0ad400000040000000
0ad800000040000000
0adc00000040000000
0ae000000040000000
0ae400000040000000
0ae800000040000000
0aec00000040000000
0af000000040000000
0af400000040000000
0af800000040000000
0afc00000040000000
0b0000000040000000
0b0400000040000000
0b0800000040000000
0b0c00000040000000
0b1000000040000000
0b1400000040000000
0b1800000040000000
0b1c00000040000000
0b2000000040000000
0b2400000040000000
0b2800000040000000
0b2c00000040000000
0b3000000040000000
0b3400000040000000
0b3800000040000000
0b3c00000040000000
0b4000000040000000
0b4400000040000000
0b4800000040000000
0b4c00000040000000
0b5000000040000000
0b5400000040000000
0b5800000040000000
0b5c00000040000000
0b6000000040000000
0b6400000040000000
0b6800000040000000
0b6c00000040000000
0b7000000040000000
0b7400000040000000
0b7800000040000000
0b7c00000040000000
0b8000000040000000
0b8400000040000000
0b8800000040000000
0b8c00000040000000
0b9000000040000000
0b9400000040000000
0b9800000040000000
0b9c00000040000000
0ba000000040000000
0ba400000040000000
0ba800000040000000
0bac00000040000000
0bb000000040000000
0bb400000040000000
0bb800000040000000
0bbc00000040000000
0bc000000040000000
0bc400000040000000
0bc800000040000000
0bcc00000040000000
0bd000000040000000
0bd400000040000000
0bd800000040000000
0bdc00000040000000
0be000000040000000
0be400000040000000
0be800000040000000
0bec00000040000000
0bf000000040000000
0bf400000040000000
0bf800000040000000
0bfc00000040000000
0c0000000040000000
0c0400000040000000
0c0800000040000000
0c0c00000040000000
0c1000000040000000
0c1400000040000000
0c1800000040000000
0c1c00000040000000
0c2000000040000000
0c2400000040000000
0c2800000040000000
0c2c00000040000000
0c3000000040000000
0c3400000040000000
0c3800000040000000
0c3c00000040000000
0c4000000040000000
0c4400000040000000
0c4800000040000000
0c4c00000040000000
0c5000000040000000
0c5400000040000000
0c5800000040000000
0c5c00000040000000
0c6000000040000000
0c6400000040000000
0c6800000040000000
0c6c00000040000000
0c7000000040000000
0c7400000040000000
0c7800000040000000
0c7c00000040000000
0c8000000040000000
0c8400000040000000
0c8800000040000000
0c8c00000040000000
0c9000000040000000
0c9400000040000000
0c9800000040000000
0c9c00000040000000
0ca000000040000000
0ca400000040000000
0ca800000040000000
0cac00000040000000
0cb000000040000000
0cb400000040000000
0cb800000040000000
0cbc00000040000000
0cc000000040000000
0cc400000040000000
0cc800000040000000
0ccc00000040000000
0cd000000040000000
0cd400000040000000
0cd800000040000000
0cdc00000040000000
0ce000000040000000
0ce400000040000000
0ce800000040000000
0cec00000040000000
0cf000000040000000
0cf400000040000000
0cf800000040000000
0cfc00000040000000
0d0000000040000000
0d0400000040000000
0d0800000040000000
0d0c00000040000000
0d1000000040000000
0d1400000040000000
0d1800000040000000
0d1c00000040000000
0d2000000040000000
0d2400000040000000
0d2800000040000000
0d2c00000040000000
0d3000000040000000
0d3400000040000000
0d3800000040000000
0d3c00000040000000
0d4000000040000000
0d4400000040000000
0d4800000040000000
0d4c00000040000000
0d5000000040000000
0d5400000040000000
0d5800000040000000
0d5c00000040000000
0d6000000040000000
0d6400000040000000
0d6800000040000000
0d6c00000040000000
0d7000000040000000
0d7400000040000000
0d7800000040000000
0d7c00000040000000
0d8000000040000000
0d8400000040000000
0d8800000040000000
0d8c00000040000000
0d9000000040000000
0d9400000040000000
0d9800000040000000
0d9c00000040000000
0da000000040000000
0da400000040000000
0da800000040000000
0dac00000040000000
0db000000040000000
0db400000040000000
0db800000040000000
0dbc00000040000000
0dc000000040000000
0dc400000040000000
0dc800000040000000
0dcc00000040000000
0dd000000040000000
0dd400000040000000
0dd800000040000000
0ddc00000040000000
0de000000040000000
0de400000040000000
0de800000040000000
0dec00000040000000
0df000000040000000
0df400000040000000
0df800000040000000
0dfc00000040000000
0e0000000040000000
0e0400000040000000
0e0800000040000000
0e0c00000040000000
0e1000000040000000
0e1400000040000000
0e1800000040000000
0e1c00000040000000
0e2000000040000000
0e2400000040000000
0e2800000040000000
0e2c00000040000000
0e3000000040000000
0e3400000040000000
0e3800000040000000
0e3c00000040000000
0e4000000040000000
0e4400000040000000
0e4800000040000000
0e4c00000040000000
0e5000000040000000
0e5400000040000000
0e5800000040000000
0e5c00000040000000
0e6000000040000000
0e6400000040000000
0e6800000040000000
0e6c00000040000000
0e7000000040000000
0e7400000040000000
0e7800000040000000
0e7c00000040000000
0e8000000040000000
0e8400000040000000
0e8800000040000000
0e8c00000040000000
0e9000000040000000
0e9400000040000000
0e9800000040000000
0e9c00000040000000
0ea000000040000000
0ea400000040000000
0ea800000040000000
0eac00000040000000
0eb000000040000000
0eb400000040000000
0eb800000040000000
0ebc00000040000000
0ec000000040000000
0ec400000040000000
0ec800000040000000
0ecc00000040000000
0ed000000040000000
0ed400000040000000
0ed800000040000000
0edc00000040000000
0ee000000040000000
0ee400000040000000
0ee800000040000000
0eec00000040000000
0ef000000040000000
0ef400000040000000
0ef800000040000000
0efc00000040000000
0f0000000040000000
0f0400000040000000
0f0800000040000000
0f0c00000040000000
0f1000000040000000
0f1400000040000000
0f1800000040000000
0f1c00000040000000
0f2000000040000000
0f2400000040000000
0f2800000040000000
0f2c00000040000000
0f3000000040000000
0f3400000040000000
0f3800000040000000
0f3c00000040000000
0f4000000040000000
0f4400000040000000
0f4800000040000000
0f4c00000040000000
0f5000000040000000
0f5400000040000000
0f5800000040000000
0f5c00000040000000
0f6000000040000000
0f6400000040000000
0f6800000040000000
0f6c00000040000000
0f7000000040000000
0f7400000040000000
0f7800000040000000
0f7c00000040000000
0f8000000040000000
0f8400000040000000
0f8800000040000000
0f8c00000040000000
0f9000000040000000
0f9400000040000000
0f9800000040000000
0f9c00000040000000
0fa000000040000000
0fa400000040000000
0fa800000040000000
0fac00000040000000
0fb000000040000000
0fb400000040000000
0fb800000040000000
0fbc00000040000000
0fc000000040000000
0fc400000040000000
0fc800000040000000
0fcc00000040000000
0fd000000040000000
0fd400000040000000
0fd800000040000000
0fdc00000040000000
0fe000000040000000
0fe400000040000000
0fe800000040000000
0fec00000040000000
0ff000000040000000
0ff400000040000000
0ff800000040000000
0ffc00000040000000
100000000040000000
100400000040000000
100800000040000000
100c00000040000000
101000000040000000
101400000040000000
101800000040000000
101c00000040000000
102000000040000000
102400000040000000
102800000040000000
102c00000040000000
103000000040000000
103400000040000000
103800000040000000
103c00000040000000
104000000040000000
104400000040000000
104800000040000000
104c00000040000000
105000000040000000
105400000040000000
105800000040000000
105c00000040000000
106000000040000000
106400000040000000
106800000040000000
106c00000040000000
107000000040000000
107400000040000000
107800000040000000
107c00000040000000
108000000040000000
108400000040000000
108800000040000000
108c00000040000000
109000000040000000
109400000040000000
109800000040000000
109c00000040000000
10a000000040000000
10a400000040000000
10a800000040000000
10ac00000040000000
10b000000040000000
10b400000040000000
10b800000040000000
10bc00000040000000
10c000000040000000
10c400000040000000
10c800000040000000
10cc00000040000000
10d000000040000000
10d400000040000000
10d800000040000000
10dc00000040000000
10e000000040000000
10e400000040000000
10e800000040000000
10ec00000040000000
10f000000040000000
10f400000040000000
10f800000040000000
10fc00000040000000
110000000040000000
110400000040000000
110800000040000000
110c00000040000000
111000000040000000
111400000040000000
111800000040000000
111c00000040000000
112000000040000000
112400000040000000
112800000040000000
112c00000040000000
113000000040000000
113400000040000000
113800000040000000
113c00000040000000
114000000040000000
114400000040000000
114800000040000000
114c00000040000000
115000000040000000
115400000040000000
115800000040000000
115c00000040000000
116000000040000000
116400000040000000
116800000040000000
116c00000040000000
117000000040000000
117400000040000000
117800000040000000
117c00000040000000
118000000040000000
118400000040000000
118800000040000000
118c00000040000000
119000000040000000
119400000040000000
119800000040000000
119c00000040000000
11a000000040000000
11a400000040000000
11a800000040000000
11ac00000040000000
11b000000040000000
11b400000040000000
11b800000040000000
11bc00000040000000
11c000000040000000
11c400000040000000
11c800000040000000
11cc00000040000000
11d000000040000000
11d400000040000000
11d800000040000000
11dc00000040000000
11e000000040000000
11e400000040000000
11e800000040000000
11ec00000040000000
11f000000040000000
11f400000040000000
11f800000040000000
11fc00000040000000
120000000040000000
120400000040000000
120800000040000000
120c00000040000000
121000000040000000
121400000040000000
121800000040000000
121c00000040000000
122000000040000000
122400000040000000
122800000040000000
122c00000040000000
123000000040000000
123400000040000000
123800000040000000
123c00000040000000
124000000040000000
124400000040000000
124800000040000000
124c00000040000000
125000000040000000
125400000040000000
125800000040000000
125c00000040000000
126000000040000000
126400000040000000
126800000040000000
126c00000040000000
127000000040000000
127400000040000000
127800000040000000
127c00000040000000
128000000040000000
128400000040000000
128800000040000000
128c00000040000000
129000000040000000
129400000040000000
129800000040000000
129c00000040000000
12a000000040000000
12a400000040000000
12a800000040000000
12ac00000040000000
12b000000040000000
12b400000040000000
12b800000040000000
12bc00000040000000
12c000000040000000
12c400000040000000
12c800000040000000
12cc00000040000000
12d000000040000000
12d400000040000000
12d800000040000000
12dc00000040000000
12e000000040000000
12e400000040000000
12e800000040000000
12ec00000040000000
12f000000040000000
12f400000040000000
12f800000040000000
12fc00000040000000
130000000040000000
130400000040000000
130800000040000000
130c00000040000000
131000000040000000
131400000040000000
131800000040000000
131c00000040000000
132000000040000000
132400000040000000
132800000040000000
132c00000040000000
133000000040000000
133400000040000000
133800000040000000
133c00000040000000
134000000040000000
134400000040000000
134800000040000000
134c00000040000000
135000000040000000
135400000040000000
135800000040000000
135c00000040000000
136000000040000000
136400000040000000
136800000040000000
136c00000040000000
137000000040000000
137400000040000000
137800000040000000
137c00000040000000
138000000040000000
138400000040000000
138800000040000000
138c00000040000000
139000000040000000
139400000040000000
139800000040000000
139c00000040000000
13a000000040000000
13a400000040000000
13a800000040000000
13ac00000040000000
13b000000040000000
13b400000040000000
13b800000040000000
13bc00000040000000
13c000000040000000
13c400000040000000
13c800000040000000
13cc00000040000000
13d000000040000000
13d400000040000000
13d800000040000000
13dc00000040000000
13e000000040000000
13e400000040000000
13e800000040000000
13ec00000040000000
13f000000040000000
13f400000040000000
13f800000040000000
13fc00000040000000
140000000040000000
140400000040000000
140800000040000000
140c00000040000000
141000000040000000
141400000040000000
141800000040000000
141c00000040000000
142000000040000000
142400000040000000
142800000040000000
142c00000040000000
143000000040000000
143400000040000000
143800000040000000
143c00000040000000
144000000040000000
144400000040000000
144800000040000000
144c00000040000000
145000000040000000
145400000040000000
145800000040000000
145c00000040000000
146000000040000000
146400000040000000
146800000040000000
146c00000040000000
147000000040000000
147400000040000000
147800000040000000
147c00000040000000
148000000040000000
148400000040000000
148800000040000000
148c00000040000000
149000000040000000
149400000040000000
149800000040000000
149c00000040000000
14a000000040000000
14a400000040000000
14a800000040000000
14ac00000040000000
14b000000040000000
14b400000040000000
14b800000040000000
14bc00000040000000
14c000000040000000
14c400000040000000
14c800000040000000
14cc00000040000000
14d000000040000000
14d400000040000000
14d800000040000000
14dc00000040000000
14e000000040000000
14e400000040000000
14e800000040000000
14ec00000040000000
14f000000040000000
14f400000040000000
14f800000040000000
14fc00000040000000
150000000040000000
150400000040000000
150800000040000000
150c00000040000000
151000000040000000
151400000040000000
151800000040000000
151c00000040000000
152000000040000000
152400000040000000
152800000040000000
152c00000040000000
153000000040000000
153400000040000000
153800000040000000
153c00000040000000
154000000040000000
154400000040000000
154800000040000000
154c00000040000000
155000000040000000
155400000040000000
155800000040000000
155c00000040000000
156000000040000000
156400000040000000
156800000040000000
156c00000040000000
157000000040000000
157400000040000000
157800000040000000
157c00000040000000
158000000040000000
158400000040000000
158800000040000000
158c00000040000000
159000000040000000
159400000040000000
159800000040000000
159c00000040000000
15a000000040000000
15a400000040000000
15a800000040000000
15ac00000040000000
15b000000040000000
15b400000040000000
15b800000040000000
15bc00000040000000
15c000000040000000
15c400000040000000
15c800000040000000
15cc00000040000000
15d000000040000000
15d400000040000000
15d800000040000000
15dc00000040000000
15e000000040000000
15e400000040000000
15e800000040000000
15ec00000040000000
15f000000040000000
15f400000040000000
15f800000040000000
15fc00000040000000
160000000040000000
160400000040000000
160800000040000000
160c00000040000000
161000000040000000
161400000040000000
161800000040000000
161c00000040000000
162000000040000000
162400000040000000
162800000040000000
162c00000040000000
163000000040000000
163400000040000000
163800000040000000
163c00000040000000
164000000040000000
164400000040000000
164800000040000000
164c00000040000000
165000000040000000
165400000040000000
165800000040000000
165c00000040000000
166000000040000000
166400000040000000
166800000040000000
166c00000040000000
167000000040000000
167400000040000000
167800000040000000
167c00000040000000
168000000040000000
168400000040000000
168800000040000000
168c00000040000000
169000000040000000
169400000040000000
169800000040000000
169c00000040000000
16a000000040000000
16a400000040000000
16a800000040000000
16ac00000040000000
16b000000040000000
16b400000040000000
16b800000040000000
16bc00000040000000
16c000000040000000
16c400000040000000
16c800000040000000
16cc00000040000000
16d000000040000000
16d400000040000000
16d800000040000000
16dc00000040000000
16e000000040000000
16e400000040000000
16e800000040000000
16ec00000040000000
16f000000040000000
16f400000040000000
16f800000040000000
16fc00000040000000
170000000040000000
170400000040000000
170800000040000000
170c00000040000000
171000000040000000
171400000040000000
171800000040000000
171c00000040000000
172000000040000000
172400000040000000
172800000040000000
172c00000040000000
173000000040000000
173400000040000000
173800000040000000
173c00000040000000
174000000040000000
174400000040000000
174800000040000000
174c00000040000000
175000000040000000
175400000040000000
175800000040000000
175c00000040000000
176000000040000000
176400000040000000
176800000040000000
176c00000040000000
177000000040000000
177400000040000000
177800000040000000
177c00000040000000
178000000040000000
178400000040000000
178800000040000000
178c00000040000000
179000000040000000
179400000040000000
179800000040000000
179c00000040000000
17a000000040000000
17a400000040000000
17a800000040000000
17ac00000040000000
17b000000040000000
17b400000040000000
17b800000040000000
17bc00000040000000
17c000000040000000
17c400000040000000
17c800000040000000
17cc00000040000000
17d000000040000000
17d400000040000000
17d800000040000000
17dc00000040000000
17e000000040000000
17e400000040000000
17e800000040000000
17ec00000040000000
17f000000040000000
17f400000040000000
17f800000040000000
17fc00000040000000
180000000040000000
180400000040000000
180800000040000000
180c00000040000000
181000000040000000
181400000040000000
181800000040000000
181c00000040000000
182000000040000000
182400000040000000
182800000040000000
182c00000040000000
183000000040000000
183400000040000000
183800000040000000
183c00000040000000
184000000040000000
184400000040000000
184800000040000000
184c00000040000000
185000000040000000
185400000040000000
185800000040000000
185c00000040000000
186000000040000000
186400000040000000
186800000040000000
186c00000040000000
187000000040000000
187400000040000000
187800000040000000
187c00000040000000
188000000040000000
188400000040000000
188800000040000000
188c00000040000000
189000000040000000
189400000040000000
189800000040000000
189c00000040000000
18a000000040000000
18a400000040000000
18a800000040000000
18ac00000040000000
18b000000040000000
18b400000040000000
18b800000040000000
18bc00000040000000
18c000000040000000
18c400000040000000
18c800000040000000
18cc00000040000000
18d000000040000000
18d400000040000000
18d800000040000000
18dc00000040000000
18e000000040000000
18e400000040000000
18e800000040000000
18ec00000040000000
18f000000040000000
18f400000040000000
18f800000040000000
18fc00000040000000
190000000040000000
190400000040000000
190800000040000000
190c00000040000000
191000000040000000
191400000040000000
191800000040000000
191c00000040000000
192000000040000000
192400000040000000
192800000040000000
192c00000040000000
193000000040000000
193400000040000000
193800000040000000
193c00000040000000
194000000040000000
194400000040000000
194800000040000000
194c00000040000000
195000000040000000
195400000040000000
195800000040000000
195c00000040000000
196000000040000000
196400000040000000
196800000040000000
196c00000040000000
197000000040000000
197400000040000000
197800000040000000
197c00000040000000
198000000040000000
198400000040000000
198800000040000000
198c00000040000000
199000000040000000
199400000040000000
199800000040000000
199c00000040000000
19a000000040000000
19a400000040000000
19a800000040000000
19ac00000040000000
19b000000040000000
19b400000040000000
19b800000040000000
19bc00000040000000
19c000000040000000
19c400000040000000
19c800000040000000
19cc00000040000000
19d000000040000000
19d400000040000000
19d800000040000000
19dc00000040000000
19e000000040000000
19e400000040000000
19e800000040000000
19ec00000040000000
19f000000040000000
19f400000040000000
19f800000040000000
19fc00000040000000
1a0000000040000000
1a0400000040000000
1a0800000040000000
1a0c00000040000000
1a1000000040000000
1a1400000040000000
1a1800000040000000
1a1c00000040000000
1a2000000040000000
1a2400000040000000
1a2800000040000000
1a2c00000040000000
1a3000000040000000
1a3400000040000000
1a3800000040000000
1a3c00000040000000
1a4000000040000000
1a4400000040000000
1a4800000040000000
1a4c00000040000000
1a5000000040000000
1a5400000040000000
1a5800000040000000
1a5c00000040000000
1a6000000040000000
1a6400000040000000
1a6800000040000000
1a6c00000040000000
1a7000000040000000
1a7400000040000000
1a7800000040000000
1a7c00000040000000
1a8000000040000000
1a8400000040000000
1a8800000040000000
1a8c00000040000000
1a9000000040000000
1a9400000040000000
1a9800000040000000
1a9c00000040000000
1aa000000040000000
1aa400000040000000
1aa800000040000000
1aac00000040000000
1ab000000040000000
1ab400000040000000
1ab800000040000000
1abc00000040000000
1ac000000040000000
1ac400000040000000
1ac800000040000000
1acc00000040000000
1ad000000040000000
1ad400000040000000
1ad800000040000000
1adc00000040000000
1ae000000040000000
1ae400000040000000
1ae800000040000000
1aec00000040000000
1af000000040000000
1af400000040000000
1af800000040000000
1afc00000040000000
1b0000000040000000
1b0400000040000000
1b0800000040000000
1b0c00000040000000
1b1000000040000000
1b1400000040000000
1b1800000040000000
1b1c00000040000000
1b2000000040000000
1b2400000040000000
1b2800000040000000
1b2c00000040000000
1b3000000040000000
1b3400000040000000
1b3800000040000000
1b3c00000040000000
1b4000000040000000
1b4400000040000000
1b4800000040000000
1b4c00000040000000
1b5000000040000000
1b5400000040000000
1b5800000040000000
1b5c00000040000000
1b6000000040000000
1b6400000040000000
1b6800000040000000
1b6c00000040000000
1b7000000040000000
1b7400000040000000
1b7800000040000000
1b7c00000040000000
1b8000000040000000
1b8400000040000000
1b8800000040000000
1b8c00000040000000
1b9000000040000000
1b9400000040000000
1b9800000040000000
1b9c00000040000000
1ba000000040000000
1ba400000040000000
1ba800000040000000
1bac00000040000000
1bb000000040000000
1bb400000040000000
1bb800000040000000
1bbc00000040000000
1bc000000040000000
1bc400000040000000
1bc800000040000000
1bcc00000040000000
1bd000000040000000
1bd400000040000000
1bd800000040000000
1bdc00000040000000
1be000000040000000
1be400000040000000
1be800000040000000
1bec00000040000000
1bf000000040000000
1bf400000040000000
1bf800000040000000
1bfc00000040000000
1c0000000040000000
1c0400000040000000
1c0800000040000000
1c0c00000040000000
1c1000000040000000
1c1400000040000000
1c1800000040000000
1c1c00000040000000
1c2000000040000000
1c2400000040000000
1c2800000040000000
1c2c00000040000000
1c3000000040000000
1c3400000040000000
1c3800000040000000
1c3c00000040000000
1c4000000040000000
1c4400000040000000
1c4800000040000000
1c4c00000040000000
1c5000000040000000
1c5400000040000000
1c5800000040000000
1c5c00000040000000
1c6000000040000000
1c6400000040000000
1c6800000040000000
1c6c00000040000000
1c7000000040000000
1c7400000040000000
1c7800000040000000
1c7c00000040000000
1c8000000040000000
1c8400000040000000
1c8800000040000000
1c8c00000040000000
1c9000000040000000
1c9400000040000000
1c9800000040000000
1c9c00000040000000
1ca000000040000000
1ca400000040000000
1ca800000040000000
1cac00000040000000
1cb000000040000000
1cb400000040000000
1cb800000040000000
1cbc00000040000000
1cc000000040000000
1cc400000040000000
1cc800000040000000
1ccc00000040000000
1cd000000040000000
1cd400000040000000
1cd800000040000000
1cdc00000040000000
1ce000000040000000
1ce400000040000000
1ce800000040000000
1cec00000040000000
1cf000000040000000
1cf400000040000000
1cf800000040000000
1cfc00000040000000
1d0000000040000000
1d0400000040000000
1d0800000040000000
1d0c00000040000000
1d1000000040000000
1d1400000040000000
1d1800000040000000
1d1c00000040000000
1d2000000040000000
1d2400000040000000
1d2800000040000000
1d2c00000040000000
1d3000000040000000
1d3400000040000000
1d3800000040000000
1d3c00000040000000
1d4000000040000000
1d4400000040000000
1d4800000040000000
1d4c00000040000000
1d5000000040000000
1d5400000040000000
1d5800000040000000
1d5c00000040000000
1d6000000040000000
1d6400000040000000
1d6800000040000000
1d6c00000040000000
1d7000000040000000
1d7400000040000000
1d7800000040000000
1d7c00000040000000
1d8000000040000000
1d8400000040000000
1d8800000040000000
1d8c00000040000000
1d9000000040000000
1d9400000040000000
1d9800000040000000
1d9c00000040000000
1da000000040000000
1da400000040000000
1da800000040000000
1dac00000040000000
1db000000040000000
1db400000040000000
1db800000040000000
1dbc00000040000000
1dc000000040000000
1dc400000040000000
1dc800000040000000
1dcc00000040000000
1dd000000040000000
1dd400000040000000
1dd800000040000000
1ddc00000040000000
1de000000040000000
1de400000040000000
1de800000040000000
1dec00000040000000
1df000000040000000
1df400000040000000
1df800000040000000
1dfc00000040000000
1e0000000040000000
1e0400000040000000
1e0800000040000000
1e0c00000040000000
1e1000000040000000
1e1400000040000000
1e1800000040000000
1e1c00000040000000
1e2000000040000000
1e2400000040000000
1e2800000040000000
1e2c00000040000000
1e3000000040000000
1e3400000040000000
1e3800000040000000
1e3c00000040000000
1e4000000040000000
1e4400000040000000
1e4800000040000000
1e4c00000040000000
1e5000000040000000
1e5400000040000000
1e5800000040000000
1e5c00000040000000
1e6000000040000000
1e6400000040000000
1e6800000040000000
1e6c00000040000000
1e7000000040000000
1e7400000040000000
1e7800000040000000
1e7c00000040000000
1e8000000040000000
1e8400000040000000
1e8800000040000000
1e8c00000040000000
1e9000000040000000
1e9400000040000000
1e9800000040000000
1e9c00000040000000
1ea000000040000000
1ea400000040000000
1ea800000040000000
1eac00000040000000
1eb000000040000000
1eb400000040000000
1eb800000040000000
1ebc00000040000000
1ec000000040000000
1ec400000040000000
1ec800000040000000
1ecc00000040000000
1ed000000040000000
1ed400000040000000
1ed800000040000000
1edc00000040000000
1ee000000040000000
1ee400000040000000
1ee800000040000000
1eec00000040000000
1ef000000040000000
1ef400000040000000
1ef800000040000000
1efc00000040000000
1f0000000040000000
1f0400000040000000
1f0800000040000000
1f0c00000040000000
1f1000000040000000
1f1400000040000000
1f1800000040000000
1f1c00000040000000
1f2000000040000000
1f2400000040000000
1f2800000040000000
1f2c00000040000000
1f3000000040000000
1f3400000040000000
1f3800000040000000
1f3c00000040000000
1f4000000040000000
1f4400000040000000
1f4800000040000000
1f4c00000040000000
1f5000000040000000
1f5400000040000000
1f5800000040000000
1f5c00000040000000
1f6000000040000000
1f6400000040000000
1f6800000040000000
1f6c00000040000000
1f7000000040000000
1f7400000040000000
1f7800000040000000
1f7c00000040000000
1f8000000040000000
1f8400000040000000
1f8800000040000000
1f8c00000040000000
1f9000000040000000
1f9400000040000000
1f9800000040000000
1f9c00000040000000
1fa000000040000000
1fa400000040000000
1fa800000040000000
1fac00000800000003
1fb000000040000000
1fb400000040000000
1fb800000040000000
1fbc00000040000000
1fc000000040000000
1fc400000040000000
1fc800000040000000
1fcc00000040000000
1fd000000040000000
1fd400000040000000
1fd800000040000000
1fdc00000040000000
1fe000000040000000
1fe400000040000000
1fe800000040000000
1fec00000040000000
1ff000000040000000
1ff400000040000000
1ff800000040000000
1ffc00000040000000
200000000040000000
200400000040000000
200800000040000000
200c00000040000000
201000000040000000
201400000040000000
201800000040000000
201c00000040000000
202000000040000000
202400000040000000
202800000040000000
202c00000040000000
203000000040000000
203400000040000000
203800000040000000
203c00000040000000
204000000040000000
204400000040000000
204800000040000000
204c00000040000000
205000000800000000
205400000040000000
205800000040000000
205c00000040000000
206000000040000000
206400000040000000
206800000040000000
206c00000040000000
207000000040000000
207400000040000000
207800000040000000
207c00000040000000
208000000040000000
208400000040000000
208800000040000000
208c00000040000000
209000000040000000
209400000040000000
209800000040000000
209c00000040000000
20a000000040000000
20a400000040000000
20a800000040000000
20ac00000040000000
20b000000040000000
20b400000040000000
20b800000040000000
20bc00000040000000
20c000000040000000
20c400000040000000
20c800000040000000
20cc00000040000000
20d000000040000000
20d400000040000000
20d800000040000000
20dc00000040000000
20e000000040000000
20e400000040000000
20e800000040000000
20ec00000040000000
20f000000040000000
20f400000040000000
20f800000040000000
20fc00000040000000
210000000040000000
210400000040000000
210800000040000000
210c00000040000000
211000000040000000
211400000040000000
211800000040000000
211c00000040000000
212000000040000000
212400000040000000
212800000040000000
212c00000040000000
213000000040000000
213400000040000000
213800000040000000
213c00000040000000
214000000040000000
214400000040000000
214800000040000000
214c00000040000000
215000000040000000
215400000040000000
215800000040000000
215c00000040000000
216000000040000000
216400000040000000
216800000040000000
216c00000040000000
217000000040000000
217400000040000000
217800000040000000
217c00000040000000
218000000040000000
218400000040000000
218800000040000000
218c00000040000000
219000000040000000
219400000040000000
219800000040000000
219c00000040000000
21a000000040000000
21a400000040000000
21a800000040000000
21ac00000040000000
21b000000040000000
21b400000040000000
21b800000040000000
21bc00000040000000
21c000000040000000
21c400000040000000
21c800000040000000
21cc00000040000000
21d000000040000000
21d400000040000000
21d800000040000000
21dc00000040000000
21e000000040000000
21e400000040000000
21e800000040000000
21ec00000040000000
21f000000040000000
21f400000040000000
21f800000040000000
21fc00000040000000
220000000040000000
220400000040000000
220800000040000000
220c00000040000000
221000000040000000
221400000040000000
221800000040000000
221c00000040000000
222000000040000000
222400000040000000
222800000040000000
222c00000040000000
223000000040000000
223400000040000000
223800000040000000
223c00000040000000
224000000040000000
224400000040000000
224800000040000000
224c00000040000000
225000000040000000
225400000040000000
225800000040000000
225c00000040000000
226000000040000000
226400000040000000
226800000040000000
226c00000040000000
227000000040000000
227400000040000000
227800000040000000
227c00000040000000
228000000040000000
228400000040000000
228800000040000000
228c00000040000000
229000000040000000
229400000040000000
229800000040000000
229c00000040000000
22a000000040000000
22a400000040000000
22a800000040000000
22ac00000040000000
22b000000040000000
22b400000040000000
22b800000040000000
22bc00000040000000
22c000000040000000
22c400000040000000
22c800000040000000
22cc00000040000000
22d000000040000000
22d400000040000000
22d800000040000000
22dc00000040000000
22e000000040000000
22e400000040000000
22e800000040000000
22ec00000040000000
22f000000040000000
22f400000040000000
22f800000040000000
22fc00000040000000
230000000040000000
230400000040000000
230800000040000000
230c00000040000000
231000000040000000
231400000040000000
231800000040000000
231c00000040000000
232000000040000000
232400000040000000
232800000040000000
232c00000040000000
233000000040000000
233400000040000000
233800000040000000
233c00000040000000
234000000040000000
234400000040000000
234800000040000000
234c00000040000000
235000000040000000
235400000040000000
235800000040000000
235c00000040000000
236000000040000000
236400000040000000
236800000040000000
236c00000040000000
237000000040000000
237400000040000000
237800000040000000
237c00000040000000
238000000040000000
238400000040000000
238800000040000000
238c00000040000000
239000000040000000
239400000040000000
239800000040000000
239c00000040000000
23a000000040000000
23a400000040000000
23a800000040000000
23ac00000040000000
23b000000040000000
23b400000040000000
23b800000040000000
23bc00000040000000
23c000000040000000
23c400000040000000
23c800000040000000
23cc00000040000000
23d000000040000000
23d400000040000000
23d800000040000000
23dc00000040000000
23e000000040000000
23e400000040000000
23e800000040000000
23ec00000040000000
23f000000040000000
23f400000040000000
23f800000040000000
23fc00000800000001
240000000040000000
240400000040000000
240800000040000000
240c00000040000000
241000000040000000
241400000040000000
241800000040000000
241c00000040000000
242000000040000000
242400000040000000
242800000040000000
242c00000040000000
243000000040000000
243400000040000000
243800000040000000
243c00000040000000
244000000040000000
244400000040000000
244800000040000000
244c00000040000000
245000000040000000
245400000040000000
245800000040000000
245c00000040000000
246000000040000000
246400000040000000
246800000040000000
246c00000040000000
247000000040000000
247400000040000000
247800000040000000
247c00000040000000
248000000040000000
248400000040000000
248800000040000000
248c00000040000000
249000000040000000
249400000040000000
249800000040000000
249c00000040000000
24a000000040000000
24a400000040000000
24a800000040000000
24ac00000040000000
24b000000040000000
24b400000040000000
24b800000040000000
24bc00000040000000
24c000000040000000
24c400000040000000
24c800000040000000
24cc00000040000000
24d000000040000000
24d400000040000000
24d800000040000000
24dc00000040000000
24e000000040000000
24e400000040000000
24e800000040000000
24ec00000040000000
24f000000040000000
24f400000040000000
24f800000040000000
24fc00000040000000
250000000040000000
250400000040000000
250800000040000000
250c00000040000000
251000000040000000
251400000040000000
251800000040000000
251c00000040000000
252000000040000000
252400000040000000
252800000040000000
252c00000040000000
253000000040000000
253400000040000000
253800000040000000
253c00000040000000
254000000040000000
254400000040000000
254800000040000000
254c00000040000000
255000000040000000
255400000040000000
255800000040000000
255c00000040000000
256000000040000000
256400000040000000
256800000040000000
256c00000040000000
257000000040000000
257400000040000000
257800000040000000
257c00000040000000
258000000040000000
258400000040000000
258800000040000000
258c00000040000000
259000000040000000
259400000040000000
259800000040000000
259c00000040000000
25a000000040000000
25a400000040000000
25a800000040000000
25ac00000040000000
25b000000040000000
25b400000040000000
25b800000040000000
25bc00000040000000
25c000000040000000
25c400000040000000
25c800000040000000
25cc00000040000000
25d000000040000000
25d400000040000000
25d800000040000000
25dc00000040000000
25e000000040000000
25e400000040000000
25e800000040000000
25ec00000040000000
25f000000040000000
25f400000040000000
25f800000040000000
25fc00000040000000
260000000040000000
260400000040000000
260800000040000000
260c00000040000000
261000000040000000
261400000040000000
261800000040000000
261c00000040000000
262000000040000000
262400000040000000
262800000040000000
262c00000040000000
263000000040000000
263400000040000000
263800000040000000
263c00000040000000
264000000040000000
264400000040000000
264800000040000000
264c00000040000000
265000000040000000
265400000040000000
265800000040000000
265c00000040000000
266000000040000000
266400000040000000
266800000040000000
266c00000040000000
267000000040000000
267400000040000000
267800000040000000
267c00000040000000
268000000040000000
268400000040000000
268800000040000000
268c00000040000000
269000000040000000
269400000040000000
269800000040000000
269c00000040000000
26a000000040000000
26a400000040000000
26a800000040000000
26ac00000040000000
26b000000040000000
26b400000040000000
26b800000040000000
26bc00000040000000
26c000000040000000
26c400000040000000
26c800000040000000
26cc00000040000000
26d000000040000000
26d400000040000000
26d800000040000000
26dc00000040000000
26e000000040000000
26e400000040000000
26e800000040000000
26ec00000040000000
26f000000040000000
26f400000040000000
26f800000040000000
26fc00000040000000
270000000040000000
270400000040000000
270800000040000000
270c00000040000000
271000000040000000
271400000040000000
271800000040000000
271c00000040000000
272000000040000000
272400000040000000
272800000040000000
272c00000040000000
273000000040000000
273400000040000000
273800000040000000
273c00000040000000
274000000040000000
274400000040000000
274800000040000000
274c00000040000000
275000000040000000
275400000040000000
275800000040000000
275c00000040000000
276000000040000000
276400000040000000
276800000040000000
276c00000040000000
277000000040000000
277400000040000000
277800000040000000
277c00000040000000
278000000040000000
278400000040000000
278800000040000000
278c00000040000000
279000000040000000
279400000040000000
279800000040000000
279c00000040000000
27a000000040000000
27a400000040000000
27a800000040000000
27ac00000040000000
27b000000040000000
27b400000040000000
27b800000040000000
27bc00000040000000
27c000000040000000
27c400000040000000
27c800000040000000
27cc00000040000000
27d000000040000000
27d400000040000000
27d800000040000000
27dc00000040000000
27e000000040000000
27e400000040000000
27e800000040000000
27ec00000040000000
27f000000040000000
27f400000040000000
27f800000040000000
27fc00000040000000
280000000040000000
280400000040000000
280800000040000000
280c00000040000000
281000000040000000
281400000040000000
281800000040000000
281c00000040000000
282000000040000000
282400000040000000
282800000040000000
282c00000040000000
283000000040000000
283400000040000000
283800000040000000
283c00000040000000
284000000040000000
284400000040000000
284800000040000000
284c00000040000000
285000000040000000
285400000040000000
285800000040000000
285c00000040000000
286000000040000000
286400000040000000
286800000040000000
286c00000040000000
287000000040000000
287400000040000000
287800000040000000
287c00000040000000
288000000040000000
288400000040000000
288800000040000000
288c00000040000000
289000000040000000
289400000040000000
289800000040000000
289c00000040000000
28a000000040000000
28a400000040000000
28a800000040000000
28ac00000040000000
28b000000040000000
28b400000040000000
28b800000040000000
28bc00000040000000
28c000000040000000
28c400000040000000
28c800000040000000
28cc00000040000000
28d000000040000000
28d400000040000000
28d800000040000000
28dc00000040000000
28e000000040000000
28e400000040000000
28e800000040000000
28ec00000040000000
28f000000040000000
28f400000040000000
28f800000040000000
28fc00000040000000
290000000040000000
290400000040000000
290800000040000000
290c00000040000000
291000000040000000
291400000040000000
291800000040000000
291c00000040000000
292000000040000000
292400000040000000
292800000040000000
292c00000040000000
293000000040000000
293400000040000000
293800000040000000
293c00000040000000
294000000040000000
294400000040000000
294800000040000000
294c00000040000000
295000000040000000
295400000040000000
295800000040000000
295c00000040000000
296000000040000000
296400000040000000
296800000040000000
296c00000040000000
297000000040000000
297400000040000000
297800000040000000
297c00000040000000
298000000040000000
298400000040000000
298800000040000000
298c00000040000000
299000000040000000
299400000040000000
299800000040000000
299c00000040000000
29a000000040000000
29a400000040000000
29a800000040000000
29ac00000040000000
29b000000040000000
29b400000040000000
29b800000040000000
29bc00000040000000
29c000000040000000
29c400000040000000
29c800000040000000
29cc00000040000000
29d000000040000000
29d400000040000000
29d800000040000000
29dc00000040000000
29e000000040000000
29e400000040000000
29e800000040000000
29ec00000040000000
29f000000040000000
29f400000040000000
29f800000040000000
29fc00000040000000
2a0000000040000000
2a0400000040000000
2a0800000040000000
2a0c00000040000000
2a1000000040000000
2a1400000040000000
2a1800000040000000
2a1c00000040000000
2a2000000040000000
2a2400000040000000
2a2800000040000000
2a2c00000040000000
2a3000000040000000
2a3400000040000000
2a3800000040000000
2a3c00000040000000
2a4000000040000000
2a4400000040000000
2a4800000040000000
2a4c00000040000000
2a5000000040000000
2a5400000040000000
2a5800000040000000
2a5c00000040000000
2a6000000040000000
2a6400000040000000
2a6800000040000000
2a6c00000040000000
2a7000000040000000
2a7400000040000000
2a7800000040000000
2a7c00000040000000
2a8000000040000000
2a8400000040000000
2a8800000040000000
2a8c00000040000000
2a9000000040000000
2a9400000040000000
2a9800000040000000
2a9c00000040000000
2aa000000040000000
2aa400000040000000
2aa800000040000000
2aac00000040000000
2ab000000040000000
2ab400000040000000
2ab800000040000000
2abc00000040000000
2ac000000040000000
2ac400000040000000
2ac800000040000000
2acc00000040000000
2ad000000040000000
2ad400000040000000
2ad800000040000000
2adc00000040000000
2ae000000040000000
2ae400000040000000
2ae800000040000000
2aec00000040000000
2af000000040000000
2af400000040000000
2af800000040000000
2afc00000040000000
2b0000000040000000
2b0400000040000000
2b0800000040000000
2b0c00000040000000
2b1000000040000000
2b1400000040000000
2b1800000040000000
2b1c00000040000000
2b2000000040000000
2b2400000040000000
2b2800000040000000
2b2c00000040000000
2b3000000040000000
2b3400000040000000
2b3800000040000000
2b3c00000040000000
2b4000000040000000
2b4400000040000000
2b4800000040000000
2b4c00000040000000
2b5000000040000000
2b5400000040000000
2b5800000040000000
2b5c00000040000000
2b6000000040000000
2b6400000040000000
2b6800000040000000
2b6c00000040000000
2b7000000040000000
2b7400000040000000
2b7800000040000000
2b7c00000040000000
2b8000000040000000
2b8400000040000000
2b8800000040000000
2b8c00000040000000
2b9000000040000000
2b9400000040000000
2b9800000040000000
2b9c00000040000000
2ba000000040000000
2ba400000040000000
2ba800000040000000
2bac00000040000000
2bb000000040000000
2bb400000040000000
2bb800000040000000
2bbc00000040000000
2bc000000040000000
2bc400000040000000
2bc800000040000000
2bcc00000040000000
2bd000000040000000
2bd400000040000000
2bd800000040000000
2bdc00000040000000
2be000000040000000
2be400000040000000
2be800000040000000
2bec00000040000000
2bf000000040000000
2bf400000040000000
2bf800000040000000
2bfc00000040000000
2c0000000040000000
2c0400000040000000
2c0800000040000000
2c0c00000040000000
2c1000000040000000
2c1400000040000000
2c1800000040000000
2c1c00000040000000
2c2000000040000000
2c2400000040000000
2c2800000040000000
2c2c00000040000000
2c3000000040000000
2c3400000040000000
2c3800000040000000
2c3c00000040000000
2c4000000040000000
2c4400000040000000
2c4800000040000000
2c4c00000040000000
2c5000000040000000
2c5400000040000000
2c5800000040000000
2c5c00000040000000
2c6000000040000000
2c6400000040000000
2c6800000040000000
2c6c00000040000000
2c7000000040000000
2c7400000040000000
2c7800000040000000
2c7c00000040000000
2c8000000040000000
2c8400000040000000
2c8800000040000000
2c8c00000040000000
2c9000000040000000
2c9400000040000000
2c9800000040000000
2c9c00000040000000
2ca000000040000000
2ca400000040000000
2ca800000040000000
2cac00000040000000
2cb000000040000000
2cb400000040000000
2cb800000040000000
2cbc00000040000000
2cc000000040000000
2cc400000040000000
2cc800000040000000
2ccc00000040000000
2cd000000040000000
2cd400000040000000
2cd800000040000000
2cdc00000040000000
2ce000000040000000
2ce400000040000000
2ce800000040000000
2cec00000040000000
2cf000000040000000
2cf400000040000000
2cf800000040000000
2cfc00000040000000
2d0000000040000000
2d0400000040000000
2d0800000040000000
2d0c00000040000000
2d1000000040000000
2d1400000040000000
2d1800000040000000
2d1c00000040000000
2d2000000040000000
2d2400000040000000
2d2800000040000000
2d2c00000040000000
2d3000000040000000
2d3400000040000000
2d3800000040000000
2d3c00000040000000
2d4000000040000000
2d4400000040000000
2d4800000040000000
2d4c00000040000000
2d5000000040000000
2d5400000040000000
2d5800000040000000
2d5c00000040000000
2d6000000040000000
2d6400000040000000
2d6800000040000000
2d6c00000040000000
2d7000000040000000
2d7400000040000000
2d7800000040000000
2d7c00000040000000
2d8000000040000000
2d8400000040000000
2d8800000040000000
2d8c00000040000000
2d9000000040000000
2d9400000040000000
2d9800000040000000
2d9c00000040000000
2da000000040000000
2da400000040000000
2da800000040000000
2dac00000040000000
2db000000040000000
2db400000040000000
2db800000040000000
2dbc00000040000000
2dc000000040000000
2dc400000040000000
2dc800000040000000
2dcc00000040000000
2dd000000040000000
2dd400000040000000
2dd800000040000000
2ddc00000040000000
2de000000040000000
2de400000040000000
2de800000040000000
2dec00000040000000
2df000000040000000
2df400000040000000
2df800000040000000
2dfc00000040000000
2e0000000040000000
2e0400000040000000
2e0800000040000000
2e0c00000040000000
2e1000000040000000
2e1400000040000000
2e1800000040000000
2e1c00000040000000
2e2000000040000000
2e2400000040000000
2e2800000040000000
2e2c00000040000000
2e3000000040000000
2e3400000040000000
2e3800000040000000
2e3c00000040000000
2e4000000040000000
2e4400000040000000
2e4800000040000000
2e4c00000040000000
2e5000000040000000
2e5400000040000000
2e5800000040000000
2e5c00000040000000
2e6000000040000000
2e6400000040000000
2e6800000040000000
2e6c00000040000000
2e7000000040000000
2e7400000040000000
2e7800000040000000
2e7c00000040000000
2e8000000040000000
2e8400000040000000
2e8800000040000000
2e8c00000040000000
2e9000000040000000
2e9400000040000000
2e9800000040000000
2e9c00000040000000
2ea000000040000000
2ea400000040000000
2ea800000040000000
2eac00000040000000
2eb000000040000000
2eb400000040000000
2eb800000040000000
2ebc00000040000000
2ec000000040000000
2ec400000040000000
2ec800000040000000
2ecc00000040000000
2ed000000040000000
2ed400000040000000
2ed800000040000000
2edc00000040000000
2ee000000040000000
2ee400000040000000
2ee800000040000000
2eec00000040000000
2ef000000040000000
2ef400000040000000
2ef800000040000000
2efc00000040000000
2f0000000040000000
2f0400000040000000
2f0800000040000000
2f0c00000040000000
2f1000000040000000
2f1400000040000000
2f1800000040000000
2f1c00000040000000
2f2000000040000000
2f2400000040000000
2f2800000040000000
2f2c00000040000000
2f3000000040000000
2f3400000040000000
2f3800000040000000
2f3c00000040000000
2f4000000040000000
2f4400000040000000
2f4800000040000000
2f4c00000040000000
2f5000000040000000
2f5400000040000000
2f5800000040000000
2f5c00000040000000
2f6000000040000000
2f6400000040000000
2f6800000040000000
2f6c00000040000000
2f7000000040000000
2f7400000040000000
2f7800000040000000
2f7c00000040000000
2f8000000040000000
2f8400000040000000
2f8800000040000000
2f8c00000040000000
2f9000000040000000
2f9400000040000000
2f9800000040000000
2f9c00000040000000
2fa000000040000000
2fa400000040000000
2fa800000040000000
2fac00000040000000
2fb000000040000000
2fb400000040000000
2fb800000040000000
2fbc00000040000000
2fc000000040000000
2fc400000040000000
2fc800000040000000
2fcc00000040000000
2fd000000040000000
2fd400000040000000
2fd800000040000000
2fdc00000040000000
2fe000000040000000
2fe400000040000000
2fe800000040000000
2fec00000040000000
2ff000000040000000
2ff400000040000000
2ff800000040000000
2ffc00000040000000
300000000040000000
300400000040000000
300800000040000000
300c00000040000000
301000000040000000
301400000040000000
301800000040000000
301c00000040000000
302000000040000000
302400000040000000
302800000040000000
302c00000040000000
303000000040000000
303400000040000000
303800000040000000
303c00000040000000
304000000040000000
304400000040000000
304800000040000000
304c00000040000000
305000000040000000
305400000040000000
305800000040000000
305c00000040000000
306000000040000000
306400000040000000
306800000040000000
306c00000040000000
307000000040000000
307400000040000000
307800000040000000
307c00000040000000
308000000040000000
308400000040000000
308800000040000000
308c00000040000000
309000000040000000
309400000040000000
309800000040000000
309c00000040000000
30a000000040000000
30a400000040000000
30a800000040000000
30ac00000040000000
30b000000040000000
30b400000040000000
30b800000040000000
30bc00000040000000
30c000000040000000
30c400000040000000
30c800000040000000
30cc00000040000000
30d000000040000000
30d400000040000000
30d800000040000000
30dc00000040000000
30e000000040000000
30e400000040000000
30e800000040000000
30ec00000040000000
30f000000040000000
30f400000040000000
30f800000040000000
30fc00000040000000
310000000040000000
310400000040000000
310800000040000000
310c00000040000000
311000000040000000
311400000040000000
311800000040000000
311c00000040000000
312000000040000000
312400000040000000
312800000040000000
312c00000040000000
313000000040000000
313400000040000000
313800000040000000
313c00000040000000
314000000040000000
314400000040000000
314800000040000000
314c00000040000000
315000000040000000
315400000040000000
315800000040000000
315c00000040000000
316000000040000000
316400000040000000
316800000040000000
316c00000040000000
317000000040000000
317400000040000000
317800000040000000
317c00000040000000
318000000040000000
318400000040000000
318800000040000000
318c00000040000000
319000000040000000
319400000040000000
319800000040000000
319c00000040000000
31a000000040000000
31a400000040000000
31a800000040000000
31ac00000040000000
31b000000040000000
31b400000040000000
31b800000040000000
31bc00000040000000
31c000000040000000
31c400000040000000
31c800000040000000
31cc00000040000000
31d000000040000000
31d400000040000000
31d800000040000000
31dc00000040000000
31e000000040000000
31e400000040000000
31e800000040000000
31ec00000040000000
31f000000040000000
31f400000040000000
31f800000040000000
31fc00000040000000
320000000040000000
320400000040000000
320800000040000000
320c00000040000000
321000000040000000
321400000040000000
321800000040000000
321c00000040000000
322000000040000000
322400000040000000
322800000040000000
322c00000040000000
323000000040000000
323400000040000000
323800000040000000
323c00000040000000
324000000040000000
324400000040000000
324800000040000000
324c00000040000000
325000000040000000
325400000040000000
325800000040000000
325c00000040000000
326000000040000000
326400000040000000
326800000040000000
326c00000040000000
327000000040000000
327400000040000000
327800000040000000
327c00000040000000
328000000040000000
328400000040000000
328800000040000000
328c00000040000000
329000000040000000
329400000040000000
329800000040000000
329c00000040000000
32a000000040000000
32a400000040000000
32a800000040000000
32ac00000040000000
32b000000040000000
32b400000040000000
32b800000040000000
32bc00000040000000
32c000000040000000
32c400000040000000
32c800000040000000
32cc00000040000000
32d000000040000000
32d400000040000000
32d800000040000000
32dc00000040000000
32e000000040000000
32e400000040000000
32e800000040000000
32ec00000040000000
32f000000040000000
32f400000040000000
32f800000040000000
32fc00000040000000
330000000040000000
330400000040000000
330800000040000000
330c00000040000000
331000000040000000
331400000040000000
331800000040000000
331c00000040000000
332000000040000000
332400000040000000
332800000040000000
332c00000040000000
333000000040000000
333400000040000000
333800000040000000
333c00000040000000
334000000040000000
334400000040000000
334800000040000000
334c00000040000000
335000000040000000
335400000040000000
335800000040000000
335c00000040000000
336000000040000000
336400000040000000
336800000040000000
336c00000040000000
337000000040000000
337400000040000000
337800000040000000
337c00000040000000
338000000040000000
338400000040000000
338800000040000000
338c00000040000000
339000000040000000
339400000040000000
339800000040000000
339c00000040000000
33a000000040000000
33a400000040000000
33a800000040000000
33ac00000040000000
33b000000040000000
33b400000040000000
33b800000040000000
33bc00000040000000
33c000000040000000
33c400000040000000
33c800000040000000
33cc00000040000000
33d000000040000000
33d400000040000000
33d800000040000000
33dc00000040000000
33e000000040000000
33e400000040000000
33e800000040000000
33ec00000040000000
33f000000040000000
33f400000040000000
33f800000040000000
33fc00000040000000
340000000040000000
340400000040000000
340800000040000000
340c00000040000000
341000000040000000
341400000040000000
341800000040000000
341c00000040000000
342000000040000000
342400000040000000
342800000040000000
342c00000040000000
343000000040000000
343400000040000000
343800000040000000
343c00000040000000
344000000040000000
344400000040000000
344800000040000000
344c00000040000000
345000000040000000
345400000040000000
345800000040000000
345c00000040000000
346000000040000000
346400000040000000
346800000040000000
346c00000040000000
347000000040000000
347400000040000000
347800000040000000
347c00000040000000
348000000040000000
348400000040000000
348800000040000000
348c00000040000000
349000000040000000
349400000040000000
349800000040000000
349c00000040000000
34a000000040000000
34a400000040000000
34a800000040000000
34ac00000040000000
34b000000040000000
34b400000040000000
34b800000040000000
34bc00000040000000
34c000000040000000
34c400000040000000
34c800000040000000
34cc00000040000000
34d000000040000000
34d400000040000000
34d800000040000000
34dc00000040000000
34e000000040000000
34e400000040000000
34e800000040000000
34ec00000040000000
34f000000040000000
34f400000040000000
34f800000040000000
34fc00000040000000
350000000040000000
350400000040000000
350800000040000000
350c00000040000000
351000000040000000
351400000040000000
351800000040000000
351c00000040000000
352000000040000000
352400000040000000
352800000040000000
352c00000040000000
353000000040000000
353400000040000000
353800000040000000
353c00000040000000
354000000040000000
354400000040000000
354800000040000000
354c00000040000000
355000000040000000
355400000040000000
355800000040000000
355c00000040000000
356000000040000000
356400000040000000
356800000040000000
356c00000040000000
357000000040000000
357400000040000000
357800000040000000
357c00000040000000
358000000040000000
358400000040000000
358800000040000000
358c00000040000000
359000000040000000
359400000040000000
359800000040000000
359c00000040000000
35a000000040000000
35a400000040000000
35a800000040000000
35ac00000040000000
35b000000040000000
35b400000040000000
35b800000040000000
35bc00000040000000
35c000000040000000
35c400000040000000
35c800000040000000
35cc00000040000000
35d000000040000000
35d400000040000000
35d800000040000000
35dc00000040000000
35e000000040000000
35e400000040000000
35e800000040000000
35ec00000040000000
35f000000040000000
35f400000040000000
35f800000040000000
35fc00000040000000
360000000040000000
360400000040000000
360800000040000000
360c00000040000000
361000000040000000
361400000040000000
361800000040000000
361c00000040000000
362000000040000000
362400000040000000
362800000040000000
362c00000040000000
363000000040000000
363400000040000000
363800000040000000
363c00000040000000
364000000040000000
364400000040000000
364800000040000000
364c00000040000000
365000000040000000
365400000040000000
365800000040000000
365c00000040000000
366000000040000000
366400000040000000
366800000040000000
366c00000040000000
367000000040000000
367400000040000000
367800000040000000
367c00000040000000
368000000040000000
368400000040000000
368800000040000000
368c00000040000000
369000000040000000
369400000040000000
369800000040000000
369c00000040000000
36a000000040000000
36a400000040000000
36a800000040000000
36ac00000040000000
36b000000040000000
36b400000040000000
36b800000040000000
36bc00000040000000
36c000000040000000
36c400000040000000
36c800000040000000
36cc00000040000000
36d000000040000000
36d400000040000000
36d800000040000000
36dc00000040000000
36e000000040000000
36e400000040000000
36e800000040000000
36ec00000040000000
36f000000040000000
36f400000040000000
36f800000040000000
36fc00000040000000
370000000040000000
370400000040000000
370800000040000000
370c00000040000000
371000000040000000
371400000040000000
371800000040000000
371c00000040000000
372000000040000000
372400000040000000
372800000040000000
372c00000040000000
373000000040000000
373400000040000000
373800000040000000
373c00000040000000
374000000040000000
374400000040000000
374800000040000000
374c00000040000000
375000000040000000
375400000040000000
375800000040000000
375c00000040000000
376000000040000000
376400000040000000
376800000040000000
376c00000040000000
377000000040000000
377400000040000000
377800000040000000
377c00000040000000
378000000040000000
378400000040000000
378800000040000000
378c00000040000000
379000000040000000
379400000040000000
379800000040000000
379c00000040000000
37a000000040000000
37a400000040000000
37a800000040000000
37ac00000040000000
37b000000040000000
37b400000040000000
37b800000040000000
37bc00000040000000
37c000000040000000
37c400000040000000
37c800000040000000
37cc00000040000000
37d000000040000000
37d400000040000000
37d800000040000000
37dc00000040000000
37e000000040000000
37e400000040000000
37e800000040000000
37ec00000040000000
37f000000040000000
37f400000040000000
37f800000040000000
37fc00000040000000
380000000040000000
380400000040000000
380800000040000000
380c00000040000000
381000000040000000
381400000040000000
381800000040000000
381c00000040000000
382000000040000000
382400000040000000
382800000040000000
382c00000040000000
383000000040000000
383400000040000000
383800000040000000
383c00000040000000
384000000040000000
384400000040000000
384800000040000000
384c00000040000000
385000000040000000
385400000040000000
385800000040000000
385c00000040000000
386000000040000000
386400000040000000
386800000040000000
386c00000040000000
387000000040000000
387400000040000000
387800000040000000
387c00000040000000
388000000040000000
388400000040000000
388800000040000000
388c00000040000000
389000000040000000
389400000040000000
389800000040000000
389c00000040000000
38a000000040000000
38a400000040000000
38a800000040000000
38ac00000040000000
38b000000040000000
38b400000040000000
38b800000040000000
38bc00000040000000
38c000000040000000
38c400000040000000
38c800000040000000
38cc00000040000000
38d000000040000000
38d400000040000000
38d800000040000000
38dc00000040000000
38e000000040000000
38e400000040000000
38e800000040000000
38ec00000040000000
38f000000040000000
38f400000040000000
38f800000040000000
38fc00000040000000
390000000040000000
390400000040000000
390800000040000000
390c00000040000000
391000000040000000
391400000040000000
391800000040000000
391c00000040000000
392000000040000000
392400000040000000
392800000040000000
392c00000040000000
393000000040000000
393400000040000000
393800000040000000
393c00000040000000
394000000040000000
394400000040000000
394800000040000000
394c00000040000000
395000000040000000
395400000040000000
395800000040000000
395c00000040000000
396000000040000000
396400000040000000
396800000040000000
396c00000040000000
397000000040000000
397400000040000000
397800000040000000
397c00000040000000
398000000040000000
398400000040000000
398800000040000000
398c00000040000000
399000000040000000
399400000040000000
399800000040000000
399c00000040000000
39a000000040000000
39a400000040000000
39a800000040000000
39ac00000040000000
39b000000040000000
39b400000040000000
39b800000040000000
39bc00000040000000
39c000000040000000
39c400000040000000
39c800000040000000
39cc00000040000000
39d000000040000000
39d400000040000000
39d800000040000000
39dc00000040000000
39e000000040000000
39e400000040000000
39e800000040000000
39ec00000040000000
39f000000040000000
39f400000040000000
39f800000040000000
39fc00000040000000
3a0000000040000000
3a0400000040000000
3a0800000040000000
3a0c00000040000000
3a1000000040000000
3a1400000040000000
3a1800000040000000
3a1c00000040000000
3a2000000040000000
3a2400000040000000
3a2800000040000000
3a2c00000040000000
3a3000000040000000
3a3400000040000000
3a3800000040000000
3a3c00000040000000
3a4000000040000000
3a4400000040000000
3a4800000040000000
3a4c00000040000000
3a5000000040000000
3a5400000040000000
3a5800000040000000
3a5c00000040000000
3a6000000040000000
3a6400000040000000
3a6800000040000000
3a6c00000040000000
3a7000000040000000
3a7400000040000000
3a7800000040000000
3a7c00000040000000
3a8000000040000000
3a8400000040000000
3a8800000040000000
3a8c00000040000000
3a9000000040000000
3a9400000040000000
3a9800000040000000
3a9c00000040000000
3aa000000040000000
3aa400000040000000
3aa800000040000000
3aac00000040000000
3ab000000040000000
3ab400000040000000
3ab800000040000000
3abc00000040000000
3ac000000040000000
3ac400000040000000
3ac800000040000000
3acc00000040000000
3ad000000040000000
3ad400000040000000
3ad800000040000000
3adc00000040000000
3ae000000040000000
3ae400000040000000
3ae800000040000000
3aec00000040000000
3af000000040000000
3af400000040000000
3af800000040000000
3afc00000040000000
3b0000000040000000
3b0400000040000000
3b0800000040000000
3b0c00000040000000
3b1000000040000000
3b1400000040000000
3b1800000040000000
3b1c00000040000000
3b2000000040000000
3b2400000040000000
3b2800000040000000
3b2c00000040000000
3b3000000040000000
3b3400000040000000
3b3800000040000000
3b3c00000040000000
3b4000000040000000
3b4400000040000000
3b4800000040000000
3b4c00000040000000
3b5000000040000000
3b5400000040000000
3b5800000040000000
3b5c00000040000000
3b6000000040000000
3b6400000040000000
3b6800000040000000
3b6c00000040000000
3b7000000040000000
3b7400000040000000
3b7800000040000000
3b7c00000040000000
3b8000000040000000
3b8400000040000000
3b8800000040000000
3b8c00000040000000
3b9000000040000000
3b9400000040000000
3b9800000040000000
3b9c00000040000000
3ba000000040000000
3ba400000040000000
3ba800000040000000
3bac00000040000000
3bb000000040000000
3bb400000040000000
3bb800000040000000
3bbc00000040000000
3bc000000040000000
3bc400000040000000
3bc800000040000000
3bcc00000040000000
3bd000000040000000
3bd400000040000000
3bd800000040000000
3bdc00000040000000
3be000000040000000
3be400000040000000
3be800000040000000
3bec00000040000000
3bf000000040000000
3bf400000040000000
3bf800000040000000
3bfc00000040000000
3c0000000040000000
3c0400000040000000
3c0800000040000000
3c0c00000040000000
3c1000000040000000
3c1400000040000000
3c1800000040000000
3c1c00000040000000
3c2000000040000000
3c2400000040000000
3c2800000040000000
3c2c00000040000000
3c3000000040000000
3c3400000040000000
3c3800000040000000
3c3c00000040000000
3c4000000040000000
3c4400000040000000
3c4800000040000000
3c4c00000040000000
3c5000000040000000
3c5400000040000000
3c5800000040000000
3c5c00000040000000
3c6000000040000000
3c6400000040000000
3c6800000040000000
3c6c00000040000000
3c7000000040000000
3c7400000040000000
3c7800000040000000
3c7c00000040000000
3c8000000040000000
3c8400000040000000
3c8800000040000000
3c8c00000040000000
3c9000000040000000
3c9400000040000000
3c9800000040000000
3c9c00000040000000
3ca000000040000000
3ca400000040000000
3ca800000040000000
3cac00000040000000
3cb000000040000000
3cb400000040000000
3cb800000040000000
3cbc00000040000000
3cc000000040000000
3cc400000040000000
3cc800000040000000
3ccc00000040000000
3cd000000040000000
3cd400000040000000
3cd800000040000000
3cdc00000040000000
3ce000000040000000
3ce400000040000000
3ce800000040000000
3cec00000040000000
3cf000000040000000
3cf400000040000000
3cf800000040000000
3cfc00000040000000
3d0000000040000000
3d0400000040000000
3d0800000040000000
3d0c00000040000000
3d1000000040000000
3d1400000040000000
3d1800000040000000
3d1c00000040000000
3d2000000040000000
3d2400000040000000
3d2800000040000000
3d2c00000040000000
3d3000000040000000
3d3400000040000000
3d3800000040000000
3d3c00000040000000
3d4000000040000000
3d4400000040000000
3d4800000040000000
3d4c00000040000000
3d5000000040000000
3d5400000040000000
3d5800000040000000
3d5c00000040000000
3d6000000040000000
3d6400000040000000
3d6800000040000000
3d6c00000040000000
3d7000000040000000
3d7400000040000000
3d7800000040000000
3d7c00000040000000
3d8000000040000000
3d8400000040000000
3d8800000040000000
3d8c00000040000000
3d9000000040000000
3d9400000040000000
3d9800000040000000
3d9c00000040000000
3da000000040000000
3da400000040000000
3da800000040000000
3dac00000040000000
3db000000040000000
3db400000040000000
3db800000040000000
3dbc00000040000000
3dc000000040000000
3dc400000040000000
3dc800000040000000
3dcc00000040000000
3dd000000040000000
3dd400000040000000
3dd800000040000000
3ddc00000040000000
3de000000040000000
3de400000040000000
3de800000040000000
3dec00000040000000
3df000000040000000
3df400000040000000
3df800000040000000
3dfc00000040000000
3e0000000040000000
3e0400000040000000
3e0800000040000000
3e0c00000040000000
3e1000000040000000
3e1400000040000000
3e1800000040000000
3e1c00000040000000
3e2000000040000000
3e2400000040000000
3e2800000040000000
3e2c00000040000000
3e3000000040000000
3e3400000040000000
3e3800000040000000
3e3c00000040000000
3e4000000040000000
3e4400000040000000
3e4800000040000000
3e4c00000040000000
3e5000000040000000
3e5400000040000000
3e5800000040000000
3e5c00000040000000
3e6000000040000000
3e6400000040000000
3e6800000040000000
3e6c00000040000000
3e7000000040000000
3e7400000040000000
3e7800000040000000
3e7c00000040000000
3e8000000040000000
3e8400000040000000
3e8800000040000000
3e8c00000040000000
3e9000000040000000
3e9400000040000000
3e9800000040000000
3e9c00000040000000
3ea000000040000000
3ea400000040000000
3ea800000040000000
3eac00000040000000
3eb000000040000000
3eb400000040000000
3eb800000040000000
3ebc00000040000000
3ec000000040000000
3ec400000040000000
3ec800000040000000
3ecc00000040000000
3ed000000040000000
3ed400000040000000
3ed800000040000000
3edc00000040000000
3ee000000040000000
3ee400000040000000
3ee800000040000000
3eec00000040000000
3ef000000040000000
3ef400000040000000
3ef800000040000000
3efc00000040000000
3f0000000040000000
3f0400000040000000
3f0800000040000000
3f0c00000040000000
3f1000000040000000
3f1400000040000000
3f1800000040000000
3f1c00000040000000
3f2000000040000000
3f2400000040000000
3f2800000040000000
3f2c00000040000000
3f3000000040000000
3f3400000040000000
3f3800000040000000
3f3c00000040000000
3f4000000040000000
3f4400000040000000
3f4800000040000000
3f4c00000040000000
3f5000000040000000
3f5400000040000000
3f5800000040000000
3f5c00000040000000
3f6000000040000000
3f6400000040000000
3f6800000040000000
3f6c00000040000000
3f7000000040000000
3f7400000040000000
3f7800000040000000
3f7c00000040000000
3f8000000040000000
3f8400000040000000
3f8800000040000000
3f8c00000040000000
3f9000000040000000
3f9400000040000000
3f9800000040000000
3f9c00000040000000
3fa000000040000000
3fa400000040000000
3fa800000040000000
3fac00000040000000
3fb000000040000000
3fb400000040000000
3fb800000040000000
3fbc00000040000000
3fc000000040000000
3fc400000040000000
3fc800000040000000
3fcc00000040000000
3fd000000040000000
3fd400000040000000
3fd800000040000000
3fdc00000040000000
3fe000000040000000
3fe400000040000000
3fe800000040000000
3fec00000040000000
3ff000000040000000
3ff400000040000000
3ff800000040000000
7ffc00000040000000
000000000040000000
000400000040000000
000800000040000000
000c00000040000000
001000000040000000
001400000040000000
001800000040000000
001c00000040000000
002000000040000000
002400000040000000
002800000040000000
002c00000040000000
003000000040000000
003400000040000000
003800000040000000
003c00000040000000
004000000040000000
004400000040000000
004800000040000000
004c00000040000000
005000000040000000
005400000040000000
005800000040000000
005c00000040000000
006000000040000000
006400000040000000
006800000040000000
006c00000040000000
007000000040000000
007400000040000000
007800000040000000
007c00000040000000
008000000040000000
008400000040000000
008800000040000000
008c00000040000000
009000000040000000
009400000040000000
009800000040000000
009c00000040000000
00a000000040000000
00a400000040000000
00a800000040000000
00ac00000040000000
00b000000040000000
00b400000040000000
00b800000040000000
00bc00000040000000
00c000000040000000
00c400000040000000
00c800000040000000
00cc00000040000000
00d000000040000000
00d400000040000000
00d800000040000000
00dc00000040000000
00e000000040000000
00e400000040000000
00e800000040000000
00ec00000040000000
00f000000040000000
00f400000040000000
00f800000040000000
00fc00000040000000
010000000040000000
010400000040000000
010800000040000000
010c00000040000000
011000000040000000
011400000040000000
011800000040000000
011c00000040000000
012000000040000000
012400000040000000
012800000040000000
012c00000040000000
013000000040000000
013400000040000000
013800000040000000
013c00000040000000
014000000040000000
014400000040000000
014800000040000000
014c00000040000000
015000000040000000
015400000040000000
015800000040000000
015c00000040000000
016000000040000000
016400000040000000
016800000040000000
016c00000040000000
017000000040000000
017400000040000000
017800000040000000
017c00000040000000
018000000040000000
018400000040000000
018800000040000000
018c00000040000000
019000000040000000
019400000040000000
019800000040000000
019c00000040000000
01a000000040000000
01a400000040000000
01a800000040000000
01ac00000040000000
01b000000040000000
01b400000040000000
01b800000040000000
01bc00000040000000
01c000000040000000
01c400000040000000
01c800000040000000
01cc00000040000000
01d000000040000000
01d400000040000000
01d800000040000000
01dc00000040000000
01e000000040000000
01e400000040000000
01e800000040000000
01ec00000040000000
01f000000040000000
01f400000040000000
01f800000040000000
01fc00000040000000
020000000040000000
020400000040000000
020800000040000000
020c00000040000000
021000000040000000
021400000040000000
021800000040000000
021c00000040000000
022000000040000000
022400000040000000
022800000040000000
022c00000040000000
023000000040000000
023400000040000000
023800000040000000
023c00000040000000
024000000040000000
024400000040000000
024800000040000000
024c00000040000000
025000000040000000
025400000040000000
025800000040000000
025c00000040000000
026000000040000000
026400000040000000
026800000040000000
026c00000040000000
027000000040000000
027400000040000000
027800000040000000
027c00000040000000
028000000040000000
028400000040000000
028800000040000000
028c00000040000000
029000000040000000
029400000040000000
029800000040000000
029c00000040000000
02a000000040000000
02a400000040000000
02a800000040000000
02ac00000040000000
02b000000040000000
02b400000040000000
02b800000040000000
02bc00000040000000
02c000000040000000
02c400000040000000
02c800000040000000
02cc00000040000000
02d000000040000000
02d400000040000000
02d800000040000000
02dc00000040000000
02e000000040000000
02e400000040000000
02e800000040000000
02ec00000040000000
02f000000040000000
02f400000040000000
02f800000040000000
02fc00000040000000
030000000040000000
030400000040000000
030800000040000000
030c00000040000000
031000000040000000
031400000040000000
031800000040000000
031c00000040000000
032000000040000000
032400000040000000
032800000040000000
032c00000040000000
033000000040000000
033400000040000000
033800000040000000
033c00000040000000
034000000040000000
034400000040000000
034800000040000000
034c00000040000000
035000000040000000
035400000040000000
035800000040000000
035c00000040000000
036000000040000000
036400000040000000
036800000040000000
036c00000040000000
037000000040000000
037400000040000000
037800000040000000
037c00000040000000
038000000040000000
038400000040000000
038800000040000000
038c00000040000000
039000000040000000
039400000040000000
039800000040000000
039c00000040000000
03a000000040000000
03a400000040000000
03a800000040000000
03ac00000040000000
03b000000040000000
03b400000040000000
03b800000040000000
03bc00000040000000
03c000000040000000
03c400000040000000
03c800000040000000
03cc00000040000000
03d000000040000000
03d400000040000000
03d800000040000000
03dc00000040000000
03e000000040000000
03e400000040000000
03e800000040000000
03ec00000040000000
03f000000040000000
03f400000040000000
03f800000040000000
03fc00000040000000
040000000040000000
040400000040000000
040800000040000000
040c00000040000000
041000000040000000
041400000040000000
041800000040000000
041c00000040000000
042000000040000000
042400000040000000
042800000040000000
042c00000040000000
043000000040000000
043400000040000000
043800000040000000
043c00000040000000
044000000040000000
044400000040000000
044800000040000000
044c00000040000000
045000000040000000
045400000040000000
045800000040000000
045c00000040000000
046000000040000000
046400000040000000
046800000040000000
046c00000040000000
047000000040000000
047400000040000000
047800000040000000
047c00000040000000
048000000040000000
048400000040000000
048800000040000000
048c00000040000000
049000000040000000
049400000040000000
049800000040000000
049c00000040000000
04a000000040000000
04a400000040000000
04a800000040000000
04ac00000040000000
04b000000040000000
04b400000040000000
04b800000040000000
04bc00000040000000
04c000000040000000
04c400000040000000
04c800000040000000
04cc00000040000000
04d000000040000000
04d400000040000000
04d800000040000000
04dc00000040000000
04e000000040000000
04e400000040000000
04e800000040000000
04ec00000040000000
04f000000040000000
04f400000040000000
04f800000040000000
04fc00000040000000
050000000040000000
050400000040000000
050800000040000000
050c00000040000000
051000000040000000
051400000040000000
051800000040000000
051c00000040000000
052000000040000000
052400000040000000
052800000040000000
052c00000040000000
053000000040000000
053400000040000000
053800000040000000
053c00000040000000
054000000040000000
054400000040000000
054800000040000000
054c00000040000000
055000000040000000
055400000040000000
055800000040000000
055c00000040000000
056000000040000000
056400000040000000
056800000040000000
056c00000040000000
057000000040000000
057400000040000000
057800000040000000
057c00000040000000
058000000040000000
058400000040000000
058800000040000000
058c00000040000000
059000000040000000
059400000040000000
059800000040000000
059c00000040000000
05a000000040000000
05a400000040000000
05a800000040000000
05ac00000040000000
05b000000040000000
05b400000040000000
05b800000040000000
05bc00000040000000
05c000000040000000
05c400000040000000
05c800000040000000
05cc00000040000000
05d000000040000000
05d400000040000000
05d800000040000000
05dc00000040000000
05e000000040000000
05e400000040000000
05e800000040000000
05ec00000040000000
05f000000040000000
05f400000040000000
05f800000040000000
05fc00000040000000
060000000040000000
060400000040000000
060800000040000000
060c00000040000000
061000000040000000
061400000040000000
061800000040000000
061c00000040000000
062000000040000000
062400000040000000
062800000040000000
062c00000040000000
063000000040000000
063400000040000000
063800000040000000
063c00000040000000
064000000040000000
064400000040000000
064800000040000000
064c00000040000000
065000000040000000
065400000040000000
065800000040000000
065c00000040000000
066000000040000000
066400000040000000
066800000040000000
066c00000040000000
067000000040000000
067400000040000000
067800000040000000
067c00000040000000
068000000040000000
068400000040000000
068800000040000000
068c00000040000000
069000000040000000
069400000040000000
069800000040000000
069c00000040000000
06a000000040000000
06a400000040000000
06a800000040000000
06ac00000040000000
06b000000040000000
06b400000040000000
06b800000040000000
06bc00000040000000
06c000000040000000
06c400000040000000
06c800000040000000
06cc00000040000000
06d000000040000000
06d400000040000000
06d800000040000000
06dc00000040000000
06e000000040000000
06e400000040000000
06e800000040000000
06ec00000040000000
06f000000040000000
06f400000040000000
06f800000040000000
06fc00000040000000
070000000040000000
070400000040000000
070800000040000000
070c00000040000000
071000000040000000
071400000040000000
071800000040000000
071c00000040000000
072000000040000000
072400000040000000
072800000040000000
072c00000040000000
073000000040000000
073400000040000000
073800000040000000
073c00000040000000
074000000040000000
074400000040000000
074800000040000000
074c00000040000000
075000000040000000
075400000040000000
075800000040000000
075c00000040000000
076000000040000000
076400000040000000
076800000040000000
076c00000040000000
077000000040000000
077400000040000000
077800000040000000
077c00000040000000
078000000040000000
078400000040000000
078800000040000000
078c00000040000000
079000000040000000
079400000040000000
079800000040000000
079c00000040000000
07a000000040000000
07a400000040000000
07a800000040000000
07ac00000040000000
07b000000040000000
07b400000040000000
07b800000040000000
07bc00000040000000
07c000000040000000
07c400000040000000
07c800000040000000
07cc00000040000000
07d000000040000000
07d400000040000000
07d800000040000000
07dc00000040000000
07e000000040000000
07e400000040000000
07e800000040000000
07ec00000040000000
07f000000040000000
07f400000040000000
07f800000040000000
07fc00000040000000
080000000040000000
080400000040000000
080800000040000000
080c00000040000000
081000000040000000
081400000040000000
081800000040000000
081c00000040000000
082000000040000000
082400000040000000
082800000040000000
082c00000040000000
083000000040000000
083400000040000000
083800000040000000
083c00000040000000
084000000040000000
084400000040000000
084800000040000000
084c00000040000000
085000000040000000
085400000040000000
085800000040000000
085c00000040000000
086000000040000000
086400000040000000
086800000040000000
086c00000040000000
087000000040000000
087400000040000000
087800000040000000
087c00000040000000
088000000040000000
088400000040000000
088800000040000000
088c00000040000000
089000000040000000
089400000040000000
089800000040000000
089c00000040000000
08a000000040000000
08a400000040000000
08a800000040000000
08ac00000040000000
08b000000040000000
08b400000040000000
08b800000040000000
08bc00000040000000
08c000000040000000
08c400000040000000
08c800000040000000
08cc00000040000000
08d000000040000000
08d400000040000000
08d800000040000000
08dc00000040000000
08e000000040000000
08e400000040000000
08e800000040000000
08ec00000040000000
08f000000040000000
08f400000040000000
08f800000040000000
08fc00000040000000
090000000040000000
090400000040000000
090800000040000000
090c00000040000000
091000000040000000
091400000040000000
091800000040000000
091c00000040000000
092000000040000000
092400000040000000
092800000040000000
092c00000040000000
093000000040000000
093400000040000000
093800000040000000
093c00000040000000
094000000040000000
094400000040000000
094800000040000000
094c00000040000000
095000000040000000
095400000040000000
095800000040000000
095c00000040000000
096000000040000000
096400000040000000
096800000040000000
096c00000040000000
097000000040000000
097400000040000000
097800000040000000
097c00000040000000
098000000040000000
098400000040000000
098800000040000000
098c00000040000000
099000000040000000
099400000040000000
099800000040000000
099c00000040000000
09a000000040000000
09a400000040000000
09a800000040000000
09ac00000040000000
09b000000040000000
09b400000040000000
09b800000040000000
09bc00000040000000
09c000000040000000
09c400000040000000
09c800000040000000
09cc00000040000000
09d000000040000000
09d400000040000000
09d800000040000000
09dc00000040000000
09e000000040000000
09e400000040000000
09e800000040000000
09ec00000040000000
09f000000040000000
09f400000040000000
09f800000040000000
09fc00000040000000
0a0000000040000000
0a0400000040000000
0a0800000040000000
0a0c00000040000000
0a1000000040000000
0a1400000040000000
0a1800000040000000
0a1c00000040000000
0a2000000040000000
0a2400000040000000
0a2800000040000000
0a2c00000040000000
0a3000000040000000
0a3400000040000000
0a3800000040000000
0a3c00000040000000
0a4000000040000000
0a4400000040000000
0a4800000040000000
0a4c00000040000000
0a5000000040000000
0a5400000040000000
0a5800000040000000
0a5c00000040000000
0a6000000040000000
0a6400000040000000
0a6800000040000000
0a6c00000040000000
0a7000000040000000
0a7400000040000000
0a7800000040000000
0a7c00000040000000
0a8000000040000000
0a8400000040000000
0a8800000040000000
0a8c00000040000000
0a9000000040000000
0a9400000040000000
0a9800000040000000
0a9c00000040000000
0aa000000040000000
0aa400000040000000
0aa800000040000000
0aac00000040000000
0ab000000040000000
0ab400000040000000
0ab800000040000000
0abc00000040000000
0ac000000040000000
0ac400000040000000
0ac800000040000000
0acc00000040000000
0ad000000040000000
0ad400000040000000
0ad800000040000000
0adc00000040000000
0ae000000040000000
0ae400000040000000
0ae800000040000000
0aec00000040000000
0af000000040000000
0af400000040000000
0af800000040000000
0afc00000040000000
0b0000000040000000
0b0400000040000000
0b0800000040000000
0b0c00000040000000
0b1000000040000000
0b1400000040000000
0b1800000040000000
0b1c00000040000000
0b2000000040000000
0b2400000040000000
0b2800000040000000
0b2c00000040000000
0b3000000040000000
0b3400000040000000
0b3800000040000000
0b3c00000040000000
0b4000000040000000
0b4400000040000000
0b4800000040000000
0b4c00000040000000
0b5000000040000000
0b5400000040000000
0b5800000040000000
0b5c00000040000000
0b6000000040000000
0b6400000040000000
0b6800000040000000
0b6c00000040000000
0b7000000040000000
0b7400000040000000
0b7800000040000000
0b7c00000040000000
0b8000000040000000
0b8400000040000000
0b8800000040000000
0b8c00000040000000
0b9000000040000000
0b9400000040000000
0b9800000040000000
0b9c00000040000000
0ba000000040000000
0ba400000040000000
0ba800000040000000
0bac00000040000000
0bb000000040000000
0bb400000040000000
0bb800000040000000
0bbc00000040000000
0bc000000040000000
0bc400000040000000
0bc800000040000000
0bcc00000040000000
0bd000000040000000
0bd400000040000000
0bd800000040000000
0bdc00000040000000
0be000000040000000
0be400000040000000
0be800000040000000
0bec00000040000000
0bf000000040000000
0bf400000040000000
0bf800000040000000
0bfc00000040000000
0c0000000040000000
0c0400000040000000
0c0800000040000000
0c0c00000040000000
0c1000000040000000
0c1400000040000000
0c1800000040000000
0c1c00000040000000
0c2000000040000000
0c2400000040000000
0c2800000040000000
0c2c00000040000000
0c3000000040000000
0c3400000040000000
0c3800000040000000
0c3c00000040000000
0c4000000040000000
0c4400000040000000
0c4800000040000000
0c4c00000040000000
0c5000000040000000
0c5400000040000000
0c5800000040000000
0c5c00000040000000
0c6000000040000000
0c6400000040000000
0c6800000040000000
0c6c00000040000000
0c7000000040000000
0c7400000040000000
0c7800000040000000
0c7c00000040000000
0c8000000040000000
0c8400000040000000
0c8800000040000000
0c8c00000040000000
0c9000000040000000
0c9400000040000000
0c9800000040000000
0c9c00000040000000
0ca000000040000000
0ca400000040000000
0ca800000040000000
0cac00000040000000
0cb000000040000000
0cb400000040000000
0cb800000040000000
0cbc00000040000000
0cc000000040000000
0cc400000040000000
0cc800000040000000
0ccc00000040000000
0cd000000040000000
0cd400000040000000
0cd800000040000000
0cdc00000040000000
0ce000000040000000
0ce400000040000000
0ce800000040000000
0cec00000040000000
0cf000000040000000
0cf400000040000000
0cf800000040000000
0cfc00000040000000
0d0000000040000000
0d0400000040000000
0d0800000040000000
0d0c00000040000000
0d1000000040000000
0d1400000040000000
0d1800000040000000
0d1c00000040000000
0d2000000040000000
0d2400000040000000
0d2800000040000000
0d2c00000040000000
0d3000000040000000
0d3400000040000000
0d3800000040000000
0d3c00000040000000
0d4000000040000000
0d4400000040000000
0d4800000040000000
0d4c00000040000000
0d5000000040000000
0d5400000040000000
0d5800000040000000
0d5c00000040000000
0d6000000040000000
0d6400000040000000
0d6800000040000000
0d6c00000040000000
0d7000000040000000
0d7400000040000000
0d7800000040000000
0d7c00000040000000
0d8000000040000000
0d8400000040000000
0d8800000040000000
0d8c00000040000000
0d9000000040000000
0d9400000040000000
0d9800000040000000
0d9c00000040000000
0da000000040000000
0da400000040000000
0da800000040000000
0dac00000040000000
0db000000040000000
0db400000040000000
0db800000040000000
0dbc00000040000000
0dc000000040000000
0dc400000040000000
0dc800000040000000
0dcc00000040000000
0dd000000040000000
0dd400000040000000
0dd800000040000000
0ddc00000040000000
0de000000040000000
0de400000040000000
0de800000040000000
0dec00000040000000
0df000000040000000
0df400000040000000
0df800000040000000
0dfc00000040000000
0e0000000040000000
0e0400000040000000
0e0800000040000000
0e0c00000040000000
0e1000000040000000
0e1400000040000000
0e1800000040000000
0e1c00000040000000
0e2000000040000000
0e2400000040000000
0e2800000040000000
0e2c00000040000000
0e3000000040000000
0e3400000040000000
0e3800000040000000
0e3c00000040000000
0e4000000040000000
0e4400000040000000
0e4800000040000000
0e4c00000040000000
0e5000000040000000
0e5400000040000000
0e5800000040000000
0e5c00000040000000
0e6000000040000000
0e6400000040000000
0e6800000040000000
0e6c00000040000000
0e7000000040000000
0e7400000040000000
0e7800000040000000
0e7c00000040000000
0e8000000040000000
0e8400000040000000
0e8800000040000000
0e8c00000040000000
0e9000000040000000
0e9400000040000000
0e9800000040000000
0e9c00000040000000
0ea000000040000000
0ea400000040000000
0ea800000040000000
0eac00000040000000
0eb000000040000000
0eb400000040000000
0eb800000040000000
0ebc00000040000000
0ec000000040000000
0ec400000040000000
0ec800000040000000
0ecc00000040000000
0ed000000040000000
0ed400000040000000
0ed800000040000000
0edc00000040000000
0ee000000040000000
0ee400000040000000
0ee800000040000000
0eec00000040000000
0ef000000040000000
0ef400000040000000
0ef800000040000000
0efc00000040000000
0f0000000040000000
0f0400000040000000
0f0800000040000000
0f0c00000040000000
0f1000000040000000
0f1400000040000000
0f1800000040000000
0f1c00000040000000
0f2000000040000000
0f2400000040000000
0f2800000040000000
0f2c00000040000000
0f3000000040000000
0f3400000040000000
0f3800000040000000
0f3c00000040000000
0f4000000040000000
0f4400000040000000
0f4800000040000000
0f4c00000040000000
0f5000000040000000
0f5400000040000000
0f5800000040000000
0f5c00000040000000
0f6000000040000000
0f6400000040000000
0f6800000040000000
0f6c00000040000000
0f7000000040000000
0f7400000040000000
0f7800000040000000
0f7c00000040000000
0f8000000040000000
0f8400000040000000
0f8800000040000000
0f8c00000040000000
0f9000000040000000
0f9400000040000000
0f9800000040000000
0f9c00000040000000
0fa000000040000000
0fa400000040000000
0fa800000040000000
0fac00000040000000
0fb000000040000000
0fb400000040000000
0fb800000040000000
0fbc00000040000000
0fc000000040000000
0fc400000040000000
0fc800000040000000
0fcc00000040000000
0fd000000040000000
0fd400000040000000
0fd800000040000000
0fdc00000040000000
0fe000000040000000
0fe400000040000000
0fe800000040000000
0fec00000040000000
0ff000000040000000
0ff400000040000000
0ff800000040000000
0ffc00000040000000
100000000040000000
100400000040000000
100800000040000000
100c00000040000000
101000000040000000
101400000040000000
101800000040000000
101c00000040000000
102000000040000000
102400000040000000
102800000040000000
102c00000040000000
103000000040000000
103400000040000000
103800000040000000
103c00000040000000
104000000040000000
104400000040000000
104800000040000000
104c00000040000000
105000000040000000
105400000040000000
105800000040000000
105c00000040000000
106000000040000000
106400000040000000
106800000040000000
106c00000040000000
107000000040000000
107400000040000000
107800000040000000
107c00000040000000
108000000040000000
108400000040000000
108800000040000000
108c00000040000000
109000000040000000
109400000040000000
109800000040000000
109c00000040000000
10a000000040000000
10a400000040000000
10a800000040000000
10ac00000040000000
10b000000040000000
10b400000040000000
10b800000040000000
10bc00000040000000
10c000000040000000
10c400000040000000
10c800000040000000
10cc00000040000000
10d000000040000000
10d400000040000000
10d800000040000000
10dc00000040000000
10e000000040000000
10e400000040000000
10e800000040000000
10ec00000040000000
10f000000040000000
10f400000040000000
10f800000040000000
10fc00000040000000
110000000040000000
110400000040000000
110800000040000000
110c00000040000000
111000000040000000
111400000040000000
111800000040000000
111c00000040000000
112000000040000000
112400000040000000
112800000040000000
112c00000040000000
113000000040000000
113400000040000000
113800000040000000
113c00000040000000
114000000040000000
114400000040000000
114800000040000000
114c00000040000000
115000000040000000
115400000040000000
115800000040000000
115c00000040000000
116000000040000000
116400000040000000
116800000040000000
116c00000040000000
117000000040000000
117400000040000000
117800000040000000
117c00000040000000
118000000040000000
118400000040000000
118800000040000000
118c00000040000000
119000000040000000
119400000040000000
119800000040000000
119c00000040000000
11a000000040000000
11a400000040000000
11a800000040000000
11ac00000040000000
11b000000040000000
11b400000040000000
11b800000040000000
11bc00000040000000
11c000000040000000
11c400000040000000
11c800000040000000
11cc00000040000000
11d000000040000000
11d400000040000000
11d800000040000000
11dc00000040000000
11e000000040000000
11e400000040000000
11e800000040000000
11ec00000040000000
11f000000040000000
11f400000040000000
11f800000040000000
11fc00000040000000
120000000040000000
120400000040000000
120800000040000000
120c00000040000000
121000000040000000
121400000040000000
121800000040000000
121c00000040000000
122000000040000000
122400000040000000
122800000040000000
122c00000040000000
123000000040000000
123400000040000000
123800000040000000
123c00000040000000
124000000040000000
124400000040000000
124800000040000000
124c00000040000000
125000000040000000
125400000040000000
125800000040000000
125c00000040000000
126000000040000000
126400000040000000
126800000040000000
126c00000040000000
127000000040000000
127400000040000000
127800000040000000
127c00000040000000
128000000040000000
128400000040000000
128800000040000000
128c00000040000000
129000000040000000
129400000040000000
129800000040000000
129c00000040000000
12a000000040000000
12a400000040000000
12a800000040000000
12ac00000040000000
12b000000040000000
12b400000040000000
12b800000040000000
12bc00000040000000
12c000000040000000
12c400000040000000
12c800000040000000
12cc00000040000000
12d000000040000000
12d400000040000000
12d800000040000000
12dc00000040000000
12e000000040000000
12e400000040000000
12e800000040000000
12ec00000040000000
12f000000040000000
12f400000040000000
12f800000040000000
12fc00000040000000
130000000040000000
130400000040000000
130800000040000000
130c00000040000000
131000000040000000
131400000040000000
131800000040000000
131c00000040000000
132000000040000000
132400000040000000
132800000040000000
132c00000040000000
133000000040000000
133400000040000000
133800000040000000
133c00000040000000
134000000040000000
134400000040000000
134800000040000000
134c00000040000000
135000000040000000
135400000040000000
135800000040000000
135c00000040000000
136000000040000000
136400000040000000
136800000040000000
136c00000040000000
137000000040000000
137400000040000000
137800000040000000
137c00000040000000
138000000040000000
138400000040000000
138800000040000000
138c00000040000000
139000000040000000
139400000040000000
139800000040000000
139c00000040000000
13a000000040000000
13a400000040000000
13a800000040000000
13ac00000040000000
13b000000040000000
13b400000040000000
13b800000040000000
13bc00000040000000
13c000000040000000
13c400000040000000
13c800000040000000
13cc00000040000000
13d000000040000000
13d400000040000000
13d800000040000000
13dc00000040000000
13e000000040000000
13e400000040000000
13e800000040000000
13ec00000040000000
13f000000040000000
13f400000040000000
13f800000040000000
13fc00000040000000
140000000040000000
140400000040000000
140800000040000000
140c00000040000000
141000000040000000
141400000040000000
141800000040000000
141c00000040000000
142000000040000000
142400000040000000
142800000040000000
142c00000040000000
143000000040000000
143400000040000000
143800000040000000
143c00000040000000
144000000040000000
144400000040000000
144800000040000000
144c00000040000000
145000000040000000
145400000040000000
145800000040000000
145c00000040000000
146000000040000000
146400000040000000
146800000040000000
146c00000040000000
147000000040000000
147400000040000000
147800000040000000
147c00000040000000
148000000040000000
148400000040000000
148800000040000000
148c00000040000000
149000000040000000
149400000040000000
149800000040000000
149c00000040000000
14a000000040000000
14a400000040000000
14a800000040000000
14ac00000040000000
14b000000040000000
14b400000040000000
14b800000040000000
14bc00000040000000
14c000000040000000
14c400000040000000
14c800000040000000
14cc00000040000000
14d000000040000000
14d400000040000000
14d800000040000000
14dc00000040000000
14e000000040000000
14e400000040000000
14e800000040000000
14ec00000040000000
14f000000040000000
14f400000040000000
14f800000040000000
14fc00000040000000
150000000040000000
150400000040000000
150800000040000000
150c00000040000000
151000000040000000
151400000040000000
151800000040000000
151c00000040000000
152000000040000000
152400000040000000
152800000040000000
152c00000040000000
153000000040000000
153400000040000000
153800000040000000
153c00000040000000
154000000040000000
154400000040000000
154800000040000000
154c00000040000000
155000000040000000
155400000040000000
155800000040000000
155c00000040000000
156000000040000000
156400000040000000
156800000040000000
156c00000040000000
157000000040000000
157400000040000000
157800000040000000
157c00000040000000
158000000040000000
158400000040000000
158800000040000000
158c00000040000000
159000000040000000
159400000040000000
159800000040000000
159c00000040000000
15a000000040000000
15a400000040000000
15a800000040000000
15ac00000040000000
15b000000040000000
15b400000040000000
15b800000040000000
15bc00000040000000
15c000000040000000
15c400000040000000
15c800000040000000
15cc00000040000000
15d000000040000000
15d400000040000000
15d800000040000000
15dc00000040000000
15e000000040000000
15e400000040000000
15e800000040000000
15ec00000040000000
15f000000040000000
15f400000040000000
15f800000040000000
15fc00000040000000
160000000040000000
160400000040000000
160800000040000000
160c00000040000000
161000000040000000
161400000040000000
161800000040000000
161c00000040000000
162000000040000000
162400000040000000
162800000040000000
162c00000040000000
163000000040000000
163400000040000000
163800000040000000
163c00000040000000
164000000040000000
164400000040000000
164800000040000000
164c00000040000000
165000000040000000
165400000040000000
165800000040000000
165c00000040000000
166000000040000000
166400000040000000
166800000040000000
166c00000040000000
167000000040000000
167400000040000000
167800000040000000
167c00000040000000
168000000040000000
168400000040000000
168800000040000000
168c00000040000000
169000000040000000
169400000040000000
169800000040000000
169c00000040000000
16a000000040000000
16a400000040000000
16a800000040000000
16ac00000040000000
16b000000040000000
16b400000040000000
16b800000040000000
16bc00000040000000
16c000000040000000
16c400000040000000
16c800000040000000
16cc00000040000000
16d000000040000000
16d400000040000000
16d800000040000000
16dc00000040000000
16e000000040000000
16e400000040000000
16e800000040000000
16ec00000040000000
16f000000040000000
16f400000040000000
16f800000040000000
16fc00000040000000
170000000040000000
170400000040000000
170800000040000000
170c00000040000000
171000000040000000
171400000040000000
171800000040000000
171c00000040000000
172000000040000000
172400000040000000
172800000040000000
172c00000040000000
173000000040000000
173400000040000000
173800000040000000
173c00000040000000
174000000040000000
174400000040000000
174800000040000000
174c00000040000000
175000000040000000
175400000040000000
175800000040000000
175c00000040000000
176000000040000000
176400000040000000
176800000040000000
176c00000040000000
177000000040000000
177400000040000000
177800000040000000
177c00000040000000
178000000040000000
178400000040000000
178800000040000000
178c00000040000000
179000000040000000
179400000040000000
179800000040000000
179c00000040000000
17a000000040000000
17a400000040000000
17a800000040000000
17ac00000040000000
17b000000040000000
17b400000040000000
17b800000040000000
17bc00000040000000
17c000000040000000
17c400000040000000
17c800000040000000
17cc00000040000000
17d000000040000000
17d400000040000000
17d800000040000000
17dc00000040000000
17e000000040000000
17e400000040000000
17e800000040000000
17ec00000040000000
17f000000040000000
17f400000040000000
17f800000040000000
17fc00000040000000
180000000040000000
180400000040000000
180800000040000000
180c00000040000000
181000000040000000
181400000040000000
181800000040000000
181c00000040000000
182000000040000000
182400000040000000
182800000040000000
182c00000040000000
183000000040000000
183400000040000000
183800000040000000
183c00000040000000
184000000040000000
184400000040000000
184800000040000000
184c00000040000000
185000000040000000
185400000040000000
185800000040000000
185c00000040000000
186000000040000000
186400000040000000
186800000040000000
186c00000040000000
187000000040000000
187400000040000000
187800000040000000
187c00000040000000
188000000040000000
188400000040000000
188800000040000000
188c00000040000000
189000000040000000
189400000040000000
189800000040000000
189c00000040000000
18a000000040000000
18a400000040000000
18a800000040000000
18ac00000040000000
18b000000040000000
18b400000040000000
18b800000040000000
18bc00000040000000
18c000000040000000
18c400000040000000
18c800000040000000
18cc00000040000000
18d000000040000000
18d400000040000000
18d800000040000000
18dc00000040000000
18e000000040000000
18e400000040000000
18e800000040000000
18ec00000040000000
18f000000040000000
18f400000040000000
18f800000040000000
18fc00000040000000
190000000040000000
190400000040000000
190800000040000000
190c00000040000000
191000000040000000
191400000040000000
191800000040000000
191c00000040000000
192000000040000000
192400000040000000
192800000040000000
192c00000040000000
193000000040000000
193400000040000000
193800000040000000
193c00000040000000
194000000040000000
194400000040000000
194800000040000000
194c00000040000000
195000000040000000
195400000040000000
195800000040000000
195c00000040000000
196000000040000000
196400000040000000
196800000040000000
196c00000040000000
197000000040000000
197400000040000000
197800000040000000
197c00000040000000
198000000040000000
198400000040000000
198800000040000000
198c00000040000000
199000000040000000
199400000040000000
199800000040000000
199c00000040000000
19a000000040000000
19a400000040000000
19a800000040000000
19ac00000040000000
19b000000040000000
19b400000040000000
19b800000040000000
19bc00000040000000
19c000000040000000
19c400000040000000
19c800000040000000
19cc00000040000000
19d000000040000000
19d400000040000000
19d800000040000000
19dc00000040000000
19e000000040000000
19e400000040000000
19e800000040000000
19ec00000040000000
19f000000040000000
19f400000040000000
19f800000040000000
19fc00000040000000
1a0000000040000000
1a0400000040000000
1a0800000040000000
1a0c00000040000000
1a1000000040000000
1a1400000040000000
1a1800000040000000
1a1c00000040000000
1a2000000040000000
1a2400000040000000
1a2800000040000000
1a2c00000040000000
1a3000000040000000
1a3400000040000000
1a3800000040000000
1a3c00000040000000
1a4000000040000000
1a4400000040000000
1a4800000040000000
1a4c00000040000000
1a5000000040000000
1a5400000040000000
1a5800000040000000
1a5c00000040000000
1a6000000040000000
1a6400000040000000
1a6800000040000000
1a6c00000040000000
1a7000000040000000
1a7400000040000000
1a7800000040000000
1a7c00000040000000
1a8000000040000000
1a8400000040000000
1a8800000040000000
1a8c00000040000000
1a9000000040000000
1a9400000040000000
1a9800000040000000
1a9c00000040000000
1aa000000040000000
1aa400000040000000
1aa800000040000000
1aac00000040000000
1ab000000040000000
1ab400000040000000
1ab800000040000000
1abc00000040000000
1ac000000040000000
1ac400000040000000
1ac800000040000000
1acc00000040000000
1ad000000040000000
1ad400000040000000
1ad800000040000000
1adc00000040000000
1ae000000040000000
1ae400000040000000
1ae800000040000000
1aec00000040000000
1af000000040000000
1af400000040000000
1af800000040000000
1afc00000040000000
1b0000000040000000
1b0400000040000000
1b0800000040000000
1b0c00000040000000
1b1000000040000000
1b1400000040000000
1b1800000040000000
1b1c00000040000000
1b2000000040000000
1b2400000040000000
1b2800000040000000
1b2c00000040000000
1b3000000040000000
1b3400000040000000
1b3800000040000000
1b3c00000040000000
1b4000000040000000
1b4400000040000000
1b4800000040000000
1b4c00000040000000
1b5000000040000000
1b5400000040000000
1b5800000040000000
1b5c00000040000000
1b6000000040000000
1b6400000040000000
1b6800000040000000
1b6c00000040000000
1b7000000040000000
1b7400000040000000
1b7800000040000000
1b7c00000040000000
1b8000000040000000
1b8400000040000000
1b8800000040000000
1b8c00000040000000
1b9000000040000000
1b9400000040000000
1b9800000040000000
1b9c00000040000000
1ba000000040000000
1ba400000040000000
1ba800000040000000
1bac00000040000000
1bb000000040000000
1bb400000040000000
1bb800000040000000
1bbc00000040000000
1bc000000040000000
1bc400000040000000
1bc800000040000000
1bcc00000040000000
1bd000000040000000
1bd400000040000000
1bd800000040000000
1bdc00000040000000
1be000000040000000
1be400000040000000
1be800000040000000
1bec00000040000000
1bf000000040000000
1bf400000040000000
1bf800000040000000
1bfc00000040000000
1c0000000040000000
1c0400000040000000
1c0800000040000000
1c0c00000040000000
1c1000000040000000
1c1400000040000000
1c1800000040000000
1c1c00000040000000
1c2000000040000000
1c2400000040000000
1c2800000040000000
1c2c00000040000000
1c3000000040000000
1c3400000040000000
1c3800000040000000
1c3c00000040000000
1c4000000040000000
1c4400000040000000
1c4800000040000000
1c4c00000040000000
1c5000000040000000
1c5400000040000000
1c5800000040000000
1c5c00000040000000
1c6000000040000000
1c6400000040000000
1c6800000040000000
1c6c00000040000000
1c7000000040000000
1c7400000040000000
1c7800000040000000
1c7c00000040000000
1c8000000040000000
1c8400000040000000
1c8800000040000000
1c8c00000040000000
1c9000000040000000
1c9400000040000000
1c9800000040000000
1c9c00000040000000
1ca000000040000000
1ca400000040000000
1ca800000040000000
1cac00000040000000
1cb000000040000000
1cb400000040000000
1cb800000040000000
1cbc00000040000000
1cc000000040000000
1cc400000040000000
1cc800000040000000
1ccc00000040000000
1cd000000040000000
1cd400000040000000
1cd800000040000000
1cdc00000040000000
1ce000000040000000
1ce400000040000000
1ce800000040000000
1cec00000040000000
1cf000000040000000
1cf400000040000000
1cf800000040000000
1cfc00000040000000
1d0000000040000000
1d0400000040000000
1d0800000040000000
1d0c00000040000000
1d1000000040000000
1d1400000040000000
1d1800000040000000
1d1c00000040000000
1d2000000040000000
1d2400000040000000
1d2800000040000000
1d2c00000040000000
1d3000000040000000
1d3400000040000000
1d3800000040000000
1d3c00000040000000
1d4000000040000000
1d4400000040000000
1d4800000040000000
1d4c00000040000000
1d5000000040000000
1d5400000040000000
1d5800000040000000
1d5c00000040000000
1d6000000040000000
1d6400000040000000
1d6800000040000000
1d6c00000040000000
1d7000000040000000
1d7400000040000000
1d7800000040000000
1d7c00000040000000
1d8000000040000000
1d8400000040000000
1d8800000040000000
1d8c00000040000000
1d9000000040000000
1d9400000040000000
1d9800000040000000
1d9c00000040000000
1da000000040000000
1da400000040000000
1da800000040000000
1dac00000040000000
1db000000040000000
1db400000040000000
1db800000040000000
1dbc00000040000000
1dc000000040000000
1dc400000040000000
1dc800000040000000
1dcc00000040000000
1dd000000040000000
1dd400000040000000
1dd800000040000000
1ddc00000040000000
1de000000040000000
1de400000040000000
1de800000040000000
1dec00000040000000
1df000000040000000
1df400000040000000
1df800000040000000
1dfc00000040000000
1e0000000040000000
1e0400000040000000
1e0800000040000000
1e0c00000040000000
1e1000000040000000
1e1400000040000000
1e1800000040000000
1e1c00000040000000
1e2000000040000000
1e2400000040000000
1e2800000040000000
1e2c00000040000000
1e3000000040000000
1e3400000040000000
1e3800000040000000
1e3c00000040000000
1e4000000040000000
1e4400000040000000
1e4800000040000000
1e4c00000040000000
1e5000000040000000
1e5400000040000000
1e5800000040000000
1e5c00000040000000
1e6000000040000000
1e6400000040000000
1e6800000040000000
1e6c00000040000000
1e7000000040000000
1e7400000040000000
1e7800000040000000
1e7c00000040000000
1e8000000040000000
1e8400000040000000
1e8800000040000000
1e8c00000040000000
1e9000000040000000
1e9400000040000000
1e9800000040000000
1e9c00000040000000
1ea000000040000000
1ea400000040000000
1ea800000040000000
1eac00000040000000
1eb000000040000000
1eb400000040000000
1eb800000040000000
1ebc00000040000000
1ec000000040000000
1ec400000040000000
1ec800000040000000
1ecc00000040000000
1ed000000040000000
1ed400000040000000
1ed800000040000000
1edc00000040000000
1ee000000040000000
1ee400000040000000
1ee800000040000000
1eec00000040000000
1ef000000040000000
1ef400000040000000
1ef800000040000000
1efc00000040000000
1f0000000040000000
1f0400000040000000
1f0800000040000000
1f0c00000040000000
1f1000000040000000
1f1400000040000000
1f1800000040000000
1f1c00000040000000
1f2000000040000000
1f2400000040000000
1f2800000040000000
1f2c00000040000000
1f3000000040000000
1f3400000040000000
1f3800000040000000
1f3c00000040000000
1f4000000040000000
1f4400000040000000
1f4800000040000000
1f4c00000040000000
1f5000000040000000
1f5400000040000000
1f5800000040000000
1f5c00000040000000
1f6000000040000000
1f6400000040000000
1f6800000040000000
1f6c00000040000000
1f7000000040000000
1f7400000040000000
1f7800000040000000
1f7c00000040000000
1f8000000040000000
1f8400000040000000
1f8800000040000000
1f8c00000040000000
1f9000000040000000
1f9400000040000000
1f9800000040000000
1f9c00000040000000
1fa000000040000000
1fa400000040000000
1fa800000040000000
1fac00000040000000
1fb000000800000002
1fb400000040000000
1fb800000040000000
1fbc00000040000000
1fc000000040000000
1fc400000040000000
1fc800000040000000
1fcc00000040000000
1fd000000040000000
1fd400000040000000
1fd800000040000000
1fdc00000040000000
1fe000000040000000
1fe400000040000000
1fe800000040000000
1fec00000040000000
1ff000000040000000
1ff400000040000000
1ff800000040000000
1ffc00000800000003
200000000800000000
200400000040000000
200800000040000000
200c00000040000000
201000000040000000
201400000040000000
201800000040000000
201c00000040000000
202000000040000000
202400000040000000
202800000040000000
202c00000040000000
203000000040000000
203400000040000000
203800000040000000
203c00000040000000
204000000040000000
204400000040000000
204800000040000000
204c00000800000001
205000000040000000
205400000040000000
205800000040000000
205c00000040000000
206000000040000000
206400000040000000
206800000040000000
206c00000040000000
207000000040000000
207400000040000000
207800000040000000
207c00000040000000
208000000040000000
208400000040000000
208800000040000000
208c00000040000000
209000000040000000
209400000040000000
209800000040000000
209c00000040000000
20a000000040000000
20a400000040000000
20a800000040000000
20ac00000040000000
20b000000040000000
20b400000040000000
20b800000040000000
20bc00000040000000
20c000000040000000
20c400000040000000
20c800000040000000
20cc00000040000000
20d000000040000000
20d400000040000000
20d800000040000000
20dc00000040000000
20e000000040000000
20e400000040000000
20e800000040000000
20ec00000040000000
20f000000040000000
20f400000040000000
20f800000040000000
20fc00000040000000
210000000040000000
210400000040000000
210800000040000000
210c00000040000000
211000000040000000
211400000040000000
211800000040000000
211c00000040000000
212000000040000000
212400000040000000
212800000040000000
212c00000040000000
213000000040000000
213400000040000000
213800000040000000
213c00000040000000
214000000040000000
214400000040000000
214800000040000000
214c00000040000000
215000000040000000
215400000040000000
215800000040000000
215c00000040000000
216000000040000000
216400000040000000
216800000040000000
216c00000040000000
217000000040000000
217400000040000000
217800000040000000
217c00000040000000
218000000040000000
218400000040000000
218800000040000000
218c00000040000000
219000000040000000
219400000040000000
219800000040000000
219c00000040000000
21a000000040000000
21a400000040000000
21a800000040000000
21ac00000040000000
21b000000040000000
21b400000040000000
21b800000040000000
21bc00000040000000
21c000000040000000
21c400000040000000
21c800000040000000
21cc00000040000000
21d000000040000000
21d400000040000000
21d800000040000000
21dc00000040000000
21e000000040000000
21e400000040000000
21e800000040000000
21ec00000040000000
21f000000040000000
21f400000040000000
21f800000040000000
21fc00000040000000
220000000040000000
220400000040000000
220800000040000000
220c00000040000000
221000000040000000
221400000040000000
221800000040000000
221c00000040000000
222000000040000000
222400000040000000
222800000040000000
222c00000040000000
223000000040000000
223400000040000000
223800000040000000
223c00000040000000
224000000040000000
224400000040000000
224800000040000000
224c00000040000000
225000000040000000
225400000040000000
225800000040000000
225c00000040000000
226000000040000000
226400000040000000
226800000040000000
226c00000040000000
227000000040000000
227400000040000000
227800000040000000
227c00000040000000
228000000040000000
228400000040000000
228800000040000000
228c00000040000000
229000000040000000
229400000040000000
229800000040000000
229c00000040000000
22a000000040000000
22a400000040000000
22a800000040000000
22ac00000040000000
22b000000040000000
22b400000040000000
22b800000040000000
22bc00000040000000
22c000000040000000
22c400000040000000
22c800000040000000
22cc00000040000000
22d000000040000000
22d400000040000000
22d800000040000000
22dc00000040000000
22e000000040000000
22e400000040000000
22e800000040000000
22ec00000040000000
22f000000040000000
22f400000040000000
22f800000040000000
22fc00000040000000
230000000040000000
230400000040000000
230800000040000000
230c00000040000000
231000000040000000
231400000040000000
231800000040000000
231c00000040000000
232000000040000000
232400000040000000
232800000040000000
232c00000040000000
233000000040000000
233400000040000000
233800000040000000
233c00000040000000
234000000040000000
234400000040000000
234800000040000000
234c00000040000000
235000000040000000
235400000040000000
235800000040000000
235c00000040000000
236000000040000000
236400000040000000
236800000040000000
236c00000040000000
237000000040000000
237400000040000000
237800000040000000
237c00000040000000
238000000040000000
238400000040000000
238800000040000000
238c00000040000000
239000000040000000
239400000040000000
239800000040000000
239c00000040000000
23a000000040000000
23a400000040000000
23a800000040000000
23ac00000040000000
23b000000040000000
23b400000040000000
23b800000040000000
23bc00000040000000
23c000000040000000
23c400000040000000
23c800000040000000
23cc00000040000000
23d000000040000000
23d400000040000000
23d800000040000000
23dc00000040000000
23e000000040000000
23e400000040000000
23e800000040000000
23ec00000040000000
23f000000040000000
23f400000040000000
23f800000040000000
23fc00000040000000
240000000040000000
240400000040000000
240800000040000000
240c00000040000000
241000000040000000
241400000040000000
241800000040000000
241c00000040000000
242000000040000000
242400000040000000
242800000040000000
242c00000040000000
243000000040000000
243400000040000000
243800000040000000
243c00000040000000
244000000040000000
244400000040000000
244800000040000000
244c00000040000000
245000000040000000
245400000040000000
245800000040000000
245c00000040000000
246000000040000000
246400000040000000
246800000040000000
246c00000040000000
247000000040000000
247400000040000000
247800000040000000
247c00000040000000
248000000040000000
248400000040000000
248800000040000000
248c00000040000000
249000000040000000
249400000040000000
249800000040000000
249c00000040000000
24a000000040000000
24a400000040000000
24a800000040000000
24ac00000040000000
24b000000040000000
24b400000040000000
24b800000040000000
24bc00000040000000
24c000000040000000
24c400000040000000
24c800000040000000
24cc00000040000000
24d000000040000000
24d400000040000000
24d800000040000000
24dc00000040000000
24e000000040000000
24e400000040000000
24e800000040000000
24ec00000040000000
24f000000040000000
24f400000040000000
24f800000040000000
24fc00000040000000
250000000040000000
250400000040000000
250800000040000000
250c00000040000000
251000000040000000
251400000040000000
251800000040000000
251c00000040000000
252000000040000000
252400000040000000
252800000040000000
252c00000040000000
253000000040000000
253400000040000000
253800000040000000
253c00000040000000
254000000040000000
254400000040000000
254800000040000000
254c00000040000000
255000000040000000
255400000040000000
255800000040000000
255c00000040000000
256000000040000000
256400000040000000
256800000040000000
256c00000040000000
257000000040000000
257400000040000000
257800000040000000
257c00000040000000
258000000040000000
258400000040000000
258800000040000000
258c00000040000000
259000000040000000
259400000040000000
259800000040000000
259c00000040000000
25a000000040000000
25a400000040000000
25a800000040000000
25ac00000040000000
25b000000040000000
25b400000040000000
25b800000040000000
25bc00000040000000
25c000000040000000
25c400000040000000
25c800000040000000
25cc00000040000000
25d000000040000000
25d400000040000000
25d800000040000000
25dc00000040000000
25e000000040000000
25e400000040000000
25e800000040000000
25ec00000040000000
25f000000040000000
25f400000040000000
25f800000040000000
25fc00000040000000
260000000040000000
260400000040000000
260800000040000000
260c00000040000000
261000000040000000
261400000040000000
261800000040000000
261c00000040000000
262000000040000000
262400000040000000
262800000040000000
262c00000040000000
263000000040000000
263400000040000000
263800000040000000
263c00000040000000
264000000040000000
264400000040000000
264800000040000000
264c00000040000000
265000000040000000
265400000040000000
265800000040000000
265c00000040000000
266000000040000000
266400000040000000
266800000040000000
266c00000040000000
267000000040000000
267400000040000000
267800000040000000
267c00000040000000
268000000040000000
268400000040000000
268800000040000000
268c00000040000000
269000000040000000
269400000040000000
269800000040000000
269c00000040000000
26a000000040000000
26a400000040000000
26a800000040000000
26ac00000040000000
26b000000040000000
26b400000040000000
26b800000040000000
26bc00000040000000
26c000000040000000
26c400000040000000
26c800000040000000
26cc00000040000000
26d000000040000000
26d400000040000000
26d800000040000000
26dc00000040000000
26e000000040000000
26e400000040000000
26e800000040000000
26ec00000040000000
26f000000040000000
26f400000040000000
26f800000040000000
26fc00000040000000
270000000040000000
270400000040000000
270800000040000000
270c00000040000000
271000000040000000
271400000040000000
271800000040000000
271c00000040000000
272000000040000000
272400000040000000
272800000040000000
272c00000040000000
273000000040000000
273400000040000000
273800000040000000
273c00000040000000
274000000040000000
274400000040000000
274800000040000000
274c00000040000000
275000000040000000
275400000040000000
275800000040000000
275c00000040000000
276000000040000000
276400000040000000
276800000040000000
276c00000040000000
277000000040000000
277400000040000000
277800000040000000
277c00000040000000
278000000040000000
278400000040000000
278800000040000000
278c00000040000000
279000000040000000
279400000040000000
279800000040000000
279c00000040000000
27a000000040000000
27a400000040000000
27a800000040000000
27ac00000040000000
27b000000040000000
27b400000040000000
27b800000040000000
27bc00000040000000
27c000000040000000
27c400000040000000
27c800000040000000
27cc00000040000000
27d000000040000000
27d400000040000000
27d800000040000000
27dc00000040000000
27e000000040000000
27e400000040000000
27e800000040000000
27ec00000040000000
27f000000040000000
27f400000040000000
27f800000040000000
27fc00000040000000
280000000040000000
280400000040000000
280800000040000000
280c00000040000000
281000000040000000
281400000040000000
281800000040000000
281c00000040000000
282000000040000000
282400000040000000
282800000040000000
282c00000040000000
283000000040000000
283400000040000000
283800000040000000
283c00000040000000
284000000040000000
284400000040000000
284800000040000000
284c00000040000000
285000000040000000
285400000040000000
285800000040000000
285c00000040000000
286000000040000000
286400000040000000
286800000040000000
286c00000040000000
287000000040000000
287400000040000000
287800000040000000
287c00000040000000
288000000040000000
288400000040000000
288800000040000000
288c00000040000000
289000000040000000
289400000040000000
289800000040000000
289c00000040000000
28a000000040000000
28a400000040000000
28a800000040000000
28ac00000040000000
28b000000040000000
28b400000040000000
28b800000040000000
28bc00000040000000
28c000000040000000
28c400000040000000
28c800000040000000
28cc00000040000000
28d000000040000000
28d400000040000000
28d800000040000000
28dc00000040000000
28e000000040000000
28e400000040000000
28e800000040000000
28ec00000040000000
28f000000040000000
28f400000040000000
28f800000040000000
28fc00000040000000
290000000040000000
290400000040000000
290800000040000000
290c00000040000000
291000000040000000
291400000040000000
291800000040000000
291c00000040000000
292000000040000000
292400000040000000
292800000040000000
292c00000040000000
293000000040000000
293400000040000000
293800000040000000
293c00000040000000
294000000040000000
294400000040000000
294800000040000000
294c00000040000000
295000000040000000
295400000040000000
295800000040000000
295c00000040000000
296000000040000000
296400000040000000
296800000040000000
296c00000040000000
297000000040000000
297400000040000000
297800000040000000
297c00000040000000
298000000040000000
298400000040000000
298800000040000000
298c00000040000000
299000000040000000
299400000040000000
299800000040000000
299c00000040000000
29a000000040000000
29a400000040000000
29a800000040000000
29ac00000040000000
29b000000040000000
29b400000040000000
29b800000040000000
29bc00000040000000
29c000000040000000
29c400000040000000
29c800000040000000
29cc00000040000000
29d000000040000000
29d400000040000000
29d800000040000000
29dc00000040000000
29e000000040000000
29e400000040000000
29e800000040000000
29ec00000040000000
29f000000040000000
29f400000040000000
29f800000040000000
29fc00000040000000
2a0000000040000000
2a0400000040000000
2a0800000040000000
2a0c00000040000000
2a1000000040000000
2a1400000040000000
2a1800000040000000
2a1c00000040000000
2a2000000040000000
2a2400000040000000
2a2800000040000000
2a2c00000040000000
2a3000000040000000
2a3400000040000000
2a3800000040000000
2a3c00000040000000
2a4000000040000000
2a4400000040000000
2a4800000040000000
2a4c00000040000000
2a5000000040000000
2a5400000040000000
2a5800000040000000
2a5c00000040000000
2a6000000040000000
2a6400000040000000
2a6800000040000000
2a6c00000040000000
2a7000000040000000
2a7400000040000000
2a7800000040000000
2a7c00000040000000
2a8000000040000000
2a8400000040000000
2a8800000040000000
2a8c00000040000000
2a9000000040000000
2a9400000040000000
2a9800000040000000
2a9c00000040000000
2aa000000040000000
2aa400000040000000
2aa800000040000000
2aac00000040000000
2ab000000040000000
2ab400000040000000
2ab800000040000000
2abc00000040000000
2ac000000040000000
2ac400000040000000
2ac800000040000000
2acc00000040000000
2ad000000040000000
2ad400000040000000
2ad800000040000000
2adc00000040000000
2ae000000040000000
2ae400000040000000
2ae800000040000000
2aec00000040000000
2af000000040000000
2af400000040000000
2af800000040000000
2afc00000040000000
2b0000000040000000
2b0400000040000000
2b0800000040000000
2b0c00000040000000
2b1000000040000000
2b1400000040000000
2b1800000040000000
2b1c00000040000000
2b2000000040000000
2b2400000040000000
2b2800000040000000
2b2c00000040000000
2b3000000040000000
2b3400000040000000
2b3800000040000000
2b3c00000040000000
2b4000000040000000
2b4400000040000000
2b4800000040000000
2b4c00000040000000
2b5000000040000000
2b5400000040000000
2b5800000040000000
2b5c00000040000000
2b6000000040000000
2b6400000040000000
2b6800000040000000
2b6c00000040000000
2b7000000040000000
2b7400000040000000
2b7800000040000000
2b7c00000040000000
2b8000000040000000
2b8400000040000000
2b8800000040000000
2b8c00000040000000
2b9000000040000000
2b9400000040000000
2b9800000040000000
2b9c00000040000000
2ba000000040000000
2ba400000040000000
2ba800000040000000
2bac00000040000000
2bb000000040000000
2bb400000040000000
2bb800000040000000
2bbc00000040000000
2bc000000040000000
2bc400000040000000
2bc800000040000000
2bcc00000040000000
2bd000000040000000
2bd400000040000000
2bd800000040000000
2bdc00000040000000
2be000000040000000
2be400000040000000
2be800000040000000
2bec00000040000000
2bf000000040000000
2bf400000040000000
2bf800000040000000
2bfc00000040000000
2c0000000040000000
2c0400000040000000
2c0800000040000000
2c0c00000040000000
2c1000000040000000
2c1400000040000000
2c1800000040000000
2c1c00000040000000
2c2000000040000000
2c2400000040000000
2c2800000040000000
2c2c00000040000000
2c3000000040000000
2c3400000040000000
2c3800000040000000
2c3c00000040000000
2c4000000040000000
2c4400000040000000
2c4800000040000000
2c4c00000040000000
2c5000000040000000
2c5400000040000000
2c5800000040000000
2c5c00000040000000
2c6000000040000000
2c6400000040000000
2c6800000040000000
2c6c00000040000000
2c7000000040000000
2c7400000040000000
2c7800000040000000
2c7c00000040000000
2c8000000040000000
2c8400000040000000
2c8800000040000000
2c8c00000040000000
2c9000000040000000
2c9400000040000000
2c9800000040000000
2c9c00000040000000
2ca000000040000000
2ca400000040000000
2ca800000040000000
2cac00000040000000
2cb000000040000000
2cb400000040000000
2cb800000040000000
2cbc00000040000000
2cc000000040000000
2cc400000040000000
2cc800000040000000
2ccc00000040000000
2cd000000040000000
2cd400000040000000
2cd800000040000000
2cdc00000040000000
2ce000000040000000
2ce400000040000000
2ce800000040000000
2cec00000040000000
2cf000000040000000
2cf400000040000000
2cf800000040000000
2cfc00000040000000
2d0000000040000000
2d0400000040000000
2d0800000040000000
2d0c00000040000000
2d1000000040000000
2d1400000040000000
2d1800000040000000
2d1c00000040000000
2d2000000040000000
2d2400000040000000
2d2800000040000000
2d2c00000040000000
2d3000000040000000
2d3400000040000000
2d3800000040000000
2d3c00000040000000
2d4000000040000000
2d4400000040000000
2d4800000040000000
2d4c00000040000000
2d5000000040000000
2d5400000040000000
2d5800000040000000
2d5c00000040000000
2d6000000040000000
2d6400000040000000
2d6800000040000000
2d6c00000040000000
2d7000000040000000
2d7400000040000000
2d7800000040000000
2d7c00000040000000
2d8000000040000000
2d8400000040000000
2d8800000040000000
2d8c00000040000000
2d9000000040000000
2d9400000040000000
2d9800000040000000
2d9c00000040000000
2da000000040000000
2da400000040000000
2da800000040000000
2dac00000040000000
2db000000040000000
2db400000040000000
2db800000040000000
2dbc00000040000000
2dc000000040000000
2dc400000040000000
2dc800000040000000
2dcc00000040000000
2dd000000040000000
2dd400000040000000
2dd800000040000000
2ddc00000040000000
2de000000040000000
2de400000040000000
2de800000040000000
2dec00000040000000
2df000000040000000
2df400000040000000
2df800000040000000
2dfc00000040000000
2e0000000040000000
2e0400000040000000
2e0800000040000000
2e0c00000040000000
2e1000000040000000
2e1400000040000000
2e1800000040000000
2e1c00000040000000
2e2000000040000000
2e2400000040000000
2e2800000040000000
2e2c00000040000000
2e3000000040000000
2e3400000040000000
2e3800000040000000
2e3c00000040000000
2e4000000040000000
2e4400000040000000
2e4800000040000000
2e4c00000040000000
2e5000000040000000
2e5400000040000000
2e5800000040000000
2e5c00000040000000
2e6000000040000000
2e6400000040000000
2e6800000040000000
2e6c00000040000000
2e7000000040000000
2e7400000040000000
2e7800000040000000
2e7c00000040000000
2e8000000040000000
2e8400000040000000
2e8800000040000000
2e8c00000040000000
2e9000000040000000
2e9400000040000000
2e9800000040000000
2e9c00000040000000
2ea000000040000000
2ea400000040000000
2ea800000040000000
2eac00000040000000
2eb000000040000000
2eb400000040000000
2eb800000040000000
2ebc00000040000000
2ec000000040000000
2ec400000040000000
2ec800000040000000
2ecc00000040000000
2ed000000040000000
2ed400000040000000
2ed800000040000000
2edc00000040000000
2ee000000040000000
2ee400000040000000
2ee800000040000000
2eec00000040000000
2ef000000040000000
2ef400000040000000
2ef800000040000000
2efc00000040000000
2f0000000040000000
2f0400000040000000
2f0800000040000000
2f0c00000040000000
2f1000000040000000
2f1400000040000000
2f1800000040000000
2f1c00000040000000
2f2000000040000000
2f2400000040000000
2f2800000040000000
2f2c00000040000000
2f3000000040000000
2f3400000040000000
2f3800000040000000
2f3c00000040000000
2f4000000040000000
2f4400000040000000
2f4800000040000000
2f4c00000040000000
2f5000000040000000
2f5400000040000000
2f5800000040000000
2f5c00000040000000
2f6000000040000000
2f6400000040000000
2f6800000040000000
2f6c00000040000000
2f7000000040000000
2f7400000040000000
2f7800000040000000
2f7c00000040000000
2f8000000040000000
2f8400000040000000
2f8800000040000000
2f8c00000040000000
2f9000000040000000
2f9400000040000000
2f9800000040000000
2f9c00000040000000
2fa000000040000000
2fa400000040000000
2fa800000040000000
2fac00000040000000
2fb000000040000000
2fb400000040000000
2fb800000040000000
2fbc00000040000000
2fc000000040000000
2fc400000040000000
2fc800000040000000
2fcc00000040000000
2fd000000040000000
2fd400000040000000
2fd800000040000000
2fdc00000040000000
2fe000000040000000
2fe400000040000000
2fe800000040000000
2fec00000040000000
2ff000000040000000
2ff400000040000000
2ff800000040000000
2ffc00000040000000
300000000040000000
300400000040000000
300800000040000000
300c00000040000000
301000000040000000
301400000040000000
301800000040000000
301c00000040000000
302000000040000000
302400000040000000
302800000040000000
302c00000040000000
303000000040000000
303400000040000000
303800000040000000
303c00000040000000
304000000040000000
304400000040000000
304800000040000000
304c00000040000000
305000000040000000
305400000040000000
305800000040000000
305c00000040000000
306000000040000000
306400000040000000
306800000040000000
306c00000040000000
307000000040000000
307400000040000000
307800000040000000
307c00000040000000
308000000040000000
308400000040000000
308800000040000000
308c00000040000000
309000000040000000
309400000040000000
309800000040000000
309c00000040000000
30a000000040000000
30a400000040000000
30a800000040000000
30ac00000040000000
30b000000040000000
30b400000040000000
30b800000040000000
30bc00000040000000
30c000000040000000
30c400000040000000
30c800000040000000
30cc00000040000000
30d000000040000000
30d400000040000000
30d800000040000000
30dc00000040000000
30e000000040000000
30e400000040000000
30e800000040000000
30ec00000040000000
30f000000040000000
30f400000040000000
30f800000040000000
30fc00000040000000
310000000040000000
310400000040000000
310800000040000000
310c00000040000000
311000000040000000
311400000040000000
311800000040000000
311c00000040000000
312000000040000000
312400000040000000
312800000040000000
312c00000040000000
313000000040000000
313400000040000000
313800000040000000
313c00000040000000
314000000040000000
314400000040000000
314800000040000000
314c00000040000000
315000000040000000
315400000040000000
315800000040000000
315c00000040000000
316000000040000000
316400000040000000
316800000040000000
316c00000040000000
317000000040000000
317400000040000000
317800000040000000
317c00000040000000
318000000040000000
318400000040000000
318800000040000000
318c00000040000000
319000000040000000
319400000040000000
319800000040000000
319c00000040000000
31a000000040000000
31a400000040000000
31a800000040000000
31ac00000040000000
31b000000040000000
31b400000040000000
31b800000040000000
31bc00000040000000
31c000000040000000
31c400000040000000
31c800000040000000
31cc00000040000000
31d000000040000000
31d400000040000000
31d800000040000000
31dc00000040000000
31e000000040000000
31e400000040000000
31e800000040000000
31ec00000040000000
31f000000040000000
31f400000040000000
31f800000040000000
31fc00000040000000
320000000040000000
320400000040000000
320800000040000000
320c00000040000000
321000000040000000
321400000040000000
321800000040000000
321c00000040000000
322000000040000000
322400000040000000
322800000040000000
322c00000040000000
323000000040000000
323400000040000000
323800000040000000
323c00000040000000
324000000040000000
324400000040000000
324800000040000000
324c00000040000000
325000000040000000
325400000040000000
325800000040000000
325c00000040000000
326000000040000000
326400000040000000
326800000040000000
326c00000040000000
327000000040000000
327400000040000000
327800000040000000
327c00000040000000
328000000040000000
328400000040000000
328800000040000000
328c00000040000000
329000000040000000
329400000040000000
329800000040000000
329c00000040000000
32a000000040000000
32a400000040000000
32a800000040000000
32ac00000040000000
32b000000040000000
32b400000040000000
32b800000040000000
32bc00000040000000
32c000000040000000
32c400000040000000
32c800000040000000
32cc00000040000000
32d000000040000000
32d400000040000000
32d800000040000000
32dc00000040000000
32e000000040000000
32e400000040000000
32e800000040000000
32ec00000040000000
32f000000040000000
32f400000040000000
32f800000040000000
32fc00000040000000
330000000040000000
330400000040000000
330800000040000000
330c00000040000000
331000000040000000
331400000040000000
331800000040000000
331c00000040000000
332000000040000000
332400000040000000
332800000040000000
332c00000040000000
333000000040000000
333400000040000000
333800000040000000
333c00000040000000
334000000040000000
334400000040000000
334800000040000000
334c00000040000000
335000000040000000
335400000040000000
335800000040000000
335c00000040000000
336000000040000000
336400000040000000
336800000040000000
336c00000040000000
337000000040000000
337400000040000000
337800000040000000
337c00000040000000
338000000040000000
338400000040000000
338800000040000000
338c00000040000000
339000000040000000
339400000040000000
339800000040000000
339c00000040000000
33a000000040000000
33a400000040000000
33a800000040000000
33ac00000040000000
33b000000040000000
33b400000040000000
33b800000040000000
33bc00000040000000
33c000000040000000
33c400000040000000
33c800000040000000
33cc00000040000000
33d000000040000000
33d400000040000000
33d800000040000000
33dc00000040000000
33e000000040000000
33e400000040000000
33e800000040000000
33ec00000040000000
33f000000040000000
33f400000040000000
33f800000040000000
33fc00000040000000
340000000040000000
340400000040000000
340800000040000000
340c00000040000000
341000000040000000
341400000040000000
341800000040000000
341c00000040000000
342000000040000000
342400000040000000
342800000040000000
342c00000040000000
343000000040000000
343400000040000000
343800000040000000
343c00000040000000
344000000040000000
344400000040000000
344800000040000000
344c00000040000000
345000000040000000
345400000040000000
345800000040000000
345c00000040000000
346000000040000000
346400000040000000
346800000040000000
346c00000040000000
347000000040000000
347400000040000000
347800000040000000
347c00000040000000
348000000040000000
348400000040000000
348800000040000000
348c00000040000000
349000000040000000
349400000040000000
349800000040000000
349c00000040000000
34a000000040000000
34a400000040000000
34a800000040000000
34ac00000040000000
34b000000040000000
34b400000040000000
34b800000040000000
34bc00000040000000
34c000000040000000
34c400000040000000
34c800000040000000
34cc00000040000000
34d000000040000000
34d400000040000000
34d800000040000000
34dc00000040000000
34e000000040000000
34e400000040000000
34e800000040000000
34ec00000040000000
34f000000040000000
34f400000040000000
34f800000040000000
34fc00000040000000
350000000040000000
350400000040000000
350800000040000000
350c00000040000000
351000000040000000
351400000040000000
351800000040000000
351c00000040000000
352000000040000000
352400000040000000
352800000040000000
352c00000040000000
353000000040000000
353400000040000000
353800000040000000
353c00000040000000
354000000040000000
354400000040000000
354800000040000000
354c00000040000000
355000000040000000
355400000040000000
355800000040000000
355c00000040000000
356000000040000000
356400000040000000
356800000040000000
356c00000040000000
357000000040000000
357400000040000000
357800000040000000
357c00000040000000
358000000040000000
358400000040000000
358800000040000000
358c00000040000000
359000000040000000
359400000040000000
359800000040000000
359c00000040000000
35a000000040000000
35a400000040000000
35a800000040000000
35ac00000040000000
35b000000040000000
35b400000040000000
35b800000040000000
35bc00000040000000
35c000000040000000
35c400000040000000
35c800000040000000
35cc00000040000000
35d000000040000000
35d400000040000000
35d800000040000000
35dc00000040000000
35e000000040000000
35e400000040000000
35e800000040000000
35ec00000040000000
35f000000040000000
35f400000040000000
35f800000040000000
35fc00000040000000
360000000040000000
360400000040000000
360800000040000000
360c00000040000000
361000000040000000
361400000040000000
361800000040000000
361c00000040000000
362000000040000000
362400000040000000
362800000040000000
362c00000040000000
363000000040000000
363400000040000000
363800000040000000
363c00000040000000
364000000040000000
364400000040000000
364800000040000000
364c00000040000000
365000000040000000
365400000040000000
365800000040000000
365c00000040000000
366000000040000000
366400000040000000
366800000040000000
366c00000040000000
367000000040000000
367400000040000000
367800000040000000
367c00000040000000
368000000040000000
368400000040000000
368800000040000000
368c00000040000000
369000000040000000
369400000040000000
369800000040000000
369c00000040000000
36a000000040000000
36a400000040000000
36a800000040000000
36ac00000040000000
36b000000040000000
36b400000040000000
36b800000040000000
36bc00000040000000
36c000000040000000
36c400000040000000
36c800000040000000
36cc00000040000000
36d000000040000000
36d400000040000000
36d800000040000000
36dc00000040000000
36e000000040000000
36e400000040000000
36e800000040000000
36ec00000040000000
36f000000040000000
36f400000040000000
36f800000040000000
36fc00000040000000
370000000040000000
370400000040000000
370800000040000000
370c00000040000000
371000000040000000
371400000040000000
371800000040000000
371c00000040000000
372000000040000000
372400000040000000
372800000040000000
372c00000040000000
373000000040000000
373400000040000000
373800000040000000
373c00000040000000
374000000040000000
374400000040000000
374800000040000000
374c00000040000000
375000000040000000
375400000040000000
375800000040000000
375c00000040000000
376000000040000000
376400000040000000
376800000040000000
376c00000040000000
377000000040000000
377400000040000000
377800000040000000
377c00000040000000
378000000040000000
378400000040000000
378800000040000000
378c00000040000000
379000000040000000
379400000040000000
379800000040000000
379c00000040000000
37a000000040000000
37a400000040000000
37a800000040000000
37ac00000040000000
37b000000040000000
37b400000040000000
37b800000040000000
37bc00000040000000
37c000000040000000
37c400000040000000
37c800000040000000
37cc00000040000000
37d000000040000000
37d400000040000000
37d800000040000000
37dc00000040000000
37e000000040000000
37e400000040000000
37e800000040000000
37ec00000040000000
37f000000040000000
37f400000040000000
37f800000040000000
37fc00000040000000
380000000040000000
380400000040000000
380800000040000000
380c00000040000000
381000000040000000
381400000040000000
381800000040000000
381c00000040000000
382000000040000000
382400000040000000
382800000040000000
382c00000040000000
383000000040000000
383400000040000000
383800000040000000
383c00000040000000
384000000040000000
384400000040000000
384800000040000000
384c00000040000000
385000000040000000
385400000040000000
385800000040000000
385c00000040000000
386000000040000000
386400000040000000
386800000040000000
386c00000040000000
387000000040000000
387400000040000000
387800000040000000
387c00000040000000
388000000040000000
388400000040000000
388800000040000000
388c00000040000000
389000000040000000
389400000040000000
389800000040000000
389c00000040000000
38a000000040000000
38a400000040000000
38a800000040000000
38ac00000040000000
38b000000040000000
38b400000040000000
38b800000040000000
38bc00000040000000
38c000000040000000
38c400000040000000
38c800000040000000
38cc00000040000000
38d000000040000000
38d400000040000000
38d800000040000000
38dc00000040000000
38e000000040000000
38e400000040000000
38e800000040000000
38ec00000040000000
38f000000040000000
38f400000040000000
38f800000040000000
38fc00000040000000
390000000040000000
390400000040000000
390800000040000000
390c00000040000000
391000000040000000
391400000040000000
391800000040000000
391c00000040000000
392000000040000000
392400000040000000
392800000040000000
392c00000040000000
393000000040000000
393400000040000000
393800000040000000
393c00000040000000
394000000040000000
394400000040000000
394800000040000000
394c00000040000000
395000000040000000
395400000040000000
395800000040000000
395c00000040000000
396000000040000000
396400000040000000
396800000040000000
396c00000040000000
397000000040000000
397400000040000000
397800000040000000
397c00000040000000
398000000040000000
398400000040000000
398800000040000000
398c00000040000000
399000000040000000
399400000040000000
399800000040000000
399c00000040000000
39a000000040000000
39a400000040000000
39a800000040000000
39ac00000040000000
39b000000040000000
39b400000040000000
39b800000040000000
39bc00000040000000
39c000000040000000
39c400000040000000
39c800000040000000
39cc00000040000000
39d000000040000000
39d400000040000000
39d800000040000000
39dc00000040000000
39e000000040000000
39e400000040000000
39e800000040000000
39ec00000040000000
39f000000040000000
39f400000040000000
39f800000040000000
39fc00000040000000
3a0000000040000000
3a0400000040000000
3a0800000040000000
3a0c00000040000000
3a1000000040000000
3a1400000040000000
3a1800000040000000
3a1c00000040000000
3a2000000040000000
3a2400000040000000
3a2800000040000000
3a2c00000040000000
3a3000000040000000
3a3400000040000000
3a3800000040000000
3a3c00000040000000
3a4000000040000000
3a4400000040000000
3a4800000040000000
3a4c00000040000000
3a5000000040000000
3a5400000040000000
3a5800000040000000
3a5c00000040000000
3a6000000040000000
3a6400000040000000
3a6800000040000000
3a6c00000040000000
3a7000000040000000
3a7400000040000000
3a7800000040000000
3a7c00000040000000
3a8000000040000000
3a8400000040000000
3a8800000040000000
3a8c00000040000000
3a9000000040000000
3a9400000040000000
3a9800000040000000
3a9c00000040000000
3aa000000040000000
3aa400000040000000
3aa800000040000000
3aac00000040000000
3ab000000040000000
3ab400000040000000
3ab800000040000000
3abc00000040000000
3ac000000040000000
3ac400000040000000
3ac800000040000000
3acc00000040000000
3ad000000040000000
3ad400000040000000
3ad800000040000000
3adc00000040000000
3ae000000040000000
3ae400000040000000
3ae800000040000000
3aec00000040000000
3af000000040000000
3af400000040000000
3af800000040000000
3afc00000040000000
3b0000000040000000
3b0400000040000000
3b0800000040000000
3b0c00000040000000
3b1000000040000000
3b1400000040000000
3b1800000040000000
3b1c00000040000000
3b2000000040000000
3b2400000040000000
3b2800000040000000
3b2c00000040000000
3b3000000040000000
3b3400000040000000
3b3800000040000000
3b3c00000040000000
3b4000000040000000
3b4400000040000000
3b4800000040000000
3b4c00000040000000
3b5000000040000000
3b5400000040000000
3b5800000040000000
3b5c00000040000000
3b6000000040000000
3b6400000040000000
3b6800000040000000
3b6c00000040000000
3b7000000040000000
3b7400000040000000
3b7800000040000000
3b7c00000040000000
3b8000000040000000
3b8400000040000000
3b8800000040000000
3b8c00000040000000
3b9000000040000000
3b9400000040000000
3b9800000040000000
3b9c00000040000000
3ba000000040000000
3ba400000040000000
3ba800000040000000
3bac00000040000000
3bb000000040000000
3bb400000040000000
3bb800000040000000
3bbc00000040000000
3bc000000040000000
3bc400000040000000
3bc800000040000000
3bcc00000040000000
3bd000000040000000
3bd400000040000000
3bd800000040000000
3bdc00000040000000
3be000000040000000
3be400000040000000
3be800000040000000
3bec00000040000000
3bf000000040000000
3bf400000040000000
3bf800000040000000
3bfc00000040000000
3c0000000040000000
3c0400000040000000
3c0800000040000000
3c0c00000040000000
3c1000000040000000
3c1400000040000000
3c1800000040000000
3c1c00000040000000
3c2000000040000000
3c2400000040000000
3c2800000040000000
3c2c00000040000000
3c3000000040000000
3c3400000040000000
3c3800000040000000
3c3c00000040000000
3c4000000040000000
3c4400000040000000
3c4800000040000000
3c4c00000040000000
3c5000000040000000
3c5400000040000000
3c5800000040000000
3c5c00000040000000
3c6000000040000000
3c6400000040000000
3c6800000040000000
3c6c00000040000000
3c7000000040000000
3c7400000040000000
3c7800000040000000
3c7c00000040000000
3c8000000040000000
3c8400000040000000
3c8800000040000000
3c8c00000040000000
3c9000000040000000
3c9400000040000000
3c9800000040000000
3c9c00000040000000
3ca000000040000000
3ca400000040000000
3ca800000040000000
3cac00000040000000
3cb000000040000000
3cb400000040000000
3cb800000040000000
3cbc00000040000000
3cc000000040000000
3cc400000040000000
3cc800000040000000
3ccc00000040000000
3cd000000040000000
3cd400000040000000
3cd800000040000000
3cdc00000040000000
3ce000000040000000
3ce400000040000000
3ce800000040000000
3cec00000040000000
3cf000000040000000
3cf400000040000000
3cf800000040000000
3cfc00000040000000
3d0000000040000000
3d0400000040000000
3d0800000040000000
3d0c00000040000000
3d1000000040000000
3d1400000040000000
3d1800000040000000
3d1c00000040000000
3d2000000040000000
3d2400000040000000
3d2800000040000000
3d2c00000040000000
3d3000000040000000
3d3400000040000000
3d3800000040000000
3d3c00000040000000
3d4000000040000000
3d4400000040000000
3d4800000040000000
3d4c00000040000000
3d5000000040000000
3d5400000040000000
3d5800000040000000
3d5c00000040000000
3d6000000040000000
3d6400000040000000
3d6800000040000000
3d6c00000040000000
3d7000000040000000
3d7400000040000000
3d7800000040000000
3d7c00000040000000
3d8000000040000000
3d8400000040000000
3d8800000040000000
3d8c00000040000000
3d9000000040000000
3d9400000040000000
3d9800000040000000
3d9c00000040000000
3da000000040000000
3da400000040000000
3da800000040000000
3dac00000040000000
3db000000040000000
3db400000040000000
3db800000040000000
3dbc00000040000000
3dc000000040000000
3dc400000040000000
3dc800000040000000
3dcc00000040000000
3dd000000040000000
3dd400000040000000
3dd800000040000000
3ddc00000040000000
3de000000040000000
3de400000040000000
3de800000040000000
3dec00000040000000
3df000000040000000
3df400000040000000
3df800000040000000
3dfc00000040000000
3e0000000040000000
3e0400000040000000
3e0800000040000000
3e0c00000040000000
3e1000000040000000
3e1400000040000000
3e1800000040000000
3e1c00000040000000
3e2000000040000000
3e2400000040000000
3e2800000040000000
3e2c00000040000000
3e3000000040000000
3e3400000040000000
3e3800000040000000
3e3c00000040000000
3e4000000040000000
3e4400000040000000
3e4800000040000000
3e4c00000040000000
3e5000000040000000
3e5400000040000000
3e5800000040000000
3e5c00000040000000
3e6000000040000000
3e6400000040000000
3e6800000040000000
3e6c00000040000000
3e7000000040000000
3e7400000040000000
3e7800000040000000
3e7c00000040000000
3e8000000040000000
3e8400000040000000
3e8800000040000000
3e8c00000040000000
3e9000000040000000
3e9400000040000000
3e9800000040000000
3e9c00000040000000
3ea000000040000000
3ea400000040000000
3ea800000040000000
3eac00000040000000
3eb000000040000000
3eb400000040000000
3eb800000040000000
3ebc00000040000000
3ec000000040000000
3ec400000040000000
3ec800000040000000
3ecc00000040000000
3ed000000040000000
3ed400000040000000
3ed800000040000000
3edc00000040000000
3ee000000040000000
3ee400000040000000
3ee800000040000000
3eec00000040000000
3ef000000040000000
3ef400000040000000
3ef800000040000000
3efc00000040000000
3f0000000040000000
3f0400000040000000
3f0800000040000000
3f0c00000040000000
3f1000000040000000
3f1400000040000000
3f1800000040000000
3f1c00000040000000
3f2000000040000000
3f2400000040000000
3f2800000040000000
3f2c00000040000000
3f3000000040000000
3f3400000040000000
3f3800000040000000
3f3c00000040000000
3f4000000040000000
3f4400000040000000
3f4800000040000000
3f4c00000040000000
3f5000000040000000
3f5400000040000000
3f5800000040000000
3f5c00000040000000
3f6000000040000000
3f6400000040000000
3f6800000040000000
3f6c00000040000000
3f7000000040000000
3f7400000040000000
3f7800000040000000
3f7c00000040000000
3f8000000040000000
3f8400000040000000
3f8800000040000000
3f8c00000040000000
3f9000000040000000
3f9400000040000000
3f9800000040000000
3f9c00000040000000
3fa000000040000000
3fa400000040000000
3fa800000040000000
3fac00000040000000
3fb000000040000000
3fb400000040000000
3fb800000040000000
3fbc00000040000000
3fc000000040000000
3fc400000040000000
3fc800000040000000
3fcc00000040000000
3fd000000040000000
3fd400000040000000
3fd800000040000000
3fdc00000040000000
3fe000000040000000
3fe400000040000000
3fe800000040000000
3fec00000040000000
3ff000000040000000
3ff400000040000000
3ff800000040000000
7ffc00000040000000
000000000040000267
00040000004000007b
0008000000400001ec
000c00000040000000
001000000040000171
0014000000400002e2
0018000000400000f6
001c00000040000267
00200000004000007b
0024000000400001ec
002800000040000000
002c00000040000171
0030000000400002e2
0034000000400000f6
003800000040000267
003c0000004000007b
0040000000400001ec
004400000040000000
004800000040000171
004c000000400002e2
0050000000400000f6
005400000040000267
00580000004000007b
005c000000400001ec
006000000040000000
006400000040000171
0068000000400002e2
006c000000400000f6
007000000040000267
00740000004000007b
0078000000400001ec
007c00000040000000
008000000040000171
0084000000400002e2
0088000000400000f6
008c00000040000267
00900000004000007b
0094000000400001ec
009800000040000000
009c00000040000171
00a0000000400002e2
00a4000000400000f6
00a800000040000267
00ac0000004000007b
00b0000000400001ec
00b400000040000000
00b800000040000171
00bc000000400002e2
00c0000000400000f6
00c400000040000267
00c80000004000007b
00cc000000400001ec
00d000000040000000
00d400000040000171
00d8000000400002e2
00dc000000400000f6
00e000000040000267
00e40000004000007b
00e8000000400001ec
00ec00000040000000
00f000000040000171
00f4000000400002e2
00f8000000400000f6
00fc00000040000267
01000000004000007b
0104000000400001ec
010800000040000000
010c00000040000171
0110000000400002e2
0114000000400000f6
011800000040000267
011c0000004000007b
0120000000400001ec
012400000040000000
012800000040000171
012c000000400002e2
0130000000400000f6
013400000040000267
01380000004000007b
013c000000400001ec
014000000040000000
014400000040000171
0148000000400002e2
014c000000400000f6
015000000040000267
01540000004000007b
0158000000400001ec
015c00000040000000
016000000040000171
0164000000400002e2
0168000000400000f6
016c00000040000267
01700000004000007b
0174000000400001ec
017800000040000000
017c00000040000171
0180000000400002e2
0184000000400000f6
018800000040000267
018c0000004000007b
0190000000400001ec
019400000040000000
019800000040000171
019c000000400002e2
01a0000000400000f6
01a400000040000267
01a80000004000007b
01ac000000400001ec
01b000000040000000
01b400000040000171
01b8000000400002e2
01bc000000400000f6
01c000000040000267
01c40000004000007b
01c8000000400001ec
01cc00000040000000
01d000000040000171
01d4000000400002e2
01d8000000400000f6
01dc00000040000267
01e00000004000007b
01e4000000400001ec
01e800000040000000
01ec00000040000171
01f0000000400002e2
01f4000000400000f6
01f800000040000267
01fc0000004000007b
0200000000400001ec
020400000040000000
020800000040000171
020c000000400002e2
0210000000400000f6
021400000040000267
02180000004000007b
021c000000400001ec
022000000040000000
022400000040000171
0228000000400002e2
022c000000400000f6
023000000040000267
02340000004000007b
0238000000400001ec
023c00000040000000
024000000040000171
0244000000400002e2
0248000000400000f6
024c00000040000267
02500000004000007b
0254000000400001ec
025800000040000000
025c00000040000171
0260000000400002e2
0264000000400000f6
026800000040000267
026c0000004000007b
0270000000400001ec
027400000040000000
027800000040000171
027c000000400002e2
0280000000400000f6
028400000040000267
02880000004000007b
028c000000400001ec
029000000040000000
029400000040000171
0298000000400002e2
029c000000400000f6
02a000000040000267
02a40000004000007b
02a8000000400001ec
02ac00000040000000
02b000000040000171
02b4000000400002e2
02b8000000400000f6
02bc00000040000267
02c00000004000007b
02c4000000400001ec
02c800000040000000
02cc00000040000171
02d0000000400002e2
02d4000000400000f6
02d800000040000267
02dc0000004000007b
02e0000000400001ec
02e400000040000000
02e800000040000171
02ec000000400002e2
02f0000000400000f6
02f400000040000267
02f80000004000007b
02fc000000400001ec
030000000040000000
030400000040000171
0308000000400002e2
030c000000400000f6
031000000040000267
03140000004000007b
0318000000400001ec
031c00000040000000
032000000040000171
0324000000400002e2
0328000000400000f6
032c00000040000267
03300000004000007b
0334000000400001ec
033800000040000000
033c00000040000171
0340000000400002e2
0344000000400000f6
034800000040000267
034c0000004000007b
0350000000400001ec
035400000040000000
035800000040000171
035c000000400002e2
0360000000400000f6
036400000040000267
03680000004000007b
036c000000400001ec
037000000040000000
037400000040000171
0378000000400002e2
037c000000400000f6
038000000040000267
03840000004000007b
0388000000400001ec
038c00000040000000
039000000040000171
0394000000400002e2
0398000000400000f6
039c00000040000267
03a00000004000007b
03a4000000400001ec
03a800000040000000
03ac00000040000171
03b0000000400002e2
03b4000000400000f6
03b800000040000267
03bc0000004000007b
03c0000000400001ec
03c400000040000000
03c800000040000171
03cc000000400002e2
03d0000000400000f6
03d400000040000267
03d80000004000007b
03dc000000400001ec
03e000000040000000
03e400000040000171
03e8000000400002e2
03ec000000400000f6
03f000000040000267
03f40000004000007b
03f8000000400001ec
03fc00000040000000
040000000040000171
0404000000400002e2
0408000000400000f6
040c00000040000267
04100000004000007b
0414000000400001ec
041800000040000000
041c00000040000171
0420000000400002e2
0424000000400000f6
042800000040000267
042c0000004000007b
0430000000400001ec
043400000040000000
043800000040000171
043c000000400002e2
0440000000400000f6
044400000040000267
04480000004000007b
044c000000400001ec
045000000040000000
045400000040000171
0458000000400002e2
045c000000400000f6
046000000040000267
04640000004000007b
0468000000400001ec
046c00000040000000
047000000040000171
0474000000400002e2
0478000000400000f6
047c00000040000267
04800000004000007b
0484000000400001ec
048800000040000000
048c00000040000171
0490000000400002e2
0494000000400000f6
049800000040000267
049c0000004000007b
04a0000000400001ec
04a400000040000000
04a800000040000171
04ac000000400002e2
04b0000000400000f6
04b400000040000267
04b80000004000007b
04bc000000400001ec
04c000000040000000
04c400000040000171
04c8000000400002e2
04cc000000400000f6
04d000000040000267
04d40000004000007b
04d8000000400001ec
04dc00000040000000
04e000000040000171
04e4000000400002e2
04e8000000400000f6
04ec00000040000267
04f00000004000007b
04f4000000400001ec
04f800000040000000
04fc00000040000171
0500000000400002e2
0504000000400000f6
050800000040000267
050c0000004000007b
0510000000400001ec
051400000040000000
051800000040000171
051c000000400002e2
0520000000400000f6
052400000040000267
05280000004000007b
052c000000400001ec
053000000040000000
053400000040000171
0538000000400002e2
053c000000400000f6
054000000040000267
05440000004000007b
0548000000400001ec
054c00000040000000
055000000040000171
0554000000400002e2
0558000000400000f6
055c00000040000267
05600000004000007b
0564000000400001ec
056800000040000000
056c00000040000171
0570000000400002e2
0574000000400000f6
057800000040000267
057c0000004000007b
0580000000400001ec
058400000040000000
058800000040000171
058c000000400002e2
0590000000400000f6
059400000040000267
05980000004000007b
059c000000400001ec
05a000000040000000
05a400000040000171
05a8000000400002e2
05ac000000400000f6
05b000000040000267
05b40000004000007b
05b8000000400001ec
05bc00000040000000
05c000000040000171
05c4000000400002e2
05c8000000400000f6
05cc00000040000267
05d00000004000007b
05d4000000400001ec
05d800000040000000
05dc00000040000171
05e0000000400002e2
05e4000000400000f6
05e800000040000267
05ec0000004000007b
05f0000000400001ec
05f400000040000000
05f800000040000171
05fc000000400002e2
0600000000400000f6
060400000040000267
06080000004000007b
060c000000400001ec
061000000040000000
061400000040000171
0618000000400002e2
061c000000400000f6
062000000040000267
06240000004000007b
0628000000400001ec
062c00000040000000
063000000040000171
0634000000400002e2
0638000000400000f6
063c00000040000267
06400000004000007b
0644000000400001ec
064800000040000000
064c00000040000171
0650000000400002e2
0654000000400000f6
065800000040000267
065c0000004000007b
0660000000400001ec
066400000040000000
066800000040000171
066c000000400002e2
0670000000400000f6
067400000040000267
06780000004000007b
067c000000400001ec
068000000040000000
068400000040000171
0688000000400002e2
068c000000400000f6
069000000040000267
06940000004000007b
0698000000400001ec
069c00000040000000
06a000000040000171
06a4000000400002e2
06a8000000400000f6
06ac00000040000267
06b00000004000007b
06b4000000400001ec
06b800000040000000
06bc00000040000171
06c0000000400002e2
06c4000000400000f6
06c800000040000267
06cc0000004000007b
06d0000000400001ec
06d400000040000000
06d800000040000171
06dc000000400002e2
06e0000000400000f6
06e400000040000267
06e80000004000007b
06ec000000400001ec
06f000000040000000
06f400000040000171
06f8000000400002e2
06fc000000400000f6
070000000040000267
07040000004000007b
0708000000400001ec
070c00000040000000
071000000040000171
0714000000400002e2
0718000000400000f6
071c00000040000267
07200000004000007b
0724000000400001ec
072800000040000000
072c00000040000171
0730000000400002e2
0734000000400000f6
073800000040000267
073c0000004000007b
0740000000400001ec
074400000040000000
074800000040000171
074c000000400002e2
0750000000400000f6
075400000040000267
07580000004000007b
075c000000400001ec
076000000040000000
076400000040000171
0768000000400002e2
076c000000400000f6
077000000040000267
07740000004000007b
0778000000400001ec
077c00000040000000
078000000040000171
0784000000400002e2
0788000000400000f6
078c00000040000267
07900000004000007b
0794000000400001ec
079800000040000000
079c00000040000171
07a0000000400002e2
07a4000000400000f6
07a800000040000267
07ac0000004000007b
07b0000000400001ec
07b400000040000000
07b800000040000171
07bc000000400002e2
07c0000000400000f6
07c400000040000267
07c80000004000007b
07cc000000400001ec
07d000000040000000
07d400000040000171
07d8000000400002e2
07dc000000400000f6
07e000000040000267
07e40000004000007b
07e8000000400001ec
07ec00000040000000
07f000000040000171
07f4000000400002e2
07f8000000400000f6
07fc00000040000267
08000000004000007b
0804000000400001ec
080800000040000000
080c00000040000171
0810000000400002e2
0814000000400000f6
081800000040000267
081c0000004000007b
0820000000400001ec
082400000040000000
082800000040000171
082c000000400002e2
0830000000400000f6
083400000040000267
08380000004000007b
083c000000400001ec
084000000040000000
084400000040000171
0848000000400002e2
084c000000400000f6
085000000040000267
08540000004000007b
0858000000400001ec
085c00000040000000
086000000040000171
0864000000400002e2
0868000000400000f6
086c00000040000267
08700000004000007b
0874000000400001ec
087800000040000000
087c00000040000171
0880000000400002e2
0884000000400000f6
088800000040000267
088c0000004000007b
0890000000400001ec
089400000040000000
089800000040000171
089c000000400002e2
08a0000000400000f6
08a400000040000267
08a80000004000007b
08ac000000400001ec
08b000000040000000
08b400000040000171
08b8000000400002e2
08bc000000400000f6
08c000000040000267
08c40000004000007b
08c8000000400001ec
08cc00000040000000
08d000000040000171
08d4000000400002e2
08d8000000400000f6
08dc00000040000267
08e00000004000007b
08e4000000400001ec
08e800000040000000
08ec00000040000171
08f0000000400002e2
08f4000000400000f6
08f800000040000267
08fc0000004000007b
0900000000400001ec
090400000040000000
090800000040000171
090c000000400002e2
0910000000400000f6
091400000040000267
09180000004000007b
091c000000400001ec
092000000040000000
092400000040000171
0928000000400002e2
092c000000400000f6
093000000040000267
09340000004000007b
0938000000400001ec
093c00000040000000
094000000040000171
0944000000400002e2
0948000000400000f6
094c00000040000267
09500000004000007b
0954000000400001ec
095800000040000000
095c00000040000171
0960000000400002e2
0964000000400000f6
096800000040000267
096c0000004000007b
0970000000400001ec
097400000040000000
097800000040000171
097c000000400002e2
0980000000400000f6
098400000040000267
09880000004000007b
098c000000400001ec
099000000040000000
099400000040000171
0998000000400002e2
099c000000400000f6
09a000000040000267
09a40000004000007b
09a8000000400001ec
09ac00000040000000
09b000000040000171
09b4000000400002e2
09b8000000400000f6
09bc00000040000267
09c00000004000007b
09c4000000400001ec
09c800000040000000
09cc00000040000171
09d0000000400002e2
09d4000000400000f6
09d800000040000267
09dc0000004000007b
09e0000000400001ec
09e400000040000000
09e800000040000171
09ec000000400002e2
09f0000000400000f6
09f400000040000267
09f80000004000007b
09fc000000400001ec
0a0000000040000000
0a0400000040000171
0a08000000400002e2
0a0c000000400000f6
0a1000000040000267
0a140000004000007b
0a18000000400001ec
0a1c00000040000000
0a2000000040000171
0a24000000400002e2
0a28000000400000f6
0a2c00000040000267
0a300000004000007b
0a34000000400001ec
0a3800000040000000
0a3c00000040000171
0a40000000400002e2
0a44000000400000f6
0a4800000040000267
0a4c0000004000007b
0a50000000400001ec
0a5400000040000000
0a5800000040000171
0a5c000000400002e2
0a60000000400000f6
0a6400000040000267
0a680000004000007b
0a6c000000400001ec
0a7000000040000000
0a7400000040000171
0a78000000400002e2
0a7c000000400000f6
0a8000000040000267
0a840000004000007b
0a88000000400001ec
0a8c00000040000000
0a9000000040000171
0a94000000400002e2
0a98000000400000f6
0a9c00000040000267
0aa00000004000007b
0aa4000000400001ec
0aa800000040000000
0aac00000040000171
0ab0000000400002e2
0ab4000000400000f6
0ab800000040000267
0abc0000004000007b
0ac0000000400001ec
0ac400000040000000
0ac800000040000171
0acc000000400002e2
0ad0000000400000f6
0ad400000040000267
0ad80000004000007b
0adc000000400001ec
0ae000000040000000
0ae400000040000171
0ae8000000400002e2
0aec000000400000f6
0af000000040000267
0af40000004000007b
0af8000000400001ec
0afc00000040000000
0b0000000040000171
0b04000000400002e2
0b08000000400000f6
0b0c00000040000267
0b100000004000007b
0b14000000400001ec
0b1800000040000000
0b1c00000040000171
0b20000000400002e2
0b24000000400000f6
0b2800000040000267
0b2c0000004000007b
0b30000000400001ec
0b3400000040000000
0b3800000040000171
0b3c000000400002e2
0b40000000400000f6
0b4400000040000267
0b480000004000007b
0b4c000000400001ec
0b5000000040000000
0b5400000040000171
0b58000000400002e2
0b5c000000400000f6
0b6000000040000267
0b640000004000007b
0b68000000400001ec
0b6c00000040000000
0b7000000040000171
0b74000000400002e2
0b78000000400000f6
0b7c00000040000267
0b800000004000007b
0b84000000400001ec
0b8800000040000000
0b8c00000040000171
0b90000000400002e2
0b94000000400000f6
0b9800000040000267
0b9c0000004000007b
0ba0000000400001ec
0ba400000040000000
0ba800000040000171
0bac000000400002e2
0bb0000000400000f6
0bb400000040000267
0bb80000004000007b
0bbc000000400001ec
0bc000000040000000
0bc400000040000171
0bc8000000400002e2
0bcc000000400000f6
0bd000000040000267
0bd40000004000007b
0bd8000000400001ec
0bdc00000040000000
0be000000040000171
0be4000000400002e2
0be8000000400000f6
0bec00000040000267
0bf00000004000007b
0bf4000000400001ec
0bf800000040000000
0bfc00000040000171
0c00000000400002e2
0c04000000400000f6
0c0800000040000267
0c0c0000004000007b
0c10000000400001ec
0c1400000040000000
0c1800000040000171
0c1c000000400002e2
0c20000000400000f6
0c2400000040000267
0c280000004000007b
0c2c000000400001ec
0c3000000040000000
0c3400000040000171
0c38000000400002e2
0c3c000000400000f6
0c4000000040000267
0c440000004000007b
0c48000000400001ec
0c4c00000040000000
0c5000000040000171
0c54000000400002e2
0c58000000400000f6
0c5c00000040000267
0c600000004000007b
0c64000000400001ec
0c6800000040000000
0c6c00000040000171
0c70000000400002e2
0c74000000400000f6
0c7800000040000267
0c7c0000004000007b
0c80000000400001ec
0c8400000040000000
0c8800000040000171
0c8c000000400002e2
0c90000000400000f6
0c9400000040000267
0c980000004000007b
0c9c000000400001ec
0ca000000040000000
0ca400000040000171
0ca8000000400002e2
0cac000000400000f6
0cb000000040000267
0cb40000004000007b
0cb8000000400001ec
0cbc00000040000000
0cc000000040000171
0cc4000000400002e2
0cc8000000400000f6
0ccc00000040000267
0cd00000004000007b
0cd4000000400001ec
0cd800000040000000
0cdc00000040000171
0ce0000000400002e2
0ce4000000400000f6
0ce800000040000267
0cec0000004000007b
0cf0000000400001ec
0cf400000040000000
0cf800000040000171
0cfc000000400002e2
0d00000000400000f6
0d0400000040000267
0d080000004000007b
0d0c000000400001ec
0d1000000040000000
0d1400000040000171
0d18000000400002e2
0d1c000000400000f6
0d2000000040000267
0d240000004000007b
0d28000000400001ec
0d2c00000040000000
0d3000000040000171
0d34000000400002e2
0d38000000400000f6
0d3c00000040000267
0d400000004000007b
0d44000000400001ec
0d4800000040000000
0d4c00000040000171
0d50000000400002e2
0d54000000400000f6
0d5800000040000267
0d5c0000004000007b
0d60000000400001ec
0d6400000040000000
0d6800000040000171
0d6c000000400002e2
0d70000000400000f6
0d7400000040000267
0d780000004000007b
0d7c000000400001ec
0d8000000040000000
0d8400000040000171
0d88000000400002e2
0d8c000000400000f6
0d9000000040000267
0d940000004000007b
0d98000000400001ec
0d9c00000040000000
0da000000040000171
0da4000000400002e2
0da8000000400000f6
0dac00000040000267
0db00000004000007b
0db4000000400001ec
0db800000040000000
0dbc00000040000171
0dc0000000400002e2
0dc4000000400000f6
0dc800000040000267
0dcc0000004000007b
0dd0000000400001ec
0dd400000040000000
0dd800000040000171
0ddc000000400002e2
0de0000000400000f6
0de400000040000267
0de80000004000007b
0dec000000400001ec
0df000000040000000
0df400000040000171
0df8000000400002e2
0dfc000000400000f6
0e0000000040000267
0e040000004000007b
0e08000000400001ec
0e0c00000040000000
0e1000000040000171
0e14000000400002e2
0e18000000400000f6
0e1c00000040000267
0e200000004000007b
0e24000000400001ec
0e2800000040000000
0e2c00000040000171
0e30000000400002e2
0e34000000400000f6
0e3800000040000267
0e3c0000004000007b
0e40000000400001ec
0e4400000040000000
0e4800000040000171
0e4c000000400002e2
0e50000000400000f6
0e5400000040000267
0e580000004000007b
0e5c000000400001ec
0e6000000040000000
0e6400000040000171
0e68000000400002e2
0e6c000000400000f6
0e7000000040000267
0e740000004000007b
0e78000000400001ec
0e7c00000040000000
0e8000000040000171
0e84000000400002e2
0e88000000400000f6
0e8c00000040000267
0e900000004000007b
0e94000000400001ec
0e9800000040000000
0e9c00000040000171
0ea0000000400002e2
0ea4000000400000f6
0ea800000040000267
0eac0000004000007b
0eb0000000400001ec
0eb400000040000000
0eb800000040000171
0ebc000000400002e2
0ec0000000400000f6
0ec400000040000267
0ec80000004000007b
0ecc000000400001ec
0ed000000040000000
0ed400000040000171
0ed8000000400002e2
0edc000000400000f6
0ee000000040000267
0ee40000004000007b
0ee8000000400001ec
0eec00000040000000
0ef000000040000171
0ef4000000400002e2
0ef8000000400000f6
0efc00000040000267
0f000000004000007b
0f04000000400001ec
0f0800000040000000
0f0c00000040000171
0f10000000400002e2
0f14000000400000f6
0f1800000040000267
0f1c0000004000007b
0f20000000400001ec
0f2400000040000000
0f2800000040000171
0f2c000000400002e2
0f30000000400000f6
0f3400000040000267
0f380000004000007b
0f3c000000400001ec
0f4000000040000000
0f4400000040000171
0f48000000400002e2
0f4c000000400000f6
0f5000000040000267
0f540000004000007b
0f58000000400001ec
0f5c00000040000000
0f6000000040000171
0f64000000400002e2
0f68000000400000f6
0f6c00000040000267
0f700000004000007b
0f74000000400001ec
0f7800000040000000
0f7c00000040000171
0f80000000400002e2
0f84000000400000f6
0f8800000040000267
0f8c0000004000007b
0f90000000400001ec
0f9400000040000000
0f9800000040000171
0f9c000000400002e2
0fa0000000400000f6
0fa400000040000267
0fa80000004000007b
0fac000000400001ec
0fb000000040000000
0fb400000040000171
0fb8000000400002e2
0fbc000000400000f6
0fc000000040000267
0fc40000004000007b
0fc8000000400001ec
0fcc00000040000000
0fd000000040000171
0fd4000000400002e2
0fd8000000400000f6
0fdc00000040000267
0fe00000004000007b
0fe4000000400001ec
0fe800000040000000
0fec00000040000171
0ff0000000400002e2
0ff4000000400000f6
0ff800000040000267
0ffc0000004000007b
1000000000400001ec
100400000040000000
100800000040000171
100c000000400002e2
1010000000400000f6
101400000040000267
10180000004000007b
101c000000400001ec
102000000040000000
102400000040000171
1028000000400002e2
102c000000400000f6
103000000040000267
10340000004000007b
1038000000400001ec
103c00000040000000
104000000040000171
1044000000400002e2
1048000000400000f6
104c00000040000267
10500000004000007b
1054000000400001ec
105800000040000000
105c00000040000171
1060000000400002e2
1064000000400000f6
106800000040000267
106c0000004000007b
1070000000400001ec
107400000040000000
107800000040000171
107c000000400002e2
1080000000400000f6
108400000040000267
10880000004000007b
108c000000400001ec
109000000040000000
109400000040000171
1098000000400002e2
109c000000400000f6
10a000000040000267
10a40000004000007b
10a8000000400001ec
10ac00000040000000
10b000000040000171
10b4000000400002e2
10b8000000400000f6
10bc00000040000267
10c00000004000007b
10c4000000400001ec
10c800000040000000
10cc00000040000171
10d0000000400002e2
10d4000000400000f6
10d800000040000267
10dc0000004000007b
10e0000000400001ec
10e400000040000000
10e800000040000171
10ec000000400002e2
10f0000000400000f6
10f400000040000267
10f80000004000007b
10fc000000400001ec
110000000040000000
110400000040000171
1108000000400002e2
110c000000400000f6
111000000040000267
11140000004000007b
1118000000400001ec
111c00000040000000
112000000040000171
1124000000400002e2
1128000000400000f6
112c00000040000267
11300000004000007b
1134000000400001ec
113800000040000000
113c00000040000171
1140000000400002e2
1144000000400000f6
114800000040000267
114c0000004000007b
1150000000400001ec
115400000040000000
115800000040000171
115c000000400002e2
1160000000400000f6
116400000040000267
11680000004000007b
116c000000400001ec
117000000040000000
117400000040000171
1178000000400002e2
117c000000400000f6
118000000040000267
11840000004000007b
1188000000400001ec
118c00000040000000
119000000040000171
1194000000400002e2
1198000000400000f6
119c00000040000267
11a00000004000007b
11a4000000400001ec
11a800000040000000
11ac00000040000171
11b0000000400002e2
11b4000000400000f6
11b800000040000267
11bc0000004000007b
11c0000000400001ec
11c400000040000000
11c800000040000171
11cc000000400002e2
11d0000000400000f6
11d400000040000267
11d80000004000007b
11dc000000400001ec
11e000000040000000
11e400000040000171
11e8000000400002e2
11ec000000400000f6
11f000000040000267
11f40000004000007b
11f8000000400001ec
11fc00000040000000
120000000040000171
1204000000400002e2
1208000000400000f6
120c00000040000267
12100000004000007b
1214000000400001ec
121800000040000000
121c00000040000171
1220000000400002e2
1224000000400000f6
122800000040000267
122c0000004000007b
1230000000400001ec
123400000040000000
123800000040000171
123c000000400002e2
1240000000400000f6
124400000040000267
12480000004000007b
124c000000400001ec
125000000040000000
125400000040000171
1258000000400002e2
125c000000400000f6
126000000040000267
12640000004000007b
1268000000400001ec
126c00000040000000
127000000040000171
1274000000400002e2
1278000000400000f6
127c00000040000267
12800000004000007b
1284000000400001ec
128800000040000000
128c00000040000171
1290000000400002e2
1294000000400000f6
129800000040000267
129c0000004000007b
12a0000000400001ec
12a400000040000000
12a800000040000171
12ac000000400002e2
12b0000000400000f6
12b400000040000267
12b80000004000007b
12bc000000400001ec
12c000000040000000
12c400000040000171
12c8000000400002e2
12cc000000400000f6
12d000000040000267
12d40000004000007b
12d8000000400001ec
12dc00000040000000
12e000000040000171
12e4000000400002e2
12e8000000400000f6
12ec00000040000267
12f00000004000007b
12f4000000400001ec
12f800000040000000
12fc00000040000171
1300000000400002e2
1304000000400000f6
130800000040000267
130c0000004000007b
1310000000400001ec
131400000040000000
131800000040000171
131c000000400002e2
1320000000400000f6
132400000040000267
13280000004000007b
132c000000400001ec
133000000040000000
133400000040000171
1338000000400002e2
133c000000400000f6
134000000040000267
13440000004000007b
1348000000400001ec
134c00000040000000
135000000040000171
1354000000400002e2
1358000000400000f6
135c00000040000267
13600000004000007b
1364000000400001ec
136800000040000000
136c00000040000171
1370000000400002e2
1374000000400000f6
137800000040000267
137c0000004000007b
1380000000400001ec
138400000040000000
138800000040000171
138c000000400002e2
1390000000400000f6
139400000040000267
13980000004000007b
139c000000400001ec
13a000000040000000
13a400000040000171
13a8000000400002e2
13ac000000400000f6
13b000000040000267
13b40000004000007b
13b8000000400001ec
13bc00000040000000
13c000000040000171
13c4000000400002e2
13c8000000400000f6
13cc00000040000267
13d00000004000007b
13d4000000400001ec
13d800000040000000
13dc00000040000171
13e0000000400002e2
13e4000000400000f6
13e800000040000267
13ec0000004000007b
13f0000000400001ec
13f400000040000000
13f800000040000171
13fc000000400002e2
1400000000400000f6
140400000040000267
14080000004000007b
140c000000400001ec
141000000040000000
141400000040000171
1418000000400002e2
141c000000400000f6
142000000040000267
14240000004000007b
1428000000400001ec
142c00000040000000
143000000040000171
1434000000400002e2
1438000000400000f6
143c00000040000267
14400000004000007b
1444000000400001ec
144800000040000000
144c00000040000171
1450000000400002e2
1454000000400000f6
145800000040000267
145c0000004000007b
1460000000400001ec
146400000040000000
146800000040000171
146c000000400002e2
1470000000400000f6
147400000040000267
14780000004000007b
147c000000400001ec
148000000040000000
148400000040000171
1488000000400002e2
148c000000400000f6
149000000040000267
14940000004000007b
1498000000400001ec
149c00000040000000
14a000000040000171
14a4000000400002e2
14a8000000400000f6
14ac00000040000267
14b00000004000007b
14b4000000400001ec
14b800000040000000
14bc00000040000171
14c0000000400002e2
14c4000000400000f6
14c800000040000267
14cc0000004000007b
14d0000000400001ec
14d400000040000000
14d800000040000171
14dc000000400002e2
14e0000000400000f6
14e400000040000267
14e80000004000007b
14ec000000400001ec
14f000000040000000
14f400000040000171
14f8000000400002e2
14fc000000400000f6
150000000040000267
15040000004000007b
1508000000400001ec
150c00000040000000
151000000040000171
1514000000400002e2
1518000000400000f6
151c00000040000267
15200000004000007b
1524000000400001ec
152800000040000000
152c00000040000171
1530000000400002e2
1534000000400000f6
153800000040000267
153c0000004000007b
1540000000400001ec
154400000040000000
154800000040000171
154c000000400002e2
1550000000400000f6
155400000040000267
15580000004000007b
155c000000400001ec
156000000040000000
156400000040000171
1568000000400002e2
156c000000400000f6
157000000040000267
15740000004000007b
1578000000400001ec
157c00000040000000
158000000040000171
1584000000400002e2
1588000000400000f6
158c00000040000267
15900000004000007b
1594000000400001ec
159800000040000000
159c00000040000171
15a0000000400002e2
15a4000000400000f6
15a800000040000267
15ac0000004000007b
15b0000000400001ec
15b400000040000000
15b800000040000171
15bc000000400002e2
15c0000000400000f6
15c400000040000267
15c80000004000007b
15cc000000400001ec
15d000000040000000
15d400000040000171
15d8000000400002e2
15dc000000400000f6
15e000000040000267
15e40000004000007b
15e8000000400001ec
15ec00000040000000
15f000000040000171
15f4000000400002e2
15f8000000400000f6
15fc00000040000267
16000000004000007b
1604000000400001ec
160800000040000000
160c00000040000171
1610000000400002e2
1614000000400000f6
161800000040000267
161c0000004000007b
1620000000400001ec
162400000040000000
162800000040000171
162c000000400002e2
1630000000400000f6
163400000040000267
16380000004000007b
163c000000400001ec
164000000040000000
164400000040000171
1648000000400002e2
164c000000400000f6
165000000040000267
16540000004000007b
1658000000400001ec
165c00000040000000
166000000040000171
1664000000400002e2
1668000000400000f6
166c00000040000267
16700000004000007b
1674000000400001ec
167800000040000000
167c00000040000171
1680000000400002e2
1684000000400000f6
168800000040000267
168c0000004000007b
1690000000400001ec
169400000040000000
169800000040000171
169c000000400002e2
16a0000000400000f6
16a400000040000267
16a80000004000007b
16ac000000400001ec
16b000000040000000
16b400000040000171
16b8000000400002e2
16bc000000400000f6
16c000000040000267
16c40000004000007b
16c8000000400001ec
16cc00000040000000
16d000000040000171
16d4000000400002e2
16d8000000400000f6
16dc00000040000267
16e00000004000007b
16e4000000400001ec
16e800000040000000
16ec00000040000171
16f0000000400002e2
16f4000000400000f6
16f800000040000267
16fc0000004000007b
1700000000400001ec
170400000040000000
170800000040000171
170c000000400002e2
1710000000400000f6
171400000040000267
17180000004000007b
171c000000400001ec
172000000040000000
172400000040000171
1728000000400002e2
172c000000400000f6
173000000040000267
17340000004000007b
1738000000400001ec
173c00000040000000
174000000040000171
1744000000400002e2
1748000000400000f6
174c00000040000267
17500000004000007b
1754000000400001ec
175800000040000000
175c00000040000171
1760000000400002e2
1764000000400000f6
176800000040000267
176c0000004000007b
1770000000400001ec
177400000040000000
177800000040000171
177c000000400002e2
1780000000400000f6
178400000040000267
17880000004000007b
178c000000400001ec
179000000040000000
179400000040000171
1798000000400002e2
179c000000400000f6
17a000000040000267
17a40000004000007b
17a8000000400001ec
17ac00000040000000
17b000000040000171
17b4000000400002e2
17b8000000400000f6
17bc00000040000267
17c00000004000007b
17c4000000400001ec
17c800000040000000
17cc00000040000171
17d0000000400002e2
17d4000000400000f6
17d800000040000267
17dc0000004000007b
17e0000000400001ec
17e400000040000000
17e800000040000171
17ec000000400002e2
17f0000000400000f6
17f400000040000267
17f80000004000007b
17fc000000400001ec
180000000040000000
180400000040000171
1808000000400002e2
180c000000400000f6
181000000040000267
18140000004000007b
1818000000400001ec
181c00000040000000
182000000040000171
1824000000400002e2
1828000000400000f6
182c00000040000267
18300000004000007b
1834000000400001ec
183800000040000000
183c00000040000171
1840000000400002e2
1844000000400000f6
184800000040000267
184c0000004000007b
1850000000400001ec
185400000040000000
185800000040000171
185c000000400002e2
1860000000400000f6
186400000040000267
18680000004000007b
186c000000400001ec
187000000040000000
187400000040000171
1878000000400002e2
187c000000400000f6
188000000040000267
18840000004000007b
1888000000400001ec
188c00000040000000
189000000040000171
1894000000400002e2
1898000000400000f6
189c00000040000267
18a00000004000007b
18a4000000400001ec
18a800000040000000
18ac00000040000171
18b0000000400002e2
18b4000000400000f6
18b800000040000267
18bc0000004000007b
18c0000000400001ec
18c400000040000000
18c800000040000171
18cc000000400002e2
18d0000000400000f6
18d400000040000267
18d80000004000007b
18dc000000400001ec
18e000000040000000
18e400000040000171
18e8000000400002e2
18ec000000400000f6
18f000000040000267
18f40000004000007b
18f8000000400001ec
18fc00000040000000
190000000040000171
1904000000400002e2
1908000000400000f6
190c00000040000267
19100000004000007b
1914000000400001ec
191800000040000000
191c00000040000171
1920000000400002e2
1924000000400000f6
192800000040000267
192c0000004000007b
1930000000400001ec
193400000040000000
193800000040000171
193c000000400002e2
1940000000400000f6
194400000040000267
19480000004000007b
194c000000400001ec
195000000040000000
195400000040000171
1958000000400002e2
195c000000400000f6
196000000040000267
19640000004000007b
1968000000400001ec
196c00000040000000
197000000040000171
1974000000400002e2
1978000000400000f6
197c00000040000267
19800000004000007b
1984000000400001ec
198800000040000000
198c00000040000171
1990000000400002e2
1994000000400000f6
199800000040000267
199c0000004000007b
19a0000000400001ec
19a400000040000000
19a800000040000171
19ac000000400002e2
19b0000000400000f6
19b400000040000267
19b80000004000007b
19bc000000400001ec
19c000000040000000
19c400000040000171
19c8000000400002e2
19cc000000400000f6
19d000000040000267
19d40000004000007b
19d8000000400001ec
19dc00000040000000
19e000000040000171
19e4000000400002e2
19e8000000400000f6
19ec00000040000267
19f00000004000007b
19f4000000400001ec
19f800000040000000
19fc00000040000171
1a00000000400002e2
1a04000000400000f6
1a0800000040000267
1a0c0000004000007b
1a10000000400001ec
1a1400000040000000
1a1800000040000171
1a1c000000400002e2
1a20000000400000f6
1a2400000040000267
1a280000004000007b
1a2c000000400001ec
1a3000000040000000
1a3400000040000171
1a38000000400002e2
1a3c000000400000f6
1a4000000040000267
1a440000004000007b
1a48000000400001ec
1a4c00000040000000
1a5000000040000171
1a54000000400002e2
1a58000000400000f6
1a5c00000040000267
1a600000004000007b
1a64000000400001ec
1a6800000040000000
1a6c00000040000171
1a70000000400002e2
1a74000000400000f6
1a7800000040000267
1a7c0000004000007b
1a80000000400001ec
1a8400000040000000
1a8800000040000171
1a8c000000400002e2
1a90000000400000f6
1a9400000040000267
1a980000004000007b
1a9c000000400001ec
1aa000000040000000
1aa400000040000171
1aa8000000400002e2
1aac000000400000f6
1ab000000040000267
1ab40000004000007b
1ab8000000400001ec
1abc00000040000000
1ac000000040000171
1ac4000000400002e2
1ac8000000400000f6
1acc00000040000267
1ad00000004000007b
1ad4000000400001ec
1ad800000040000000
1adc00000040000171
1ae0000000400002e2
1ae4000000400000f6
1ae800000040000267
1aec0000004000007b
1af0000000400001ec
1af400000040000000
1af800000040000171
1afc000000400002e2
1b00000000400000f6
1b0400000040000267
1b080000004000007b
1b0c000000400001ec
1b1000000040000000
1b1400000040000171
1b18000000400002e2
1b1c000000400000f6
1b2000000040000267
1b240000004000007b
1b28000000400001ec
1b2c00000040000000
1b3000000040000171
1b34000000400002e2
1b38000000400000f6
1b3c00000040000267
1b400000004000007b
1b44000000400001ec
1b4800000040000000
1b4c00000040000171
1b50000000400002e2
1b54000000400000f6
1b5800000040000267
1b5c0000004000007b
1b60000000400001ec
1b6400000040000000
1b6800000040000171
1b6c000000400002e2
1b70000000400000f6
1b7400000040000267
1b780000004000007b
1b7c000000400001ec
1b8000000040000000
1b8400000040000171
1b88000000400002e2
1b8c000000400000f6
1b9000000040000267
1b940000004000007b
1b98000000400001ec
1b9c00000040000000
1ba000000040000171
1ba4000000400002e2
1ba8000000400000f6
1bac00000040000267
1bb00000004000007b
1bb4000000400001ec
1bb800000040000000
1bbc00000040000171
1bc0000000400002e2
1bc4000000400000f6
1bc800000040000267
1bcc0000004000007b
1bd0000000400001ec
1bd400000040000000
1bd800000040000171
1bdc000000400002e2
1be0000000400000f6
1be400000040000267
1be80000004000007b
1bec000000400001ec
1bf000000040000000
1bf400000040000171
1bf8000000400002e2
1bfc000000400000f6
1c0000000040000267
1c040000004000007b
1c08000000400001ec
1c0c00000040000000
1c1000000040000171
1c14000000400002e2
1c18000000400000f6
1c1c00000040000267
1c200000004000007b
1c24000000400001ec
1c2800000040000000
1c2c00000040000171
1c30000000400002e2
1c34000000400000f6
1c3800000040000267
1c3c0000004000007b
1c40000000400001ec
1c4400000040000000
1c4800000040000171
1c4c000000400002e2
1c50000000400000f6
1c5400000040000267
1c580000004000007b
1c5c000000400001ec
1c6000000040000000
1c6400000040000171
1c68000000400002e2
1c6c000000400000f6
1c7000000040000267
1c740000004000007b
1c78000000400001ec
1c7c00000040000000
1c8000000040000171
1c84000000400002e2
1c88000000400000f6
1c8c00000040000267
1c900000004000007b
1c94000000400001ec
1c9800000040000000
1c9c00000040000171
1ca0000000400002e2
1ca4000000400000f6
1ca800000040000267
1cac0000004000007b
1cb0000000400001ec
1cb400000040000000
1cb800000040000171
1cbc000000400002e2
1cc0000000400000f6
1cc400000040000267
1cc80000004000007b
1ccc000000400001ec
1cd000000040000000
1cd400000040000171
1cd8000000400002e2
1cdc000000400000f6
1ce000000040000267
1ce40000004000007b
1ce8000000400001ec
1cec00000040000000
1cf000000040000171
1cf4000000400002e2
1cf8000000400000f6
1cfc00000040000267
1d000000004000007b
1d04000000400001ec
1d0800000040000000
1d0c00000040000171
1d10000000400002e2
1d14000000400000f6
1d1800000040000267
1d1c0000004000007b
1d20000000400001ec
1d2400000040000000
1d2800000040000171
1d2c000000400002e2
1d30000000400000f6
1d3400000040000267
1d380000004000007b
1d3c000000400001ec
1d4000000040000000
1d4400000040000171
1d48000000400002e2
1d4c000000400000f6
1d5000000040000267
1d540000004000007b
1d58000000400001ec
1d5c00000040000000
1d6000000040000171
1d64000000400002e2
1d68000000400000f6
1d6c00000040000267
1d700000004000007b
1d74000000400001ec
1d7800000040000000
1d7c00000040000171
1d80000000400002e2
1d84000000400000f6
1d8800000040000267
1d8c0000004000007b
1d90000000400001ec
1d9400000040000000
1d9800000040000171
1d9c000000400002e2
1da0000000400000f6
1da400000040000267
1da80000004000007b
1dac000000400001ec
1db000000040000000
1db400000040000171
1db8000000400002e2
1dbc000000400000f6
1dc000000040000267
1dc40000004000007b
1dc8000000400001ec
1dcc00000040000000
1dd000000040000171
1dd4000000400002e2
1dd8000000400000f6
1ddc00000040000267
1de00000004000007b
1de4000000400001ec
1de800000040000000
1dec00000040000171
1df0000000400002e2
1df4000000400000f6
1df800000040000267
1dfc0000004000007b
1e00000000400001ec
1e0400000040000000
1e0800000040000171
1e0c000000400002e2
1e10000000400000f6
1e1400000040000267
1e180000004000007b
1e1c000000400001ec
1e2000000040000000
1e2400000040000171
1e28000000400002e2
1e2c000000400000f6
1e3000000040000267
1e340000004000007b
1e38000000400001ec
1e3c00000040000000
1e4000000040000171
1e44000000400002e2
1e48000000400000f6
1e4c00000040000267
1e500000004000007b
1e54000000400001ec
1e5800000040000000
1e5c00000040000171
1e60000000400002e2
1e64000000400000f6
1e6800000040000267
1e6c0000004000007b
1e70000000400001ec
1e7400000040000000
1e7800000040000171
1e7c000000400002e2
1e80000000400000f6
1e8400000040000267
1e880000004000007b
1e8c000000400001ec
1e9000000040000000
1e9400000040000171
1e98000000400002e2
1e9c000000400000f6
1ea000000040000267
1ea40000004000007b
1ea8000000400001ec
1eac00000040000000
1eb000000040000171
1eb4000000400002e2
1eb8000000400000f6
1ebc00000040000267
1ec00000004000007b
1ec4000000400001ec
1ec800000040000000
1ecc00000040000171
1ed0000000400002e2
1ed4000000400000f6
1ed800000040000267
1edc0000004000007b
1ee0000000400001ec
1ee400000040000000
1ee800000040000171
1eec000000400002e2
1ef0000000400000f6
1ef400000040000267
1ef80000004000007b
1efc000000400001ec
1f0000000040000000
1f0400000040000171
1f08000000400002e2
1f0c000000400000f6
1f1000000040000267
1f140000004000007b
1f18000000400001ec
1f1c00000040000000
1f2000000040000171
1f24000000400002e2
1f28000000400000f6
1f2c00000040000267
1f300000004000007b
1f34000000400001ec
1f3800000040000000
1f3c00000040000171
1f40000000400002e2
1f44000000400000f6
1f4800000040000267
1f4c0000004000007b
1f50000000400001ec
1f5400000040000000
1f5800000040000171
1f5c000000400002e2
1f60000000400000f6
1f6400000040000267
1f680000004000007b
1f6c000000400001ec
1f7000000040000000
1f7400000040000171
1f78000000400002e2
1f7c000000400000f6
1f8000000040000267
1f840000004000007b
1f88000000400001ec
1f8c00000040000000
1f9000000040000171
1f94000000400002e2
1f98000000400000f6
1f9c00000040000267
1fa00000004000007b
1fa4000000400001ec
1fa800000040000000
1fac00000800000003
1fb0000000400002e2
1fb4000000400000f6
1fb800000040000267
1fbc0000004000007b
1fc0000000400001ec
1fc400000040000000
1fc800000040000171
1fcc000000400002e2
1fd0000000400000f6
1fd400000040000267
1fd80000004000007b
1fdc000000400001ec
1fe000000040000000
1fe400000040000171
1fe8000000400002e2
1fec000000400000f6
1ff000000040000267
1ff40000004000007b
1ff8000000400001ec
1ffc00000040000000
200000000040000000
200400000040000171
2008000000400002e2
200c000000400000f6
201000000040000267
20140000004000007b
2018000000400001ec
201c00000040000000
202000000040000171
2024000000400002e2
2028000000400000f6
202c00000040000267
20300000004000007b
2034000000400001ec
203800000040000000
203c00000040000171
2040000000400002e2
2044000000400000f6
204800000040000267
204c0000004000007b
205000000800000000
205400000800000001
205800000040000171
205c000000400002e2
2060000000400000f6
206400000040000267
20680000004000007b
206c000000400001ec
207000000040000000
207400000040000171
2078000000400002e2
207c000000400000f6
208000000040000267
20840000004000007b
2088000000400001ec
208c00000040000000
209000000040000171
2094000000400002e2
2098000000400000f6
209c00000040000267
20a00000004000007b
20a4000000400001ec
20a800000040000000
20ac00000040000171
20b0000000400002e2
20b4000000400000f6
20b800000040000267
20bc0000004000007b
20c0000000400001ec
20c400000040000000
20c800000040000171
20cc000000400002e2
20d0000000400000f6
20d400000040000267
20d80000004000007b
20dc000000400001ec
20e000000040000000
20e400000040000171
20e8000000400002e2
20ec000000400000f6
20f000000040000267
20f40000004000007b
20f8000000400001ec
20fc00000040000000
210000000040000171
2104000000400002e2
2108000000400000f6
210c00000040000267
21100000004000007b
2114000000400001ec
211800000040000000
211c00000040000171
2120000000400002e2
2124000000400000f6
212800000040000267
212c0000004000007b
2130000000400001ec
213400000040000000
213800000040000171
213c000000400002e2
2140000000400000f6
214400000040000267
21480000004000007b
214c000000400001ec
215000000040000000
215400000040000171
2158000000400002e2
215c000000400000f6
216000000040000267
21640000004000007b
2168000000400001ec
216c00000040000000
217000000040000171
2174000000400002e2
2178000000400000f6
217c00000040000267
21800000004000007b
2184000000400001ec
218800000040000000
218c00000040000171
2190000000400002e2
2194000000400000f6
219800000040000267
219c0000004000007b
21a0000000400001ec
21a400000040000000
21a800000040000171
21ac000000400002e2
21b0000000400000f6
21b400000040000267
21b80000004000007b
21bc000000400001ec
21c000000040000000
21c400000040000171
21c8000000400002e2
21cc000000400000f6
21d000000040000267
21d40000004000007b
21d8000000400001ec
21dc00000040000000
21e000000040000171
21e4000000400002e2
21e8000000400000f6
21ec00000040000267
21f00000004000007b
21f4000000400001ec
21f800000040000000
21fc00000040000171
2200000000400002e2
2204000000400000f6
220800000040000267
220c0000004000007b
2210000000400001ec
221400000040000000
221800000040000171
221c000000400002e2
2220000000400000f6
222400000040000267
22280000004000007b
222c000000400001ec
223000000040000000
223400000040000171
2238000000400002e2
223c000000400000f6
224000000040000267
22440000004000007b
2248000000400001ec
224c00000040000000
225000000040000171
2254000000400002e2
2258000000400000f6
225c00000040000267
22600000004000007b
2264000000400001ec
226800000040000000
226c00000040000171
2270000000400002e2
2274000000400000f6
227800000040000267
227c0000004000007b
2280000000400001ec
228400000040000000
228800000040000171
228c000000400002e2
2290000000400000f6
229400000040000267
22980000004000007b
229c000000400001ec
22a000000040000000
22a400000040000171
22a8000000400002e2
22ac000000400000f6
22b000000040000267
22b40000004000007b
22b8000000400001ec
22bc00000040000000
22c000000040000171
22c4000000400002e2
22c8000000400000f6
22cc00000040000267
22d00000004000007b
22d4000000400001ec
22d800000040000000
22dc00000040000171
22e0000000400002e2
22e4000000400000f6
22e800000040000267
22ec0000004000007b
22f0000000400001ec
22f400000040000000
22f800000040000171
22fc000000400002e2
2300000000400000f6
230400000040000267
23080000004000007b
230c000000400001ec
231000000040000000
231400000040000171
2318000000400002e2
231c000000400000f6
232000000040000267
23240000004000007b
2328000000400001ec
232c00000040000000
233000000040000171
2334000000400002e2
2338000000400000f6
233c00000040000267
23400000004000007b
2344000000400001ec
234800000040000000
234c00000040000171
2350000000400002e2
2354000000400000f6
235800000040000267
235c0000004000007b
2360000000400001ec
236400000040000000
236800000040000171
236c000000400002e2
2370000000400000f6
237400000040000267
23780000004000007b
237c000000400001ec
238000000040000000
238400000040000171
2388000000400002e2
238c000000400000f6
239000000040000267
23940000004000007b
2398000000400001ec
239c00000040000000
23a000000040000171
23a4000000400002e2
23a8000000400000f6
23ac00000040000267
23b00000004000007b
23b4000000400001ec
23b800000040000000
23bc00000040000171
23c0000000400002e2
23c4000000400000f6
23c800000040000267
23cc0000004000007b
23d0000000400001ec
23d400000040000000
23d800000040000171
23dc000000400002e2
23e0000000400000f6
23e400000040000267
23e80000004000007b
23ec000000400001ec
23f000000040000000
23f400000040000171
23f8000000400002e2
23fc000000400000f6
240000000040000267
24040000004000007b
2408000000400001ec
240c00000040000000
241000000040000171
2414000000400002e2
2418000000400000f6
241c00000040000267
24200000004000007b
2424000000400001ec
242800000040000000
242c00000040000171
2430000000400002e2
2434000000400000f6
243800000040000267
243c0000004000007b
2440000000400001ec
244400000040000000
244800000040000171
244c000000400002e2
2450000000400000f6
245400000040000267
24580000004000007b
245c000000400001ec
246000000040000000
246400000040000171
2468000000400002e2
246c000000400000f6
247000000040000267
24740000004000007b
2478000000400001ec
247c00000040000000
248000000040000171
2484000000400002e2
2488000000400000f6
248c00000040000267
24900000004000007b
2494000000400001ec
249800000040000000
249c00000040000171
24a0000000400002e2
24a4000000400000f6
24a800000040000267
24ac0000004000007b
24b0000000400001ec
24b400000040000000
24b800000040000171
24bc000000400002e2
24c0000000400000f6
24c400000040000267
24c80000004000007b
24cc000000400001ec
24d000000040000000
24d400000040000171
24d8000000400002e2
24dc000000400000f6
24e000000040000267
24e40000004000007b
24e8000000400001ec
24ec00000040000000
24f000000040000171
24f4000000400002e2
24f8000000400000f6
24fc00000040000267
25000000004000007b
2504000000400001ec
250800000040000000
250c00000040000171
2510000000400002e2
2514000000400000f6
251800000040000267
251c0000004000007b
2520000000400001ec
252400000040000000
252800000040000171
252c000000400002e2
2530000000400000f6
253400000040000267
25380000004000007b
253c000000400001ec
254000000040000000
254400000040000171
2548000000400002e2
254c000000400000f6
255000000040000267
25540000004000007b
2558000000400001ec
255c00000040000000
256000000040000171
2564000000400002e2
2568000000400000f6
256c00000040000267
25700000004000007b
2574000000400001ec
257800000040000000
257c00000040000171
2580000000400002e2
2584000000400000f6
258800000040000267
258c0000004000007b
2590000000400001ec
259400000040000000
259800000040000171
259c000000400002e2
25a0000000400000f6
25a400000040000267
25a80000004000007b
25ac000000400001ec
25b000000040000000
25b400000040000171
25b8000000400002e2
25bc000000400000f6
25c000000040000267
25c40000004000007b
25c8000000400001ec
25cc00000040000000
25d000000040000171
25d4000000400002e2
25d8000000400000f6
25dc00000040000267
25e00000004000007b
25e4000000400001ec
25e800000040000000
25ec00000040000171
25f0000000400002e2
25f4000000400000f6
25f800000040000267
25fc0000004000007b
2600000000400001ec
260400000040000000
260800000040000171
260c000000400002e2
2610000000400000f6
261400000040000267
26180000004000007b
261c000000400001ec
262000000040000000
262400000040000171
2628000000400002e2
262c000000400000f6
263000000040000267
26340000004000007b
2638000000400001ec
263c00000040000000
264000000040000171
2644000000400002e2
2648000000400000f6
264c00000040000267
26500000004000007b
2654000000400001ec
265800000040000000
265c00000040000171
2660000000400002e2
2664000000400000f6
266800000040000267
266c0000004000007b
2670000000400001ec
267400000040000000
267800000040000171
267c000000400002e2
2680000000400000f6
268400000040000267
26880000004000007b
268c000000400001ec
269000000040000000
269400000040000171
2698000000400002e2
269c000000400000f6
26a000000040000267
26a40000004000007b
26a8000000400001ec
26ac00000040000000
26b000000040000171
26b4000000400002e2
26b8000000400000f6
26bc00000040000267
26c00000004000007b
26c4000000400001ec
26c800000040000000
26cc00000040000171
26d0000000400002e2
26d4000000400000f6
26d800000040000267
26dc0000004000007b
26e0000000400001ec
26e400000040000000
26e800000040000171
26ec000000400002e2
26f0000000400000f6
26f400000040000267
26f80000004000007b
26fc000000400001ec
270000000040000000
270400000040000171
2708000000400002e2
270c000000400000f6
271000000040000267
27140000004000007b
2718000000400001ec
271c00000040000000
272000000040000171
2724000000400002e2
2728000000400000f6
272c00000040000267
27300000004000007b
2734000000400001ec
273800000040000000
273c00000040000171
2740000000400002e2
2744000000400000f6
274800000040000267
274c0000004000007b
2750000000400001ec
275400000040000000
275800000040000171
275c000000400002e2
2760000000400000f6
276400000040000267
27680000004000007b
276c000000400001ec
277000000040000000
277400000040000171
2778000000400002e2
277c000000400000f6
278000000040000267
27840000004000007b
2788000000400001ec
278c00000040000000
279000000040000171
2794000000400002e2
2798000000400000f6
279c00000040000267
27a00000004000007b
27a4000000400001ec
27a800000040000000
27ac00000040000171
27b0000000400002e2
27b4000000400000f6
27b800000040000267
27bc0000004000007b
27c0000000400001ec
27c400000040000000
27c800000040000171
27cc000000400002e2
27d0000000400000f6
27d400000040000267
27d80000004000007b
27dc000000400001ec
27e000000040000000
27e400000040000171
27e8000000400002e2
27ec000000400000f6
27f000000040000267
27f40000004000007b
27f8000000400001ec
27fc00000040000000
280000000040000171
2804000000400002e2
2808000000400000f6
280c00000040000267
28100000004000007b
2814000000400001ec
281800000040000000
281c00000040000171
2820000000400002e2
2824000000400000f6
282800000040000267
282c0000004000007b
2830000000400001ec
283400000040000000
283800000040000171
283c000000400002e2
2840000000400000f6
284400000040000267
28480000004000007b
284c000000400001ec
285000000040000000
285400000040000171
2858000000400002e2
285c000000400000f6
286000000040000267
28640000004000007b
2868000000400001ec
286c00000040000000
287000000040000171
2874000000400002e2
2878000000400000f6
287c00000040000267
28800000004000007b
2884000000400001ec
288800000040000000
288c00000040000171
2890000000400002e2
2894000000400000f6
289800000040000267
289c0000004000007b
28a0000000400001ec
28a400000040000000
28a800000040000171
28ac000000400002e2
28b0000000400000f6
28b400000040000267
28b80000004000007b
28bc000000400001ec
28c000000040000000
28c400000040000171
28c8000000400002e2
28cc000000400000f6
28d000000040000267
28d40000004000007b
28d8000000400001ec
28dc00000040000000
28e000000040000171
28e4000000400002e2
28e8000000400000f6
28ec00000040000267
28f00000004000007b
28f4000000400001ec
28f800000040000000
28fc00000040000171
2900000000400002e2
2904000000400000f6
290800000040000267
290c0000004000007b
2910000000400001ec
291400000040000000
291800000040000171
291c000000400002e2
2920000000400000f6
292400000040000267
29280000004000007b
292c000000400001ec
293000000040000000
293400000040000171
2938000000400002e2
293c000000400000f6
294000000040000267
29440000004000007b
2948000000400001ec
294c00000040000000
295000000040000171
2954000000400002e2
2958000000400000f6
295c00000040000267
29600000004000007b
2964000000400001ec
296800000040000000
296c00000040000171
2970000000400002e2
2974000000400000f6
297800000040000267
297c0000004000007b
2980000000400001ec
298400000040000000
298800000040000171
298c000000400002e2
2990000000400000f6
299400000040000267
29980000004000007b
299c000000400001ec
29a000000040000000
29a400000040000171
29a8000000400002e2
29ac000000400000f6
29b000000040000267
29b40000004000007b
29b8000000400001ec
29bc00000040000000
29c000000040000171
29c4000000400002e2
29c8000000400000f6
29cc00000040000267
29d00000004000007b
29d4000000400001ec
29d800000040000000
29dc00000040000171
29e0000000400002e2
29e4000000400000f6
29e800000040000267
29ec0000004000007b
29f0000000400001ec
29f400000040000000
29f800000040000171
29fc000000400002e2
2a00000000400000f6
2a0400000040000267
2a080000004000007b
2a0c000000400001ec
2a1000000040000000
2a1400000040000171
2a18000000400002e2
2a1c000000400000f6
2a2000000040000267
2a240000004000007b
2a28000000400001ec
2a2c00000040000000
2a3000000040000171
2a34000000400002e2
2a38000000400000f6
2a3c00000040000267
2a400000004000007b
2a44000000400001ec
2a4800000040000000
2a4c00000040000171
2a50000000400002e2
2a54000000400000f6
2a5800000040000267
2a5c0000004000007b
2a60000000400001ec
2a6400000040000000
2a6800000040000171
2a6c000000400002e2
2a70000000400000f6
2a7400000040000267
2a780000004000007b
2a7c000000400001ec
2a8000000040000000
2a8400000040000171
2a88000000400002e2
2a8c000000400000f6
2a9000000040000267
2a940000004000007b
2a98000000400001ec
2a9c00000040000000
2aa000000040000171
2aa4000000400002e2
2aa8000000400000f6
2aac00000040000267
2ab00000004000007b
2ab4000000400001ec
2ab800000040000000
2abc00000040000171
2ac0000000400002e2
2ac4000000400000f6
2ac800000040000267
2acc0000004000007b
2ad0000000400001ec
2ad400000040000000
2ad800000040000171
2adc000000400002e2
2ae0000000400000f6
2ae400000040000267
2ae80000004000007b
2aec000000400001ec
2af000000040000000
2af400000040000171
2af8000000400002e2
2afc000000400000f6
2b0000000040000267
2b040000004000007b
2b08000000400001ec
2b0c00000040000000
2b1000000040000171
2b14000000400002e2
2b18000000400000f6
2b1c00000040000267
2b200000004000007b
2b24000000400001ec
2b2800000040000000
2b2c00000040000171
2b30000000400002e2
2b34000000400000f6
2b3800000040000267
2b3c0000004000007b
2b40000000400001ec
2b4400000040000000
2b4800000040000171
2b4c000000400002e2
2b50000000400000f6
2b5400000040000267
2b580000004000007b
2b5c000000400001ec
2b6000000040000000
2b6400000040000171
2b68000000400002e2
2b6c000000400000f6
2b7000000040000267
2b740000004000007b
2b78000000400001ec
2b7c00000040000000
2b8000000040000171
2b84000000400002e2
2b88000000400000f6
2b8c00000040000267
2b900000004000007b
2b94000000400001ec
2b9800000040000000
2b9c00000040000171
2ba0000000400002e2
2ba4000000400000f6
2ba800000040000267
2bac0000004000007b
2bb0000000400001ec
2bb400000040000000
2bb800000040000171
2bbc000000400002e2
2bc0000000400000f6
2bc400000040000267
2bc80000004000007b
2bcc000000400001ec
2bd000000040000000
2bd400000040000171
2bd8000000400002e2
2bdc000000400000f6
2be000000040000267
2be40000004000007b
2be8000000400001ec
2bec00000040000000
2bf000000040000171
2bf4000000400002e2
2bf8000000400000f6
2bfc00000040000267
2c000000004000007b
2c04000000400001ec
2c0800000040000000
2c0c00000040000171
2c10000000400002e2
2c14000000400000f6
2c1800000040000267
2c1c0000004000007b
2c20000000400001ec
2c2400000040000000
2c2800000040000171
2c2c000000400002e2
2c30000000400000f6
2c3400000040000267
2c380000004000007b
2c3c000000400001ec
2c4000000040000000
2c4400000040000171
2c48000000400002e2
2c4c000000400000f6
2c5000000040000267
2c540000004000007b
2c58000000400001ec
2c5c00000040000000
2c6000000040000171
2c64000000400002e2
2c68000000400000f6
2c6c00000040000267
2c700000004000007b
2c74000000400001ec
2c7800000040000000
2c7c00000040000171
2c80000000400002e2
2c84000000400000f6
2c8800000040000267
2c8c0000004000007b
2c90000000400001ec
2c9400000040000000
2c9800000040000171
2c9c000000400002e2
2ca0000000400000f6
2ca400000040000267
2ca80000004000007b
2cac000000400001ec
2cb000000040000000
2cb400000040000171
2cb8000000400002e2
2cbc000000400000f6
2cc000000040000267
2cc40000004000007b
2cc8000000400001ec
2ccc00000040000000
2cd000000040000171
2cd4000000400002e2
2cd8000000400000f6
2cdc00000040000267
2ce00000004000007b
2ce4000000400001ec
2ce800000040000000
2cec00000040000171
2cf0000000400002e2
2cf4000000400000f6
2cf800000040000267
2cfc0000004000007b
2d00000000400001ec
2d0400000040000000
2d0800000040000171
2d0c000000400002e2
2d10000000400000f6
2d1400000040000267
2d180000004000007b
2d1c000000400001ec
2d2000000040000000
2d2400000040000171
2d28000000400002e2
2d2c000000400000f6
2d3000000040000267
2d340000004000007b
2d38000000400001ec
2d3c00000040000000
2d4000000040000171
2d44000000400002e2
2d48000000400000f6
2d4c00000040000267
2d500000004000007b
2d54000000400001ec
2d5800000040000000
2d5c00000040000171
2d60000000400002e2
2d64000000400000f6
2d6800000040000267
2d6c0000004000007b
2d70000000400001ec
2d7400000040000000
2d7800000040000171
2d7c000000400002e2
2d80000000400000f6
2d8400000040000267
2d880000004000007b
2d8c000000400001ec
2d9000000040000000
2d9400000040000171
2d98000000400002e2
2d9c000000400000f6
2da000000040000267
2da40000004000007b
2da8000000400001ec
2dac00000040000000
2db000000040000171
2db4000000400002e2
2db8000000400000f6
2dbc00000040000267
2dc00000004000007b
2dc4000000400001ec
2dc800000040000000
2dcc00000040000171
2dd0000000400002e2
2dd4000000400000f6
2dd800000040000267
2ddc0000004000007b
2de0000000400001ec
2de400000040000000
2de800000040000171
2dec000000400002e2
2df0000000400000f6
2df400000040000267
2df80000004000007b
2dfc000000400001ec
2e0000000040000000
2e0400000040000171
2e08000000400002e2
2e0c000000400000f6
2e1000000040000267
2e140000004000007b
2e18000000400001ec
2e1c00000040000000
2e2000000040000171
2e24000000400002e2
2e28000000400000f6
2e2c00000040000267
2e300000004000007b
2e34000000400001ec
2e3800000040000000
2e3c00000040000171
2e40000000400002e2
2e44000000400000f6
2e4800000040000267
2e4c0000004000007b
2e50000000400001ec
2e5400000040000000
2e5800000040000171
2e5c000000400002e2
2e60000000400000f6
2e6400000040000267
2e680000004000007b
2e6c000000400001ec
2e7000000040000000
2e7400000040000171
2e78000000400002e2
2e7c000000400000f6
2e8000000040000267
2e840000004000007b
2e88000000400001ec
2e8c00000040000000
2e9000000040000171
2e94000000400002e2
2e98000000400000f6
2e9c00000040000267
2ea00000004000007b
2ea4000000400001ec
2ea800000040000000
2eac00000040000171
2eb0000000400002e2
2eb4000000400000f6
2eb800000040000267
2ebc0000004000007b
2ec0000000400001ec
2ec400000040000000
2ec800000040000171
2ecc000000400002e2
2ed0000000400000f6
2ed400000040000267
2ed80000004000007b
2edc000000400001ec
2ee000000040000000
2ee400000040000171
2ee8000000400002e2
2eec000000400000f6
2ef000000040000267
2ef40000004000007b
2ef8000000400001ec
2efc00000040000000
2f0000000040000171
2f04000000400002e2
2f08000000400000f6
2f0c00000040000267
2f100000004000007b
2f14000000400001ec
2f1800000040000000
2f1c00000040000171
2f20000000400002e2
2f24000000400000f6
2f2800000040000267
2f2c0000004000007b
2f30000000400001ec
2f3400000040000000
2f3800000040000171
2f3c000000400002e2
2f40000000400000f6
2f4400000040000267
2f480000004000007b
2f4c000000400001ec
2f5000000040000000
2f5400000040000171
2f58000000400002e2
2f5c000000400000f6
2f6000000040000267
2f640000004000007b
2f68000000400001ec
2f6c00000040000000
2f7000000040000171
2f74000000400002e2
2f78000000400000f6
2f7c00000040000267
2f800000004000007b
2f84000000400001ec
2f8800000040000000
2f8c00000040000171
2f90000000400002e2
2f94000000400000f6
2f9800000040000267
2f9c0000004000007b
2fa000000800000002
2fa400000040000000
2fa800000040000171
2fac000000400002e2
2fb0000000400000f6
2fb400000040000267
2fb80000004000007b
2fbc000000400001ec
2fc000000040000000
2fc400000040000171
2fc8000000400002e2
2fcc000000400000f6
2fd000000040000267
2fd40000004000007b
2fd8000000400001ec
2fdc00000040000000
2fe000000040000171
2fe4000000400002e2
2fe8000000400000f6
2fec00000040000267
2ff00000004000007b
2ff4000000400001ec
2ff800000040000000
2ffc00000040000171
3000000000400002e2
3004000000400000f6
300800000040000267
300c0000004000007b
3010000000400001ec
301400000040000000
301800000040000171
301c000000400002e2
3020000000400000f6
302400000040000267
30280000004000007b
302c000000400001ec
303000000040000000
303400000040000171
3038000000400002e2
303c000000400000f6
304000000040000267
30440000004000007b
3048000000400001ec
304c00000040000000
305000000040000171
3054000000400002e2
3058000000400000f6
305c00000040000267
30600000004000007b
3064000000400001ec
306800000040000000
306c00000040000171
3070000000400002e2
3074000000400000f6
307800000040000267
307c0000004000007b
3080000000400001ec
308400000040000000
308800000040000171
308c000000400002e2
3090000000400000f6
309400000040000267
30980000004000007b
309c000000400001ec
30a000000040000000
30a400000040000171
30a8000000400002e2
30ac000000400000f6
30b000000040000267
30b40000004000007b
30b8000000400001ec
30bc00000040000000
30c000000040000171
30c4000000400002e2
30c8000000400000f6
30cc00000040000267
30d00000004000007b
30d4000000400001ec
30d800000040000000
30dc00000040000171
30e0000000400002e2
30e4000000400000f6
30e800000040000267
30ec0000004000007b
30f0000000400001ec
30f400000040000000
30f800000040000171
30fc000000400002e2
3100000000400000f6
310400000040000267
31080000004000007b
310c000000400001ec
311000000040000000
311400000040000171
3118000000400002e2
311c000000400000f6
312000000040000267
31240000004000007b
3128000000400001ec
312c00000040000000
313000000040000171
3134000000400002e2
3138000000400000f6
313c00000040000267
31400000004000007b
3144000000400001ec
314800000040000000
314c00000040000171
3150000000400002e2
3154000000400000f6
315800000040000267
315c0000004000007b
3160000000400001ec
316400000040000000
316800000040000171
316c000000400002e2
3170000000400000f6
317400000040000267
31780000004000007b
317c000000400001ec
318000000040000000
318400000040000171
3188000000400002e2
318c000000400000f6
319000000040000267
31940000004000007b
3198000000400001ec
319c00000040000000
31a000000040000171
31a4000000400002e2
31a8000000400000f6
31ac00000040000267
31b00000004000007b
31b4000000400001ec
31b800000040000000
31bc00000040000171
31c0000000400002e2
31c4000000400000f6
31c800000040000267
31cc0000004000007b
31d0000000400001ec
31d400000040000000
31d800000040000171
31dc000000400002e2
31e0000000400000f6
31e400000040000267
31e80000004000007b
31ec000000400001ec
31f000000040000000
31f400000040000171
31f8000000400002e2
31fc000000400000f6
320000000040000267
32040000004000007b
3208000000400001ec
320c00000040000000
321000000040000171
3214000000400002e2
3218000000400000f6
321c00000040000267
32200000004000007b
3224000000400001ec
322800000040000000
322c00000040000171
3230000000400002e2
3234000000400000f6
323800000040000267
323c0000004000007b
3240000000400001ec
324400000040000000
324800000040000171
324c000000400002e2
3250000000400000f6
325400000040000267
32580000004000007b
325c000000400001ec
326000000040000000
326400000040000171
3268000000400002e2
326c000000400000f6
327000000040000267
32740000004000007b
3278000000400001ec
327c00000040000000
328000000040000171
3284000000400002e2
3288000000400000f6
328c00000040000267
32900000004000007b
3294000000400001ec
329800000040000000
329c00000040000171
32a0000000400002e2
32a4000000400000f6
32a800000040000267
32ac0000004000007b
32b0000000400001ec
32b400000040000000
32b800000040000171
32bc000000400002e2
32c0000000400000f6
32c400000040000267
32c80000004000007b
32cc000000400001ec
32d000000040000000
32d400000040000171
32d8000000400002e2
32dc000000400000f6
32e000000040000267
32e40000004000007b
32e8000000400001ec
32ec00000040000000
32f000000040000171
32f4000000400002e2
32f8000000400000f6
32fc00000040000267
33000000004000007b
3304000000400001ec
330800000040000000
330c00000040000171
3310000000400002e2
3314000000400000f6
331800000040000267
331c0000004000007b
3320000000400001ec
332400000040000000
332800000040000171
332c000000400002e2
3330000000400000f6
333400000040000267
33380000004000007b
333c000000400001ec
334000000040000000
334400000040000171
3348000000400002e2
334c000000400000f6
335000000040000267
33540000004000007b
3358000000400001ec
335c00000040000000
336000000040000171
3364000000400002e2
3368000000400000f6
336c00000040000267
33700000004000007b
3374000000400001ec
337800000040000000
337c00000040000171
3380000000400002e2
3384000000400000f6
338800000040000267
338c0000004000007b
3390000000400001ec
339400000040000000
339800000040000171
339c000000400002e2
33a0000000400000f6
33a400000040000267
33a80000004000007b
33ac000000400001ec
33b000000040000000
33b400000040000171
33b8000000400002e2
33bc000000400000f6
33c000000040000267
33c40000004000007b
33c8000000400001ec
33cc00000040000000
33d000000040000171
33d4000000400002e2
33d8000000400000f6
33dc00000040000267
33e00000004000007b
33e4000000400001ec
33e800000040000000
33ec00000040000171
33f0000000400002e2
33f4000000400000f6
33f800000040000267
33fc0000004000007b
3400000000400001ec
340400000040000000
340800000040000171
340c000000400002e2
3410000000400000f6
341400000040000267
34180000004000007b
341c000000400001ec
342000000040000000
342400000040000171
3428000000400002e2
342c000000400000f6
343000000040000267
34340000004000007b
3438000000400001ec
343c00000040000000
344000000040000171
3444000000400002e2
3448000000400000f6
344c00000040000267
34500000004000007b
3454000000400001ec
345800000040000000
345c00000040000171
3460000000400002e2
3464000000400000f6
346800000040000267
346c0000004000007b
3470000000400001ec
347400000040000000
347800000040000171
347c000000400002e2
3480000000400000f6
348400000040000267
34880000004000007b
348c000000400001ec
349000000040000000
349400000040000171
3498000000400002e2
349c000000400000f6
34a000000040000267
34a40000004000007b
34a8000000400001ec
34ac00000040000000
34b000000040000171
34b4000000400002e2
34b8000000400000f6
34bc00000040000267
34c00000004000007b
34c4000000400001ec
34c800000040000000
34cc00000040000171
34d0000000400002e2
34d4000000400000f6
34d800000040000267
34dc0000004000007b
34e0000000400001ec
34e400000040000000
34e800000040000171
34ec000000400002e2
34f0000000400000f6
34f400000040000267
34f80000004000007b
34fc000000400001ec
350000000040000000
350400000040000171
3508000000400002e2
350c000000400000f6
351000000040000267
35140000004000007b
3518000000400001ec
351c00000040000000
352000000040000171
3524000000400002e2
3528000000400000f6
352c00000040000267
35300000004000007b
3534000000400001ec
353800000040000000
353c00000040000171
3540000000400002e2
3544000000400000f6
354800000040000267
354c0000004000007b
3550000000400001ec
355400000040000000
355800000040000171
355c000000400002e2
3560000000400000f6
356400000040000267
35680000004000007b
356c000000400001ec
357000000040000000
357400000040000171
3578000000400002e2
357c000000400000f6
358000000040000267
35840000004000007b
3588000000400001ec
358c00000040000000
359000000040000171
3594000000400002e2
3598000000400000f6
359c00000040000267
35a00000004000007b
35a4000000400001ec
35a800000040000000
35ac00000040000171
35b0000000400002e2
35b4000000400000f6
35b800000040000267
35bc0000004000007b
35c0000000400001ec
35c400000040000000
35c800000040000171
35cc000000400002e2
35d0000000400000f6
35d400000040000267
35d80000004000007b
35dc000000400001ec
35e000000040000000
35e400000040000171
35e8000000400002e2
35ec000000400000f6
35f000000040000267
35f40000004000007b
35f8000000400001ec
35fc00000040000000
360000000040000171
3604000000400002e2
3608000000400000f6
360c00000040000267
36100000004000007b
3614000000400001ec
361800000040000000
361c00000040000171
3620000000400002e2
3624000000400000f6
362800000040000267
362c0000004000007b
3630000000400001ec
363400000040000000
363800000040000171
363c000000400002e2
3640000000400000f6
364400000040000267
36480000004000007b
364c000000400001ec
365000000040000000
365400000040000171
3658000000400002e2
365c000000400000f6
366000000040000267
36640000004000007b
3668000000400001ec
366c00000040000000
367000000040000171
3674000000400002e2
3678000000400000f6
367c00000040000267
36800000004000007b
3684000000400001ec
368800000040000000
368c00000040000171
3690000000400002e2
3694000000400000f6
369800000040000267
369c0000004000007b
36a0000000400001ec
36a400000040000000
36a800000040000171
36ac000000400002e2
36b0000000400000f6
36b400000040000267
36b80000004000007b
36bc000000400001ec
36c000000040000000
36c400000040000171
36c8000000400002e2
36cc000000400000f6
36d000000040000267
36d40000004000007b
36d8000000400001ec
36dc00000040000000
36e000000040000171
36e4000000400002e2
36e8000000400000f6
36ec00000040000267
36f00000004000007b
36f4000000400001ec
36f800000040000000
36fc00000040000171
3700000000400002e2
3704000000400000f6
370800000040000267
370c0000004000007b
3710000000400001ec
371400000040000000
371800000040000171
371c000000400002e2
3720000000400000f6
372400000040000267
37280000004000007b
372c000000400001ec
373000000040000000
373400000040000171
3738000000400002e2
373c000000400000f6
374000000040000267
37440000004000007b
3748000000400001ec
374c00000040000000
375000000040000171
3754000000400002e2
3758000000400000f6
375c00000040000267
37600000004000007b
3764000000400001ec
376800000040000000
376c00000040000171
3770000000400002e2
3774000000400000f6
377800000040000267
377c0000004000007b
3780000000400001ec
378400000040000000
378800000040000171
378c000000400002e2
3790000000400000f6
379400000040000267
37980000004000007b
379c000000400001ec
37a000000040000000
37a400000040000171
37a8000000400002e2
37ac000000400000f6
37b000000040000267
37b40000004000007b
37b8000000400001ec
37bc00000040000000
37c000000040000171
37c4000000400002e2
37c8000000400000f6
37cc00000040000267
37d00000004000007b
37d4000000400001ec
37d800000040000000
37dc00000040000171
37e0000000400002e2
37e4000000400000f6
37e800000040000267
37ec0000004000007b
37f0000000400001ec
37f400000040000000
37f800000040000171
37fc000000400002e2
3800000000400000f6
380400000040000267
38080000004000007b
380c000000400001ec
381000000040000000
381400000040000171
3818000000400002e2
381c000000400000f6
382000000040000267
38240000004000007b
3828000000400001ec
382c00000040000000
383000000040000171
3834000000400002e2
3838000000400000f6
383c00000040000267
38400000004000007b
3844000000400001ec
384800000040000000
384c00000040000171
3850000000400002e2
3854000000400000f6
385800000040000267
385c0000004000007b
3860000000400001ec
386400000040000000
386800000040000171
386c000000400002e2
3870000000400000f6
387400000040000267
38780000004000007b
387c000000400001ec
388000000040000000
388400000040000171
3888000000400002e2
388c000000400000f6
389000000040000267
38940000004000007b
3898000000400001ec
389c00000040000000
38a000000040000171
38a4000000400002e2
38a8000000400000f6
38ac00000040000267
38b00000004000007b
38b4000000400001ec
38b800000040000000
38bc00000040000171
38c0000000400002e2
38c4000000400000f6
38c800000040000267
38cc0000004000007b
38d0000000400001ec
38d400000040000000
38d800000040000171
38dc000000400002e2
38e0000000400000f6
38e400000040000267
38e80000004000007b
38ec000000400001ec
38f000000040000000
38f400000040000171
38f8000000400002e2
38fc000000400000f6
390000000040000267
39040000004000007b
3908000000400001ec
390c00000040000000
391000000040000171
3914000000400002e2
3918000000400000f6
391c00000040000267
39200000004000007b
3924000000400001ec
392800000040000000
392c00000040000171
3930000000400002e2
3934000000400000f6
393800000040000267
393c0000004000007b
3940000000400001ec
394400000040000000
394800000040000171
394c000000400002e2
3950000000400000f6
395400000040000267
39580000004000007b
395c000000400001ec
396000000040000000
396400000040000171
3968000000400002e2
396c000000400000f6
397000000040000267
39740000004000007b
3978000000400001ec
397c00000040000000
398000000040000171
3984000000400002e2
3988000000400000f6
398c00000040000267
39900000004000007b
3994000000400001ec
399800000040000000
399c00000040000171
39a0000000400002e2
39a4000000400000f6
39a800000040000267
39ac0000004000007b
39b0000000400001ec
39b400000040000000
39b800000040000171
39bc000000400002e2
39c0000000400000f6
39c400000040000267
39c80000004000007b
39cc000000400001ec
39d000000040000000
39d400000040000171
39d8000000400002e2
39dc000000400000f6
39e000000040000267
39e40000004000007b
39e8000000400001ec
39ec00000040000000
39f000000040000171
39f4000000400002e2
39f8000000400000f6
39fc00000040000267
3a000000004000007b
3a04000000400001ec
3a0800000040000000
3a0c00000040000171
3a10000000400002e2
3a14000000400000f6
3a1800000040000267
3a1c0000004000007b
3a20000000400001ec
3a2400000040000000
3a2800000040000171
3a2c000000400002e2
3a30000000400000f6
3a3400000040000267
3a380000004000007b
3a3c000000400001ec
3a4000000040000000
3a4400000040000171
3a48000000400002e2
3a4c000000400000f6
3a5000000040000267
3a540000004000007b
3a58000000400001ec
3a5c00000040000000
3a6000000040000171
3a64000000400002e2
3a68000000400000f6
3a6c00000040000267
3a700000004000007b
3a74000000400001ec
3a7800000040000000
3a7c00000040000171
3a80000000400002e2
3a84000000400000f6
3a8800000040000267
3a8c0000004000007b
3a90000000400001ec
3a9400000040000000
3a9800000040000171
3a9c000000400002e2
3aa0000000400000f6
3aa400000040000267
3aa80000004000007b
3aac000000400001ec
3ab000000040000000
3ab400000040000171
3ab8000000400002e2
3abc000000400000f6
3ac000000040000267
3ac40000004000007b
3ac8000000400001ec
3acc00000040000000
3ad000000040000171
3ad4000000400002e2
3ad8000000400000f6
3adc00000040000267
3ae00000004000007b
3ae4000000400001ec
3ae800000040000000
3aec00000040000171
3af0000000400002e2
3af4000000400000f6
3af800000040000267
3afc0000004000007b
3b00000000400001ec
3b0400000040000000
3b0800000040000171
3b0c000000400002e2
3b10000000400000f6
3b1400000040000267
3b180000004000007b
3b1c000000400001ec
3b2000000040000000
3b2400000040000171
3b28000000400002e2
3b2c000000400000f6
3b3000000040000267
3b340000004000007b
3b38000000400001ec
3b3c00000040000000
3b4000000040000171
3b44000000400002e2
3b48000000400000f6
3b4c00000040000267
3b500000004000007b
3b54000000400001ec
3b5800000040000000
3b5c00000040000171
3b60000000400002e2
3b64000000400000f6
3b6800000040000267
3b6c0000004000007b
3b70000000400001ec
3b7400000040000000
3b7800000040000171
3b7c000000400002e2
3b80000000400000f6
3b8400000040000267
3b880000004000007b
3b8c000000400001ec
3b9000000040000000
3b9400000040000171
3b98000000400002e2
3b9c000000400000f6
3ba000000040000267
3ba40000004000007b
3ba8000000400001ec
3bac00000040000000
3bb000000040000171
3bb4000000400002e2
3bb8000000400000f6
3bbc00000040000267
3bc00000004000007b
3bc4000000400001ec
3bc800000040000000
3bcc00000040000171
3bd0000000400002e2
3bd4000000400000f6
3bd800000040000267
3bdc0000004000007b
3be0000000400001ec
3be400000040000000
3be800000040000171
3bec000000400002e2
3bf0000000400000f6
3bf400000040000267
3bf80000004000007b
3bfc000000400001ec
3c0000000040000000
3c0400000040000171
3c08000000400002e2
3c0c000000400000f6
3c1000000040000267
3c140000004000007b
3c18000000400001ec
3c1c00000040000000
3c2000000040000171
3c24000000400002e2
3c28000000400000f6
3c2c00000040000267
3c300000004000007b
3c34000000400001ec
3c3800000040000000
3c3c00000040000171
3c40000000400002e2
3c44000000400000f6
3c4800000040000267
3c4c0000004000007b
3c50000000400001ec
3c5400000040000000
3c5800000040000171
3c5c000000400002e2
3c60000000400000f6
3c6400000040000267
3c680000004000007b
3c6c000000400001ec
3c7000000040000000
3c7400000040000171
3c78000000400002e2
3c7c000000400000f6
3c8000000040000267
3c840000004000007b
3c88000000400001ec
3c8c00000040000000
3c9000000040000171
3c94000000400002e2
3c98000000400000f6
3c9c00000040000267
3ca00000004000007b
3ca4000000400001ec
3ca800000040000000
3cac00000040000171
3cb0000000400002e2
3cb4000000400000f6
3cb800000040000267
3cbc0000004000007b
3cc0000000400001ec
3cc400000040000000
3cc800000040000171
3ccc000000400002e2
3cd0000000400000f6
3cd400000040000267
3cd80000004000007b
3cdc000000400001ec
3ce000000040000000
3ce400000040000171
3ce8000000400002e2
3cec000000400000f6
3cf000000040000267
3cf40000004000007b
3cf8000000400001ec
3cfc00000040000000
3d0000000040000171
3d04000000400002e2
3d08000000400000f6
3d0c00000040000267
3d100000004000007b
3d14000000400001ec
3d1800000040000000
3d1c00000040000171
3d20000000400002e2
3d24000000400000f6
3d2800000040000267
3d2c0000004000007b
3d30000000400001ec
3d3400000040000000
3d3800000040000171
3d3c000000400002e2
3d40000000400000f6
3d4400000040000267
3d480000004000007b
3d4c000000400001ec
3d5000000040000000
3d5400000040000171
3d58000000400002e2
3d5c000000400000f6
3d6000000040000267
3d640000004000007b
3d68000000400001ec
3d6c00000040000000
3d7000000040000171
3d74000000400002e2
3d78000000400000f6
3d7c00000040000267
3d800000004000007b
3d84000000400001ec
3d8800000040000000
3d8c00000040000171
3d90000000400002e2
3d94000000400000f6
3d9800000040000267
3d9c0000004000007b
3da0000000400001ec
3da400000040000000
3da800000040000171
3dac000000400002e2
3db0000000400000f6
3db400000040000267
3db80000004000007b
3dbc000000400001ec
3dc000000040000000
3dc400000040000171
3dc8000000400002e2
3dcc000000400000f6
3dd000000040000267
3dd40000004000007b
3dd8000000400001ec
3ddc00000040000000
3de000000040000171
3de4000000400002e2
3de8000000400000f6
3dec00000040000267
3df00000004000007b
3df4000000400001ec
3df800000040000000
3dfc00000040000171
3e00000000400002e2
3e04000000400000f6
3e0800000040000267
3e0c0000004000007b
3e10000000400001ec
3e1400000040000000
3e1800000040000171
3e1c000000400002e2
3e20000000400000f6
3e2400000040000267
3e280000004000007b
3e2c000000400001ec
3e3000000040000000
3e3400000040000171
3e38000000400002e2
3e3c000000400000f6
3e4000000040000267
3e440000004000007b
3e48000000400001ec
3e4c00000040000000
3e5000000040000171
3e54000000400002e2
3e58000000400000f6
3e5c00000040000267
3e600000004000007b
3e64000000400001ec
3e6800000040000000
3e6c00000040000171
3e70000000400002e2
3e74000000400000f6
3e7800000040000267
3e7c0000004000007b
3e80000000400001ec
3e8400000040000000
3e8800000040000171
3e8c000000400002e2
3e90000000400000f6
3e9400000040000267
3e980000004000007b
3e9c000000400001ec
3ea000000040000000
3ea400000040000171
3ea8000000400002e2
3eac000000400000f6
3eb000000040000267
3eb40000004000007b
3eb8000000400001ec
3ebc00000040000000
3ec000000040000171
3ec4000000400002e2
3ec8000000400000f6
3ecc00000040000267
3ed00000004000007b
3ed4000000400001ec
3ed800000040000000
3edc00000040000171
3ee0000000400002e2
3ee4000000400000f6
3ee800000040000267
3eec0000004000007b
3ef0000000400001ec
3ef400000040000000
3ef800000040000171
3efc000000400002e2
3f00000000400000f6
3f0400000040000267
3f080000004000007b
3f0c000000400001ec
3f1000000040000000
3f1400000040000171
3f18000000400002e2
3f1c000000400000f6
3f2000000040000267
3f240000004000007b
3f28000000400001ec
3f2c00000040000000
3f3000000040000171
3f34000000400002e2
3f38000000400000f6
3f3c00000040000267
3f400000004000007b
3f44000000400001ec
3f4800000040000000
3f4c00000040000171
3f50000000400002e2
3f54000000400000f6
3f5800000040000267
3f5c0000004000007b
3f60000000400001ec
3f6400000040000000
3f6800000040000171
3f6c000000400002e2
3f70000000400000f6
3f7400000040000267
3f780000004000007b
3f7c000000400001ec
3f8000000040000000
3f8400000040000171
3f88000000400002e2
3f8c000000400000f6
3f9000000040000267
3f940000004000007b
3f98000000400001ec
3f9c00000040000000
3fa000000040000171
3fa4000000400002e2
3fa8000000400000f6
3fac00000040000267
3fb00000004000007b
3fb4000000400001ec
3fb800000040000000
3fbc00000040000171
3fc0000000400002e2
3fc4000000400000f6
3fc800000040000267
3fcc0000004000007b
3fd0000000400001ec
3fd400000040000000
3fd800000040000171
3fdc000000400002e2
3fe0000000400000f6
3fe400000040000267
3fe80000004000007b
3fec000000400001ec
3ff000000040000000
3ff400000040000171
3ff8000000400002e2
7ffc000000400000f6
000000000040000000
000400000040000000
000800000040000000
000c00000040000000
001000000040000000
001400000040000000
001800000040000000
001c00000040000000
002000000040000000
002400000040000000
002800000040000000
002c00000040000000
003000000040000000
003400000040000000
003800000040000000
003c00000040000000
004000000040000000
004400000040000000
004800000040000000
004c00000040000000
005000000040000000
005400000040000000
005800000040000000
005c00000040000000
006000000040000000
006400000040000000
006800000040000000
006c00000040000000
007000000040000000
007400000040000000
007800000040000000
007c00000040000000
008000000040000000
008400000040000000
008800000040000000
008c00000040000000
009000000040000000
009400000040000000
009800000040000000
009c00000040000000
00a000000040000000
00a400000040000000
00a800000040000000
00ac00000040000000
00b000000040000000
00b400000040000000
00b800000040000000
00bc00000040000000
00c000000040000000
00c400000040000000
00c800000040000000
00cc00000040000000
00d000000040000000
00d400000040000000
00d800000040000000
00dc00000040000000
00e000000040000000
00e400000040000000
00e800000040000000
00ec00000040000000
00f000000040000000
00f400000040000000
00f800000040000000
00fc00000040000000
010000000040000000
010400000040000000
010800000040000000
010c00000040000000
011000000040000000
011400000040000000
011800000040000000
011c00000040000000
012000000040000000
012400000040000000
012800000040000000
012c00000040000000
013000000040000000
013400000040000000
013800000040000000
013c00000040000000
014000000040000000
014400000040000000
014800000040000000
014c00000040000000
015000000040000000
015400000040000000
015800000040000000
015c00000040000000
016000000040000000
016400000040000000
016800000040000000
016c00000040000000
017000000040000000
017400000040000000
017800000040000000
017c00000040000000
018000000040000000
018400000040000000
018800000040000000
018c00000040000000
019000000040000000
019400000040000000
019800000040000000
019c00000040000000
01a000000040000000
01a400000040000000
01a800000040000000
01ac00000040000000
01b000000040000000
01b400000040000000
01b800000040000000
01bc00000040000000
01c000000040000000
01c400000040000000
01c800000040000000
01cc00000040000000
01d000000040000000
01d400000040000000
01d800000040000000
01dc00000040000000
01e000000040000000
01e400000040000000
01e800000040000000
01ec00000040000000
01f000000040000000
01f400000040000000
01f800000040000000
01fc00000040000000
020000000040000000
020400000040000000
020800000040000000
020c00000040000000
021000000040000000
021400000040000000
021800000040000000
021c00000040000000
022000000040000000
022400000040000000
022800000040000000
022c00000040000000
023000000040000000
023400000040000000
023800000040000000
023c00000040000000
024000000040000000
024400000040000000
024800000040000000
024c00000040000000
025000000040000000
025400000040000000
025800000040000000
025c00000040000000
026000000040000000
026400000040000000
026800000040000000
026c00000040000000
027000000040000000
027400000040000000
027800000040000000
027c00000040000000
028000000040000000
028400000040000000
028800000040000000
028c00000040000000
029000000040000000
029400000040000000
029800000040000000
029c00000040000000
02a000000040000000
02a400000040000000
02a800000040000000
02ac00000040000000
02b000000040000000
02b400000040000000
02b800000040000000
02bc00000040000000
02c000000040000000
02c400000040000000
02c800000040000000
02cc00000040000000
02d000000040000000
02d400000040000000
02d800000040000000
02dc00000040000000
02e000000040000000
02e400000040000000
02e800000040000000
02ec00000040000000
02f000000040000000
02f400000040000000
02f800000040000000
02fc00000040000000
030000000040000000
030400000040000000
030800000040000000
030c00000040000000
031000000040000000
031400000040000000
031800000040000000
031c00000040000000
032000000040000000
032400000040000000
032800000040000000
032c00000040000000
033000000040000000
033400000040000000
033800000040000000
033c00000040000000
034000000040000000
034400000040000000
034800000040000000
034c00000040000000
035000000040000000
035400000040000000
035800000040000000
035c00000040000000
036000000040000000
036400000040000000
036800000040000000
036c00000040000000
037000000040000000
037400000040000000
037800000040000000
037c00000040000000
038000000040000000
038400000040000000
038800000040000000
038c00000040000000
039000000040000000
039400000040000000
039800000040000000
039c00000040000000
03a000000040000000
03a400000040000000
03a800000040000000
03ac00000040000000
03b000000040000000
03b400000040000000
03b800000040000000
03bc00000040000000
03c000000040000000
03c400000040000000
03c800000040000000
03cc00000040000000
03d000000040000000
03d400000040000000
03d800000040000000
03dc00000040000000
03e000000040000000
03e400000040000000
03e800000040000000
03ec00000040000000
03f000000040000000
03f400000040000000
03f800000040000000
03fc00000040000000
040000000040000000
040400000040000000
040800000040000000
040c00000040000000
041000000040000000
041400000040000000
041800000040000000
041c00000040000000
042000000040000000
042400000040000000
042800000040000000
042c00000040000000
043000000040000000
043400000040000000
043800000040000000
043c00000040000000
044000000040000000
044400000040000000
044800000040000000
044c00000040000000
045000000040000000
045400000040000000
045800000040000000
045c00000040000000
046000000040000000
046400000040000000
046800000040000000
046c00000040000000
047000000040000000
047400000040000000
047800000040000000
047c00000040000000
048000000040000000
048400000040000000
048800000040000000
048c00000040000000
049000000040000000
049400000040000000
049800000040000000
049c00000040000000
04a000000040000000
04a400000040000000
04a800000040000000
04ac00000040000000
04b000000040000000
04b400000040000000
04b800000040000000
04bc00000040000000
04c000000040000000
04c400000040000000
04c800000040000000
04cc00000040000000
04d000000040000000
04d400000040000000
04d800000040000000
04dc00000040000000
04e000000040000000
04e400000040000000
04e800000040000000
04ec00000040000000
04f000000040000000
04f400000040000000
04f800000040000000
04fc00000040000000
050000000040000000
050400000040000000
050800000040000000
050c00000040000000
051000000040000000
051400000040000000
051800000040000000
051c00000040000000
052000000040000000
052400000040000000
052800000040000000
052c00000040000000
053000000040000000
053400000040000000
053800000040000000
053c00000040000000
054000000040000000
054400000040000000
054800000040000000
054c00000040000000
055000000040000000
055400000040000000
055800000040000000
055c00000040000000
056000000040000000
056400000040000000
056800000040000000
056c00000040000000
057000000040000000
057400000040000000
057800000040000000
057c00000040000000
058000000040000000
058400000040000000
058800000040000000
058c00000040000000
059000000040000000
059400000040000000
059800000040000000
059c00000040000000
05a000000040000000
05a400000040000000
05a800000040000000
05ac00000040000000
05b000000040000000
05b400000040000000
05b800000040000000
05bc00000040000000
05c000000040000000
05c400000040000000
05c800000040000000
05cc00000040000000
05d000000040000000
05d400000040000000
05d800000040000000
05dc00000040000000
05e000000040000000
05e400000040000000
05e800000040000000
05ec00000040000000
05f000000040000000
05f400000040000000
05f800000040000000
05fc00000040000000
060000000040000000
060400000040000000
060800000040000000
060c00000040000000
061000000040000000
061400000040000000
061800000040000000
061c00000040000000
062000000040000000
062400000040000000
062800000040000000
062c00000040000000
063000000040000000
063400000040000000
063800000040000000
063c00000040000000
064000000040000000
064400000040000000
064800000040000000
064c00000040000000
065000000040000000
065400000040000000
065800000040000000
065c00000040000000
066000000040000000
066400000040000000
066800000040000000
066c00000040000000
067000000040000000
067400000040000000
067800000040000000
067c00000040000000
068000000040000000
068400000040000000
068800000040000000
068c00000040000000
069000000040000000
069400000040000000
069800000040000000
069c00000040000000
06a000000040000000
06a400000040000000
06a800000040000000
06ac00000040000000
06b000000040000000
06b400000040000000
06b800000040000000
06bc00000040000000
06c000000040000000
06c400000040000000
06c800000040000000
06cc00000040000000
06d000000040000000
06d400000040000000
06d800000040000000
06dc00000040000000
06e000000040000000
06e400000040000000
06e800000040000000
06ec00000040000000
06f000000040000000
06f400000040000000
06f800000040000000
06fc00000040000000
070000000040000000
070400000040000000
070800000040000000
070c00000040000000
071000000040000000
071400000040000000
071800000040000000
071c00000040000000
072000000040000000
072400000040000000
072800000040000000
072c00000040000000
073000000040000000
073400000040000000
073800000040000000
073c00000040000000
074000000040000000
074400000040000000
074800000040000000
074c00000040000000
075000000040000000
075400000040000000
075800000040000000
075c00000040000000
076000000040000000
076400000040000000
076800000040000000
076c00000040000000
077000000040000000
077400000040000000
077800000040000000
077c00000040000000
078000000040000000
078400000040000000
078800000040000000
078c00000040000000
079000000040000000
079400000040000000
079800000040000000
079c00000040000000
07a000000040000000
07a400000040000000
07a800000040000000
07ac00000040000000
07b000000040000000
07b400000040000000
07b800000040000000
07bc00000040000000
07c000000040000000
07c400000040000000
07c800000040000000
07cc00000040000000
07d000000040000000
07d400000040000000
07d800000040000000
07dc00000040000000
07e000000040000000
07e400000040000000
07e800000040000000
07ec00000040000000
07f000000040000000
07f400000040000000
07f800000040000000
07fc00000040000000
080000000040000000
080400000040000000
080800000040000000
080c00000040000000
081000000040000000
081400000040000000
081800000040000000
081c00000040000000
082000000040000000
082400000040000000
082800000040000000
082c00000040000000
083000000040000000
083400000040000000
083800000040000000
083c00000040000000
084000000040000000
084400000040000000
084800000040000000
084c00000040000000
085000000040000000
085400000040000000
085800000040000000
085c00000040000000
086000000040000000
086400000040000000
086800000040000000
086c00000040000000
087000000040000000
087400000040000000
087800000040000000
087c00000040000000
088000000040000000
088400000040000000
088800000040000000
088c00000040000000
089000000040000000
089400000040000000
089800000040000000
089c00000040000000
08a000000040000000
08a400000040000000
08a800000040000000
08ac00000040000000
08b000000040000000
08b400000040000000
08b800000040000000
08bc00000040000000
08c000000040000000
08c400000040000000
08c800000040000000
08cc00000040000000
08d000000040000000
08d400000040000000
08d800000040000000
08dc00000040000000
08e000000040000000
08e400000040000000
08e800000040000000
08ec00000040000000
08f000000040000000
08f400000040000000
08f800000040000000
08fc00000040000000
090000000040000000
090400000040000000
090800000040000000
090c00000040000000
091000000040000000
091400000040000000
091800000040000000
091c00000040000000
092000000040000000
092400000040000000
092800000040000000
092c00000040000000
093000000040000000
093400000040000000
093800000040000000
093c00000040000000
094000000040000000
094400000040000000
094800000040000000
094c00000040000000
095000000040000000
095400000040000000
095800000040000000
095c00000040000000
096000000040000000
096400000040000000
096800000040000000
096c00000040000000
097000000040000000
097400000040000000
097800000040000000
097c00000040000000
098000000040000000
098400000040000000
098800000040000000
098c00000040000000
099000000040000000
099400000040000000
099800000040000000
099c00000040000000
09a000000040000000
09a400000040000000
09a800000040000000
09ac00000040000000
09b000000040000000
09b400000040000000
09b800000040000000
09bc00000040000000
09c000000040000000
09c400000040000000
09c800000040000000
09cc00000040000000
09d000000040000000
09d400000040000000
09d800000040000000
09dc00000040000000
09e000000040000000
09e400000040000000
09e800000040000000
09ec00000040000000
09f000000040000000
09f400000040000000
09f800000040000000
09fc00000040000000
0a0000000040000000
0a0400000040000000
0a0800000040000000
0a0c00000040000000
0a1000000040000000
0a1400000040000000
0a1800000040000000
0a1c00000040000000
0a2000000040000000
0a2400000040000000
0a2800000040000000
0a2c00000040000000
0a3000000040000000
0a3400000040000000
0a3800000040000000
0a3c00000040000000
0a4000000040000000
0a4400000040000000
0a4800000040000000
0a4c00000040000000
0a5000000040000000
0a5400000040000000
0a5800000040000000
0a5c00000040000000
0a6000000040000000
0a6400000040000000
0a6800000040000000
0a6c00000040000000
0a7000000040000000
0a7400000040000000
0a7800000040000000
0a7c00000040000000
0a8000000040000000
0a8400000040000000
0a8800000040000000
0a8c00000040000000
0a9000000040000000
0a9400000040000000
0a9800000040000000
0a9c00000040000000
0aa000000040000000
0aa400000040000000
0aa800000040000000
0aac00000040000000
0ab000000040000000
0ab400000040000000
0ab800000040000000
0abc00000040000000
0ac000000040000000
0ac400000040000000
0ac800000040000000
0acc00000040000000
0ad000000040000000
0ad400000040000000
0ad800000040000000
0adc00000040000000
0ae000000040000000
0ae400000040000000
0ae800000040000000
0aec00000040000000
0af000000040000000
0af400000040000000
0af800000040000000
0afc00000040000000
0b0000000040000000
0b0400000040000000
0b0800000040000000
0b0c00000040000000
0b1000000040000000
0b1400000040000000
0b1800000040000000
0b1c00000040000000
0b2000000040000000
0b2400000040000000
0b2800000040000000
0b2c00000040000000
0b3000000040000000
0b3400000040000000
0b3800000040000000
0b3c00000040000000
0b4000000040000000
0b4400000040000000
0b4800000040000000
0b4c00000040000000
0b5000000040000000
0b5400000040000000
0b5800000040000000
0b5c00000040000000
0b6000000040000000
0b6400000040000000
0b6800000040000000
0b6c00000040000000
0b7000000040000000
0b7400000040000000
0b7800000040000000
0b7c00000040000000
0b8000000040000000
0b8400000040000000
0b8800000040000000
0b8c00000040000000
0b9000000040000000
0b9400000040000000
0b9800000040000000
0b9c00000040000000
0ba000000040000000
0ba400000040000000
0ba800000040000000
0bac00000040000000
0bb000000040000000
0bb400000040000000
0bb800000040000000
0bbc00000040000000
0bc000000040000000
0bc400000040000000
0bc800000040000000
0bcc00000040000000
0bd000000040000000
0bd400000040000000
0bd800000040000000
0bdc00000040000000
0be000000040000000
0be400000040000000
0be800000040000000
0bec00000040000000
0bf000000040000000
0bf400000040000000
0bf800000040000000
0bfc00000040000000
0c0000000040000000
0c0400000040000000
0c0800000040000000
0c0c00000040000000
0c1000000040000000
0c1400000040000000
0c1800000040000000
0c1c00000040000000
0c2000000040000000
0c2400000040000000
0c2800000040000000
0c2c00000040000000
0c3000000040000000
0c3400000040000000
0c3800000040000000
0c3c00000040000000
0c4000000040000000
0c4400000040000000
0c4800000040000000
0c4c00000040000000
0c5000000040000000
0c5400000040000000
0c5800000040000000
0c5c00000040000000
0c6000000040000000
0c6400000040000000
0c6800000040000000
0c6c00000040000000
0c7000000040000000
0c7400000040000000
0c7800000040000000
0c7c00000040000000
0c8000000040000000
0c8400000040000000
0c8800000040000000
0c8c00000040000000
0c9000000040000000
0c9400000040000000
0c9800000040000000
0c9c00000040000000
0ca000000040000000
0ca400000040000000
0ca800000040000000
0cac00000040000000
0cb000000040000000
0cb400000040000000
0cb800000040000000
0cbc00000040000000
0cc000000040000000
0cc400000040000000
0cc800000040000000
0ccc00000040000000
0cd000000040000000
0cd400000040000000
0cd800000040000000
0cdc00000040000000
0ce000000040000000
0ce400000040000000
0ce800000040000000
0cec00000040000000
0cf000000040000000
0cf400000040000000
0cf800000040000000
0cfc00000040000000
0d0000000040000000
0d0400000040000000
0d0800000040000000
0d0c00000040000000
0d1000000040000000
0d1400000040000000
0d1800000040000000
0d1c00000040000000
0d2000000040000000
0d2400000040000000
0d2800000040000000
0d2c00000040000000
0d3000000040000000
0d3400000040000000
0d3800000040000000
0d3c00000040000000
0d4000000040000000
0d4400000040000000
0d4800000040000000
0d4c00000040000000
0d5000000040000000
0d5400000040000000
0d5800000040000000
0d5c00000040000000
0d6000000040000000
0d6400000040000000
0d6800000040000000
0d6c00000040000000
0d7000000040000000
0d7400000040000000
0d7800000040000000
0d7c00000040000000
0d8000000040000000
0d8400000040000000
0d8800000040000000
0d8c00000040000000
0d9000000040000000
0d9400000040000000
0d9800000040000000
0d9c00000040000000
0da000000040000000
0da400000040000000
0da800000040000000
0dac00000040000000
0db000000040000000
0db400000040000000
0db800000040000000
0dbc00000040000000
0dc000000040000000
0dc400000040000000
0dc800000040000000
0dcc00000040000000
0dd000000040000000
0dd400000040000000
0dd800000040000000
0ddc00000040000000
0de000000040000000
0de400000040000000
0de800000040000000
0dec00000040000000
0df000000040000000
0df400000040000000
0df800000040000000
0dfc00000040000000
0e0000000040000000
0e0400000040000000
0e0800000040000000
0e0c00000040000000
0e1000000040000000
0e1400000040000000
0e1800000040000000
0e1c00000040000000
0e2000000040000000
0e2400000040000000
0e2800000040000000
0e2c00000040000000
0e3000000040000000
0e3400000040000000
0e3800000040000000
0e3c00000040000000
0e4000000040000000
0e4400000040000000
0e4800000040000000
0e4c00000040000000
0e5000000040000000
0e5400000040000000
0e5800000040000000
0e5c00000040000000
0e6000000040000000
0e6400000040000000
0e6800000040000000
0e6c00000040000000
0e7000000040000000
0e7400000040000000
0e7800000040000000
0e7c00000040000000
0e8000000040000000
0e8400000040000000
0e8800000040000000
0e8c00000040000000
0e9000000040000000
0e9400000040000000
0e9800000040000000
0e9c00000040000000
0ea000000040000000
0ea400000040000000
0ea800000040000000
0eac00000040000000
0eb000000040000000
0eb400000040000000
0eb800000040000000
0ebc00000040000000
0ec000000040000000
0ec400000040000000
0ec800000040000000
0ecc00000040000000
0ed000000040000000
0ed400000040000000
0ed800000040000000
0edc00000040000000
0ee000000040000000
0ee400000040000000
0ee800000040000000
0eec00000040000000
0ef000000040000000
0ef400000040000000
0ef800000040000000
0efc00000040000000
0f0000000040000000
0f0400000040000000
0f0800000040000000
0f0c00000040000000
0f1000000040000000
0f1400000040000000
0f1800000040000000
0f1c00000040000000
0f2000000040000000
0f2400000040000000
0f2800000040000000
0f2c00000040000000
0f3000000040000000
0f3400000040000000
0f3800000040000000
0f3c00000040000000
0f4000000040000000
0f4400000040000000
0f4800000040000000
0f4c00000040000000
0f5000000040000000
0f5400000040000000
0f5800000040000000
0f5c00000040000000
0f6000000040000000
0f6400000040000000
0f6800000040000000
0f6c00000040000000
0f7000000040000000
0f7400000040000000
0f7800000040000000
0f7c00000040000000
0f8000000040000000
0f8400000040000000
0f8800000040000000
0f8c00000040000000
0f9000000040000000
0f9400000040000000
0f9800000040000000
0f9c00000040000000
0fa000000040000000
0fa400000040000000
0fa800000040000000
0fac00000040000000
0fb000000040000000
0fb400000040000000
0fb800000040000000
0fbc00000040000000
0fc000000040000000
0fc400000040000000
0fc800000040000000
0fcc00000040000000
0fd000000040000000
0fd400000040000000
0fd800000040000000
0fdc00000040000000
0fe000000040000000
0fe400000040000000
0fe800000040000000
0fec00000040000000
0ff000000040000000
0ff400000040000000
0ff800000040000000
0ffc00000040000000
100000000040000000
100400000040000000
100800000040000000
100c00000040000000
101000000040000000
101400000040000000
101800000040000000
101c00000040000000
102000000040000000
102400000040000000
102800000040000000
102c00000040000000
103000000040000000
103400000040000000
103800000040000000
103c00000040000000
104000000040000000
104400000040000000
104800000040000000
104c00000040000000
105000000040000000
105400000040000000
105800000040000000
105c00000040000000
106000000040000000
106400000040000000
106800000040000000
106c00000040000000
107000000040000000
107400000040000000
107800000040000000
107c00000040000000
108000000040000000
108400000040000000
108800000040000000
108c00000040000000
109000000040000000
109400000040000000
109800000040000000
109c00000040000000
10a000000040000000
10a400000040000000
10a800000040000000
10ac00000040000000
10b000000040000000
10b400000040000000
10b800000040000000
10bc00000040000000
10c000000040000000
10c400000040000000
10c800000040000000
10cc00000040000000
10d000000040000000
10d400000040000000
10d800000040000000
10dc00000040000000
10e000000040000000
10e400000040000000
10e800000040000000
10ec00000040000000
10f000000040000000
10f400000040000000
10f800000040000000
10fc00000040000000
110000000040000000
110400000040000000
110800000040000000
110c00000040000000
111000000040000000
111400000040000000
111800000040000000
111c00000040000000
112000000040000000
112400000040000000
112800000040000000
112c00000040000000
113000000040000000
113400000040000000
113800000040000000
113c00000040000000
114000000040000000
114400000040000000
114800000040000000
114c00000040000000
115000000040000000
115400000040000000
115800000040000000
115c00000040000000
116000000040000000
116400000040000000
116800000040000000
116c00000040000000
117000000040000000
117400000040000000
117800000040000000
117c00000040000000
118000000040000000
118400000040000000
118800000040000000
118c00000040000000
119000000040000000
119400000040000000
119800000040000000
119c00000040000000
11a000000040000000
11a400000040000000
11a800000040000000
11ac00000040000000
11b000000040000000
11b400000040000000
11b800000040000000
11bc00000040000000
11c000000040000000
11c400000040000000
11c800000040000000
11cc00000040000000
11d000000040000000
11d400000040000000
11d800000040000000
11dc00000040000000
11e000000040000000
11e400000040000000
11e800000040000000
11ec00000040000000
11f000000040000000
11f400000040000000
11f800000040000000
11fc00000040000000
120000000040000000
120400000040000000
120800000040000000
120c00000040000000
121000000040000000
121400000040000000
121800000040000000
121c00000040000000
122000000040000000
122400000040000000
122800000040000000
122c00000040000000
123000000040000000
123400000040000000
123800000040000000
123c00000040000000
124000000040000000
124400000040000000
124800000040000000
124c00000040000000
125000000040000000
125400000040000000
125800000040000000
125c00000040000000
126000000040000000
126400000040000000
126800000040000000
126c00000040000000
127000000040000000
127400000040000000
127800000040000000
127c00000040000000
128000000040000000
128400000040000000
128800000040000000
128c00000040000000
129000000040000000
129400000040000000
129800000040000000
129c00000040000000
12a000000040000000
12a400000040000000
12a800000040000000
12ac00000040000000
12b000000040000000
12b400000040000000
12b800000040000000
12bc00000040000000
12c000000040000000
12c400000040000000
12c800000040000000
12cc00000040000000
12d000000040000000
12d400000040000000
12d800000040000000
12dc00000040000000
12e000000040000000
12e400000040000000
12e800000040000000
12ec00000040000000
12f000000040000000
12f400000040000000
12f800000040000000
12fc00000040000000
130000000040000000
130400000040000000
130800000040000000
130c00000040000000
131000000040000000
131400000040000000
131800000040000000
131c00000040000000
132000000040000000
132400000040000000
132800000040000000
132c00000040000000
133000000040000000
133400000040000000
133800000040000000
133c00000040000000
134000000040000000
134400000040000000
134800000040000000
134c00000040000000
135000000040000000
135400000040000000
135800000040000000
135c00000040000000
136000000040000000
136400000040000000
136800000040000000
136c00000040000000
137000000040000000
137400000040000000
137800000040000000
137c00000040000000
138000000040000000
138400000040000000
138800000040000000
138c00000040000000
139000000040000000
139400000040000000
139800000040000000
139c00000040000000
13a000000040000000
13a400000040000000
13a800000040000000
13ac00000040000000
13b000000040000000
13b400000040000000
13b800000040000000
13bc00000040000000
13c000000040000000
13c400000040000000
13c800000040000000
13cc00000040000000
13d000000040000000
13d400000040000000
13d800000040000000
13dc00000040000000
13e000000040000000
13e400000040000000
13e800000040000000
13ec00000040000000
13f000000040000000
13f400000040000000
13f800000040000000
13fc00000040000000
140000000040000000
140400000040000000
140800000040000000
140c00000040000000
141000000040000000
141400000040000000
141800000040000000
141c00000040000000
142000000040000000
142400000040000000
142800000040000000
142c00000040000000
143000000040000000
143400000040000000
143800000040000000
143c00000040000000
144000000040000000
144400000040000000
144800000040000000
144c00000040000000
145000000040000000
145400000040000000
145800000040000000
145c00000040000000
146000000040000000
146400000040000000
146800000040000000
146c00000040000000
147000000040000000
147400000040000000
147800000040000000
147c00000040000000
148000000040000000
148400000040000000
148800000040000000
148c00000040000000
149000000040000000
149400000040000000
149800000040000000
149c00000040000000
14a000000040000000
14a400000040000000
14a800000040000000
14ac00000040000000
14b000000040000000
14b400000040000000
14b800000040000000
14bc00000040000000
14c000000040000000
14c400000040000000
14c800000040000000
14cc00000040000000
14d000000040000000
14d400000040000000
14d800000040000000
14dc00000040000000
14e000000040000000
14e400000040000000
14e800000040000000
14ec00000040000000
14f000000040000000
14f400000040000000
14f800000040000000
14fc00000040000000
150000000040000000
150400000040000000
150800000040000000
150c00000040000000
151000000040000000
151400000040000000
151800000040000000
151c00000040000000
152000000040000000
152400000040000000
152800000040000000
152c00000040000000
153000000040000000
153400000040000000
153800000040000000
153c00000040000000
154000000040000000
154400000040000000
154800000040000000
154c00000040000000
155000000040000000
155400000040000000
155800000040000000
155c00000040000000
156000000040000000
156400000040000000
156800000040000000
156c00000040000000
157000000040000000
157400000040000000
157800000040000000
157c00000040000000
158000000040000000
158400000040000000
158800000040000000
158c00000040000000
159000000040000000
159400000040000000
159800000040000000
159c00000040000000
15a000000040000000
15a400000040000000
15a800000040000000
15ac00000040000000
15b000000040000000
15b400000040000000
15b800000040000000
15bc00000040000000
15c000000040000000
15c400000040000000
15c800000040000000
15cc00000040000000
15d000000040000000
15d400000040000000
15d800000040000000
15dc00000040000000
15e000000040000000
15e400000040000000
15e800000040000000
15ec00000040000000
15f000000040000000
15f400000040000000
15f800000040000000
15fc00000040000000
160000000040000000
160400000040000000
160800000040000000
160c00000040000000
161000000040000000
161400000040000000
161800000040000000
161c00000040000000
162000000040000000
162400000040000000
162800000040000000
162c00000040000000
163000000040000000
163400000040000000
163800000040000000
163c00000040000000
164000000040000000
164400000040000000
164800000040000000
164c00000040000000
165000000040000000
165400000040000000
165800000040000000
165c00000040000000
166000000040000000
166400000040000000
166800000040000000
166c00000040000000
167000000040000000
167400000040000000
167800000040000000
167c00000040000000
168000000040000000
168400000040000000
168800000040000000
168c00000040000000
169000000040000000
169400000040000000
169800000040000000
169c00000040000000
16a000000040000000
16a400000040000000
16a800000040000000
16ac00000040000000
16b000000040000000
16b400000040000000
16b800000040000000
16bc00000040000000
16c000000040000000
16c400000040000000
16c800000040000000
16cc00000040000000
16d000000040000000
16d400000040000000
16d800000040000000
16dc00000040000000
16e000000040000000
16e400000040000000
16e800000040000000
16ec00000040000000
16f000000040000000
16f400000040000000
16f800000040000000
16fc00000040000000
170000000040000000
170400000040000000
170800000040000000
170c00000040000000
171000000040000000
171400000040000000
171800000040000000
171c00000040000000
172000000040000000
172400000040000000
172800000040000000
172c00000040000000
173000000040000000
173400000040000000
173800000040000000
173c00000040000000
174000000040000000
174400000040000000
174800000040000000
174c00000040000000
175000000040000000
175400000040000000
175800000040000000
175c00000040000000
176000000040000000
176400000040000000
176800000040000000
176c00000040000000
177000000040000000
177400000040000000
177800000040000000
177c00000040000000
178000000040000000
178400000040000000
178800000040000000
178c00000040000000
179000000040000000
179400000040000000
179800000040000000
179c00000040000000
17a000000040000000
17a400000040000000
17a800000040000000
17ac00000040000000
17b000000040000000
17b400000040000000
17b800000040000000
17bc00000040000000
17c000000040000000
17c400000040000000
17c800000040000000
17cc00000040000000
17d000000040000000
17d400000040000000
17d800000040000000
17dc00000040000000
17e000000040000000
17e400000040000000
17e800000040000000
17ec00000040000000
17f000000040000000
17f400000040000000
17f800000040000000
17fc00000040000000
180000000040000000
180400000040000000
180800000040000000
180c00000040000000
181000000040000000
181400000040000000
181800000040000000
181c00000040000000
182000000040000000
182400000040000000
182800000040000000
182c00000040000000
183000000040000000
183400000040000000
183800000040000000
183c00000040000000
184000000040000000
184400000040000000
184800000040000000
184c00000040000000
185000000040000000
185400000040000000
185800000040000000
185c00000040000000
186000000040000000
186400000040000000
186800000040000000
186c00000040000000
187000000040000000
187400000040000000
187800000040000000
187c00000040000000
188000000040000000
188400000040000000
188800000040000000
188c00000040000000
189000000040000000
189400000040000000
189800000040000000
189c00000040000000
18a000000040000000
18a400000040000000
18a800000040000000
18ac00000040000000
18b000000040000000
18b400000040000000
18b800000040000000
18bc00000040000000
18c000000040000000
18c400000040000000
18c800000040000000
18cc00000040000000
18d000000040000000
18d400000040000000
18d800000040000000
18dc00000040000000
18e000000040000000
18e400000040000000
18e800000040000000
18ec00000040000000
18f000000040000000
18f400000040000000
18f800000040000000
18fc00000040000000
190000000040000000
190400000040000000
190800000040000000
190c00000040000000
191000000040000000
191400000040000000
191800000040000000
191c00000040000000
192000000040000000
192400000040000000
192800000040000000
192c00000040000000
193000000040000000
193400000040000000
193800000040000000
193c00000040000000
194000000040000000
194400000040000000
194800000040000000
194c00000040000000
195000000040000000
195400000040000000
195800000040000000
195c00000040000000
196000000040000000
196400000040000000
196800000040000000
196c00000040000000
197000000040000000
197400000040000000
197800000040000000
197c00000040000000
198000000040000000
198400000040000000
198800000040000000
198c00000040000000
199000000040000000
199400000040000000
199800000040000000
199c00000040000000
19a000000040000000
19a400000040000000
19a800000040000000
19ac00000040000000
19b000000040000000
19b400000040000000
19b800000040000000
19bc00000040000000
19c000000040000000
19c400000040000000
19c800000040000000
19cc00000040000000
19d000000040000000
19d400000040000000
19d800000040000000
19dc00000040000000
19e000000040000000
19e400000040000000
19e800000040000000
19ec00000040000000
19f000000040000000
19f400000040000000
19f800000040000000
19fc00000040000000
1a0000000040000000
1a0400000040000000
1a0800000040000000
1a0c00000040000000
1a1000000040000000
1a1400000040000000
1a1800000040000000
1a1c00000040000000
1a2000000040000000
1a2400000040000000
1a2800000040000000
1a2c00000040000000
1a3000000040000000
1a3400000040000000
1a3800000040000000
1a3c00000040000000
1a4000000040000000
1a4400000040000000
1a4800000040000000
1a4c00000040000000
1a5000000040000000
1a5400000040000000
1a5800000040000000
1a5c00000040000000
1a6000000040000000
1a6400000040000000
1a6800000040000000
1a6c00000040000000
1a7000000040000000
1a7400000040000000
1a7800000040000000
1a7c00000040000000
1a8000000040000000
1a8400000040000000
1a8800000040000000
1a8c00000040000000
1a9000000040000000
1a9400000040000000
1a9800000040000000
1a9c00000040000000
1aa000000040000000
1aa400000040000000
1aa800000040000000
1aac00000040000000
1ab000000040000000
1ab400000040000000
1ab800000040000000
1abc00000040000000
1ac000000040000000
1ac400000040000000
1ac800000040000000
1acc00000040000000
1ad000000040000000
1ad400000040000000
1ad800000040000000
1adc00000040000000
1ae000000040000000
1ae400000040000000
1ae800000040000000
1aec00000040000000
1af000000040000000
1af400000040000000
1af800000040000000
1afc00000040000000
1b0000000040000000
1b0400000040000000
1b0800000040000000
1b0c00000040000000
1b1000000040000000
1b1400000040000000
1b1800000040000000
1b1c00000040000000
1b2000000040000000
1b2400000040000000
1b2800000040000000
1b2c00000040000000
1b3000000040000000
1b3400000040000000
1b3800000040000000
1b3c00000040000000
1b4000000040000000
1b4400000040000000
1b4800000040000000
1b4c00000040000000
1b5000000040000000
1b5400000040000000
1b5800000040000000
1b5c00000040000000
1b6000000040000000
1b6400000040000000
1b6800000040000000
1b6c00000040000000
1b7000000040000000
1b7400000040000000
1b7800000040000000
1b7c00000040000000
1b8000000040000000
1b8400000040000000
1b8800000040000000
1b8c00000040000000
1b9000000040000000
1b9400000040000000
1b9800000040000000
1b9c00000040000000
1ba000000040000000
1ba400000040000000
1ba800000040000000
1bac00000040000000
1bb000000040000000
1bb400000040000000
1bb800000040000000
1bbc00000040000000
1bc000000040000000
1bc400000040000000
1bc800000040000000
1bcc00000040000000
1bd000000040000000
1bd400000040000000
1bd800000040000000
1bdc00000040000000
1be000000040000000
1be400000040000000
1be800000040000000
1bec00000040000000
1bf000000040000000
1bf400000040000000
1bf800000040000000
1bfc00000040000000
1c0000000040000000
1c0400000040000000
1c0800000040000000
1c0c00000040000000
1c1000000040000000
1c1400000040000000
1c1800000040000000
1c1c00000040000000
1c2000000040000000
1c2400000040000000
1c2800000040000000
1c2c00000040000000
1c3000000040000000
1c3400000040000000
1c3800000040000000
1c3c00000040000000
1c4000000040000000
1c4400000040000000
1c4800000040000000
1c4c00000040000000
1c5000000040000000
1c5400000040000000
1c5800000040000000
1c5c00000040000000
1c6000000040000000
1c6400000040000000
1c6800000040000000
1c6c00000040000000
1c7000000040000000
1c7400000040000000
1c7800000040000000
1c7c00000040000000
1c8000000040000000
1c8400000040000000
1c8800000040000000
1c8c00000040000000
1c9000000040000000
1c9400000040000000
1c9800000040000000
1c9c00000040000000
1ca000000040000000
1ca400000040000000
1ca800000040000000
1cac00000040000000
1cb000000040000000
1cb400000040000000
1cb800000040000000
1cbc00000040000000
1cc000000040000000
1cc400000040000000
1cc800000040000000
1ccc00000040000000
1cd000000040000000
1cd400000040000000
1cd800000040000000
1cdc00000040000000
1ce000000040000000
1ce400000040000000
1ce800000040000000
1cec00000040000000
1cf000000040000000
1cf400000040000000
1cf800000040000000
1cfc00000040000000
1d0000000040000000
1d0400000040000000
1d0800000040000000
1d0c00000040000000
1d1000000040000000
1d1400000040000000
1d1800000040000000
1d1c00000040000000
1d2000000040000000
1d2400000040000000
1d2800000040000000
1d2c00000040000000
1d3000000040000000
1d3400000040000000
1d3800000040000000
1d3c00000040000000
1d4000000040000000
1d4400000040000000
1d4800000040000000
1d4c00000040000000
1d5000000040000000
1d5400000040000000
1d5800000040000000
1d5c00000040000000
1d6000000040000000
1d6400000040000000
1d6800000040000000
1d6c00000040000000
1d7000000040000000
1d7400000040000000
1d7800000040000000
1d7c00000040000000
1d8000000040000000
1d8400000040000000
1d8800000040000000
1d8c00000040000000
1d9000000040000000
1d9400000040000000
1d9800000040000000
1d9c00000040000000
1da000000040000000
1da400000040000000
1da800000040000000
1dac00000040000000
1db000000040000000
1db400000040000000
1db800000040000000
1dbc00000040000000
1dc000000040000000
1dc400000040000000
1dc800000040000000
1dcc00000040000000
1dd000000040000000
1dd400000040000000
1dd800000040000000
1ddc00000040000000
1de000000040000000
1de400000040000000
1de800000040000000
1dec00000040000000
1df000000040000000
1df400000040000000
1df800000040000000
1dfc00000040000000
1e0000000040000000
1e0400000040000000
1e0800000040000000
1e0c00000040000000
1e1000000040000000
1e1400000040000000
1e1800000040000000
1e1c00000040000000
1e2000000040000000
1e2400000040000000
1e2800000040000000
1e2c00000040000000
1e3000000040000000
1e3400000040000000
1e3800000040000000
1e3c00000040000000
1e4000000040000000
1e4400000040000000
1e4800000040000000
1e4c00000040000000
1e5000000040000000
1e5400000040000000
1e5800000040000000
1e5c00000040000000
1e6000000040000000
1e6400000040000000
1e6800000040000000
1e6c00000040000000
1e7000000040000000
1e7400000040000000
1e7800000040000000
1e7c00000040000000
1e8000000040000000
1e8400000040000000
1e8800000040000000
1e8c00000040000000
1e9000000040000000
1e9400000040000000
1e9800000040000000
1e9c00000040000000
1ea000000040000000
1ea400000040000000
1ea800000040000000
1eac00000040000000
1eb000000040000000
1eb400000040000000
1eb800000040000000
1ebc00000040000000
1ec000000040000000
1ec400000040000000
1ec800000040000000
1ecc00000040000000
1ed000000040000000
1ed400000040000000
1ed800000040000000
1edc00000040000000
1ee000000040000000
1ee400000040000000
1ee800000040000000
1eec00000040000000
1ef000000040000000
1ef400000040000000
1ef800000040000000
1efc00000040000000
1f0000000040000000
1f0400000040000000
1f0800000040000000
1f0c00000040000000
1f1000000040000000
1f1400000040000000
1f1800000040000000
1f1c00000040000000
1f2000000040000000
1f2400000040000000
1f2800000040000000
1f2c00000040000000
1f3000000040000000
1f3400000040000000
1f3800000040000000
1f3c00000040000000
1f4000000040000000
1f4400000040000000
1f4800000040000000
1f4c00000040000000
1f5000000040000000
1f5400000040000000
1f5800000040000000
1f5c00000040000000
1f6000000040000000
1f6400000040000000
1f6800000040000000
1f6c00000040000000
1f7000000040000000
1f7400000040000000
1f7800000040000000
1f7c00000040000000
1f8000000040000000
1f8400000040000000
1f8800000040000000
1f8c00000040000000
1f9000000040000000
1f9400000040000000
1f9800000040000000
1f9c00000040000000
1fa000000040000000
1fa400000040000000
1fa800000040000000
1fac00000040000000
1fb000000040000000
1fb400000040000000
1fb800000040000000
1fbc00000040000000
1fc000000040000000
1fc400000040000000
1fc800000040000000
1fcc00000040000000
1fd000000040000000
1fd400000040000000
1fd800000040000000
1fdc00000040000000
1fe000000040000000
1fe400000040000000
1fe800000040000000
1fec00000040000000
1ff000000040000000
1ff400000040000000
1ff800000040000000
1ffc00000040000000
200000000040000000
200400000040000000
200800000040000000
200c00000040000000
201000000040000000
201400000040000000
201800000040000000
201c00000040000000
202000000040000000
202400000040000000
202800000040000000
202c00000040000000
203000000040000000
203400000040000000
203800000040000000
203c00000040000000
204000000040000000
204400000040000000
204800000040000000
204c00000040000000
205000000040000000
205400000040000000
205800000040000000
205c00000040000000
206000000040000000
206400000040000000
206800000040000000
206c00000040000000
207000000040000000
207400000040000000
207800000040000000
207c00000040000000
208000000040000000
208400000040000000
208800000040000000
208c00000040000000
209000000040000000
209400000040000000
209800000040000000
209c00000040000000
20a000000040000000
20a400000040000000
20a800000040000000
20ac00000040000000
20b000000040000000
20b400000040000000
20b800000040000000
20bc00000040000000
20c000000040000000
20c400000040000000
20c800000040000000
20cc00000040000000
20d000000040000000
20d400000040000000
20d800000040000000
20dc00000040000000
20e000000040000000
20e400000040000000
20e800000040000000
20ec00000040000000
20f000000040000000
20f400000040000000
20f800000040000000
20fc00000040000000
210000000040000000
210400000040000000
210800000040000000
210c00000040000000
211000000040000000
211400000040000000
211800000040000000
211c00000040000000
212000000040000000
212400000040000000
212800000040000000
212c00000040000000
213000000040000000
213400000040000000
213800000040000000
213c00000040000000
214000000040000000
214400000040000000
214800000040000000
214c00000040000000
215000000040000000
215400000040000000
215800000040000000
215c00000040000000
216000000040000000
216400000040000000
216800000040000000
216c00000040000000
217000000040000000
217400000040000000
217800000040000000
217c00000040000000
218000000040000000
218400000040000000
218800000040000000
218c00000040000000
219000000040000000
219400000040000000
219800000040000000
219c00000040000000
21a000000040000000
21a400000040000000
21a800000040000000
21ac00000040000000
21b000000040000000
21b400000040000000
21b800000040000000
21bc00000040000000
21c000000040000000
21c400000040000000
21c800000040000000
21cc00000040000000
21d000000040000000
21d400000040000000
21d800000040000000
21dc00000040000000
21e000000040000000
21e400000040000000
21e800000040000000
21ec00000040000000
21f000000040000000
21f400000040000000
21f800000040000000
21fc00000040000000
220000000040000000
220400000040000000
220800000040000000
220c00000040000000
221000000040000000
221400000040000000
221800000040000000
221c00000040000000
222000000040000000
222400000040000000
222800000040000000
222c00000040000000
223000000040000000
223400000040000000
223800000040000000
223c00000040000000
224000000040000000
224400000040000000
224800000040000000
224c00000040000000
225000000040000000
225400000040000000
225800000040000000
225c00000040000000
226000000040000000
226400000040000000
226800000040000000
226c00000040000000
227000000040000000
227400000040000000
227800000040000000
227c00000040000000
228000000040000000
228400000040000000
228800000040000000
228c00000040000000
229000000040000000
229400000040000000
229800000040000000
229c00000040000000
22a000000040000000
22a400000040000000
22a800000040000000
22ac00000040000000
22b000000040000000
22b400000040000000
22b800000040000000
22bc00000040000000
22c000000040000000
22c400000040000000
22c800000040000000
22cc00000040000000
22d000000040000000
22d400000040000000
22d800000040000000
22dc00000040000000
22e000000040000000
22e400000040000000
22e800000040000000
22ec00000040000000
22f000000040000000
22f400000040000000
22f800000040000000
22fc00000040000000
230000000040000000
230400000040000000
230800000040000000
230c00000040000000
231000000040000000
231400000040000000
231800000040000000
231c00000040000000
232000000040000000
232400000040000000
232800000040000000
232c00000040000000
233000000040000000
233400000040000000
233800000040000000
233c00000040000000
234000000040000000
234400000040000000
234800000040000000
234c00000040000000
235000000040000000
235400000040000000
235800000040000000
235c00000040000000
236000000040000000
236400000040000000
236800000040000000
236c00000040000000
237000000040000000
237400000040000000
237800000040000000
237c00000040000000
238000000040000000
238400000040000000
238800000040000000
238c00000040000000
239000000040000000
239400000040000000
239800000040000000
239c00000040000000
23a000000040000000
23a400000040000000
23a800000040000000
23ac00000040000000
23b000000040000000
23b400000040000000
23b800000040000000
23bc00000040000000
23c000000040000000
23c400000040000000
23c800000040000000
23cc00000040000000
23d000000040000000
23d400000040000000
23d800000040000000
23dc00000040000000
23e000000040000000
23e400000040000000
23e800000040000000
23ec00000040000000
23f000000040000000
23f400000040000000
23f800000040000000
23fc00000040000000
240000000040000000
240400000040000000
240800000040000000
240c00000040000000
241000000040000000
241400000040000000
241800000040000000
241c00000040000000
242000000040000000
242400000040000000
242800000040000000
242c00000040000000
243000000040000000
243400000040000000
243800000040000000
243c00000040000000
244000000040000000
244400000040000000
244800000040000000
244c00000040000000
245000000040000000
245400000040000000
245800000040000000
245c00000040000000
246000000040000000
246400000040000000
246800000040000000
246c00000040000000
247000000040000000
247400000040000000
247800000040000000
247c00000040000000
248000000040000000
248400000040000000
248800000040000000
248c00000040000000
249000000040000000
249400000040000000
249800000040000000
249c00000040000000
24a000000040000000
24a400000040000000
24a800000040000000
24ac00000040000000
24b000000040000000
24b400000040000000
24b800000040000000
24bc00000040000000
24c000000040000000
24c400000040000000
24c800000040000000
24cc00000040000000
24d000000040000000
24d400000040000000
24d800000040000000
24dc00000040000000
24e000000040000000
24e400000040000000
24e800000040000000
24ec00000040000000
24f000000040000000
24f400000040000000
24f800000040000000
24fc00000040000000
250000000040000000
250400000040000000
250800000040000000
250c00000040000000
251000000040000000
251400000040000000
251800000040000000
251c00000040000000
252000000040000000
252400000040000000
252800000040000000
252c00000040000000
253000000040000000
253400000040000000
253800000040000000
253c00000040000000
254000000040000000
254400000040000000
254800000040000000
254c00000040000000
255000000040000000
255400000040000000
255800000040000000
255c00000040000000
256000000040000000
256400000040000000
256800000040000000
256c00000040000000
257000000040000000
257400000040000000
257800000040000000
257c00000040000000
258000000040000000
258400000040000000
258800000040000000
258c00000040000000
259000000040000000
259400000040000000
259800000040000000
259c00000040000000
25a000000040000000
25a400000040000000
25a800000040000000
25ac00000040000000
25b000000040000000
25b400000040000000
25b800000040000000
25bc00000040000000
25c000000040000000
25c400000040000000
25c800000040000000
25cc00000040000000
25d000000040000000
25d400000040000000
25d800000040000000
25dc00000040000000
25e000000040000000
25e400000040000000
25e800000040000000
25ec00000040000000
25f000000040000000
25f400000040000000
25f800000040000000
25fc00000040000000
260000000040000000
260400000040000000
260800000040000000
260c00000040000000
261000000040000000
261400000040000000
261800000040000000
261c00000040000000
262000000040000000
262400000040000000
262800000040000000
262c00000040000000
263000000040000000
263400000040000000
263800000040000000
263c00000040000000
264000000040000000
264400000040000000
264800000040000000
264c00000040000000
265000000040000000
265400000040000000
265800000040000000
265c00000040000000
266000000040000000
266400000040000000
266800000040000000
266c00000040000000
267000000040000000
267400000040000000
267800000040000000
267c00000040000000
268000000040000000
268400000040000000
268800000040000000
268c00000040000000
269000000040000000
269400000040000000
269800000040000000
269c00000040000000
26a000000040000000
26a400000040000000
26a800000040000000
26ac00000040000000
26b000000040000000
26b400000040000000
26b800000040000000
26bc00000040000000
26c000000040000000
26c400000040000000
26c800000040000000
26cc00000040000000
26d000000040000000
26d400000040000000
26d800000040000000
26dc00000040000000
26e000000040000000
26e400000040000000
26e800000040000000
26ec00000040000000
26f000000040000000
26f400000040000000
26f800000040000000
26fc00000040000000
270000000040000000
270400000040000000
270800000040000000
270c00000040000000
271000000040000000
271400000040000000
271800000040000000
271c00000040000000
272000000040000000
272400000040000000
272800000040000000
272c00000040000000
273000000040000000
273400000040000000
273800000040000000
273c00000040000000
274000000040000000
274400000040000000
274800000040000000
274c00000040000000
275000000040000000
275400000040000000
275800000040000000
275c00000040000000
276000000040000000
276400000040000000
276800000040000000
276c00000040000000
277000000040000000
277400000040000000
277800000040000000
277c00000040000000
278000000040000000
278400000040000000
278800000040000000
278c00000040000000
279000000040000000
279400000040000000
279800000040000000
279c00000040000000
27a000000040000000
27a400000040000000
27a800000040000000
27ac00000040000000
27b000000040000000
27b400000040000000
27b800000040000000
27bc00000040000000
27c000000040000000
27c400000040000000
27c800000040000000
27cc00000040000000
27d000000040000000
27d400000040000000
27d800000040000000
27dc00000040000000
27e000000040000000
27e400000040000000
27e800000040000000
27ec00000040000000
27f000000040000000
27f400000040000000
27f800000040000000
27fc00000040000000
280000000040000000
280400000040000000
280800000040000000
280c00000040000000
281000000040000000
281400000040000000
281800000040000000
281c00000040000000
282000000040000000
282400000040000000
282800000040000000
282c00000040000000
283000000040000000
283400000040000000
283800000040000000
283c00000040000000
284000000040000000
284400000040000000
284800000040000000
284c00000040000000
285000000040000000
285400000040000000
285800000040000000
285c00000040000000
286000000040000000
286400000040000000
286800000040000000
286c00000040000000
287000000040000000
287400000040000000
287800000040000000
287c00000040000000
288000000040000000
288400000040000000
288800000040000000
288c00000040000000
289000000040000000
289400000040000000
289800000040000000
289c00000040000000
28a000000040000000
28a400000040000000
28a800000040000000
28ac00000040000000
28b000000040000000
28b400000040000000
28b800000040000000
28bc00000040000000
28c000000040000000
28c400000040000000
28c800000040000000
28cc00000040000000
28d000000040000000
28d400000040000000
28d800000040000000
28dc00000040000000
28e000000040000000
28e400000040000000
28e800000040000000
28ec00000040000000
28f000000040000000
28f400000040000000
28f800000040000000
28fc00000040000000
290000000040000000
290400000040000000
290800000040000000
290c00000040000000
291000000040000000
291400000040000000
291800000040000000
291c00000040000000
292000000040000000
292400000040000000
292800000040000000
292c00000040000000
293000000040000000
293400000040000000
293800000040000000
293c00000040000000
294000000040000000
294400000040000000
294800000040000000
294c00000040000000
295000000040000000
295400000040000000
295800000040000000
295c00000040000000
296000000040000000
296400000040000000
296800000040000000
296c00000040000000
297000000040000000
297400000040000000
297800000040000000
297c00000040000000
298000000040000000
298400000040000000
298800000040000000
298c00000040000000
299000000040000000
299400000040000000
299800000040000000
299c00000040000000
29a000000040000000
29a400000040000000
29a800000040000000
29ac00000040000000
29b000000040000000
29b400000040000000
29b800000040000000
29bc00000040000000
29c000000040000000
29c400000040000000
29c800000040000000
29cc00000040000000
29d000000040000000
29d400000040000000
29d800000040000000
29dc00000040000000
29e000000040000000
29e400000040000000
29e800000040000000
29ec00000040000000
29f000000040000000
29f400000040000000
29f800000040000000
29fc00000040000000
2a0000000040000000
2a0400000040000000
2a0800000040000000
2a0c00000040000000
2a1000000040000000
2a1400000040000000
2a1800000040000000
2a1c00000040000000
2a2000000040000000
2a2400000040000000
2a2800000040000000
2a2c00000040000000
2a3000000040000000
2a3400000040000000
2a3800000040000000
2a3c00000040000000
2a4000000040000000
2a4400000040000000
2a4800000040000000
2a4c00000040000000
2a5000000040000000
2a5400000040000000
2a5800000040000000
2a5c00000040000000
2a6000000040000000
2a6400000040000000
2a6800000040000000
2a6c00000040000000
2a7000000040000000
2a7400000040000000
2a7800000040000000
2a7c00000040000000
2a8000000040000000
2a8400000040000000
2a8800000040000000
2a8c00000040000000
2a9000000040000000
2a9400000040000000
2a9800000040000000
2a9c00000040000000
2aa000000040000000
2aa400000040000000
2aa800000040000000
2aac00000040000000
2ab000000040000000
2ab400000040000000
2ab800000040000000
2abc00000040000000
2ac000000040000000
2ac400000040000000
2ac800000040000000
2acc00000040000000
2ad000000040000000
2ad400000040000000
2ad800000040000000
2adc00000040000000
2ae000000040000000
2ae400000040000000
2ae800000040000000
2aec00000040000000
2af000000040000000
2af400000040000000
2af800000040000000
2afc00000040000000
2b0000000040000000
2b0400000040000000
2b0800000040000000
2b0c00000040000000
2b1000000040000000
2b1400000040000000
2b1800000040000000
2b1c00000040000000
2b2000000040000000
2b2400000040000000
2b2800000040000000
2b2c00000040000000
2b3000000040000000
2b3400000040000000
2b3800000040000000
2b3c00000040000000
2b4000000040000000
2b4400000040000000
2b4800000040000000
2b4c00000040000000
2b5000000040000000
2b5400000040000000
2b5800000040000000
2b5c00000040000000
2b6000000040000000
2b6400000040000000
2b6800000040000000
2b6c00000040000000
2b7000000040000000
2b7400000040000000
2b7800000040000000
2b7c00000040000000
2b8000000040000000
2b8400000040000000
2b8800000040000000
2b8c00000040000000
2b9000000040000000
2b9400000040000000
2b9800000040000000
2b9c00000040000000
2ba000000040000000
2ba400000040000000
2ba800000040000000
2bac00000040000000
2bb000000040000000
2bb400000040000000
2bb800000040000000
2bbc00000040000000
2bc000000040000000
2bc400000040000000
2bc800000040000000
2bcc00000040000000
2bd000000040000000
2bd400000040000000
2bd800000040000000
2bdc00000040000000
2be000000040000000
2be400000040000000
2be800000040000000
2bec00000040000000
2bf000000040000000
2bf400000040000000
2bf800000040000000
2bfc00000040000000
2c0000000040000000
2c0400000040000000
2c0800000040000000
2c0c00000040000000
2c1000000040000000
2c1400000040000000
2c1800000040000000
2c1c00000040000000
2c2000000040000000
2c2400000040000000
2c2800000040000000
2c2c00000040000000
2c3000000040000000
2c3400000040000000
2c3800000040000000
2c3c00000040000000
2c4000000040000000
2c4400000040000000
2c4800000040000000
2c4c00000040000000
2c5000000040000000
2c5400000040000000
2c5800000040000000
2c5c00000040000000
2c6000000040000000
2c6400000040000000
2c6800000040000000
2c6c00000040000000
2c7000000040000000
2c7400000040000000
2c7800000040000000
2c7c00000040000000
2c8000000040000000
2c8400000040000000
2c8800000040000000
2c8c00000040000000
2c9000000040000000
2c9400000040000000
2c9800000040000000
2c9c00000040000000
2ca000000040000000
2ca400000040000000
2ca800000040000000
2cac00000040000000
2cb000000040000000
2cb400000040000000
2cb800000040000000
2cbc00000040000000
2cc000000040000000
2cc400000040000000
2cc800000040000000
2ccc00000040000000
2cd000000040000000
2cd400000040000000
2cd800000040000000
2cdc00000040000000
2ce000000040000000
2ce400000040000000
2ce800000040000000
2cec00000040000000
2cf000000040000000
2cf400000040000000
2cf800000040000000
2cfc00000040000000
2d0000000040000000
2d0400000040000000
2d0800000040000000
2d0c00000040000000
2d1000000040000000
2d1400000040000000
2d1800000040000000
2d1c00000040000000
2d2000000040000000
2d2400000040000000
2d2800000040000000
2d2c00000040000000
2d3000000040000000
2d3400000040000000
2d3800000040000000
2d3c00000040000000
2d4000000040000000
2d4400000040000000
2d4800000040000000
2d4c00000040000000
2d5000000040000000
2d5400000040000000
2d5800000040000000
2d5c00000040000000
2d6000000040000000
2d6400000040000000
2d6800000040000000
2d6c00000040000000
2d7000000040000000
2d7400000040000000
2d7800000040000000
2d7c00000040000000
2d8000000040000000
2d8400000040000000
2d8800000040000000
2d8c00000040000000
2d9000000040000000
2d9400000040000000
2d9800000040000000
2d9c00000040000000
2da000000040000000
2da400000040000000
2da800000040000000
2dac00000040000000
2db000000040000000
2db400000040000000
2db800000040000000
2dbc00000040000000
2dc000000040000000
2dc400000040000000
2dc800000040000000
2dcc00000040000000
2dd000000040000000
2dd400000040000000
2dd800000040000000
2ddc00000040000000
2de000000040000000
2de400000040000000
2de800000040000000
2dec00000040000000
2df000000040000000
2df400000040000000
2df800000040000000
2dfc00000040000000
2e0000000040000000
2e0400000040000000
2e0800000040000000
2e0c00000040000000
2e1000000040000000
2e1400000040000000
2e1800000040000000
2e1c00000040000000
2e2000000040000000
2e2400000040000000
2e2800000040000000
2e2c00000040000000
2e3000000040000000
2e3400000040000000
2e3800000040000000
2e3c00000040000000
2e4000000040000000
2e4400000040000000
2e4800000040000000
2e4c00000040000000
2e5000000040000000
2e5400000040000000
2e5800000040000000
2e5c00000040000000
2e6000000040000000
2e6400000040000000
2e6800000040000000
2e6c00000040000000
2e7000000040000000
2e7400000040000000
2e7800000040000000
2e7c00000040000000
2e8000000040000000
2e8400000040000000
2e8800000040000000
2e8c00000040000000
2e9000000040000000
2e9400000040000000
2e9800000040000000
2e9c00000040000000
2ea000000040000000
2ea400000040000000
2ea800000040000000
2eac00000040000000
2eb000000040000000
2eb400000040000000
2eb800000040000000
2ebc00000040000000
2ec000000040000000
2ec400000040000000
2ec800000040000000
2ecc00000040000000
2ed000000040000000
2ed400000040000000
2ed800000040000000
2edc00000040000000
2ee000000040000000
2ee400000040000000
2ee800000040000000
2eec00000040000000
2ef000000040000000
2ef400000040000000
2ef800000040000000
2efc00000040000000
2f0000000040000000
2f0400000040000000
2f0800000040000000
2f0c00000040000000
2f1000000040000000
2f1400000040000000
2f1800000040000000
2f1c00000040000000
2f2000000040000000
2f2400000040000000
2f2800000040000000
2f2c00000040000000
2f3000000040000000
2f3400000040000000
2f3800000040000000
2f3c00000040000000
2f4000000040000000
2f4400000040000000
2f4800000040000000
2f4c00000040000000
2f5000000040000000
2f5400000040000000
2f5800000040000000
2f5c00000040000000
2f6000000040000000
2f6400000040000000
2f6800000040000000
2f6c00000040000000
2f7000000040000000
2f7400000040000000
2f7800000040000000
2f7c00000040000000
2f8000000040000000
2f8400000040000000
2f8800000040000000
2f8c00000040000000
2f9000000040000000
2f9400000040000000
2f9800000040000000
2f9c00000040000000
2fa000000225211046
2fa400000040000000
2fa800000040000000
2fac00000040000000
2fb000000040000000
2fb400000040000000
2fb800000040000000
2fbc00000040000000
2fc000000040000000
2fc400000040000000
2fc800000040000000
2fcc00000040000000
2fd000000040000000
2fd400000040000000
2fd800000040000000
2fdc00000040000000
2fe000000040000000
2fe400000040000000
2fe800000040000000
2fec00000040000000
2ff000000040000000
2ff400000040000000
2ff800000040000000
2ffc00000040000000
300000000040000000
300400000040000000
300800000040000000
300c00000040000000
301000000040000000
301400000040000000
301800000040000000
301c00000040000000
302000000040000000
302400000040000000
302800000040000000
302c00000040000000
303000000040000000
303400000040000000
303800000040000000
303c00000040000000
304000000040000000
304400000040000000
304800000040000000
304c00000040000000
305000000040000000
305400000040000000
305800000040000000
305c00000040000000
306000000040000000
306400000040000000
306800000040000000
306c00000040000000
307000000040000000
307400000040000000
307800000040000000
307c00000040000000
308000000040000000
308400000040000000
308800000040000000
308c00000040000000
309000000040000000
309400000040000000
309800000040000000
309c00000040000000
30a000000040000000
30a400000040000000
30a800000040000000
30ac00000040000000
30b000000040000000
30b400000040000000
30b800000040000000
30bc00000040000000
30c000000040000000
30c400000040000000
30c800000040000000
30cc00000040000000
30d000000040000000
30d400000040000000
30d800000040000000
30dc00000040000000
30e000000040000000
30e400000040000000
30e800000040000000
30ec00000040000000
30f000000040000000
30f400000040000000
30f800000040000000
30fc00000040000000
310000000040000000
310400000040000000
310800000040000000
310c00000040000000
311000000040000000
311400000040000000
311800000040000000
311c00000040000000
312000000040000000
312400000040000000
312800000040000000
312c00000040000000
313000000040000000
313400000040000000
313800000040000000
313c00000040000000
314000000040000000
314400000040000000
314800000040000000
314c00000040000000
315000000040000000
315400000040000000
315800000040000000
315c00000040000000
316000000040000000
316400000040000000
316800000040000000
316c00000040000000
317000000040000000
317400000040000000
317800000040000000
317c00000040000000
318000000040000000
318400000040000000
318800000040000000
318c00000040000000
319000000040000000
319400000040000000
319800000040000000
319c00000040000000
31a000000040000000
31a400000040000000
31a800000040000000
31ac00000040000000
31b000000040000000
31b400000040000000
31b800000040000000
31bc00000040000000
31c000000040000000
31c400000040000000
31c800000040000000
31cc00000040000000
31d000000040000000
31d400000040000000
31d800000040000000
31dc00000040000000
31e000000040000000
31e400000040000000
31e800000040000000
31ec00000040000000
31f000000040000000
31f400000040000000
31f800000040000000
31fc00000040000000
320000000040000000
320400000040000000
320800000040000000
320c00000040000000
321000000040000000
321400000040000000
321800000040000000
321c00000040000000
322000000040000000
322400000040000000
322800000040000000
322c00000040000000
323000000040000000
323400000040000000
323800000040000000
323c00000040000000
324000000040000000
324400000040000000
324800000040000000
324c00000040000000
325000000040000000
325400000040000000
325800000040000000
325c00000040000000
326000000040000000
326400000040000000
326800000040000000
326c00000040000000
327000000040000000
327400000040000000
327800000040000000
327c00000040000000
328000000040000000
328400000040000000
328800000040000000
328c00000040000000
329000000040000000
329400000040000000
329800000040000000
329c00000040000000
32a000000040000000
32a400000040000000
32a800000040000000
32ac00000040000000
32b000000040000000
32b400000040000000
32b800000040000000
32bc00000040000000
32c000000040000000
32c400000040000000
32c800000040000000
32cc00000040000000
32d000000040000000
32d400000040000000
32d800000040000000
32dc00000040000000
32e000000040000000
32e400000040000000
32e800000040000000
32ec00000040000000
32f000000040000000
32f400000040000000
32f800000040000000
32fc00000040000000
330000000040000000
330400000040000000
330800000040000000
330c00000040000000
331000000040000000
331400000040000000
331800000040000000
331c00000040000000
332000000040000000
332400000040000000
332800000040000000
332c00000040000000
333000000040000000
333400000040000000
333800000040000000
333c00000040000000
334000000040000000
334400000040000000
334800000040000000
334c00000040000000
335000000040000000
335400000040000000
335800000040000000
335c00000040000000
336000000040000000
336400000040000000
336800000040000000
336c00000040000000
337000000040000000
337400000040000000
337800000040000000
337c00000040000000
338000000040000000
338400000040000000
338800000040000000
338c00000040000000
339000000040000000
339400000040000000
339800000040000000
339c00000040000000
33a000000040000000
33a400000040000000
33a800000040000000
33ac00000040000000
33b000000040000000
33b400000040000000
33b800000040000000
33bc00000040000000
33c000000040000000
33c400000040000000
33c800000040000000
33cc00000040000000
33d000000040000000
33d400000040000000
33d800000040000000
33dc00000040000000
33e000000040000000
33e400000040000000
33e800000040000000
33ec00000040000000
33f000000040000000
33f400000040000000
33f800000040000000
33fc00000040000000
340000000040000000
340400000040000000
340800000040000000
340c00000040000000
341000000040000000
341400000040000000
341800000040000000
341c00000040000000
342000000040000000
342400000040000000
342800000040000000
342c00000040000000
343000000040000000
343400000040000000
343800000040000000
343c00000040000000
344000000040000000
344400000040000000
344800000040000000
344c00000040000000
345000000040000000
345400000040000000
345800000040000000
345c00000040000000
346000000040000000
346400000040000000
346800000040000000
346c00000040000000
347000000040000000
347400000040000000
347800000040000000
347c00000040000000
348000000040000000
348400000040000000
348800000040000000
348c00000040000000
349000000040000000
349400000040000000
349800000040000000
349c00000040000000
34a000000040000000
34a400000040000000
34a800000040000000
34ac00000040000000
34b000000040000000
34b400000040000000
34b800000040000000
34bc00000040000000
34c000000040000000
34c400000040000000
34c800000040000000
34cc00000040000000
34d000000040000000
34d400000040000000
34d800000040000000
34dc00000040000000
34e000000040000000
34e400000040000000
34e800000040000000
34ec00000040000000
34f000000040000000
34f400000040000000
34f800000040000000
34fc00000040000000
350000000040000000
350400000040000000
350800000040000000
350c00000040000000
351000000040000000
351400000040000000
351800000040000000
351c00000040000000
352000000040000000
352400000040000000
352800000040000000
352c00000040000000
353000000040000000
353400000040000000
353800000040000000
353c00000040000000
354000000040000000
354400000040000000
354800000040000000
354c00000040000000
355000000040000000
355400000040000000
355800000040000000
355c00000040000000
356000000040000000
356400000040000000
356800000040000000
356c00000040000000
357000000040000000
357400000040000000
357800000040000000
357c00000040000000
358000000040000000
358400000040000000
358800000040000000
358c00000040000000
359000000040000000
359400000040000000
359800000040000000
359c00000040000000
35a000000040000000
35a400000040000000
35a800000040000000
35ac00000040000000
35b000000040000000
35b400000040000000
35b800000040000000
35bc00000040000000
35c000000040000000
35c400000040000000
35c800000040000000
35cc00000040000000
35d000000040000000
35d400000040000000
35d800000040000000
35dc00000040000000
35e000000040000000
35e400000040000000
35e800000040000000
35ec00000040000000
35f000000040000000
35f400000040000000
35f800000040000000
35fc00000040000000
360000000040000000
360400000040000000
360800000040000000
360c00000040000000
361000000040000000
361400000040000000
361800000040000000
361c00000040000000
362000000040000000
362400000040000000
362800000040000000
362c00000040000000
363000000040000000
363400000040000000
363800000040000000
363c00000040000000
364000000040000000
364400000040000000
364800000040000000
364c00000040000000
365000000040000000
365400000040000000
365800000040000000
365c00000040000000
366000000040000000
366400000040000000
366800000040000000
366c00000040000000
367000000040000000
367400000040000000
367800000040000000
367c00000040000000
368000000040000000
368400000040000000
368800000040000000
368c00000040000000
369000000040000000
369400000040000000
369800000040000000
369c00000040000000
36a000000040000000
36a400000040000000
36a800000040000000
36ac00000040000000
36b000000040000000
36b400000040000000
36b800000040000000
36bc00000040000000
36c000000040000000
36c400000040000000
36c800000040000000
36cc00000040000000
36d000000040000000
36d400000040000000
36d800000040000000
36dc00000040000000
36e000000040000000
36e400000040000000
36e800000040000000
36ec00000040000000
36f000000040000000
36f400000040000000
36f800000040000000
36fc00000040000000
370000000040000000
370400000040000000
370800000040000000
370c00000040000000
371000000040000000
371400000040000000
371800000040000000
371c00000040000000
372000000040000000
372400000040000000
372800000040000000
372c00000040000000
373000000040000000
373400000040000000
373800000040000000
373c00000040000000
374000000040000000
374400000040000000
374800000040000000
374c00000040000000
375000000040000000
375400000040000000
375800000040000000
375c00000040000000
376000000040000000
376400000040000000
376800000040000000
376c00000040000000
377000000040000000
377400000040000000
377800000040000000
377c00000040000000
378000000040000000
378400000040000000
378800000040000000
378c00000040000000
379000000040000000
379400000040000000
379800000040000000
379c00000040000000
37a000000040000000
37a400000040000000
37a800000040000000
37ac00000040000000
37b000000040000000
37b400000040000000
37b800000040000000
37bc00000040000000
37c000000040000000
37c400000040000000
37c800000040000000
37cc00000040000000
37d000000040000000
37d400000040000000
37d800000040000000
37dc00000040000000
37e000000040000000
37e400000040000000
37e800000040000000
37ec00000040000000
37f000000040000000
37f400000040000000
37f800000040000000
37fc00000040000000
380000000040000000
380400000040000000
380800000040000000
380c00000040000000
381000000040000000
381400000040000000
381800000040000000
381c00000040000000
382000000040000000
382400000040000000
382800000040000000
382c00000040000000
383000000040000000
383400000040000000
383800000040000000
383c00000040000000
384000000040000000
384400000040000000
384800000040000000
384c00000040000000
385000000040000000
385400000040000000
385800000040000000
385c00000040000000
386000000040000000
386400000040000000
386800000040000000
386c00000040000000
387000000040000000
387400000040000000
387800000040000000
387c00000040000000
388000000040000000
388400000040000000
388800000040000000
388c00000040000000
389000000040000000
389400000040000000
389800000040000000
389c00000040000000
38a000000040000000
38a400000040000000
38a800000040000000
38ac00000040000000
38b000000040000000
38b400000040000000
38b800000040000000
38bc00000040000000
38c000000040000000
38c400000040000000
38c800000040000000
38cc00000040000000
38d000000040000000
38d400000040000000
38d800000040000000
38dc00000040000000
38e000000040000000
38e400000040000000
38e800000040000000
38ec00000040000000
38f000000040000000
38f400000040000000
38f800000040000000
38fc00000040000000
390000000040000000
390400000040000000
390800000040000000
390c00000040000000
391000000040000000
391400000040000000
391800000040000000
391c00000040000000
392000000040000000
392400000040000000
392800000040000000
392c00000040000000
393000000040000000
393400000040000000
393800000040000000
393c00000040000000
394000000040000000
394400000040000000
394800000040000000
394c00000040000000
395000000040000000
395400000040000000
395800000040000000
395c00000040000000
396000000040000000
396400000040000000
396800000040000000
396c00000040000000
397000000040000000
397400000040000000
397800000040000000
397c00000040000000
398000000040000000
398400000040000000
398800000040000000
398c00000040000000
399000000040000000
399400000040000000
399800000040000000
399c00000040000000
39a000000040000000
39a400000040000000
39a800000040000000
39ac00000040000000
39b000000040000000
39b400000040000000
39b800000040000000
39bc00000040000000
39c000000040000000
39c400000040000000
39c800000040000000
39cc00000040000000
39d000000040000000
39d400000040000000
39d800000040000000
39dc00000040000000
39e000000040000000
39e400000040000000
39e800000040000000
39ec00000040000000
39f000000040000000
39f400000040000000
39f800000040000000
39fc00000040000000
3a0000000040000000
3a0400000040000000
3a0800000040000000
3a0c00000040000000
3a1000000040000000
3a1400000040000000
3a1800000040000000
3a1c00000040000000
3a2000000040000000
3a2400000040000000
3a2800000040000000
3a2c00000040000000
3a3000000040000000
3a3400000040000000
3a3800000040000000
3a3c00000040000000
3a4000000040000000
3a4400000040000000
3a4800000040000000
3a4c00000040000000
3a5000000040000000
3a5400000040000000
3a5800000040000000
3a5c00000040000000
3a6000000040000000
3a6400000040000000
3a6800000040000000
3a6c00000040000000
3a7000000040000000
3a7400000040000000
3a7800000040000000
3a7c00000040000000
3a8000000040000000
3a8400000040000000
3a8800000040000000
3a8c00000040000000
3a9000000040000000
3a9400000040000000
3a9800000040000000
3a9c00000040000000
3aa000000040000000
3aa400000040000000
3aa800000040000000
3aac00000040000000
3ab000000040000000
3ab400000040000000
3ab800000040000000
3abc00000040000000
3ac000000040000000
3ac400000040000000
3ac800000040000000
3acc00000040000000
3ad000000040000000
3ad400000040000000
3ad800000040000000
3adc00000040000000
3ae000000040000000
3ae400000040000000
3ae800000040000000
3aec00000040000000
3af000000040000000
3af400000040000000
3af800000040000000
3afc00000040000000
3b0000000040000000
3b0400000040000000
3b0800000040000000
3b0c00000040000000
3b1000000040000000
3b1400000040000000
3b1800000040000000
3b1c00000040000000
3b2000000040000000
3b2400000040000000
3b2800000040000000
3b2c00000040000000
3b3000000040000000
3b3400000040000000
3b3800000040000000
3b3c00000040000000
3b4000000040000000
3b4400000040000000
3b4800000040000000
3b4c00000040000000
3b5000000040000000
3b5400000040000000
3b5800000040000000
3b5c00000040000000
3b6000000040000000
3b6400000040000000
3b6800000040000000
3b6c00000040000000
3b7000000040000000
3b7400000040000000
3b7800000040000000
3b7c00000040000000
3b8000000040000000
3b8400000040000000
3b8800000040000000
3b8c00000040000000
3b9000000040000000
3b9400000040000000
3b9800000040000000
3b9c00000040000000
3ba000000040000000
3ba400000040000000
3ba800000040000000
3bac00000040000000
3bb000000040000000
3bb400000040000000
3bb800000040000000
3bbc00000040000000
3bc000000040000000
3bc400000040000000
3bc800000040000000
3bcc00000040000000
3bd000000040000000
3bd400000040000000
3bd800000040000000
3bdc00000040000000
3be000000040000000
3be400000040000000
3be800000040000000
3bec00000040000000
3bf000000040000000
3bf400000040000000
3bf800000040000000
3bfc00000040000000
3c0000000040000000
3c0400000040000000
3c0800000040000000
3c0c00000040000000
3c1000000040000000
3c1400000040000000
3c1800000040000000
3c1c00000040000000
3c2000000040000000
3c2400000040000000
3c2800000040000000
3c2c00000040000000
3c3000000040000000
3c3400000040000000
3c3800000040000000
3c3c00000040000000
3c4000000040000000
3c4400000040000000
3c4800000040000000
3c4c00000040000000
3c5000000040000000
3c5400000040000000
3c5800000040000000
3c5c00000040000000
3c6000000040000000
3c6400000040000000
3c6800000040000000
3c6c00000040000000
3c7000000040000000
3c7400000040000000
3c7800000040000000
3c7c00000040000000
3c8000000040000000
3c8400000040000000
3c8800000040000000
3c8c00000040000000
3c9000000040000000
3c9400000040000000
3c9800000040000000
3c9c00000040000000
3ca000000040000000
3ca400000040000000
3ca800000040000000
3cac00000040000000
3cb000000040000000
3cb400000040000000
3cb800000040000000
3cbc00000040000000
3cc000000040000000
3cc400000040000000
3cc800000040000000
3ccc00000040000000
3cd000000040000000
3cd400000040000000
3cd800000040000000
3cdc00000040000000
3ce000000040000000
3ce400000040000000
3ce800000040000000
3cec00000040000000
3cf000000040000000
3cf400000040000000
3cf800000040000000
3cfc00000040000000
3d0000000040000000
3d0400000040000000
3d0800000040000000
3d0c00000040000000
3d1000000040000000
3d1400000040000000
3d1800000040000000
3d1c00000040000000
3d2000000040000000
3d2400000040000000
3d2800000040000000
3d2c00000040000000
3d3000000040000000
3d3400000040000000
3d3800000040000000
3d3c00000040000000
3d4000000040000000
3d4400000040000000
3d4800000040000000
3d4c00000040000000
3d5000000040000000
3d5400000040000000
3d5800000040000000
3d5c00000040000000
3d6000000040000000
3d6400000040000000
3d6800000040000000
3d6c00000040000000
3d7000000040000000
3d7400000040000000
3d7800000040000000
3d7c00000040000000
3d8000000040000000
3d8400000040000000
3d8800000040000000
3d8c00000040000000
3d9000000040000000
3d9400000040000000
3d9800000040000000
3d9c00000040000000
3da000000040000000
3da400000040000000
3da800000040000000
3dac00000040000000
3db000000040000000
3db400000040000000
3db800000040000000
3dbc00000040000000
3dc000000040000000
3dc400000040000000
3dc800000040000000
3dcc00000040000000
3dd000000040000000
3dd400000040000000
3dd800000040000000
3ddc00000040000000
3de000000040000000
3de400000040000000
3de800000040000000
3dec00000040000000
3df000000040000000
3df400000040000000
3df800000040000000
3dfc00000040000000
3e0000000040000000
3e0400000040000000
3e0800000040000000
3e0c00000040000000
3e1000000040000000
3e1400000040000000
3e1800000040000000
3e1c00000040000000
3e2000000040000000
3e2400000040000000
3e2800000040000000
3e2c00000040000000
3e3000000040000000
3e3400000040000000
3e3800000040000000
3e3c00000040000000
3e4000000040000000
3e4400000040000000
3e4800000040000000
3e4c00000040000000
3e5000000040000000
3e5400000040000000
3e5800000040000000
3e5c00000040000000
3e6000000040000000
3e6400000040000000
3e6800000040000000
3e6c00000040000000
3e7000000040000000
3e7400000040000000
3e7800000040000000
3e7c00000040000000
3e8000000040000000
3e8400000040000000
3e8800000040000000
3e8c00000040000000
3e9000000040000000
3e9400000040000000
3e9800000040000000
3e9c00000040000000
3ea000000040000000
3ea400000040000000
3ea800000040000000
3eac00000040000000
3eb000000040000000
3eb400000040000000
3eb800000040000000
3ebc00000040000000
3ec000000040000000
3ec400000040000000
3ec800000040000000
3ecc00000040000000
3ed000000040000000
3ed400000040000000
3ed800000040000000
3edc00000040000000
3ee000000040000000
3ee400000040000000
3ee800000040000000
3eec00000040000000
3ef000000040000000
3ef400000040000000
3ef800000040000000
3efc00000040000000
3f0000000040000000
3f0400000040000000
3f0800000040000000
3f0c00000040000000
3f1000000040000000
3f1400000040000000
3f1800000040000000
3f1c00000040000000
3f2000000040000000
3f2400000040000000
3f2800000040000000
3f2c00000040000000
3f3000000040000000
3f3400000040000000
3f3800000040000000
3f3c00000040000000
3f4000000040000000
3f4400000040000000
3f4800000040000000
3f4c00000040000000
3f5000000040000000
3f5400000040000000
3f5800000040000000
3f5c00000040000000
3f6000000040000000
3f6400000040000000
3f6800000040000000
3f6c00000040000000
3f7000000040000000
3f7400000040000000
3f7800000040000000
3f7c00000040000000
3f8000000040000000
3f8400000040000000
3f8800000040000000
3f8c00000040000000
3f9000000040000000
3f9400000040000000
3f9800000040000000
3f9c00000040000000
3fa000000040000000
3fa400000040000000
3fa800000040000000
3fac00000040000000
3fb000000040000000
3fb400000040000000
3fb800000040000000
3fbc00000040000000
3fc000000040000000
3fc400000040000000
3fc800000040000000
3fcc00000040000000
3fd000000040000000
3fd400000040000000
3fd800000040000000
3fdc00000040000000
3fe000000040000000
3fe400000040000000
3fe800000040000000
3fec00000040000000
3ff000000040000000
3ff400000040000000
3ff800000040000000
7ffc00000040000000
000000000040000000
000400000040000000
000800000040000000
000c00000040000000
001000000040000000
001400000040000000
001800000040000000
001c00000040000000
002000000040000000
002400000040000000
002800000040000000
002c00000040000000
003000000040000000
003400000040000000
003800000040000000
003c00000040000000
004000000040000000
004400000040000000
004800000040000000
004c00000040000000
005000000040000000
005400000040000000
005800000040000000
005c00000040000000
006000000040000000
006400000040000000
006800000040000000
006c00000040000000
007000000040000000
007400000040000000
007800000040000000
007c00000040000000
008000000040000000
008400000040000000
008800000040000000
008c00000040000000
009000000040000000
009400000040000000
009800000040000000
009c00000040000000
00a000000040000000
00a400000040000000
00a800000040000000
00ac00000040000000
00b000000040000000
00b400000040000000
00b800000040000000
00bc00000040000000
00c000000040000000
00c400000040000000
00c800000040000000
00cc00000040000000
00d000000040000000
00d400000040000000
00d800000040000000
00dc00000040000000
00e000000040000000
00e400000040000000
00e800000040000000
00ec00000040000000
00f000000040000000
00f400000040000000
00f800000040000000
00fc00000040000000
010000000040000000
010400000040000000
010800000040000000
010c00000040000000
011000000040000000
011400000040000000
011800000040000000
011c00000040000000
012000000040000000
012400000040000000
012800000040000000
012c00000040000000
013000000040000000
013400000040000000
013800000040000000
013c00000040000000
014000000040000000
014400000040000000
014800000040000000
014c00000040000000
015000000040000000
015400000040000000
015800000040000000
015c00000040000000
016000000040000000
016400000040000000
016800000040000000
016c00000040000000
017000000040000000
017400000040000000
017800000040000000
017c00000040000000
018000000040000000
018400000040000000
018800000040000000
018c00000040000000
019000000040000000
019400000040000000
019800000040000000
019c00000040000000
01a000000040000000
01a400000040000000
01a800000040000000
01ac00000040000000
01b000000040000000
01b400000040000000
01b800000040000000
01bc00000040000000
01c000000040000000
01c400000040000000
01c800000040000000
01cc00000040000000
01d000000040000000
01d400000040000000
01d800000040000000
01dc00000040000000
01e000000040000000
01e400000040000000
01e800000040000000
01ec00000040000000
01f000000040000000
01f400000040000000
01f800000040000000
01fc00000040000000
020000000040000000
020400000040000000
020800000040000000
020c00000040000000
021000000040000000
021400000040000000
021800000040000000
021c00000040000000
022000000040000000
022400000040000000
022800000040000000
022c00000040000000
023000000040000000
023400000040000000
023800000040000000
023c00000040000000
024000000040000000
024400000040000000
024800000040000000
024c00000040000000
025000000040000000
025400000040000000
025800000040000000
025c00000040000000
026000000040000000
026400000040000000
026800000040000000
026c00000040000000
027000000040000000
027400000040000000
027800000040000000
027c00000040000000
028000000040000000
028400000040000000
028800000040000000
028c00000040000000
029000000040000000
029400000040000000
029800000040000000
029c00000040000000
02a000000040000000
02a400000040000000
02a800000040000000
02ac00000040000000
02b000000040000000
02b400000040000000
02b800000040000000
02bc00000040000000
02c000000040000000
02c400000040000000
02c800000040000000
02cc00000040000000
02d000000040000000
02d400000040000000
02d800000040000000
02dc00000040000000
02e000000040000000
02e400000040000000
02e800000040000000
02ec00000040000000
02f000000040000000
02f400000040000000
02f800000040000000
02fc00000040000000
030000000040000000
030400000040000000
030800000040000000
030c00000040000000
031000000040000000
031400000040000000
031800000040000000
031c00000040000000
032000000040000000
032400000040000000
032800000040000000
032c00000040000000
033000000040000000
033400000040000000
033800000040000000
033c00000040000000
034000000040000000
034400000040000000
034800000040000000
034c00000040000000
035000000040000000
035400000040000000
035800000040000000
035c00000040000000
036000000040000000
036400000040000000
036800000040000000
036c00000040000000
037000000040000000
037400000040000000
037800000040000000
037c00000040000000
038000000040000000
038400000040000000
038800000040000000
038c00000040000000
039000000040000000
039400000040000000
039800000040000000
039c00000040000000
03a000000040000000
03a400000040000000
03a800000040000000
03ac00000040000000
03b000000040000000
03b400000040000000
03b800000040000000
03bc00000040000000
03c000000040000000
03c400000040000000
03c800000040000000
03cc00000040000000
03d000000040000000
03d400000040000000
03d800000040000000
03dc00000040000000
03e000000040000000
03e400000040000000
03e800000040000000
03ec00000040000000
03f000000040000000
03f400000040000000
03f800000040000000
03fc00000040000000
040000000040000000
040400000040000000
040800000040000000
040c00000040000000
041000000040000000
041400000040000000
041800000040000000
041c00000040000000
042000000040000000
042400000040000000
042800000040000000
042c00000040000000
043000000040000000
043400000040000000
043800000040000000
043c00000040000000
044000000040000000
044400000040000000
044800000040000000
044c00000040000000
045000000040000000
045400000040000000
045800000040000000
045c00000040000000
046000000040000000
046400000040000000
046800000040000000
046c00000040000000
047000000040000000
047400000040000000
047800000040000000
047c00000040000000
048000000040000000
048400000040000000
048800000040000000
048c00000040000000
049000000040000000
049400000040000000
049800000040000000
049c00000040000000
04a000000040000000
04a400000040000000
04a800000040000000
04ac00000040000000
04b000000040000000
04b400000040000000
04b800000040000000
04bc00000040000000
04c000000040000000
04c400000040000000
04c800000040000000
04cc00000040000000
04d000000040000000
04d400000040000000
04d800000040000000
04dc00000040000000
04e000000040000000
04e400000040000000
04e800000040000000
04ec00000040000000
04f000000040000000
04f400000040000000
04f800000040000000
04fc00000040000000
050000000040000000
050400000040000000
050800000040000000
050c00000040000000
051000000040000000
051400000040000000
051800000040000000
051c00000040000000
052000000040000000
052400000040000000
052800000040000000
052c00000040000000
053000000040000000
053400000040000000
053800000040000000
053c00000040000000
054000000040000000
054400000040000000
054800000040000000
054c00000040000000
055000000040000000
055400000040000000
055800000040000000
055c00000040000000
056000000040000000
056400000040000000
056800000040000000
056c00000040000000
057000000040000000
057400000040000000
057800000040000000
057c00000040000000
058000000040000000
058400000040000000
058800000040000000
058c00000040000000
059000000040000000
059400000040000000
059800000040000000
059c00000040000000
05a000000040000000
05a400000040000000
05a800000040000000
05ac00000040000000
05b000000040000000
05b400000040000000
05b800000040000000
05bc00000040000000
05c000000040000000
05c400000040000000
05c800000040000000
05cc00000040000000
05d000000040000000
05d400000040000000
05d800000040000000
05dc00000040000000
05e000000040000000
05e400000040000000
05e800000040000000
05ec00000040000000
05f000000040000000
05f400000040000000
05f800000040000000
05fc00000040000000
060000000040000000
060400000040000000
060800000040000000
060c00000040000000
061000000040000000
061400000040000000
061800000040000000
061c00000040000000
062000000040000000
062400000040000000
062800000040000000
062c00000040000000
063000000040000000
063400000040000000
063800000040000000
063c00000040000000
064000000040000000
064400000040000000
064800000040000000
064c00000040000000
065000000040000000
065400000040000000
065800000040000000
065c00000040000000
066000000040000000
066400000040000000
066800000040000000
066c00000040000000
067000000040000000
067400000040000000
067800000040000000
067c00000040000000
068000000040000000
068400000040000000
068800000040000000
068c00000040000000
069000000040000000
069400000040000000
069800000040000000
069c00000040000000
06a000000040000000
06a400000040000000
06a800000040000000
06ac00000040000000
06b000000040000000
06b400000040000000
06b800000040000000
06bc00000040000000
06c000000040000000
06c400000040000000
06c800000040000000
06cc00000040000000
06d000000040000000
06d400000040000000
06d800000040000000
06dc00000040000000
06e000000040000000
06e400000040000000
06e800000040000000
06ec00000040000000
06f000000040000000
06f400000040000000
06f800000040000000
06fc00000040000000
070000000040000000
070400000040000000
070800000040000000
070c00000040000000
071000000040000000
071400000040000000
071800000040000000
071c00000040000000
072000000040000000
072400000040000000
072800000040000000
072c00000040000000
073000000040000000
073400000040000000
073800000040000000
073c00000040000000
074000000040000000
074400000040000000
074800000040000000
074c00000040000000
075000000040000000
075400000040000000
075800000040000000
075c00000040000000
076000000040000000
076400000040000000
076800000040000000
076c00000040000000
077000000040000000
077400000040000000
077800000040000000
077c00000040000000
078000000040000000
078400000040000000
078800000040000000
078c00000040000000
079000000040000000
079400000040000000
079800000040000000
079c00000040000000
07a000000040000000
07a400000040000000
07a800000040000000
07ac00000040000000
07b000000040000000
07b400000040000000
07b800000040000000
07bc00000040000000
07c000000040000000
07c400000040000000
07c800000040000000
07cc00000040000000
07d000000040000000
07d400000040000000
07d800000040000000
07dc00000040000000
07e000000040000000
07e400000040000000
07e800000040000000
07ec00000040000000
07f000000040000000
07f400000040000000
07f800000040000000
07fc00000040000000
080000000040000000
080400000040000000
080800000040000000
080c00000040000000
081000000040000000
081400000040000000
081800000040000000
081c00000040000000
082000000040000000
082400000040000000
082800000040000000
082c00000040000000
083000000040000000
083400000040000000
083800000040000000
083c00000040000000
084000000040000000
084400000040000000
084800000040000000
084c00000040000000
085000000040000000
085400000040000000
085800000040000000
085c00000040000000
086000000040000000
086400000040000000
086800000040000000
086c00000040000000
087000000040000000
087400000040000000
087800000040000000
087c00000040000000
088000000040000000
088400000040000000
088800000040000000
088c00000040000000
089000000040000000
089400000040000000
089800000040000000
089c00000040000000
08a000000040000000
08a400000040000000
08a800000040000000
08ac00000040000000
08b000000040000000
08b400000040000000
08b800000040000000
08bc00000040000000
08c000000040000000
08c400000040000000
08c800000040000000
08cc00000040000000
08d000000040000000
08d400000040000000
08d800000040000000
08dc00000040000000
08e000000040000000
08e400000040000000
08e800000040000000
08ec00000040000000
08f000000040000000
08f400000040000000
08f800000040000000
08fc00000040000000
090000000040000000
090400000040000000
090800000040000000
090c00000040000000
091000000040000000
091400000040000000
091800000040000000
091c00000040000000
092000000040000000
092400000040000000
092800000040000000
092c00000040000000
093000000040000000
093400000040000000
093800000040000000
093c00000040000000
094000000040000000
094400000040000000
094800000040000000
094c00000040000000
095000000040000000
095400000040000000
095800000040000000
095c00000040000000
096000000040000000
096400000040000000
096800000040000000
096c00000040000000
097000000040000000
097400000040000000
097800000040000000
097c00000040000000
098000000040000000
098400000040000000
098800000040000000
098c00000040000000
099000000040000000
099400000040000000
099800000040000000
099c00000040000000
09a000000040000000
09a400000040000000
09a800000040000000
09ac00000040000000
09b000000040000000
09b400000040000000
09b800000040000000
09bc00000040000000
09c000000040000000
09c400000040000000
09c800000040000000
09cc00000040000000
09d000000040000000
09d400000040000000
09d800000040000000
09dc00000040000000
09e000000040000000
09e400000040000000
09e800000040000000
09ec00000040000000
09f000000040000000
09f400000040000000
09f800000040000000
09fc00000040000000
0a0000000040000000
0a0400000040000000
0a0800000040000000
0a0c00000040000000
0a1000000040000000
0a1400000040000000
0a1800000040000000
0a1c00000040000000
0a2000000040000000
0a2400000040000000
0a2800000040000000
0a2c00000040000000
0a3000000040000000
0a3400000040000000
0a3800000040000000
0a3c00000040000000
0a4000000040000000
0a4400000040000000
0a4800000040000000
0a4c00000040000000
0a5000000040000000
0a5400000040000000
0a5800000040000000
0a5c00000040000000
0a6000000040000000
0a6400000040000000
0a6800000040000000
0a6c00000040000000
0a7000000040000000
0a7400000040000000
0a7800000040000000
0a7c00000040000000
0a8000000040000000
0a8400000040000000
0a8800000040000000
0a8c00000040000000
0a9000000040000000
0a9400000040000000
0a9800000040000000
0a9c00000040000000
0aa000000040000000
0aa400000040000000
0aa800000040000000
0aac00000040000000
0ab000000040000000
0ab400000040000000
0ab800000040000000
0abc00000040000000
0ac000000040000000
0ac400000040000000
0ac800000040000000
0acc00000040000000
0ad000000040000000
0ad400000040000000
0ad800000040000000
0adc00000040000000
0ae000000040000000
0ae400000040000000
0ae800000040000000
0aec00000040000000
0af000000040000000
0af400000040000000
0af800000040000000
0afc00000040000000
0b0000000040000000
0b0400000040000000
0b0800000040000000
0b0c00000040000000
0b1000000040000000
0b1400000040000000
0b1800000040000000
0b1c00000040000000
0b2000000040000000
0b2400000040000000
0b2800000040000000
0b2c00000040000000
0b3000000040000000
0b3400000040000000
0b3800000040000000
0b3c00000040000000
0b4000000040000000
0b4400000040000000
0b4800000040000000
0b4c00000040000000
0b5000000040000000
0b5400000040000000
0b5800000040000000
0b5c00000040000000
0b6000000040000000
0b6400000040000000
0b6800000040000000
0b6c00000040000000
0b7000000040000000
0b7400000040000000
0b7800000040000000
0b7c00000040000000
0b8000000040000000
0b8400000040000000
0b8800000040000000
0b8c00000040000000
0b9000000040000000
0b9400000040000000
0b9800000040000000
0b9c00000040000000
0ba000000040000000
0ba400000040000000
0ba800000040000000
0bac00000040000000
0bb000000040000000
0bb400000040000000
0bb800000040000000
0bbc00000040000000
0bc000000040000000
0bc400000040000000
0bc800000040000000
0bcc00000040000000
0bd000000040000000
0bd400000040000000
0bd800000040000000
0bdc00000040000000
0be000000040000000
0be400000040000000
0be800000040000000
0bec00000040000000
0bf000000040000000
0bf400000040000000
0bf800000040000000
0bfc00000040000000
0c0000000040000000
0c0400000040000000
0c0800000040000000
0c0c00000040000000
0c1000000040000000
0c1400000040000000
0c1800000040000000
0c1c00000040000000
0c2000000040000000
0c2400000040000000
0c2800000040000000
0c2c00000040000000
0c3000000040000000
0c3400000040000000
0c3800000040000000
0c3c00000040000000
0c4000000040000000
0c4400000040000000
0c4800000040000000
0c4c00000040000000
0c5000000040000000
0c5400000040000000
0c5800000040000000
0c5c00000040000000
0c6000000040000000
0c6400000040000000
0c6800000040000000
0c6c00000040000000
0c7000000040000000
0c7400000040000000
0c7800000040000000
0c7c00000040000000
0c8000000040000000
0c8400000040000000
0c8800000040000000
0c8c00000040000000
0c9000000040000000
0c9400000040000000
0c9800000040000000
0c9c00000040000000
0ca000000040000000
0ca400000040000000
0ca800000040000000
0cac00000040000000
0cb000000040000000
0cb400000040000000
0cb800000040000000
0cbc00000040000000
0cc000000040000000
0cc400000040000000
0cc800000040000000
0ccc00000040000000
0cd000000040000000
0cd400000040000000
0cd800000040000000
0cdc00000040000000
0ce000000040000000
0ce400000040000000
0ce800000040000000
0cec00000040000000
0cf000000040000000
0cf400000040000000
0cf800000040000000
0cfc00000040000000
0d0000000040000000
0d0400000040000000
0d0800000040000000
0d0c00000040000000
0d1000000040000000
0d1400000040000000
0d1800000040000000
0d1c00000040000000
0d2000000040000000
0d2400000040000000
0d2800000040000000
0d2c00000040000000
0d3000000040000000
0d3400000040000000
0d3800000040000000
0d3c00000040000000
0d4000000040000000
0d4400000040000000
0d4800000040000000
0d4c00000040000000
0d5000000040000000
0d5400000040000000
0d5800000040000000
0d5c00000040000000
0d6000000040000000
0d6400000040000000
0d6800000040000000
0d6c00000040000000
0d7000000040000000
0d7400000040000000
0d7800000040000000
0d7c00000040000000
0d8000000040000000
0d8400000040000000
0d8800000040000000
0d8c00000040000000
0d9000000040000000
0d9400000040000000
0d9800000040000000
0d9c00000040000000
0da000000040000000
0da400000040000000
0da800000040000000
0dac00000040000000
0db000000040000000
0db400000040000000
0db800000040000000
0dbc00000040000000
0dc000000040000000
0dc400000040000000
0dc800000040000000
0dcc00000040000000
0dd000000040000000
0dd400000040000000
0dd800000040000000
0ddc00000040000000
0de000000040000000
0de400000040000000
0de800000040000000
0dec00000040000000
0df000000040000000
0df400000040000000
0df800000040000000
0dfc00000040000000
0e0000000040000000
0e0400000040000000
0e0800000040000000
0e0c00000040000000
0e1000000040000000
0e1400000040000000
0e1800000040000000
0e1c00000040000000
0e2000000040000000
0e2400000040000000
0e2800000040000000
0e2c00000040000000
0e3000000040000000
0e3400000040000000
0e3800000040000000
0e3c00000040000000
0e4000000040000000
0e4400000040000000
0e4800000040000000
0e4c00000040000000
0e5000000040000000
0e5400000040000000
0e5800000040000000
0e5c00000040000000
0e6000000040000000
0e6400000040000000
0e6800000040000000
0e6c00000040000000
0e7000000040000000
0e7400000040000000
0e7800000040000000
0e7c00000040000000
0e8000000040000000
0e8400000040000000
0e8800000040000000
0e8c00000040000000
0e9000000040000000
0e9400000040000000
0e9800000040000000
0e9c00000040000000
0ea000000040000000
0ea400000040000000
0ea800000040000000
0eac00000040000000
0eb000000040000000
0eb400000040000000
0eb800000040000000
0ebc00000040000000
0ec000000040000000
0ec400000040000000
0ec800000040000000
0ecc00000040000000
0ed000000040000000
0ed400000040000000
0ed800000040000000
0edc00000040000000
0ee000000040000000
0ee400000040000000
0ee800000040000000
0eec00000040000000
0ef000000040000000
0ef400000040000000
0ef800000040000000
0efc00000040000000
0f0000000040000000
0f0400000040000000
0f0800000040000000
0f0c00000040000000
0f1000000040000000
0f1400000040000000
0f1800000040000000
0f1c00000040000000
0f2000000040000000
0f2400000040000000
0f2800000040000000
0f2c00000040000000
0f3000000040000000
0f3400000040000000
0f3800000040000000
0f3c00000040000000
0f4000000040000000
0f4400000040000000
0f4800000040000000
0f4c00000040000000
0f5000000040000000
0f5400000040000000
0f5800000040000000
0f5c00000040000000
0f6000000040000000
0f6400000040000000
0f6800000040000000
0f6c00000040000000
0f7000000040000000
0f7400000040000000
0f7800000040000000
0f7c00000040000000
0f8000000040000000
0f8400000040000000
0f8800000040000000
0f8c00000040000000
0f9000000040000000
0f9400000040000000
0f9800000040000000
0f9c00000040000000
0fa000000040000000
0fa400000040000000
0fa800000040000000
0fac00000040000000
0fb000000040000000
0fb400000040000000
0fb800000040000000
0fbc00000040000000
0fc000000040000000
0fc400000040000000
0fc800000040000000
0fcc00000040000000
0fd000000040000000
0fd400000040000000
0fd800000040000000
0fdc00000040000000
0fe000000040000000
0fe400000040000000
0fe800000040000000
0fec00000040000000
0ff000000040000000
0ff400000040000000
0ff800000040000000
0ffc00000040000000
100000000040000000
100400000040000000
100800000040000000
100c00000040000000
101000000040000000
101400000040000000
101800000040000000
101c00000040000000
102000000040000000
102400000040000000
102800000040000000
102c00000040000000
103000000040000000
103400000040000000
103800000040000000
103c00000040000000
104000000040000000
104400000040000000
104800000040000000
104c00000040000000
105000000040000000
105400000040000000
105800000040000000
105c00000040000000
106000000040000000
106400000040000000
106800000040000000
106c00000040000000
107000000040000000
107400000040000000
107800000040000000
107c00000040000000
108000000040000000
108400000040000000
108800000040000000
108c00000040000000
109000000040000000
109400000040000000
109800000040000000
109c00000040000000
10a000000040000000
10a400000040000000
10a800000040000000
10ac00000040000000
10b000000040000000
10b400000040000000
10b800000040000000
10bc00000040000000
10c000000040000000
10c400000040000000
10c800000040000000
10cc00000040000000
10d000000040000000
10d400000040000000
10d800000040000000
10dc00000040000000
10e000000040000000
10e400000040000000
10e800000040000000
10ec00000040000000
10f000000040000000
10f400000040000000
10f800000040000000
10fc00000040000000
110000000040000000
110400000040000000
110800000040000000
110c00000040000000
111000000040000000
111400000040000000
111800000040000000
111c00000040000000
112000000040000000
112400000040000000
112800000040000000
112c00000040000000
113000000040000000
113400000040000000
113800000040000000
113c00000040000000
114000000040000000
114400000040000000
114800000040000000
114c00000040000000
115000000040000000
115400000040000000
115800000040000000
115c00000040000000
116000000040000000
116400000040000000
116800000040000000
116c00000040000000
117000000040000000
117400000040000000
117800000040000000
117c00000040000000
118000000040000000
118400000040000000
118800000040000000
118c00000040000000
119000000040000000
119400000040000000
119800000040000000
119c00000040000000
11a000000040000000
11a400000040000000
11a800000040000000
11ac00000040000000
11b000000040000000
11b400000040000000
11b800000040000000
11bc00000040000000
11c000000040000000
11c400000040000000
11c800000040000000
11cc00000040000000
11d000000040000000
11d400000040000000
11d800000040000000
11dc00000040000000
11e000000040000000
11e400000040000000
11e800000040000000
11ec00000040000000
11f000000040000000
11f400000040000000
11f800000040000000
11fc00000040000000
120000000040000000
120400000040000000
120800000040000000
120c00000040000000
121000000040000000
121400000040000000
121800000040000000
121c00000040000000
122000000040000000
122400000040000000
122800000040000000
122c00000040000000
123000000040000000
123400000040000000
123800000040000000
123c00000040000000
124000000040000000
124400000040000000
124800000040000000
124c00000040000000
125000000040000000
125400000040000000
125800000040000000
125c00000040000000
126000000040000000
126400000040000000
126800000040000000
126c00000040000000
127000000040000000
127400000040000000
127800000040000000
127c00000040000000
128000000040000000
128400000040000000
128800000040000000
128c00000040000000
129000000040000000
129400000040000000
129800000040000000
129c00000040000000
12a000000040000000
12a400000040000000
12a800000040000000
12ac00000040000000
12b000000040000000
12b400000040000000
12b800000040000000
12bc00000040000000
12c000000040000000
12c400000040000000
12c800000040000000
12cc00000040000000
12d000000040000000
12d400000040000000
12d800000040000000
12dc00000040000000
12e000000040000000
12e400000040000000
12e800000040000000
12ec00000040000000
12f000000040000000
12f400000040000000
12f800000040000000
12fc00000040000000
130000000040000000
130400000040000000
130800000040000000
130c00000040000000
131000000040000000
131400000040000000
131800000040000000
131c00000040000000
132000000040000000
132400000040000000
132800000040000000
132c00000040000000
133000000040000000
133400000040000000
133800000040000000
133c00000040000000
134000000040000000
134400000040000000
134800000040000000
134c00000040000000
135000000040000000
135400000040000000
135800000040000000
135c00000040000000
136000000040000000
136400000040000000
136800000040000000
136c00000040000000
137000000040000000
137400000040000000
137800000040000000
137c00000040000000
138000000040000000
138400000040000000
138800000040000000
138c00000040000000
139000000040000000
139400000040000000
139800000040000000
139c00000040000000
13a000000040000000
13a400000040000000
13a800000040000000
13ac00000040000000
13b000000040000000
13b400000040000000
13b800000040000000
13bc00000040000000
13c000000040000000
13c400000040000000
13c800000040000000
13cc00000040000000
13d000000040000000
13d400000040000000
13d800000040000000
13dc00000040000000
13e000000040000000
13e400000040000000
13e800000040000000
13ec00000040000000
13f000000040000000
13f400000040000000
13f800000040000000
13fc00000040000000
140000000040000000
140400000040000000
140800000040000000
140c00000040000000
141000000040000000
141400000040000000
141800000040000000
141c00000040000000
142000000040000000
142400000040000000
142800000040000000
142c00000040000000
143000000040000000
143400000040000000
143800000040000000
143c00000040000000
144000000040000000
144400000040000000
144800000040000000
144c00000040000000
145000000040000000
145400000040000000
145800000040000000
145c00000040000000
146000000040000000
146400000040000000
146800000040000000
146c00000040000000
147000000040000000
147400000040000000
147800000040000000
147c00000040000000
148000000040000000
148400000040000000
148800000040000000
148c00000040000000
149000000040000000
149400000040000000
149800000040000000
149c00000040000000
14a000000040000000
14a400000040000000
14a800000040000000
14ac00000040000000
14b000000040000000
14b400000040000000
14b800000040000000
14bc00000040000000
14c000000040000000
14c400000040000000
14c800000040000000
14cc00000040000000
14d000000040000000
14d400000040000000
14d800000040000000
14dc00000040000000
14e000000040000000
14e400000040000000
14e800000040000000
14ec00000040000000
14f000000040000000
14f400000040000000
14f800000040000000
14fc00000040000000
150000000040000000
150400000040000000
150800000040000000
150c00000040000000
151000000040000000
151400000040000000
151800000040000000
151c00000040000000
152000000040000000
152400000040000000
152800000040000000
152c00000040000000
153000000040000000
153400000040000000
153800000040000000
153c00000040000000
154000000040000000
154400000040000000
154800000040000000
154c00000040000000
155000000040000000
155400000040000000
155800000040000000
155c00000040000000
156000000040000000
156400000040000000
156800000040000000
156c00000040000000
157000000040000000
157400000040000000
157800000040000000
157c00000040000000
158000000040000000
158400000040000000
158800000040000000
158c00000040000000
159000000040000000
159400000040000000
159800000040000000
159c00000040000000
15a000000040000000
15a400000040000000
15a800000040000000
15ac00000040000000
15b000000040000000
15b400000040000000
15b800000040000000
15bc00000040000000
15c000000040000000
15c400000040000000
15c800000040000000
15cc00000040000000
15d000000040000000
15d400000040000000
15d800000040000000
15dc00000040000000
15e000000040000000
15e400000040000000
15e800000040000000
15ec00000040000000
15f000000040000000
15f400000040000000
15f800000040000000
15fc00000040000000
160000000040000000
160400000040000000
160800000040000000
160c00000040000000
161000000040000000
161400000040000000
161800000040000000
161c00000040000000
162000000040000000
162400000040000000
162800000040000000
162c00000040000000
163000000040000000
163400000040000000
163800000040000000
163c00000040000000
164000000040000000
164400000040000000
164800000040000000
164c00000040000000
165000000040000000
165400000040000000
165800000040000000
165c00000040000000
166000000040000000
166400000040000000
166800000040000000
166c00000040000000
167000000040000000
167400000040000000
167800000040000000
167c00000040000000
168000000040000000
168400000040000000
168800000040000000
168c00000040000000
169000000040000000
169400000040000000
169800000040000000
169c00000040000000
16a000000040000000
16a400000040000000
16a800000040000000
16ac00000040000000
16b000000040000000
16b400000040000000
16b800000040000000
16bc00000040000000
16c000000040000000
16c400000040000000
16c800000040000000
16cc00000040000000
16d000000040000000
16d400000040000000
16d800000040000000
16dc00000040000000
16e000000040000000
16e400000040000000
16e800000040000000
16ec00000040000000
16f000000040000000
16f400000040000000
16f800000040000000
16fc00000040000000
170000000040000000
170400000040000000
170800000040000000
170c00000040000000
171000000040000000
171400000040000000
171800000040000000
171c00000040000000
172000000040000000
172400000040000000
172800000040000000
172c00000040000000
173000000040000000
173400000040000000
173800000040000000
173c00000040000000
174000000040000000
174400000040000000
174800000040000000
174c00000040000000
175000000040000000
175400000040000000
175800000040000000
175c00000040000000
176000000040000000
176400000040000000
176800000040000000
176c00000040000000
177000000040000000
177400000040000000
177800000040000000
177c00000040000000
178000000040000000
178400000040000000
178800000040000000
178c00000040000000
179000000040000000
179400000040000000
179800000040000000
179c00000040000000
17a000000040000000
17a400000040000000
17a800000040000000
17ac00000040000000
17b000000040000000
17b400000040000000
17b800000040000000
17bc00000040000000
17c000000040000000
17c400000040000000
17c800000040000000
17cc00000040000000
17d000000040000000
17d400000040000000
17d800000040000000
17dc00000040000000
17e000000040000000
17e400000040000000
17e800000040000000
17ec00000040000000
17f000000040000000
17f400000040000000
17f800000040000000
17fc00000040000000
180000000040000000
180400000040000000
180800000040000000
180c00000040000000
181000000040000000
181400000040000000
181800000040000000
181c00000040000000
182000000040000000
182400000040000000
182800000040000000
182c00000040000000
183000000040000000
183400000040000000
183800000040000000
183c00000040000000
184000000040000000
184400000040000000
184800000040000000
184c00000040000000
185000000040000000
185400000040000000
185800000040000000
185c00000040000000
186000000040000000
186400000040000000
186800000040000000
186c00000040000000
187000000040000000
187400000040000000
187800000040000000
187c00000040000000
188000000040000000
188400000040000000
188800000040000000
188c00000040000000
189000000040000000
189400000040000000
189800000040000000
189c00000040000000
18a000000040000000
18a400000040000000
18a800000040000000
18ac00000040000000
18b000000040000000
18b400000040000000
18b800000040000000
18bc00000040000000
18c000000040000000
18c400000040000000
18c800000040000000
18cc00000040000000
18d000000040000000
18d400000040000000
18d800000040000000
18dc00000040000000
18e000000040000000
18e400000040000000
18e800000040000000
18ec00000040000000
18f000000040000000
18f400000040000000
18f800000040000000
18fc00000040000000
190000000040000000
190400000040000000
190800000040000000
190c00000040000000
191000000040000000
191400000040000000
191800000040000000
191c00000040000000
192000000040000000
192400000040000000
192800000040000000
192c00000040000000
193000000040000000
193400000040000000
193800000040000000
193c00000040000000
194000000040000000
194400000040000000
194800000040000000
194c00000040000000
195000000040000000
195400000040000000
195800000040000000
195c00000040000000
196000000040000000
196400000040000000
196800000040000000
196c00000040000000
197000000040000000
197400000040000000
197800000040000000
197c00000040000000
198000000040000000
198400000040000000
198800000040000000
198c00000040000000
199000000040000000
199400000040000000
199800000040000000
199c00000040000000
19a000000040000000
19a400000040000000
19a800000040000000
19ac00000040000000
19b000000040000000
19b400000040000000
19b800000040000000
19bc00000040000000
19c000000040000000
19c400000040000000
19c800000040000000
19cc00000040000000
19d000000040000000
19d400000040000000
19d800000040000000
19dc00000040000000
19e000000040000000
19e400000040000000
19e800000040000000
19ec00000040000000
19f000000040000000
19f400000040000000
19f800000040000000
19fc00000040000000
1a0000000040000000
1a0400000040000000
1a0800000040000000
1a0c00000040000000
1a1000000040000000
1a1400000040000000
1a1800000040000000
1a1c00000040000000
1a2000000040000000
1a2400000040000000
1a2800000040000000
1a2c00000040000000
1a3000000040000000
1a3400000040000000
1a3800000040000000
1a3c00000040000000
1a4000000040000000
1a4400000040000000
1a4800000040000000
1a4c00000040000000
1a5000000040000000
1a5400000040000000
1a5800000040000000
1a5c00000040000000
1a6000000040000000
1a6400000040000000
1a6800000040000000
1a6c00000040000000
1a7000000040000000
1a7400000040000000
1a7800000040000000
1a7c00000040000000
1a8000000040000000
1a8400000040000000
1a8800000040000000
1a8c00000040000000
1a9000000040000000
1a9400000040000000
1a9800000040000000
1a9c00000040000000
1aa000000040000000
1aa400000040000000
1aa800000040000000
1aac00000040000000
1ab000000040000000
1ab400000040000000
1ab800000040000000
1abc00000040000000
1ac000000040000000
1ac400000040000000
1ac800000040000000
1acc00000040000000
1ad000000040000000
1ad400000040000000
1ad800000040000000
1adc00000040000000
1ae000000040000000
1ae400000040000000
1ae800000040000000
1aec00000040000000
1af000000040000000
1af400000040000000
1af800000040000000
1afc00000040000000
1b0000000040000000
1b0400000040000000
1b0800000040000000
1b0c00000040000000
1b1000000040000000
1b1400000040000000
1b1800000040000000
1b1c00000040000000
1b2000000040000000
1b2400000040000000
1b2800000040000000
1b2c00000040000000
1b3000000040000000
1b3400000040000000
1b3800000040000000
1b3c00000040000000
1b4000000040000000
1b4400000040000000
1b4800000040000000
1b4c00000040000000
1b5000000040000000
1b5400000040000000
1b5800000040000000
1b5c00000040000000
1b6000000040000000
1b6400000040000000
1b6800000040000000
1b6c00000040000000
1b7000000040000000
1b7400000040000000
1b7800000040000000
1b7c00000040000000
1b8000000040000000
1b8400000040000000
1b8800000040000000
1b8c00000040000000
1b9000000040000000
1b9400000040000000
1b9800000040000000
1b9c00000040000000
1ba000000040000000
1ba400000040000000
1ba800000040000000
1bac00000040000000
1bb000000040000000
1bb400000040000000
1bb800000040000000
1bbc00000040000000
1bc000000040000000
1bc400000040000000
1bc800000040000000
1bcc00000040000000
1bd000000040000000
1bd400000040000000
1bd800000040000000
1bdc00000040000000
1be000000040000000
1be400000040000000
1be800000040000000
1bec00000040000000
1bf000000040000000
1bf400000040000000
1bf800000040000000
1bfc00000040000000
1c0000000040000000
1c0400000040000000
1c0800000040000000
1c0c00000040000000
1c1000000040000000
1c1400000040000000
1c1800000040000000
1c1c00000040000000
1c2000000040000000
1c2400000040000000
1c2800000040000000
1c2c00000040000000
1c3000000040000000
1c3400000040000000
1c3800000040000000
1c3c00000040000000
1c4000000040000000
1c4400000040000000
1c4800000040000000
1c4c00000040000000
1c5000000040000000
1c5400000040000000
1c5800000040000000
1c5c00000040000000
1c6000000040000000
1c6400000040000000
1c6800000040000000
1c6c00000040000000
1c7000000040000000
1c7400000040000000
1c7800000040000000
1c7c00000040000000
1c8000000040000000
1c8400000040000000
1c8800000040000000
1c8c00000040000000
1c9000000040000000
1c9400000040000000
1c9800000040000000
1c9c00000040000000
1ca000000040000000
1ca400000040000000
1ca800000040000000
1cac00000040000000
1cb000000040000000
1cb400000040000000
1cb800000040000000
1cbc00000040000000
1cc000000040000000
1cc400000040000000
1cc800000040000000
1ccc00000040000000
1cd000000040000000
1cd400000040000000
1cd800000040000000
1cdc00000040000000
1ce000000040000000
1ce400000040000000
1ce800000040000000
1cec00000040000000
1cf000000040000000
1cf400000040000000
1cf800000040000000
1cfc00000040000000
1d0000000040000000
1d0400000040000000
1d0800000040000000
1d0c00000040000000
1d1000000040000000
1d1400000040000000
1d1800000040000000
1d1c00000040000000
1d2000000040000000
1d2400000040000000
1d2800000040000000
1d2c00000040000000
1d3000000040000000
1d3400000040000000
1d3800000040000000
1d3c00000040000000
1d4000000040000000
1d4400000040000000
1d4800000040000000
1d4c00000040000000
1d5000000040000000
1d5400000040000000
1d5800000040000000
1d5c00000040000000
1d6000000040000000
1d6400000040000000
1d6800000040000000
1d6c00000040000000
1d7000000040000000
1d7400000040000000
1d7800000040000000
1d7c00000040000000
1d8000000040000000
1d8400000040000000
1d8800000040000000
1d8c00000040000000
1d9000000040000000
1d9400000040000000
1d9800000040000000
1d9c00000040000000
1da000000040000000
1da400000040000000
1da800000040000000
1dac00000040000000
1db000000040000000
1db400000040000000
1db800000040000000
1dbc00000040000000
1dc000000040000000
1dc400000040000000
1dc800000040000000
1dcc00000040000000
1dd000000040000000
1dd400000040000000
1dd800000040000000
1ddc00000040000000
1de000000040000000
1de400000040000000
1de800000040000000
1dec00000040000000
1df000000040000000
1df400000040000000
1df800000040000000
1dfc00000040000000
1e0000000040000000
1e0400000040000000
1e0800000040000000
1e0c00000040000000
1e1000000040000000
1e1400000040000000
1e1800000040000000
1e1c00000040000000
1e2000000040000000
1e2400000040000000
1e2800000040000000
1e2c00000040000000
1e3000000040000000
1e3400000040000000
1e3800000040000000
1e3c00000040000000
1e4000000040000000
1e4400000040000000
1e4800000040000000
1e4c00000040000000
1e5000000040000000
1e5400000040000000
1e5800000040000000
1e5c00000040000000
1e6000000040000000
1e6400000040000000
1e6800000040000000
1e6c00000040000000
1e7000000040000000
1e7400000040000000
1e7800000040000000
1e7c00000040000000
1e8000000040000000
1e8400000040000000
1e8800000040000000
1e8c00000040000000
1e9000000040000000
1e9400000040000000
1e9800000040000000
1e9c00000040000000
1ea000000040000000
1ea400000040000000
1ea800000040000000
1eac00000040000000
1eb000000040000000
1eb400000040000000
1eb800000040000000
1ebc00000040000000
1ec000000040000000
1ec400000040000000
1ec800000040000000
1ecc00000040000000
1ed000000040000000
1ed400000040000000
1ed800000040000000
1edc00000040000000
1ee000000040000000
1ee400000040000000
1ee800000040000000
1eec00000040000000
1ef000000040000000
1ef400000040000000
1ef800000040000000
1efc00000040000000
1f0000000040000000
1f0400000040000000
1f0800000040000000
1f0c00000040000000
1f1000000040000000
1f1400000040000000
1f1800000040000000
1f1c00000040000000
1f2000000040000000
1f2400000040000000
1f2800000040000000
1f2c00000040000000
1f3000000040000000
1f3400000040000000
1f3800000040000000
1f3c00000040000000
1f4000000040000000
1f4400000040000000
1f4800000040000000
1f4c00000040000000
1f5000000040000000
1f5400000040000000
1f5800000040000000
1f5c00000040000000
1f6000000040000000
1f6400000040000000
1f6800000040000000
1f6c00000040000000
1f7000000040000000
1f7400000040000000
1f7800000040000000
1f7c00000040000000
1f8000000040000000
1f8400000040000000
1f8800000040000000
1f8c00000040000000
1f9000000040000000
1f9400000040000000
1f9800000040000000
1f9c00000040000000
1fa000000040000000
1fa400000040000000
1fa800000040000000
1fac00000040000000
1fb000000040000000
1fb400000040000000
1fb800000040000000
1fbc00000040000000
1fc000000040000000
1fc400000040000000
1fc800000040000000
1fcc00000040000000
1fd000000040000000
1fd400000040000000
1fd800000040000000
1fdc00000040000000
1fe000000040000000
1fe400000040000000
1fe800000040000000
1fec00000040000000
1ff000000040000000
1ff400000040000000
1ff800000040000000
1ffc00000040000000
200000000040000000
200400000040000000
200800000040000000
200c00000040000000
201000000040000000
201400000040000000
201800000040000000
201c00000040000000
202000000040000000
202400000040000000
202800000040000000
202c00000040000000
203000000040000000
203400000040000000
203800000040000000
203c00000040000000
204000000040000000
204400000040000000
204800000040000000
204c00000040000000
205000000040000000
205400000040000000
205800000040000000
205c00000040000000
206000000040000000
206400000040000000
206800000040000000
206c00000040000000
207000000040000000
207400000040000000
207800000040000000
207c00000040000000
208000000040000000
208400000040000000
208800000040000000
208c00000040000000
209000000040000000
209400000040000000
209800000040000000
209c00000040000000
20a000000040000000
20a400000040000000
20a800000040000000
20ac00000040000000
20b000000040000000
20b400000040000000
20b800000040000000
20bc00000040000000
20c000000040000000
20c400000040000000
20c800000040000000
20cc00000040000000
20d000000040000000
20d400000040000000
20d800000040000000
20dc00000040000000
20e000000040000000
20e400000040000000
20e800000040000000
20ec00000040000000
20f000000040000000
20f400000040000000
20f800000040000000
20fc00000040000000
210000000040000000
210400000040000000
210800000040000000
210c00000040000000
211000000040000000
211400000040000000
211800000040000000
211c00000040000000
212000000040000000
212400000040000000
212800000040000000
212c00000040000000
213000000040000000
213400000040000000
213800000040000000
213c00000040000000
214000000040000000
214400000040000000
214800000040000000
214c00000040000000
215000000040000000
215400000040000000
215800000040000000
215c00000040000000
216000000040000000
216400000040000000
216800000040000000
216c00000040000000
217000000040000000
217400000040000000
217800000040000000
217c00000040000000
218000000040000000
218400000040000000
218800000040000000
218c00000040000000
219000000040000000
219400000040000000
219800000040000000
219c00000040000000
21a000000040000000
21a400000040000000
21a800000040000000
21ac00000040000000
21b000000040000000
21b400000040000000
21b800000040000000
21bc00000040000000
21c000000040000000
21c400000040000000
21c800000040000000
21cc00000040000000
21d000000040000000
21d400000040000000
21d800000040000000
21dc00000040000000
21e000000040000000
21e400000040000000
21e800000040000000
21ec00000040000000
21f000000040000000
21f400000040000000
21f800000040000000
21fc00000040000000
220000000040000000
220400000040000000
220800000040000000
220c00000040000000
221000000040000000
221400000040000000
221800000040000000
221c00000040000000
222000000040000000
222400000040000000
222800000040000000
222c00000040000000
223000000040000000
223400000040000000
223800000040000000
223c00000040000000
224000000040000000
224400000040000000
224800000040000000
224c00000040000000
225000000040000000
225400000040000000
225800000040000000
225c00000040000000
226000000040000000
226400000040000000
226800000040000000
226c00000040000000
227000000040000000
227400000040000000
227800000040000000
227c00000040000000
228000000040000000
228400000040000000
228800000040000000
228c00000040000000
229000000040000000
229400000040000000
229800000040000000
229c00000040000000
22a000000040000000
22a400000040000000
22a800000040000000
22ac00000040000000
22b000000040000000
22b400000040000000
22b800000040000000
22bc00000040000000
22c000000040000000
22c400000040000000
22c800000040000000
22cc00000040000000
22d000000040000000
22d400000040000000
22d800000040000000
22dc00000040000000
22e000000040000000
22e400000040000000
22e800000040000000
22ec00000040000000
22f000000040000000
22f400000040000000
22f800000040000000
22fc00000040000000
230000000040000000
230400000040000000
230800000040000000
230c00000040000000
231000000040000000
231400000040000000
231800000040000000
231c00000040000000
232000000040000000
232400000040000000
232800000040000000
232c00000040000000
233000000040000000
233400000040000000
233800000040000000
233c00000040000000
234000000040000000
234400000040000000
234800000040000000
234c00000040000000
235000000040000000
235400000040000000
235800000040000000
235c00000040000000
236000000040000000
236400000040000000
236800000040000000
236c00000040000000
237000000040000000
237400000040000000
237800000040000000
237c00000040000000
238000000040000000
238400000040000000
238800000040000000
238c00000040000000
239000000040000000
239400000040000000
239800000040000000
239c00000040000000
23a000000040000000
23a400000040000000
23a800000040000000
23ac00000040000000
23b000000040000000
23b400000040000000
23b800000040000000
23bc00000040000000
23c000000040000000
23c400000040000000
23c800000040000000
23cc00000040000000
23d000000040000000
23d400000040000000
23d800000040000000
23dc00000040000000
23e000000040000000
23e400000040000000
23e800000040000000
23ec00000040000000
23f000000040000000
23f400000040000000
23f800000040000000
23fc00000040000000
240000000040000000
240400000040000000
240800000040000000
240c00000040000000
241000000040000000
241400000040000000
241800000040000000
241c00000040000000
242000000040000000
242400000040000000
242800000040000000
242c00000040000000
243000000040000000
243400000040000000
243800000040000000
243c00000040000000
244000000040000000
244400000040000000
244800000040000000
244c00000040000000
245000000040000000
245400000040000000
245800000040000000
245c00000040000000
246000000040000000
246400000040000000
246800000040000000
246c00000040000000
247000000040000000
247400000040000000
247800000040000000
247c00000040000000
248000000040000000
248400000040000000
248800000040000000
248c00000040000000
249000000040000000
249400000040000000
249800000040000000
249c00000040000000
24a000000040000000
24a400000040000000
24a800000040000000
24ac00000040000000
24b000000040000000
24b400000040000000
24b800000040000000
24bc00000040000000
24c000000040000000
24c400000040000000
24c800000040000000
24cc00000040000000
24d000000040000000
24d400000040000000
24d800000040000000
24dc00000040000000
24e000000040000000
24e400000040000000
24e800000040000000
24ec00000040000000
24f000000040000000
24f400000040000000
24f800000040000000
24fc00000040000000
250000000040000000
250400000040000000
250800000040000000
250c00000040000000
251000000040000000
251400000040000000
251800000040000000
251c00000040000000
252000000040000000
252400000040000000
252800000040000000
252c00000040000000
253000000040000000
253400000040000000
253800000040000000
253c00000040000000
254000000040000000
254400000040000000
254800000040000000
254c00000040000000
255000000040000000
255400000040000000
255800000040000000
255c00000040000000
256000000040000000
256400000040000000
256800000040000000
256c00000040000000
257000000040000000
257400000040000000
257800000040000000
257c00000040000000
258000000040000000
258400000040000000
258800000040000000
258c00000040000000
259000000040000000
259400000040000000
259800000040000000
259c00000040000000
25a000000040000000
25a400000040000000
25a800000040000000
25ac00000040000000
25b000000040000000
25b400000040000000
25b800000040000000
25bc00000040000000
25c000000040000000
25c400000040000000
25c800000040000000
25cc00000040000000
25d000000040000000
25d400000040000000
25d800000040000000
25dc00000040000000
25e000000040000000
25e400000040000000
25e800000040000000
25ec00000040000000
25f000000040000000
25f400000040000000
25f800000040000000
25fc00000040000000
260000000040000000
260400000040000000
260800000040000000
260c00000040000000
261000000040000000
261400000040000000
261800000040000000
261c00000040000000
262000000040000000
262400000040000000
262800000040000000
262c00000040000000
263000000040000000
263400000040000000
263800000040000000
263c00000040000000
264000000040000000
264400000040000000
264800000040000000
264c00000040000000
265000000040000000
265400000040000000
265800000040000000
265c00000040000000
266000000040000000
266400000040000000
266800000040000000
266c00000040000000
267000000040000000
267400000040000000
267800000040000000
267c00000040000000
268000000040000000
268400000040000000
268800000040000000
268c00000040000000
269000000040000000
269400000040000000
269800000040000000
269c00000040000000
26a000000040000000
26a400000040000000
26a800000040000000
26ac00000040000000
26b000000040000000
26b400000040000000
26b800000040000000
26bc00000040000000
26c000000040000000
26c400000040000000
26c800000040000000
26cc00000040000000
26d000000040000000
26d400000040000000
26d800000040000000
26dc00000040000000
26e000000040000000
26e400000040000000
26e800000040000000
26ec00000040000000
26f000000040000000
26f400000040000000
26f800000040000000
26fc00000040000000
270000000040000000
270400000040000000
270800000040000000
270c00000040000000
271000000040000000
271400000040000000
271800000040000000
271c00000040000000
272000000040000000
272400000040000000
272800000040000000
272c00000040000000
273000000040000000
273400000040000000
273800000040000000
273c00000040000000
274000000040000000
274400000040000000
274800000040000000
274c00000040000000
275000000040000000
275400000040000000
275800000040000000
275c00000040000000
276000000040000000
276400000040000000
276800000040000000
276c00000040000000
277000000040000000
277400000040000000
277800000040000000
277c00000040000000
278000000040000000
278400000040000000
278800000040000000
278c00000040000000
279000000040000000
279400000040000000
279800000040000000
279c00000040000000
27a000000040000000
27a400000040000000
27a800000040000000
27ac00000040000000
27b000000040000000
27b400000040000000
27b800000040000000
27bc00000040000000
27c000000040000000
27c400000040000000
27c800000040000000
27cc00000040000000
27d000000040000000
27d400000040000000
27d800000040000000
27dc00000040000000
27e000000040000000
27e400000040000000
27e800000040000000
27ec00000040000000
27f000000040000000
27f400000040000000
27f800000040000000
27fc00000040000000
280000000040000000
280400000040000000
280800000040000000
280c00000040000000
281000000040000000
281400000040000000
281800000040000000
281c00000040000000
282000000040000000
282400000040000000
282800000040000000
282c00000040000000
283000000040000000
283400000040000000
283800000040000000
283c00000040000000
284000000040000000
284400000040000000
284800000040000000
284c00000040000000
285000000040000000
285400000040000000
285800000040000000
285c00000040000000
286000000040000000
286400000040000000
286800000040000000
286c00000040000000
287000000040000000
287400000040000000
287800000040000000
287c00000040000000
288000000040000000
288400000040000000
288800000040000000
288c00000040000000
289000000040000000
289400000040000000
289800000040000000
289c00000040000000
28a000000040000000
28a400000040000000
28a800000040000000
28ac00000040000000
28b000000040000000
28b400000040000000
28b800000040000000
28bc00000040000000
28c000000040000000
28c400000040000000
28c800000040000000
28cc00000040000000
28d000000040000000
28d400000040000000
28d800000040000000
28dc00000040000000
28e000000040000000
28e400000040000000
28e800000040000000
28ec00000040000000
28f000000040000000
28f400000040000000
28f800000040000000
28fc00000040000000
290000000040000000
290400000040000000
290800000040000000
290c00000040000000
291000000040000000
291400000040000000
291800000040000000
291c00000040000000
292000000040000000
292400000040000000
292800000040000000
292c00000040000000
293000000040000000
293400000040000000
293800000040000000
293c00000040000000
294000000040000000
294400000040000000
294800000040000000
294c00000040000000
295000000040000000
295400000040000000
295800000040000000
295c00000040000000
296000000040000000
296400000040000000
296800000040000000
296c00000040000000
297000000040000000
297400000040000000
297800000040000000
297c00000040000000
298000000040000000
298400000040000000
298800000040000000
298c00000040000000
299000000040000000
299400000040000000
299800000040000000
299c00000040000000
29a000000040000000
29a400000040000000
29a800000040000000
29ac00000040000000
29b000000040000000
29b400000040000000
29b800000040000000
29bc00000040000000
29c000000040000000
29c400000040000000
29c800000040000000
29cc00000040000000
29d000000040000000
29d400000040000000
29d800000040000000
29dc00000040000000
29e000000040000000
29e400000040000000
29e800000040000000
29ec00000040000000
29f000000040000000
29f400000040000000
29f800000040000000
29fc00000040000000
2a0000000040000000
2a0400000040000000
2a0800000040000000
2a0c00000040000000
2a1000000040000000
2a1400000040000000
2a1800000040000000
2a1c00000040000000
2a2000000040000000
2a2400000040000000
2a2800000040000000
2a2c00000040000000
2a3000000040000000
2a3400000040000000
2a3800000040000000
2a3c00000040000000
2a4000000040000000
2a4400000040000000
2a4800000040000000
2a4c00000040000000
2a5000000040000000
2a5400000040000000
2a5800000040000000
2a5c00000040000000
2a6000000040000000
2a6400000040000000
2a6800000040000000
2a6c00000040000000
2a7000000040000000
2a7400000040000000
2a7800000040000000
2a7c00000040000000
2a8000000040000000
2a8400000040000000
2a8800000040000000
2a8c00000040000000
2a9000000040000000
2a9400000040000000
2a9800000040000000
2a9c00000040000000
2aa000000040000000
2aa400000040000000
2aa800000040000000
2aac00000040000000
2ab000000040000000
2ab400000040000000
2ab800000040000000
2abc00000040000000
2ac000000040000000
2ac400000040000000
2ac800000040000000
2acc00000040000000
2ad000000040000000
2ad400000040000000
2ad800000040000000
2adc00000040000000
2ae000000040000000
2ae400000040000000
2ae800000040000000
2aec00000040000000
2af000000040000000
2af400000040000000
2af800000040000000
2afc00000040000000
2b0000000040000000
2b0400000040000000
2b0800000040000000
2b0c00000040000000
2b1000000040000000
2b1400000040000000
2b1800000040000000
2b1c00000040000000
2b2000000040000000
2b2400000040000000
2b2800000040000000
2b2c00000040000000
2b3000000040000000
2b3400000040000000
2b3800000040000000
2b3c00000040000000
2b4000000040000000
2b4400000040000000
2b4800000040000000
2b4c00000040000000
2b5000000040000000
2b5400000040000000
2b5800000040000000
2b5c00000040000000
2b6000000040000000
2b6400000040000000
2b6800000040000000
2b6c00000040000000
2b7000000040000000
2b7400000040000000
2b7800000040000000
2b7c00000040000000
2b8000000040000000
2b8400000040000000
2b8800000040000000
2b8c00000040000000
2b9000000040000000
2b9400000040000000
2b9800000040000000
2b9c00000040000000
2ba000000040000000
2ba400000040000000
2ba800000040000000
2bac00000040000000
2bb000000040000000
2bb400000040000000
2bb800000040000000
2bbc00000040000000
2bc000000040000000
2bc400000040000000
2bc800000040000000
2bcc00000040000000
2bd000000040000000
2bd400000040000000
2bd800000040000000
2bdc00000040000000
2be000000040000000
2be400000040000000
2be800000040000000
2bec00000040000000
2bf000000040000000
2bf400000040000000
2bf800000040000000
2bfc00000040000000
2c0000000040000000
2c0400000040000000
2c0800000040000000
2c0c00000040000000
2c1000000040000000
2c1400000040000000
2c1800000040000000
2c1c00000040000000
2c2000000040000000
2c2400000040000000
2c2800000040000000
2c2c00000040000000
2c3000000040000000
2c3400000040000000
2c3800000040000000
2c3c00000040000000
2c4000000040000000
2c4400000040000000
2c4800000040000000
2c4c00000040000000
2c5000000040000000
2c5400000040000000
2c5800000040000000
2c5c00000040000000
2c6000000040000000
2c6400000040000000
2c6800000040000000
2c6c00000040000000
2c7000000040000000
2c7400000040000000
2c7800000040000000
2c7c00000040000000
2c8000000040000000
2c8400000040000000
2c8800000040000000
2c8c00000040000000
2c9000000040000000
2c9400000040000000
2c9800000040000000
2c9c00000040000000
2ca000000040000000
2ca400000040000000
2ca800000040000000
2cac00000040000000
2cb000000040000000
2cb400000040000000
2cb800000040000000
2cbc00000040000000
2cc000000040000000
2cc400000040000000
2cc800000040000000
2ccc00000040000000
2cd000000040000000
2cd400000040000000
2cd800000040000000
2cdc00000040000000
2ce000000040000000
2ce400000040000000
2ce800000040000000
2cec00000040000000
2cf000000040000000
2cf400000040000000
2cf800000040000000
2cfc00000040000000
2d0000000040000000
2d0400000040000000
2d0800000040000000
2d0c00000040000000
2d1000000040000000
2d1400000040000000
2d1800000040000000
2d1c00000040000000
2d2000000040000000
2d2400000040000000
2d2800000040000000
2d2c00000040000000
2d3000000040000000
2d3400000040000000
2d3800000040000000
2d3c00000040000000
2d4000000040000000
2d4400000040000000
2d4800000040000000
2d4c00000040000000
2d5000000040000000
2d5400000040000000
2d5800000040000000
2d5c00000040000000
2d6000000040000000
2d6400000040000000
2d6800000040000000
2d6c00000040000000
2d7000000040000000
2d7400000040000000
2d7800000040000000
2d7c00000040000000
2d8000000040000000
2d8400000040000000
2d8800000040000000
2d8c00000040000000
2d9000000040000000
2d9400000040000000
2d9800000040000000
2d9c00000040000000
2da000000040000000
2da400000040000000
2da800000040000000
2dac00000040000000
2db000000040000000
2db400000040000000
2db800000040000000
2dbc00000040000000
2dc000000040000000
2dc400000040000000
2dc800000040000000
2dcc00000040000000
2dd000000040000000
2dd400000040000000
2dd800000040000000
2ddc00000040000000
2de000000040000000
2de400000040000000
2de800000040000000
2dec00000040000000
2df000000040000000
2df400000040000000
2df800000040000000
2dfc00000040000000
2e0000000040000000
2e0400000040000000
2e0800000040000000
2e0c00000040000000
2e1000000040000000
2e1400000040000000
2e1800000040000000
2e1c00000040000000
2e2000000040000000
2e2400000040000000
2e2800000040000000
2e2c00000040000000
2e3000000040000000
2e3400000040000000
2e3800000040000000
2e3c00000040000000
2e4000000040000000
2e4400000040000000
2e4800000040000000
2e4c00000040000000
2e5000000040000000
2e5400000040000000
2e5800000040000000
2e5c00000040000000
2e6000000040000000
2e6400000040000000
2e6800000040000000
2e6c00000040000000
2e7000000040000000
2e7400000040000000
2e7800000040000000
2e7c00000040000000
2e8000000040000000
2e8400000040000000
2e8800000040000000
2e8c00000040000000
2e9000000040000000
2e9400000040000000
2e9800000040000000
2e9c00000040000000
2ea000000040000000
2ea400000040000000
2ea800000040000000
2eac00000040000000
2eb000000040000000
2eb400000040000000
2eb800000040000000
2ebc00000040000000
2ec000000040000000
2ec400000040000000
2ec800000040000000
2ecc00000040000000
2ed000000040000000
2ed400000040000000
2ed800000040000000
2edc00000040000000
2ee000000040000000
2ee400000040000000
2ee800000040000000
2eec00000040000000
2ef000000040000000
2ef400000040000000
2ef800000040000000
2efc00000040000000
2f0000000040000000
2f0400000040000000
2f0800000040000000
2f0c00000040000000
2f1000000040000000
2f1400000040000000
2f1800000040000000
2f1c00000040000000
2f2000000040000000
2f2400000040000000
2f2800000040000000
2f2c00000040000000
2f3000000040000000
2f3400000040000000
2f3800000040000000
2f3c00000040000000
2f4000000040000000
2f4400000040000000
2f4800000040000000
2f4c00000040000000
2f5000000040000000
2f5400000040000000
2f5800000040000000
2f5c00000040000000
2f6000000040000000
2f6400000040000000
2f6800000040000000
2f6c00000040000000
2f7000000040000000
2f7400000040000000
2f7800000040000000
2f7c00000040000000
2f8000000040000000
2f8400000040000000
2f8800000040000000
2f8c00000040000000
2f9000000040000000
2f9400000040000000
2f9800000040000000
2f9c00000040000000
2fa000000225211047
2fa400000040000000
2fa800000040000000
2fac00000040000000
2fb000000040000000
2fb400000040000000
2fb800000040000000
2fbc00000040000000
2fc000000040000000
2fc400000040000000
2fc800000040000000
2fcc00000040000000
2fd000000040000000
2fd400000040000000
2fd800000040000000
2fdc00000040000000
2fe000000040000000
2fe400000040000000
2fe800000040000000
2fec00000040000000
2ff000000040000000
2ff400000040000000
2ff800000040000000
2ffc00000040000000
300000000040000000
300400000040000000
300800000040000000
300c00000040000000
301000000040000000
301400000040000000
301800000040000000
301c00000040000000
302000000040000000
302400000040000000
302800000040000000
302c00000040000000
303000000040000000
303400000040000000
303800000040000000
303c00000040000000
304000000040000000
304400000040000000
304800000040000000
304c00000040000000
305000000040000000
305400000040000000
305800000040000000
305c00000040000000
306000000040000000
306400000040000000
306800000040000000
306c00000040000000
307000000040000000
307400000040000000
307800000040000000
307c00000040000000
308000000040000000
308400000040000000
308800000040000000
308c00000040000000
309000000040000000
309400000040000000
309800000040000000
309c00000040000000
30a000000040000000
30a400000040000000
30a800000040000000
30ac00000040000000
30b000000040000000
30b400000040000000
30b800000040000000
30bc00000040000000
30c000000040000000
30c400000040000000
30c800000040000000
30cc00000040000000
30d000000040000000
30d400000040000000
30d800000040000000
30dc00000040000000
30e000000040000000
30e400000040000000
30e800000040000000
30ec00000040000000
30f000000040000000
30f400000040000000
30f800000040000000
30fc00000040000000
310000000040000000
310400000040000000
310800000040000000
310c00000040000000
311000000040000000
311400000040000000
311800000040000000
311c00000040000000
312000000040000000
312400000040000000
312800000040000000
312c00000040000000
313000000040000000
313400000040000000
313800000040000000
313c00000040000000
314000000040000000
314400000040000000
314800000040000000
314c00000040000000
315000000040000000
315400000040000000
315800000040000000
315c00000040000000
316000000040000000
316400000040000000
316800000040000000
316c00000040000000
317000000040000000
317400000040000000
317800000040000000
317c00000040000000
318000000040000000
318400000040000000
318800000040000000
318c00000040000000
319000000040000000
319400000040000000
319800000040000000
319c00000040000000
31a000000040000000
31a400000040000000
31a800000040000000
31ac00000040000000
31b000000040000000
31b400000040000000
31b800000040000000
31bc00000040000000
31c000000040000000
31c400000040000000
31c800000040000000
31cc00000040000000
31d000000040000000
31d400000040000000
31d800000040000000
31dc00000040000000
31e000000040000000
31e400000040000000
31e800000040000000
31ec00000040000000
31f000000040000000
31f400000040000000
31f800000040000000
31fc00000040000000
320000000040000000
320400000040000000
320800000040000000
320c00000040000000
321000000040000000
321400000040000000
321800000040000000
321c00000040000000
322000000040000000
322400000040000000
322800000040000000
322c00000040000000
323000000040000000
323400000040000000
323800000040000000
323c00000040000000
324000000040000000
324400000040000000
324800000040000000
324c00000040000000
325000000040000000
325400000040000000
325800000040000000
325c00000040000000
326000000040000000
326400000040000000
326800000040000000
326c00000040000000
327000000040000000
327400000040000000
327800000040000000
327c00000040000000
328000000040000000
328400000040000000
328800000040000000
328c00000040000000
329000000040000000
329400000040000000
329800000040000000
329c00000040000000
32a000000040000000
32a400000040000000
32a800000040000000
32ac00000040000000
32b000000040000000
32b400000040000000
32b800000040000000
32bc00000040000000
32c000000040000000
32c400000040000000
32c800000040000000
32cc00000040000000
32d000000040000000
32d400000040000000
32d800000040000000
32dc00000040000000
32e000000040000000
32e400000040000000
32e800000040000000
32ec00000040000000
32f000000040000000
32f400000040000000
32f800000040000000
32fc00000040000000
330000000040000000
330400000040000000
330800000040000000
330c00000040000000
331000000040000000
331400000040000000
331800000040000000
331c00000040000000
332000000040000000
332400000040000000
332800000040000000
332c00000040000000
333000000040000000
333400000040000000
333800000040000000
333c00000040000000
334000000040000000
334400000040000000
334800000040000000
334c00000040000000
335000000040000000
335400000040000000
335800000040000000
335c00000040000000
336000000040000000
336400000040000000
336800000040000000
336c00000040000000
337000000040000000
337400000040000000
337800000040000000
337c00000040000000
338000000040000000
338400000040000000
338800000040000000
338c00000040000000
339000000040000000
339400000040000000
339800000040000000
339c00000040000000
33a000000040000000
33a400000040000000
33a800000040000000
33ac00000040000000
33b000000040000000
33b400000040000000
33b800000040000000
33bc00000040000000
33c000000040000000
33c400000040000000
33c800000040000000
33cc00000040000000
33d000000040000000
33d400000040000000
33d800000040000000
33dc00000040000000
33e000000040000000
33e400000040000000
33e800000040000000
33ec00000040000000
33f000000040000000
33f400000040000000
33f800000040000000
33fc00000040000000
340000000040000000
340400000040000000
340800000040000000
340c00000040000000
341000000040000000
341400000040000000
341800000040000000
341c00000040000000
342000000040000000
342400000040000000
342800000040000000
342c00000040000000
343000000040000000
343400000040000000
343800000040000000
343c00000040000000
344000000040000000
344400000040000000
344800000040000000
344c00000040000000
345000000040000000
345400000040000000
345800000040000000
345c00000040000000
346000000040000000
346400000040000000
346800000040000000
346c00000040000000
347000000040000000
347400000040000000
347800000040000000
347c00000040000000
348000000040000000
348400000040000000
348800000040000000
348c00000040000000
349000000040000000
349400000040000000
349800000040000000
349c00000040000000
34a000000040000000
34a400000040000000
34a800000040000000
34ac00000040000000
34b000000040000000
34b400000040000000
34b800000040000000
34bc00000040000000
34c000000040000000
34c400000040000000
34c800000040000000
34cc00000040000000
34d000000040000000
34d400000040000000
34d800000040000000
34dc00000040000000
34e000000040000000
34e400000040000000
34e800000040000000
34ec00000040000000
34f000000040000000
34f400000040000000
34f800000040000000
34fc00000040000000
350000000040000000
350400000040000000
350800000040000000
350c00000040000000
351000000040000000
351400000040000000
351800000040000000
351c00000040000000
352000000040000000
352400000040000000
352800000040000000
352c00000040000000
353000000040000000
353400000040000000
353800000040000000
353c00000040000000
354000000040000000
354400000040000000
354800000040000000
354c00000040000000
355000000040000000
355400000040000000
355800000040000000
355c00000040000000
356000000040000000
356400000040000000
356800000040000000
356c00000040000000
357000000040000000
357400000040000000
357800000040000000
357c00000040000000
358000000040000000
358400000040000000
358800000040000000
358c00000040000000
359000000040000000
359400000040000000
359800000040000000
359c00000040000000
35a000000040000000
35a400000040000000
35a800000040000000
35ac00000040000000
35b000000040000000
35b400000040000000
35b800000040000000
35bc00000040000000
35c000000040000000
35c400000040000000
35c800000040000000
35cc00000040000000
35d000000040000000
35d400000040000000
35d800000040000000
35dc00000040000000
35e000000040000000
35e400000040000000
35e800000040000000
35ec00000040000000
35f000000040000000
35f400000040000000
35f800000040000000
35fc00000040000000
360000000040000000
360400000040000000
360800000040000000
360c00000040000000
361000000040000000
361400000040000000
361800000040000000
361c00000040000000
362000000040000000
362400000040000000
362800000040000000
362c00000040000000
363000000040000000
363400000040000000
363800000040000000
363c00000040000000
364000000040000000
364400000040000000
364800000040000000
364c00000040000000
365000000040000000
365400000040000000
365800000040000000
365c00000040000000
366000000040000000
366400000040000000
366800000040000000
366c00000040000000
367000000040000000
367400000040000000
367800000040000000
367c00000040000000
368000000040000000
368400000040000000
368800000040000000
368c00000040000000
369000000040000000
369400000040000000
369800000040000000
369c00000040000000
36a000000040000000
36a400000040000000
36a800000040000000
36ac00000040000000
36b000000040000000
36b400000040000000
36b800000040000000
36bc00000040000000
36c000000040000000
36c400000040000000
36c800000040000000
36cc00000040000000
36d000000040000000
36d400000040000000
36d800000040000000
36dc00000040000000
36e000000040000000
36e400000040000000
36e800000040000000
36ec00000040000000
36f000000040000000
36f400000040000000
36f800000040000000
36fc00000040000000
370000000040000000
370400000040000000
370800000040000000
370c00000040000000
371000000040000000
371400000040000000
371800000040000000
371c00000040000000
372000000040000000
372400000040000000
372800000040000000
372c00000040000000
373000000040000000
373400000040000000
373800000040000000
373c00000040000000
374000000040000000
374400000040000000
374800000040000000
374c00000040000000
375000000040000000
375400000040000000
375800000040000000
375c00000040000000
376000000040000000
376400000040000000
376800000040000000
376c00000040000000
377000000040000000
377400000040000000
377800000040000000
377c00000040000000
378000000040000000
378400000040000000
378800000040000000
378c00000040000000
379000000040000000
379400000040000000
379800000040000000
379c00000040000000
37a000000040000000
37a400000040000000
37a800000040000000
37ac00000040000000
37b000000040000000
37b400000040000000
37b800000040000000
37bc00000040000000
37c000000040000000
37c400000040000000
37c800000040000000
37cc00000040000000
37d000000040000000
37d400000040000000
37d800000040000000
37dc00000040000000
37e000000040000000
37e400000040000000
37e800000040000000
37ec00000040000000
37f000000040000000
37f400000040000000
37f800000040000000
37fc00000040000000
380000000040000000
380400000040000000
380800000040000000
380c00000040000000
381000000040000000
381400000040000000
381800000040000000
381c00000040000000
382000000040000000
382400000040000000
382800000040000000
382c00000040000000
383000000040000000
383400000040000000
383800000040000000
383c00000040000000
384000000040000000
384400000040000000
384800000040000000
384c00000040000000
385000000040000000
385400000040000000
385800000040000000
385c00000040000000
386000000040000000
386400000040000000
386800000040000000
386c00000040000000
387000000040000000
387400000040000000
387800000040000000
387c00000040000000
388000000040000000
388400000040000000
388800000040000000
388c00000040000000
389000000040000000
389400000040000000
389800000040000000
389c00000040000000
38a000000040000000
38a400000040000000
38a800000040000000
38ac00000040000000
38b000000040000000
38b400000040000000
38b800000040000000
38bc00000040000000
38c000000040000000
38c400000040000000
38c800000040000000
38cc00000040000000
38d000000040000000
38d400000040000000
38d800000040000000
38dc00000040000000
38e000000040000000
38e400000040000000
38e800000040000000
38ec00000040000000
38f000000040000000
38f400000040000000
38f800000040000000
38fc00000040000000
390000000040000000
390400000040000000
390800000040000000
390c00000040000000
391000000040000000
391400000040000000
391800000040000000
391c00000040000000
392000000040000000
392400000040000000
392800000040000000
392c00000040000000
393000000040000000
393400000040000000
393800000040000000
393c00000040000000
394000000040000000
394400000040000000
394800000040000000
394c00000040000000
395000000040000000
395400000040000000
395800000040000000
395c00000040000000
396000000040000000
396400000040000000
396800000040000000
396c00000040000000
397000000040000000
397400000040000000
397800000040000000
397c00000040000000
398000000040000000
398400000040000000
398800000040000000
398c00000040000000
399000000040000000
399400000040000000
399800000040000000
399c00000040000000
39a000000040000000
39a400000040000000
39a800000040000000
39ac00000040000000
39b000000040000000
39b400000040000000
39b800000040000000
39bc00000040000000
39c000000040000000
39c400000040000000
39c800000040000000
39cc00000040000000
39d000000040000000
39d400000040000000
39d800000040000000
39dc00000040000000
39e000000040000000
39e400000040000000
39e800000040000000
39ec00000040000000
39f000000040000000
39f400000040000000
39f800000040000000
39fc00000040000000
3a0000000040000000
3a0400000040000000
3a0800000040000000
3a0c00000040000000
3a1000000040000000
3a1400000040000000
3a1800000040000000
3a1c00000040000000
3a2000000040000000
3a2400000040000000
3a2800000040000000
3a2c00000040000000
3a3000000040000000
3a3400000040000000
3a3800000040000000
3a3c00000040000000
3a4000000040000000
3a4400000040000000
3a4800000040000000
3a4c00000040000000
3a5000000040000000
3a5400000040000000
3a5800000040000000
3a5c00000040000000
3a6000000040000000
3a6400000040000000
3a6800000040000000
3a6c00000040000000
3a7000000040000000
3a7400000040000000
3a7800000040000000
3a7c00000040000000
3a8000000040000000
3a8400000040000000
3a8800000040000000
3a8c00000040000000
3a9000000040000000
3a9400000040000000
3a9800000040000000
3a9c00000040000000
3aa000000040000000
3aa400000040000000
3aa800000040000000
3aac00000040000000
3ab000000040000000
3ab400000040000000
3ab800000040000000
3abc00000040000000
3ac000000040000000
3ac400000040000000
3ac800000040000000
3acc00000040000000
3ad000000040000000
3ad400000040000000
3ad800000040000000
3adc00000040000000
3ae000000040000000
3ae400000040000000
3ae800000040000000
3aec00000040000000
3af000000040000000
3af400000040000000
3af800000040000000
3afc00000040000000
3b0000000040000000
3b0400000040000000
3b0800000040000000
3b0c00000040000000
3b1000000040000000
3b1400000040000000
3b1800000040000000
3b1c00000040000000
3b2000000040000000
3b2400000040000000
3b2800000040000000
3b2c00000040000000
3b3000000040000000
3b3400000040000000
3b3800000040000000
3b3c00000040000000
3b4000000040000000
3b4400000040000000
3b4800000040000000
3b4c00000040000000
3b5000000040000000
3b5400000040000000
3b5800000040000000
3b5c00000040000000
3b6000000040000000
3b6400000040000000
3b6800000040000000
3b6c00000040000000
3b7000000040000000
3b7400000040000000
3b7800000040000000
3b7c00000040000000
3b8000000040000000
3b8400000040000000
3b8800000040000000
3b8c00000040000000
3b9000000040000000
3b9400000040000000
3b9800000040000000
3b9c00000040000000
3ba000000040000000
3ba400000040000000
3ba800000040000000
3bac00000040000000
3bb000000040000000
3bb400000040000000
3bb800000040000000
3bbc00000040000000
3bc000000040000000
3bc400000040000000
3bc800000040000000
3bcc00000040000000
3bd000000040000000
3bd400000040000000
3bd800000040000000
3bdc00000040000000
3be000000040000000
3be400000040000000
3be800000040000000
3bec00000040000000
3bf000000040000000
3bf400000040000000
3bf800000040000000
3bfc00000040000000
3c0000000040000000
3c0400000040000000
3c0800000040000000
3c0c00000040000000
3c1000000040000000
3c1400000040000000
3c1800000040000000
3c1c00000040000000
3c2000000040000000
3c2400000040000000
3c2800000040000000
3c2c00000040000000
3c3000000040000000
3c3400000040000000
3c3800000040000000
3c3c00000040000000
3c4000000040000000
3c4400000040000000
3c4800000040000000
3c4c00000040000000
3c5000000040000000
3c5400000040000000
3c5800000040000000
3c5c00000040000000
3c6000000040000000
3c6400000040000000
3c6800000040000000
3c6c00000040000000
3c7000000040000000
3c7400000040000000
3c7800000040000000
3c7c00000040000000
3c8000000040000000
3c8400000040000000
3c8800000040000000
3c8c00000040000000
3c9000000040000000
3c9400000040000000
3c9800000040000000
3c9c00000040000000
3ca000000040000000
3ca400000040000000
3ca800000040000000
3cac00000040000000
3cb000000040000000
3cb400000040000000
3cb800000040000000
3cbc00000040000000
3cc000000040000000
3cc400000040000000
3cc800000040000000
3ccc00000040000000
3cd000000040000000
3cd400000040000000
3cd800000040000000
3cdc00000040000000
3ce000000040000000
3ce400000040000000
3ce800000040000000
3cec00000040000000
3cf000000040000000
3cf400000040000000
3cf800000040000000
3cfc00000040000000
3d0000000040000000
3d0400000040000000
3d0800000040000000
3d0c00000040000000
3d1000000040000000
3d1400000040000000
3d1800000040000000
3d1c00000040000000
3d2000000040000000
3d2400000040000000
3d2800000040000000
3d2c00000040000000
3d3000000040000000
3d3400000040000000
3d3800000040000000
3d3c00000040000000
3d4000000040000000
3d4400000040000000
3d4800000040000000
3d4c00000040000000
3d5000000040000000
3d5400000040000000
3d5800000040000000
3d5c00000040000000
3d6000000040000000
3d6400000040000000
3d6800000040000000
3d6c00000040000000
3d7000000040000000
3d7400000040000000
3d7800000040000000
3d7c00000040000000
3d8000000040000000
3d8400000040000000
3d8800000040000000
3d8c00000040000000
3d9000000040000000
3d9400000040000000
3d9800000040000000
3d9c00000040000000
3da000000040000000
3da400000040000000
3da800000040000000
3dac00000040000000
3db000000040000000
3db400000040000000
3db800000040000000
3dbc00000040000000
3dc000000040000000
3dc400000040000000
3dc800000040000000
3dcc00000040000000
3dd000000040000000
3dd400000040000000
3dd800000040000000
3ddc00000040000000
3de000000040000000
3de400000040000000
3de800000040000000
3dec00000040000000
3df000000040000000
3df400000040000000
3df800000040000000
3dfc00000040000000
3e0000000040000000
3e0400000040000000
3e0800000040000000
3e0c00000040000000
3e1000000040000000
3e1400000040000000
3e1800000040000000
3e1c00000040000000
3e2000000040000000
3e2400000040000000
3e2800000040000000
3e2c00000040000000
3e3000000040000000
3e3400000040000000
3e3800000040000000
3e3c00000040000000
3e4000000040000000
3e4400000040000000
3e4800000040000000
3e4c00000040000000
3e5000000040000000
3e5400000040000000
3e5800000040000000
3e5c00000040000000
3e6000000040000000
3e6400000040000000
3e6800000040000000
3e6c00000040000000
3e7000000040000000
3e7400000040000000
3e7800000040000000
3e7c00000040000000
3e8000000040000000
3e8400000040000000
3e8800000040000000
3e8c00000040000000
3e9000000040000000
3e9400000040000000
3e9800000040000000
3e9c00000040000000
3ea000000040000000
3ea400000040000000
3ea800000040000000
3eac00000040000000
3eb000000040000000
3eb400000040000000
3eb800000040000000
3ebc00000040000000
3ec000000040000000
3ec400000040000000
3ec800000040000000
3ecc00000040000000
3ed000000040000000
3ed400000040000000
3ed800000040000000
3edc00000040000000
3ee000000040000000
3ee400000040000000
3ee800000040000000
3eec00000040000000
3ef000000040000000
3ef400000040000000
3ef800000040000000
3efc00000040000000
3f0000000040000000
3f0400000040000000
3f0800000040000000
3f0c00000040000000
3f1000000040000000
3f1400000040000000
3f1800000040000000
3f1c00000040000000
3f2000000040000000
3f2400000040000000
3f2800000040000000
3f2c00000040000000
3f3000000040000000
3f3400000040000000
3f3800000040000000
3f3c00000040000000
3f4000000040000000
3f4400000040000000
3f4800000040000000
3f4c00000040000000
3f5000000040000000
3f5400000040000000
3f5800000040000000
3f5c00000040000000
3f6000000040000000
3f6400000040000000
3f6800000040000000
3f6c00000040000000
3f7000000040000000
3f7400000040000000
3f7800000040000000
3f7c00000040000000
3f8000000040000000
3f8400000040000000
3f8800000040000000
3f8c00000040000000
3f9000000040000000
3f9400000040000000
3f9800000040000000
3f9c00000040000000
3fa000000040000000
3fa400000040000000
3fa800000040000000
3fac00000040000000
3fb000000040000000
3fb400000040000000
3fb800000040000000
3fbc00000040000000
3fc000000040000000
3fc400000040000000
3fc800000040000000
3fcc00000040000000
3fd000000040000000
3fd400000040000000
3fd800000040000000
3fdc00000040000000
3fe000000040000000
3fe400000040000000
3fe800000040000000
3fec00000040000000
3ff000000040000000
3ff400000040000000
3ff800000040000000
7ffc00000040000000
000000000000000000
0007ffffffffffffff
000bfffffffffffffe
000fffffffffffffff
0013ffffffffffffff
0017ffffffffffffff
001bffffffffffffff
001ffffffffffffffe
0023ffffffffffffff
0027ffffffffffffff
002bffffffffffffff
002fffffffffffffff
0033fffffffffffffe
0037ffffffffffffff
003bffffffffffffff
003fffffffffffffff
0043ffffffffffffff
0047fffffffffffffe
004bffffffffffffff
004fffffffffffffff
0053ffffffffffffff
0057ffffffffffffff
005bfffffffffffffe
005fffffffffffffff
0063ffffffffffffff
0067ffffffffffffff
006bffffffffffffff
006ffffffffffffffe
0073ffffffffffffff
0077ffffffffffffff
007bffffffffffffff
007fffffffffffffff
0083fffffffffffffe
0087ffffffffffffff
008bffffffffffffff
008fffffffffffffff
0093ffffffffffffff
0097fffffffffffffe
009bffffffffffffff
009fffffffffffffff
00a3ffffffffffffff
00a7ffffffffffffff
00abfffffffffffffe
00afffffffffffffff
00b3ffffffffffffff
00b7ffffffffffffff
00bbffffffffffffff
00bffffffffffffffe
00c3ffffffffffffff
00c7ffffffffffffff
00cbffffffffffffff
00cfffffffffffffff
00d3fffffffffffffe
00d7ffffffffffffff
00dbffffffffffffff
00dfffffffffffffff
00e3ffffffffffffff
00e7fffffffffffffe
00ebffffffffffffff
00efffffffffffffff
00f3ffffffffffffff
00f7ffffffffffffff
00fbfffffffffffffe
00ffffffffffffffff
0103ffffffffffffff
0107ffffffffffffff
010bffffffffffffff
010ffffffffffffffe
0113ffffffffffffff
0117ffffffffffffff
011bffffffffffffff
011fffffffffffffff
0123fffffffffffffe
0127ffffffffffffff
012bffffffffffffff
012fffffffffffffff
0133ffffffffffffff
0137fffffffffffffe
013bffffffffffffff
013fffffffffffffff
0143ffffffffffffff
0147ffffffffffffff
014bfffffffffffffe
014fffffffffffffff
0153ffffffffffffff
0157ffffffffffffff
015bffffffffffffff
015ffffffffffffffe
0163ffffffffffffff
0167ffffffffffffff
016bffffffffffffff
016fffffffffffffff
0173fffffffffffffe
0177ffffffffffffff
017bffffffffffffff
017fffffffffffffff
0183ffffffffffffff
0187fffffffffffffe
018bffffffffffffff
018fffffffffffffff
0193ffffffffffffff
0197ffffffffffffff
019bfffffffffffffe
019fffffffffffffff
01a3ffffffffffffff
01a7ffffffffffffff
01abffffffffffffff
01affffffffffffffe
01b3ffffffffffffff
01b7ffffffffffffff
01bbffffffffffffff
01bfffffffffffffff
01c3fffffffffffffe
01c7ffffffffffffff
01cbffffffffffffff
01cfffffffffffffff
01d3ffffffffffffff
01d7fffffffffffffe
01dbffffffffffffff
01dfffffffffffffff
01e3ffffffffffffff
01e7ffffffffffffff
01ebfffffffffffffe
01efffffffffffffff
01f3ffffffffffffff
01f7ffffffffffffff
01fbffffffffffffff
01fffffffffffffffe
0203ffffffffffffff
0207ffffffffffffff
020bffffffffffffff
020fffffffffffffff
0213fffffffffffffe
0217ffffffffffffff
021bffffffffffffff
021fffffffffffffff
0223ffffffffffffff
0227fffffffffffffe
022bffffffffffffff
022fffffffffffffff
0233ffffffffffffff
0237ffffffffffffff
023bfffffffffffffe
023fffffffffffffff
0243ffffffffffffff
0247ffffffffffffff
024bffffffffffffff
024ffffffffffffffe
0253ffffffffffffff
0257ffffffffffffff
025bffffffffffffff
025fffffffffffffff
0263fffffffffffffe
0267ffffffffffffff
026bffffffffffffff
026fffffffffffffff
0273ffffffffffffff
0277fffffffffffffe
027bffffffffffffff
027fffffffffffffff
0283ffffffffffffff
0287ffffffffffffff
028bfffffffffffffe
028fffffffffffffff
0293ffffffffffffff
0297ffffffffffffff
029bffffffffffffff
029ffffffffffffffe
02a3ffffffffffffff
02a7ffffffffffffff
02abffffffffffffff
02afffffffffffffff
02b3fffffffffffffe
02b7ffffffffffffff
02bbffffffffffffff
02bfffffffffffffff
02c3ffffffffffffff
02c7fffffffffffffe
02cbffffffffffffff
02cfffffffffffffff
02d3ffffffffffffff
02d7ffffffffffffff
02dbfffffffffffffe
02dfffffffffffffff
02e3ffffffffffffff
02e7ffffffffffffff
02ebffffffffffffff
02effffffffffffffe
02f3ffffffffffffff
02f7ffffffffffffff
02fbffffffffffffff
02ffffffffffffffff
0303fffffffffffffe
0307ffffffffffffff
030bffffffffffffff
030fffffffffffffff
0313ffffffffffffff
0317fffffffffffffe
031bffffffffffffff
031fffffffffffffff
0323ffffffffffffff
0327ffffffffffffff
032bfffffffffffffe
032fffffffffffffff
0333ffffffffffffff
0337ffffffffffffff
033bffffffffffffff
033ffffffffffffffe
0343ffffffffffffff
0347ffffffffffffff
034bffffffffffffff
034fffffffffffffff
0353fffffffffffffe
0357ffffffffffffff
035bffffffffffffff
035fffffffffffffff
0363ffffffffffffff
0367fffffffffffffe
036bffffffffffffff
036fffffffffffffff
0373ffffffffffffff
0377ffffffffffffff
037bfffffffffffffe
037fffffffffffffff
0383ffffffffffffff
0387ffffffffffffff
038bffffffffffffff
038ffffffffffffffe
0393ffffffffffffff
0397ffffffffffffff
039bffffffffffffff
039fffffffffffffff
03a3fffffffffffffe
03a7ffffffffffffff
03abffffffffffffff
03afffffffffffffff
03b3ffffffffffffff
03b7fffffffffffffe
03bbffffffffffffff
03bfffffffffffffff
03c3ffffffffffffff
03c7ffffffffffffff
03cbfffffffffffffe
03cfffffffffffffff
03d3ffffffffffffff
03d7ffffffffffffff
03dbffffffffffffff
03dffffffffffffffe
03e3ffffffffffffff
03e7ffffffffffffff
03ebffffffffffffff
03efffffffffffffff
03f3fffffffffffffe
03f7ffffffffffffff
03fbffffffffffffff
03ffffffffffffffff
0403ffffffffffffff
0407fffffffffffffe
040bffffffffffffff
040fffffffffffffff
0413ffffffffffffff
0417ffffffffffffff
041bfffffffffffffe
041fffffffffffffff
0423ffffffffffffff
0427ffffffffffffff
042bffffffffffffff
042ffffffffffffffe
0433ffffffffffffff
0437ffffffffffffff
043bffffffffffffff
043fffffffffffffff
0443fffffffffffffe
0447ffffffffffffff
044bffffffffffffff
044fffffffffffffff
0453ffffffffffffff
0457fffffffffffffe
045bffffffffffffff
045fffffffffffffff
0463ffffffffffffff
0467ffffffffffffff
046bfffffffffffffe
046fffffffffffffff
0473ffffffffffffff
0477ffffffffffffff
047bffffffffffffff
047ffffffffffffffe
0483ffffffffffffff
0487ffffffffffffff
048bffffffffffffff
048fffffffffffffff
0493fffffffffffffe
0497ffffffffffffff
049bffffffffffffff
049fffffffffffffff
04a3ffffffffffffff
04a7fffffffffffffe
04abffffffffffffff
04afffffffffffffff
04b3ffffffffffffff
04b7ffffffffffffff
04bbfffffffffffffe
04bfffffffffffffff
04c3ffffffffffffff
04c7ffffffffffffff
04cbffffffffffffff
04cffffffffffffffe
04d3ffffffffffffff
04d7ffffffffffffff
04dbffffffffffffff
04dfffffffffffffff
04e3fffffffffffffe
04e7ffffffffffffff
04ebffffffffffffff
04efffffffffffffff
04f3ffffffffffffff
04f7fffffffffffffe
04fbffffffffffffff
04ffffffffffffffff
0503ffffffffffffff
0507ffffffffffffff
050bfffffffffffffe
050fffffffffffffff
0513ffffffffffffff
0517ffffffffffffff
051bffffffffffffff
051ffffffffffffffe
0523ffffffffffffff
0527ffffffffffffff
052bffffffffffffff
052fffffffffffffff
0533fffffffffffffe
0537ffffffffffffff
053bffffffffffffff
053fffffffffffffff
0543ffffffffffffff
0547fffffffffffffe
054bffffffffffffff
054fffffffffffffff
0553ffffffffffffff
0557ffffffffffffff
055bfffffffffffffe
055fffffffffffffff
0563ffffffffffffff
0567ffffffffffffff
056bffffffffffffff
056ffffffffffffffe
0573ffffffffffffff
0577ffffffffffffff
057bffffffffffffff
057fffffffffffffff
0583fffffffffffffe
0587ffffffffffffff
058bffffffffffffff
058fffffffffffffff
0593ffffffffffffff
0597fffffffffffffe
059bffffffffffffff
059fffffffffffffff
05a3ffffffffffffff
05a7ffffffffffffff
05abfffffffffffffe
05afffffffffffffff
05b3ffffffffffffff
05b7ffffffffffffff
05bbffffffffffffff
05bffffffffffffffe
05c3ffffffffffffff
05c7ffffffffffffff
05cbffffffffffffff
05cfffffffffffffff
05d3fffffffffffffe
05d7ffffffffffffff
05dbffffffffffffff
05dfffffffffffffff
05e3ffffffffffffff
05e7fffffffffffffe
05ebffffffffffffff
05efffffffffffffff
05f3ffffffffffffff
05f7ffffffffffffff
05fbfffffffffffffe
05ffffffffffffffff
0603ffffffffffffff
0607ffffffffffffff
060bffffffffffffff
060ffffffffffffffe
0613ffffffffffffff
0617ffffffffffffff
061bffffffffffffff
061fffffffffffffff
0623fffffffffffffe
0627ffffffffffffff
062bffffffffffffff
062fffffffffffffff
0633ffffffffffffff
0637fffffffffffffe
063bffffffffffffff
063fffffffffffffff
0643ffffffffffffff
0647ffffffffffffff
064bfffffffffffffe
064fffffffffffffff
0653ffffffffffffff
0657ffffffffffffff
065bffffffffffffff
065ffffffffffffffe
0663ffffffffffffff
0667ffffffffffffff
066bffffffffffffff
066fffffffffffffff
0673fffffffffffffe
0677ffffffffffffff
067bffffffffffffff
067fffffffffffffff
0683ffffffffffffff
0687fffffffffffffe
068bffffffffffffff
068fffffffffffffff
0693ffffffffffffff
0697ffffffffffffff
069bfffffffffffffe
069fffffffffffffff
06a3ffffffffffffff
06a7ffffffffffffff
06abffffffffffffff
06affffffffffffffe
06b3ffffffffffffff
06b7ffffffffffffff
06bbffffffffffffff
06bfffffffffffffff
06c3fffffffffffffe
06c7ffffffffffffff
06cbffffffffffffff
06cfffffffffffffff
06d3ffffffffffffff
06d7fffffffffffffe
06dbffffffffffffff
06dfffffffffffffff
06e3ffffffffffffff
06e7ffffffffffffff
06ebfffffffffffffe
06efffffffffffffff
06f3ffffffffffffff
06f7ffffffffffffff
06fbffffffffffffff
06fffffffffffffffe
0703ffffffffffffff
0707ffffffffffffff
070bffffffffffffff
070fffffffffffffff
0713fffffffffffffe
0717ffffffffffffff
071bffffffffffffff
071fffffffffffffff
0723ffffffffffffff
0727fffffffffffffe
072bffffffffffffff
072fffffffffffffff
0733ffffffffffffff
0737ffffffffffffff
073bfffffffffffffe
073fffffffffffffff
0743ffffffffffffff
0747ffffffffffffff
074bffffffffffffff
074ffffffffffffffe
0753ffffffffffffff
0757ffffffffffffff
075bffffffffffffff
075fffffffffffffff
0763fffffffffffffe
0767ffffffffffffff
076bffffffffffffff
076fffffffffffffff
0773ffffffffffffff
0777fffffffffffffe
077bffffffffffffff
077fffffffffffffff
0783ffffffffffffff
0787ffffffffffffff
078bfffffffffffffe
078fffffffffffffff
0793ffffffffffffff
0797ffffffffffffff
079bffffffffffffff
079ffffffffffffffe
07a3ffffffffffffff
07a7ffffffffffffff
07abffffffffffffff
07afffffffffffffff
07b3fffffffffffffe
07b7ffffffffffffff
07bbffffffffffffff
07bfffffffffffffff
07c3ffffffffffffff
07c7fffffffffffffe
07cbffffffffffffff
07cfffffffffffffff
07d3ffffffffffffff
07d7ffffffffffffff
07dbfffffffffffffe
07dfffffffffffffff
07e3ffffffffffffff
07e7ffffffffffffff
07ebffffffffffffff
07effffffffffffffe
07f3ffffffffffffff
07f7ffffffffffffff
07fbffffffffffffff
07ffffffffffffffff
0803fffffffffffffe
0807ffffffffffffff
080bffffffffffffff
080fffffffffffffff
0813ffffffffffffff
0817fffffffffffffe
081bffffffffffffff
081fffffffffffffff
0823ffffffffffffff
0827ffffffffffffff
082bfffffffffffffe
082fffffffffffffff
0833ffffffffffffff
0837ffffffffffffff
083bffffffffffffff
083ffffffffffffffe
0843ffffffffffffff
0847ffffffffffffff
084bffffffffffffff
084fffffffffffffff
0853fffffffffffffe
0857ffffffffffffff
085bffffffffffffff
085fffffffffffffff
0863ffffffffffffff
0867fffffffffffffe
086bffffffffffffff
086fffffffffffffff
0873ffffffffffffff
0877ffffffffffffff
087bfffffffffffffe
087fffffffffffffff
0883ffffffffffffff
0887ffffffffffffff
088bffffffffffffff
088ffffffffffffffe
0893ffffffffffffff
0897ffffffffffffff
089bffffffffffffff
089fffffffffffffff
08a3fffffffffffffe
08a7ffffffffffffff
08abffffffffffffff
08afffffffffffffff
08b3ffffffffffffff
08b7fffffffffffffe
08bbffffffffffffff
08bfffffffffffffff
08c3ffffffffffffff
08c7ffffffffffffff
08cbfffffffffffffe
08cfffffffffffffff
08d3ffffffffffffff
08d7ffffffffffffff
08dbffffffffffffff
08dffffffffffffffe
08e3ffffffffffffff
08e7ffffffffffffff
08ebffffffffffffff
08efffffffffffffff
08f3fffffffffffffe
08f7ffffffffffffff
08fbffffffffffffff
08ffffffffffffffff
0903ffffffffffffff
0907fffffffffffffe
090bffffffffffffff
090fffffffffffffff
0913ffffffffffffff
0917ffffffffffffff
091bfffffffffffffe
091fffffffffffffff
0923ffffffffffffff
0927ffffffffffffff
092bffffffffffffff
092ffffffffffffffe
0933ffffffffffffff
0937ffffffffffffff
093bffffffffffffff
093fffffffffffffff
0943fffffffffffffe
0947ffffffffffffff
094bffffffffffffff
094fffffffffffffff
0953ffffffffffffff
0957fffffffffffffe
095bffffffffffffff
095fffffffffffffff
0963ffffffffffffff
0967ffffffffffffff
096bfffffffffffffe
096fffffffffffffff
0973ffffffffffffff
0977ffffffffffffff
097bffffffffffffff
097ffffffffffffffe
0983ffffffffffffff
0987ffffffffffffff
098bffffffffffffff
098fffffffffffffff
0993fffffffffffffe
0997ffffffffffffff
099bffffffffffffff
099fffffffffffffff
09a3ffffffffffffff
09a7fffffffffffffe
09abffffffffffffff
09afffffffffffffff
09b3ffffffffffffff
09b7ffffffffffffff
09bbfffffffffffffe
09bfffffffffffffff
09c3ffffffffffffff
09c7ffffffffffffff
09cbffffffffffffff
09cffffffffffffffe
09d3ffffffffffffff
09d7ffffffffffffff
09dbffffffffffffff
09dfffffffffffffff
09e3fffffffffffffe
09e7ffffffffffffff
09ebffffffffffffff
09efffffffffffffff
09f3ffffffffffffff
09f7fffffffffffffe
09fbffffffffffffff
09ffffffffffffffff
0a03ffffffffffffff
0a07ffffffffffffff
0a0bfffffffffffffe
0a0fffffffffffffff
0a13ffffffffffffff
0a17ffffffffffffff
0a1bffffffffffffff
0a1ffffffffffffffe
0a23ffffffffffffff
0a27ffffffffffffff
0a2bffffffffffffff
0a2fffffffffffffff
0a33fffffffffffffe
0a37ffffffffffffff
0a3bffffffffffffff
0a3fffffffffffffff
0a43ffffffffffffff
0a47fffffffffffffe
0a4bffffffffffffff
0a4fffffffffffffff
0a53ffffffffffffff
0a57ffffffffffffff
0a5bfffffffffffffe
0a5fffffffffffffff
0a63ffffffffffffff
0a67ffffffffffffff
0a6bffffffffffffff
0a6ffffffffffffffe
0a73ffffffffffffff
0a77ffffffffffffff
0a7bffffffffffffff
0a7fffffffffffffff
0a83fffffffffffffe
0a87ffffffffffffff
0a8bffffffffffffff
0a8fffffffffffffff
0a93ffffffffffffff
0a97fffffffffffffe
0a9bffffffffffffff
0a9fffffffffffffff
0aa3ffffffffffffff
0aa7ffffffffffffff
0aabfffffffffffffe
0aafffffffffffffff
0ab3ffffffffffffff
0ab7ffffffffffffff
0abbffffffffffffff
0abffffffffffffffe
0ac3ffffffffffffff
0ac7ffffffffffffff
0acbffffffffffffff
0acfffffffffffffff
0ad3fffffffffffffe
0ad7ffffffffffffff
0adbffffffffffffff
0adfffffffffffffff
0ae3ffffffffffffff
0ae7fffffffffffffe
0aebffffffffffffff
0aefffffffffffffff
0af3ffffffffffffff
0af7ffffffffffffff
0afbfffffffffffffe
0affffffffffffffff
0b03ffffffffffffff
0b07ffffffffffffff
0b0bffffffffffffff
0b0ffffffffffffffe
0b13ffffffffffffff
0b17ffffffffffffff
0b1bffffffffffffff
0b1fffffffffffffff
0b23fffffffffffffe
0b27ffffffffffffff
0b2bffffffffffffff
0b2fffffffffffffff
0b33ffffffffffffff
0b37fffffffffffffe
0b3bffffffffffffff
0b3fffffffffffffff
0b43ffffffffffffff
0b47ffffffffffffff
0b4bfffffffffffffe
0b4fffffffffffffff
0b53ffffffffffffff
0b57ffffffffffffff
0b5bffffffffffffff
0b5ffffffffffffffe
0b63ffffffffffffff
0b67ffffffffffffff
0b6bffffffffffffff
0b6fffffffffffffff
0b73fffffffffffffe
0b77ffffffffffffff
0b7bffffffffffffff
0b7fffffffffffffff
0b83ffffffffffffff
0b87fffffffffffffe
0b8bffffffffffffff
0b8fffffffffffffff
0b93ffffffffffffff
0b97ffffffffffffff
0b9bfffffffffffffe
0b9fffffffffffffff
0ba3ffffffffffffff
0ba7ffffffffffffff
0babffffffffffffff
0baffffffffffffffe
0bb3ffffffffffffff
0bb7ffffffffffffff
0bbbffffffffffffff
0bbfffffffffffffff
0bc3fffffffffffffe
0bc7ffffffffffffff
0bcbffffffffffffff
0bcfffffffffffffff
0bd3ffffffffffffff
0bd7fffffffffffffe
0bdbffffffffffffff
0bdfffffffffffffff
0be3ffffffffffffff
0be7ffffffffffffff
0bebfffffffffffffe
0befffffffffffffff
0bf3ffffffffffffff
0bf7ffffffffffffff
0bfbffffffffffffff
0bfffffffffffffffe
0c03ffffffffffffff
0c07ffffffffffffff
0c0bffffffffffffff
0c0fffffffffffffff
0c13fffffffffffffe
0c17ffffffffffffff
0c1bffffffffffffff
0c1fffffffffffffff
0c23ffffffffffffff
0c27fffffffffffffe
0c2bffffffffffffff
0c2fffffffffffffff
0c33ffffffffffffff
0c37ffffffffffffff
0c3bfffffffffffffe
0c3fffffffffffffff
0c43ffffffffffffff
0c47ffffffffffffff
0c4bffffffffffffff
0c4ffffffffffffffe
0c53ffffffffffffff
0c57ffffffffffffff
0c5bffffffffffffff
0c5fffffffffffffff
0c63fffffffffffffe
0c67ffffffffffffff
0c6bffffffffffffff
0c6fffffffffffffff
0c73ffffffffffffff
0c77fffffffffffffe
0c7bffffffffffffff
0c7fffffffffffffff
0c83ffffffffffffff
0c87ffffffffffffff
0c8bfffffffffffffe
0c8fffffffffffffff
0c93ffffffffffffff
0c97ffffffffffffff
0c9bffffffffffffff
0c9ffffffffffffffe
0ca3ffffffffffffff
0ca7ffffffffffffff
0cabffffffffffffff
0cafffffffffffffff
0cb3fffffffffffffe
0cb7ffffffffffffff
0cbbffffffffffffff
0cbfffffffffffffff
0cc3ffffffffffffff
0cc7fffffffffffffe
0ccbffffffffffffff
0ccfffffffffffffff
0cd3ffffffffffffff
0cd7ffffffffffffff
0cdbfffffffffffffe
0cdfffffffffffffff
0ce3ffffffffffffff
0ce7ffffffffffffff
0cebffffffffffffff
0ceffffffffffffffe
0cf3ffffffffffffff
0cf7ffffffffffffff
0cfbffffffffffffff
0cffffffffffffffff
0d03fffffffffffffe
0d07ffffffffffffff
0d0bffffffffffffff
0d0fffffffffffffff
0d13ffffffffffffff
0d17fffffffffffffe
0d1bffffffffffffff
0d1fffffffffffffff
0d23ffffffffffffff
0d27ffffffffffffff
0d2bfffffffffffffe
0d2fffffffffffffff
0d33ffffffffffffff
0d37ffffffffffffff
0d3bffffffffffffff
0d3ffffffffffffffe
0d43ffffffffffffff
0d47ffffffffffffff
0d4bffffffffffffff
0d4fffffffffffffff
0d53fffffffffffffe
0d57ffffffffffffff
0d5bffffffffffffff
0d5fffffffffffffff
0d63ffffffffffffff
0d67fffffffffffffe
0d6bffffffffffffff
0d6fffffffffffffff
0d73ffffffffffffff
0d77ffffffffffffff
0d7bfffffffffffffe
0d7fffffffffffffff
0d83ffffffffffffff
0d87ffffffffffffff
0d8bffffffffffffff
0d8ffffffffffffffe
0d93ffffffffffffff
0d97ffffffffffffff
0d9bffffffffffffff
0d9fffffffffffffff
0da3fffffffffffffe
0da7ffffffffffffff
0dabffffffffffffff
0dafffffffffffffff
0db3ffffffffffffff
0db7fffffffffffffe
0dbbffffffffffffff
0dbfffffffffffffff
0dc3ffffffffffffff
0dc7ffffffffffffff
0dcbfffffffffffffe
0dcfffffffffffffff
0dd3ffffffffffffff
0dd7ffffffffffffff
0ddbffffffffffffff
0ddffffffffffffffe
0de3ffffffffffffff
0de7ffffffffffffff
0debffffffffffffff
0defffffffffffffff
0df3fffffffffffffe
0df7ffffffffffffff
0dfbffffffffffffff
0dffffffffffffffff
0e03ffffffffffffff
0e07fffffffffffffe
0e0bffffffffffffff
0e0fffffffffffffff
0e13ffffffffffffff
0e17ffffffffffffff
0e1bfffffffffffffe
0e1fffffffffffffff
0e23ffffffffffffff
0e27ffffffffffffff
0e2bffffffffffffff
0e2ffffffffffffffe
0e33ffffffffffffff
0e37ffffffffffffff
0e3bffffffffffffff
0e3fffffffffffffff
0e43fffffffffffffe
0e47ffffffffffffff
0e4bffffffffffffff
0e4fffffffffffffff
0e53ffffffffffffff
0e57fffffffffffffe
0e5bffffffffffffff
0e5fffffffffffffff
0e63ffffffffffffff
0e67ffffffffffffff
0e6bfffffffffffffe
0e6fffffffffffffff
0e73ffffffffffffff
0e77ffffffffffffff
0e7bffffffffffffff
0e7ffffffffffffffe
0e83ffffffffffffff
0e87ffffffffffffff
0e8bffffffffffffff
0e8fffffffffffffff
0e93fffffffffffffe
0e97ffffffffffffff
0e9bffffffffffffff
0e9fffffffffffffff
0ea3ffffffffffffff
0ea7fffffffffffffe
0eabffffffffffffff
0eafffffffffffffff
0eb3ffffffffffffff
0eb7ffffffffffffff
0ebbfffffffffffffe
0ebfffffffffffffff
0ec3ffffffffffffff
0ec7ffffffffffffff
0ecbffffffffffffff
0ecffffffffffffffe
0ed3ffffffffffffff
0ed7ffffffffffffff
0edbffffffffffffff
0edfffffffffffffff
0ee3fffffffffffffe
0ee7ffffffffffffff
0eebffffffffffffff
0eefffffffffffffff
0ef3ffffffffffffff
0ef7fffffffffffffe
0efbffffffffffffff
0effffffffffffffff
0f03ffffffffffffff
0f07ffffffffffffff
0f0bfffffffffffffe
0f0fffffffffffffff
0f13ffffffffffffff
0f17ffffffffffffff
0f1bffffffffffffff
0f1ffffffffffffffe
0f23ffffffffffffff
0f27ffffffffffffff
0f2bffffffffffffff
0f2fffffffffffffff
0f33fffffffffffffe
0f37ffffffffffffff
0f3bffffffffffffff
0f3fffffffffffffff
0f43ffffffffffffff
0f47fffffffffffffe
0f4bffffffffffffff
0f4fffffffffffffff
0f53ffffffffffffff
0f57ffffffffffffff
0f5bfffffffffffffe
0f5fffffffffffffff
0f63ffffffffffffff
0f67ffffffffffffff
0f6bffffffffffffff
0f6ffffffffffffffe
0f73ffffffffffffff
0f77ffffffffffffff
0f7bffffffffffffff
0f7fffffffffffffff
0f83fffffffffffffe
0f87ffffffffffffff
0f8bffffffffffffff
0f8fffffffffffffff
0f93ffffffffffffff
0f97fffffffffffffe
0f9bffffffffffffff
0f9fffffffffffffff
0fa3ffffffffffffff
0fa7ffffffffffffff
0fabfffffffffffffe
0fafffffffffffffff
0fb3ffffffffffffff
0fb7ffffffffffffff
0fbbffffffffffffff
0fbffffffffffffffe
0fc3ffffffffffffff
0fc7ffffffffffffff
0fcbffffffffffffff
0fcfffffffffffffff
0fd3fffffffffffffe
0fd7ffffffffffffff
0fdbffffffffffffff
0fdfffffffffffffff
0fe3ffffffffffffff
0fe7fffffffffffffe
0febffffffffffffff
0fefffffffffffffff
0ff3ffffffffffffff
0ff7ffffffffffffff
0ffbfffffffffffffe
0fffffffffffffffff
1003ffffffffffffff
1007ffffffffffffff
100bffffffffffffff
100ffffffffffffffe
1013ffffffffffffff
1017ffffffffffffff
101bffffffffffffff
101fffffffffffffff
1023fffffffffffffe
1027ffffffffffffff
102bffffffffffffff
102fffffffffffffff
1033ffffffffffffff
1037fffffffffffffe
103bffffffffffffff
103fffffffffffffff
1043ffffffffffffff
1047ffffffffffffff
104bfffffffffffffe
104fffffffffffffff
1053ffffffffffffff
1057ffffffffffffff
105bffffffffffffff
105ffffffffffffffe
1063ffffffffffffff
1067ffffffffffffff
106bffffffffffffff
106fffffffffffffff
1073fffffffffffffe
1077ffffffffffffff
107bffffffffffffff
107fffffffffffffff
1083ffffffffffffff
1087fffffffffffffe
108bffffffffffffff
108fffffffffffffff
1093ffffffffffffff
1097ffffffffffffff
109bfffffffffffffe
109fffffffffffffff
10a3ffffffffffffff
10a7ffffffffffffff
10abffffffffffffff
10affffffffffffffe
10b3ffffffffffffff
10b7ffffffffffffff
10bbffffffffffffff
10bfffffffffffffff
10c3fffffffffffffe
10c7ffffffffffffff
10cbffffffffffffff
10cfffffffffffffff
10d3ffffffffffffff
10d7fffffffffffffe
10dbffffffffffffff
10dfffffffffffffff
10e3ffffffffffffff
10e7ffffffffffffff
10ebfffffffffffffe
10efffffffffffffff
10f3ffffffffffffff
10f7ffffffffffffff
10fbffffffffffffff
10fffffffffffffffe
1103ffffffffffffff
1107ffffffffffffff
110bffffffffffffff
110fffffffffffffff
1113fffffffffffffe
1117ffffffffffffff
111bffffffffffffff
111fffffffffffffff
1123ffffffffffffff
1127fffffffffffffe
112bffffffffffffff
112fffffffffffffff
1133ffffffffffffff
1137ffffffffffffff
113bfffffffffffffe
113fffffffffffffff
1143ffffffffffffff
1147ffffffffffffff
114bffffffffffffff
114ffffffffffffffe
1153ffffffffffffff
1157ffffffffffffff
115bffffffffffffff
115fffffffffffffff
1163fffffffffffffe
1167ffffffffffffff
116bffffffffffffff
116fffffffffffffff
1173ffffffffffffff
1177fffffffffffffe
117bffffffffffffff
117fffffffffffffff
1183ffffffffffffff
1187ffffffffffffff
118bfffffffffffffe
118fffffffffffffff
1193ffffffffffffff
1197ffffffffffffff
119bffffffffffffff
119ffffffffffffffe
11a3ffffffffffffff
11a7ffffffffffffff
11abffffffffffffff
11afffffffffffffff
11b3fffffffffffffe
11b7ffffffffffffff
11bbffffffffffffff
11bfffffffffffffff
11c3ffffffffffffff
11c7fffffffffffffe
11cbffffffffffffff
11cfffffffffffffff
11d3ffffffffffffff
11d7ffffffffffffff
11dbfffffffffffffe
11dfffffffffffffff
11e3ffffffffffffff
11e7ffffffffffffff
11ebffffffffffffff
11effffffffffffffe
11f3ffffffffffffff
11f7ffffffffffffff
11fbffffffffffffff
11ffffffffffffffff
1203fffffffffffffe
1207ffffffffffffff
120bffffffffffffff
120fffffffffffffff
1213ffffffffffffff
1217fffffffffffffe
121bffffffffffffff
121fffffffffffffff
1223ffffffffffffff
1227ffffffffffffff
122bfffffffffffffe
122fffffffffffffff
1233ffffffffffffff
1237ffffffffffffff
123bffffffffffffff
123ffffffffffffffe
1243ffffffffffffff
1247ffffffffffffff
124bffffffffffffff
124fffffffffffffff
1253fffffffffffffe
1257ffffffffffffff
125bffffffffffffff
125fffffffffffffff
1263ffffffffffffff
1267fffffffffffffe
126bffffffffffffff
126fffffffffffffff
1273ffffffffffffff
1277ffffffffffffff
127bfffffffffffffe
127fffffffffffffff
1283ffffffffffffff
1287ffffffffffffff
128bffffffffffffff
128ffffffffffffffe
1293ffffffffffffff
1297ffffffffffffff
129bffffffffffffff
129fffffffffffffff
12a3fffffffffffffe
12a7ffffffffffffff
12abffffffffffffff
12afffffffffffffff
12b3ffffffffffffff
12b7fffffffffffffe
12bbffffffffffffff
12bfffffffffffffff
12c3ffffffffffffff
12c7ffffffffffffff
12cbfffffffffffffe
12cfffffffffffffff
12d3ffffffffffffff
12d7ffffffffffffff
12dbffffffffffffff
12dffffffffffffffe
12e3ffffffffffffff
12e7ffffffffffffff
12ebffffffffffffff
12efffffffffffffff
12f3fffffffffffffe
12f7ffffffffffffff
12fbffffffffffffff
12ffffffffffffffff
1303ffffffffffffff
1307fffffffffffffe
130bffffffffffffff
130fffffffffffffff
1313ffffffffffffff
1317ffffffffffffff
131bfffffffffffffe
131fffffffffffffff
1323ffffffffffffff
1327ffffffffffffff
132bffffffffffffff
132ffffffffffffffe
1333ffffffffffffff
1337ffffffffffffff
133bffffffffffffff
133fffffffffffffff
1343fffffffffffffe
1347ffffffffffffff
134bffffffffffffff
134fffffffffffffff
1353ffffffffffffff
1357fffffffffffffe
135bffffffffffffff
135fffffffffffffff
1363ffffffffffffff
1367ffffffffffffff
136bfffffffffffffe
136fffffffffffffff
1373ffffffffffffff
1377ffffffffffffff
137bffffffffffffff
137ffffffffffffffe
1383ffffffffffffff
1387ffffffffffffff
138bffffffffffffff
138fffffffffffffff
1393fffffffffffffe
1397ffffffffffffff
139bffffffffffffff
139fffffffffffffff
13a3ffffffffffffff
13a7fffffffffffffe
13abffffffffffffff
13afffffffffffffff
13b3ffffffffffffff
13b7ffffffffffffff
13bbfffffffffffffe
13bfffffffffffffff
13c3ffffffffffffff
13c7ffffffffffffff
13cbffffffffffffff
13cffffffffffffffe
13d3ffffffffffffff
13d7ffffffffffffff
13dbffffffffffffff
13dfffffffffffffff
13e3fffffffffffffe
13e7ffffffffffffff
13ebffffffffffffff
13efffffffffffffff
13f3ffffffffffffff
13f7fffffffffffffe
13fbffffffffffffff
13ffffffffffffffff
1403ffffffffffffff
1407ffffffffffffff
140bfffffffffffffe
140fffffffffffffff
1413ffffffffffffff
1417ffffffffffffff
141bffffffffffffff
141ffffffffffffffe
1423ffffffffffffff
1427ffffffffffffff
142bffffffffffffff
142fffffffffffffff
1433fffffffffffffe
1437ffffffffffffff
143bffffffffffffff
143fffffffffffffff
1443ffffffffffffff
1447fffffffffffffe
144bffffffffffffff
144fffffffffffffff
1453ffffffffffffff
1457ffffffffffffff
145bfffffffffffffe
145fffffffffffffff
1463ffffffffffffff
1467ffffffffffffff
146bffffffffffffff
146ffffffffffffffe
1473ffffffffffffff
1477ffffffffffffff
147bffffffffffffff
147fffffffffffffff
1483fffffffffffffe
1487ffffffffffffff
148bffffffffffffff
148fffffffffffffff
1493ffffffffffffff
1497fffffffffffffe
149bffffffffffffff
149fffffffffffffff
14a3ffffffffffffff
14a7ffffffffffffff
14abfffffffffffffe
14afffffffffffffff
14b3ffffffffffffff
14b7ffffffffffffff
14bbffffffffffffff
14bffffffffffffffe
14c3ffffffffffffff
14c7ffffffffffffff
14cbffffffffffffff
14cfffffffffffffff
14d3fffffffffffffe
14d7ffffffffffffff
14dbffffffffffffff
14dfffffffffffffff
14e3ffffffffffffff
14e7fffffffffffffe
14ebffffffffffffff
14efffffffffffffff
14f3ffffffffffffff
14f7ffffffffffffff
14fbfffffffffffffe
14ffffffffffffffff
1503ffffffffffffff
1507ffffffffffffff
150bffffffffffffff
150ffffffffffffffe
1513ffffffffffffff
1517ffffffffffffff
151bffffffffffffff
151fffffffffffffff
1523fffffffffffffe
1527ffffffffffffff
152bffffffffffffff
152fffffffffffffff
1533ffffffffffffff
1537fffffffffffffe
153bffffffffffffff
153fffffffffffffff
1543ffffffffffffff
1547ffffffffffffff
154bfffffffffffffe
154fffffffffffffff
1553ffffffffffffff
1557ffffffffffffff
155bffffffffffffff
155ffffffffffffffe
1563ffffffffffffff
1567ffffffffffffff
156bffffffffffffff
156fffffffffffffff
1573fffffffffffffe
1577ffffffffffffff
157bffffffffffffff
157fffffffffffffff
1583ffffffffffffff
1587fffffffffffffe
158bffffffffffffff
158fffffffffffffff
1593ffffffffffffff
1597ffffffffffffff
159bfffffffffffffe
159fffffffffffffff
15a3ffffffffffffff
15a7ffffffffffffff
15abffffffffffffff
15affffffffffffffe
15b3ffffffffffffff
15b7ffffffffffffff
15bbffffffffffffff
15bfffffffffffffff
15c3fffffffffffffe
15c7ffffffffffffff
15cbffffffffffffff
15cfffffffffffffff
15d3ffffffffffffff
15d7fffffffffffffe
15dbffffffffffffff
15dfffffffffffffff
15e3ffffffffffffff
15e7ffffffffffffff
15ebfffffffffffffe
15efffffffffffffff
15f3ffffffffffffff
15f7ffffffffffffff
15fbffffffffffffff
15fffffffffffffffe
1603ffffffffffffff
1607ffffffffffffff
160bffffffffffffff
160fffffffffffffff
1613fffffffffffffe
1617ffffffffffffff
161bffffffffffffff
161fffffffffffffff
1623ffffffffffffff
1627fffffffffffffe
162bffffffffffffff
162fffffffffffffff
1633ffffffffffffff
1637ffffffffffffff
163bfffffffffffffe
163fffffffffffffff
1643ffffffffffffff
1647ffffffffffffff
164bffffffffffffff
164ffffffffffffffe
1653ffffffffffffff
1657ffffffffffffff
165bffffffffffffff
165fffffffffffffff
1663fffffffffffffe
1667ffffffffffffff
166bffffffffffffff
166fffffffffffffff
1673ffffffffffffff
1677fffffffffffffe
167bffffffffffffff
167fffffffffffffff
1683ffffffffffffff
1687ffffffffffffff
168bfffffffffffffe
168fffffffffffffff
1693ffffffffffffff
1697ffffffffffffff
169bffffffffffffff
169ffffffffffffffe
16a3ffffffffffffff
16a7ffffffffffffff
16abffffffffffffff
16afffffffffffffff
16b3fffffffffffffe
16b7ffffffffffffff
16bbffffffffffffff
16bfffffffffffffff
16c3ffffffffffffff
16c7fffffffffffffe
16cbffffffffffffff
16cfffffffffffffff
16d3ffffffffffffff
16d7ffffffffffffff
16dbfffffffffffffe
16dfffffffffffffff
16e3ffffffffffffff
16e7ffffffffffffff
16ebffffffffffffff
16effffffffffffffe
16f3ffffffffffffff
16f7ffffffffffffff
16fbffffffffffffff
16ffffffffffffffff
1703fffffffffffffe
1707ffffffffffffff
170bffffffffffffff
170fffffffffffffff
1713ffffffffffffff
1717fffffffffffffe
171bffffffffffffff
171fffffffffffffff
1723ffffffffffffff
1727ffffffffffffff
172bfffffffffffffe
172fffffffffffffff
1733ffffffffffffff
1737ffffffffffffff
173bffffffffffffff
173ffffffffffffffe
1743ffffffffffffff
1747ffffffffffffff
174bffffffffffffff
174fffffffffffffff
1753fffffffffffffe
1757ffffffffffffff
175bffffffffffffff
175fffffffffffffff
1763ffffffffffffff
1767fffffffffffffe
176bffffffffffffff
176fffffffffffffff
1773ffffffffffffff
1777ffffffffffffff
177bfffffffffffffe
177fffffffffffffff
1783ffffffffffffff
1787ffffffffffffff
178bffffffffffffff
178ffffffffffffffe
1793ffffffffffffff
1797ffffffffffffff
179bffffffffffffff
179fffffffffffffff
17a3fffffffffffffe
17a7ffffffffffffff
17abffffffffffffff
17afffffffffffffff
17b3ffffffffffffff
17b7fffffffffffffe
17bbffffffffffffff
17bfffffffffffffff
17c3ffffffffffffff
17c7ffffffffffffff
17cbfffffffffffffe
17cfffffffffffffff
17d3ffffffffffffff
17d7ffffffffffffff
17dbffffffffffffff
17dffffffffffffffe
17e3ffffffffffffff
17e7ffffffffffffff
17ebffffffffffffff
17efffffffffffffff
17f3fffffffffffffe
17f7ffffffffffffff
17fbffffffffffffff
17ffffffffffffffff
1803ffffffffffffff
1807fffffffffffffe
180bffffffffffffff
180fffffffffffffff
1813ffffffffffffff
1817ffffffffffffff
181bfffffffffffffe
181fffffffffffffff
1823ffffffffffffff
1827ffffffffffffff
182bffffffffffffff
182ffffffffffffffe
1833ffffffffffffff
1837ffffffffffffff
183bffffffffffffff
183fffffffffffffff
1843fffffffffffffe
1847ffffffffffffff
184bffffffffffffff
184fffffffffffffff
1853ffffffffffffff
1857fffffffffffffe
185bffffffffffffff
185fffffffffffffff
1863ffffffffffffff
1867ffffffffffffff
186bfffffffffffffe
186fffffffffffffff
1873ffffffffffffff
1877ffffffffffffff
187bffffffffffffff
187ffffffffffffffe
1883ffffffffffffff
1887ffffffffffffff
188bffffffffffffff
188fffffffffffffff
1893fffffffffffffe
1897ffffffffffffff
189bffffffffffffff
189fffffffffffffff
18a3ffffffffffffff
18a7fffffffffffffe
18abffffffffffffff
18afffffffffffffff
18b3ffffffffffffff
18b7ffffffffffffff
18bbfffffffffffffe
18bfffffffffffffff
18c3ffffffffffffff
18c7ffffffffffffff
18cbffffffffffffff
18cffffffffffffffe
18d3ffffffffffffff
18d7ffffffffffffff
18dbffffffffffffff
18dfffffffffffffff
18e3fffffffffffffe
18e7ffffffffffffff
18ebffffffffffffff
18efffffffffffffff
18f3ffffffffffffff
18f7fffffffffffffe
18fbffffffffffffff
18ffffffffffffffff
1903ffffffffffffff
1907ffffffffffffff
190bfffffffffffffe
190fffffffffffffff
1913ffffffffffffff
1917ffffffffffffff
191bffffffffffffff
191ffffffffffffffe
1923ffffffffffffff
1927ffffffffffffff
192bffffffffffffff
192fffffffffffffff
1933fffffffffffffe
1937ffffffffffffff
193bffffffffffffff
193fffffffffffffff
1943ffffffffffffff
1947fffffffffffffe
194bffffffffffffff
194fffffffffffffff
1953ffffffffffffff
1957ffffffffffffff
195bfffffffffffffe
195fffffffffffffff
1963ffffffffffffff
1967ffffffffffffff
196bffffffffffffff
196ffffffffffffffe
1973ffffffffffffff
1977ffffffffffffff
197bffffffffffffff
197fffffffffffffff
1983fffffffffffffe
1987ffffffffffffff
198bffffffffffffff
198fffffffffffffff
1993ffffffffffffff
1997fffffffffffffe
199bffffffffffffff
199fffffffffffffff
19a3ffffffffffffff
19a7ffffffffffffff
19abfffffffffffffe
19afffffffffffffff
19b3ffffffffffffff
19b7ffffffffffffff
19bbffffffffffffff
19bffffffffffffffe
19c3ffffffffffffff
19c7ffffffffffffff
19cbffffffffffffff
19cfffffffffffffff
19d3fffffffffffffe
19d7ffffffffffffff
19dbffffffffffffff
19dfffffffffffffff
19e3ffffffffffffff
19e7fffffffffffffe
19ebffffffffffffff
19efffffffffffffff
19f3ffffffffffffff
19f7ffffffffffffff
19fbfffffffffffffe
19ffffffffffffffff
1a03ffffffffffffff
1a07ffffffffffffff
1a0bffffffffffffff
1a0ffffffffffffffe
1a13ffffffffffffff
1a17ffffffffffffff
1a1bffffffffffffff
1a1fffffffffffffff
1a23fffffffffffffe
1a27ffffffffffffff
1a2bffffffffffffff
1a2fffffffffffffff
1a33ffffffffffffff
1a37fffffffffffffe
1a3bffffffffffffff
1a3fffffffffffffff
1a43ffffffffffffff
1a47ffffffffffffff
1a4bfffffffffffffe
1a4fffffffffffffff
1a53ffffffffffffff
1a57ffffffffffffff
1a5bffffffffffffff
1a5ffffffffffffffe
1a63ffffffffffffff
1a67ffffffffffffff
1a6bffffffffffffff
1a6fffffffffffffff
1a73fffffffffffffe
1a77ffffffffffffff
1a7bffffffffffffff
1a7fffffffffffffff
1a83ffffffffffffff
1a87fffffffffffffe
1a8bffffffffffffff
1a8fffffffffffffff
1a93ffffffffffffff
1a97ffffffffffffff
1a9bfffffffffffffe
1a9fffffffffffffff
1aa3ffffffffffffff
1aa7ffffffffffffff
1aabffffffffffffff
1aaffffffffffffffe
1ab3ffffffffffffff
1ab7ffffffffffffff
1abbffffffffffffff
1abfffffffffffffff
1ac3fffffffffffffe
1ac7ffffffffffffff
1acbffffffffffffff
1acfffffffffffffff
1ad3ffffffffffffff
1ad7fffffffffffffe
1adbffffffffffffff
1adfffffffffffffff
1ae3ffffffffffffff
1ae7ffffffffffffff
1aebfffffffffffffe
1aefffffffffffffff
1af3ffffffffffffff
1af7ffffffffffffff
1afbffffffffffffff
1afffffffffffffffe
1b03ffffffffffffff
1b07ffffffffffffff
1b0bffffffffffffff
1b0fffffffffffffff
1b13fffffffffffffe
1b17ffffffffffffff
1b1bffffffffffffff
1b1fffffffffffffff
1b23ffffffffffffff
1b27fffffffffffffe
1b2bffffffffffffff
1b2fffffffffffffff
1b33ffffffffffffff
1b37ffffffffffffff
1b3bfffffffffffffe
1b3fffffffffffffff
1b43ffffffffffffff
1b47ffffffffffffff
1b4bffffffffffffff
1b4ffffffffffffffe
1b53ffffffffffffff
1b57ffffffffffffff
1b5bffffffffffffff
1b5fffffffffffffff
1b63fffffffffffffe
1b67ffffffffffffff
1b6bffffffffffffff
1b6fffffffffffffff
1b73ffffffffffffff
1b77fffffffffffffe
1b7bffffffffffffff
1b7fffffffffffffff
1b83ffffffffffffff
1b87ffffffffffffff
1b8bfffffffffffffe
1b8fffffffffffffff
1b93ffffffffffffff
1b97ffffffffffffff
1b9bffffffffffffff
1b9ffffffffffffffe
1ba3ffffffffffffff
1ba7ffffffffffffff
1babffffffffffffff
1bafffffffffffffff
1bb3fffffffffffffe
1bb7ffffffffffffff
1bbbffffffffffffff
1bbfffffffffffffff
1bc3ffffffffffffff
1bc7fffffffffffffe
1bcbffffffffffffff
1bcfffffffffffffff
1bd3ffffffffffffff
1bd7ffffffffffffff
1bdbfffffffffffffe
1bdfffffffffffffff
1be3ffffffffffffff
1be7ffffffffffffff
1bebffffffffffffff
1beffffffffffffffe
1bf3ffffffffffffff
1bf7ffffffffffffff
1bfbffffffffffffff
1bffffffffffffffff
1c03fffffffffffffe
1c07ffffffffffffff
1c0bffffffffffffff
1c0fffffffffffffff
1c13ffffffffffffff
1c17fffffffffffffe
1c1bffffffffffffff
1c1fffffffffffffff
1c23ffffffffffffff
1c27ffffffffffffff
1c2bfffffffffffffe
1c2fffffffffffffff
1c33ffffffffffffff
1c37ffffffffffffff
1c3bffffffffffffff
1c3ffffffffffffffe
1c43ffffffffffffff
1c47ffffffffffffff
1c4bffffffffffffff
1c4fffffffffffffff
1c53fffffffffffffe
1c57ffffffffffffff
1c5bffffffffffffff
1c5fffffffffffffff
1c63ffffffffffffff
1c67fffffffffffffe
1c6bffffffffffffff
1c6fffffffffffffff
1c73ffffffffffffff
1c77ffffffffffffff
1c7bfffffffffffffe
1c7fffffffffffffff
1c83ffffffffffffff
1c87ffffffffffffff
1c8bffffffffffffff
1c8ffffffffffffffe
1c93ffffffffffffff
1c97ffffffffffffff
1c9bffffffffffffff
1c9fffffffffffffff
1ca3fffffffffffffe
1ca7ffffffffffffff
1cabffffffffffffff
1cafffffffffffffff
1cb3ffffffffffffff
1cb7fffffffffffffe
1cbbffffffffffffff
1cbfffffffffffffff
1cc3ffffffffffffff
1cc7ffffffffffffff
1ccbfffffffffffffe
1ccfffffffffffffff
1cd3ffffffffffffff
1cd7ffffffffffffff
1cdbffffffffffffff
1cdffffffffffffffe
1ce3ffffffffffffff
1ce7ffffffffffffff
1cebffffffffffffff
1cefffffffffffffff
1cf3fffffffffffffe
1cf7ffffffffffffff
1cfbffffffffffffff
1cffffffffffffffff
1d03ffffffffffffff
1d07fffffffffffffe
1d0bffffffffffffff
1d0fffffffffffffff
1d13ffffffffffffff
1d17ffffffffffffff
1d1bfffffffffffffe
1d1fffffffffffffff
1d23ffffffffffffff
1d27ffffffffffffff
1d2bffffffffffffff
1d2ffffffffffffffe
1d33ffffffffffffff
1d37ffffffffffffff
1d3bffffffffffffff
1d3fffffffffffffff
1d43fffffffffffffe
1d47ffffffffffffff
1d4bffffffffffffff
1d4fffffffffffffff
1d53ffffffffffffff
1d57fffffffffffffe
1d5bffffffffffffff
1d5fffffffffffffff
1d63ffffffffffffff
1d67ffffffffffffff
1d6bfffffffffffffe
1d6fffffffffffffff
1d73ffffffffffffff
1d77ffffffffffffff
1d7bffffffffffffff
1d7ffffffffffffffe
1d83ffffffffffffff
1d87ffffffffffffff
1d8bffffffffffffff
1d8fffffffffffffff
1d93fffffffffffffe
1d97ffffffffffffff
1d9bffffffffffffff
1d9fffffffffffffff
1da3ffffffffffffff
1da7fffffffffffffe
1dabffffffffffffff
1dafffffffffffffff
1db3ffffffffffffff
1db7ffffffffffffff
1dbbfffffffffffffe
1dbfffffffffffffff
1dc3ffffffffffffff
1dc7ffffffffffffff
1dcbffffffffffffff
1dcffffffffffffffe
1dd3ffffffffffffff
1dd7ffffffffffffff
1ddbffffffffffffff
1ddfffffffffffffff
1de3fffffffffffffe
1de7ffffffffffffff
1debffffffffffffff
1defffffffffffffff
1df3ffffffffffffff
1df7fffffffffffffe
1dfbffffffffffffff
1dffffffffffffffff
1e03ffffffffffffff
1e07ffffffffffffff
1e0bfffffffffffffe
1e0fffffffffffffff
1e13ffffffffffffff
1e17ffffffffffffff
1e1bffffffffffffff
1e1ffffffffffffffe
1e23ffffffffffffff
1e27ffffffffffffff
1e2bffffffffffffff
1e2fffffffffffffff
1e33fffffffffffffe
1e37ffffffffffffff
1e3bffffffffffffff
1e3fffffffffffffff
1e43ffffffffffffff
1e47fffffffffffffe
1e4bffffffffffffff
1e4fffffffffffffff
1e53ffffffffffffff
1e57ffffffffffffff
1e5bfffffffffffffe
1e5fffffffffffffff
1e63ffffffffffffff
1e67ffffffffffffff
1e6bffffffffffffff
1e6ffffffffffffffe
1e73ffffffffffffff
1e77ffffffffffffff
1e7bffffffffffffff
1e7fffffffffffffff
1e83fffffffffffffe
1e87ffffffffffffff
1e8bffffffffffffff
1e8fffffffffffffff
1e93ffffffffffffff
1e97fffffffffffffe
1e9bffffffffffffff
1e9fffffffffffffff
1ea3ffffffffffffff
1ea7ffffffffffffff
1eabfffffffffffffe
1eafffffffffffffff
1eb3ffffffffffffff
1eb7ffffffffffffff
1ebbffffffffffffff
1ebffffffffffffffe
1ec3ffffffffffffff
1ec7ffffffffffffff
1ecbffffffffffffff
1ecfffffffffffffff
1ed3fffffffffffffe
1ed7ffffffffffffff
1edbffffffffffffff
1edfffffffffffffff
1ee3ffffffffffffff
1ee7fffffffffffffe
1eebffffffffffffff
1eefffffffffffffff
1ef3ffffffffffffff
1ef7ffffffffffffff
1efbfffffffffffffe
1effffffffffffffff
1f03ffffffffffffff
1f07ffffffffffffff
1f0bffffffffffffff
1f0ffffffffffffffe
1f13ffffffffffffff
1f17ffffffffffffff
1f1bffffffffffffff
1f1fffffffffffffff
1f23fffffffffffffe
1f27ffffffffffffff
1f2bffffffffffffff
1f2fffffffffffffff
1f33ffffffffffffff
1f37fffffffffffffe
1f3bffffffffffffff
1f3fffffffffffffff
1f43ffffffffffffff
1f47ffffffffffffff
1f4bfffffffffffffe
1f4fffffffffffffff
1f53ffffffffffffff
1f57ffffffffffffff
1f5bffffffffffffff
1f5ffffffffffffffe
1f63ffffffffffffff
1f67ffffffffffffff
1f6bffffffffffffff
1f6fffffffffffffff
1f73fffffffffffffe
1f77ffffffffffffff
1f7bffffffffffffff
1f7fffffffffffffff
1f83ffffffffffffff
1f87fffffffffffffe
1f8bffffffffffffff
1f8fffffffffffffff
1f93ffffffffffffff
1f97ffffffffffffff
1f9bfffffffffffffe
1f9fffffffffffffff
1fa3ffffffffffffff
1fa7ffffffffffffff
1fabffffffffffffff
1faffffffffffffffe
1fb3ffffffffffffff
1fb7ffffffffffffff
1fbbffffffffffffff
1fbfffffffffffffff
1fc3fffffffffffffe
1fc7ffffffffffffff
1fcbffffffffffffff
1fcfffffffffffffff
1fd3ffffffffffffff
1fd7fffffffffffffe
1fdbffffffffffffff
1fdfffffffffffffff
1fe3ffffffffffffff
1fe7ffffffffffffff
1febfffffffffffffe
1fefffffffffffffff
1ff3ffffffffffffff
1ff7ffffffffffffff
1ffbffffffffffffff
1ffffffffffffffffe
2003fffffffffffffe
2007ffffffffffffff
200bffffffffffffff
200fffffffffffffff
2013ffffffffffffff
2017fffffffffffffe
201bffffffffffffff
201fffffffffffffff
2023ffffffffffffff
2027ffffffffffffff
202bfffffffffffffe
202fffffffffffffff
2033ffffffffffffff
2037ffffffffffffff
203bffffffffffffff
203ffffffffffffffe
2043ffffffffffffff
2047ffffffffffffff
204bffffffffffffff
204fffffffffffffff
2053fffffffffffffe
2057ffffffffffffff
205bffffffffffffff
205fffffffffffffff
2063ffffffffffffff
2067fffffffffffffe
206bffffffffffffff
206fffffffffffffff
2073ffffffffffffff
2077ffffffffffffff
207bfffffffffffffe
207fffffffffffffff
2083ffffffffffffff
2087ffffffffffffff
208bffffffffffffff
208ffffffffffffffe
2093ffffffffffffff
2097ffffffffffffff
209bffffffffffffff
209fffffffffffffff
20a3fffffffffffffe
20a7ffffffffffffff
20abffffffffffffff
20afffffffffffffff
20b3ffffffffffffff
20b7fffffffffffffe
20bbffffffffffffff
20bfffffffffffffff
20c3ffffffffffffff
20c7ffffffffffffff
20cbfffffffffffffe
20cfffffffffffffff
20d3ffffffffffffff
20d7ffffffffffffff
20dbffffffffffffff
20dffffffffffffffe
20e3ffffffffffffff
20e7ffffffffffffff
20ebffffffffffffff
20efffffffffffffff
20f3fffffffffffffe
20f7ffffffffffffff
20fbffffffffffffff
20ffffffffffffffff
2103ffffffffffffff
2107fffffffffffffe
210bffffffffffffff
210fffffffffffffff
2113ffffffffffffff
2117ffffffffffffff
211bfffffffffffffe
211fffffffffffffff
2123ffffffffffffff
2127ffffffffffffff
212bffffffffffffff
212ffffffffffffffe
2133ffffffffffffff
2137ffffffffffffff
213bffffffffffffff
213fffffffffffffff
2143fffffffffffffe
2147ffffffffffffff
214bffffffffffffff
214fffffffffffffff
2153ffffffffffffff
2157fffffffffffffe
215bffffffffffffff
215fffffffffffffff
2163ffffffffffffff
2167ffffffffffffff
216bfffffffffffffe
216fffffffffffffff
2173ffffffffffffff
2177ffffffffffffff
217bffffffffffffff
217ffffffffffffffe
2183ffffffffffffff
2187ffffffffffffff
218bffffffffffffff
218fffffffffffffff
2193fffffffffffffe
2197ffffffffffffff
219bffffffffffffff
219fffffffffffffff
21a3ffffffffffffff
21a7fffffffffffffe
21abffffffffffffff
21afffffffffffffff
21b3ffffffffffffff
21b7ffffffffffffff
21bbfffffffffffffe
21bfffffffffffffff
21c3ffffffffffffff
21c7ffffffffffffff
21cbffffffffffffff
21cffffffffffffffe
21d3ffffffffffffff
21d7ffffffffffffff
21dbffffffffffffff
21dfffffffffffffff
21e3fffffffffffffe
21e7ffffffffffffff
21ebffffffffffffff
21efffffffffffffff
21f3ffffffffffffff
21f7fffffffffffffe
21fbffffffffffffff
21ffffffffffffffff
2203ffffffffffffff
2207ffffffffffffff
220bfffffffffffffe
220fffffffffffffff
2213ffffffffffffff
2217ffffffffffffff
221bffffffffffffff
221ffffffffffffffe
2223ffffffffffffff
2227ffffffffffffff
222bffffffffffffff
222fffffffffffffff
2233fffffffffffffe
2237ffffffffffffff
223bffffffffffffff
223fffffffffffffff
2243ffffffffffffff
2247fffffffffffffe
224bffffffffffffff
224fffffffffffffff
2253ffffffffffffff
2257ffffffffffffff
225bfffffffffffffe
225fffffffffffffff
2263ffffffffffffff
2267ffffffffffffff
226bffffffffffffff
226ffffffffffffffe
2273ffffffffffffff
2277ffffffffffffff
227bffffffffffffff
227fffffffffffffff
2283fffffffffffffe
2287ffffffffffffff
228bffffffffffffff
228fffffffffffffff
2293ffffffffffffff
2297fffffffffffffe
229bffffffffffffff
229fffffffffffffff
22a3ffffffffffffff
22a7ffffffffffffff
22abfffffffffffffe
22afffffffffffffff
22b3ffffffffffffff
22b7ffffffffffffff
22bbffffffffffffff
22bffffffffffffffe
22c3ffffffffffffff
22c7ffffffffffffff
22cbffffffffffffff
22cfffffffffffffff
22d3fffffffffffffe
22d7ffffffffffffff
22dbffffffffffffff
22dfffffffffffffff
22e3ffffffffffffff
22e7fffffffffffffe
22ebffffffffffffff
22efffffffffffffff
22f3ffffffffffffff
22f7ffffffffffffff
22fbfffffffffffffe
22ffffffffffffffff
2303ffffffffffffff
2307ffffffffffffff
230bffffffffffffff
230ffffffffffffffe
2313ffffffffffffff
2317ffffffffffffff
231bffffffffffffff
231fffffffffffffff
2323fffffffffffffe
2327ffffffffffffff
232bffffffffffffff
232fffffffffffffff
2333ffffffffffffff
2337fffffffffffffe
233bffffffffffffff
233fffffffffffffff
2343ffffffffffffff
2347ffffffffffffff
234bfffffffffffffe
234fffffffffffffff
2353ffffffffffffff
2357ffffffffffffff
235bffffffffffffff
235ffffffffffffffe
2363ffffffffffffff
2367ffffffffffffff
236bffffffffffffff
236fffffffffffffff
2373fffffffffffffe
2377ffffffffffffff
237bffffffffffffff
237fffffffffffffff
2383ffffffffffffff
2387fffffffffffffe
238bffffffffffffff
238fffffffffffffff
2393ffffffffffffff
2397ffffffffffffff
239bfffffffffffffe
239fffffffffffffff
23a3ffffffffffffff
23a7ffffffffffffff
23abffffffffffffff
23affffffffffffffe
23b3ffffffffffffff
23b7ffffffffffffff
23bbffffffffffffff
23bfffffffffffffff
23c3fffffffffffffe
23c7ffffffffffffff
23cbffffffffffffff
23cfffffffffffffff
23d3ffffffffffffff
23d7fffffffffffffe
23dbffffffffffffff
23dfffffffffffffff
23e3ffffffffffffff
23e7ffffffffffffff
23ebfffffffffffffe
23efffffffffffffff
23f3ffffffffffffff
23f7ffffffffffffff
23fbffffffffffffff
23fffffffffffffffe
2403ffffffffffffff
2407ffffffffffffff
240bffffffffffffff
240fffffffffffffff
2413fffffffffffffe
2417ffffffffffffff
241bffffffffffffff
241fffffffffffffff
2423ffffffffffffff
2427fffffffffffffe
242bffffffffffffff
242fffffffffffffff
2433ffffffffffffff
2437ffffffffffffff
243bfffffffffffffe
243fffffffffffffff
2443ffffffffffffff
2447ffffffffffffff
244bffffffffffffff
244ffffffffffffffe
2453ffffffffffffff
2457ffffffffffffff
245bffffffffffffff
245fffffffffffffff
2463fffffffffffffe
2467ffffffffffffff
246bffffffffffffff
246fffffffffffffff
2473ffffffffffffff
2477fffffffffffffe
247bffffffffffffff
247fffffffffffffff
2483ffffffffffffff
2487ffffffffffffff
248bfffffffffffffe
248fffffffffffffff
2493ffffffffffffff
2497ffffffffffffff
249bffffffffffffff
249ffffffffffffffe
24a3ffffffffffffff
24a7ffffffffffffff
24abffffffffffffff
24afffffffffffffff
24b3fffffffffffffe
24b7ffffffffffffff
24bbffffffffffffff
24bfffffffffffffff
24c3ffffffffffffff
24c7fffffffffffffe
24cbffffffffffffff
24cfffffffffffffff
24d3ffffffffffffff
24d7ffffffffffffff
24dbfffffffffffffe
24dfffffffffffffff
24e3ffffffffffffff
24e7ffffffffffffff
24ebffffffffffffff
24effffffffffffffe
24f3ffffffffffffff
24f7ffffffffffffff
24fbffffffffffffff
24ffffffffffffffff
2503fffffffffffffe
2507ffffffffffffff
250bffffffffffffff
250fffffffffffffff
2513ffffffffffffff
2517fffffffffffffe
251bffffffffffffff
251fffffffffffffff
2523ffffffffffffff
2527ffffffffffffff
252bfffffffffffffe
252fffffffffffffff
2533ffffffffffffff
2537ffffffffffffff
253bffffffffffffff
253ffffffffffffffe
2543ffffffffffffff
2547ffffffffffffff
254bffffffffffffff
254fffffffffffffff
2553fffffffffffffe
2557ffffffffffffff
255bffffffffffffff
255fffffffffffffff
2563ffffffffffffff
2567fffffffffffffe
256bffffffffffffff
256fffffffffffffff
2573ffffffffffffff
2577ffffffffffffff
257bfffffffffffffe
257fffffffffffffff
2583ffffffffffffff
2587ffffffffffffff
258bffffffffffffff
258ffffffffffffffe
2593ffffffffffffff
2597ffffffffffffff
259bffffffffffffff
259fffffffffffffff
25a3fffffffffffffe
25a7ffffffffffffff
25abffffffffffffff
25afffffffffffffff
25b3ffffffffffffff
25b7fffffffffffffe
25bbffffffffffffff
25bfffffffffffffff
25c3ffffffffffffff
25c7ffffffffffffff
25cbfffffffffffffe
25cfffffffffffffff
25d3ffffffffffffff
25d7ffffffffffffff
25dbffffffffffffff
25dffffffffffffffe
25e3ffffffffffffff
25e7ffffffffffffff
25ebffffffffffffff
25efffffffffffffff
25f3fffffffffffffe
25f7ffffffffffffff
25fbffffffffffffff
25ffffffffffffffff
2603ffffffffffffff
2607fffffffffffffe
260bffffffffffffff
260fffffffffffffff
2613ffffffffffffff
2617ffffffffffffff
261bfffffffffffffe
261fffffffffffffff
2623ffffffffffffff
2627ffffffffffffff
262bffffffffffffff
262ffffffffffffffe
2633ffffffffffffff
2637ffffffffffffff
263bffffffffffffff
263fffffffffffffff
2643fffffffffffffe
2647ffffffffffffff
264bffffffffffffff
264fffffffffffffff
2653ffffffffffffff
2657fffffffffffffe
265bffffffffffffff
265fffffffffffffff
2663ffffffffffffff
2667ffffffffffffff
266bfffffffffffffe
266fffffffffffffff
2673ffffffffffffff
2677ffffffffffffff
267bffffffffffffff
267ffffffffffffffe
2683ffffffffffffff
2687ffffffffffffff
268bffffffffffffff
268fffffffffffffff
2693fffffffffffffe
2697ffffffffffffff
269bffffffffffffff
269fffffffffffffff
26a3ffffffffffffff
26a7fffffffffffffe
26abffffffffffffff
26afffffffffffffff
26b3ffffffffffffff
26b7ffffffffffffff
26bbfffffffffffffe
26bfffffffffffffff
26c3ffffffffffffff
26c7ffffffffffffff
26cbffffffffffffff
26cffffffffffffffe
26d3ffffffffffffff
26d7ffffffffffffff
26dbffffffffffffff
26dfffffffffffffff
26e3fffffffffffffe
26e7ffffffffffffff
26ebffffffffffffff
26efffffffffffffff
26f3ffffffffffffff
26f7fffffffffffffe
26fbffffffffffffff
26ffffffffffffffff
2703ffffffffffffff
2707ffffffffffffff
270bfffffffffffffe
270fffffffffffffff
2713ffffffffffffff
2717ffffffffffffff
271bffffffffffffff
271ffffffffffffffe
2723ffffffffffffff
2727ffffffffffffff
272bffffffffffffff
272fffffffffffffff
2733fffffffffffffe
2737ffffffffffffff
273bffffffffffffff
273fffffffffffffff
2743ffffffffffffff
2747fffffffffffffe
274bffffffffffffff
274fffffffffffffff
2753ffffffffffffff
2757ffffffffffffff
275bfffffffffffffe
275fffffffffffffff
2763ffffffffffffff
2767ffffffffffffff
276bffffffffffffff
276ffffffffffffffe
2773ffffffffffffff
2777ffffffffffffff
277bffffffffffffff
277fffffffffffffff
2783fffffffffffffe
2787ffffffffffffff
278bffffffffffffff
278fffffffffffffff
2793ffffffffffffff
2797fffffffffffffe
279bffffffffffffff
279fffffffffffffff
27a3ffffffffffffff
27a7ffffffffffffff
27abfffffffffffffe
27afffffffffffffff
27b3ffffffffffffff
27b7ffffffffffffff
27bbffffffffffffff
27bffffffffffffffe
27c3ffffffffffffff
27c7ffffffffffffff
27cbffffffffffffff
27cfffffffffffffff
27d3fffffffffffffe
27d7ffffffffffffff
27dbffffffffffffff
27dfffffffffffffff
27e3ffffffffffffff
27e7fffffffffffffe
27ebffffffffffffff
27efffffffffffffff
27f3ffffffffffffff
27f7ffffffffffffff
27fbfffffffffffffe
27ffffffffffffffff
2803ffffffffffffff
2807ffffffffffffff
280bffffffffffffff
280ffffffffffffffe
2813ffffffffffffff
2817ffffffffffffff
281bffffffffffffff
281fffffffffffffff
2823fffffffffffffe
2827ffffffffffffff
282bffffffffffffff
282fffffffffffffff
2833ffffffffffffff
2837fffffffffffffe
283bffffffffffffff
283fffffffffffffff
2843ffffffffffffff
2847ffffffffffffff
284bfffffffffffffe
284fffffffffffffff
2853ffffffffffffff
2857ffffffffffffff
285bffffffffffffff
285ffffffffffffffe
2863ffffffffffffff
2867ffffffffffffff
286bffffffffffffff
286fffffffffffffff
2873fffffffffffffe
2877ffffffffffffff
287bffffffffffffff
287fffffffffffffff
2883ffffffffffffff
2887fffffffffffffe
288bffffffffffffff
288fffffffffffffff
2893ffffffffffffff
2897ffffffffffffff
289bfffffffffffffe
289fffffffffffffff
28a3ffffffffffffff
28a7ffffffffffffff
28abffffffffffffff
28affffffffffffffe
28b3ffffffffffffff
28b7ffffffffffffff
28bbffffffffffffff
28bfffffffffffffff
28c3fffffffffffffe
28c7ffffffffffffff
28cbffffffffffffff
28cfffffffffffffff
28d3ffffffffffffff
28d7fffffffffffffe
28dbffffffffffffff
28dfffffffffffffff
28e3ffffffffffffff
28e7ffffffffffffff
28ebfffffffffffffe
28efffffffffffffff
28f3ffffffffffffff
28f7ffffffffffffff
28fbffffffffffffff
28fffffffffffffffe
2903ffffffffffffff
2907ffffffffffffff
290bffffffffffffff
290fffffffffffffff
2913fffffffffffffe
2917ffffffffffffff
291bffffffffffffff
291fffffffffffffff
2923ffffffffffffff
2927fffffffffffffe
292bffffffffffffff
292fffffffffffffff
2933ffffffffffffff
2937ffffffffffffff
293bfffffffffffffe
293fffffffffffffff
2943ffffffffffffff
2947ffffffffffffff
294bffffffffffffff
294ffffffffffffffe
2953ffffffffffffff
2957ffffffffffffff
295bffffffffffffff
295fffffffffffffff
2963fffffffffffffe
2967ffffffffffffff
296bffffffffffffff
296fffffffffffffff
2973ffffffffffffff
2977fffffffffffffe
297bffffffffffffff
297fffffffffffffff
2983ffffffffffffff
2987ffffffffffffff
298bfffffffffffffe
298fffffffffffffff
2993ffffffffffffff
2997ffffffffffffff
299bffffffffffffff
299ffffffffffffffe
29a3ffffffffffffff
29a7ffffffffffffff
29abffffffffffffff
29afffffffffffffff
29b3fffffffffffffe
29b7ffffffffffffff
29bbffffffffffffff
29bfffffffffffffff
29c3ffffffffffffff
29c7fffffffffffffe
29cbffffffffffffff
29cfffffffffffffff
29d3ffffffffffffff
29d7ffffffffffffff
29dbfffffffffffffe
29dfffffffffffffff
29e3ffffffffffffff
29e7ffffffffffffff
29ebffffffffffffff
29effffffffffffffe
29f3ffffffffffffff
29f7ffffffffffffff
29fbffffffffffffff
29ffffffffffffffff
2a03fffffffffffffe
2a07ffffffffffffff
2a0bffffffffffffff
2a0fffffffffffffff
2a13ffffffffffffff
2a17fffffffffffffe
2a1bffffffffffffff
2a1fffffffffffffff
2a23ffffffffffffff
2a27ffffffffffffff
2a2bfffffffffffffe
2a2fffffffffffffff
2a33ffffffffffffff
2a37ffffffffffffff
2a3bffffffffffffff
2a3ffffffffffffffe
2a43ffffffffffffff
2a47ffffffffffffff
2a4bffffffffffffff
2a4fffffffffffffff
2a53fffffffffffffe
2a57ffffffffffffff
2a5bffffffffffffff
2a5fffffffffffffff
2a63ffffffffffffff
2a67fffffffffffffe
2a6bffffffffffffff
2a6fffffffffffffff
2a73ffffffffffffff
2a77ffffffffffffff
2a7bfffffffffffffe
2a7fffffffffffffff
2a83ffffffffffffff
2a87ffffffffffffff
2a8bffffffffffffff
2a8ffffffffffffffe
2a93ffffffffffffff
2a97ffffffffffffff
2a9bffffffffffffff
2a9fffffffffffffff
2aa3fffffffffffffe
2aa7ffffffffffffff
2aabffffffffffffff
2aafffffffffffffff
2ab3ffffffffffffff
2ab7fffffffffffffe
2abbffffffffffffff
2abfffffffffffffff
2ac3ffffffffffffff
2ac7ffffffffffffff
2acbfffffffffffffe
2acfffffffffffffff
2ad3ffffffffffffff
2ad7ffffffffffffff
2adbffffffffffffff
2adffffffffffffffe
2ae3ffffffffffffff
2ae7ffffffffffffff
2aebffffffffffffff
2aefffffffffffffff
2af3fffffffffffffe
2af7ffffffffffffff
2afbffffffffffffff
2affffffffffffffff
2b03ffffffffffffff
2b07fffffffffffffe
2b0bffffffffffffff
2b0fffffffffffffff
2b13ffffffffffffff
2b17ffffffffffffff
2b1bfffffffffffffe
2b1fffffffffffffff
2b23ffffffffffffff
2b27ffffffffffffff
2b2bffffffffffffff
2b2ffffffffffffffe
2b33ffffffffffffff
2b37ffffffffffffff
2b3bffffffffffffff
2b3fffffffffffffff
2b43fffffffffffffe
2b47ffffffffffffff
2b4bffffffffffffff
2b4fffffffffffffff
2b53ffffffffffffff
2b57fffffffffffffe
2b5bffffffffffffff
2b5fffffffffffffff
2b63ffffffffffffff
2b67ffffffffffffff
2b6bfffffffffffffe
2b6fffffffffffffff
2b73ffffffffffffff
2b77ffffffffffffff
2b7bffffffffffffff
2b7ffffffffffffffe
2b83ffffffffffffff
2b87ffffffffffffff
2b8bffffffffffffff
2b8fffffffffffffff
2b93fffffffffffffe
2b97ffffffffffffff
2b9bffffffffffffff
2b9fffffffffffffff
2ba3ffffffffffffff
2ba7fffffffffffffe
2babffffffffffffff
2bafffffffffffffff
2bb3ffffffffffffff
2bb7ffffffffffffff
2bbbfffffffffffffe
2bbfffffffffffffff
2bc3ffffffffffffff
2bc7ffffffffffffff
2bcbffffffffffffff
2bcffffffffffffffe
2bd3ffffffffffffff
2bd7ffffffffffffff
2bdbffffffffffffff
2bdfffffffffffffff
2be3fffffffffffffe
2be7ffffffffffffff
2bebffffffffffffff
2befffffffffffffff
2bf3ffffffffffffff
2bf7fffffffffffffe
2bfbffffffffffffff
2bffffffffffffffff
2c03ffffffffffffff
2c07ffffffffffffff
2c0bfffffffffffffe
2c0fffffffffffffff
2c13ffffffffffffff
2c17ffffffffffffff
2c1bffffffffffffff
2c1ffffffffffffffe
2c23ffffffffffffff
2c27ffffffffffffff
2c2bffffffffffffff
2c2fffffffffffffff
2c33fffffffffffffe
2c37ffffffffffffff
2c3bffffffffffffff
2c3fffffffffffffff
2c43ffffffffffffff
2c47fffffffffffffe
2c4bffffffffffffff
2c4fffffffffffffff
2c53ffffffffffffff
2c57ffffffffffffff
2c5bfffffffffffffe
2c5fffffffffffffff
2c63ffffffffffffff
2c67ffffffffffffff
2c6bffffffffffffff
2c6ffffffffffffffe
2c73ffffffffffffff
2c77ffffffffffffff
2c7bffffffffffffff
2c7fffffffffffffff
2c83fffffffffffffe
2c87ffffffffffffff
2c8bffffffffffffff
2c8fffffffffffffff
2c93ffffffffffffff
2c97fffffffffffffe
2c9bffffffffffffff
2c9fffffffffffffff
2ca3ffffffffffffff
2ca7ffffffffffffff
2cabfffffffffffffe
2cafffffffffffffff
2cb3ffffffffffffff
2cb7ffffffffffffff
2cbbffffffffffffff
2cbffffffffffffffe
2cc3ffffffffffffff
2cc7ffffffffffffff
2ccbffffffffffffff
2ccfffffffffffffff
2cd3fffffffffffffe
2cd7ffffffffffffff
2cdbffffffffffffff
2cdfffffffffffffff
2ce3ffffffffffffff
2ce7fffffffffffffe
2cebffffffffffffff
2cefffffffffffffff
2cf3ffffffffffffff
2cf7ffffffffffffff
2cfbfffffffffffffe
2cffffffffffffffff
2d03ffffffffffffff
2d07ffffffffffffff
2d0bffffffffffffff
2d0ffffffffffffffe
2d13ffffffffffffff
2d17ffffffffffffff
2d1bffffffffffffff
2d1fffffffffffffff
2d23fffffffffffffe
2d27ffffffffffffff
2d2bffffffffffffff
2d2fffffffffffffff
2d33ffffffffffffff
2d37fffffffffffffe
2d3bffffffffffffff
2d3fffffffffffffff
2d43ffffffffffffff
2d47ffffffffffffff
2d4bfffffffffffffe
2d4fffffffffffffff
2d53ffffffffffffff
2d57ffffffffffffff
2d5bffffffffffffff
2d5ffffffffffffffe
2d63ffffffffffffff
2d67ffffffffffffff
2d6bffffffffffffff
2d6fffffffffffffff
2d73fffffffffffffe
2d77ffffffffffffff
2d7bffffffffffffff
2d7fffffffffffffff
2d83ffffffffffffff
2d87fffffffffffffe
2d8bffffffffffffff
2d8fffffffffffffff
2d93ffffffffffffff
2d97ffffffffffffff
2d9bfffffffffffffe
2d9fffffffffffffff
2da3ffffffffffffff
2da7ffffffffffffff
2dabffffffffffffff
2daffffffffffffffe
2db3ffffffffffffff
2db7ffffffffffffff
2dbbffffffffffffff
2dbfffffffffffffff
2dc3fffffffffffffe
2dc7ffffffffffffff
2dcbffffffffffffff
2dcfffffffffffffff
2dd3ffffffffffffff
2dd7fffffffffffffe
2ddbffffffffffffff
2ddfffffffffffffff
2de3ffffffffffffff
2de7ffffffffffffff
2debfffffffffffffe
2defffffffffffffff
2df3ffffffffffffff
2df7ffffffffffffff
2dfbffffffffffffff
2dfffffffffffffffe
2e03ffffffffffffff
2e07ffffffffffffff
2e0bffffffffffffff
2e0fffffffffffffff
2e13fffffffffffffe
2e17ffffffffffffff
2e1bffffffffffffff
2e1fffffffffffffff
2e23ffffffffffffff
2e27fffffffffffffe
2e2bffffffffffffff
2e2fffffffffffffff
2e33ffffffffffffff
2e37ffffffffffffff
2e3bfffffffffffffe
2e3fffffffffffffff
2e43ffffffffffffff
2e47ffffffffffffff
2e4bffffffffffffff
2e4ffffffffffffffe
2e53ffffffffffffff
2e57ffffffffffffff
2e5bffffffffffffff
2e5fffffffffffffff
2e63fffffffffffffe
2e67ffffffffffffff
2e6bffffffffffffff
2e6fffffffffffffff
2e73ffffffffffffff
2e77fffffffffffffe
2e7bffffffffffffff
2e7fffffffffffffff
2e83ffffffffffffff
2e87ffffffffffffff
2e8bfffffffffffffe
2e8fffffffffffffff
2e93ffffffffffffff
2e97ffffffffffffff
2e9bffffffffffffff
2e9ffffffffffffffe
2ea3ffffffffffffff
2ea7ffffffffffffff
2eabffffffffffffff
2eafffffffffffffff
2eb3fffffffffffffe
2eb7ffffffffffffff
2ebbffffffffffffff
2ebfffffffffffffff
2ec3ffffffffffffff
2ec7fffffffffffffe
2ecbffffffffffffff
2ecfffffffffffffff
2ed3ffffffffffffff
2ed7ffffffffffffff
2edbfffffffffffffe
2edfffffffffffffff
2ee3ffffffffffffff
2ee7ffffffffffffff
2eebffffffffffffff
2eeffffffffffffffe
2ef3ffffffffffffff
2ef7ffffffffffffff
2efbffffffffffffff
2effffffffffffffff
2f03fffffffffffffe
2f07ffffffffffffff
2f0bffffffffffffff
2f0fffffffffffffff
2f13ffffffffffffff
2f17fffffffffffffe
2f1bffffffffffffff
2f1fffffffffffffff
2f23ffffffffffffff
2f27ffffffffffffff
2f2bfffffffffffffe
2f2fffffffffffffff
2f33ffffffffffffff
2f37ffffffffffffff
2f3bffffffffffffff
2f3ffffffffffffffe
2f43ffffffffffffff
2f47ffffffffffffff
2f4bffffffffffffff
2f4fffffffffffffff
2f53fffffffffffffe
2f57ffffffffffffff
2f5bffffffffffffff
2f5fffffffffffffff
2f63ffffffffffffff
2f67fffffffffffffe
2f6bffffffffffffff
2f6fffffffffffffff
2f73ffffffffffffff
2f77ffffffffffffff
2f7bfffffffffffffe
2f7fffffffffffffff
2f83ffffffffffffff
2f87ffffffffffffff
2f8bffffffffffffff
2f8ffffffffffffffe
2f93ffffffffffffff
2f97ffffffffffffff
2f9bffffffffffffff
2f9fffffffffffffff
2fa3fffffffffffffe
2fa7ffffffffffffff
2fabffffffffffffff
2fafffffffffffffff
2fb3ffffffffffffff
2fb7fffffffffffffe
2fbbffffffffffffff
2fbfffffffffffffff
2fc3ffffffffffffff
2fc7ffffffffffffff
2fcbfffffffffffffe
2fcfffffffffffffff
2fd3ffffffffffffff
2fd7ffffffffffffff
2fdbffffffffffffff
2fdffffffffffffffe
2fe3ffffffffffffff
2fe7ffffffffffffff
2febffffffffffffff
2fefffffffffffffff
2ff3fffffffffffffe
2ff7ffffffffffffff
2ffbffffffffffffff
2fffffffffffffffff
3003ffffffffffffff
3007fffffffffffffe
300bffffffffffffff
300fffffffffffffff
3013ffffffffffffff
3017ffffffffffffff
301bfffffffffffffe
301fffffffffffffff
3023ffffffffffffff
3027ffffffffffffff
302bffffffffffffff
302ffffffffffffffe
3033ffffffffffffff
3037ffffffffffffff
303bffffffffffffff
303fffffffffffffff
3043fffffffffffffe
3047ffffffffffffff
304bffffffffffffff
304fffffffffffffff
3053ffffffffffffff
3057fffffffffffffe
305bffffffffffffff
305fffffffffffffff
3063ffffffffffffff
3067ffffffffffffff
306bfffffffffffffe
306fffffffffffffff
3073ffffffffffffff
3077ffffffffffffff
307bffffffffffffff
307ffffffffffffffe
3083ffffffffffffff
3087ffffffffffffff
308bffffffffffffff
308fffffffffffffff
3093fffffffffffffe
3097ffffffffffffff
309bffffffffffffff
309fffffffffffffff
30a3ffffffffffffff
30a7fffffffffffffe
30abffffffffffffff
30afffffffffffffff
30b3ffffffffffffff
30b7ffffffffffffff
30bbfffffffffffffe
30bfffffffffffffff
30c3ffffffffffffff
30c7ffffffffffffff
30cbffffffffffffff
30cffffffffffffffe
30d3ffffffffffffff
30d7ffffffffffffff
30dbffffffffffffff
30dfffffffffffffff
30e3fffffffffffffe
30e7ffffffffffffff
30ebffffffffffffff
30efffffffffffffff
30f3ffffffffffffff
30f7fffffffffffffe
30fbffffffffffffff
30ffffffffffffffff
3103ffffffffffffff
3107ffffffffffffff
310bfffffffffffffe
310fffffffffffffff
3113ffffffffffffff
3117ffffffffffffff
311bffffffffffffff
311ffffffffffffffe
3123ffffffffffffff
3127ffffffffffffff
312bffffffffffffff
312fffffffffffffff
3133fffffffffffffe
3137ffffffffffffff
313bffffffffffffff
313fffffffffffffff
3143ffffffffffffff
3147fffffffffffffe
314bffffffffffffff
314fffffffffffffff
3153ffffffffffffff
3157ffffffffffffff
315bfffffffffffffe
315fffffffffffffff
3163ffffffffffffff
3167ffffffffffffff
316bffffffffffffff
316ffffffffffffffe
3173ffffffffffffff
3177ffffffffffffff
317bffffffffffffff
317fffffffffffffff
3183fffffffffffffe
3187ffffffffffffff
318bffffffffffffff
318fffffffffffffff
3193ffffffffffffff
3197fffffffffffffe
319bffffffffffffff
319fffffffffffffff
31a3ffffffffffffff
31a7ffffffffffffff
31abfffffffffffffe
31afffffffffffffff
31b3ffffffffffffff
31b7ffffffffffffff
31bbffffffffffffff
31bffffffffffffffe
31c3ffffffffffffff
31c7ffffffffffffff
31cbffffffffffffff
31cfffffffffffffff
31d3fffffffffffffe
31d7ffffffffffffff
31dbffffffffffffff
31dfffffffffffffff
31e3ffffffffffffff
31e7fffffffffffffe
31ebffffffffffffff
31efffffffffffffff
31f3ffffffffffffff
31f7ffffffffffffff
31fbfffffffffffffe
31ffffffffffffffff
3203ffffffffffffff
3207ffffffffffffff
320bffffffffffffff
320ffffffffffffffe
3213ffffffffffffff
3217ffffffffffffff
321bffffffffffffff
321fffffffffffffff
3223fffffffffffffe
3227ffffffffffffff
322bffffffffffffff
322fffffffffffffff
3233ffffffffffffff
3237fffffffffffffe
323bffffffffffffff
323fffffffffffffff
3243ffffffffffffff
3247ffffffffffffff
324bfffffffffffffe
324fffffffffffffff
3253ffffffffffffff
3257ffffffffffffff
325bffffffffffffff
325ffffffffffffffe
3263ffffffffffffff
3267ffffffffffffff
326bffffffffffffff
326fffffffffffffff
3273fffffffffffffe
3277ffffffffffffff
327bffffffffffffff
327fffffffffffffff
3283ffffffffffffff
3287fffffffffffffe
328bffffffffffffff
328fffffffffffffff
3293ffffffffffffff
3297ffffffffffffff
329bfffffffffffffe
329fffffffffffffff
32a3ffffffffffffff
32a7ffffffffffffff
32abffffffffffffff
32affffffffffffffe
32b3ffffffffffffff
32b7ffffffffffffff
32bbffffffffffffff
32bfffffffffffffff
32c3fffffffffffffe
32c7ffffffffffffff
32cbffffffffffffff
32cfffffffffffffff
32d3ffffffffffffff
32d7fffffffffffffe
32dbffffffffffffff
32dfffffffffffffff
32e3ffffffffffffff
32e7ffffffffffffff
32ebfffffffffffffe
32efffffffffffffff
32f3ffffffffffffff
32f7ffffffffffffff
32fbffffffffffffff
32fffffffffffffffe
3303ffffffffffffff
3307ffffffffffffff
330bffffffffffffff
330fffffffffffffff
3313fffffffffffffe
3317ffffffffffffff
331bffffffffffffff
331fffffffffffffff
3323ffffffffffffff
3327fffffffffffffe
332bffffffffffffff
332fffffffffffffff
3333ffffffffffffff
3337ffffffffffffff
333bfffffffffffffe
333fffffffffffffff
3343ffffffffffffff
3347ffffffffffffff
334bffffffffffffff
334ffffffffffffffe
3353ffffffffffffff
3357ffffffffffffff
335bffffffffffffff
335fffffffffffffff
3363fffffffffffffe
3367ffffffffffffff
336bffffffffffffff
336fffffffffffffff
3373ffffffffffffff
3377fffffffffffffe
337bffffffffffffff
337fffffffffffffff
3383ffffffffffffff
3387ffffffffffffff
338bfffffffffffffe
338fffffffffffffff
3393ffffffffffffff
3397ffffffffffffff
339bffffffffffffff
339ffffffffffffffe
33a3ffffffffffffff
33a7ffffffffffffff
33abffffffffffffff
33afffffffffffffff
33b3fffffffffffffe
33b7ffffffffffffff
33bbffffffffffffff
33bfffffffffffffff
33c3ffffffffffffff
33c7fffffffffffffe
33cbffffffffffffff
33cfffffffffffffff
33d3ffffffffffffff
33d7ffffffffffffff
33dbfffffffffffffe
33dfffffffffffffff
33e3ffffffffffffff
33e7ffffffffffffff
33ebffffffffffffff
33effffffffffffffe
33f3ffffffffffffff
33f7ffffffffffffff
33fbffffffffffffff
33ffffffffffffffff
3403fffffffffffffe
3407ffffffffffffff
340bffffffffffffff
340fffffffffffffff
3413ffffffffffffff
3417fffffffffffffe
341bffffffffffffff
341fffffffffffffff
3423ffffffffffffff
3427ffffffffffffff
342bfffffffffffffe
342fffffffffffffff
3433ffffffffffffff
3437ffffffffffffff
343bffffffffffffff
343ffffffffffffffe
3443ffffffffffffff
3447ffffffffffffff
344bffffffffffffff
344fffffffffffffff
3453fffffffffffffe
3457ffffffffffffff
345bffffffffffffff
345fffffffffffffff
3463ffffffffffffff
3467fffffffffffffe
346bffffffffffffff
346fffffffffffffff
3473ffffffffffffff
3477ffffffffffffff
347bfffffffffffffe
347fffffffffffffff
3483ffffffffffffff
3487ffffffffffffff
348bffffffffffffff
348ffffffffffffffe
3493ffffffffffffff
3497ffffffffffffff
349bffffffffffffff
349fffffffffffffff
34a3fffffffffffffe
34a7ffffffffffffff
34abffffffffffffff
34afffffffffffffff
34b3ffffffffffffff
34b7fffffffffffffe
34bbffffffffffffff
34bfffffffffffffff
34c3ffffffffffffff
34c7ffffffffffffff
34cbfffffffffffffe
34cfffffffffffffff
34d3ffffffffffffff
34d7ffffffffffffff
34dbffffffffffffff
34dffffffffffffffe
34e3ffffffffffffff
34e7ffffffffffffff
34ebffffffffffffff
34efffffffffffffff
34f3fffffffffffffe
34f7ffffffffffffff
34fbffffffffffffff
34ffffffffffffffff
3503ffffffffffffff
3507fffffffffffffe
350bffffffffffffff
350fffffffffffffff
3513ffffffffffffff
3517ffffffffffffff
351bfffffffffffffe
351fffffffffffffff
3523ffffffffffffff
3527ffffffffffffff
352bffffffffffffff
352ffffffffffffffe
3533ffffffffffffff
3537ffffffffffffff
353bffffffffffffff
353fffffffffffffff
3543fffffffffffffe
3547ffffffffffffff
354bffffffffffffff
354fffffffffffffff
3553ffffffffffffff
3557fffffffffffffe
355bffffffffffffff
355fffffffffffffff
3563ffffffffffffff
3567ffffffffffffff
356bfffffffffffffe
356fffffffffffffff
3573ffffffffffffff
3577ffffffffffffff
357bffffffffffffff
357ffffffffffffffe
3583ffffffffffffff
3587ffffffffffffff
358bffffffffffffff
358fffffffffffffff
3593fffffffffffffe
3597ffffffffffffff
359bffffffffffffff
359fffffffffffffff
35a3ffffffffffffff
35a7fffffffffffffe
35abffffffffffffff
35afffffffffffffff
35b3ffffffffffffff
35b7ffffffffffffff
35bbfffffffffffffe
35bfffffffffffffff
35c3ffffffffffffff
35c7ffffffffffffff
35cbffffffffffffff
35cffffffffffffffe
35d3ffffffffffffff
35d7ffffffffffffff
35dbffffffffffffff
35dfffffffffffffff
35e3fffffffffffffe
35e7ffffffffffffff
35ebffffffffffffff
35efffffffffffffff
35f3ffffffffffffff
35f7fffffffffffffe
35fbffffffffffffff
35ffffffffffffffff
3603ffffffffffffff
3607ffffffffffffff
360bfffffffffffffe
360fffffffffffffff
3613ffffffffffffff
3617ffffffffffffff
361bffffffffffffff
361ffffffffffffffe
3623ffffffffffffff
3627ffffffffffffff
362bffffffffffffff
362fffffffffffffff
3633fffffffffffffe
3637ffffffffffffff
363bffffffffffffff
363fffffffffffffff
3643ffffffffffffff
3647fffffffffffffe
364bffffffffffffff
364fffffffffffffff
3653ffffffffffffff
3657ffffffffffffff
365bfffffffffffffe
365fffffffffffffff
3663ffffffffffffff
3667ffffffffffffff
366bffffffffffffff
366ffffffffffffffe
3673ffffffffffffff
3677ffffffffffffff
367bffffffffffffff
367fffffffffffffff
3683fffffffffffffe
3687ffffffffffffff
368bffffffffffffff
368fffffffffffffff
3693ffffffffffffff
3697fffffffffffffe
369bffffffffffffff
369fffffffffffffff
36a3ffffffffffffff
36a7ffffffffffffff
36abfffffffffffffe
36afffffffffffffff
36b3ffffffffffffff
36b7ffffffffffffff
36bbffffffffffffff
36bffffffffffffffe
36c3ffffffffffffff
36c7ffffffffffffff
36cbffffffffffffff
36cfffffffffffffff
36d3fffffffffffffe
36d7ffffffffffffff
36dbffffffffffffff
36dfffffffffffffff
36e3ffffffffffffff
36e7fffffffffffffe
36ebffffffffffffff
36efffffffffffffff
36f3ffffffffffffff
36f7ffffffffffffff
36fbfffffffffffffe
36ffffffffffffffff
3703ffffffffffffff
3707ffffffffffffff
370bffffffffffffff
370ffffffffffffffe
3713ffffffffffffff
3717ffffffffffffff
371bffffffffffffff
371fffffffffffffff
3723fffffffffffffe
3727ffffffffffffff
372bffffffffffffff
372fffffffffffffff
3733ffffffffffffff
3737fffffffffffffe
373bffffffffffffff
373fffffffffffffff
3743ffffffffffffff
3747ffffffffffffff
374bfffffffffffffe
374fffffffffffffff
3753ffffffffffffff
3757ffffffffffffff
375bffffffffffffff
375ffffffffffffffe
3763ffffffffffffff
3767ffffffffffffff
376bffffffffffffff
376fffffffffffffff
3773fffffffffffffe
3777ffffffffffffff
377bffffffffffffff
377fffffffffffffff
3783ffffffffffffff
3787fffffffffffffe
378bffffffffffffff
378fffffffffffffff
3793ffffffffffffff
3797ffffffffffffff
379bfffffffffffffe
379fffffffffffffff
37a3ffffffffffffff
37a7ffffffffffffff
37abffffffffffffff
37affffffffffffffe
37b3ffffffffffffff
37b7ffffffffffffff
37bbffffffffffffff
37bfffffffffffffff
37c3fffffffffffffe
37c7ffffffffffffff
37cbffffffffffffff
37cfffffffffffffff
37d3ffffffffffffff
37d7fffffffffffffe
37dbffffffffffffff
37dfffffffffffffff
37e3ffffffffffffff
37e7ffffffffffffff
37ebfffffffffffffe
37efffffffffffffff
37f3ffffffffffffff
37f7ffffffffffffff
37fbffffffffffffff
37fffffffffffffffe
3803ffffffffffffff
3807ffffffffffffff
380bffffffffffffff
380fffffffffffffff
3813fffffffffffffe
3817ffffffffffffff
381bffffffffffffff
381fffffffffffffff
3823ffffffffffffff
3827fffffffffffffe
382bffffffffffffff
382fffffffffffffff
3833ffffffffffffff
3837ffffffffffffff
383bfffffffffffffe
383fffffffffffffff
3843ffffffffffffff
3847ffffffffffffff
384bffffffffffffff
384ffffffffffffffe
3853ffffffffffffff
3857ffffffffffffff
385bffffffffffffff
385fffffffffffffff
3863fffffffffffffe
3867ffffffffffffff
386bffffffffffffff
386fffffffffffffff
3873ffffffffffffff
3877fffffffffffffe
387bffffffffffffff
387fffffffffffffff
3883ffffffffffffff
3887ffffffffffffff
388bfffffffffffffe
388fffffffffffffff
3893ffffffffffffff
3897ffffffffffffff
389bffffffffffffff
389ffffffffffffffe
38a3ffffffffffffff
38a7ffffffffffffff
38abffffffffffffff
38afffffffffffffff
38b3fffffffffffffe
38b7ffffffffffffff
38bbffffffffffffff
38bfffffffffffffff
38c3ffffffffffffff
38c7fffffffffffffe
38cbffffffffffffff
38cfffffffffffffff
38d3ffffffffffffff
38d7ffffffffffffff
38dbfffffffffffffe
38dfffffffffffffff
38e3ffffffffffffff
38e7ffffffffffffff
38ebffffffffffffff
38effffffffffffffe
38f3ffffffffffffff
38f7ffffffffffffff
38fbffffffffffffff
38ffffffffffffffff
3903fffffffffffffe
3907ffffffffffffff
390bffffffffffffff
390fffffffffffffff
3913ffffffffffffff
3917fffffffffffffe
391bffffffffffffff
391fffffffffffffff
3923ffffffffffffff
3927ffffffffffffff
392bfffffffffffffe
392fffffffffffffff
3933ffffffffffffff
3937ffffffffffffff
393bffffffffffffff
393ffffffffffffffe
3943ffffffffffffff
3947ffffffffffffff
394bffffffffffffff
394fffffffffffffff
3953fffffffffffffe
3957ffffffffffffff
395bffffffffffffff
395fffffffffffffff
3963ffffffffffffff
3967fffffffffffffe
396bffffffffffffff
396fffffffffffffff
3973ffffffffffffff
3977ffffffffffffff
397bfffffffffffffe
397fffffffffffffff
3983ffffffffffffff
3987ffffffffffffff
398bffffffffffffff
398ffffffffffffffe
3993ffffffffffffff
3997ffffffffffffff
399bffffffffffffff
399fffffffffffffff
39a3fffffffffffffe
39a7ffffffffffffff
39abffffffffffffff
39afffffffffffffff
39b3ffffffffffffff
39b7fffffffffffffe
39bbffffffffffffff
39bfffffffffffffff
39c3ffffffffffffff
39c7ffffffffffffff
39cbfffffffffffffe
39cfffffffffffffff
39d3ffffffffffffff
39d7ffffffffffffff
39dbffffffffffffff
39dffffffffffffffe
39e3ffffffffffffff
39e7ffffffffffffff
39ebffffffffffffff
39efffffffffffffff
39f3fffffffffffffe
39f7ffffffffffffff
39fbffffffffffffff
39ffffffffffffffff
3a03ffffffffffffff
3a07fffffffffffffe
3a0bffffffffffffff
3a0fffffffffffffff
3a13ffffffffffffff
3a17ffffffffffffff
3a1bfffffffffffffe
3a1fffffffffffffff
3a23ffffffffffffff
3a27ffffffffffffff
3a2bffffffffffffff
3a2ffffffffffffffe
3a33ffffffffffffff
3a37ffffffffffffff
3a3bffffffffffffff
3a3fffffffffffffff
3a43fffffffffffffe
3a47ffffffffffffff
3a4bffffffffffffff
3a4fffffffffffffff
3a53ffffffffffffff
3a57fffffffffffffe
3a5bffffffffffffff
3a5fffffffffffffff
3a63ffffffffffffff
3a67ffffffffffffff
3a6bfffffffffffffe
3a6fffffffffffffff
3a73ffffffffffffff
3a77ffffffffffffff
3a7bffffffffffffff
3a7ffffffffffffffe
3a83ffffffffffffff
3a87ffffffffffffff
3a8bffffffffffffff
3a8fffffffffffffff
3a93fffffffffffffe
3a97ffffffffffffff
3a9bffffffffffffff
3a9fffffffffffffff
3aa3ffffffffffffff
3aa7fffffffffffffe
3aabffffffffffffff
3aafffffffffffffff
3ab3ffffffffffffff
3ab7ffffffffffffff
3abbfffffffffffffe
3abfffffffffffffff
3ac3ffffffffffffff
3ac7ffffffffffffff
3acbffffffffffffff
3acffffffffffffffe
3ad3ffffffffffffff
3ad7ffffffffffffff
3adbffffffffffffff
3adfffffffffffffff
3ae3fffffffffffffe
3ae7ffffffffffffff
3aebffffffffffffff
3aefffffffffffffff
3af3ffffffffffffff
3af7fffffffffffffe
3afbffffffffffffff
3affffffffffffffff
3b03ffffffffffffff
3b07ffffffffffffff
3b0bfffffffffffffe
3b0fffffffffffffff
3b13ffffffffffffff
3b17ffffffffffffff
3b1bffffffffffffff
3b1ffffffffffffffe
3b23ffffffffffffff
3b27ffffffffffffff
3b2bffffffffffffff
3b2fffffffffffffff
3b33fffffffffffffe
3b37ffffffffffffff
3b3bffffffffffffff
3b3fffffffffffffff
3b43ffffffffffffff
3b47fffffffffffffe
3b4bffffffffffffff
3b4fffffffffffffff
3b53ffffffffffffff
3b57ffffffffffffff
3b5bfffffffffffffe
3b5fffffffffffffff
3b63ffffffffffffff
3b67ffffffffffffff
3b6bffffffffffffff
3b6ffffffffffffffe
3b73ffffffffffffff
3b77ffffffffffffff
3b7bffffffffffffff
3b7fffffffffffffff
3b83fffffffffffffe
3b87ffffffffffffff
3b8bffffffffffffff
3b8fffffffffffffff
3b93ffffffffffffff
3b97fffffffffffffe
3b9bffffffffffffff
3b9fffffffffffffff
3ba3ffffffffffffff
3ba7ffffffffffffff
3babfffffffffffffe
3bafffffffffffffff
3bb3ffffffffffffff
3bb7ffffffffffffff
3bbbffffffffffffff
3bbffffffffffffffe
3bc3ffffffffffffff
3bc7ffffffffffffff
3bcbffffffffffffff
3bcfffffffffffffff
3bd3fffffffffffffe
3bd7ffffffffffffff
3bdbffffffffffffff
3bdfffffffffffffff
3be3ffffffffffffff
3be7fffffffffffffe
3bebffffffffffffff
3befffffffffffffff
3bf3ffffffffffffff
3bf7ffffffffffffff
3bfbfffffffffffffe
3bffffffffffffffff
3c03ffffffffffffff
3c07ffffffffffffff
3c0bffffffffffffff
3c0ffffffffffffffe
3c13ffffffffffffff
3c17ffffffffffffff
3c1bffffffffffffff
3c1fffffffffffffff
3c23fffffffffffffe
3c27ffffffffffffff
3c2bffffffffffffff
3c2fffffffffffffff
3c33ffffffffffffff
3c37fffffffffffffe
3c3bffffffffffffff
3c3fffffffffffffff
3c43ffffffffffffff
3c47ffffffffffffff
3c4bfffffffffffffe
3c4fffffffffffffff
3c53ffffffffffffff
3c57ffffffffffffff
3c5bffffffffffffff
3c5ffffffffffffffe
3c63ffffffffffffff
3c67ffffffffffffff
3c6bffffffffffffff
3c6fffffffffffffff
3c73fffffffffffffe
3c77ffffffffffffff
3c7bffffffffffffff
3c7fffffffffffffff
3c83ffffffffffffff
3c87fffffffffffffe
3c8bffffffffffffff
3c8fffffffffffffff
3c93ffffffffffffff
3c97ffffffffffffff
3c9bfffffffffffffe
3c9fffffffffffffff
3ca3ffffffffffffff
3ca7ffffffffffffff
3cabffffffffffffff
3caffffffffffffffe
3cb3ffffffffffffff
3cb7ffffffffffffff
3cbbffffffffffffff
3cbfffffffffffffff
3cc3fffffffffffffe
3cc7ffffffffffffff
3ccbffffffffffffff
3ccfffffffffffffff
3cd3ffffffffffffff
3cd7fffffffffffffe
3cdbffffffffffffff
3cdfffffffffffffff
3ce3ffffffffffffff
3ce7ffffffffffffff
3cebfffffffffffffe
3cefffffffffffffff
3cf3ffffffffffffff
3cf7ffffffffffffff
3cfbffffffffffffff
3cfffffffffffffffe
3d03ffffffffffffff
3d07ffffffffffffff
3d0bffffffffffffff
3d0fffffffffffffff
3d13fffffffffffffe
3d17ffffffffffffff
3d1bffffffffffffff
3d1fffffffffffffff
3d23ffffffffffffff
3d27fffffffffffffe
3d2bffffffffffffff
3d2fffffffffffffff
3d33ffffffffffffff
3d37ffffffffffffff
3d3bfffffffffffffe
3d3fffffffffffffff
3d43ffffffffffffff
3d47ffffffffffffff
3d4bffffffffffffff
3d4ffffffffffffffe
3d53ffffffffffffff
3d57ffffffffffffff
3d5bffffffffffffff
3d5fffffffffffffff
3d63fffffffffffffe
3d67ffffffffffffff
3d6bffffffffffffff
3d6fffffffffffffff
3d73ffffffffffffff
3d77fffffffffffffe
3d7bffffffffffffff
3d7fffffffffffffff
3d83ffffffffffffff
3d87ffffffffffffff
3d8bfffffffffffffe
3d8fffffffffffffff
3d93ffffffffffffff
3d97ffffffffffffff
3d9bffffffffffffff
3d9ffffffffffffffe
3da3ffffffffffffff
3da7ffffffffffffff
3dabffffffffffffff
3dafffffffffffffff
3db3fffffffffffffe
3db7ffffffffffffff
3dbbffffffffffffff
3dbfffffffffffffff
3dc3ffffffffffffff
3dc7fffffffffffffe
3dcbffffffffffffff
3dcfffffffffffffff
3dd3ffffffffffffff
3dd7ffffffffffffff
3ddbfffffffffffffe
3ddfffffffffffffff
3de3ffffffffffffff
3de7ffffffffffffff
3debffffffffffffff
3deffffffffffffffe
3df3ffffffffffffff
3df7ffffffffffffff
3dfbffffffffffffff
3dffffffffffffffff
3e03fffffffffffffe
3e07ffffffffffffff
3e0bffffffffffffff
3e0fffffffffffffff
3e13ffffffffffffff
3e17fffffffffffffe
3e1bffffffffffffff
3e1fffffffffffffff
3e23ffffffffffffff
3e27ffffffffffffff
3e2bfffffffffffffe
3e2fffffffffffffff
3e33ffffffffffffff
3e37ffffffffffffff
3e3bffffffffffffff
3e3ffffffffffffffe
3e43ffffffffffffff
3e47ffffffffffffff
3e4bffffffffffffff
3e4fffffffffffffff
3e53fffffffffffffe
3e57ffffffffffffff
3e5bffffffffffffff
3e5fffffffffffffff
3e63ffffffffffffff
3e67fffffffffffffe
3e6bffffffffffffff
3e6fffffffffffffff
3e73ffffffffffffff
3e77ffffffffffffff
3e7bfffffffffffffe
3e7fffffffffffffff
3e83ffffffffffffff
3e87ffffffffffffff
3e8bffffffffffffff
3e8ffffffffffffffe
3e93ffffffffffffff
3e97ffffffffffffff
3e9bffffffffffffff
3e9fffffffffffffff
3ea3fffffffffffffe
3ea7ffffffffffffff
3eabffffffffffffff
3eafffffffffffffff
3eb3ffffffffffffff
3eb7fffffffffffffe
3ebbffffffffffffff
3ebfffffffffffffff
3ec3ffffffffffffff
3ec7ffffffffffffff
3ecbfffffffffffffe
3ecfffffffffffffff
3ed3ffffffffffffff
3ed7ffffffffffffff
3edbffffffffffffff
3edffffffffffffffe
3ee3ffffffffffffff
3ee7ffffffffffffff
3eebffffffffffffff
3eefffffffffffffff
3ef3fffffffffffffe
3ef7ffffffffffffff
3efbffffffffffffff
3effffffffffffffff
3f03ffffffffffffff
3f07fffffffffffffe
3f0bffffffffffffff
3f0fffffffffffffff
3f13ffffffffffffff
3f17ffffffffffffff
3f1bfffffffffffffe
3f1fffffffffffffff
3f23ffffffffffffff
3f27ffffffffffffff
3f2bffffffffffffff
3f2ffffffffffffffe
3f33ffffffffffffff
3f37ffffffffffffff
3f3bffffffffffffff
3f3fffffffffffffff
3f43fffffffffffffe
3f47ffffffffffffff
3f4bffffffffffffff
3f4fffffffffffffff
3f53ffffffffffffff
3f57fffffffffffffe
3f5bffffffffffffff
3f5fffffffffffffff
3f63ffffffffffffff
3f67ffffffffffffff
3f6bfffffffffffffe
3f6fffffffffffffff
3f73ffffffffffffff
3f77ffffffffffffff
3f7bffffffffffffff
3f7ffffffffffffffe
3f83ffffffffffffff
3f87ffffffffffffff
3f8bffffffffffffff
3f8fffffffffffffff
3f93fffffffffffffe
3f97ffffffffffffff
3f9bffffffffffffff
3f9fffffffffffffff
3fa3ffffffffffffff
3fa7fffffffffffffe
3fabffffffffffffff
3fafffffffffffffff
3fb3ffffffffffffff
3fb7ffffffffffffff
3fbbfffffffffffffe
3fbfffffffffffffff
3fc3ffffffffffffff
3fc7ffffffffffffff
3fcbffffffffffffff
3fcffffffffffffffe
3fd3ffffffffffffff
3fd7ffffffffffffff
3fdbffffffffffffff
3fdfffffffffffffff
3fe3fffffffffffffe
3fe7ffffffffffffff
3febffffffffffffff
3fefffffffffffffff
3ff3ffffffffffffff
3ff7fffffffffffffe
3ffbffffffffffffff
7fffffffffffffffff
000000000000000000
000400000000000000
000800000000000000
000c00000000000000
001000000000000000
001400000000000000
001800000000000000
001c00000000000000
002000000000000000
002400000000000000
002800000000000000
002c00000000000000
003000000000000000
003400000000000000
003800000000000000
003c00000000000000
004000000000000000
004400000000000000
004800000000000000
004c00000000000000
005000000000000000
005400000000000000
005800000000000000
005c00000000000000
006000000000000000
006400000000000000
006800000000000000
006c00000000000000
007000000000000000
007400000000000000
007800000000000000
007c00000000000000
008000000000000000
008400000000000000
008800000000000000
008c00000000000000
009000000000000000
009400000000000000
009800000000000000
009c00000000000000
00a000000000000000
00a400000000000000
00a800000000000000
00ac00000000000000
00b000000000000000
00b400000000000000
00b800000000000000
00bc00000000000000
00c000000000000000
00c400000000000000
00c800000000000000
00cc00000000000000
00d000000000000000
00d400000000000000
00d800000000000000
00dc00000000000000
00e000000000000000
00e400000000000000
00e800000000000000
00ec00000000000000
00f000000000000000
00f400000000000000
00f800000000000000
00fc00000000000000
010000000000000000
010400000000000000
010800000000000000
010c00000000000000
011000000000000000
011400000000000000
011800000000000000
011c00000000000000
012000000000000000
012400000000000000
012800000000000000
012c00000000000000
013000000000000000
013400000000000000
013800000000000000
013c00000000000000
014000000000000000
014400000000000000
014800000000000000
014c00000000000000
015000000000000000
015400000000000000
015800000000000000
015c00000000000000
016000000000000000
016400000000000000
016800000000000000
016c00000000000000
017000000000000000
017400000000000000
017800000000000000
017c00000000000000
018000000000000000
018400000000000000
018800000000000000
018c00000000000000
019000000000000000
019400000000000000
019800000000000000
019c00000000000000
01a000000000000000
01a400000000000000
01a800000000000000
01ac00000000000000
01b000000000000000
01b400000000000000
01b800000000000000
01bc00000000000000
01c000000000000000
01c400000000000000
01c800000000000000
01cc00000000000000
01d000000000000000
01d400000000000000
01d800000000000000
01dc00000000000000
01e000000000000000
01e400000000000000
01e800000000000000
01ec00000000000000
01f000000000000000
01f400000000000000
01f800000000000000
01fc00000000000000
020000000000000000
020400000000000000
020800000000000000
020c00000000000000
021000000000000000
021400000000000000
021800000000000000
021c00000000000000
022000000000000000
022400000000000000
022800000000000000
022c00000000000000
023000000000000000
023400000000000000
023800000000000000
023c00000000000000
024000000000000000
024400000000000000
024800000000000000
024c00000000000000
025000000000000000
025400000000000000
025800000000000000
025c00000000000000
026000000000000000
026400000000000000
026800000000000000
026c00000000000000
027000000000000000
027400000000000000
027800000000000000
027c00000000000000
028000000000000000
028400000000000000
028800000000000000
028c00000000000000
029000000000000000
029400000000000000
029800000000000000
029c00000000000000
02a000000000000000
02a400000000000000
02a800000000000000
02ac00000000000000
02b000000000000000
02b400000000000000
02b800000000000000
02bc00000000000000
02c000000000000000
02c400000000000000
02c800000000000000
02cc00000000000000
02d000000000000000
02d400000000000000
02d800000000000000
02dc00000000000000
02e000000000000000
02e400000000000000
02e800000000000000
02ec00000000000000
02f000000000000000
02f400000000000000
02f800000000000000
02fc00000000000000
030000000000000000
030400000000000000
030800000000000000
030c00000000000000
031000000000000000
031400000000000000
031800000000000000
031c00000000000000
032000000000000000
032400000000000000
032800000000000000
032c00000000000000
033000000000000000
033400000000000000
033800000000000000
033c00000000000000
034000000000000000
034400000000000000
034800000000000000
034c00000000000000
035000000000000000
035400000000000000
035800000000000000
035c00000000000000
036000000000000000
036400000000000000
036800000000000000
036c00000000000000
037000000000000000
037400000000000000
037800000000000000
037c00000000000000
038000000000000000
038400000000000000
038800000000000000
038c00000000000000
039000000000000000
039400000000000000
039800000000000000
039c00000000000000
03a000000000000000
03a400000000000000
03a800000000000000
03ac00000000000000
03b000000000000000
03b400000000000000
03b800000000000000
03bc00000000000000
03c000000000000000
03c400000000000000
03c800000000000000
03cc00000000000000
03d000000000000000
03d400000000000000
03d800000000000000
03dc00000000000000
03e000000000000000
03e400000000000000
03e800000000000000
03ec00000000000000
03f000000000000000
03f400000000000000
03f800000000000000
03fc00000000000000
040023fff8b0005f10
040400000000000000
040800000000000000
040c00000000000000
041000000000000000
041400000000000000
041800000000000000
041c00000000000000
042000000000000000
042400000000000000
042800000000000000
042c00000000000000
043000000000000000
043400000000000000
043800000000000000
043c00000000000000
044000000000000000
044400000000000000
044800000000000000
044c00000000000000
045000000000000000
045400000000000000
045800000000000000
045c00000000000000
046000000000000000
046400000000000000
046800000000000000
046c00000000000000
047000000000000000
047400000000000000
047800000000000000
047c00000000000000
048000000000000000
048400000000000000
048800000000000000
048c00000000000000
049000000000000000
049400000000000000
049800000000000000
049c00000000000000
04a000000000000000
04a400000000000000
04a800000000000000
04ac00000000000000
04b000000000000000
04b400000000000000
04b800000000000000
04bc00000000000000
04c000000000000000
04c400000000000000
04c800000000000000
04cc00000000000000
04d000000000000000
04d400000000000000
04d800000000000000
04dc00000000000000
04e000000000000000
04e400000000000000
04e800000000000000
04ec00000000000000
04f000000000000000
04f400000000000000
04f800000000000000
04fc00000000000000
050000000000000000
050400000000000000
050800000000000000
050c00000000000000
051000000000000000
051400000000000000
051800000000000000
051c00000000000000
052000000000000000
052400000000000000
052800000000000000
052c00000000000000
053000000000000000
053400000000000000
053800000000000000
053c00000000000000
054000000000000000
054400000000000000
054800000000000000
054c00000000000000
055000000000000000
055400000000000000
055800000000000000
055c00000000000000
056000000000000000
056400000000000000
056800000000000000
056c00000000000000
057000000000000000
057400000000000000
057800000000000000
057c00000000000000
058000000000000000
058400000000000000
058800000000000000
058c00000000000000
059000000000000000
059400000000000000
059800000000000000
059c00000000000000
05a000000000000000
05a400000000000000
05a800000000000000
05ac00000000000000
05b000000000000000
05b400000000000000
05b800000000000000
05bc00000000000000
05c000000000000000
05c400000000000000
05c800000000000000
05cc00000000000000
05d000000000000000
05d400000000000000
05d800000000000000
05dc00000000000000
05e000000000000000
05e400000000000000
05e800000000000000
05ec00000000000000
05f000000000000000
05f400000000000000
05f800000000000000
05fc00000000000000
060000000000000000
060400000000000000
060800000000000000
060c00000000000000
061000000000000000
061400000000000000
061800000000000000
061c00000000000000
062000000000000000
062400000000000000
062800000000000000
062c00000000000000
063000000000000000
063400000000000000
063800000000000000
063c00000000000000
064000000000000000
064400000000000000
064800000000000000
064c00000000000000
065000000000000000
065400000000000000
065800000000000000
065c00000000000000
066000000000000000
066400000000000000
066800000000000000
066c00000000000000
067000000000000000
067400000000000000
067800000000000000
067c00000000000000
068000000000000000
068400000000000000
068800000000000000
068c00000000000000
069000000000000000
069400000000000000
069800000000000000
069c00000000000000
06a000000000000000
06a400000000000000
06a800000000000000
06ac00000000000000
06b000000000000000
06b400000000000000
06b800000000000000
06bc00000000000000
06c000000000000000
06c400000000000000
06c800000000000000
06cc00000000000000
06d000000000000000
06d400000000000000
06d800000000000000
06dc00000000000000
06e000000000000000
06e400000000000000
06e800000000000000
06ec00000000000000
06f000000000000000
06f400000000000000
06f800000000000000
06fc00000000000000
070000000000000000
070400000000000000
070800000000000000
070c00000000000000
071000000000000000
071400000000000000
071800000000000000
071c00000000000000
072000000000000000
072400000000000000
072800000000000000
072c00000000000000
073000000000000000
073400000000000000
073800000000000000
073c00000000000000
074000000000000000
074400000000000000
074800000000000000
074c00000000000000
075000000000000000
075400000000000000
075800000000000000
075c00000000000000
076000000000000000
076400000000000000
076800000000000000
076c00000000000000
077000000000000000
077400000000000000
077800000000000000
077c00000000000000
078000000000000000
078400000000000000
078800000000000000
078c00000000000000
079000000000000000
079400000000000000
079800000000000000
079c00000000000000
07a000000000000000
07a400000000000000
07a800000000000000
07ac00000000000000
07b000000000000000
07b400000000000000
07b800000000000000
07bc00000000000000
07c000000000000000
07c400000000000000
07c800000000000000
07cc00000000000000
07d000000000000000
07d400000000000000
07d800000000000000
07dc00000000000000
07e000000000000000
07e400000000000000
07e800000000000000
07ec00000000000000
07f000000000000000
07f400000000000000
07f800000000000000
07fc00000000000000
080000000000000000
080400000000000000
080800000000000000
080c00000000000000
081000000000000000
081400000000000000
081800000000000000
081c00000000000000
082000000000000000
082400000000000000
082800000000000000
082c00000000000000
083000000000000000
083400000000000000
083800000000000000
083c00000000000000
084000000000000000
084400000000000000
084800000000000000
084c00000000000000
085000000000000000
085400000000000000
085800000000000000
085c00000000000000
086000000000000000
086400000000000000
086800000000000000
086c00000000000000
087000000000000000
087400000000000000
087800000000000000
087c00000000000000
088000000000000000
088400000000000000
088800000000000000
088c00000000000000
089000000000000000
089400000000000000
089800000000000000
089c00000000000000
08a000000000000000
08a400000000000000
08a800000000000000
08ac00000000000000
08b000000000000000
08b400000000000000
08b800000000000000
08bc00000000000000
08c000000000000000
08c400000000000000
08c800000000000000
08cc00000000000000
08d000000000000000
08d400000000000000
08d800000000000000
08dc00000000000000
08e000000000000000
08e400000000000000
08e800000000000000
08ec00000000000000
08f000000000000000
08f400000000000000
08f800000000000000
08fc00000000000000
090000000000000000
090400000000000000
090800000000000000
090c00000000000000
091000000000000000
091400000000000000
091800000000000000
091c00000000000000
092000000000000000
092400000000000000
092800000000000000
092c00000000000000
093000000000000000
093400000000000000
093800000000000000
093c00000000000000
094000000000000000
094400000000000000
094800000000000000
094c00000000000000
095000000000000000
095400000000000000
095800000000000000
095c00000000000000
096000000000000000
096400000000000000
096800000000000000
096c00000000000000
097000000000000000
097400000000000000
097800000000000000
097c00000000000000
098000000000000000
098400000000000000
098800000000000000
098c00000000000000
099000000000000000
099400000000000000
099800000000000000
099c00000000000000
09a000000000000000
09a400000000000000
09a800000000000000
09ac00000000000000
09b000000000000000
09b400000000000000
09b800000000000000
09bc00000000000000
09c000000000000000
09c400000000000000
09c800000000000000
09cc00000000000000
09d000000000000000
09d400000000000000
09d800000000000000
09dc00000000000000
09e000000000000000
09e400000000000000
09e800000000000000
09ec00000000000000
09f000000000000000
09f400000000000000
09f800000000000000
09fc00000000000000
0a0000000000000000
0a0400000000000000
0a0800000000000000
0a0c00000000000000
0a1000000000000000
0a1400000000000000
0a1800000000000000
0a1c00000000000000
0a2000000000000000
0a2400000000000000
0a2800000000000000
0a2c00000000000000
0a3000000000000000
0a3400000000000000
0a3800000000000000
0a3c00000000000000
0a4000000000000000
0a4400000000000000
0a4800000000000000
0a4c00000000000000
0a5000000000000000
0a5400000000000000
0a5800000000000000
0a5c00000000000000
0a6000000000000000
0a6400000000000000
0a6800000000000000
0a6c00000000000000
0a7000000000000000
0a7400000000000000
0a7800000000000000
0a7c00000000000000
0a8000000000000000
0a8400000000000000
0a8800000000000000
0a8c00000000000000
0a9000000000000000
0a9400000000000000
0a9800000000000000
0a9c00000000000000
0aa000000000000000
0aa400000000000000
0aa800000000000000
0aac00000000000000
0ab000000000000000
0ab400000000000000
0ab800000000000000
0abc00000000000000
0ac000000000000000
0ac400000000000000
0ac800000000000000
0acc00000000000000
0ad000000000000000
0ad400000000000000
0ad800000000000000
0adc00000000000000
0ae000000000000000
0ae400000000000000
0ae800000000000000
0aec00000000000000
0af000000000000000
0af400000000000000
0af800000000000000
0afc00000000000000
0b0000000000000000
0b0400000000000000
0b0800000000000000
0b0c00000000000000
0b1000000000000000
0b1400000000000000
0b1800000000000000
0b1c00000000000000
0b2000000000000000
0b2400000000000000
0b2800000000000000
0b2c00000000000000
0b3000000000000000
0b3400000000000000
0b3800000000000000
0b3c00000000000000
0b4000000000000000
0b4400000000000000
0b4800000000000000
0b4c00000000000000
0b5000000000000000
0b5400000000000000
0b5800000000000000
0b5c00000000000000
0b6000000000000000
0b6400000000000000
0b6800000000000000
0b6c00000000000000
0b7000000000000000
0b7400000000000000
0b7800000000000000
0b7c00000000000000
0b8000000000000000
0b8400000000000000
0b8800000000000000
0b8c00000000000000
0b9000000000000000
0b9400000000000000
0b9800000000000000
0b9c00000000000000
0ba000000000000000
0ba400000000000000
0ba800000000000000
0bac00000000000000
0bb000000000000000
0bb400000000000000
0bb800000000000000
0bbc00000000000000
0bc000000000000000
0bc400000000000000
0bc800000000000000
0bcc00000000000000
0bd000000000000000
0bd400000000000000
0bd800000000000000
0bdc00000000000000
0be000000000000000
0be400000000000000
0be800000000000000
0bec00000000000000
0bf000000000000000
0bf400000000000000
0bf800000000000000
0bfc00000000000000
0c0000000000000000
0c0400000000000000
0c0800000000000000
0c0c00000000000000
0c1000000000000000
0c1400000000000000
0c1800000000000000
0c1c00000000000000
0c2000000000000000
0c2400000000000000
0c2800000000000000
0c2c00000000000000
0c3000000000000000
0c3400000000000000
0c3800000000000000
0c3c00000000000000
0c4000000000000000
0c4400000000000000
0c4800000000000000
0c4c00000000000000
0c5000000000000000
0c5400000000000000
0c5800000000000000
0c5c00000000000000
0c6000000000000000
0c6400000000000000
0c6800000000000000
0c6c00000000000000
0c7000000000000000
0c7400000000000000
0c7800000000000000
0c7c00000000000000
0c8000000000000000
0c8400000000000000
0c8800000000000000
0c8c00000000000000
0c9000000000000000
0c9400000000000000
0c9800000000000000
0c9c00000000000000
0ca000000000000000
0ca400000000000000
0ca800000000000000
0cac00000000000000
0cb000000000000000
0cb400000000000000
0cb800000000000000
0cbc00000000000000
0cc000000000000000
0cc400000000000000
0cc800000000000000
0ccc00000000000000
0cd000000000000000
0cd400000000000000
0cd800000000000000
0cdc00000000000000
0ce000000000000000
0ce400000000000000
0ce800000000000000
0cec00000000000000
0cf000000000000000
0cf400000000000000
0cf800000000000000
0cfc00000000000000
0d0000000000000000
0d0400000000000000
0d0800000000000000
0d0c00000000000000
0d1000000000000000
0d1400000000000000
0d1800000000000000
0d1c00000000000000
0d2000000000000000
0d2400000000000000
0d2800000000000000
0d2c00000000000000
0d3000000000000000
0d3400000000000000
0d3800000000000000
0d3c00000000000000
0d4000000000000000
0d4400000000000000
0d4800000000000000
0d4c00000000000000
0d5000000000000000
0d5400000000000000
0d5800000000000000
0d5c00000000000000
0d6000000000000000
0d6400000000000000
0d6800000000000000
0d6c00000000000000
0d7000000000000000
0d7400000000000000
0d7800000000000000
0d7c00000000000000
0d8000000000000000
0d8400000000000000
0d8800000000000000
0d8c00000000000000
0d9000000000000000
0d9400000000000000
0d9800000000000000
0d9c00000000000000
0da000000000000000
0da400000000000000
0da800000000000000
0dac00000000000000
0db000000000000000
0db400000000000000
0db800000000000000
0dbc00000000000000
0dc000000000000000
0dc400000000000000
0dc800000000000000
0dcc00000000000000
0dd000000000000000
0dd400000000000000
0dd800000000000000
0ddc00000000000000
0de000000000000000
0de400000000000000
0de800000000000000
0dec00000000000000
0df000000000000000
0df400000000000000
0df800000000000000
0dfc00000000000000
0e0000000000000000
0e0400000000000000
0e0800000000000000
0e0c00000000000000
0e1000000000000000
0e1400000000000000
0e1800000000000000
0e1c00000000000000
0e2000000000000000
0e2400000000000000
0e2800000000000000
0e2c00000000000000
0e3000000000000000
0e3400000000000000
0e3800000000000000
0e3c00000000000000
0e4000000000000000
0e4400000000000000
0e4800000000000000
0e4c00000000000000
0e5000000000000000
0e5400000000000000
0e5800000000000000
0e5c00000000000000
0e6000000000000000
0e6400000000000000
0e6800000000000000
0e6c00000000000000
0e7000000000000000
0e7400000000000000
0e7800000000000000
0e7c00000000000000
0e8000000000000000
0e8400000000000000
0e8800000000000000
0e8c00000000000000
0e9000000000000000
0e9400000000000000
0e9800000000000000
0e9c00000000000000
0ea000000000000000
0ea400000000000000
0ea800000000000000
0eac00000000000000
0eb000000000000000
0eb400000000000000
0eb800000000000000
0ebc00000000000000
0ec000000000000000
0ec400000000000000
0ec800000000000000
0ecc00000000000000
0ed000000000000000
0ed400000000000000
0ed800000000000000
0edc00000000000000
0ee000000000000000
0ee400000000000000
0ee800000000000000
0eec00000000000000
0ef000000000000000
0ef400000000000000
0ef800000000000000
0efc00000000000000
0f0000000000000000
0f0400000000000000
0f0800000000000000
0f0c00000000000000
0f1000000000000000
0f1400000000000000
0f1800000000000000
0f1c00000000000000
0f2000000000000000
0f2400000000000000
0f2800000000000000
0f2c00000000000000
0f3000000000000000
0f3400000000000000
0f3800000000000000
0f3c00000000000000
0f4000000000000000
0f4400000000000000
0f4800000000000000
0f4c00000000000000
0f5000000000000000
0f5400000000000000
0f5800000000000000
0f5c00000000000000
0f6000000000000000
0f6400000000000000
0f6800000000000000
0f6c00000000000000
0f7000000000000000
0f7400000000000000
0f7800000000000000
0f7c00000000000000
0f8000000000000000
0f8400000000000000
0f8800000000000000
0f8c00000000000000
0f9000000000000000
0f9400000000000000
0f9800000000000000
0f9c00000000000000
0fa000000000000000
0fa400000000000000
0fa800000000000000
0fac00000000000000
0fb000000000000000
0fb400000000000000
0fb800000000000000
0fbc00000000000000
0fc000000000000000
0fc400000000000000
0fc800000000000000
0fcc00000000000000
0fd000000000000000
0fd400000000000000
0fd800000000000000
0fdc00000000000000
0fe000000000000000
0fe400000000000000
0fe800000000000000
0fec00000000000000
0ff000000000000000
0ff400000000000000
0ff800000000000000
0ffc00000000000000
100000000000000000
100400000000000000
100800000000000000
100c00000000000000
101000000000000000
101400000000000000
101800000000000000
101c00000000000000
102000000000000000
102400000000000000
102800000000000000
102c00000000000000
103000000000000000
103400000000000000
103800000000000000
103c00000000000000
104000000000000000
104400000000000000
104800000000000000
104c00000000000000
105000000000000000
105400000000000000
105800000000000000
105c00000000000000
106000000000000000
106400000000000000
106800000000000000
106c00000000000000
107000000000000000
107400000000000000
107800000000000000
107c00000000000000
108000000000000000
108400000000000000
108800000000000000
108c00000000000000
109000000000000000
109400000000000000
109800000000000000
109c00000000000000
10a000000000000000
10a400000000000000
10a800000000000000
10ac00000000000000
10b000000000000000
10b400000000000000
10b800000000000000
10bc00000000000000
10c000000000000000
10c400000000000000
10c800000000000000
10cc00000000000000
10d000000000000000
10d400000000000000
10d800000000000000
10dc00000000000000
10e000000000000000
10e400000000000000
10e800000000000000
10ec00000000000000
10f000000000000000
10f400000000000000
10f800000000000000
10fc00000000000000
110000000000000000
110400000000000000
110800000000000000
110c00000000000000
111000000000000000
111400000000000000
111800000000000000
111c00000000000000
112000000000000000
112400000000000000
112800000000000000
112c00000000000000
113000000000000000
113400000000000000
113800000000000000
113c00000000000000
114000000000000000
114400000000000000
114800000000000000
114c00000000000000
115000000000000000
115400000000000000
115800000000000000
115c00000000000000
116000000000000000
116400000000000000
116800000000000000
116c00000000000000
117000000000000000
117400000000000000
117800000000000000
117c00000000000000
118000000000000000
118400000000000000
118800000000000000
118c00000000000000
119000000000000000
119400000000000000
119800000000000000
119c00000000000000
11a000000000000000
11a400000000000000
11a800000000000000
11ac00000000000000
11b000000000000000
11b400000000000000
11b800000000000000
11bc00000000000000
11c000000000000000
11c400000000000000
11c800000000000000
11cc00000000000000
11d000000000000000
11d400000000000000
11d800000000000000
11dc00000000000000
11e000000000000000
11e400000000000000
11e800000000000000
11ec00000000000000
11f000000000000000
11f400000000000000
11f800000000000000
11fc00000000000000
120000000000000000
120400000000000000
120800000000000000
120c00000000000000
121000000000000000
121400000000000000
121800000000000000
121c00000000000000
122000000000000000
122400000000000000
122800000000000000
122c00000000000000
123000000000000000
123400000000000000
123800000000000000
123c00000000000000
124000000000000000
124400000000000000
124800000000000000
124c00000000000000
125000000000000000
125400000000000000
125800000000000000
125c00000000000000
126000000000000000
126400000000000000
126800000000000000
126c00000000000000
127000000000000000
127400000000000000
127800000000000000
127c00000000000000
128000000000000000
128400000000000000
128800000000000000
128c00000000000000
129000000000000000
129400000000000000
129800000000000000
129c00000000000000
12a000000000000000
12a400000000000000
12a800000000000000
12ac00000000000000
12b000000000000000
12b400000000000000
12b800000000000000
12bc00000000000000
12c000000000000000
12c400000000000000
12c800000000000000
12cc00000000000000
12d000000000000000
12d400000000000000
12d800000000000000
12dc00000000000000
12e000000000000000
12e400000000000000
12e800000000000000
12ec00000000000000
12f000000000000000
12f400000000000000
12f800000000000000
12fc00000000000000
130000000000000000
130400000000000000
130800000000000000
130c00000000000000
131000000000000000
131400000000000000
131800000000000000
131c00000000000000
132000000000000000
132400000000000000
132800000000000000
132c00000000000000
133000000000000000
133400000000000000
133800000000000000
133c00000000000000
134000000000000000
134400000000000000
134800000000000000
134c00000000000000
135000000000000000
135400000000000000
135800000000000000
135c00000000000000
136000000000000000
136400000000000000
136800000000000000
136c00000000000000
137000000000000000
137400000000000000
137800000000000000
137c00000000000000
138000000000000000
138400000000000000
138800000000000000
138c00000000000000
139000000000000000
139400000000000000
139800000000000000
139c00000000000000
13a000000000000000
13a400000000000000
13a800000000000000
13ac00000000000000
13b000000000000000
13b400000000000000
13b800000000000000
13bc00000000000000
13c000000000000000
13c400000000000000
13c800000000000000
13cc00000000000000
13d000000000000000
13d400000000000000
13d800000000000000
13dc00000000000000
13e000000000000000
13e400000000000000
13e800000000000000
13ec00000000000000
13f000000000000000
13f400000000000000
13f800000000000000
13fc00000000000000
140000000000019504
140400000000000000
140800000000000000
140c00000000000000
141000000000000000
141400000000000000
141800000000000000
141c00000000000000
142000000000000000
142400000000000000
142800000000000000
142c00000000000000
143000000000000000
143400000000000000
143800000000000000
143c00000000000000
144000000000000000
144400000000000000
144800000000000000
144c00000000000000
145000000000000000
145400000000000000
145800000000000000
145c00000000000000
146000000000000000
146400000000000000
146800000000000000
146c00000000000000
147000000000000000
147400000000000000
147800000000000000
147c00000000000000
148000000000000000
148400000000000000
148800000000000000
148c00000000000000
149000000000000000
149400000000000000
149800000000000000
149c00000000000000
14a000000000000000
14a400000000000000
14a800000000000000
14ac00000000000000
14b000000000000000
14b400000000000000
14b800000000000000
14bc00000000000000
14c000000000000000
14c400000000000000
14c800000000000000
14cc00000000000000
14d000000000000000
14d400000000000000
14d800000000000000
14dc00000000000000
14e000000000000000
14e400000000000000
14e800000000000000
14ec00000000000000
14f000000000000000
14f400000000000000
14f800000000000000
14fc00000000000000
150000000000000000
150400000000000000
150800000000000000
150c00000000000000
151000000000000000
151400000000000000
151800000000000000
151c00000000000000
152000000000000000
152400000000000000
152800000000000000
152c00000000000000
153000000000000000
153400000000000000
153800000000000000
153c00000000000000
154000000000000000
154400000000000000
154800000000000000
154c00000000000000
155000000000000000
155400000000000000
155800000000000000
155c00000000000000
156000000000000000
156400000000000000
156800000000000000
156c00000000000000
157000000000000000
157400000000000000
157800000000000000
157c00000000000000
158000000000000000
158400000000000000
158800000000000000
158c00000000000000
159000000000000000
159400000000000000
159800000000000000
159c00000000000000
15a000000000000000
15a400000000000000
15a800000000000000
15ac00000000000000
15b000000000000000
15b400000000000000
15b800000000000000
15bc00000000000000
15c000000000000000
15c400000000000000
15c800000000000000
15cc00000000000000
15d000000000000000
15d400000000000000
15d800000000000000
15dc00000000000000
15e000000000000000
15e400000000000000
15e800000000000000
15ec00000000000000
15f000000000000000
15f400000000000000
15f800000000000000
15fc00000000000000
160000000000000000
160400000000000000
160800000000000000
160c00000000000000
161000000000000000
161400000000000000
161800000000000000
161c00000000000000
162000000000000000
162400000000000000
162800000000000000
162c00000000000000
163000000000000000
163400000000000000
163800000000000000
163c00000000000000
164000000000000000
164400000000000000
164800000000000000
164c00000000000000
165000000000000000
165400000000000000
165800000000000000
165c00000000000000
166000000000000000
166400000000000000
166800000000000000
166c00000000000000
167000000000000000
167400000000000000
167800000000000000
167c00000000000000
168000000000000000
168400000000000000
168800000000000000
168c00000000000000
169000000000000000
169400000000000000
169800000000000000
169c00000000000000
16a000000000000000
16a400000000000000
16a800000000000000
16ac00000000000000
16b000000000000000
16b400000000000000
16b800000000000000
16bc00000000000000
16c000000000000000
16c400000000000000
16c800000000000000
16cc00000000000000
16d000000000000000
16d400000000000000
16d800000000000000
16dc00000000000000
16e000000000000000
16e400000000000000
16e800000000000000
16ec00000000000000
16f000000000000000
16f400000000000000
16f800000000000000
16fc00000000000000
170000000000000000
170400000000000000
170800000000000000
170c00000000000000
171000000000000000
171400000000000000
171800000000000000
171c00000000000000
172000000000000000
172400000000000000
172800000000000000
172c00000000000000
173000000000000000
173400000000000000
173800000000000000
173c00000000000000
174000000000000000
174400000000000000
174800000000000000
174c00000000000000
175000000000000000
175400000000000000
175800000000000000
175c00000000000000
176000000000000000
176400000000000000
176800000000000000
176c00000000000000
177000000000000000
177400000000000000
177800000000000000
177c00000000000000
178000000000000000
178400000000000000
178800000000000000
178c00000000000000
179000000000000000
179400000000000000
179800000000000000
179c00000000000000
17a000000000000000
17a400000000000000
17a800000000000000
17ac00000000000000
17b000000000000000
17b400000000000000
17b800000000000000
17bc00000000000000
17c000000000000000
17c400000000000000
17c800000000000000
17cc00000000000000
17d000000000000000
17d400000000000000
17d800000000000000
17dc00000000000000
17e000000000000000
17e400000000000000
17e800000000000000
17ec00000000000000
17f000000000000000
17f400000000000000
17f800000000000000
17fc00000000000000
180000000000000000
180400000000000000
180800000000000000
180c00000000000000
181000000000000000
181400000000000000
181800000000000000
181c00000000000000
182000000000000000
182400000000000000
182800000000000000
182c00000000000000
183000000000000000
183400000000000000
183800000000000000
183c00000000000000
184000000000000000
184400000000000000
184800000000000000
184c00000000000000
185000000000000000
185400000000000000
185800000000000000
185c00000000000000
186000000000000000
186400000000000000
186800000000000000
186c00000000000000
187000000000000000
187400000000000000
187800000000000000
187c00000000000000
188000000000000000
188400000000000000
188800000000000000
188c00000000000000
189000000000000000
189400000000000000
189800000000000000
189c00000000000000
18a000000000000000
18a400000000000000
18a800000000000000
18ac00000000000000
18b000000000000000
18b400000000000000
18b800000000000000
18bc00000000000000
18c000000000000000
18c400000000000000
18c800000000000000
18cc00000000000000
18d000000000000000
18d400000000000000
18d800000000000000
18dc00000000000000
18e000000000000000
18e400000000000000
18e800000000000000
18ec00000000000000
18f000000000000000
18f400000000000000
18f800000000000000
18fc00000000000000
190000000000000000
190400000000000000
190800000000000000
190c00000000000000
191000000000000000
191400000000000000
191800000000000000
191c00000000000000
192000000000000000
192400000000000000
192800000000000000
192c00000000000000
193000000000000000
193400000000000000
193800000000000000
193c00000000000000
194000000000000000
194400000000000000
194800000000000000
194c00000000000000
195000000000000000
195400000000000000
195800000000000000
195c00000000000000
196000000000000000
196400000000000000
196800000000000000
196c00000000000000
197000000000000000
197400000000000000
197800000000000000
197c00000000000000
198000000000000000
198400000000000000
198800000000000000
198c00000000000000
199000000000000000
199400000000000000
199800000000000000
199c00000000000000
19a000000000000000
19a400000000000000
19a800000000000000
19ac00000000000000
19b000000000000000
19b400000000000000
19b800000000000000
19bc00000000000000
19c000000000000000
19c400000000000000
19c800000000000000
19cc00000000000000
19d000000000000000
19d400000000000000
19d800000000000000
19dc00000000000000
19e000000000000000
19e400000000000000
19e800000000000000
19ec00000000000000
19f000000000000000
19f400000000000000
19f800000000000000
19fc00000000000000
1a0000000000000000
1a0400000000000000
1a0800000000000000
1a0c00000000000000
1a1000000000000000
1a1400000000000000
1a1800000000000000
1a1c00000000000000
1a2000000000000000
1a2400000000000000
1a2800000000000000
1a2c00000000000000
1a3000000000000000
1a3400000000000000
1a3800000000000000
1a3c00000000000000
1a4000000000000000
1a4400000000000000
1a4800000000000000
1a4c00000000000000
1a5000000000000000
1a5400000000000000
1a5800000000000000
1a5c00000000000000
1a6000000000000000
1a6400000000000000
1a6800000000000000
1a6c00000000000000
1a7000000000000000
1a7400000000000000
1a7800000000000000
1a7c00000000000000
1a8000000000000000
1a8400000000000000
1a8800000000000000
1a8c00000000000000
1a9000000000000000
1a9400000000000000
1a9800000000000000
1a9c00000000000000
1aa000000000000000
1aa400000000000000
1aa800000000000000
1aac00000000000000
1ab000000000000000
1ab400000000000000
1ab800000000000000
1abc00000000000000
1ac000000000000000
1ac400000000000000
1ac800000000000000
1acc00000000000000
1ad000000000000000
1ad400000000000000
1ad800000000000000
1adc00000000000000
1ae000000000000000
1ae400000000000000
1ae800000000000000
1aec00000000000000
1af000000000000000
1af400000000000000
1af800000000000000
1afc00000000000000
1b0000000000000000
1b0400000000000000
1b0800000000000000
1b0c00000000000000
1b1000000000000000
1b1400000000000000
1b1800000000000000
1b1c00000000000000
1b2000000000000000
1b2400000000000000
1b2800000000000000
1b2c00000000000000
1b3000000000000000
1b3400000000000000
1b3800000000000000
1b3c00000000000000
1b4000000000000000
1b4400000000000000
1b4800000000000000
1b4c00000000000000
1b5000000000000000
1b5400000000000000
1b5800000000000000
1b5c00000000000000
1b6000000000000000
1b6400000000000000
1b6800000000000000
1b6c00000000000000
1b7000000000000000
1b7400000000000000
1b7800000000000000
1b7c00000000000000
1b8000000000000000
1b8400000000000000
1b8800000000000000
1b8c00000000000000
1b9000000000000000
1b9400000000000000
1b9800000000000000
1b9c00000000000000
1ba000000000000000
1ba400000000000000
1ba800000000000000
1bac00000000000000
1bb000000000000000
1bb400000000000000
1bb800000000000000
1bbc00000000000000
1bc000000000000000
1bc400000000000000
1bc800000000000000
1bcc00000000000000
1bd000000000000000
1bd400000000000000
1bd800000000000000
1bdc00000000000000
1be000000000000000
1be400000000000000
1be800000000000000
1bec00000000000000
1bf000000000000000
1bf400000000000000
1bf800000000000000
1bfc00000000000000
1c0000000000000000
1c0400000000000000
1c0800000000000000
1c0c00000000000000
1c1000000000000000
1c1400000000000000
1c1800000000000000
1c1c00000000000000
1c2000000000000000
1c2400000000000000
1c2800000000000000
1c2c00000000000000
1c3000000000000000
1c3400000000000000
1c3800000000000000
1c3c00000000000000
1c4000000000000000
1c4400000000000000
1c4800000000000000
1c4c00000000000000
1c5000000000000000
1c5400000000000000
1c5800000000000000
1c5c00000000000000
1c6000000000000000
1c6400000000000000
1c6800000000000000
1c6c00000000000000
1c7000000000000000
1c7400000000000000
1c7800000000000000
1c7c00000000000000
1c8000000000000000
1c8400000000000000
1c8800000000000000
1c8c00000000000000
1c9000000000000000
1c9400000000000000
1c9800000000000000
1c9c00000000000000
1ca000000000000000
1ca400000000000000
1ca800000000000000
1cac00000000000000
1cb000000000000000
1cb400000000000000
1cb800000000000000
1cbc00000000000000
1cc000000000000000
1cc400000000000000
1cc800000000000000
1ccc00000000000000
1cd000000000000000
1cd400000000000000
1cd800000000000000
1cdc00000000000000
1ce000000000000000
1ce400000000000000
1ce800000000000000
1cec00000000000000
1cf000000000000000
1cf400000000000000
1cf800000000000000
1cfc00000000000000
1d0000000000000000
1d0400000000000000
1d0800000000000000
1d0c00000000000000
1d1000000000000000
1d1400000000000000
1d1800000000000000
1d1c00000000000000
1d2000000000000000
1d2400000000000000
1d2800000000000000
1d2c00000000000000
1d3000000000000000
1d3400000000000000
1d3800000000000000
1d3c00000000000000
1d4000000000000000
1d4400000000000000
1d4800000000000000
1d4c00000000000000
1d5000000000000000
1d5400000000000000
1d5800000000000000
1d5c00000000000000
1d6000000000000000
1d6400000000000000
1d6800000000000000
1d6c00000000000000
1d7000000000000000
1d7400000000000000
1d7800000000000000
1d7c00000000000000
1d8000000000000000
1d8400000000000000
1d8800000000000000
1d8c00000000000000
1d9000000000000000
1d9400000000000000
1d9800000000000000
1d9c00000000000000
1da000000000000000
1da400000000000000
1da800000000000000
1dac00000000000000
1db000000000000000
1db400000000000000
1db800000000000000
1dbc00000000000000
1dc000000000000000
1dc400000000000000
1dc800000000000000
1dcc00000000000000
1dd000000000000000
1dd400000000000000
1dd800000000000000
1ddc00000000000000
1de000000000000000
1de400000000000000
1de800000000000000
1dec00000000000000
1df000000000000000
1df400000000000000
1df800000000000000
1dfc00000000000000
1e0000000000000000
1e0400000000000000
1e0800000000000000
1e0c00000000000000
1e1000000000000000
1e1400000000000000
1e1800000000000000
1e1c00000000000000
1e2000000000000000
1e2400000000000000
1e2800000000000000
1e2c00000000000000
1e3000000000000000
1e3400000000000000
1e3800000000000000
1e3c00000000000000
1e4000000000000000
1e4400000000000000
1e4800000000000000
1e4c00000000000000
1e5000000000000000
1e5400000000000000
1e5800000000000000
1e5c00000000000000
1e6000000000000000
1e6400000000000000
1e6800000000000000
1e6c00000000000000
1e7000000000000000
1e7400000000000000
1e7800000000000000
1e7c00000000000000
1e8000000000000000
1e8400000000000000
1e8800000000000000
1e8c00000000000000
1e9000000000000000
1e9400000000000000
1e9800000000000000
1e9c00000000000000
1ea000000000000000
1ea400000000000000
1ea800000000000000
1eac00000000000000
1eb000000000000000
1eb400000000000000
1eb800000000000000
1ebc00000000000000
1ec000000000000000
1ec400000000000000
1ec800000000000000
1ecc00000000000000
1ed000000000000000
1ed400000000000000
1ed800000000000000
1edc00000000000000
1ee000000000000000
1ee400000000000000
1ee800000000000000
1eec00000000000000
1ef000000000000000
1ef400000000000000
1ef800000000000000
1efc00000000000000
1f0000000000000000
1f0400000000000000
1f0800000000000000
1f0c00000000000000
1f1000000000000000
1f1400000000000000
1f1800000000000000
1f1c00000000000000
1f2000000000000000
1f2400000000000000
1f2800000000000000
1f2c00000000000000
1f3000000000000000
1f3400000000000000
1f3800000000000000
1f3c00000000000000
1f4000000000000000
1f4400000000000000
1f4800000000000000
1f4c00000000000000
1f5000000000000000
1f5400000000000000
1f5800000000000000
1f5c00000000000000
1f6000000000000000
1f6400000000000000
1f6800000000000000
1f6c00000000000000
1f7000000000000000
1f7400000000000000
1f7800000000000000
1f7c00000000000000
1f8000000000000000
1f8400000000000000
1f8800000000000000
1f8c00000000000000
1f9000000000000000
1f9400000000000000
1f9800000000000000
1f9c00000000000000
1fa000000000000000
1fa400000000000000
1fa800000000000000
1fac00000000000000
1fb000000000000000
1fb400000000000000
1fb800000000000000
1fbc00000000000000
1fc000000000000000
1fc400000000000000
1fc800000000000000
1fcc00000000000000
1fd000000000000000
1fd400000000000000
1fd800000000000000
1fdc00000000000000
1fe000000000000000
1fe400000000000000
1fe800000000000000
1fec00000000000000
1ff000000000000000
1ff400000000000000
1ff800000000000000
1ffc00000000000000
200000000000000000
200400000000000000
200800000000000000
200c00000000000000
201000000000000000
201400000000000000
201800000000000000
201c00000000000000
202000000000000000
202400000000000000
202800000000000000
202c00000000000000
203000000000000000
203400000000000000
203800000000000000
203c00000000000000
204000000000000000
204400000000000000
204800000000000000
204c00000000000000
205000000000000000
205400000000000000
205800000000000000
205c00000000000000
206000000000000000
206400000000000000
206800000000000000
206c00000000000000
207000000000000000
207400000000000000
207800000000000000
207c00000000000000
208000000000000000
208400000000000000
208800000000000000
208c00000000000000
209000000000000000
209400000000000000
209800000000000000
209c00000000000000
20a000000000000000
20a400000000000000
20a800000000000000
20ac00000000000000
20b000000000000000
20b400000000000000
20b800000000000000
20bc00000000000000
20c000000000000000
20c400000000000000
20c800000000000000
20cc00000000000000
20d000000000000000
20d400000000000000
20d800000000000000
20dc00000000000000
20e000000000000000
20e400000000000000
20e800000000000000
20ec00000000000000
20f000000000000000
20f400000000000000
20f800000000000000
20fc00000000000000
210000000000000000
210400000000000000
210800000000000000
210c00000000000000
211000000000000000
211400000000000000
211800000000000000
211c00000000000000
212000000000000000
212400000000000000
212800000000000000
212c00000000000000
213000000000000000
213400000000000000
213800000000000000
213c00000000000000
214000000000000000
214400000000000000
214800000000000000
214c00000000000000
215000000000000000
215400000000000000
215800000000000000
215c00000000000000
216000000000000000
216400000000000000
216800000000000000
216c00000000000000
217000000000000000
217400000000000000
217800000000000000
217c00000000000000
218000000000000000
218400000000000000
218800000000000000
218c00000000000000
219000000000000000
219400000000000000
219800000000000000
219c00000000000000
21a000000000000000
21a400000000000000
21a800000000000000
21ac00000000000000
21b000000000000000
21b400000000000000
21b800000000000000
21bc00000000000000
21c000000000000000
21c400000000000000
21c800000000000000
21cc00000000000000
21d000000000000000
21d400000000000000
21d800000000000000
21dc00000000000000
21e000000000000000
21e400000000000000
21e800000000000000
21ec00000000000000
21f000000000000000
21f400000000000000
21f800000000000000
21fc00000000000000
220000000000000000
220400000000000000
220800000000000000
220c00000000000000
221000000000000000
221400000000000000
221800000000000000
221c00000000000000
222000000000000000
222400000000000000
222800000000000000
222c00000000000000
223000000000000000
223400000000000000
223800000000000000
223c00000000000000
224000000000000000
224400000000000000
224800000000000000
224c00000000000000
225000000000000000
225400000000000000
225800000000000000
225c00000000000000
226000000000000000
226400000000000000
226800000000000000
226c00000000000000
227000000000000000
227400000000000000
227800000000000000
227c00000000000000
228000000000000000
228400000000000000
228800000000000000
228c00000000000000
229000000000000000
229400000000000000
229800000000000000
229c00000000000000
22a000000000000000
22a400000000000000
22a800000000000000
22ac00000000000000
22b000000000000000
22b400000000000000
22b800000000000000
22bc00000000000000
22c000000000000000
22c400000000000000
22c800000000000000
22cc00000000000000
22d000000000000000
22d400000000000000
22d800000000000000
22dc00000000000000
22e000000000000000
22e400000000000000
22e800000000000000
22ec00000000000000
22f000000000000000
22f400000000000000
22f800000000000000
22fc00000000000000
230000000000000000
230400000000000000
230800000000000000
230c00000000000000
231000000000000000
231400000000000000
231800000000000000
231c00000000000000
232000000000000000
232400000000000000
232800000000000000
232c00000000000000
233000000000000000
233400000000000000
233800000000000000
233c00000000000000
234000000000000000
234400000000000000
234800000000000000
234c00000000000000
235000000000000000
235400000000000000
235800000000000000
235c00000000000000
236000000000000000
236400000000000000
236800000000000000
236c00000000000000
237000000000000000
237400000000000000
237800000000000000
237c00000000000000
238000000000000000
238400000000000000
238800000000000000
238c00000000000000
239000000000000000
239400000000000000
239800000000000000
239c00000000000000
23a000000000000000
23a400000000000000
23a800000000000000
23ac00000000000000
23b000000000000000
23b400000000000000
23b800000000000000
23bc00000000000000
23c000000000000000
23c400000000000000
23c800000000000000
23cc00000000000000
23d000000000000000
23d400000000000000
23d800000000000000
23dc00000000000000
23e000000000000000
23e400000000000000
23e800000000000000
23ec00000000000000
23f000000000000000
23f400000000000000
23f800000000000000
23fc00000000000000
240000000000051000
240400000000000000
240800000000000000
240c00000000000000
241000000000000000
241400000000000000
241800000000000000
241c00000000000000
242000000000000000
242400000000000000
242800000000000000
242c00000000000000
243000000000000000
243400000000000000
243800000000000000
243c00000000000000
244000000000000000
244400000000000000
244800000000000000
244c00000000000000
245000000000000000
245400000000000000
245800000000000000
245c00000000000000
246000000000000000
246400000000000000
246800000000000000
246c00000000000000
247000000000000000
247400000000000000
247800000000000000
247c00000000000000
248000000000000000
248400000000000000
248800000000000000
248c00000000000000
249000000000000000
249400000000000000
249800000000000000
249c00000000000000
24a000000000000000
24a400000000000000
24a800000000000000
24ac00000000000000
24b000000000000000
24b400000000000000
24b800000000000000
24bc00000000000000
24c000000000000000
24c400000000000000
24c800000000000000
24cc00000000000000
24d000000000000000
24d400000000000000
24d800000000000000
24dc00000000000000
24e000000000000000
24e400000000000000
24e800000000000000
24ec00000000000000
24f000000000000000
24f400000000000000
24f800000000000000
24fc00000000000000
250000000000000000
250400000000000000
250800000000000000
250c00000000000000
251000000000000000
251400000000000000
251800000000000000
251c00000000000000
252000000000000000
252400000000000000
252800000000000000
252c00000000000000
253000000000000000
253400000000000000
253800000000000000
253c00000000000000
254000000000000000
254400000000000000
254800000000000000
254c00000000000000
255000000000000000
255400000000000000
255800000000000000
255c00000000000000
256000000000000000
256400000000000000
256800000000000000
256c00000000000000
257000000000000000
257400000000000000
257800000000000000
257c00000000000000
258000000000000000
258400000000000000
258800000000000000
258c00000000000000
259000000000000000
259400000000000000
259800000000000000
259c00000000000000
25a000000000000000
25a400000000000000
25a800000000000000
25ac00000000000000
25b000000000000000
25b400000000000000
25b800000000000000
25bc00000000000000
25c000000000000000
25c400000000000000
25c800000000000000
25cc00000000000000
25d000000000000000
25d400000000000000
25d800000000000000
25dc00000000000000
25e000000000000000
25e400000000000000
25e800000000000000
25ec00000000000000
25f000000000000000
25f400000000000000
25f800000000000000
25fc00000000000000
260000000000000000
260400000000000000
260800000000000000
260c00000000000000
261000000000000000
261400000000000000
261800000000000000
261c00000000000000
262000000000000000
262400000000000000
262800000000000000
262c00000000000000
263000000000000000
263400000000000000
263800000000000000
263c00000000000000
264000000000000000
264400000000000000
264800000000000000
264c00000000000000
265000000000000000
265400000000000000
265800000000000000
265c00000000000000
266000000000000000
266400000000000000
266800000000000000
266c00000000000000
267000000000000000
267400000000000000
267800000000000000
267c00000000000000
268000000000000000
268400000000000000
268800000000000000
268c00000000000000
269000000000000000
269400000000000000
269800000000000000
269c00000000000000
26a000000000000000
26a400000000000000
26a800000000000000
26ac00000000000000
26b000000000000000
26b400000000000000
26b800000000000000
26bc00000000000000
26c000000000000000
26c400000000000000
26c800000000000000
26cc00000000000000
26d000000000000000
26d400000000000000
26d800000000000000
26dc00000000000000
26e000000000000000
26e400000000000000
26e800000000000000
26ec00000000000000
26f000000000000000
26f400000000000000
26f800000000000000
26fc00000000000000
270000000000000000
270400000000000000
270800000000000000
270c00000000000000
271000000000000000
271400000000000000
271800000000000000
271c00000000000000
272000000000000000
272400000000000000
272800000000000000
272c00000000000000
273000000000000000
273400000000000000
273800000000000000
273c00000000000000
274000000000000000
274400000000000000
274800000000000000
274c00000000000000
275000000000000000
275400000000000000
275800000000000000
275c00000000000000
276000000000000000
276400000000000000
276800000000000000
276c00000000000000
277000000000000000
277400000000000000
277800000000000000
277c00000000000000
278000000000000000
278400000000000000
278800000000000000
278c00000000000000
279000000000000000
279400000000000000
279800000000000000
279c00000000000000
27a000000000000000
27a400000000000000
27a800000000000000
27ac00000000000000
27b000000000000000
27b400000000000000
27b800000000000000
27bc00000000000000
27c000000000000000
27c400000000000000
27c800000000000000
27cc00000000000000
27d000000000000000
27d400000000000000
27d800000000000000
27dc00000000000000
27e000000000000000
27e400000000000000
27e800000000000000
27ec00000000000000
27f000000000000000
27f400000000000000
27f800000000000000
27fc00000000000000
280000000000000000
280400000000000000
280800000000000000
280c00000000000000
281000000000000000
281400000000000000
281800000000000000
281c00000000000000
282000000000000000
282400000000000000
282800000000000000
282c00000000000000
283000000000000000
283400000000000000
283800000000000000
283c00000000000000
284000000000000000
284400000000000000
284800000000000000
284c00000000000000
285000000000000000
285400000000000000
285800000000000000
285c00000000000000
286000000000000000
286400000000000000
286800000000000000
286c00000000000000
287000000000000000
287400000000000000
287800000000000000
287c00000000000000
288000000000000000
288400000000000000
288800000000000000
288c00000000000000
289000000000000000
289400000000000000
289800000000000000
289c00000000000000
28a000000000000000
28a400000000000000
28a800000000000000
28ac00000000000000
28b000000000000000
28b400000000000000
28b800000000000000
28bc00000000000000
28c000000000000000
28c400000000000000
28c800000000000000
28cc00000000000000
28d000000000000000
28d400000000000000
28d800000000000000
28dc00000000000000
28e000000000000000
28e400000000000000
28e800000000000000
28ec00000000000000
28f000000000000000
28f400000000000000
28f800000000000000
28fc00000000000000
290000000000000000
290400000000000000
290800000000000000
290c00000000000000
291000000000000000
291400000000000000
291800000000000000
291c00000000000000
292000000000000000
292400000000000000
292800000000000000
292c00000000000000
293000000000000000
293400000000000000
293800000000000000
293c00000000000000
294000000000000000
294400000000000000
294800000000000000
294c00000000000000
295000000000000000
295400000000000000
295800000000000000
295c00000000000000
296000000000000000
296400000000000000
296800000000000000
296c00000000000000
297000000000000000
297400000000000000
297800000000000000
297c00000000000000
298000000000000000
298400000000000000
298800000000000000
298c00000000000000
299000000000000000
299400000000000000
299800000000000000
299c00000000000000
29a000000000000000
29a400000000000000
29a800000000000000
29ac00000000000000
29b000000000000000
29b400000000000000
29b800000000000000
29bc00000000000000
29c000000000000000
29c400000000000000
29c800000000000000
29cc00000000000000
29d000000000000000
29d400000000000000
29d800000000000000
29dc00000000000000
29e000000000000000
29e400000000000000
29e800000000000000
29ec00000000000000
29f000000000000000
29f400000000000000
29f800000000000000
29fc00000000000000
2a0000000000000000
2a0400000000000000
2a0800000000000000
2a0c00000000000000
2a1000000000000000
2a1400000000000000
2a1800000000000000
2a1c00000000000000
2a2000000000000000
2a2400000000000000
2a2800000000000000
2a2c00000000000000
2a3000000000000000
2a3400000000000000
2a3800000000000000
2a3c00000000000000
2a4000000000000000
2a4400000000000000
2a4800000000000000
2a4c00000000000000
2a5000000000000000
2a5400000000000000
2a5800000000000000
2a5c00000000000000
2a6000000000000000
2a6400000000000000
2a6800000000000000
2a6c00000000000000
2a7000000000000000
2a7400000000000000
2a7800000000000000
2a7c00000000000000
2a8000000000000000
2a8400000000000000
2a8800000000000000
2a8c00000000000000
2a9000000000000000
2a9400000000000000
2a9800000000000000
2a9c00000000000000
2aa000000000000000
2aa400000000000000
2aa800000000000000
2aac00000000000000
2ab000000000000000
2ab400000000000000
2ab800000000000000
2abc00000000000000
2ac000000000000000
2ac400000000000000
2ac800000000000000
2acc00000000000000
2ad000000000000000
2ad400000000000000
2ad800000000000000
2adc00000000000000
2ae000000000000000
2ae400000000000000
2ae800000000000000
2aec00000000000000
2af000000000000000
2af400000000000000
2af800000000000000
2afc00000000000000
2b0000000000000000
2b0400000000000000
2b0800000000000000
2b0c00000000000000
2b1000000000000000
2b1400000000000000
2b1800000000000000
2b1c00000000000000
2b2000000000000000
2b2400000000000000
2b2800000000000000
2b2c00000000000000
2b3000000000000000
2b3400000000000000
2b3800000000000000
2b3c00000000000000
2b4000000000000000
2b4400000000000000
2b4800000000000000
2b4c00000000000000
2b5000000000000000
2b5400000000000000
2b5800000000000000
2b5c00000000000000
2b6000000000000000
2b6400000000000000
2b6800000000000000
2b6c00000000000000
2b7000000000000000
2b7400000000000000
2b7800000000000000
2b7c00000000000000
2b8000000000000000
2b8400000000000000
2b8800000000000000
2b8c00000000000000
2b9000000000000000
2b9400000000000000
2b9800000000000000
2b9c00000000000000
2ba000000000000000
2ba400000000000000
2ba800000000000000
2bac00000000000000
2bb000000000000000
2bb400000000000000
2bb800000000000000
2bbc00000000000000
2bc000000000000000
2bc400000000000000
2bc800000000000000
2bcc00000000000000
2bd000000000000000
2bd400000000000000
2bd800000000000000
2bdc00000000000000
2be000000000000000
2be400000000000000
2be800000000000000
2bec00000000000000
2bf000000000000000
2bf400000000000000
2bf800000000000000
2bfc00000000000000
2c0000000000000000
2c0400000000000000
2c0800000000000000
2c0c00000000000000
2c1000000000000000
2c1400000000000000
2c1800000000000000
2c1c00000000000000
2c2000000000000000
2c2400000000000000
2c2800000000000000
2c2c00000000000000
2c3000000000000000
2c3400000000000000
2c3800000000000000
2c3c00000000000000
2c4000000000000000
2c4400000000000000
2c4800000000000000
2c4c00000000000000
2c5000000000000000
2c5400000000000000
2c5800000000000000
2c5c00000000000000
2c6000000000000000
2c6400000000000000
2c6800000000000000
2c6c00000000000000
2c7000000000000000
2c7400000000000000
2c7800000000000000
2c7c00000000000000
2c8000000000000000
2c8400000000000000
2c8800000000000000
2c8c00000000000000
2c9000000000000000
2c9400000000000000
2c9800000000000000
2c9c00000000000000
2ca000000000000000
2ca400000000000000
2ca800000000000000
2cac00000000000000
2cb000000000000000
2cb400000000000000
2cb800000000000000
2cbc00000000000000
2cc000000000000000
2cc400000000000000
2cc800000000000000
2ccc00000000000000
2cd000000000000000
2cd400000000000000
2cd800000000000000
2cdc00000000000000
2ce000000000000000
2ce400000000000000
2ce800000000000000
2cec00000000000000
2cf000000000000000
2cf400000000000000
2cf800000000000000
2cfc00000000000000
2d0000000000000000
2d0400000000000000
2d0800000000000000
2d0c00000000000000
2d1000000000000000
2d1400000000000000
2d1800000000000000
2d1c00000000000000
2d2000000000000000
2d2400000000000000
2d2800000000000000
2d2c00000000000000
2d3000000000000000
2d3400000000000000
2d3800000000000000
2d3c00000000000000
2d4000000000000000
2d4400000000000000
2d4800000000000000
2d4c00000000000000
2d5000000000000000
2d5400000000000000
2d5800000000000000
2d5c00000000000000
2d6000000000000000
2d6400000000000000
2d6800000000000000
2d6c00000000000000
2d7000000000000000
2d7400000000000000
2d7800000000000000
2d7c00000000000000
2d8000000000000000
2d8400000000000000
2d8800000000000000
2d8c00000000000000
2d9000000000000000
2d9400000000000000
2d9800000000000000
2d9c00000000000000
2da000000000000000
2da400000000000000
2da800000000000000
2dac00000000000000
2db000000000000000
2db400000000000000
2db800000000000000
2dbc00000000000000
2dc000000000000000
2dc400000000000000
2dc800000000000000
2dcc00000000000000
2dd000000000000000
2dd400000000000000
2dd800000000000000
2ddc00000000000000
2de000000000000000
2de400000000000000
2de800000000000000
2dec00000000000000
2df000000000000000
2df400000000000000
2df800000000000000
2dfc00000000000000
2e0000000000000000
2e0400000000000000
2e0800000000000000
2e0c00000000000000
2e1000000000000000
2e1400000000000000
2e1800000000000000
2e1c00000000000000
2e2000000000000000
2e2400000000000000
2e2800000000000000
2e2c00000000000000
2e3000000000000000
2e3400000000000000
2e3800000000000000
2e3c00000000000000
2e4000000000000000
2e4400000000000000
2e4800000000000000
2e4c00000000000000
2e5000000000000000
2e5400000000000000
2e5800000000000000
2e5c00000000000000
2e6000000000000000
2e6400000000000000
2e6800000000000000
2e6c00000000000000
2e7000000000000000
2e7400000000000000
2e7800000000000000
2e7c00000000000000
2e8000000000000000
2e8400000000000000
2e8800000000000000
2e8c00000000000000
2e9000000000000000
2e9400000000000000
2e9800000000000000
2e9c00000000000000
2ea000000000000000
2ea400000000000000
2ea800000000000000
2eac00000000000000
2eb000000000000000
2eb400000000000000
2eb800000000000000
2ebc00000000000000
2ec000000000000000
2ec400000000000000
2ec800000000000000
2ecc00000000000000
2ed000000000000000
2ed400000000000000
2ed800000000000000
2edc00000000000000
2ee000000000000000
2ee400000000000000
2ee800000000000000
2eec00000000000000
2ef000000000000000
2ef400000000000000
2ef800000000000000
2efc00000000000000
2f0000000000000000
2f0400000000000000
2f0800000000000000
2f0c00000000000000
2f1000000000000000
2f1400000000000000
2f1800000000000000
2f1c00000000000000
2f2000000000000000
2f2400000000000000
2f2800000000000000
2f2c00000000000000
2f3000000000000000
2f3400000000000000
2f3800000000000000
2f3c00000000000000
2f4000000000000000
2f4400000000000000
2f4800000000000000
2f4c00000000000000
2f5000000000000000
2f5400000000000000
2f5800000000000000
2f5c00000000000000
2f6000000000000000
2f6400000000000000
2f6800000000000000
2f6c00000000000000
2f7000000000000000
2f7400000000000000
2f7800000000000000
2f7c00000000000000
2f8000000000000000
2f8400000000000000
2f8800000000000000
2f8c00000000000000
2f9000000000000000
2f9400000000000000
2f9800000000000000
2f9c00000000000000
2fa000000000000000
2fa400000000000000
2fa800000000000000
2fac00000000000000
2fb000000000000000
2fb400000000000000
2fb800000000000000
2fbc00000000000000
2fc000000000000000
2fc400000000000000
2fc800000000000000
2fcc00000000000000
2fd000000000000000
2fd400000000000000
2fd800000000000000
2fdc00000000000000
2fe000000000000000
2fe400000000000000
2fe800000000000000
2fec00000000000000
2ff000000000000000
2ff400000000000000
2ff800000000000000
2ffc00000000000000
300000000000000000
300400000000000000
300800000000000000
300c00000000000000
301000000000000000
301400000000000000
301800000000000000
301c00000000000000
302000000000000000
302400000000000000
302800000000000000
302c00000000000000
303000000000000000
303400000000000000
303800000000000000
303c00000000000000
304000000000000000
304400000000000000
304800000000000000
304c00000000000000
305000000000000000
305400000000000000
305800000000000000
305c00000000000000
306000000000000000
306400000000000000
306800000000000000
306c00000000000000
307000000000000000
307400000000000000
307800000000000000
307c00000000000000
308000000000000000
308400000000000000
308800000000000000
308c00000000000000
309000000000000000
309400000000000000
309800000000000000
309c00000000000000
30a000000000000000
30a400000000000000
30a800000000000000
30ac00000000000000
30b000000000000000
30b400000000000000
30b800000000000000
30bc00000000000000
30c000000000000000
30c400000000000000
30c800000000000000
30cc00000000000000
30d000000000000000
30d400000000000000
30d800000000000000
30dc00000000000000
30e000000000000000
30e400000000000000
30e800000000000000
30ec00000000000000
30f000000000000000
30f400000000000000
30f800000000000000
30fc00000000000000
310000000000000000
310400000000000000
310800000000000000
310c00000000000000
311000000000000000
311400000000000000
311800000000000000
311c00000000000000
312000000000000000
312400000000000000
312800000000000000
312c00000000000000
313000000000000000
313400000000000000
313800000000000000
313c00000000000000
314000000000000000
314400000000000000
314800000000000000
314c00000000000000
315000000000000000
315400000000000000
315800000000000000
315c00000000000000
316000000000000000
316400000000000000
316800000000000000
316c00000000000000
317000000000000000
317400000000000000
317800000000000000
317c00000000000000
318000000000000000
318400000000000000
318800000000000000
318c00000000000000
319000000000000000
319400000000000000
319800000000000000
319c00000000000000
31a000000000000000
31a400000000000000
31a800000000000000
31ac00000000000000
31b000000000000000
31b400000000000000
31b800000000000000
31bc00000000000000
31c000000000000000
31c400000000000000
31c800000000000000
31cc00000000000000
31d000000000000000
31d400000000000000
31d800000000000000
31dc00000000000000
31e000000000000000
31e400000000000000
31e800000000000000
31ec00000000000000
31f000000000000000
31f400000000000000
31f800000000000000
31fc00000000000000
320000000000000000
320400000000000000
320800000000000000
320c00000000000000
321000000000000000
321400000000000000
321800000000000000
321c00000000000000
322000000000000000
322400000000000000
322800000000000000
322c00000000000000
323000000000000000
323400000000000000
323800000000000000
323c00000000000000
324000000000000000
324400000000000000
324800000000000000
324c00000000000000
325000000000000000
325400000000000000
325800000000000000
325c00000000000000
326000000000000000
326400000000000000
326800000000000000
326c00000000000000
327000000000000000
327400000000000000
327800000000000000
327c00000000000000
328000000000000000
328400000000000000
328800000000000000
328c00000000000000
329000000000000000
329400000000000000
329800000000000000
329c00000000000000
32a000000000000000
32a400000000000000
32a800000000000000
32ac00000000000000
32b000000000000000
32b400000000000000
32b800000000000000
32bc00000000000000
32c000000000000000
32c400000000000000
32c800000000000000
32cc00000000000000
32d000000000000000
32d400000000000000
32d800000000000000
32dc00000000000000
32e000000000000000
32e400000000000000
32e800000000000000
32ec00000000000000
32f000000000000000
32f400000000000000
32f800000000000000
32fc00000000000000
330000000000000000
330400000000000000
330800000000000000
330c00000000000000
331000000000000000
331400000000000000
331800000000000000
331c00000000000000
332000000000000000
332400000000000000
332800000000000000
332c00000000000000
333000000000000000
333400000000000000
333800000000000000
333c00000000000000
334000000000000000
334400000000000000
334800000000000000
334c00000000000000
335000000000000000
335400000000000000
335800000000000000
335c00000000000000
336000000000000000
336400000000000000
336800000000000000
336c00000000000000
337000000000000000
337400000000000000
337800000000000000
337c00000000000000
338000000000000000
338400000000000000
338800000000000000
338c00000000000000
339000000000000000
339400000000000000
339800000000000000
339c00000000000000
33a000000000000000
33a400000000000000
33a800000000000000
33ac00000000000000
33b000000000000000
33b400000000000000
33b800000000000000
33bc00000000000000
33c000000000000000
33c400000000000000
33c800000000000000
33cc00000000000000
33d000000000000000
33d400000000000000
33d800000000000000
33dc00000000000000
33e000000000000000
33e400000000000000
33e800000000000000
33ec00000000000000
33f000000000000000
33f400000000000000
33f800000000000000
33fc00000000000000
3400000000000866a4
340400000000000000
340800000000000000
340c00000000000000
341000000000000000
341400000000000000
341800000000000000
341c00000000000000
342000000000000000
342400000000000000
342800000000000000
342c00000000000000
343000000000000000
343400000000000000
343800000000000000
343c00000000000000
344000000000000000
344400000000000000
344800000000000000
344c00000000000000
345000000000000000
345400000000000000
345800000000000000
345c00000000000000
346000000000000000
346400000000000000
346800000000000000
346c00000000000000
347000000000000000
347400000000000000
347800000000000000
347c00000000000000
348000000000000000
348400000000000000
348800000000000000
348c00000000000000
349000000000000000
349400000000000000
349800000000000000
349c00000000000000
34a000000000000000
34a400000000000000
34a800000000000000
34ac00000000000000
34b000000000000000
34b400000000000000
34b800000000000000
34bc00000000000000
34c000000000000000
34c400000000000000
34c800000000000000
34cc00000000000000
34d000000000000000
34d400000000000000
34d800000000000000
34dc00000000000000
34e000000000000000
34e400000000000000
34e800000000000000
34ec00000000000000
34f000000000000000
34f400000000000000
34f800000000000000
34fc00000000000000
350000000000000000
350400000000000000
350800000000000000
350c00000000000000
351000000000000000
351400000000000000
351800000000000000
351c00000000000000
352000000000000000
352400000000000000
352800000000000000
352c00000000000000
353000000000000000
353400000000000000
353800000000000000
353c00000000000000
354000000000000000
354400000000000000
354800000000000000
354c00000000000000
355000000000000000
355400000000000000
355800000000000000
355c00000000000000
356000000000000000
356400000000000000
356800000000000000
356c00000000000000
357000000000000000
357400000000000000
357800000000000000
357c00000000000000
358000000000000000
358400000000000000
358800000000000000
358c00000000000000
359000000000000000
359400000000000000
359800000000000000
359c00000000000000
35a000000000000000
35a400000000000000
35a800000000000000
35ac00000000000000
35b000000000000000
35b400000000000000
35b800000000000000
35bc00000000000000
35c000000000000000
35c400000000000000
35c800000000000000
35cc00000000000000
35d000000000000000
35d400000000000000
35d800000000000000
35dc00000000000000
35e000000000000000
35e400000000000000
35e800000000000000
35ec00000000000000
35f000000000000000
35f400000000000000
35f800000000000000
35fc00000000000000
360000000000000000
360400000000000000
360800000000000000
360c00000000000000
361000000000000000
361400000000000000
361800000000000000
361c00000000000000
362000000000000000
362400000000000000
362800000000000000
362c00000000000000
363000000000000000
363400000000000000
363800000000000000
363c00000000000000
364000000000000000
364400000000000000
364800000000000000
364c00000000000000
365000000000000000
365400000000000000
365800000000000000
365c00000000000000
366000000000000000
366400000000000000
366800000000000000
366c00000000000000
367000000000000000
367400000000000000
367800000000000000
367c00000000000000
368000000000000000
368400000000000000
368800000000000000
368c00000000000000
369000000000000000
369400000000000000
369800000000000000
369c00000000000000
36a000000000000000
36a400000000000000
36a800000000000000
36ac00000000000000
36b000000000000000
36b400000000000000
36b800000000000000
36bc00000000000000
36c000000000000000
36c400000000000000
36c800000000000000
36cc00000000000000
36d000000000000000
36d400000000000000
36d800000000000000
36dc00000000000000
36e000000000000000
36e400000000000000
36e800000000000000
36ec00000000000000
36f000000000000000
36f400000000000000
36f800000000000000
36fc00000000000000
370000000000000000
370400000000000000
370800000000000000
370c00000000000000
371000000000000000
371400000000000000
371800000000000000
371c00000000000000
372000000000000000
372400000000000000
372800000000000000
372c00000000000000
373000000000000000
373400000000000000
373800000000000000
373c00000000000000
374000000000000000
374400000000000000
374800000000000000
374c00000000000000
375000000000000000
375400000000000000
375800000000000000
375c00000000000000
376000000000000000
376400000000000000
376800000000000000
376c00000000000000
377000000000000000
377400000000000000
377800000000000000
377c00000000000000
378000000000000000
378400000000000000
378800000000000000
378c00000000000000
379000000000000000
379400000000000000
379800000000000000
379c00000000000000
37a000000000000000
37a400000000000000
37a800000000000000
37ac00000000000000
37b000000000000000
37b400000000000000
37b800000000000000
37bc00000000000000
37c000000000000000
37c400000000000000
37c800000000000000
37cc00000000000000
37d000000000000000
37d400000000000000
37d800000000000000
37dc00000000000000
37e000000000000000
37e400000000000000
37e800000000000000
37ec00000000000000
37f000000000000000
37f400000000000000
37f800000000000000
37fc00000000000000
380000000000000000
380400000000000000
380800000000000000
380c00000000000000
381000000000000000
381400000000000000
381800000000000000
381c00000000000000
382000000000000000
382400000000000000
382800000000000000
382c00000000000000
383000000000000000
383400000000000000
383800000000000000
383c00000000000000
384000000000000000
384400000000000000
384800000000000000
384c00000000000000
385000000000000000
385400000000000000
385800000000000000
385c00000000000000
386000000000000000
386400000000000000
386800000000000000
386c00000000000000
387000000000000000
387400000000000000
387800000000000000
387c00000000000000
388000000000000000
388400000000000000
388800000000000000
388c00000000000000
389000000000000000
389400000000000000
389800000000000000
389c00000000000000
38a000000000000000
38a400000000000000
38a800000000000000
38ac00000000000000
38b000000000000000
38b400000000000000
38b800000000000000
38bc00000000000000
38c000000000000000
38c400000000000000
38c800000000000000
38cc00000000000000
38d000000000000000
38d400000000000000
38d800000000000000
38dc00000000000000
38e000000000000000
38e400000000000000
38e800000000000000
38ec00000000000000
38f000000000000000
38f400000000000000
38f800000000000000
38fc00000000000000
390000000000000000
390400000000000000
390800000000000000
390c00000000000000
391000000000000000
391400000000000000
391800000000000000
391c00000000000000
392000000000000000
392400000000000000
392800000000000000
392c00000000000000
393000000000000000
393400000000000000
393800000000000000
393c00000000000000
394000000000000000
394400000000000000
394800000000000000
394c00000000000000
395000000000000000
395400000000000000
395800000000000000
395c00000000000000
396000000000000000
396400000000000000
396800000000000000
396c00000000000000
397000000000000000
397400000000000000
397800000000000000
397c00000000000000
398000000000000000
398400000000000000
398800000000000000
398c00000000000000
399000000000000000
399400000000000000
399800000000000000
399c00000000000000
39a000000000000000
39a400000000000000
39a800000000000000
39ac00000000000000
39b000000000000000
39b400000000000000
39b800000000000000
39bc00000000000000
39c000000000000000
39c400000000000000
39c800000000000000
39cc00000000000000
39d000000000000000
39d400000000000000
39d800000000000000
39dc00000000000000
39e000000000000000
39e400000000000000
39e800000000000000
39ec00000000000000
39f000000000000000
39f400000000000000
39f800000000000000
39fc00000000000000
3a0000000000000000
3a0400000000000000
3a0800000000000000
3a0c00000000000000
3a1000000000000000
3a1400000000000000
3a1800000000000000
3a1c00000000000000
3a2000000000000000
3a2400000000000000
3a2800000000000000
3a2c00000000000000
3a3000000000000000
3a3400000000000000
3a3800000000000000
3a3c00000000000000
3a4000000000000000
3a4400000000000000
3a4800000000000000
3a4c00000000000000
3a5000000000000000
3a5400000000000000
3a5800000000000000
3a5c00000000000000
3a6000000000000000
3a6400000000000000
3a6800000000000000
3a6c00000000000000
3a7000000000000000
3a7400000000000000
3a7800000000000000
3a7c00000000000000
3a8000000000000000
3a8400000000000000
3a8800000000000000
3a8c00000000000000
3a9000000000000000
3a9400000000000000
3a9800000000000000
3a9c00000000000000
3aa000000000000000
3aa400000000000000
3aa800000000000000
3aac00000000000000
3ab000000000000000
3ab400000000000000
3ab800000000000000
3abc00000000000000
3ac000000000000000
3ac400000000000000
3ac800000000000000
3acc00000000000000
3ad000000000000000
3ad400000000000000
3ad800000000000000
3adc00000000000000
3ae000000000000000
3ae400000000000000
3ae800000000000000
3aec00000000000000
3af000000000000000
3af400000000000000
3af800000000000000
3afc00000000000000
3b0000000000000000
3b0400000000000000
3b0800000000000000
3b0c00000000000000
3b1000000000000000
3b1400000000000000
3b1800000000000000
3b1c00000000000000
3b2000000000000000
3b2400000000000000
3b2800000000000000
3b2c00000000000000
3b3000000000000000
3b3400000000000000
3b3800000000000000
3b3c00000000000000
3b4000000000000000
3b4400000000000000
3b4800000000000000
3b4c00000000000000
3b5000000000000000
3b5400000000000000
3b5800000000000000
3b5c00000000000000
3b6000000000000000
3b6400000000000000
3b6800000000000000
3b6c00000000000000
3b7000000000000000
3b7400000000000000
3b7800000000000000
3b7c00000000000000
3b8000000000000000
3b8400000000000000
3b8800000000000000
3b8c00000000000000
3b9000000000000000
3b9400000000000000
3b9800000000000000
3b9c00000000000000
3ba000000000000000
3ba400000000000000
3ba800000000000000
3bac00000000000000
3bb000000000000000
3bb400000000000000
3bb800000000000000
3bbc00000000000000
3bc000000000000000
3bc400000000000000
3bc800000000000000
3bcc00000000000000
3bd000000000000000
3bd400000000000000
3bd800000000000000
3bdc00000000000000
3be000000000000000
3be400000000000000
3be800000000000000
3bec00000000000000
3bf000000000000000
3bf400000000000000
3bf800000000000000
3bfc00000000000000
3c0000000000000000
3c0400000000000000
3c0800000000000000
3c0c00000000000000
3c1000000000000000
3c1400000000000000
3c1800000000000000
3c1c00000000000000
3c2000000000000000
3c2400000000000000
3c2800000000000000
3c2c00000000000000
3c3000000000000000
3c3400000000000000
3c3800000000000000
3c3c00000000000000
3c4000000000000000
3c4400000000000000
3c4800000000000000
3c4c00000000000000
3c5000000000000000
3c5400000000000000
3c5800000000000000
3c5c00000000000000
3c6000000000000000
3c6400000000000000
3c6800000000000000
3c6c00000000000000
3c7000000000000000
3c7400000000000000
3c7800000000000000
3c7c00000000000000
3c8000000000000000
3c8400000000000000
3c8800000000000000
3c8c00000000000000
3c9000000000000000
3c9400000000000000
3c9800000000000000
3c9c00000000000000
3ca000000000000000
3ca400000000000000
3ca800000000000000
3cac00000000000000
3cb000000000000000
3cb400000000000000
3cb800000000000000
3cbc00000000000000
3cc000000000000000
3cc400000000000000
3cc800000000000000
3ccc00000000000000
3cd000000000000000
3cd400000000000000
3cd800000000000000
3cdc00000000000000
3ce000000000000000
3ce400000000000000
3ce800000000000000
3cec00000000000000
3cf000000000000000
3cf400000000000000
3cf800000000000000
3cfc00000000000000
3d0000000000000000
3d0400000000000000
3d0800000000000000
3d0c00000000000000
3d1000000000000000
3d1400000000000000
3d1800000000000000
3d1c00000000000000
3d2000000000000000
3d2400000000000000
3d2800000000000000
3d2c00000000000000
3d3000000000000000
3d3400000000000000
3d3800000000000000
3d3c00000000000000
3d4000000000000000
3d4400000000000000
3d4800000000000000
3d4c00000000000000
3d5000000000000000
3d5400000000000000
3d5800000000000000
3d5c00000000000000
3d6000000000000000
3d6400000000000000
3d6800000000000000
3d6c00000000000000
3d7000000000000000
3d7400000000000000
3d7800000000000000
3d7c00000000000000
3d8000000000000000
3d8400000000000000
3d8800000000000000
3d8c00000000000000
3d9000000000000000
3d9400000000000000
3d9800000000000000
3d9c00000000000000
3da000000000000000
3da400000000000000
3da800000000000000
3dac00000000000000
3db000000000000000
3db400000000000000
3db800000000000000
3dbc00000000000000
3dc000000000000000
3dc400000000000000
3dc800000000000000
3dcc00000000000000
3dd000000000000000
3dd400000000000000
3dd800000000000000
3ddc00000000000000
3de000000000000000
3de400000000000000
3de800000000000000
3dec00000000000000
3df000000000000000
3df400000000000000
3df800000000000000
3dfc00000000000000
3e0000000000000000
3e0400000000000000
3e0800000000000000
3e0c00000000000000
3e1000000000000000
3e1400000000000000
3e1800000000000000
3e1c00000000000000
3e2000000000000000
3e2400000000000000
3e2800000000000000
3e2c00000000000000
3e3000000000000000
3e3400000000000000
3e3800000000000000
3e3c00000000000000
3e4000000000000000
3e4400000000000000
3e4800000000000000
3e4c00000000000000
3e5000000000000000
3e5400000000000000
3e5800000000000000
3e5c00000000000000
3e6000000000000000
3e6400000000000000
3e6800000000000000
3e6c00000000000000
3e7000000000000000
3e7400000000000000
3e7800000000000000
3e7c00000000000000
3e8000000000000000
3e8400000000000000
3e8800000000000000
3e8c00000000000000
3e9000000000000000
3e9400000000000000
3e9800000000000000
3e9c00000000000000
3ea000000000000000
3ea400000000000000
3ea800000000000000
3eac00000000000000
3eb000000000000000
3eb400000000000000
3eb800000000000000
3ebc00000000000000
3ec000000000000000
3ec400000000000000
3ec800000000000000
3ecc00000000000000
3ed000000000000000
3ed400000000000000
3ed800000000000000
3edc00000000000000
3ee000000000000000
3ee400000000000000
3ee800000000000000
3eec00000000000000
3ef000000000000000
3ef400000000000000
3ef800000000000000
3efc00000000000000
3f0000000000000000
3f0400000000000000
3f0800000000000000
3f0c00000000000000
3f1000000000000000
3f1400000000000000
3f1800000000000000
3f1c00000000000000
3f2000000000000000
3f2400000000000000
3f2800000000000000
3f2c00000000000000
3f3000000000000000
3f3400000000000000
3f3800000000000000
3f3c00000000000000
3f4000000000000000
3f4400000000000000
3f4800000000000000
3f4c00000000000000
3f5000000000000000
3f5400000000000000
3f5800000000000000
3f5c00000000000000
3f6000000000000000
3f6400000000000000
3f6800000000000000
3f6c00000000000000
3f7000000000000000
3f7400000000000000
3f7800000000000000
3f7c00000000000000
3f8000000000000000
3f8400000000000000
3f8800000000000000
3f8c00000000000000
3f9000000000000000
3f9400000000000000
3f9800000000000000
3f9c00000000000000
3fa000000000000000
3fa400000000000000
3fa800000000000000
3fac00000000000000
3fb000000000000000
3fb400000000000000
3fb800000000000000
3fbc00000000000000
3fc000000000000000
3fc400000000000000
3fc800000000000000
3fcc00000000000000
3fd000000000000000
3fd400000000000000
3fd800000000000000
3fdc00000000000000
3fe000000000000000
3fe400000000000000
3fe800000000000000
3fec00000000000000
3ff000000000000000
3ff400000000000000
3ff800000000000000
7ffc00000000000000
000000000000000065
0004000000000001a8
00080000000000036d
000c00000000000431
0010000000000002f2
001400000000000352
0018000000000002a8
001c00000000000235
002000000000000115
002400000000000120
0028000000000005c8
002c000000000001e8
0030000000000003c2
003400000000000012
003800000000000232
003c00000000000145
00400000000000075a
0044000000000000b9
00480000000000029a
004c00000000000068
005000000000000308
005400000000000220
005800000000000171
005c000000000001f4
00600000000000032a
006400000000000065
006800000000000272
006c00000000000841
0070000000000000c8
007400000000000625
007800000000000095
007c0000000000078a
008000000000000110
008400000000000052
00880000000000009d
008c00000000000028
009000000000000121
0094000000000005a5
009800000000000519
009c000000000000a0
00a000000000000244
00a400000000000052
00a800000000000859
00ac000000000000e1
00b00000000000084a
00b400000000000031
00b80000000000034a
00bc000000000000c8
00c0000000000000cd
00c40000000000005a
00c80000000000028a
00cc000000000001ed
00d0000000000001e5
00d4000000000000d4
00d8000000000001ba
00dc00000000000749
00e000000000000168
00e4000000000000d0
00e800000000000414
00ec00000000000145
00f0000000000000e2
00f40000000000007d
00f8000000000001c2
00fc00000000000088
010005c28f2570a4d2
0104000000000000f5
010800000000000152
010c00000000000a15
0110000000000000e8
0114000000000003a9
01180000000000033d
011c000000000000a0
01200000000000001d
012400000000000131
012800000000000c14
012c00000000000148
013000000000000009
0134000000000003fa
0138000000000003ca
013c00000000000050
0140000000000007aa
014400000000000250
0148000000000006ad
014c000000000006f4
015000000000000311
015400000000000244
015800000000000965
015c000000000002ad
01600000000000003d
01640000000000021a
016800000000000052
016c00000000000050
017000000000000131
017400000000000152
017800000000000082
017c000000000003d1
018000000000000500
01840000000000015a
0188000000000000c1
018c000000000002b4
019000000000000654
019400000000000485
01980000000000039a
019c000000000000e9
01a00000000000007a
01a4000000000000a9
01a800000000000712
01ac00000000000215
01b000000000000242
01b400000000000035
01b800000000000008
01bc00000000000281
01c0000000000001a9
01c400000000000020
01c800000000000179
01cc000000000000c2
01d0000000000000ca
01d4000000000001a9
01d800000000000815
01dc00000000000281
01e00000000000034a
01e4000000000000f5
01e800000000000791
01ec000000000001c1
01f0000000000000a9
01f40000000000052a
01f800000000000349
01fc0000000000003a
0200000000000005b9
020400000000000352
020800000000000301
020c0000000000060a
0210000000000002ad
0214000000000000ca
021800000000000472
021c000000000006d9
0220000000000000aa
0224000000000004ed
022800000000000445
022c000000000001d2
023000000000000b4a
0234000000000002d0
023800000000000154
023c00000000000022
0240000000000007a2
0244000000000005aa
0248000000000001a8
024c000000000002fd
0250000000000002a8
0254000000000000ca
025800000000000221
025c00000000000168
026000000000000005
026400000000000035
026800000000000061
026c000000000004ba
027000000000000250
0274000000000000e8
027800000000000172
027c00000000000ae5
028000000000000041
02840000000000006a
028800000000000485
028c00000000000b29
029000000000000441
02940000000000000a
029800000000000572
029c0000000000024a
02a0000000000002f5
02a400000000000235
02a800000000000301
02ac00000000000035
02b000000000000050
02b400000000000419
02b8000000000000c4
02bc0000000000028a
02c000000000000131
02c400000000000041
02c800000000000202
02cc00000000000154
02d000000000000154
02d40000000000021d
02d8000000000001a9
02dc00000000000071
02e000000000000050
02e40000000000015d
02e8000000000002d2
02ec00000000000802
02f0000000000004a9
02f400000000000448
02f800000000000350
02fc00000000000090
030000000000000035
0304000000000000a2
0308000000000003a9
030c000000000007c5
031000000000000089
031400000000000082
031800000000000404
031c0000000000002d
032000000000000254
032400000000000194
032800000000000164
032c00000000000090
03300000000000000d
033400000000000659
033800000000000179
033c0000000000034d
03400000000000019a
0344000000000004ed
0348000000000001a8
034c00000000000212
0350000000000000c5
03540000000000005a
035800000000000019
035c00000000000171
036000000000000212
036400000000000988
036800000000000145
036c00000000000319
037000000000000979
037400000000000109
037800000000000709
037c00000000000051
038000000000000215
0384000000000001d0
03880000000000080d
038c00000000000175
03900000000000019a
0394000000000000ad
039800000000000561
039c00000000000410
03a000000000000389
03a40000000000031d
03a8000000000002c2
03ac000000000008dd
03b0000000000003d0
03b4000000000001ba
03b8000000000003c4
03bc000000000002ea
03c00000000000025d
03c400000000000374
03c80000000000052d
03cc00000000000044
03d0000000000003a8
03d40000000000058d
03d800000000000242
03dc00000000000051
03e000000000000734
03e400000000000712
03e800000000000c50
03ec00000000000099
03f00000000000003a
03f400000000000b09
03f8000000000008b1
03fc00000000000182
040000000000000145
040400000000000412
040800000000000082
040c00000000000195
041000000000000052
041400000000000221
04180000000000039d
041c000000000001b9
042000000000000101
042400000000000082
042800000000000442
042c00000000000148
0430000000000002dd
043400000000000109
04380000000000058a
043c000000000001e1
044000000000000820
0444000000000000ea
0448000000000004d1
044c0000000000000d
045000000000000704
045400000000000005
0458000000000003c1
045c000000000001a9
046000000000000788
046400000000000374
046800000000000d02
046c000000000007b4
0470000000000002f5
04740000000000007d
0478000000000005d1
047c000000000004e2
048000000000000352
04840000000000042d
0488000000000000ea
048c000000000000cd
0490000000000000aa
0494000000000004a5
0498000000000003c2
049c0000000000025d
04a000000000000112
04a40000000000010d
04a80000000000078d
04ac00000000000311
04b000000000000071
04b400000000000ae1
04b800000000000051
04bc000000000000c8
04c0000000000001cd
04c400000000000094
04c800000000000001
04cc000000000001e5
04d000000000000265
04d4000000000002a8
04d8000000000000e8
04dc00000000000562
04e0000000000001a9
04e400000000000410
04e800000000000122
04ec00000000000110
04f000000000000105
04f40000000000006d
04f800000000000808
04fc0000000000002d
05000000000000025d
05040000000000012a
050800000000000521
050c000000000006f5
051000000000000199
051400000000000361
0518000000000006d1
051c000000000001fd
0520000000000001e1
052400000000000131
0528000000000003d0
052c00000000000259
0530000000000001d2
053403ffffab27ec29
05380000000000007d
053c00000000000088
0540000000000002d5
054400000000000305
05480000000000021d
054c000000000000aa
0550000000000001ed
055400000000000374
0558000000000005fa
055c0000000000034a
056000000000000171
0564000000000001e1
0568000000000000e8
056c000000000000e1
057000000000000000
057400000000000a29
05780000000000063a
057c00000000000488
0580000000000000a4
0584000000000002a5
058800000000000079
058c000000000001e1
059000000000000c62
0594000000000005ed
0598000000000002bd
059c00000000000211
05a000000000000041
05a400000000000332
05a800000000000574
05ac00000000000179
05b000000000000179
05b4000000000002d0
05b80000000000020a
05bc00000000000274
05c0000000000001c9
05c400000000000032
05c8000000000006a4
05cc00000000000322
05d000000000000110
05d4000000000000da
05d800000000000175
05dc000000000005b9
05e0000000000005bd
05e400000000000208
05e800000000000448
05ec00000000000449
05f000000000000280
05f400000000000064
05f800000000000094
05fc00000000000184
0600000000000005aa
060400000000000254
060800000000000139
060c000000000000c8
061000000000000668
061400000000000024
0618000000000001c2
061c000000000003f1
06200000000000054a
06240000000000025d
062800000000000494
062c0000000000014d
063000000000000649
0634000000000000e1
063800000000000424
063c00000000000109
06400000000000022a
0644000000000001b1
064800000000000505
064c00000000000488
065000000000000050
065400000000000061
065800000000000271
065c00000000000139
066000000000000112
06640000000000049d
066800000000000028
066c00000000000248
0670000000000006e8
0674000000000000f4
06780000000000075d
067c00000000000049
068000000000000148
06840000000000040d
0688000000000002d5
068c000000000001c9
06900000000000033d
0694000000000006aa
069800000000000041
069c0000000000018d
06a0000000000000e9
06a4000000000000e5
06a8000000000008aa
06ac00000000000179
06b0000000000002da
06b4000000000000aa
06b80000000000022a
06bc0000000000013a
06c0000000000000a9
06c4000000000004e1
06c800000000000384
06cc0000000000044a
06d000000000000541
06d4000000000000c8
06d80000000000043a
06dc00000000000392
06e000000000000019
06e400000000000340
06e80000000000009d
06ec00000000000332
06f00000000000028a
06f4000000000001f4
06f8000000000001ea
06fc00000000000262
0700000000000003c8
070400000000000514
07080000000000022d
070c0000000000021d
0710000000000000ca
0714000000000000f1
07180000000000006d
071c000000000005e9
072000000000000115
072400000000000199
07280000000000039d
072c000000000002d5
073000000000000240
073400000000000090
0738000000000001b4
073c00000000000099
074000000000000035
074400000000000541
074800000000000120
074c00000000000249
0750000000000002c2
0754000000000002b9
075800000000000050
075c0000000000004a
0760000000000004c4
0764000000000000e1
076800000000000349
076c000000000006f4
0770000000000000b9
0774000000000000e9
0778000000000000a2
077c000000000001ba
078000000000000be2
0784000000000004ba
078800000000000262
078c0000000000013a
079000000000000772
079400000000000109
079800000000000965
079c00000000000009
07a0000000000005b4
07a400000000000089
07a8000000000001ed
07ac0000000000005a
07b0000000000000fa
07b400000000000215
07b800000000000055
07bc00000000000061
07c000000000000389
07c4000000000000e2
07c8000000000007d0
07cc00000000000749
07d000000000000551
07d400000000000122
07d8000000000000c1
07dc00000000000269
07e0000000000001f9
07e4000000000000a4
07e800000000000d8a
07ec0000000000024a
07f000000000000109
07f4000000000000ea
07f8000000000004d1
07fc00000000000122
080000000000000011
080400000000000950
0808000000000000ca
080c00000000000288
081000000000000032
0814000000000003c5
081800000000000148
081c00000000000410
082000000000000164
082400000000000032
082800000000000004
082c00000000000104
083000000000000c71
0834000000000003fa
083800000000000431
083c00000000000490
084000000000000011
08440000000000069a
0848000000000002f2
084c000000000002b1
085000000000000101
085400000000000bd9
0858000000000000c5
085c00000000000394
0860000000000003b5
086400000000000389
0868000000000002d5
086c000000000000a2
087000000000000131
087400000000000202
087800000000000319
087c00000000000905
088000000000000254
088400000000000139
088800000000000019
088c0000000000018d
089000000000000308
08940000000000015d
089800000000000521
089c00000000000232
08a00000000000016a
08a4000000000004ea
08a800000000000034
08ac000000000000ad
08b000000000000319
08b400000000000625
08b800000000000654
08bc000000000001fd
08c000000000000368
08c4000000000004ed
08c8000000000000e2
08cc000000000001ba
08d000000000000272
08d4000000000000b9
08d800000000000080
08dc0000000000003a
08e000000000000401
08e4000000000003fd
08e800000000000049
08ec0000000000046a
08f0000000000006b5
08f4000000000001ed
08f80000000000021a
08fc00000000000640
09000000000000039a
0904000000000001ed
0908000000000001ed
090c000000000000dd
091000000000000004
091400000000000179
0918000000000005a8
091c00000000000401
09200000000000019a
09240000000000018d
092800000000000208
092c000000000001c2
0930000000000002d5
093400000000000032
0938000000000001f9
093c0000000000033d
094000000000000075
09440000000000027a
0948000000000001f4
094c0000000000052d
09500000000000046a
09540000000000037a
0958000000000001ed
095c00000000000264
09600000000000061d
096400000000000122
096800000000000295
096c0000000000096a
097000000000000082
097400000000000040
097800000000000979
097c0000000000084d
0980000000000001bd
0984000000000001b1
0988000000000001b9
098c00000000000105
0990000000000000f1
099400000000000434
099800000000000064
099c00000000000384
09a000000000000124
09a40000000000009d
09a8000000000000e5
09ac00000000000122
09b0000000000001d0
09b400000000000781
09b80000000000036d
09bc000000000003d1
09c00000000000021d
09c400000000000569
09c800000000000200
09cc0000000000007d
09d00000000000010d
09d400000000000509
09d80000000000013d
09dc00000000000009
09e000000000000755
09e40000000000025d
09e8000000000000da
09ec000000000006f4
09f0000000000000ad
09f400000000000001
09f80000000000039d
09fc00000000000079
0a0000000000000095
0a0400000000000401
0a08000000000007a8
0a0c000000000000d4
0a100000000000034d
0a14000000000009e1
0a18000000000001fd
0a1c000000000000b4
0a20000000000002d0
0a2400000000000061
0a28000000000008a2
0a2c000000000004b1
0a30000000000001e5
0a34000000000002e4
0a3800000000000064
0a3c00000000000239
0a4000000000000011
0a4400000000000099
0a4800000000000112
0a4c000000000001dd
0a5000000000000131
0a54000000000000b2
0a5800000000000361
0a5c00000000000041
0a6000000000000034
0a640000000000002d
0a680000000000055a
0a6c00000000000179
0a7000000000000068
0a7400000000000265
0a7800000000000121
0a7c000000000000f1
0a80000000000006c4
0a8400000000000244
0a88000000000006fd
0a8c000000000001ea
0a9000000000000442
0a9400000000000179
0a9800000000000080
0a9c000000000000aa
0aa000000000000011
0aa4000000000006b2
0aa8000000000005bd
0aac00000000000099
0ab000000000000671
0ab400000000000509
0ab80000000000042d
0abc00000000000082
0ac000000000000028
0ac40000000000018d
0ac800000000000820
0acc00000000000049
0ad0000000000001a0
0ad400000000000272
0ad8000000000000e1
0adc0000000000003a
0ae0000000000001a8
0ae4000000000001a9
0ae8000000000001ca
0aec00000000000064
0af0000000000000da
0af400000000000105
0af80000000000022a
0afc00000000000091
0b000000000000034d
0b04000000000001ca
0b0800000000000068
0b0c0000000000009d
0b1000000000000442
0b14000000000004a0
0b1800000000000425
0b1c00000000000109
0b20000000000004e1
0b2400000000000425
0b2800000000000110
0b2c0000000000028d
0b3000000000000014
0b3400000000000409
0b3800000000000071
0b3c00000000000154
0b400000000000034d
0b4400000000000349
0b4800000000000712
0b4c00000000000092
0b5000000000000110
0b5400000000000235
0b58000000000002b4
0b5c00000000000235
0b6000000000000249
0b64000000000000b9
0b6800000000000644
0b6c000000000002b9
0b70000000000002e9
0b74000000000006b5
0b78000000000000b5
0b7c000000000001f9
0b8000000000000434
0b840000000000003d
0b88000000000000c2
0b8c000000000000e2
0b9000000000000034
0b9400000000000514
0b9800000000000240
0b9c00000000000049
0ba000000000000251
0ba4000000000003da
0ba8000000000000dd
0bac000000000000d0
0bb000000000000322
0bb400000000000979
0bb800000000000259
0bbc000000000004b2
0bc0000000000002b9
0bc4000000000005aa
0bc80000000000027a
0bcc0000000000039d
0bd0000000000002a2
0bd40000000000055a
0bd8000000000008f2
0bdc000000000000e1
0be000000000000152
0be400000000000028
0be800000000000195
0bec00000000000091
0bf000000000000065
0bf400000000000212
0bf800000000000148
0bfc00000000000032
0c0000000000000140
0c04000000000002dd
0c0800000000000005
0c0c0000000000058d
0c1000000000000122
0c14000000000005ad
0c1800000000000641
0c1c00000000000055
0c20000000000002d5
0c240000000000002d
0c2800000000000161
0c2c00000000000319
0c30000000000000b2
0c3400000000000712
0c3800000000000321
0c3c000000000001bd
0c4000000000000099
0c4400000000000bd9
0c4800000000000051
0c4c00000000000182
0c5000000000000352
0c5400000000000c31
0c58000000000005ea
0c5c00000000000262
0c600000000000046a
0c64000000000005f5
0c680000000000000a
0c6c00000000000215
0c7000000000000019
0c740000000000006a
0c78000000000001ca
0c7c000000000001a9
0c8000000000000854
0c8400000000000020
0c8800000000000704
0c8c00000000000311
0c9000000000000320
0c94000000000000e5
0c9800000000000615
0c9c00000000000005
0ca0000000000000ea
0ca400000000000414
0ca800000000000115
0cac00000000000244
0cb0000000000002fd
0cb4000000000002c8
0cb800000000000074
0cbc000000000003ba
0cc00000000000013a
0cc400000000000088
0cc800000000000735
0ccc00000000000451
0cd000000000000d64
0cd4000000000002c2
0cd80000000000018a
0cdc0000000000073a
0ce000000000000215
0ce400000000000464
0ce800000000000352
0cec00000000000281
0cf000000000000032
0cf400000000000035
0cf8000000000002b1
0cfc000000000006c2
0d00000000000001cd
0d040000000000049d
0d08000000000000f4
0d0c00000000000890
0d10000000000003b9
0d1400000000000dda
0d1800000000000152
0d1c000000000000dd
0d200000000000001d
0d2400000000000502
0d2800000000000082
0d2c00000000000148
0d30000000000000c5
0d3400000000000029
0d380000000000003a
0d3c00000000000132
0d40000000000002d4
0d44000000000002d4
0d48000000000000ad
0d4c000000000001e4
0d50000000000000e8
0d5400000000000500
0d58000000000001dd
0d5c00000000000ab9
0d6000000000000161
0d6400000000000824
0d6800000000000269
0d6c00000000000721
0d7000000000000551
0d74000000000003c5
0d78000000000000e2
0d7c000000000001d2
0d80000000000000e9
0d8400000000000110
0d880000000000027d
0d8c000000000002f2
0d90000000000008c9
0d94000000000007d0
0d98000000000003f2
0d9c00000000000022
0da000000000000239
0da400000000000048
0da80000000000044a
0dac00000000000288
0db000000000000005
0db400000000000ad2
0db8000000000000d4
0dbc00000000000050
0dc00000000000030a
0dc400000000000215
0dc8000000000001e1
0dcc000000000007f2
0dd0000000000003f2
0dd40000000000007d
0dd8000000000004ba
0ddc00000000000020
0de000000000000200
0de400000000000225
0de80000000000007a
0dec00000000000225
0df000000000000308
0df400000000000139
0df800000000000490
0dfc000000000003a4
0e0000000000000061
0e04000000000002b1
0e08000000000000cd
0e0c0000000000075d
0e10000000000002e9
0e1400000000000451
0e1800000000000035
0e1c000000000000f4
0e20000000000000aa
0e24000000000000aa
0e28000000000001a9
0e2c00000000000022
0e3000000000000562
0e34000000000002a4
0e3800000000000ee4
0e3c00000000000014
0e4000000000000190
0e4400000000000244
0e4800000000000595
0e4c00000000000175
0e50000000000000e1
0e54000000000001a8
0e5800000000000b39
0e5c00000000000790
0e6000000000000005
0e6400000000000100
0e6800000000000280
0e6c0000000000001d
0e7000000000000841
0e7400000000000251
0e7800000000000334
0e7c00000000000061
0e80000000000001ea
0e8400000000000425
0e880000000000016d
0e8c00000000000172
0e9000000000000092
0e94000000000000b2
0e9800000000000055
0e9c00000000000032
0ea000000000000895
0ea4000000000007f9
0ea800000000000264
0eac00000000000151
0eb00000000000031d
0eb4000000000002d5
0eb800000000001199
0ebc000000000001bd
0ec000000000000179
0ec40000000000041d
0ec800000000000640
0ecc00000000000050
0ed000000000000a69
0ed400000000000090
0ed8000000000000d4
0edc00000000000589
0ee0000000000000a4
0ee4000000000004d5
0ee8000000000000b9
0eec000000000000e9
0ef0000000000002a1
0ef4000000000002da
0ef800000000000419
0efc000000000000ad
0f000000000000002d
0f0400000000000a52
0f0800000000000875
0f0c000000000001a0
0f1000000000000152
0f1400000000000031
0f18000000000001ba
0f1c000000000000e9
0f200000000000027d
0f2400000000000a68
0f28000000000001b1
0f2c000000000000ca
0f300000000000052d
0f3400000000000bd1
0f38000000000001b1
0f3c00000000000164
0f400000000000005a
0f440000000000001a
0f4800000000000055
0f4c00000000000695
0f5000000000000a69
0f54000000000004b5
0f58000000000001c9
0f5c000000000002c8
0f6000000000000271
0f64000000000000aa
0f680000000000007d
0f6c00000000000172
0f7000000000000602
0f7400000000000120
0f78000000000005e4
0f7c00000000000121
0f8000000000000190
0f84000000000000ca
0f88000000000000f5
0f8c00000000000a8d
0f90000000000004d1
0f9400000000000431
0f9800000000000220
0f9c0000000000027d
0fa000000000000061
0fa400000000000bf5
0fa800000000000109
0fac00000000000082
0fb000000000000274
0fb400000000000644
0fb80000000000022a
0fbc00000000000565
0fc000000000000808
0fc400000000000171
0fc800000000000839
0fcc00000000000212
0fd000000000000112
0fd400000000000455
0fd8000000000000e8
0fdc00000000000089
0fe00000000000009d
0fe400000000000025
0fe800000000000061
0fec00000000000001
0ff0000000000001ba
0ff40000000000010d
0ff80000000000065d
0ffc000000000000d4
1000028f5ba86c4b11
1004000000000004c8
10080000000000040d
100c00000000000251
10100000000000067a
101400000000000094
10180000000000055a
101c00000000000059
102000000000000485
102400000000000332
102800000000000100
102c00000000000094
1030000000000000c8
103400000000000692
103800000000000152
103c000000000002b1
104000000000000092
104400000000000715
104800000000000002
104c000000000000fa
1050000000000002c8
105400000000000374
1058000000000001bd
105c0000000000001a
10600000000000135a
106400000000000209
106800000000000132
106c00000000000029
107000000000000264
107400000000000225
1078000000000003b5
107c000000000000fa
1080000000000001a0
1084000000000001b4
108800000000001459
108c00000000000124
1090000000000003d1
1094000000000001e1
109800000000000329
109c00000000000032
10a0000000000002a8
10a400000000000e92
10a8000000000003d9
10ac00000000000049
10b0000000000000e8
10b4000000000011e5
10b800000000000082
10bc000000000002f2
10c000000000000091
10c4000000000002d4
10c800000000000064
10cc000000000001ed
10d0000000000000f1
10d4000000000000c8
10d80000000000000a
10dc000000000001ed
10e0000000000003c8
10e400000000000350
10e800000000000924
10ec00000000000095
10f000000000000090
10f40000000000070d
10f800000000000272
10fc00000000000308
1100000000000001c2
1104000000000002a1
110800000000000082
110c00000000000061
111000000000000212
11140000000000007d
111800000000000195
111c000000000000d4
112000000000000191
112400000000000035
11280000000000037a
112c000000000002a8
113000000000000209
113400000000000bd2
113800000000000742
113c000000000002c2
114000000000000168
1144000000000008d4
114800000000000061
114c000000000001ea
1150000000000008dd
115400000000000310
115800000000000055
115c00000000000349
116000000000000175
1164000000000005c8
116800000000000372
116c000000000001ba
1170000000000004b5
117400000000000352
117800000000000232
117c00000000000481
118000000000000208
1184000000000000f4
118800000000000091
118c000000000001c2
119000000000000a28
1194000000000002d5
119800000000000050
119c00000000000055
11a00000000000034a
11a4000000000003fd
11a800000000000352
11ac00000000000131
11b0000000000000a0
11b400000000000101
11b80000000000054a
11bc0000000000039d
11c0000000000002d9
11c40000000000052a
11c800000000000065
11cc000000000000da
11d0000000000000aa
11d400000000000425
11d80000000000031d
11dc000000000000a9
11e000000000001232
11e4000000000001b9
11e800000000000281
11ec00000000000025
11f0000000000000e5
11f400000000000aa2
11f8000000000002c5
11fc00000000000368
1200000000000000f5
1204000000000001f4
120800000000000121
120c00000000000202
121000000000000011
121400000000000068
1218000000000000a0
121c000000000002d5
1220000000000005aa
12240000000000007d
122800000000000225
122c00000000000172
123000000000000208
123400000000000574
12380000000000039a
123c000000000000d0
1240000000000001ea
12440000000000019a
1248000000000006e8
124c00000000000961
1250000000000005aa
1254000000000007f4
125800000000000241
125c000000000004a2
126000000000000071
12640000000000007d
126800000000000055
126c000000000000da
127000000000000032
1274000000000000aa
127800000000000472
127c00000000000061
1280000000000001bd
128400000000000602
1288000000000000ad
128c00000000000221
1290000000000000a9
129400000000000132
129800000000000032
129c0000000000043a
12a000000000000019
12a40000000000041d
12a80000000000106d
12ac000000000002f9
12b0000000000001d4
12b400000000000541
12b80000000000045a
12bc000000000001d4
12c000000000000109
12c4000000000004b5
12c80000000000078a
12cc000000000000fa
12d000000000000710
12d400000000000b5d
12d8000000000005f1
12dc00000000000d15
12e000000000000148
12e400000000000281
12e8000000000006a4
12ec000000000005d2
12f000000000000601
12f400000000000010
12f8000000000005a8
12fc000000000001a0
13000000000000007d
130400000000000414
13080000000000034d
130c0000000000028d
1310000000000001e5
1314000000000000ca
131800000000000064
131c000000000001fd
1320000000000002f2
132400000000000110
132800000000000048
132c00000000000448
133000000000000211
1334000000000005a5
13380000000000007d
133c00000000000001
134000000000000440
134400000000000145
134800000000000572
134c0000000000015a
135000000000000e05
135400000000000272
1358000000000000b9
135c000000000005ad
136000000000000510
1364000000000000e2
1368000000000000e5
136c000000000000b9
137000000000000119
1374000000000009cd
137800000000000625
137c000000000004cd
138000000000000479
138400000000000e14
138800000000000589
138c00000000000585
1390000000000010a2
1394000000000006f1
1398000000000006c9
139c000000000000c8
13a000000000000691
13a400000000000b71
13a8000000000001d2
13ac00000000000389
13b0000000000004fa
13b400000000000382
13b800000000000128
13bc0000000000075a
13c0000000000002e9
13c400000000000188
13c8000000000001bd
13cc00000000000104
13d0000000000002da
13d40000000000031d
13d800000000000254
13dc00000000000025
13e000000000000488
13e40000000000000a
13e800000000000014
13ec000000000000dd
13f0000000000004fa
13f400000000000799
13f8000000000005a5
13fc000000000004e4
1400000000000001a9
1404000000000001f4
140800000000000410
140c00000000000019
14100000000000051a
141400000000000271
1418000000000001dd
141c000000000002fd
142000000000000049
1424000000000001c2
1428000000000001a8
142c00000000000244
14300000000000015d
143400000000000679
1438000000000001d4
143c00000000000055
144000000000000208
144400000000000168
14480000000000027d
144c00000000000305
14500000000000057a
145400000000000265
145800000000001289
145c0000000000000d
1460000000000005ea
146400000000000412
14680000000000004a
146c000000000007d0
1470000000000002fd
147400000000000335
147800000000000051
147c00000000000034
14800000000000016a
148400000000000249
148800000000000862
148c00000000000235
149000000000000104
1494000000000002fd
1498000000000000e2
149c00000000000089
14a0000000000003f2
14a400000000000c59
14a8000000000001a9
14ac000000000002e9
14b000000000000225
14b400000000000125
14b800000000000251
14bc00000000000568
14c000000000000041
14c40000000000013a
14c80000000000036d
14cc000000000006f5
14d0000000000000c5
14d40000000000043a
14d800000000000104
14dc0000000000090a
14e0000000000001fd
14e40000000000006a
14e80000000000005a
14ec00000000000090
14f000000000000179
14f4000000000001cd
14f800000000000048
14fc00000000000249
15000000000000015d
150400000000000562
1508000000000000f5
150c0000000000040d
151000000000000059
151400000000000049
151800000000000679
151c00000000000161
1520000000000001e1
15240000000000000d
1528000000000002ba
152c00000000000075
153000000000000590
1534000000000000c5
153800000000000709
153c000000000001f4
1540000000000003a9
154400000000000349
154800000000000151
154c000000000001a8
1550000000000006ad
155400000000000154
155800000000000088
155c0000000000004a
156000000000000109
1564000000000001e1
156800000000000124
156c000000000000c1
157000000000000352
1574000000000004a5
157800000000000522
157c0000000000003a
1580000000000003a0
158400000000000075
158800000000000221
158c000000000001e5
159000000000000b4a
1594000000000004a5
159800000000000145
159c00000000000009
15a000000000000541
15a4000000000000fa
15a800000000000668
15ac000000000002ad
15b0000000000002a1
15b400000000000104
15b8000000000002d4
15bc00000000000244
15c000000000000551
15c400000000000144
15c800000000000232
15cc00000000000388
15d000000000000988
15d400000000000350
15d8000000000004fd
15dc00000000000051
15e000000000000225
15e4000000000000d4
15e800000000000040
15ec00000000000839
15f00000000000054a
15f40000000000021a
15f800000000000384
15fc000000000004a0
1600000000000000ca
160400000000000128
1608000000000003f9
160c00000000000a90
1610000000000003c4
161400000000000384
16180000000000020a
161c00000000000151
1620000000000007aa
1624000000000005ed
1628000000000000aa
162c00000000000319
163000000000000c71
163400000000000601
1638000000000004b2
163c000000000000b5
164000000000000244
164400000000000025
164800000000000329
164c00000000000244
1650000000000000f4
16540000000000045d
1658000000000003a9
165c00000000000451
166000000000000248
1664000000000000dd
166800000000000064
166c00000000000172
167000000000000034
16740000000000081a
1678000000000002d9
167c00000000000221
168000000000000550
1684000000000007f9
1688000000000007c9
168c00000000000109
1690000000000002fd
1694000000000004e2
1698000000000000cd
169c000000000001cd
16a0000000000002c5
16a400000000000031
16a800000000000148
16ac00000000000055
16b000000000000572
16b400000000000590
16b800000000000488
16bc000000000004a0
16c000000000000595
16c4000000000002d5
16c800000000000320
16cc0000000000055a
16d000000000000291
16d40000000000001a
16d800000000000262
16dc00000000000082
16e000000000000065
16e4000000000000f4
16e80000000000002d
16ec00000000000a2a
16f00000000000016a
16f4000000000007b4
16f80000000000006a
16fc00000000000044
17000000000000015a
170400000000000290
170800000000000349
170c0000000000075d
1710000000000000d4
17140000000000015d
1718000000000000dd
171c000000000001e1
172000000000000dd9
172400000000000061
17280000000000027d
172c0000000000063d
173000000000000414
173400000000000628
1738000000000003d0
173c00000000000541
1740000000000005a5
174400000000000361
1748000000000000b2
174c00000000000099
175000000000000502
175400000000000481
1758000000000002ea
175c00000000000334
176000000000000a88
176400000000000029
176800000000000075
176c000000000001c2
177000000000000179
177400000000000601
177800000000000212
177c00000000000140
178000000000000522
1784000000000003e8
1788000000000002a2
178c0000000000018a
179000000000000224
1794000000000001c9
179800000000000451
179c00000000000071
17a000000000000352
17a4000000000002fd
17a8000000000001f9
17ac00000000000104
17b000000000000152
17b400000000000925
17b800000000000019
17bc0000000000087d
17c0000000000008d1
17c4000000000006c2
17c80000000000012a
17cc0000000000080d
17d0000000000001dd
17d4000000000001d4
17d800000000000221
17dc00000000000091
17e0000000000002b9
17e400000000000082
17e8000000000008a2
17ec00000000000454
17f000000000000361
17f4000000000001a8
17f800000000000829
17fc0000000000016a
180000000000000249
180400000000000024
1808000000000006d2
180c000000000001f4
181000000000000032
181400000000000145
181800000000000032
181c00000000000024
182000000000000262
182400000000000288
1828000000000003a8
182c00000000000310
1830000000000000b9
183400000000000a5a
183800000000000029
183c00000000000032
1840000000000007f9
184400000000000274
18480000000000007a
184c00000000000119
185000000000000469
18540000000000049d
185800000000000075
185c000000000004ea
186000000000000519
18640000000000028d
18680000000000002d
186c00000000000124
187000000000000095
187400000000000622
187800000000000249
187c0000000000001d
188000000000000244
188400000000000565
188800000000000235
188c000000000007f9
189000000000000382
1894000000000000b9
189800000000000215
189c00000000000244
18a00000000000024a
18a40000000000057a
18a8000000000000da
18ac0000000000038d
18b0000000000000c5
18b4000000000001ed
18b800000000000650
18bc00000000000199
18c000000000000484
18c40000000000009d
18c800000000000064
18cc000000000001a8
18d000000000000172
18d4000000000000cd
18d800000000000034
18dc00000000000004
18e000000000000319
18e4000000000003e5
18e8000000000004cd
18ec00000000000382
18f0000000000003f1
18f400000000000871
18f80000000000043a
18fc000000000003e8
1900000000000000ea
190400000000000221
19080000000000003d
190c0000000000009d
19100000000000007a
191400000000000761
191800000000000082
191c00000000000099
192000000000000392
192400000000000431
1928000000000001ba
192c000000000005aa
19300000000000009d
1934000000000009a2
193800000000000051
193c000000000000cd
19400000000000001d
1944000000000004ca
1948000000000000c8
194c00000000000199
195000000000000644
1954000000000003ba
1958000000000001a9
195c000000000000b4
1960000000000001a9
196400000000000414
196800000000000305
196c00000000000194
197000000000000ac2
197400000000000374
197800000000000515
197c00000000000589
1980000000000002fd
19840000000000010d
198800000000000955
198c000000000000dd
19900000000000014d
1994000000000004a0
19980000000000013a
199c000000000000da
19a000000000000004
19a400000000000005
19a800000000000209
19ac00000000000382
19b000000000000052
19b400000000000951
19b80000000000039d
19bc000000000001fd
19c000000000000065
19c400000000000b95
19c800000000000068
19cc0000000000002d
19d0000000000007f9
19d40000000000001d
19d8000000000007c5
19dc0000000000010d
19e000000000000161
19e4000000000000cd
19e8000000000001d0
19ec000000000000b4
19f0000000000000c1
19f400000000000195
19f80000000000075d
19fc0000000000036d
1a0000000000000479
1a04000000000000f1
1a0800000000000124
1a0c00000000000068
1a1000000000000019
1a14000000000006f1
1a1800000000000265
1a1c00000000000272
1a2000000000000188
1a2400000000000369
1a2800000000000024
1a2c00000000000479
1a30000000000007c9
1a3400000000000a28
1a3800000000000262
1a3c00000000000091
1a400000000000018d
1a44000000000002bd
1a48000000000002ba
1a4c00000000000179
1a50000000000002fd
1a5400000000000144
1a5800000000000815
1a5c000000000003d5
1a6000000000000212
1a640000000000075d
1a6800000000000334
1a6c00000000000215
1a70000000000006c2
1a7400000000000401
1a7800000000000441
1a7c00000000000a15
1a80000000000000ea
1a8400000000000a28
1a88000000000002d9
1a8c00000000000642
1a90000000000005aa
1a94000000000002f9
1a9800000000000120
1a9c0000000000028a
1aa0000000000000a9
1aa400000000000a5a
1aa80000000000013d
1aac00000000000095
1ab000000000000035
1ab400000000000269
1ab80000000000021d
1abc00000000000144
1ac0000000000002d0
1ac400000000000095
1ac800000000000824
1acc00000000000215
1ad000000000000124
1ad400000000000224
1ad8000000000000e1
1adc000000000001d0
1ae0000000000004e8
1ae4000000000000b9
1ae800000000000044
1aec00000000000004
1af000000000000848
1af4000000000005e9
1af8000000000003c2
1afc00000000000301
1b00000000000008c5
1b0400000000000068
1b08000000000002f2
1b0c000000000003d1
1b100000000000003a
1b1400000000000068
1b18000000000007ed
1b1c000000000001b1
1b2000000000000145
1b2400000000000781
1b2800000000000608
1b2c00000000000465
1b30000000000001d0
1b3400000000000e35
1b3800000000000031
1b3c00000000000190
1b40000000000000a9
1b440000000000007d
1b4800000000000004
1b4c000000000000ca
1b50000000000000d0
1b540000000000000d
1b58000000000000a4
1b5c000000000004a9
1b60000000000008b1
1b64000000000000ad
1b680000000000016a
1b6c000000000004b5
1b7000000000000319
1b74000000000008b1
1b7800000000000805
1b7c00000000000145
1b8000000000000568
1b840000000000009d
1b8800000000000148
1b8c0000000000012a
1b90000000000004e4
1b9400000000000092
1b9800000000000190
1b9c000000000000e5
1ba000000000000221
1ba40000000000013a
1ba800000000000089
1bac0000000000028a
1bb0000000000003c4
1bb400000000000109
1bb80000000000018d
1bbc00000000000502
1bc000000000000275
1bc40000000000005a
1bc800000000000094
1bcc000000000000c5
1bd000000000000400
1bd4000000000001e8
1bd8000000000000f4
1bdc00000000000109
1be000000000000212
1be4000000000002a8
1be8000000000000e1
1bec0000000000033d
1bf0000000000000dd
1bf4000000000006c4
1bf800000000000544
1bfc00000000000414
1c0000000000000082
1c0400000000000431
1c080000000000003d
1c0c00000000000145
1c10000000000000f2
1c1400000000000075
1c1800000000000271
1c1c00000000000005
1c20000000000001b9
1c2400000000000671
1c2800000000000225
1c2c00000000000099
1c30000000000003ca
1c34000000000002ba
1c38000000000005a5
1c3c0000000000027d
1c4000000000000025
1c44000000000004c9
1c48000000000001cd
1c4c00000000000074
1c5000000000000152
1c5400000000000055
1c5800000000000140
1c5c00000000000190
1c6000000000000314
1c640000000000049d
1c680000000000034a
1c6c0000000000052d
1c7000000000000349
1c740000000000005a
1c7800000000000b0a
1c7c0000000000014d
1c80000000000003e8
1c8400000000000492
1c88000000000000a2
1c8c0000000000014d
1c9000000000000208
1c940000000000039d
1c980000000000075d
1c9c00000000000305
1ca000000000000112
1ca4000000000000c2
1ca8000000000002ad
1cac00000000000008
1cb0000000000001e1
1cb400000000000014
1cb80000000000016a
1cbc000000000000f4
1cc0000000000001ba
1cc400000000000122
1cc800000000000721
1ccc000000000000f1
1cd000000000000044
1cd400000000000082
1cd800000000000e42
1cdc0000000000004a
1ce0000000000005b9
1ce40000000000022a
1ce8000000000005c8
1cec00000000000019
1cf000000000000090
1cf400000000000641
1cf8000000000002b9
1cfc0000000000028a
1d000000000000013d
1d04000000000001a9
1d08000000000001ca
1d0c000000000002ea
1d10000000000001f9
1d14000000000006b2
1d1800000000000120
1d1c000000000000c1
1d200000000000034d
1d2400000000000028
1d28000000000001f4
1d2c00000000000212
1d30000000000002b1
1d3400000000000659
1d380000000000027a
1d3c0000000000078a
1d400000000000016a
1d4400000000000194
1d4800000000000479
1d4c00000000000262
1d50000000000000a4
1d540000000000024a
1d580000000000018d
1d5c000000000000c1
1d600000000000002d
1d6400000000000022
1d68000000000001b1
1d6c000000000008a5
1d7000000000000239
1d740000000000013d
1d7800000000000132
1d7c000000000001d2
1d8000000000000419
1d8400000000000500
1d88000000000002f5
1d8c00000000000064
1d90000000000000dd
1d94000000000009fa
1d98000000000005fa
1d9c00000000000314
1da0000000000001bd
1da400000000000334
1da800000000000950
1dac000000000000e8
1db000000000000d81
1db4000000000001ca
1db8000000000000ca
1dbc000000000000a0
1dc00000000000012a
1dc400000000000061
1dc800000000000161
1dcc00000000000024
1dd000000000000362
1dd400000000000075
1dd800000000000034
1ddc00000000000052
1de0000000000002e2
1de400000000000049
1de800000000000908
1dec00000000000389
1df000000000000032
1df4000000000000b5
1df8000000000002ea
1dfc000000000004f4
1e0000000000000115
1e0400000000000019
1e08000000000001ed
1e0c00000000000125
1e1000000000000d21
1e1400000000000075
1e1800000000000199
1e1c00000000000734
1e2000000000000590
1e24000000000000aa
1e2800000000000465
1e2c00000000000362
1e300000000000032a
1e3400000000000040
1e3800000000000208
1e3c00000000000190
1e4000000000000388
1e44000000000000a4
1e48000000000002b9
1e4c000000000001bd
1e5000000000000019
1e54000000000002a2
1e5800000000000485
1e5c00000000000040
1e6000000000000071
1e6400000000000132
1e68000000000001b4
1e6c0000000000007d
1e70000000000009c5
1e7400000000000259
1e7800000000000248
1e7c00000000000259
1e8000000000000048
1e84000000000002b9
1e88000000000001f9
1e8c000000000000aa
1e90000000000004d2
1e94000000000004e2
1e9800000000000221
1e9c000000000006a0
1ea000000000000179
1ea40000000000048d
1ea8000000000003da
1eac00000000000099
1eb000000000000d25
1eb4000000000001bd
1eb8000000000000f5
1ebc000000000000f1
1ec00000000000065d
1ec400000000000115
1ec800000000000140
1ecc000000000005d2
1ed0000000000007d5
1ed400000000000024
1ed8000000000000b4
1edc00000000000145
1ee000000000000728
1ee400000000000025
1ee80000000000015d
1eec00000000000259
1ef000000000000019
1ef4000000000003fa
1ef80000000000027d
1efc000000000002b1
1f00000000000002ad
1f0400000000000244
1f08000000000001bd
1f0c00000000000064
1f10000000000000b4
1f1400000000000291
1f18000000000000c2
1f1c00000000000131
1f2000000000000a91
1f24000000000000ea
1f28000000000002d5
1f2c00000000000500
1f3000000000000585
1f34000000000003ad
1f38000000000000b9
1f3c00000000000572
1f400000000000003a
1f440000000000021a
1f4800000000000049
1f4c000000000000f1
1f5000000000000139
1f5400000000000029
1f58000000000004b1
1f5c00000000000052
1f6000000000000431
1f64000000000000ea
1f6800000000000091
1f6c00000000000190
1f7000000000000650
1f740000000000007a
1f7800000000000122
1f7c000000000000e5
1f8000000000000048
1f8400000000000664
1f88000000000000e1
1f8c000000000001c1
1f9000000000000361
1f9400000000000019
1f9800000000000514
1f9c000000000002b9
1fa000000000000265
1fa400000000000055
1fa8000000000000c1
1fac0000000000024a
1fb000000000000384
1fb40000000000088a
1fb80000000000016a
1fbc000000000002e9
1fc000000000000028
1fc400000000000511
1fc800000000000425
1fcc00000000000288
1fd000000000000574
1fd4000000000006f1
1fd800000000001450
1fdc000000000001e5
1fe0000000000000c5
1fe4000000000008bd
1fe8000000000009a9
1fec00000000000035
1ff0000000000003f2
1ff4000000000000dd
1ff800000000001645
1ffc00000000000048
2000000000000006f5
200400000000000628
200800000000000409
200c00000000000541
20100000000000063a
201400000000000132
2018000000000006f4
201c00000000000505
20200000000000007d
202400000000000374
202800000000000168
202c000000000003e8
2030000000000000aa
2034000000000000b2
2038000000000001ba
203c000000000000a9
204000000000000652
2044000000000000a9
2048000000000000a2
204c00000000000334
2050000000000001a8
205400000000000328
205800000000000505
205c00000000000050
20600000000000005a
2064000000000006e5
206800000000000622
206c00000000000041
207000000000000350
2074000000000004c1
207800000000000505
207c00000000000352
208000000000000190
208400000000000172
2088000000000002d5
208c00000000000128
2090000000000001e5
209400000000000199
20980000000000052d
209c00000000000154
20a000000000000414
20a4000000000003c2
20a80000000000087d
20ac000000000003a9
20b00000000000006a
20b400000000000519
20b8000000000000b2
20bc00000000000064
20c0000000000003a9
20c400000000000642
20c8000000000001c2
20cc00000000000169
20d000000000000589
20d4000000000001d4
20d80000000000030a
20dc000000000003d1
20e0000000000001a0
20e400000000000568
20e800000000000274
20ec00000000000075
20f00000000000004a
20f400000000000bb5
20f800000000000052
20fc000000000003a0
2100000000000003ca
21040000000000053d
210800000000000622
210c000000000000dd
2110000000000002a4
211400000000000215
2118000000000004d1
211c00000000000320
2120000000000002d5
212400000000000589
212800000000000050
212c000000000000c8
213000000000000211
2134000000000008ba
213800000000000542
213c00000000000464
21400000000000005a
2144000000000000d0
2148000000000002ad
214c00000000000368
215000000000000341
2154000000000001e4
215800000000000465
215c00000000000449
216000000000000721
216400000000000882
216800000000000802
216c00000000000414
217000000000000311
217400000000000052
2178000000000003da
217c000000000001b1
218000000000000128
21840000000000012a
2188000000000001a5
218c00000000000028
2190000000000003a4
219400000000000059
2198000000000006c2
219c000000000000cd
21a0000000000000c2
21a40000000000007d
21a8000000000001c2
21ac00000000000715
21b0000000000002a2
21b400000000000055
21b800000000000104
21bc000000000001c1
21c0000000000000a9
21c4000000000002e4
21c800000000000091
21cc000000000001ea
21d0000000000003ba
21d40000000000018d
21d800000000000191
21dc00000000000389
21e0000000000008a2
21e400000000000249
21e8000000000000b9
21ec00000000000431
21f000000000000005
21f40000000000083a
21f800000000000275
21fc000000000000c2
220000000000000249
22040000000000015a
220800000000000965
220c0000000000003a
2210000000000007d9
2214000000000003c2
2218000000000004ca
221c0000000000049d
222000000000000232
222400000000000211
2228000000000001a5
222c00000000000012
2230000000000000aa
2234000000000008a8
223800000000000650
223c0000000000000a
224000000000000122
224400000000000262
224800000000000088
224c00000000000235
2250000000000001e4
225400000000000052
225800000000000191
225c000000000001d4
22600000000000076d
226400000000000749
22680000000000009d
226c0000000000020a
227000000000000b14
2274000000000001d4
2278000000000000aa
227c0000000000015d
228000000000000875
228400000000000082
2288000000000004d5
228c00000000000311
229000000000000479
229400000000000682
229800000000000262
229c00000000000412
22a000000000000225
22a4000000000004ed
22a800000000000199
22ac000000000001bd
22b0000000000000e8
22b400000000000749
22b800000000000128
22bc0000000000042a
22c0000000000000b5
22c4000000000001dd
22c800000000000892
22cc000000000007d0
22d0000000000002e4
22d40000000000002d
22d800000000000385
22dc00000000000721
22e0000000000009c8
22e4000000000002e9
22e800000000000112
22ec00000000000132
22f0000000000000dd
22f400000000000bc8
22f800000000000010
22fc00000000000950
230000000000000971
23040000000000012a
2308000000000000e5
230c00000000000195
231000000000000151
23140000000000034a
231800000000000184
231c0000000000001d
2320000000000011c8
232400000000000154
2328000000000001b4
232c00000000000110
233000000000000a69
233400000000000385
2338000000000002dd
233c0000000000016d
234000000000000482
2344000000000002d5
2348000000000002e4
234c00000000000352
23500000000000014d
235400000000000242
235800000000000055
235c00000000000851
2360000000000000e2
236400000000000464
2368000000000004e1
236c0000000000016d
23700000000000048d
237400000000000101
237800000000000215
237c00000000000269
238000000000000061
2384000000000000c8
238800000000000025
238c00000000000061
23900000000000060a
2394000000000006d1
2398000000000001a9
239c000000000004a8
23a000000000000249
23a400000000000119
23a80000000000000a
23ac0000000000007d
23b000000000000384
23b400000000000412
23b8000000000000f4
23bc00000000000032
23c00000000000001d
23c4000000000001d4
23c800000000000131
23cc00000000000164
23d000000000000374
23d40000000000003d
23d80000000000022a
23dc00000000000469
23e000000000000974
23e40000000000001a
23e8000000000006e8
23ec0000000000000d
23f0000000000001e2
23f400000000000145
23f800000000000561
23fc0000000000076a
24000000000000060d
24040000000000005a
240800000000000092
240c00000000000075
24100000000000004a
241400000000000075
241800000000000049
241c00000000000131
242000000000000451
24240000000000005a
242800000000000052
242c00000000000128
243000000000000ee1
243400000000000099
243800000000000572
243c0000000000000d
244000000000000388
2444000000000003f2
2448000000000002c5
244c000000000004d9
245000000000000068
245400000000000ae5
24580000000000000d
245c00000000000061
246000000000000254
2464000000000002a8
24680000000000037a
246c00000000000014
247000000000000005
2474000000000002a1
24780000000000106d
247c000000000000e2
248000000000000032
2484000000000000a9
248800000000000242
248c00000000000191
2490000000000002ba
2494000000000002a5
2498000000000000c2
249c00000000000121
24a00000000000003a
24a40000000000028d
24a80000000000034d
24ac000000000003f9
24b0000000000005ed
24b4000000000001bd
24b800000000000829
24bc00000000000010
24c0000000000001b9
24c400000000000248
24c8000000000009f1
24cc0000000000025d
24d0000000000002d5
24d400000000000094
24d800000000000410
24dc0000000000000a
24e000000000000059
24e4000000000000c4
24e80000000000096a
24ec000000000003e8
24f0000000000000ad
24f400000000000271
24f800000000000208
24fc0000000000039d
25000000000000048d
2504000000000000ea
250800000000000105
250c00000000000075
251000000000000271
2514000000000000e1
25180000000000006d
251c00000000000029
252000000000000321
25240000000000007d
2528000000000001c4
252c00000000000095
25300000000000003a
2534000000000000e5
2538000000000002ad
253c00000000000a28
2540000000000001fd
254400000000000131
2548000000000001ed
254c00000000000022
25500000000000000d
255400000000000584
25580000000000091a
255c0000000000037a
256000000000000035
25640000000000049d
256800000000000110
256c00000000000019
2570000000000007e4
25740000000000013d
257800000000000032
257c00000000000244
258000000000000694
258400000000001081
258800000000000511
258c0000000000001d
2590000000000001ba
259400000000000121
259800000000000221
259c00000000000715
25a000000000000249
25a40000000000021a
25a800000000000384
25ac000000000000a9
25b000000000000091
25b400000000000440
25b800000000000372
25bc00000000000ba4
25c000000000000cf1
25c4000000000000fa
25c800000000000368
25cc000000000002f2
25d000000000000020
25d400000000000002
25d8000000000001b1
25dc00000000000371
25e0000000000003d9
25e400000000000848
25e8000000000001a8
25ec000000000002d9
25f0000000000003d4
25f400000000000190
25f800000000000514
25fc000000000002d4
26000000000000000a
2604000000000000d4
260800000000000185
260c00000000000148
261000000000000488
2614000000000003c4
2618000000000000c2
261c000000000000cd
262000000000000002
262400000000000049
262800000000000650
262c00000000000119
263000000000000215
2634000000000005f5
263800000000000ee8
263c000000000002d5
26400000000000003a
264400000000000659
264800000000000145
264c00000000000040
265000000000000020
265400000000000521
265800000000000131
265c00000000000321
266000000000000122
266400000000000291
266800000000000068
266c000000000001b4
267000000000000168
267400000000000a90
2678000000000006f5
267c00000000000401
268000000000000548
2684000000000001e1
26880000000000028d
268c000000000006c5
2690000000000005e9
26940000000000018a
269800000000000321
269c00000000000095
26a000000000000001
26a40000000000002d
26a8000000000009aa
26ac00000000000055
26b000000000000182
26b4000000000000e2
26b8000000000000aa
26bc000000000000c2
26c000000000000951
26c400000000000791
26c800000000000074
26cc000000000003fa
26d000000000000049
26d4000000000001d4
26d800000000000412
26dc000000000007aa
26e0000000000001c9
26e400000000000248
26e80000000000000d
26ec000000000000fa
26f0000000000000fa
26f400000000000124
26f800000000000062
26fc00000000000242
270000000000000e34
2704000000000006f4
270800000000000359
270c000000000001a9
271000000000000122
271400000000000101
27180000000000009d
271c00000000000161
272000000000000221
272400000000000721
272800000000000249
272c00000000000151
2730000000000001a0
2734000000000002a8
2738000000000005e4
273c0000000000036d
274000000000000075
2744000000000002d5
274800000000000014
274c00000000000479
275000000000000082
2754000000000002f9
275800000000000244
275c00000000000212
276000000000000124
276400000000000565
27680000000000015d
276c00000000000208
277000000000000091
277400000000000049
2778000000000003da
277c000000000002e2
2780000000000000ea
27840000000000022a
2788000000000000a2
278c0000000000028a
279000000000000362
279400000000000565
279800000000000455
279c00000000000071
27a0000000000001a0
27a400000000000075
27a800000000000cf1
27ac00000000000082
27b00000000000031a
27b4000000000000a9
27b800000000000389
27bc0000000000014d
27c0000000000002f5
27c400000000000652
27c800000000000254
27cc000000000001b1
27d000000000000105
27d4000000000004ca
27d800000000000215
27dc000000000004b1
27e000000000000005
27e400000000000710
27e800000000000472
27ec0000000000005a
27f0000000000005bd
27f40000000000034a
27f800000000000251
27fc0000000000015a
280000000000000131
280400000000000088
2808000000000002ba
280c00000000000028
2810000000000002e2
2814000000000003b9
2818000000000001b4
281c00000000000488
282000000000000248
2824000000000001ba
282800000000000254
282c00000000000034
28300000000000014d
283400000000000112
283800000000000091
283c00000000000514
284000000000000071
28440000000000006a
28480000000000003a
284c000000000000e9
28500000000000003d
2854000000000004d9
28580000000000039d
285c00000000000190
2860000000000000f5
286400000000000019
2868000000000001ed
286c00000000000052
28700000000000016d
287400000000000c62
2878000000000000a9
287c0000000000003d
288000000000000104
28840000000000001d
288800000000000051
288c00000000000041
289000000000000264
2894000000000003a9
289800000000000371
289c0000000000003a
28a0000000000000ea
28a400000000000472
28a800000000000208
28ac00000000000041
28b000000000000025
28b4000000000000ad
28b800000000000184
28bc00000000000131
28c000000000000068
28c4000000000003d1
28c800000000000092
28cc0000000000005a
28d000000000000472
28d4000000000000b9
28d8000000000000a0
28dc0000000000015a
28e000000000000151
28e4000000000000e5
28e800000000000075
28ec000000000002f2
28f0000000000002ad
28f400000000000005
28f8000000000001ba
28fc00000000000388
29000000000000019a
29040000000000055d
290800000000000515
290c000000000000b9
291000000000000140
291400000000000521
2918000000000001c4
291c00000000000469
292000000000000482
292400000000000615
292800000000000264
292c00000000000152
293000000000000311
293400000000000122
293800000000000215
293c000000000000f5
2940000000000005b9
29440000000000005a
294800000000000024
294c0000000000038d
29500000000000046a
295400000000000352
29580000000000013d
295c00000000000164
296000000000000101
2964000000000004a2
2968000000000007f9
296c0000000000004a
2970000000000004a2
297400000000000820
297800000000000445
297c0000000000039d
2980000000000000ad
298400000000000321
298800000000000041
298c000000000002e9
299000000000000091
299400000000000144
299800000000000548
299c00000000000040
29a000000000000184
29a4000000000005ed
29a800000000000179
29ac0000000000042a
29b0000000000000a4
29b40000000000007d
29b800000000000275
29bc00000000000095
29c0000000000000e5
29c40000000000052d
29c8000000000000e8
29cc0000000000013d
29d00000000000040d
29d4000000000001a9
29d800000000000121
29dc000000000004cd
29e000000000000249
29e4000000000008e1
29e80000000000030a
29ec00000000000074
29f000000000000349
29f40000000000001d
29f800000000000001
29fc00000000000251
2a0000000000000389
2a04000000000004a9
2a0800000000000068
2a0c00000000000584
2a1000000000000061
2a1400000000001381
2a1800000000000179
2a1c00000000000088
2a2000000000000208
2a24000000000000b9
2a28000000000001e2
2a2c00000000000269
2a300000000000014d
2a34000000000005c4
2a38000000000003e8
2a3c00000000000099
2a4000000000000001
2a44000000000007fd
2a48000000000000ca
2a4c000000000002e9
2a5000000000000281
2a54000000000001d2
2a5800000000000a75
2a5c00000000000401
2a6000000000000128
2a6400000000000109
2a6800000000000202
2a6c000000000000b9
2a70000000000005d4
2a7400000000000059
2a7800000000000185
2a7c000000000000e1
2a8000000000000248
2a8400000000000244
2a8800000000000481
2a8c00000000000272
2a900000000000094a
2a94000000000000dd
2a9800000000000280
2a9c00000000000262
2aa000000000000005
2aa400000000000032
2aa8000000000000a9
2aac000000000001a9
2ab000000000000eed
2ab40000000000016d
2ab8000000000001e5
2abc00000000000352
2ac000000000000868
2ac400000000000b1d
2ac8000000000002c8
2acc000000000003a9
2ad000000000000388
2ad400000000000152
2ad8000000000000cd
2adc000000000000ca
2ae0000000000003a0
2ae4000000000000b5
2ae8000000000001ba
2aec00000000000384
2af0000000000001ba
2af4000000000005b9
2af80000000000012a
2afc00000000000051
2b00000000000006d1
2b0400000000000052
2b08000000000001c4
2b0c0000000000015d
2b1000000000000202
2b1400000000000020
2b18000000000001dd
2b1c00000000000055
2b20000000000002d5
2b2400000000000041
2b2800000000000088
2b2c00000000000249
2b3000000000000064
2b3400000000000401
2b38000000000003c5
2b3c00000000000164
2b40000000000005b9
2b4400000000000179
2b48000000000004b2
2b4c000000000000aa
2b5000000000000008
2b5400000000000ccd
2b58000000000005c4
2b5c00000000000311
2b600000000000021d
2b6400000000000161
2b6800000000000400
2b6c00000000000151
2b7000000000000d39
2b7400000000000051
2b78000000000008e9
2b7c00000000000105
2b80000000000006f4
2b8400000000000951
2b88000000000000da
2b8c00000000000232
2b9000000000000374
2b94000000000003a8
2b9800000000000650
2b9c00000000000585
2ba000000000000895
2ba40000000000029a
2ba800000000000c41
2bac00000000000794
2bb0000000000005d2
2bb4000000000006b9
2bb8000000000000f5
2bbc000000000001ba
2bc000000000000089
2bc40000000000020a
2bc8000000000003c2
2bcc00000000001069
2bd00000000000029a
2bd4000000000000ea
2bd80000000000039a
2bdc000000000003a1
2be0000000000000f2
2be4000000000002a8
2be8000000000001f9
2bec0000000000001d
2bf0000000000005e9
2bf4000000000000aa
2bf8000000000001d0
2bfc000000000000e2
2c00000000000000a4
2c04000000000008a5
2c0800000000000589
2c0c000000000001a9
2c1000000000000272
2c14000000000005a5
2c1800000000000275
2c1c0000000000049d
2c20000000000006b9
2c24000000000000b5
2c2800000000000115
2c2c000000000002dd
2c30000000000003f2
2c340000000000031a
2c38000000000007e1
2c3c0000000000013d
2c4000000000000169
2c44000000000002c5
2c4800000000000091
2c4c00000000000022
2c500000000000032a
2c5400000000000179
2c58000000000000fa
2c5c00000000000082
2c6000000000000562
2c64000000000001fd
2c680000000000005a
2c6c000000000000a9
2c7000000000000281
2c7400000000000032
2c78000000000004e2
2c7c0000000000007d
2c80000000000001f4
2c8400000000000424
2c8800000000000128
2c8c0000000000033d
2c9000000000000750
2c94000000000002f5
2c9800000000000049
2c9c00000000000385
2ca0000000000000b2
2ca4000000000003e8
2ca800000000000055
2cac00000000000c14
2cb000000000000649
2cb400000000000308
2cb800000000000050
2cbc0000000000028a
2cc0000000000001ba
2cc400000000000334
2cc800000000000059
2ccc000000000001e1
2cd0000000000000a4
2cd400000000000032
2cd8000000000003c2
2cdc000000000000aa
2ce00000000000063d
2ce400000000000388
2ce800000000000382
2cec00000000000075
2cf00000000000045a
2cf400000000000919
2cf800000000000199
2cfc000000000002ba
2d00000000000002b9
2d04000000000004fd
2d08000000000000c8
2d0c000000000001f4
2d1000000000000025
2d1400000000000b5a
2d1800000000000242
2d1c0000000000001d
2d2000000000000145
2d24000000000001c2
2d2800000000000082
2d2c00000000000124
2d3000000000000655
2d3400000000000151
2d380000000000001a
2d3c000000000000c2
2d4000000000000140
2d4400000000000254
2d48000000000001bd
2d4c00000000000028
2d50000000000002a8
2d5400000000000064
2d58000000000002f5
2d5c00000000000169
2d6000000000000559
2d6400000000000c88
2d6800000000000051
2d6c00000000000589
2d70000000000005f1
2d740000000000006d
2d78000000000007ea
2d7c0000000000013a
2d8000000000000131
2d8400000000000068
2d8800000000000529
2d8c000000000001c2
2d900000000000092d
2d9400000000000374
2d980000000000032a
2d9c000000000000aa
2da0000000000006c9
2da4000000000003a8
2da80000000000037a
2dac00000000000020
2db00000000000048d
2db4000000000001d2
2db8000000000000a0
2dbc00000000000068
2dc00000000000028a
2dc40000000000057d
2dc8000000000000b9
2dcc000000000001c2
2dd0000000000001ca
2dd4000000000000e5
2dd8000000000001e2
2ddc000000000001b4
2de000000000000154
2de4000000000000ad
2de800000000000542
2dec00000000000035
2df000000000000374
2df4000000000008e1
2df800000000000244
2dfc00000000000254
2e0000000000000079
2e04000000000000b5
2e0800000000000a99
2e0c000000000001f9
2e1000000000000321
2e1400000000000145
2e1800000000000275
2e1c00000000000004
2e2000000000000092
2e240000000000039a
2e2800000000000951
2e2c00000000000652
2e30000000000000fa
2e3400000000000154
2e38000000000007e4
2e3c00000000000434
2e4000000000000120
2e4400000000000224
2e4800000000000041
2e4c000000000003a9
2e50000000000002a1
2e5400000000000484
2e5800000000000145
2e5c00000000000000
2e60000000000001ed
2e6400000000000034
2e6800000000000440
2e6c000000000002c5
2e7000000000000319
2e74000000000002e9
2e7800000000000024
2e7c00000000000025
2e800000000000052a
2e840000000000010d
2e8800000000000061
2e8c00000000000152
2e90000000000004b2
2e94000000000000b2
2e9800000000000319
2e9c000000000008a2
2ea000000000000115
2ea4000000000000a9
2ea800000000000190
2eac000000000002ad
2eb000000000000179
2eb40000000000064d
2eb800000000000291
2ebc00000000000349
2ec000000000000215
2ec40000000000039d
2ec800000000000020
2ecc00000000000384
2ed0000000000000cd
2ed400000000000010
2ed800000000000064
2edc000000000004ed
2ee000000000000844
2ee40000000000014d
2ee800000000000561
2eec00000000000145
2ef00000000000001d
2ef40000000000022a
2ef800000000000009
2efc00000000000071
2f000000000000021d
2f0400000000000352
2f0800000000000119
2f0c00000000000640
2f10000000000000da
2f1400000000000059
2f18000000000002da
2f1c0000000000003d
2f200000000000084d
2f2400000000000124
2f28000000000003fd
2f2c00000000000382
2f30000000000004c1
2f34000000000003ad
2f3800000000000215
2f3c00000000000048
2f4000000000000152
2f4400000000000832
2f4800000000000599
2f4c00000000000065
2f50000000000000b5
2f5400000000000265
2f5800000000000355
2f5c00000000000424
2f6000000000000271
2f640000000000030a
2f6800000000000121
2f6c00000000000022
2f7000000000000492
2f74000000000001b4
2f7800000000000008
2f7c00000000000131
2f80000000000002a8
2f84000000000002f2
2f88000000000000e1
2f8c0000000000018d
2f900000000000040d
2f9400000000000541
2f9800000000000128
2f9c000000000001f9
2fa00000000000013d
2fa4000000000001b9
2fa800000000000191
2fac0000000000006a
2fb000000000000124
2fb4000000000001d0
2fb80000000000005a
2fbc000000000001bd
2fc000000000000568
2fc400000000000071
2fc800000000000035
2fcc000000000004ca
2fd000000000000202
2fd4000000000000c1
2fd8000000000001d0
2fdc00000000000af9
2fe00000000000058d
2fe400000000000749
2fe80000000000021d
2fec00000000000001
2ff0000000000001c2
2ff400000000000ef1
2ff8000000000001ed
2ffc000000000005c4
300000000000000151
300400000000000388
3008000000000000b9
300c00000000000059
3010000000000003c2
301400000000000090
301800000000000172
301c00000000000271
302000000000000025
302400000000000242
302800000000000990
302c00000000000544
303000000000000244
3034000000000005aa
303800000000000c1a
303c00000000000145
3040000000000002da
304400000000000225
304800000000000052
304c000000000001ea
305000000000000368
305400000000000124
305800000000000311
305c00000000000122
30600000000000007a
306400000000000781
3068000000000005d2
306c000000000000e1
307000000000000784
307400000000000059
30780000000000001d
307c00000000000982
308000000000000250
3084000000000002a8
3088000000000000f1
308c00000000000164
3090000000000002ad
309400000000000cd5
3098000000000000c5
309c0000000000012a
30a000000000000240
30a40000000000007a
30a800000000000055
30ac00000000000179
30b000000000000104
30b400000000000e45
30b80000000000001a
30bc00000000000542
30c0000000000001ed
30c4000000000001d0
30c800000000000088
30cc00000000000241
30d00000000000022d
30d4000000000002c8
30d80000000000029a
30dc00000000000735
30e000000000000490
30e4000000000000c8
30e8000000000003c4
30ec000000000000e5
30f0000000000001f4
30f4000000000002a5
30f8000000000003ba
30fc00000000000200
310000000000000022
310400000000000371
310800000000000272
310c00000000000681
311000000000000372
311400000000000121
311800000000000239
311c00000000000184
312000000000000019
31240000000000036d
31280000000000042a
312c00000000000608
313000000000000469
31340000000000024a
3138000000000004e2
313c000000000002da
3140000000000001b4
314400000000000874
314800000000000019
314c00000000000112
3150000000000002c5
315400000000000220
3158000000000004bd
315c0000000000015d
316000000000000139
316400000000000184
31680000000000018a
316c0000000000018a
317000000000000005
317400000000000332
3178000000000000aa
317c00000000000369
318000000000000590
3184000000000003d0
31880000000000031d
318c0000000000044a
319000000000000220
319400000000000401
319800000000000154
319c00000000000051
31a0000000000000c2
31a400000000000009
31a80000000000003a
31ac000000000002e9
31b0000000000002d4
31b400000000000121
31b800000000000522
31bc00000000000195
31c000000000000451
31c400000000000082
31c8000000000003b5
31cc00000000000022
31d00000000000083a
31d400000000000171
31d800000000000179
31dc00000000000089
31e00000000000006a
31e40000000000070d
31e800000000000019
31ec0000000000061d
31f000000000000909
31f4000000000002ea
31f8000000000009a1
31fc00000000000794
3200000000000000cd
3204000000000004a0
320800000000000355
320c00000000000dda
3210000000000000f5
3214000000000005e4
3218000000000005b4
321c00000000000221
3220000000000001ba
3224000000000001e1
3228000000000001a5
322c00000000000132
323000000000000064
3234000000000003c4
32380000000000090a
323c00000000000404
324000000000000772
3244000000000003ca
324800000000000a28
324c00000000000311
3250000000000001d2
325400000000000128
3258000000000000a9
325c0000000000076a
326000000000000009
326400000000000d41
326800000000000199
326c00000000000002
32700000000000022a
3274000000000000e2
327800000000000022
327c00000000000349
328000000000000131
32840000000000031a
328800000000000735
328c000000000000c1
3290000000000002b1
3294000000000005f2
329800000000000022
329c00000000000482
32a0000000000001b9
32a400000000000145
32a80000000000048d
32ac000000000004b1
32b000000000000104
32b400000000001f81
32b80000000000007a
32bc00000000000548
32c00000000000002d
32c400000000000019
32c80000000000019a
32cc000000000000fa
32d000000000000110
32d4000000000005f5
32d800000000000895
32dc00000000000235
32e0000000000003d0
32e400000000000175
32e8000000000001a0
32ec0000000000006a
32f000000000000385
32f400000000000590
32f800000000000068
32fc00000000000140
3300000000000001a9
3304000000000000c8
330800000000000221
330c000000000000dd
33100000000000039d
331400000000000352
331800000000000064
331c000000000004d5
332000000000000382
332400000000000488
3328000000000000e8
332c000000000002a8
3330000000000002dd
333400000000000419
333800000000000209
333c000000000003d1
334000000000000404
334400000000000215
334800000000000262
334c0000000000028a
3350000000000001e5
33540000000000073a
3358000000000003b5
335c000000000002d5
3360000000000002d4
3364000000000002f2
336800000000000091
336c000000000001e5
33700000000000052d
3374000000000002c5
337800000000000131
337c00000000000115
33800000000000002d
3384000000000004f4
338800000000000451
338c000000000002b9
339000000000000262
33940000000000048d
339800000000000029
339c00000000000090
33a000000000000019
33a4000000000001ed
33a8000000000000e2
33ac000000000001c9
33b00000000000012a
33b400000000000522
33b8000000000002a8
33bc000000000000e2
33c0000000000002b9
33c400000000000410
33c800000000000589
33cc000000000002b4
33d000000000000052
33d400000000000145
33d800000000000310
33dc000000000000cd
33e0000000000000d0
33e400000000000082
33e800000000000244
33ec000000000000c1
33f000000000000112
33f40000000000033d
33f800000000000685
33fc00000000000308
340000000000000051
340400000000000d00
3408000000000001b4
340c00000000000041
3410000000000004e2
34140000000000006d
3418000000000000e1
341c0000000000015d
342000000000000109
3424000000000002f2
342800000000000464
342c00000000000154
343000000000000059
343400000000000541
3438000000000001e8
343c00000000000251
344000000000000240
344400000000000d34
344800000000000369
344c000000000000e1
345000000000000272
34540000000000084d
3458000000000004b5
345c000000000000ad
3460000000000001ca
346400000000000122
3468000000000005f2
346c00000000000050
34700000000000094d
347400000000000011
347800000000000695
347c000000000000a0
34800000000000051a
3484000000000000cd
34880000000000018a
348c00000000000041
349000000000000028
34940000000000069d
34980000000000006a
349c000000000002fd
34a0000000000002f2
34a400000000000061
34a8000000000001a9
34ac00000000000099
34b0000000000004c9
34b400000000000c41
34b800000000000089
34bc000000000000a0
34c00000000000033d
34c400000000000132
34c80000000000000d
34cc0000000000039d
34d0000000000005bd
34d4000000000000c2
34d800000000000574
34dc00000000000172
34e0000000000000dd
34e400000000000172
34e80000000000013a
34ec00000000000248
34f000000000000109
34f4000000000005b9
34f800000000000088
34fc00000000000369
3500000000000004cd
3504000000000004b2
350800000000000171
350c000000000003ad
351000000000000041
351400000000000071
351800000000000005
351c00000000000095
352000000000000321
352400000000000569
3528000000000000aa
352c000000000000a9
353000000000000004
3534000000000008c9
3538000000000001c9
353c00000000000224
354000000000000011
3544000000000005bd
354800000000000521
354c00000000000164
355000000000000125
3554000000000005e4
355800000000000064
355c00000000000032
3560000000000004ed
3564000000000002fd
356800000000000a84
356c00000000000521
3570000000000003c2
3574000000000005b9
35780000000000032a
357c00000000000352
358000000000000140
358400000000000009
358800000000000761
358c000000000005b9
35900000000000022a
3594000000000000e1
3598000000000005c9
359c000000000001cd
35a0000000000000b9
35a400000000000022
35a800000000000010
35ac0000000000006d
35b0000000000005f1
35b400000000000154
35b8000000000003e8
35bc00000000000244
35c000000000000249
35c400000000000a00
35c80000000000004a
35cc00000000000454
35d0000000000003a8
35d400000000000184
35d800000000000131
35dc000000000006b9
35e000000000000001
35e4000000000002b4
35e800000000000010
35ec00000000000319
35f000000000000272
35f40000000000020a
35f800000000000184
35fc000000000002a8
360000000000000322
360400000000000080
360800000000000235
360c000000000004a0
3610000000000001f4
3614000000000003d4
361800000000000352
361c000000000002dd
3620000000000000aa
362400000000000061
362800000000000692
362c000000000003e5
363000000000000355
363400000000000075
363800000000000232
363c00000000000121
3640000000000005c8
364400000000000075
3648000000000005d1
364c00000000000124
365000000000000064
365400000000000065
3658000000000004e1
365c00000000000349
366000000000000044
3664000000000000b9
366800000000000034
366c000000000000da
3670000000000004c4
3674000000000004e2
367800000000000059
367c00000000000291
3680000000000002d0
3684000000000005f5
368800000000000049
368c00000000000005
369000000000000019
36940000000000027a
369800000000000055
369c000000000000ad
36a0000000000001ed
36a4000000000002f9
36a8000000000001c4
36ac00000000000121
36b0000000000005fa
36b400000000000104
36b8000000000001b4
36bc000000000001f4
36c00000000000007d
36c4000000000003c5
36c800000000000388
36cc000000000000c2
36d0000000000003d9
36d40000000000003a
36d80000000000020a
36dc0000000000019a
36e000000000000465
36e400000000000384
36e80000000000034d
36ec000000000000ea
36f0000000000000c2
36f4000000000004e4
36f8000000000001ea
36fc00000000000608
37000000000000006a
370400000000000590
37080000000000003d
370c00000000000139
371000000000000448
3714000000000001ed
371800000000000035
371c000000000001a9
37200000000000016d
372400000000000419
372800000000000091
372c00000000000239
373000000000000014
3734000000000005a0
373800000000000128
373c000000000001a5
3740000000000001e5
3744000000000001e5
3748000000000000da
374c00000000000781
37500000000000019a
375400000000000e19
375800000000000632
375c00000000000000
376000000000000650
376400000000000055
3768000000000002a1
376c00000000000122
377000000000000569
377400000000000319
377800000000000772
377c00000000000464
37800000000000015a
378400000000000544
37880000000000029a
378c00000000000442
379000000000000148
379400000000000055
3798000000000008d1
379c00000000000011
37a000000000000502
37a400000000000971
37a80000000000001d
37ac000000000001d0
37b0000000000002da
37b4000000000000b9
37b80000000000091d
37bc00000000000041
37c00000000000079d
37c40000000000005a
37c80000000000034a
37cc00000000000465
37d000000000000419
37d400000000000920
37d80000000000009d
37dc00000000000281
37e00000000000080d
37e400000000000082
37e8000000000000fa
37ec000000000000d0
37f00000000000007d
37f400000000000224
37f800000000000b39
37fc0000000000081a
380000000000000919
380400000000000264
3808000000000007ea
380c00000000000484
381000000000000182
381400000000000631
381800000000000092
381c00000000000464
38200000000000015a
3824000000000000a4
382800000000000140
382c00000000000308
38300000000000013d
3834000000000001e2
383800000000000269
383c0000000000005a
3840000000000003f9
384400000000000208
38480000000000046a
384c00000000000541
3850000000000004bd
38540000000000000d
38580000000000018d
385c0000000000006a
386000000000000061
386400000000000145
3868000000000000dd
386c000000000002a8
387000000000000009
387400000000000332
3878000000000003f1
387c00000000000335
388000000000000644
3884000000000001a9
38880000000000058d
388c00000000000385
389000000000000112
389400000000000175
3898000000000002d5
389c000000000002d0
38a00000000000044a
38a4000000000001ca
38a800000000000002
38ac00000000000481
38b0000000000003d9
38b400000000000d15
38b800000000000100
38bc0000000000033d
38c000000000000194
38c400000000000031
38c800000000000140
38cc000000000001c4
38d000000000000052
38d4000000000001bd
38d8000000000000d4
38dc00000000000140
38e000000000000091
38e40000000000007d
38e800000000000781
38ec000000000000ea
38f000000000000349
38f4000000000000b9
38f800000000000412
38fc00000000000140
3900000000000000fa
390400000000000071
390800000000000235
390c00000000000161
39100000000000013a
3914000000000003d9
39180000000000044a
391c000000000001c9
392000000000000152
392400000000000451
392800000000000082
392c000000000000da
3930000000000008b1
3934000000000004ba
39380000000000025d
393c0000000000006d
394000000000000019
3944000000000001ba
3948000000000000a0
394c000000000002b1
395000000000000610
395400000000000172
3958000000000008b1
395c00000000000104
3960000000000000c5
3964000000000002a8
396800000000000019
396c00000000000490
397000000000000322
397400000000000394
397800000000000561
397c00000000000139
398000000000000275
3984000000000001bd
39880000000000001d
398c00000000000269
3990000000000003b5
399400000000000328
39980000000000016a
399c00000000000122
39a000000000000384
39a400000000000565
39a8000000000005a5
39ac0000000000027a
39b000000000000172
39b4000000000003ad
39b800000000000235
39bc00000000000451
39c000000000000055
39c400000000000109
39c800000000000110
39cc00000000000055
39d000000000000321
39d4000000000002bd
39d800000000000019
39dc000000000009a1
39e00000000000014d
39e400000000000059
39e800000000000034
39ec000000000000b4
39f000000000000195
39f400000000000249
39f800000000000389
39fc000000000000dd
3a0000000000000125
3a04000000000000e9
3a0800000000000004
3a0c00000000000328
3a1000000000000115
3a1400000000000329
3a1800000000000221
3a1c00000000000482
3a2000000000000590
3a2400000000000121
3a2800000000000728
3a2c000000000001e1
3a3000000000000131
3a3400000000000110
3a3800000000000172
3a3c00000000000011
3a400000000000016d
3a44000000000002e9
3a480000000000027a
3a4c0000000000064d
3a500000000000006d
3a5400000000000520
3a58000000000000c1
3a5c00000000000035
3a6000000000000442
3a6400000000000179
3a6800000000000100
3a6c0000000000016d
3a70000000000000f2
3a74000000000002ad
3a7800000000000385
3a7c00000000000145
3a800000000000029a
3a8400000000000d48
3a8800000000000465
3a8c0000000000063a
3a9000000000000082
3a94000000000005ed
3a9800000000000140
3a9c00000000000262
3aa000000000000b45
3aa4000000000000aa
3aa800000000000349
3aac00000000000215
3ab000000000000089
3ab40000000000048d
3ab8000000000008ed
3abc00000000000280
3ac0000000000001a0
3ac40000000000001d
3ac800000000000264
3acc00000000000185
3ad0000000000000b4
3ad400000000000350
3ad800000000000235
3adc000000000000f4
3ae000000000000280
3ae400000000000655
3ae800000000000bc8
3aec000000000009c4
3af000000000000104
3af4000000000000ad
3af800000000000152
3afc00000000000099
3b0000000000000271
3b04000000000000b4
3b08000000000009aa
3b0c00000000000749
3b10000000000003c2
3b1400000000000328
3b180000000000052d
3b1c0000000000039d
3b2000000000000041
3b2400000000000295
3b28000000000004a0
3b2c00000000000089
3b3000000000000308
3b3400000000000b45
3b3800000000000055
3b3c000000000000d0
3b4000000000000055
3b4400000000000215
3b4800000000000890
3b4c00000000000262
3b50000000000001a8
3b54000000000000dd
3b58000000000002b4
3b5c0000000000034d
3b60000000000000c5
3b6400000000000175
3b680000000000012a
3b6c0000000000007d
3b7000000000000209
3b740000000000031d
3b7800000000000061
3b7c00000000000749
3b8000000000000808
3b8400000000000121
3b88000000000007b4
3b8c00000000000052
3b90000000000000b4
3b940000000000052a
3b9800000000000140
3b9c000000000003d1
3ba000000000000aa5
3ba40000000000003a
3ba800000000000a75
3bac000000000000b2
3bb0000000000002a8
3bb400000000001121
3bb800000000000099
3bbc00000000000332
3bc000000000000485
3bc4000000000004a2
3bc800000000000190
3bcc00000000000049
3bd000000000000574
3bd400000000000014
3bd800000000000050
3bdc00000000000161
3be00000000000046a
3be400000000000328
3be800000000000b95
3bec00000000000049
3bf000000000000091
3bf4000000000003a0
3bf800000000000314
3bfc000000000001d0
3c00000000000005f2
3c04000000000000f1
3c0800000000000071
3c0c000000000001c9
3c1000000000000242
3c14000000000001ed
3c1800000000000f55
3c1c0000000000025d
3c2000000000000145
3c2400000000000049
3c28000000000002b1
3c2c00000000000185
3c30000000000000c2
3c3400000000000092
3c38000000000000ad
3c3c000000000000dd
3c4000000000000895
3c4400000000000485
3c480000000000013d
3c4c00000000000008
3c5000000000000d02
3c54000000000000b5
3c58000000000000b4
3c5c000000000005d4
3c6000000000000340
3c6400000000000115
3c68000000000001ba
3c6c00000000000341
3c70000000000000a9
3c7400000000000122
3c7800000000000112
3c7c000000000008f9
3c8000000000000190
3c840000000000020a
3c8800000000000422
3c8c00000000000301
3c9000000000000088
3c940000000000014d
3c9800000000000161
3c9c00000000000235
3ca00000000000055a
3ca400000000000122
3ca8000000000001a5
3cac000000000006d0
3cb00000000000039d
3cb400000000000264
3cb80000000000069a
3cbc000000000002a8
3cc000000000000132
3cc400000000000202
3cc8000000000005a5
3ccc00000000000319
3cd000000000000154
3cd40000000000037a
3cd80000000000021a
3cdc0000000000000a
3ce0000000000005b9
3ce400000000000032
3ce800000000000164
3cec0000000000006d
3cf000000000000104
3cf400000000000055
3cf800000000000581
3cfc000000000003f2
3d0000000000000349
3d0400000000000409
3d0800000000000032
3d0c000000000006c2
3d10000000000001bd
3d140000000000018a
3d1800000000000034
3d1c00000000000019
3d200000000000000d
3d24000000000004e4
3d28000000000006e8
3d2c00000000000152
3d30000000000001c1
3d3400000000000019
3d3800000000000152
3d3c00000000000152
3d400000000000018a
3d4400000000000154
3d4800000000000071
3d4c000000000003ba
3d50000000000002e4
3d54000000000000fa
3d5800000000000235
3d5c00000000000121
3d6000000000000035
3d64000000000000aa
3d6800000000000091
3d6c000000000002c5
3d7000000000000449
3d740000000000001d
3d78000000000001ca
3d7c0000000000020a
3d8000000000000239
3d8400000000000148
3d8800000000000349
3d8c00000000000248
3d90000000000001f9
3d94000000000005d2
3d98000000000002f2
3d9c000000000006d0
3da00000000000052d
3da400000000000384
3da8000000000000a4
3dac000000000001a0
3db0000000000000e9
3db4000000000002da
3db80000000000073a
3dbc000000000005c8
3dc000000000000172
3dc400000000000541
3dc800000000000191
3dcc000000000000e8
3dd0000000000003ca
3dd40000000000048d
3dd800000000000910
3ddc0000000000078a
3de0000000000000ea
3de400000000000221
3de800000000000304
3dec000000000001a9
3df000000000000692
3df400000000000695
3df8000000000003da
3dfc00000000000124
3e0000000000000005
3e040000000000025d
3e08000000000002f9
3e0c00000000000119
3e10000000000001e1
3e14000000000001a9
3e1800000000000029
3e1c00000000000584
3e2000000000000664
3e2400000000000172
3e28000000000000dd
3e2c00000000000622
3e30000000000004ea
3e3400000000000048
3e38000000000002a8
3e3c00000000000148
3e40000000000003c8
3e4400000000000144
3e480000000000034d
3e4c00000000000171
3e50000000000000f1
3e5400000000000202
3e5800000000000e11
3e5c000000000000d0
3e6000000000000451
3e64000000000004ba
3e68000000000000b4
3e6c0000000000094d
3e70000000000000c5
3e7400000000000291
3e7800000000000250
3e7c0000000000015d
3e8000000000000514
3e8400000000000259
3e880000000000039d
3e8c00000000000d3a
3e9000000000000232
3e94000000000000aa
3e98000000000007d5
3e9c000000000001f4
3ea000000000000029
3ea40000000000039d
3ea8000000000000b2
3eac0000000000014d
3eb000000000000431
3eb4000000000000b5
3eb8000000000001cd
3ebc0000000000010d
3ec000000000000211
3ec40000000000038d
3ec800000000000340
3ecc0000000000045a
3ed0000000000003f1
3ed4000000000000b4
3ed800000000000374
3edc00000000000431
3ee000000000000080
3ee4000000000001dd
3ee8000000000006e5
3eec00000000000025
3ef00000000000052d
3ef4000000000002e2
3ef800000000000225
3efc00000000000115
3f000000000000001d
3f0400000000000740
3f08000000000006c9
3f0c00000000000254
3f10000000000003a0
3f1400000000000049
3f18000000000003c2
3f1c00000000000145
3f20000000000004c9
3f2400000000000092
3f2800000000000451
3f2c00000000000224
3f3000000000000221
3f3400000000000109
3f38000000000007c5
3f3c00000000000442
3f400000000000006a
3f4400000000000412
3f48000000000002c5
3f4c000000000003b9
3f500000000000027d
3f5400000000000e89
3f58000000000008c5
3f5c0000000000031a
3f6000000000000041
3f64000000000003da
3f680000000000009d
3f6c00000000000694
3f70000000000000c4
3f740000000000030a
3f78000000000000fa
3f7c00000000000095
3f8000000000000090
3f84000000000002a8
3f88000000000000e5
3f8c00000000000281
3f90000000000005a5
3f9400000000000449
3f98000000000002b4
3f9c0000000000055d
3fa000000000000559
3fa400000000000121
3fa800000000000061
3fac000000000002e2
3fb000000000000ae4
3fb400000000000bd2
3fb80000000000005a
3fbc00000000000791
3fc000000000000088
3fc4000000000000a9
3fc8000000000006e9
3fcc00000000000094
3fd0000000000000a0
3fd400000000000065
3fd800000000000068
3fdc00000000000055
3fe000000000000005
3fe400000000000419
3fe8000000000001a5
3fec0000000000016d
3ff00000000000006a
3ff400000000000119
3ff8000000000004d5
7ffc00000000000128
000000000000000064
000400000000000240
000800000000000010
000c00000000000144
001000000000000090
001400000000000559
001800000000000004
001c000000000004c9
002000000000000000
002400000000000790
002800000000000010
002c00000000000384
003000000000000090
003400000000000e89
003800000000000090
003c000000000004c9
004000000000000051
004400000000000d24
004800000000000051
004c00000000001a44
005000000000000031
005400000000000090
005800000000000024
005c00000000000d99
006000000000000019
0064000000000000e1
006800000000000079
006c00000000000271
007000000000000051
007400000000000024
007800000000000009
007c000000000001e4
008000000000000064
008400000000000640
008800000000000090
008c00000000000010
009000000000000004
009400000000000031
0098000000000000c4
009c00000000000271
00a000000000000000
00a4000000000000c4
00a800000000000004
00ac00000000000090
00b000000000000040
00b4000000000015f9
00b800000000000064
00bc000000000007e9
00c000000000000031
00c400000000001440
00c800000000000004
00cc00000000000009
00d000000000000051
00d400000000000510
00d800000000000009
00dc00000000000e10
00e000000000000031
00e4000000000000c4
00e800000000000010
00ec00000000000019
00f000000000000024
00f400000000000100
00f800000000000051
00fc000000000000e1
010000000000000040
010400000000000240
010800000000000001
010c00000000000484
011000000000000019
0114000000000005a4
011800000000000040
011c00000000000310
012000000000000024
012400000000001690
012800000000000019
012c00000000002059
013000000000000004
013400000000000019
013800000000000031
013c00000000000d99
0140000000000000e1
0144000000000002a4
014800000000000009
014c00000000000169
015000000000000169
0154000000000005f1
0158000000000000c4
015c00000000000a90
016000000000000009
016400000000000031
016800000000000031
016c000000000002d9
017000000000000079
0174000000000004c9
017800000000000004
017c00000000000e89
018000000000000079
0184000000000002d9
018800000000000040
018c00000000000d99
019000000000000031
019400000000000010
019800000000000009
019c00000000000400
01a0000000000000e1
01a400000000000079
01a800000000000010
01ac00000000000019
01b000000000000079
01b400000000001e40
01b800000000000051
01bc000000000000c4
01c000000000000040
01c4000000000009c4
01c8000000000000a9
01cc00000000000010
01d000000000000001
01d400000000000064
01d800000000000004
01dc00000000000031
01e0000000000002d9
01e400000000000019
01e800000000000040
01ec00000000000349
01f000000000000001
01f400000000000090
01f800000000000010
01fc00000000000009
020000000000000040
020400000000000040
020800000000000190
020c00000000000024
021000000000000040
0214000000000001b9
021800000000000004
021c00000000000169
022000000000000040
022400000000000064
0228000000000000c4
022c000000000000c4
023000000000000064
023400000000000a29
023800000000000090
023c00000000000211
024000000000000001
024400000000000400
024800000000000031
024c00000000000004
025000000000000009
025400000000000024
025800000000000144
025c000000000008a1
026000000000000169
026400000000000001
026800000000000001
026c000000000004c9
027000000000000079
027400000000000144
027800000000000001
027c00000000002a40
028000000000000000
028400000000000000
028800000000000040
028c00000000000900
029000000000000040
029400000000000051
029800000000000004
029c00000000000af9
02a000000000000144
02a400000000000310
02a800000000000064
02ac00000000001104
02b000000000000004
02b400000000000349
02b800000000000100
02bc00000000000009
02c000000000000019
02c400000000000100
02c8000000000000c4
02cc00000000000001
02d000000000000009
02d400000000000000
02d800000000000019
02dc00000000000004
02e000000000000031
02e400000000000f04
02e800000000000024
02ec00000000000559
02f0000000000000c4
02f400000000000100
02f800000000000051
02fc000000000001b9
030000000000000004
0304000000000000e1
030800000000000040
030c000000000000e1
031000000000000010
031400000000000400
031800000000000121
031c000000000001b9
032000000000000009
032400000000000051
032800000000000144
032c000000000000a9
033000000000000009
0334000000000000a9
033800000000000024
033c000000000004c9
034000000000000004
034400000000001861
034800000000000031
034c000000000004c9
0350000000000000a9
035400000000000211
035800000000000001
035c00000000000510
036000000000000010
0364000000000009c4
036800000000000024
036c000000000002d9
037000000000000004
037400000000000079
037800000000000064
037c000000000009c4
038000000000000031
0384000000000004c9
038800000000000090
038c00000000000100
039000000000000019
039400000000000010
039800000000000004
039c00000000000cb1
03a000000000000001
03a400000000000040
03a800000000000024
03ac00000000000f04
03b000000000000169
03b4000000000005a4
03b800000000000009
03bc00000000000001
03c000000000000090
03c400000000000001
03c800000000000019
03cc00000000000484
03d000000000000090
03d400000000000064
03d800000000000004
03dc00000000000271
03e000000000000024
03e400000000000f04
03e800000000000090
03ec00000000000240
03f000000000000031
03f400000000000cb1
03f800000000000010
03fc026f65ca253ba4
040009bd98ab95be64
0404026f66d9ac1209
040800000000000004
040c000000000003c1
041000000000000019
0414000000000002d9
041800000000000051
041c00000000000f81
042000000000000019
0424000000000006e4
042800000000000051
042c000000000001b9
043000000000000031
0434000000000001e4
043800000000000079
043c00000000000001
044000000000000004
044400000000000384
044800000000000004
044c00000000000a90
045000000000000024
045400000000000b64
045800000000000009
045c00000000000144
046000000000000090
046400000000000bd1
046800000000000000
046c00000000000010
047000000000000024
047400000000000144
047800000000000040
047c00000000000384
048000000000000090
048400000000000a29
048800000000000000
048c00000000000051
0490000000000000a9
0494000000000000c4
049800000000000031
049c00000000000349
04a000000000000090
04a400000000000040
04a800000000000004
04ac00000000000310
04b000000000000019
04b400000000001ce4
04b800000000000001
04bc00000000001690
04c000000000000000
04c400000000000100
04c800000000000019
04cc00000000000079
04d000000000000064
04d400000000001ce4
04d800000000000384
04dc00000000000844
04e000000000000031
04e400000000000040
04e800000000000010
04ec00000000000844
04f000000000000024
04f400000000000844
04f800000000000079
04fc00000000001210
050000000000000121
050400000000000d99
050800000000000010
050c000000000002d9
051000000000000040
051400000000000310
051800000000000001
051c00000000004840
052000000000000051
052400000000000169
052800000000000004
052c00000000000051
053000000000000004
053400000000000510
053800000000000001
053c00000000000024
054000000000000079
054400000000000100
054800000000000001
054c00000000000031
055000000000000051
055400000000000a90
055800000000000040
055c00000000000040
056000000000000009
056400000000001ef1
056800000000000019
056c000000000006e4
057000000000000024
057400000000000010
057800000000000211
057c00000000000961
058000000000000040
0584000000000002a4
058800000000000349
058c00000000000019
059000000000000019
0594000000000009c4
059800000000000051
059c00000000001729
05a000000000000064
05a400000000000961
05a8000000000000a9
05ac00000000000024
05b000000000000051
05b400000000000169
05b800000000000079
05bc000000000005f1
05c000000000000040
05c4000000000015f9
05c800000000000079
05cc000000000007e9
05d000000000000004
05d400000000000051
05d800000000000169
05dc00000000000051
05e000000000000190
05e400000000000c40
05e800000000000031
05ec00000000000310
05f000000000000004
05f400000000000900
05f8000000000000a9
05fc00000000000100
0600000000000000a9
060400000000000064
060800000000000019
060c00000000000211
061000000000000009
0614000000000001e4
061800000000000001
061c000000000005a4
062000000000000009
062400000000000121
0628000000000000e1
062c00000000000310
063000000000000009
063400000000000559
063800000000000031
063c00000000000d99
064000000000000090
0644000000000004c9
064800000000000040
064c00000000000019
065000000000000001
0654000000000002d9
065800000000000004
065c00000000000169
066000000000000009
0664000000000000a9
066800000000000009
066c00000000000d99
067000000000000090
067400000000000100
067800000000000064
067c00000000000211
068000000000000004
068400000000000f04
068800000000000010
068c00000000000031
069000000000000009
069400000000000a90
069800000000000051
069c00000000000559
06a0000000000000c4
06a400000000000211
06a800000000000000
06ac00000000000739
06b000000000000009
06b400000000000079
06b800000000000009
06bc000000000006e4
06c000000000000010
06c400000000000a29
06c8000000000000e1
06cc00000000000169
06d000000000000090
06d400000000000051
06d800000000000064
06dc00000000000040
06e000000000000004
06e4000000000001b9
06e800000000000019
06ec000000000000a9
06f000000000000040
06f4000000000001b9
06f800000000000031
06fc00000000000051
070000000000000009
070400000000000144
070800000000000009
070c000000000005f1
071000000000000009
071400000000000961
071800000000000004
071c00000000000040
072000000000000004
072400000000000900
072800000000000019
072c00000000000310
073000000000000004
073400000000000400
073800000000000051
073c00000000000024
074000000000000009
074400000000000961
0748000000000000c4
074c00000000000079
075000000000000010
0754000000000002d9
075800000000000024
075c00000000000af9
076000000000000009
076400000000000009
076800000000000009
076c00000000000051
077000000000000064
077400000000000064
077800000000000090
077c000000000001e4
078000000000000009
078400000000000739
078800000000000010
078c00000000000121
0790000000000000c4
079400000000000010
079800000000000079
079c00000000000739
07a000000000000040
07a400000000001ae9
07a800000000000009
07ac00000000000121
07b000000000000064
07b400000000000190
07b800000000000010
07bc00000000001c39
07c000000000000009
07c400000000000040
07c8000000000000c4
07cc000000000002a4
07d000000000000040
07d4000000000003c1
07d800000000000004
07dc00000000000c40
07e000000000000010
07e400000000000144
07e800000000000090
07ec00000000000051
07f000000000000024
07f400000000000100
07f800000000000079
07fc00000000001299
0800000000000001e4
080400000000000144
080800000000000100
080c00000000000400
081000000000000010
081400000000000af9
081800000000000024
081c00000000001c39
082000000000000100
082400000000000310
0828000000000000c4
082c00000000000b64
083000000000000064
083400000000001861
083800000000000000
083c000000000000e1
084000000000000051
084400000000000240
084800000000000051
084c00000000000d24
085000000000000001
085400000000001210
085800000000000100
085c00000000000009
086000000000000001
086400000000000009
086800000000000211
086c00000000000af9
087000000000000009
087400000000000b64
087800000000000019
087c00000000000090
088000000000000090
088400000000000510
088800000000000000
088c00000000000400
089000000000000144
0894000000000019a1
089800000000000064
089c000000000002d9
08a000000000000000
08a400000000000b64
08a800000000000010
08ac000000000005a4
08b000000000000010
08b400000000000739
08b800000000000010
08bc00000000000739
08c000000000000349
08c400000000000064
08c800000000000024
08cc00000000000121
08d0000000000000e1
08d4000000000000c4
08d800000000000169
08dc00000000000900
08e000000000000019
08e400000000000d24
08e8000000000000c4
08ec00000000000349
08f000000000000090
08f400000000000790
08f8000000000001b9
08fc00000000000bd1
090000000000000064
090400000000000790
090800000000000019
090c00000000000010
091000000000000031
091400000000000d24
091800000000000064
091c00000000001ce4
092000000000000000
0924000000000002a4
092800000000000001
092c000000000002d9
093000000000000000
0934000000000000a9
093800000000000051
093c00000000000cb1
094000000000000009
094400000000000024
094800000000000051
094c00000000000051
0950000000000001b9
095400000000000691
095800000000000190
095c00000000000c40
096000000000000009
096400000000000a29
096800000000000001
096c00000000002341
0970000000000000e1
0974000000000001b9
097800000000000100
097c00000000000001
098000000000000019
0984000000000003c1
098800000000000040
098c00000000001081
099000000000000051
099400000000000040
099800000000000121
099c00000000000064
09a0000000000000e1
09a400000000000079
09a800000000000004
09ac000000000004c9
09b000000000000009
09b4000000000002a4
09b800000000000001
09bc00000000000144
09c000000000000010
09c400000000000844
09c800000000000211
09cc00000000000e10
09d000000000000211
09d4000000000005a4
09d800000000000064
09dc00000000001299
09e000000000000019
09e400000000000271
09e800000000000000
09ec00000000000001
09f0000000000000e1
09f4000000000017c4
09f800000000000064
09fc000000000000e1
0a0000000000000090
0a0400000000000400
0a0800000000000090
0a0c00000000000004
0a1000000000000040
0a1400000000000079
0a1800000000000090
0a1c00000000000001
0a2000000000000004
0a2400000000000144
0a2800000000000040
0a2c00000000000004
0a3000000000000024
0a3400000000000211
0a3800000000000024
0a3c000000000002d9
0a4000000000000079
0a4400000000000090
0a4800000000000031
0a4c00000000001900
0a5000000000000019
0a5400000000000000
0a5800000000000004
0a5c00000000000691
0a6000000000000121
0a6400000000000121
0a68000000000001b9
0a6c00000000000271
0a7000000000000019
0a7400000000000064
0a7800000000000019
0a7c00000000000640
0a8000000000000004
0a8400000000000900
0a8800000000000024
0a8c00000000000484
0a9000000000000004
0a9400000000000bd1
0a9800000000000144
0a9c000000000001b9
0aa000000000000010
0aa400000000000c40
0aa8000000000001e4
0aac000000000005a4
0ab000000000000010
0ab400000000000af9
0ab800000000000024
0abc00000000000009
0ac000000000000019
0ac400000000000c40
0ac800000000000040
0acc00000000000349
0ad000000000000079
0ad400000000001104
0ad800000000000019
0adc00000000000400
0ae000000000000121
0ae400000000000000
0ae800000000000000
0aec00000000000739
0af000000000000004
0af400000000000100
0af800000000000121
0afc00000000000691
0b0000000000000000
0b0400000000000af9
0b0800000000000004
0b0c00000000000169
0b1000000000000010
0b14000000000005a4
0b1800000000000211
0b1c00000000000009
0b2000000000000031
0b2400000000000349
0b2800000000000010
0b2c000000000004c9
0b3000000000000051
0b3400000000000051
0b3800000000000064
0b3c00000000000051
0b4000000000000040
0b44000000000005f1
0b48000000000001b9
0b4c00000000000441
0b5000000000000211
0b5400000000000271
0b5800000000000019
0b5c00000000001440
0b6000000000000010
0b6400000000000190
0b6800000000000004
0b6c000000000000a9
0b7000000000000010
0b7400000000002059
0b7800000000000064
0b7c00000000001000
0b8000000000000051
0b84000000000008a1
0b8800000000000004
0b8c00000000000100
0b9000000000000019
0b9400000000000040
0b9800000000000000
0b9c00000000000051
0ba000000000000001
0ba400000000000144
0ba800000000000024
0bac00000000000190
0bb000000000000001
0bb4000000000005a4
0bb800000000000031
0bbc00000000000001
0bc000000000000004
0bc400000000000961
0bc800000000000121
0bcc00000000000400
0bd000000000000000
0bd400000000002d90
0bd800000000000040
0bdc000000000013b1
0be0000000000000c4
0be400000000000240
0be800000000000004
0bec000000000000c4
0bf000000000000009
0bf400000000000169
0bf800000000000040
0bfc00000000000064
0c0000000000000100
0c04000000000009c4
0c0800000000000090
0c0c00000000000051
0c1000000000000040
0c1400000000000031
0c1800000000000040
0c1c00000000000010
0c2000000000000019
0c2400000000001564
0c28000000000001b9
0c2c00000000000019
0c3000000000000009
0c34000000000001e4
0c3800000000000001
0c3c000000000004c9
0c4000000000000010
0c4400000000000a29
0c4800000000000064
0c4c00000000000b64
0c5000000000000000
0c5400000000000040
0c5800000000000009
0c5c000000000002d9
0c6000000000000064
0c6400000000001ce4
0c6800000000000040
0c6c00000000000bd1
0c7000000000000010
0c7400000000003b19
0c78000000000000c4
0c7c00000000000019
0c8000000000000064
0c84000000000002d9
0c8800000000000144
0c8c00000000000900
0c9000000000000031
0c9400000000000640
0c9800000000000169
0c9c00000000000090
0ca000000000000169
0ca400000000000001
0ca800000000000051
0cac00000000000121
0cb000000000000004
0cb400000000000004
0cb800000000000004
0cbc000000000009c4
0cc0000000000000e1
0cc400000000000031
0cc800000000000010
0ccc00000000000271
0cd000000000000090
0cd400000000000739
0cd800000000000064
0cdc00000000001ce4
0ce000000000000031
0ce4000000000000c4
0ce800000000000024
0cec00000000000484
0cf000000000000031
0cf400000000000051
0cf8000000000000c4
0cfc000000000002a4
0d0000000000000004
0d04000000000003c1
0d0800000000000001
0d0c00000000001299
0d1000000000000051
0d1400000000000c40
0d1800000000000010
0d1c00000000000510
0d20000000000000a9
0d24000000000003c1
0d2800000000000004
0d2c00000000000010
0d3000000000000000
0d34000000000024c1
0d3800000000000009
0d3c00000000000004
0d4000000000000031
0d4400000000000169
0d4800000000000001
0d4c000000000001b9
0d5000000000000090
0d5400000000001324
0d58000000000000a9
0d5c00000000000024
0d60000000000000c4
0d6400000000000961
0d68000000000000c4
0d6c00000000000190
0d7000000000000019
0d7400000000000040
0d7800000000000090
0d7c00000000001189
0d8000000000000010
0d8400000000000900
0d8800000000000079
0d8c00000000000961
0d9000000000000001
0d94000000000001e4
0d9800000000000169
0d9c00000000000001
0da000000000000004
0da400000000000009
0da800000000000169
0dac00000000000019
0db0000000000000a9
0db400000000000040
0db800000000000019
0dbc00000000000019
0dc000000000000010
0dc400000000000079
0dc800000000000009
0dcc00000000000211
0dd000000000000009
0dd400000000001440
0dd800000000000064
0ddc00000000000640
0de000000000000004
0de400000000000004
0de800000000000031
0dec00000000000af9
0df000000000000024
0df4000000000007e9
0df800000000000031
0dfc00000000000349
0e0000000000000031
0e0400000000000510
0e0800000000000019
0e0c00000000000e10
0e1000000000000079
0e1400000000000024
0e1800000000000001
0e1c000000000013b1
0e2000000000000010
0e2400000000000240
0e2800000000000000
0e2c00000000000559
0e3000000000000019
0e34000000000001e4
0e3800000000000031
0e3c00000000000d99
0e4000000000000004
0e4400000000000100
0e4800000000000100
0e4c00000000000040
0e5000000000000004
0e5400000000000031
0e58000000000001b9
0e5c000000000001b9
0e6000000000000000
0e6400000000000019
0e6800000000000040
0e6c00000000000031
0e7000000000000019
0e7400000000000400
0e7800000000000051
0e7c00000000000900
0e8000000000000031
0e84000000000008a1
0e8800000000000001
0e8c00000000000001
0e9000000000000001
0e94000000000004c9
0e9800000000000031
0e9c00000000000441
0ea000000000000024
0ea400000000000064
0ea800000000000010
0eac00000000000349
0eb000000000000040
0eb400000000000a29
0eb800000000000010
0ebc00000000000079
0ec000000000000019
0ec400000000000004
0ec800000000000040
0ecc00000000000790
0ed000000000000009
0ed400000000000310
0ed800000000000001
0edc000000000006e4
0ee000000000000040
0ee400000000000031
0ee800000000000009
0eec00000000000310
0ef0000000000000c4
0ef400000000000400
0ef800000000000079
0efc00000000000090
0f0000000000000009
0f0400000000000051
0f0800000000000019
0f0c000000000009c4
0f1000000000000090
0f1400000000000000
0f1800000000000031
0f1c000000000001b9
0f2000000000000000
0f2400000000000079
0f2800000000000031
0f2c000000000000c4
0f3000000000000090
0f3400000000000121
0f3800000000000031
0f3c00000000000001
0f40000000000000a9
0f44000000000001e4
0f48000000000000c4
0f4c000000000006e4
0f5000000000000000
0f5400000000000024
0f5800000000000144
0f5c000000000015f9
0f6000000000000001
0f6400000000000441
0f6800000000000121
0f6c00000000000019
0f7000000000000240
0f7400000000000d99
0f7800000000000000
0f7c000000000015f9
0f8000000000000000
0f8400000000001b90
0f8800000000000019
0f8c00000000000010
0f9000000000000001
0f9400000000000f04
0f9800000000000010
0f9c00000000000090
0fa000000000000040
0fa400000000000010
0fa800000000000079
0fac00000000000009
0fb000000000000031
0fb400000000000019
0fb800000000000019
0fbc00000000000024
0fc000000000000004
0fc400000000001d91
0fc800000000000051
0fcc00000000001324
0fd000000000000000
0fd4000000000007e9
0fd800000000000024
0fdc00000000000691
0fe000000000000211
0fe400000000000640
0fe800000000000079
0fec00000000000144
0ff000000000000064
0ff400000000000051
0ff800000000000031
0ffc00000000000900
100000000000000004
100400000000000310
100800000000000004
100c000000000000c4
101000000000000040
101400000000000d99
1018000000000002a4
101c00000000000079
102000000000000064
102400000000000c40
102800000000000064
102c00000000000c40
103000000000000024
103400000000000051
1038000000000001e4
103c000000000002d9
104000000000000169
104400000000000144
1048000000000000e1
104c00000000000484
105000000000000031
1054000000000005a4
105800000000000064
105c00000000000d99
106000000000000009
106400000000000169
106800000000000001
106c00000000000211
107000000000000009
107400000000000790
107800000000000121
107c000000000006e4
108000000000000024
108400000000000900
108800000000000144
108c000000000001e4
109000000000000010
109400000000000001
109800000000000090
109c00000000000169
10a000000000000100
10a400000000000790
10a800000000000010
10ac000000000017c4
10b000000000000004
10b4000000000005f1
10b800000000000004
10bc00000000000031
10c000000000000001
10c400000000000024
10c800000000000064
10cc00000000000121
10d000000000000121
10d400000000000d24
10d800000000000001
10dc00000000000790
10e000000000000079
10e4000000000009c4
10e800000000000024
10ec00000000000d99
10f000000000000100
10f400000000000240
10f800000000000121
10fc00000000001189
110000000000000024
110400000000000240
110800000000000079
110c00000000000190
111000000000000019
111400000000000004
111800000000000100
111c00000000000064
112000000000000010
112400000000000310
112800000000000079
112c00000000001861
1130000000000000c4
113400000000000019
113800000000000051
113c00000000000961
114000000000000019
114400000000000384
114800000000000001
114c00000000001c39
115000000000000079
115400000000000169
115800000000000144
115c00000000000004
116000000000000051
116400000000000559
116800000000000009
116c00000000000169
117000000000000001
117400000000000d99
117800000000000100
117c00000000000961
118000000000000051
1184000000000000e1
118800000000000040
118c00000000000441
119000000000000051
119400000000000010
1198000000000000e1
119c00000000000004
11a000000000000271
11a400000000000169
11a800000000000000
11ac00000000001ae9
11b000000000000031
11b400000000001440
11b800000000000031
11bc00000000000844
11c000000000000004
11c4000000000000c4
11c800000000000009
11cc00000000000144
11d0000000000000e1
11d400000000002110
11d800000000000090
11dc000000000021c9
11e000000000000009
11e400000000000961
11e800000000000000
11ec00000000001189
11f000000000000001
11f400000000000640
11f800000000000024
11fc00000000000031
120000000000000024
1204000000000001e4
120800000000000004
120c00000000000144
121000000000000040
121400000000000441
121800000000000040
121c00000000002059
122000000000000004
1224000000000001e4
122800000000000010
122c00000000000010
123000000000000100
123400000000000169
123800000000000144
123c00000000000121
124000000000000009
124400000000000064
124800000000000019
124c00000000000a90
125000000000000211
125400000000000064
125800000000000010
125c00000000000051
126000000000000031
126400000000001ae9
126800000000000001
126c00000000000211
127000000000000031
127400000000000384
127800000000000169
127c00000000001104
128000000000000040
1284000000000006e4
1288000000000000c4
128c000000000000c4
129000000000000010
129400000000000009
129800000000000040
129c000000000008a1
12a000000000000064
12a400000000000064
12a800000000000010
12ac00000000002584
12b000000000000004
12b400000000000271
12b800000000000010
12bc00000000000441
12c000000000000001
12c400000000000790
12c800000000000040
12cc00000000000019
12d000000000000001
12d400000000000064
12d800000000000001
12dc00000000000484
12e000000000000009
12e400000000000384
12e800000000000004
12ec00000000000271
12f000000000000040
12f400000000001000
12f800000000000031
12fc00000000000441
130000000000000024
1304000000000005f1
130800000000000064
130c00000000000031
131000000000000100
1314000000000002a4
1318000000000000a9
131c00000000000211
132000000000000051
132400000000000121
132800000000000010
132c00000000002341
133000000000000009
1334000000000002d9
133800000000000024
133c00000000000079
134000000000000040
1344000000000007e9
134800000000000009
134c00000000000441
135000000000000009
135400000000001861
135800000000000001
135c000000000001e4
136000000000000040
136400000000000790
136800000000000010
136c00000000000271
137000000000000004
1374000000000003c1
137800000000000024
137c00000000000f04
138000000000000009
138400000000000349
138800000000000040
138c00000000000c40
139000000000000051
139400000000000010
139800000000000004
139c00000000000211
13a000000000000009
13a400000000000010
13a800000000000010
13ac00000000001210
13b000000000000001
13b400000000000400
13b800000000000031
13bc00000000000bd1
13c000000000000010
13c400000000000739
13c8000000000000e1
13cc00000000001000
13d000000000000000
13d400000000000e10
13d800000000000040
13dc00000000000019
13e000000000000000
13e400000000001900
13e800000000000004
13ec00000000000844
13f000000000000019
13f400000000000bd1
13f800000000000024
13fc0000005e791c10
14000000017a7b2724
14040000005e5f9a21
140800000000000024
140c00000000000961
141000000000000031
1414000000000000a9
141800000000000009
141c00000000002649
142000000000000031
142400000000000064
142800000000000121
142c00000000000211
1430000000000000a9
143400000000004410
1438000000000000a9
143c00000000000009
144000000000000004
144400000000000400
144800000000000190
144c00000000000240
145000000000000004
145400000000000a90
145800000000000051
145c00000000001564
146000000000000090
146400000000000031
146800000000000004
146c000000000002a4
147000000000000024
1474000000000005a4
1478000000000000c4
147c00000000000384
148000000000000024
148400000000001d91
1488000000000000c4
148c000000000002d9
149000000000000001
149400000000000484
149800000000000079
149c00000000000009
14a0000000000000c4
14a400000000000400
14a800000000000040
14ac00000000000b64
14b000000000000031
14b400000000000064
14b800000000000009
14bc00000000000384
14c000000000000000
14c400000000000484
14c800000000000121
14cc00000000000051
14d000000000000024
14d400000000000090
14d800000000000004
14dc00000000000100
14e000000000000001
14e400000000000240
14e800000000000064
14ec00000000000010
14f000000000000064
14f400000000000040
14f8000000000000e1
14fc00000000001324
1500000000000000a9
150400000000000441
150800000000000000
150c00000000000271
151000000000000010
151400000000000000
151800000000000019
151c00000000001690
152000000000000001
152400000000001ef1
152800000000000024
152c00000000000739
153000000000000064
153400000000000024
153800000000000051
153c00000000000190
154000000000000019
154400000000001564
154800000000000009
154c00000000000349
155000000000000019
155400000000000510
1558000000000001e4
155c00000000000004
1560000000000000a9
1564000000000005f1
156800000000000001
156c00000000000d24
157000000000000040
157400000000000384
1578000000000000e1
157c00000000001081
158000000000000010
1584000000000002a4
158800000000000009
158c000000000002d9
159000000000000079
1594000000000001e4
159800000000000031
159c00000000000169
15a000000000000024
15a400000000000019
15a800000000000051
15ac00000000000090
15b000000000000019
15b400000000000271
15b800000000000051
15bc00000000000051
15c000000000000004
15c400000000000079
15c800000000000009
15cc00000000000a29
15d000000000000064
15d400000000000a29
15d800000000000169
15dc00000000000211
15e000000000000024
15e400000000000900
15e800000000000031
15ec00000000000384
15f000000000000144
15f400000000000790
15f800000000000169
15fc00000000000400
160000000000000019
1604000000000002a4
1608000000000000e1
160c00000000000691
1610000000000001b9
161400000000000b64
1618000000000000a9
161c00000000000844
162000000000000079
162400000000000559
162800000000000079
162c00000000001fa4
163000000000000019
163400000000000271
163800000000000051
163c00000000000cb1
164000000000000100
164400000000000f81
164800000000000024
164c000000000003c1
1650000000000000a9
165400000000000169
165800000000000010
165c00000000001729
1660000000000000a9
166400000000000559
166800000000000031
166c00000000000031
167000000000000040
167400000000000040
1678000000000000c4
167c000000000008a1
168000000000000090
168400000000000510
168800000000000064
168c00000000000079
169000000000000031
169400000000000010
169800000000000051
169c000000000004c9
16a000000000000010
16a400000000000e89
16a800000000000010
16ac00000000000739
16b000000000000031
16b400000000000009
16b800000000000001
16bc00000000000100
16c000000000000100
16c400000000001c39
16c800000000000009
16cc00000000000691
16d000000000000090
16d400000000000271
16d800000000000004
16dc00000000000640
16e000000000000064
16e400000000000009
16e800000000000051
16ec00000000000559
16f000000000000004
16f4000000000000e1
16f800000000000031
16fc00000000000079
170000000000000009
170400000000000640
170800000000000009
170c000000000000e1
171000000000000121
1714000000000000e1
171800000000000090
171c00000000000024
172000000000000040
172400000000002110
1728000000000000a9
172c00000000000024
173000000000000100
173400000000000384
173800000000000031
173c00000000000b64
174000000000000001
174400000000000349
174800000000000010
174c00000000000079
175000000000000010
175400000000000271
175800000000000040
175c00000000000019
1760000000000001b9
176400000000000739
176800000000000009
176c00000000000211
177000000000000190
177400000000000024
177800000000000000
177c000000000009c4
1780000000000000a9
1784000000000001b9
178800000000000100
178c00000000000009
1790000000000002a4
179400000000000064
179800000000000031
179c000000000001b9
17a000000000000010
17a400000000000079
17a800000000000009
17ac00000000000d99
17b000000000000090
17b400000000002710
17b800000000000040
17bc00000000000169
17c000000000000001
17c400000000001900
17c8000000000000c4
17cc00000000000190
17d000000000000090
17d400000000000271
17d800000000000000
17dc00000000000240
17e000000000000040
17e400000000000010
17e800000000000024
17ec00000000000051
17f000000000000040
17f4000000000000c4
17f800000000000019
17fc00000000000691
180000000000000010
180400000000002284
1808000000000000c4
180c00000000001000
181000000000000064
1814000000000001b9
181800000000000024
181c00000000000169
182000000000000090
182400000000000040
182800000000000040
182c000000000009c4
183000000000000090
183400000000000051
183800000000000004
183c000000000008a1
1840000000000000e1
184400000000000384
184800000000000121
184c000000000006e4
185000000000000001
185400000000001000
185800000000000384
185c00000000000739
186000000000000031
1864000000000002d9
186800000000000079
186c000000000003c1
187000000000000009
187400000000000090
1878000000000000a9
187c000000000000c4
188000000000000024
188400000000000c40
188800000000000000
188c00000000000b64
189000000000000064
189400000000000961
189800000000000064
189c00000000000441
18a000000000000064
18a400000000000384
18a800000000000010
18ac00000000000310
18b000000000000090
18b4000000000024c1
18b800000000000100
18bc00000000000031
18c000000000000079
18c400000000001b90
18c800000000000024
18cc000000000001b9
18d000000000000031
18d400000000001ce4
18d800000000000019
18dc000000000000c4
18e000000000000079
18e400000000000400
18e800000000000100
18ec00000000000739
18f000000000000090
18f400000000000024
18f800000000000001
18fc00000000000441
190000000000000064
190400000000000064
190800000000000051
190c00000000000400
191000000000000001
191400000000001564
191800000000000004
191c000000000009c4
192000000000000024
1924000000000006e4
1928000000000000e1
192c000000000000e1
1930000000000001e4
193400000000000019
193800000000000019
193c00000000000559
194000000000000019
194400000000000844
194800000000000019
194c00000000000079
195000000000000019
195400000000000211
195800000000000100
195c000000000006e4
196000000000000031
196400000000000d99
196800000000000009
196c00000000000019
197000000000000001
197400000000000961
197800000000000000
197c00000000000019
198000000000000121
1984000000000008a1
198800000000000010
198c00000000000961
199000000000000051
1994000000000000c4
1998000000000000a9
199c00000000000040
19a000000000000031
19a400000000000031
19a800000000000190
19ac00000000000019
19b000000000000051
19b400000000000484
19b8000000000000e1
19bc00000000000c40
19c000000000000090
19c400000000000400
19c800000000000009
19cc00000000000090
19d000000000000211
19d400000000000f04
19d800000000000144
19dc00000000000af9
19e000000000000001
19e4000000000003c1
19e800000000000144
19ec000000000003c1
19f0000000000000a9
19f400000000000844
19f800000000000144
19fc000000000000a9
1a0000000000000010
1a0400000000001324
1a0800000000000040
1a0c00000000000004
1a1000000000000064
1a14000000000000a9
1a1800000000000040
1a1c00000000000211
1a2000000000000090
1a2400000000000190
1a2800000000000100
1a2c00000000000010
1a3000000000000040
1a3400000000000af9
1a3800000000000004
1a3c00000000000031
1a4000000000000019
1a4400000000000a90
1a4800000000000009
1a4c00000000001324
1a5000000000000001
1a5400000000000024
1a5800000000000004
1a5c00000000000271
1a6000000000000051
1a6400000000000a29
1a6800000000000121
1a6c000000000013b1
1a7000000000000031
1a7400000000000844
1a7800000000000019
1a7c000000000000c4
1a8000000000000024
1a8400000000000640
1a8800000000000004
1a8c00000000000400
1a9000000000000024
1a9400000000000031
1a9800000000000000
1a9c000000000008a1
1aa0000000000000c4
1aa400000000000e10
1aa800000000000144
1aac00000000000040
1ab000000000000190
1ab400000000000559
1ab800000000000024
1abc000000000002d9
1ac000000000000031
1ac400000000002be4
1ac800000000000010
1acc000000000015f9
1ad000000000000031
1ad400000000000844
1ad800000000000009
1adc00000000000004
1ae000000000000009
1ae4000000000001e4
1ae800000000000010
1aec00000000000af9
1af000000000000240
1af4000000000009c4
1af800000000000001
1afc000000000001b9
1b0000000000000024
1b04000000000007e9
1b0800000000000040
1b0c00000000000739
1b1000000000000144
1b1400000000000000
1b1800000000000001
1b1c00000000000441
1b2000000000000051
1b2400000000001299
1b2800000000000100
1b2c000000000015f9
1b3000000000000019
1b3400000000000019
1b3800000000000040
1b3c00000000000349
1b40000000000000c4
1b4400000000000a29
1b4800000000000051
1b4c000000000000a9
1b5000000000000009
1b5400000000000121
1b5800000000000051
1b5c00000000000004
1b6000000000000004
1b6400000000000010
1b6800000000000100
1b6c000000000002d9
1b7000000000000090
1b7400000000000169
1b7800000000000190
1b7c00000000000024
1b8000000000000031
1b8400000000000211
1b8800000000000064
1b8c00000000000400
1b90000000000000e1
1b9400000000001440
1b9800000000000040
1b9c00000000000001
1ba000000000000009
1ba4000000000000c4
1ba800000000000004
1bac00000000001210
1bb000000000000121
1bb400000000000004
1bb800000000000079
1bbc00000000000121
1bc000000000000010
1bc400000000000559
1bc800000000000169
1bcc00000000000640
1bd000000000000024
1bd400000000002584
1bd800000000000004
1bdc00000000000009
1be000000000000010
1be400000000000040
1be800000000000100
1bec00000000000100
1bf000000000000009
1bf400000000000051
1bf800000000000144
1bfc000000000005a4
1c0000000000000040
1c04000000000006e4
1c0800000000000024
1c0c000000000014d1
1c1000000000000004
1c1400000000000121
1c1800000000000010
1c1c00000000000144
1c2000000000000019
1c2400000000000144
1c2800000000000009
1c2c00000000001ef1
1c3000000000000019
1c3400000000000064
1c38000000000000e1
1c3c00000000000001
1c4000000000000024
1c4400000000000271
1c4800000000000004
1c4c00000000001000
1c5000000000000040
1c5400000000002be4
1c5800000000000169
1c5c000000000001b9
1c6000000000000004
1c6400000000000640
1c6800000000000090
1c6c00000000000271
1c7000000000000100
1c7400000000000691
1c7800000000000100
1c7c00000000000441
1c8000000000000024
1c84000000000003c1
1c8800000000000024
1c8c00000000000a90
1c9000000000000009
1c9400000000000010
1c9800000000000001
1c9c000000000000c4
1ca000000000000169
1ca400000000000121
1ca800000000000001
1cac00000000000031
1cb000000000000010
1cb400000000000144
1cb800000000000064
1cbc00000000000484
1cc000000000000121
1cc400000000000001
1cc800000000000010
1ccc00000000000031
1cd000000000000004
1cd400000000000349
1cd800000000000100
1cdc00000000000004
1ce000000000000031
1ce400000000000484
1ce800000000000010
1cec00000000000024
1cf000000000000051
1cf400000000000349
1cf800000000000040
1cfc000000000001e4
1d0000000000000010
1d04000000000001b9
1d0800000000000009
1d0c00000000001081
1d1000000000000001
1d1400000000000f04
1d1800000000000000
1d1c00000000000384
1d2000000000000079
1d2400000000000f81
1d2800000000000004
1d2c000000000017c4
1d30000000000000c4
1d34000000000000a9
1d3800000000000009
1d3c00000000000d24
1d4000000000000019
1d4400000000000349
1d4800000000000009
1d4c00000000000001
1d5000000000000024
1d5400000000000024
1d5800000000000009
1d5c000000000002a4
1d6000000000000004
1d6400000000000441
1d6800000000000010
1d6c00000000000024
1d7000000000000009
1d7400000000000b64
1d7800000000000004
1d7c000000000005f1
1d8000000000000024
1d8400000000000400
1d8800000000000051
1d8c00000000000031
1d9000000000000001
1d9400000000000040
1d9800000000000051
1d9c000000000000a9
1da0000000000002a4
1da4000000000008a1
1da800000000000051
1dac00000000000349
1db000000000000051
1db400000000000484
1db800000000000001
1dbc00000000000559
1dc000000000000024
1dc400000000000af9
1dc800000000000009
1dcc000000000008a1
1dd000000000000079
1dd4000000000001e4
1dd800000000000144
1ddc00000000000844
1de000000000000100
1de400000000000844
1de800000000000051
1dec000000000001b9
1df0000000000000c4
1df400000000000211
1df800000000000079
1dfc00000000000121
1e0000000000000001
1e0400000000000510
1e0800000000000079
1e0c00000000000100
1e1000000000000001
1e1400000000000f04
1e1800000000000079
1e1c00000000000019
1e2000000000000064
1e2400000000000640
1e2800000000000190
1e2c00000000000441
1e3000000000000001
1e3400000000000024
1e3800000000000019
1e3c00000000000009
1e4000000000000004
1e4400000000000a90
1e4800000000000100
1e4c00000000000064
1e50000000000000c4
1e54000000000007e9
1e5800000000000019
1e5c000000000001b9
1e6000000000000024
1e64000000000005f1
1e6800000000000040
1e6c00000000000001
1e70000000000000a9
1e7400000000000240
1e78000000000001b9
1e7c00000000000f04
1e8000000000000031
1e8400000000000051
1e8800000000000121
1e8c00000000000559
1e9000000000000001
1e9400000000000739
1e9800000000000009
1e9c00000000000121
1ea000000000000004
1ea4000000000002a4
1ea800000000000090
1eac00000000000441
1eb000000000000090
1eb400000000000349
1eb8000000000000c4
1ebc00000000000e89
1ec000000000000051
1ec4000000000005a4
1ec800000000000024
1ecc00000000000900
1ed0000000000000a9
1ed400000000000024
1ed800000000000271
1edc00000000000090
1ee000000000000024
1ee400000000000001
1ee8000000000000e1
1eec00000000000510
1ef000000000000040
1ef400000000000384
1ef8000000000000e1
1efc00000000001210
1f00000000000000a9
1f0400000000001d91
1f0800000000000001
1f0c00000000000900
1f1000000000000010
1f1400000000000a90
1f1800000000000019
1f1c00000000000121
1f2000000000000064
1f24000000000002d9
1f2800000000000009
1f2c00000000005100
1f3000000000000010
1f3400000000000019
1f3800000000000031
1f3c00000000000a29
1f4000000000000079
1f4400000000000100
1f4800000000000000
1f4c00000000000384
1f5000000000000040
1f5400000000000400
1f58000000000000c4
1f5c00000000000051
1f6000000000000001
1f6400000000000051
1f6800000000000051
1f6c00000000001299
1f70000000000000c4
1f7400000000000961
1f7800000000000090
1f7c00000000000961
1f8000000000000000
1f8400000000000640
1f88000000000000a9
1f8c00000000000100
1f9000000000000051
1f94000000000005a4
1f9800000000000024
1f9c00000000000144
1fa000000000000004
1fa400000000000064
1fa800000000000009
1fac000000000004c9
1fb000000000000031
1fb4000000000004c9
1fb800000000000051
1fbc000000000009c4
1fc000000000000064
1fc400000000000f81
1fc8000000000000a9
1fcc00000000000190
1fd000000000000010
1fd4000000000001b9
1fd800000000000040
1fdc00000000000121
1fe000000000000001
1fe4000000000009c4
1fe800000000000031
1fec00000000000900
1ff000000000000000
1ff400000000000001
1ff800000000000211
1ffc00000000000190
200000000000000024
200400000000000100
200800000000000040
200c00000000000024
201000000000000010
2014000000000008a1
201800000000000064
201c00000000000121
202000000000000090
202400000000000000
202800000000000090
202c000000000002a4
203000000000000010
203400000000000d99
203800000000000090
203c00000000000019
204000000000000009
204400000000000064
2048000000000000e1
204c00000000002284
205000000000000001
205400000000000510
2058000000000000c4
205c000000000003c1
206000000000000079
2064000000000000e1
206800000000000009
206c000000000007e9
207000000000000009
207400000000001ce4
207800000000000009
207c00000000000144
2080000000000001e4
208400000000000040
208800000000000010
208c00000000000000
2090000000000000c4
209400000000000e89
209800000000000004
209c00000000000559
20a000000000000010
20a400000000000384
20a8000000000000c4
20ac00000000000190
20b000000000000090
20b400000000000019
20b800000000000004
20bc000000000003c1
20c000000000000019
20c400000000000010
20c8000000000000c4
20cc000000000000e1
20d0000000000000e1
20d400000000000640
20d8000000000000a9
20dc00000000000100
20e0000000000000a9
20e400000000001ce4
20e800000000000010
20ec00000000000009
20f0000000000000c4
20f400000000000190
20f800000000000051
20fc00000000000031
210000000000000040
210400000000000310
210800000000000009
210c00000000000b64
211000000000000001
211400000000000384
211800000000000010
211c00000000001440
212000000000000024
212400000000000090
212800000000000079
212c00000000000079
213000000000000004
213400000000000211
213800000000000051
213c00000000000961
214000000000000001
214400000000000004
214800000000000019
214c00000000000d99
2150000000000001b9
215400000000000441
215800000000000144
215c00000000000040
216000000000000009
216400000000000a29
216800000000000009
216c00000000001c39
217000000000000001
2174000000000014d1
217800000000000064
217c000000000001b9
218000000000000051
218400000000000121
218800000000000010
218c00000000001729
219000000000000009
219400000000000010
219800000000000019
219c00000000000240
21a000000000000121
21a4000000000000e1
21a800000000000040
21ac000000000019a1
21b000000000000009
21b400000000000240
21b800000000000009
21bc000000000005a4
21c000000000000010
21c400000000000144
21c8000000000000e1
21cc00000000000640
21d0000000000000a9
21d400000000001ce4
21d800000000000024
21dc000000000001b9
21e0000000000000a9
21e400000000000739
21e800000000000010
21ec00000000000079
21f0000000000000a9
21f400000000000100
21f800000000000010
21fc00000000000019
220000000000000010
220400000000000240
220800000000000100
220c00000000000484
221000000000000090
221400000000000019
221800000000000004
221c00000000000bd1
222000000000000190
2224000000000001e4
2228000000000000c4
222c000000000002a4
223000000000000024
223400000000000031
223800000000000100
223c000000000005f1
2240000000000000a9
224400000000000090
224800000000000001
224c00000000000484
225000000000000019
225400000000000844
2258000000000000c4
225c00000000000559
2260000000000000a9
226400000000000559
226800000000000009
226c000000000000e1
2270000000000000a9
227400000000000004
227800000000000031
227c00000000000090
228000000000000000
228400000000000510
228800000000000040
228c00000000000190
229000000000000000
2294000000000000e1
229800000000000064
229c00000000000121
22a0000000000001e4
22a400000000000900
22a800000000000004
22ac000000000002a4
22b000000000000004
22b4000000000001b9
22b800000000000010
22bc00000000000169
22c000000000000019
22c400000000001900
22c800000000000004
22cc000000000013b1
22d000000000000009
22d400000000000510
22d800000000000019
22dc000000000006e4
22e000000000000031
22e400000000000d24
22e800000000000004
22ec000000000000e1
22f0000000000000c4
22f400000000000310
22f800000000000031
22fc00000000000441
2300000000000000c4
230400000000000739
230800000000000010
230c000000000002d9
231000000000000010
231400000000001440
231800000000000079
231c000000000003c1
232000000000000001
232400000000000441
2328000000000000c4
232c00000000000bd1
233000000000000019
233400000000000211
233800000000000004
233c00000000000169
234000000000000004
2344000000000003c1
234800000000000009
234c00000000000079
235000000000000019
2354000000000007e9
235800000000000009
235c00000000000c40
236000000000000010
236400000000000b64
236800000000000004
236c00000000000079
237000000000000004
237400000000000271
237800000000000064
237c00000000000024
2380000000000000a9
2384000000000027d9
238800000000000000
238c00000000001440
239000000000000079
239400000000000640
2398000000000000c4
239c00000000000009
23a000000000000019
23a400000000000090
23a800000000000004
23ac000000000001e4
23b000000000000019
23b400000000002584
23b800000000000121
23bc00000000000169
23c000000000000090
23c4000000000000e1
23c800000000000121
23cc000000000002a4
23d000000000000090
23d4000000000001e4
23d800000000000024
23dc00000000000019
23e000000000000004
23e400000000000484
23e800000000000000
23ec00000000000310
23f000000000000009
23f400000000000441
23f800000000000000
23fc000001c613b4c4
240000000716c4b0a4
2404000001c5bbd2a1
240800000000000004
240c000000000004c9
241000000000000019
2414000000000001b9
241800000000000019
241c000000000000e1
242000000000000019
2424000000000001e4
242800000000000009
242c00000000000031
2430000000000000a9
243400000000000064
243800000000000079
243c00000000000559
244000000000000004
2444000000000002a4
244800000000000064
244c00000000000c40
2450000000000000c4
2454000000000001e4
245800000000000031
245c00000000000384
246000000000000010
246400000000000271
246800000000000010
246c00000000000790
247000000000000024
247400000000000064
247800000000000000
247c00000000000844
248000000000000100
248400000000000961
248800000000000090
248c000000000002d9
2490000000000000e1
2494000000000005a4
249800000000000051
249c00000000000169
24a000000000000090
24a400000000000100
24a800000000000064
24ac00000000000310
24b000000000000001
24b4000000000000c4
24b800000000000051
24bc00000000000900
24c000000000000000
24c400000000000040
24c800000000000051
24cc000000000004c9
24d000000000000064
24d400000000000144
24d800000000000064
24dc00000000001324
24e000000000000001
24e400000000000010
24e800000000000040
24ec00000000000b64
24f000000000000024
24f4000000000001e4
24f8000000000000a9
24fc00000000000310
250000000000000001
2504000000000019a1
250800000000000010
250c00000000000e89
251000000000000040
251400000000000090
251800000000000009
251c00000000000010
2520000000000000a9
2524000000000003c1
252800000000000024
252c00000000000031
253000000000000064
253400000000000510
2538000000000000a9
253c000000000002a4
254000000000000019
254400000000000000
254800000000000079
254c00000000000d99
255000000000000009
255400000000000400
255800000000000190
255c00000000000900
256000000000000001
256400000000000349
256800000000000169
256c00000000000844
257000000000000004
257400000000000900
2578000000000000a9
257c000000000003c1
258000000000000010
258400000000000b64
258800000000000169
258c000000000001b9
259000000000000001
259400000000000064
259800000000000009
259c00000000000051
25a000000000000064
25a400000000000019
25a800000000000009
25ac00000000000144
25b000000000000001
25b400000000000019
25b800000000000271
25bc00000000000169
25c000000000000090
25c4000000000003c1
25c800000000000121
25cc00000000000019
25d000000000000064
25d4000000000001b9
25d800000000000051
25dc000000000002d9
25e000000000000040
25e400000000001000
25e800000000000019
25ec00000000000790
25f000000000000004
25f400000000000010
25f800000000000079
25fc00000000000190
2600000000000000e1
2604000000000005a4
260800000000000031
260c00000000000001
261000000000000079
261400000000000024
2618000000000000a9
261c000000000002a4
2620000000000000a9
2624000000000005f1
2628000000000000a9
262c00000000000310
263000000000000121
263400000000000051
263800000000000019
263c00000000001ef1
264000000000000090
264400000000000079
264800000000000100
264c00000000000121
265000000000000079
265400000000000739
265800000000000004
265c000000000001b9
266000000000000019
266400000000000031
266800000000000001
266c000000000024c1
267000000000000010
267400000000000a90
267800000000000064
267c00000000000691
268000000000000024
268400000000000004
268800000000000010
268c00000000000009
269000000000000001
269400000000000240
269800000000000079
269c00000000000af9
26a000000000000144
26a400000000000349
26a800000000000010
26ac00000000000349
26b000000000000051
26b4000000000021c9
26b800000000000001
26bc00000000000004
26c000000000000100
26c400000000000e89
26c800000000000019
26cc00000000000121
26d000000000000090
26d400000000001299
26d800000000000004
26dc00000000000640
26e000000000000004
26e400000000000019
26e800000000000009
26ec000000000000a9
26f000000000000000
26f400000000000349
26f800000000000001
26fc00000000000051
270000000000000001
270400000000000d24
270800000000000121
270c00000000000121
271000000000000079
271400000000000bd1
271800000000000024
271c00000000001000
272000000000000024
272400000000000040
272800000000000009
272c00000000000000
273000000000000024
273400000000000310
273800000000000169
273c000000000000c4
274000000000000009
274400000000000051
274800000000000064
274c00000000000349
275000000000000100
275400000000000019
275800000000000064
275c00000000000009
276000000000000009
2764000000000004c9
276800000000000121
276c000000000005f1
2770000000000000c4
277400000000000144
277800000000000010
277c00000000000844
278000000000000031
278400000000000349
278800000000000010
278c000000000005f1
279000000000000024
279400000000000c40
2798000000000000a9
279c00000000000a29
27a000000000000000
27a400000000000079
27a800000000000009
27ac00000000000559
27b000000000000064
27b400000000000040
27b800000000000040
27bc000000000003c1
27c000000000000009
27c400000000000240
27c800000000000064
27cc00000000000064
27d000000000000190
27d4000000000001b9
27d8000000000000c4
27dc00000000000090
27e000000000000040
27e4000000000005a4
27e800000000000040
27ec00000000000a29
27f000000000000024
27f400000000000510
27f800000000000001
27fc000000000002d9
280000000000000144
280400000000000484
280800000000000010
280c00000000000640
281000000000000090
281400000000002649
281800000000000024
281c00000000000739
282000000000000100
282400000000000790
282800000000000064
282c000000000009c4
283000000000000004
2834000000000000e1
283800000000000010
283c00000000000079
284000000000000079
284400000000000100
2848000000000000a9
284c00000000000484
285000000000000019
285400000000000190
285800000000000000
285c00000000000079
286000000000000019
286400000000000031
286800000000000001
286c00000000000001
287000000000000001
2874000000000009c4
287800000000000019
287c00000000000790
288000000000000000
288400000000000190
288800000000000040
288c00000000000310
289000000000000004
289400000000000079
289800000000000024
289c000000000003c1
28a000000000000010
28a400000000000844
28a800000000000090
28ac000000000000c4
28b000000000000090
28b400000000000019
28b800000000000010
28bc000000000002d9
28c000000000000211
28c4000000000002a4
28c800000000000064
28cc000000000002d9
28d000000000000051
28d400000000000f04
28d8000000000000a9
28dc00000000000190
28e000000000000079
28e4000000000009c4
28e800000000000024
28ec00000000000019
28f000000000000090
28f400000000001e40
28f800000000000169
28fc00000000000f81
2900000000000000c4
290400000000000190
2908000000000000a9
290c00000000000400
291000000000000001
2914000000000005a4
291800000000000004
291c00000000000484
292000000000000040
292400000000000144
2928000000000000e1
292c00000000000af9
293000000000000000
293400000000001299
293800000000000001
293c00000000000079
2940000000000000a9
294400000000000484
294800000000000031
294c00000000000271
295000000000000169
295400000000000079
295800000000000010
295c00000000000400
296000000000000031
296400000000000559
296800000000000211
296c00000000000009
297000000000000051
297400000000000009
297800000000000010
297c00000000001081
298000000000000079
298400000000000001
298800000000000400
298c00000000000a29
299000000000000019
299400000000000240
299800000000000031
299c00000000000064
29a000000000000019
29a4000000000000e1
29a800000000000024
29ac00000000000009
29b000000000000079
29b4000000000002a4
29b800000000000051
29bc00000000000064
29c000000000000000
29c400000000000144
29c800000000000019
29cc00000000000240
29d000000000000051
29d400000000000024
29d800000000000004
29dc00000000000051
29e000000000000031
29e4000000000004c9
29e800000000000000
29ec000000000005f1
29f000000000000051
29f4000000000000c4
29f800000000000024
29fc00000000001ef1
2a0000000000000040
2a0400000000000310
2a0800000000000040
2a0c00000000000144
2a1000000000000010
2a14000000000000e1
2a1800000000000010
2a1c00000000000169
2a2000000000000024
2a2400000000001fa4
2a2800000000000010
2a2c000000000002a4
2a3000000000000004
2a3400000000000af9
2a3800000000000004
2a3c000000000008a1
2a4000000000000019
2a4400000000000e10
2a4800000000000009
2a4c00000000000400
2a5000000000000001
2a5400000000000a90
2a5800000000000024
2a5c000000000000a9
2a6000000000000211
2a6400000000000bd1
2a68000000000000e1
2a6c000000000002d9
2a7000000000000001
2a7400000000000b64
2a7800000000000001
2a7c00000000000040
2a8000000000000064
2a8400000000000000
2a8800000000000004
2a8c00000000000d24
2a9000000000000004
2a9400000000000cb1
2a9800000000000144
2a9c000000000005f1
2aa000000000000000
2aa400000000000040
2aa800000000000024
2aac00000000000484
2ab000000000000090
2ab4000000000002d9
2ab800000000000024
2abc000000000001b9
2ac000000000000001
2ac400000000000400
2ac800000000000000
2acc00000000001189
2ad000000000000031
2ad4000000000000c4
2ad800000000000031
2adc00000000000e10
2ae000000000000019
2ae400000000000240
2ae800000000000090
2aec00000000000961
2af000000000000004
2af400000000000c40
2af800000000000001
2afc000000000015f9
2b0000000000000010
2b04000000000005f1
2b0800000000000024
2b0c00000000000001
2b1000000000000040
2b1400000000000064
2b1800000000000349
2b1c000000000000a9
2b2000000000000019
2b2400000000000009
2b2800000000000040
2b2c00000000000051
2b3000000000000009
2b3400000000000441
2b3800000000000144
2b3c00000000000031
2b4000000000000100
2b44000000000000e1
2b4800000000000009
2b4c00000000000169
2b50000000000001b9
2b54000000000005f1
2b5800000000000079
2b5c00000000000090
2b6000000000000000
2b6400000000000010
2b6800000000000004
2b6c00000000000009
2b7000000000000090
2b7400000000000169
2b7800000000000024
2b7c00000000000240
2b8000000000000009
2b8400000000000051
2b8800000000000004
2b8c00000000000100
2b9000000000000001
2b9400000000000900
2b9800000000000010
2b9c000000000004c9
2ba000000000000031
2ba400000000000384
2ba800000000000064
2bac00000000000a90
2bb000000000000009
2bb400000000000024
2bb800000000000001
2bbc000000000004c9
2bc000000000000004
2bc400000000000211
2bc8000000000000e1
2bcc00000000000000
2bd000000000000000
2bd400000000000900
2bd800000000000010
2bdc000000000007e9
2be000000000000024
2be400000000000190
2be800000000000004
2bec00000000000064
2bf000000000000001
2bf400000000000169
2bf800000000000000
2bfc00000000000f04
2c0000000000000010
2c0400000000001324
2c0800000000000090
2c0c000000000003c1
2c1000000000000190
2c1400000000000001
2c1800000000000040
2c1c00000000000240
2c2000000000000019
2c2400000000001ce4
2c2800000000000169
2c2c00000000000121
2c3000000000000051
2c3400000000000144
2c3800000000000019
2c3c00000000000271
2c4000000000000090
2c4400000000000e89
2c4800000000000024
2c4c00000000000484
2c5000000000000090
2c5400000000000090
2c5800000000000001
2c5c00000000000079
2c6000000000000144
2c6400000000000484
2c6800000000000010
2c6c000000000001b9
2c7000000000000010
2c7400000000000e89
2c7800000000000024
2c7c00000000000211
2c80000000000000c4
2c84000000000015f9
2c88000000000001e4
2c8c00000000000640
2c9000000000000009
2c9400000000000240
2c9800000000000121
2c9c00000000000040
2ca0000000000000a9
2ca400000000000079
2ca800000000000031
2cac00000000002341
2cb000000000000024
2cb4000000000002a4
2cb800000000000024
2cbc00000000000d24
2cc000000000000031
2cc400000000000a29
2cc800000000000000
2ccc00000000000cb1
2cd000000000000090
2cd4000000000013b1
2cd800000000000144
2cdc00000000000004
2ce0000000000000a9
2ce400000000000844
2ce800000000000004
2cec000000000002a4
2cf000000000000001
2cf4000000000000e1
2cf800000000000384
2cfc000000000000c4
2d00000000000000c4
2d0400000000000051
2d0800000000000001
2d0c000000000004c9
2d10000000000002d9
2d1400000000001000
2d1800000000000010
2d1c00000000000090
2d2000000000000009
2d24000000000000a9
2d2800000000000064
2d2c00000000000400
2d3000000000000090
2d3400000000000349
2d3800000000000019
2d3c00000000002284
2d40000000000000a9
2d4400000000000271
2d4800000000000019
2d4c000000000000a9
2d5000000000000040
2d5400000000000144
2d5800000000000009
2d5c000000000001e4
2d6000000000000024
2d64000000000015f9
2d6800000000000064
2d6c00000000000040
2d7000000000000079
2d7400000000003490
2d7800000000000010
2d7c00000000000211
2d8000000000000010
2d8400000000002400
2d88000000000001b9
2d8c00000000000691
2d9000000000000001
2d9400000000000024
2d98000000000000a9
2d9c00000000000051
2da000000000000004
2da400000000000121
2da800000000000051
2dac00000000000e89
2db000000000000031
2db400000000000a90
2db800000000000031
2dbc00000000000af9
2dc000000000000090
2dc4000000000014d1
2dc800000000000019
2dcc00000000000cb1
2dd000000000000019
2dd400000000000240
2dd8000000000000c4
2ddc00000000000240
2de000000000000064
2de400000000001104
2de8000000000000a9
2dec00000000000009
2df000000000000024
2df400000000000079
2df800000000000031
2dfc00000000000031
2e0000000000000009
2e0400000000000900
2e0800000000000001
2e0c00000000001690
2e1000000000000019
2e14000000000006e4
2e1800000000000211
2e1c00000000000441
2e2000000000000090
2e2400000000000640
2e2800000000000090
2e2c00000000000121
2e3000000000000121
2e34000000000000c4
2e3800000000000031
2e3c000000000001b9
2e4000000000000024
2e4400000000000190
2e4800000000000040
2e4c00000000000900
2e50000000000001e4
2e5400000000000349
2e5800000000000079
2e5c00000000000739
2e6000000000000010
2e64000000000002d9
2e6800000000000000
2e6c00000000000961
2e7000000000000079
2e7400000000000e10
2e7800000000000031
2e7c00000000001000
2e8000000000000271
2e8400000000000009
2e8800000000000051
2e8c00000000001299
2e9000000000000001
2e9400000000000001
2e9800000000000009
2e9c000000000007e9
2ea000000000000064
2ea400000000000384
2ea800000000000000
2eac000000000005f1
2eb000000000000010
2eb400000000000121
2eb800000000000090
2ebc00000000000271
2ec000000000000079
2ec400000000000064
2ec800000000000000
2ecc00000000001900
2ed0000000000001b9
2ed400000000000a90
2ed800000000000031
2edc00000000000064
2ee000000000000000
2ee4000000000000e1
2ee800000000000001
2eec00000000000190
2ef0000000000000c4
2ef400000000001690
2ef800000000000001
2efc00000000000640
2f0000000000000031
2f0400000000000bd1
2f0800000000000009
2f0c000000000005a4
2f1000000000000010
2f1400000000000010
2f1800000000000079
2f1c000000000001b9
2f2000000000000040
2f24000000000007e9
2f2800000000000031
2f2c000000000000c4
2f3000000000000010
2f3400000000000441
2f3800000000000031
2f3c00000000001081
2f40000000000000e1
2f4400000000000484
2f4800000000000144
2f4c00000000000d24
2f5000000000000100
2f54000000000001e4
2f58000000000001e4
2f5c000000000002d9
2f6000000000000051
2f6400000000000349
2f68000000000000e1
2f6c000000000008a1
2f7000000000000010
2f7400000000000559
2f7800000000000010
2f7c000000000002d9
2f8000000000000100
2f8400000000000100
2f8800000000000051
2f8c00000000000400
2f9000000000000031
2f94000000000006e4
2f9800000000000040
2f9c00000000000a90
2fa000000000000000
2fa400000000000000
2fa800000000000271
2fac00000000000441
2fb000000000000001
2fb4000000000007e9
2fb800000000000019
2fbc000000000002a4
2fc000000000000004
2fc400000000000051
2fc800000000000079
2fcc00000000000024
2fd000000000000040
2fd4000000000015f9
2fd800000000000064
2fdc00000000000441
2fe000000000000121
2fe400000000001b90
2fe800000000000051
2fec00000000000484
2ff000000000000004
2ff4000000000024c1
2ff8000000000000a9
2ffc00000000000790
300000000000000004
300400000000000e10
300800000000000004
300c00000000000144
301000000000000040
301400000000000271
3018000000000002a4
301c000000000002d9
3020000000000000c4
302400000000000510
302800000000000064
302c00000000000310
303000000000000004
303400000000000051
303800000000000024
303c00000000000001
304000000000000009
3044000000000000c4
304800000000000019
304c000000000009c4
3050000000000000a9
305400000000000484
305800000000000004
305c00000000000559
306000000000000051
306400000000000af9
3068000000000000e1
306c00000000002059
307000000000000169
307400000000000090
307800000000000031
307c00000000000004
308000000000000004
308400000000000100
308800000000000064
308c000000000002a4
309000000000000010
309400000000000031
309800000000000090
309c00000000003021
30a000000000000090
30a400000000001440
30a800000000000010
30ac000000000002a4
30b0000000000000c4
30b4000000000000a9
30b800000000000004
30bc00000000000019
30c000000000000031
30c400000000000004
30c800000000000024
30cc00000000000009
30d000000000000031
30d4000000000000c4
30d800000000000031
30dc00000000000c40
30e000000000000001
30e400000000001564
30e800000000000004
30ec00000000000051
30f000000000000000
30f400000000000310
30f800000000000031
30fc00000000000211
310000000000000024
310400000000000190
3108000000000000a9
310c00000000001440
311000000000000079
311400000000000024
311800000000000090
311c000000000006e4
312000000000000010
312400000000000510
312800000000000121
312c000000000000a9
3130000000000000c4
313400000000000001
313800000000000079
313c00000000000169
314000000000000051
314400000000001324
314800000000000001
314c00000000001ae9
3150000000000000a9
315400000000000051
3158000000000000c4
315c000000000001e4
3160000000000000e1
3164000000000000a9
3168000000000000a9
316c00000000000079
317000000000000009
3174000000000014d1
317800000000000190
317c00000000000211
318000000000000009
3184000000000013b1
318800000000000090
318c00000000000009
3190000000000000e1
319400000000000310
319800000000000009
319c00000000000d24
31a000000000000079
31a400000000001ae9
31a800000000000010
31ac00000000000271
31b0000000000001b9
31b400000000000000
31b800000000000001
31bc000000000002a4
31c000000000000004
31c400000000001104
31c800000000000001
31cc000000000009c4
31d000000000000051
31d400000000000190
31d800000000000000
31dc000000000002d9
31e000000000000019
31e400000000000009
31e800000000000010
31ec000000000007e9
31f000000000000001
31f400000000000090
31f8000000000001e4
31fc00000000000d99
320000000000000144
320400000000000144
3208000000000000c4
320c000000000002a4
321000000000000010
321400000000000169
321800000000000040
321c00000000000009
322000000000000024
322400000000002584
322800000000000010
322c00000000000100
323000000000000010
323400000000000009
323800000000000024
323c00000000000a29
324000000000000019
3244000000000017c4
324800000000000019
324c00000000000190
3250000000000000a9
325400000000001564
325800000000000000
325c000000000007e9
326000000000000031
326400000000000271
326800000000000031
326c00000000000349
327000000000000019
327400000000000064
3278000000000000a9
327c00000000000064
328000000000000000
328400000000000064
328800000000000064
328c00000000000004
329000000000000010
3294000000000002d9
329800000000000090
329c00000000001861
32a000000000000024
32a400000000000844
32a800000000000040
32ac00000000000064
32b000000000000004
32b400000000000001
32b800000000000040
32bc00000000001861
32c000000000000051
32c400000000000510
32c800000000000010
32cc00000000000349
32d000000000000031
32d400000000001564
32d800000000000051
32dc00000000000144
32e000000000000079
32e400000000000144
32e800000000000004
32ec00000000000009
32f000000000000040
32f400000000000090
32f800000000000051
32fc000000000008a1
330000000000000144
330400000000002e69
330800000000000024
330c00000000000051
331000000000000100
331400000000000144
331800000000000031
331c00000000000349
332000000000000079
332400000000000009
332800000000000000
332c000000000008a1
333000000000000019
3334000000000003c1
333800000000000004
333c00000000000441
334000000000000040
334400000000000019
334800000000000031
334c00000000000009
335000000000000031
3354000000000001b9
335800000000000051
335c000000000002a4
336000000000000040
336400000000000c40
336800000000000040
336c00000000000031
337000000000000004
3374000000000008a1
337800000000000024
337c000000000001e4
338000000000000051
338400000000000079
338800000000000010
338c00000000000100
339000000000000079
339400000000000040
339800000000000004
339c00000000000019
33a0000000000000a9
33a400000000002400
33a800000000000240
33ac00000000000310
33b000000000000031
33b400000000000a90
33b8000000000000e1
33bc00000000000031
33c000000000000010
33c400000000000001
33c800000000000001
33cc00000000000100
33d000000000000000
33d400000000000090
33d800000000000010
33dc00000000000009
33e000000000000090
33e400000000001440
33e800000000000004
33ec00000000000064
33f000000000000001
33f400000000000051
33f800000000000144
33fc0000000b3d5110
34000000002d442fa4
34040000000b52ba91
3408000000000000c4
340c00000000001189
341000000000000019
3414000000000001b9
341800000000000001
341c00000000000169
3420000000000001b9
342400000000000064
342800000000000169
342c00000000001729
343000000000000079
343400000000000190
343800000000000019
343c00000000000019
344000000000000024
344400000000000a90
344800000000000010
344c00000000000310
345000000000000024
345400000000000010
3458000000000000a9
345c00000000000384
346000000000000100
346400000000000211
346800000000000024
346c00000000000144
347000000000000064
347400000000000064
347800000000000144
347c00000000000024
348000000000000004
348400000000000121
348800000000000004
348c000000000004c9
349000000000000001
3494000000000002a4
349800000000000019
349c00000000001c39
34a0000000000000c4
34a400000000000240
34a800000000000000
34ac00000000000004
34b000000000000051
34b400000000000064
34b800000000000079
34bc00000000000484
34c000000000000010
34c4000000000002a4
34c800000000000031
34cc00000000000bd1
34d000000000000004
34d400000000002400
34d800000000000144
34dc00000000000400
34e000000000000019
34e400000000000010
34e800000000000024
34ec00000000000310
34f000000000000064
34f400000000000040
34f800000000000121
34fc000000000001e4
350000000000000051
350400000000000031
350800000000000010
350c000000000001b9
351000000000000000
351400000000000400
351800000000000009
351c00000000000000
352000000000000079
3524000000000002d9
352800000000000064
352c000000000003c1
353000000000000004
353400000000000b64
353800000000000211
353c00000000000100
354000000000000079
354400000000000144
354800000000000031
354c000000000001b9
355000000000000019
355400000000000e10
355800000000000064
355c00000000000b64
356000000000000001
356400000000000211
356800000000000009
356c00000000000064
357000000000000010
3574000000000005a4
357800000000000031
357c00000000000051
358000000000000010
3584000000000017c4
358800000000000051
358c00000000000079
359000000000000019
359400000000000144
359800000000000001
359c00000000000739
35a000000000000064
35a400000000000169
35a8000000000000e1
35ac00000000001900
35b000000000000051
35b400000000000441
35b800000000000001
35bc00000000000e89
35c000000000000024
35c400000000000031
35c8000000000001b9
35cc00000000000211
35d0000000000000c4
35d400000000000079
35d800000000000009
35dc00000000000d99
35e000000000000004
35e400000000001210
35e800000000000019
35ec00000000000024
35f0000000000000c4
35f400000000000100
35f800000000000121
35fc00000000000640
360000000000000019
360400000000000144
360800000000000001
360c000000000003c1
361000000000000169
3614000000000002a4
361800000000000079
361c000000000000c4
362000000000000121
362400000000000271
362800000000000019
362c00000000000484
363000000000000019
363400000000000271
363800000000000031
363c00000000000019
364000000000000190
364400000000000079
364800000000000024
364c000000000008a1
365000000000000009
365400000000000169
365800000000000000
365c00000000000559
3660000000000000e1
366400000000000031
366800000000000019
366c000000000004c9
367000000000000090
367400000000001210
367800000000000384
367c00000000001189
368000000000000100
368400000000000e10
368800000000000064
368c000000000002d9
369000000000000019
369400000000000190
369800000000000031
369c00000000000051
36a000000000000040
36a4000000000002d9
36a800000000000040
36ac00000000001299
36b000000000000051
36b4000000000002d9
36b800000000000009
36bc00000000000040
36c000000000000000
36c400000000000f81
36c800000000000051
36cc000000000000a9
36d000000000000100
36d400000000000349
36d800000000000004
36dc00000000000100
36e000000000000004
36e4000000000005f1
36e800000000000001
36ec00000000000f81
36f000000000000064
36f400000000000031
36f800000000000001
36fc00000000000271
370000000000000001
370400000000000790
370800000000000031
370c00000000000031
371000000000000001
371400000000000271
371800000000000000
371c000000000005a4
372000000000000000
372400000000000c40
372800000000000001
372c00000000001324
373000000000000040
373400000000000144
373800000000000019
373c00000000000f04
374000000000000031
3744000000000004c9
374800000000000040
374c00000000000079
375000000000000190
375400000000000e89
375800000000000190
375c00000000000001
376000000000000079
3764000000000002d9
376800000000000031
376c000000000001b9
377000000000000190
377400000000000064
377800000000000040
377c00000000000024
378000000000000031
3784000000000013b1
378800000000000040
378c00000000001299
379000000000000024
3794000000000009c4
379800000000000009
379c00000000000af9
37a000000000000000
37a400000000000961
37a800000000000031
37ac00000000000079
37b000000000000000
37b400000000000400
37b800000000000000
37bc00000000000cb1
37c000000000000121
37c400000000002d90
37c800000000000024
37cc00000000000310
37d000000000000000
37d4000000000000a9
37d800000000000040
37dc00000000000640
37e000000000000010
37e400000000000240
37e800000000000144
37ec000000000008a1
37f000000000000010
37f400000000000024
37f800000000000079
37fc000000000002d9
380000000000000000
3804000000000005a4
380800000000000004
380c00000000000040
381000000000000024
381400000000000211
381800000000000004
381c00000000000009
382000000000000010
382400000000000640
382800000000000010
382c00000000000b64
383000000000000040
383400000000000271
383800000000000024
383c00000000000079
384000000000000051
384400000000001324
384800000000000009
384c000000000000c4
385000000000000019
385400000000000900
3858000000000000c4
385c000000000007e9
386000000000000001
386400000000000079
386800000000000079
386c00000000000739
3870000000000000a9
387400000000000040
387800000000000079
387c00000000000b64
388000000000000024
388400000000000100
388800000000000040
388c000000000002a4
389000000000000004
389400000000000271
389800000000000024
389c000000000004c9
38a0000000000000c4
38a4000000000002a4
38a800000000000010
38ac00000000000010
38b000000000000010
38b4000000000015f9
38b800000000000040
38bc000000000005f1
38c000000000000019
38c400000000000790
38c800000000000064
38cc00000000000019
38d000000000000031
38d400000000000844
38d800000000000031
38dc000000000006e4
38e000000000000001
38e400000000000040
38e800000000000040
38ec00000000000961
38f000000000000010
38f4000000000002a4
38f800000000000019
38fc000000000003c1
390000000000000004
390400000000000484
390800000000000001
390c00000000000090
391000000000000009
391400000000003664
391800000000000004
391c000000000000c4
3920000000000000c4
392400000000000004
392800000000000121
392c00000000001ef1
393000000000000024
393400000000000211
393800000000000001
393c000000000004c9
394000000000000001
394400000000000484
394800000000000051
394c000000000000e1
395000000000000001
395400000000000051
395800000000000040
395c00000000000144
396000000000000051
396400000000000739
396800000000000079
396c00000000000019
397000000000000009
397400000000000441
397800000000000010
397c00000000000441
398000000000000019
398400000000000bd1
398800000000000010
398c00000000000079
399000000000000031
399400000000000d24
399800000000000031
399c00000000000240
39a000000000000051
39a400000000000271
39a800000000000010
39ac000000000001b9
39b000000000000019
39b4000000000005a4
39b800000000000019
39bc00000000000000
39c000000000000040
39c400000000000010
39c8000000000000e1
39cc00000000000240
39d000000000000001
39d400000000000384
39d8000000000000c4
39dc00000000000001
39e000000000000079
39e400000000000961
39e800000000000064
39ec000000000002d9
39f000000000000079
39f400000000001324
39f8000000000000c4
39fc000000000015f9
3a0000000000000000
3a0400000000000064
3a0800000000000090
3a0c000000000000c4
3a1000000000000024
3a1400000000000211
3a1800000000000000
3a1c000000000003c1
3a2000000000000010
3a2400000000000010
3a2800000000000010
3a2c00000000000c40
3a3000000000000040
3a34000000000008a1
3a3800000000000004
3a3c000000000003c1
3a4000000000000051
3a4400000000000090
3a4800000000000001
3a4c00000000000024
3a5000000000000009
3a54000000000002a4
3a5800000000000064
3a5c000000000003c1
3a6000000000000019
3a64000000000014d1
3a6800000000000009
3a6c00000000000009
3a7000000000000051
3a7400000000000484
3a7800000000000051
3a7c000000000005a4
3a8000000000000024
3a8400000000000c40
3a8800000000000144
3a8c00000000002a40
3a9000000000000144
3a9400000000000169
3a9800000000000100
3a9c00000000000121
3aa000000000000004
3aa400000000001210
3aa800000000000024
3aac00000000000010
3ab000000000000190
3ab400000000000169
3ab800000000000004
3abc000000000005f1
3ac000000000000051
3ac400000000000024
3ac800000000000010
3acc000000000004c9
3ad000000000000009
3ad400000000000384
3ad800000000000051
3adc00000000000144
3ae000000000000009
3ae4000000000002a4
3ae800000000000040
3aec00000000000079
3af000000000000040
3af4000000000009c4
3af800000000000009
3afc00000000000001
3b0000000000000024
3b0400000000000f81
3b0800000000000100
3b0c00000000000961
3b1000000000000024
3b1400000000000190
3b1800000000000001
3b1c000000000001b9
3b2000000000000031
3b2400000000000051
3b2800000000000010
3b2c000000000005f1
3b3000000000000019
3b3400000000000cb1
3b3800000000000100
3b3c00000000000019
3b4000000000000064
3b4400000000000f81
3b4800000000000031
3b4c00000000000009
3b5000000000000079
3b5400000000000031
3b5800000000000001
3b5c00000000000384
3b60000000000000c4
3b6400000000000090
3b6800000000000000
3b6c00000000000211
3b7000000000000190
3b7400000000000f81
3b7800000000000010
3b7c00000000002284
3b8000000000000051
3b8400000000000079
3b8800000000000004
3b8c00000000000400
3b9000000000000001
3b9400000000000040
3b9800000000000010
3b9c00000000001081
3ba000000000000019
3ba4000000000005a4
3ba800000000000024
3bac00000000000510
3bb000000000000211
3bb400000000001104
3bb800000000000051
3bbc00000000000d99
3bc000000000000090
3bc400000000000031
3bc8000000000000a9
3bcc00000000000400
3bd000000000000024
3bd400000000000384
3bd800000000000064
3bdc00000000000079
3be000000000000090
3be400000000000090
3be800000000000100
3bec00000000000400
3bf000000000000051
3bf4000000000001b9
3bf800000000000144
3bfc000000000006e4
3c0000000000000010
3c0400000000000064
3c0800000000000024
3c0c00000000000001
3c1000000000000064
3c1400000000000031
3c1800000000000010
3c1c00000000000064
3c2000000000000051
3c2400000000001324
3c2800000000000009
3c2c00000000000559
3c3000000000000009
3c34000000000002a4
3c38000000000000a9
3c3c00000000001d91
3c4000000000000064
3c44000000000002d9
3c4800000000000024
3c4c00000000001690
3c5000000000000040
3c5400000000000844
3c5800000000000019
3c5c00000000000121
3c6000000000000004
3c6400000000001210
3c6800000000000090
3c6c000000000015f9
3c7000000000000090
3c7400000000000349
3c7800000000000010
3c7c00000000000211
3c8000000000000064
3c8400000000002341
3c8800000000000064
3c8c00000000000190
3c9000000000000009
3c9400000000000240
3c9800000000000031
3c9c000000000000c4
3ca0000000000000a9
3ca400000000000cb1
3ca8000000000000a9
3cac000000000000e1
3cb000000000000040
3cb400000000000144
3cb800000000000004
3cbc00000000001104
3cc000000000000079
3cc400000000000031
3cc800000000000040
3ccc00000000000e89
3cd000000000000004
3cd4000000000004c9
3cd800000000000040
3cdc00000000000384
3ce000000000000001
3ce4000000000000c4
3ce800000000000040
3cec00000000000144
3cf0000000000000e1
3cf400000000000079
3cf800000000000090
3cfc000000000005a4
3d0000000000000000
3d04000000000000e1
3d0800000000000079
3d0c00000000000169
3d1000000000000001
3d1400000000000024
3d1800000000000100
3d1c00000000000024
3d2000000000000441
3d2400000000000169
3d2800000000000024
3d2c00000000000144
3d3000000000000004
3d3400000000000121
3d3800000000000001
3d3c000000000005a4
3d4000000000000001
3d44000000000002d9
3d4800000000000051
3d4c000000000003c1
3d50000000000000c4
3d5400000000000064
3d5800000000000121
3d5c000000000001e4
3d6000000000000024
3d64000000000004c9
3d6800000000000010
3d6c00000000000384
3d7000000000000009
3d7400000000000384
3d7800000000000024
3d7c000000000002d9
3d8000000000000064
3d8400000000000a90
3d8800000000000009
3d8c000000000021c9
3d9000000000000009
3d9400000000000010
3d9800000000000009
3d9c00000000000079
3da0000000000001e4
3da4000000000014d1
3da8000000000000e1
3dac00000000000559
3db0000000000000e1
3db400000000001324
3db800000000000009
3dbc00000000000af9
3dc000000000000004
3dc400000000000441
3dc800000000000019
3dcc00000000000559
3dd000000000000051
3dd400000000000024
3dd800000000000024
3ddc00000000000384
3de000000000000240
3de4000000000001e4
3de800000000000001
3dec00000000000079
3df000000000000064
3df400000000000079
3df800000000000031
3dfc00000000001861
3e0000000000000001
3e0400000000000040
3e0800000000000019
3e0c00000000000640
3e1000000000000031
3e1400000000000004
3e1800000000000001
3e1c00000000000001
3e2000000000000064
3e2400000000000900
3e2800000000000100
3e2c00000000000051
3e3000000000000121
3e3400000000002f44
3e38000000000000a9
3e3c000000000005f1
3e4000000000000064
3e4400000000001900
3e4800000000000090
3e4c00000000000024
3e5000000000000004
3e54000000000005f1
3e5800000000000031
3e5c00000000000169
3e6000000000000004
3e6400000000000121
3e6800000000000010
3e6c00000000000739
3e7000000000000051
3e7400000000000510
3e7800000000000009
3e7c000000000000c4
3e8000000000000001
3e8400000000000961
3e8800000000000019
3e8c00000000000019
3e9000000000000001
3e94000000000008a1
3e9800000000000051
3e9c00000000000009
3ea000000000000024
3ea400000000001ce4
3ea800000000000040
3eac00000000000001
3eb000000000000040
3eb4000000000003c1
3eb8000000000000c4
3ebc000000000001b9
3ec000000000000001
3ec400000000000004
3ec800000000000004
3ecc00000000000400
3ed0000000000000e1
3ed4000000000000c4
3ed800000000000009
3edc00000000000240
3ee000000000000004
3ee4000000000027d9
3ee800000000000019
3eec00000000000100
3ef000000000000040
3ef400000000000064
3ef800000000000019
3efc00000000000a90
3f0000000000000031
3f04000000000004c9
3f0800000000000019
3f0c00000000000240
3f1000000000000010
3f1400000000000040
3f1800000000000009
3f1c000000000002d9
3f2000000000000024
3f24000000000005f1
3f2800000000000001
3f2c00000000000190
3f3000000000000000
3f3400000000000019
3f3800000000000169
3f3c00000000000691
3f4000000000000009
3f4400000000001e40
3f4800000000000040
3f4c000000000000c4
3f5000000000000010
3f5400000000000240
3f5800000000000024
3f5c00000000000739
3f6000000000000031
3f6400000000000271
3f6800000000000009
3f6c00000000000001
3f7000000000000024
3f7400000000000d99
3f7800000000000040
3f7c000000000002d9
3f8000000000000090
3f8400000000000240
3f8800000000000019
3f8c00000000000090
3f9000000000000009
3f9400000000000f04
3f9800000000000144
3f9c000000000001e4
3fa000000000000004
3fa4000000000009c4
3fa8000000000001b9
3fac000000000002d9
3fb000000000000001
3fb400000000000f81
3fb800000000000001
3fbc00000000000484
3fc000000000000024
3fc400000000000691
3fc800000000000079
3fcc00000000001900
3fd000000000000090
3fd400000000000169
3fd800000000000010
3fdc000000000005f1
3fe000000000000001
3fe4000000000002a4
3fe800000000000001
3fec00000000000000
3ff000000000000010
3ff400000000000271
3ff8000000000000a9
7ffc00000000000240
